0,0,0,0
0.0005,1.19187445298671e-11,1.19187445298671e-11,1.19187445298671e-11
0.001,4.87297131197276e-11,4.87297131197276e-11,4.87297131197276e-11
0.0015,1.13108927207955e-10,1.13108927207955e-10,1.13108927207955e-10
0.002,2.08845256758216e-10,2.08845256758216e-10,2.08845256758216e-10
0.0025,3.40793954216894e-10,3.40791015342115e-10,3.4073205630607e-10
0.003,5.14820561946942e-10,5.14801710477546e-10,5.14423516594827e-10
0.0035,7.37736318698156e-10,7.37667408454191e-10,7.36284953834147e-10
0.004,1.01722563780008e-09,1.01703617504447e-09,1.01323526125511e-09
0.0045,1.36176607948028e-09,1.36132942077546e-09,1.35257009142181e-09
0.005,1.78054176655763e-09,1.77965056561499e-09,1.76177614224133e-09
0.0055,2.28335073160623e-09,2.28168682157798e-09,2.24832492350076e-09
0.006,2.88050731609539e-09,2.87760584538097e-09,2.81945886560777e-09
0.0065,3.58274016575629e-09,3.57794706822529e-09,3.4819595396228e-09
0.007,4.40108706257804e-09,4.39350969114579e-09,4.24191155852793e-09
0.0075,5.34678717893713e-09,5.33523718860274e-09,5.10445488482527e-09
0.008,6.43117206224758e-09,6.41410044630167e-09,6.07353802294192e-09
0.0085,7.66555595773498e-09,7.64097942778923e-09,7.15166926148183e-09
0.009,9.06112679470698e-09,9.02654553880804e-09,8.33967554728833e-09
0.0095,1.06288384438611e-08,1.05811446426218e-08,9.63647191236053e-09
0.01,1.23793055393062e-08,1.23146828498492e-08,1.10388463883829e-08
0.0105,1.43227014489269e-08,1.42365150934823e-08,1.25412701260399e-08
0.011,1.64686606100074e-08,1.63553384865838e-08,1.41357314062173e-08
0.0115,1.88336695984229e-08,1.87110913909738e-08,1.59858857927721e-08
0.012,2.14515663926443e-08,2.14201241110919e-08,1.86734788604312e-08
0.0125,2.43755246967868e-08,2.46838721919288e-08,2.32458591798963e-08
0.013,2.76766246544203e-08,2.87828820996174e-08,3.11836463157458e-08
0.0135,3.1443091219664e-08,3.40736599070593e-08,4.43820003347385e-08
0.014,3.57793856290463e-08,4.09848610054456e-08,6.51275473884915e-08
0.0145,4.08051544323022e-08,5.00127959525471e-08,9.60660949857715e-08
0.015,4.66540495420792e-08,6.17163384948009e-08,1.40164775204299e-07
0.0155,5.34724251701884e-08,7.67112095376589e-08,2.00662914698244e-07
0.016,6.14179284087688e-08,9.56637507673111e-08,2.81016834530317e-07
0.0165,7.07094783276012e-08,1.19504324976961e-07,3.86031542885385e-07
0.017,8.16985078204143e-08,1.4973157749667e-07,5.23483634607725e-07
0.0175,9.48815078229436e-08,1.88465133389973e-07,7.04363638683953e-07
0.018,1.10888984774975e-07,2.38397192360181e-07,9.42563997332962e-07
0.0185,1.30478916442085e-07,3.02763200664547e-07,1.25465031891534e-06
0.019,1.54529118629873e-07,3.8530779288908e-07,1.6595994958847e-06
0.0195,1.84028561307787e-07,4.90245822038671e-07,2.17846732294858e-06
0.02,2.20067744764403e-07,6.22219222155212e-07,2.834017063478e-06
0.0205,2.63828184961098e-07,7.862495187087e-07,3.65026787241432e-06
0.021,3.16571142180975e-07,9.87686919488482e-07,4.65200392172262e-06
0.0215,3.79762688363501e-07,1.23274172418205e-06,5.8673923311655e-06
0.022,4.55255032388831e-07,1.52925608647044e-06,7.33188917985638e-06
0.0225,5.45311330167003e-07,1.88680476704758e-06,9.08843439359927e-06
0.023,6.52567535404491e-07,2.31652605522544e-06,1.11861621438335e-05
0.0235,7.80006088705099e-07,2.83100263132115e-06,1.36793085427804e-05
0.024,9.30926683189632e-07,3.44412979026947e-06,1.66260327622303e-05
0.0245,1.10891425859186e-06,4.17097051509622e-06,2.00870475446077e-05
0.025,1.31780462637994e-06,5.0276001451e-06,2.41241616967112e-05
0.0255,1.56164790561055e-06,6.03094014449409e-06,2.87986325448785e-05
0.026,1.84467022952952e-06,7.19858417756352e-06,3.4169445902111e-05
0.0265,2.17149533250348e-06,8.549732238219e-06,4.02974663717937e-05
0.027,2.54747346662699e-06,1.01065828425892e-05,4.72520464733481e-05
0.0275,2.97871185994579e-06,1.18944470369779e-05,5.51106488290022e-05
0.028,3.47198538681763e-06,1.39413499286925e-05,6.39557091019839e-05
0.0285,4.03467022137657e-06,1.6277728892628e-05,7.38719497445761e-05
0.029,4.67467251101805e-06,1.89361106098598e-05,8.49436049694667e-05
0.0295,5.40035244264635e-06,2.19507659740026e-05,9.72514139711787e-05
0.03,6.22044464924912e-06,2.53573493439364e-05,0.000110869549408699
0.0305,7.14397537246544e-06,2.9192521239659e-05,0.000125862366590735
0.031,8.18017741628555e-06,3.34935616736236e-05,0.000142281141330475
0.0315,9.33882471710721e-06,3.82997614946764e-05,0.00016017008981012
0.032,1.06307409017866e-05,4.36545523945501e-05,0.000179576334241271
0.0325,1.20678278247257e-05,4.96055940406326e-05,0.000200549257823351
0.033,1.36629023483208e-05,5.6204046780924e-05,0.000223135734541192
0.0335,1.54295716002146e-05,6.3504005793337e-05,0.000247376342145817
0.034,1.73821018524977e-05,7.15619094162555e-05,0.000273301612908305
0.0345,1.95352816944465e-05,8.04359201353645e-05,0.000300928249616507
0.035,2.19042812076825e-05,9.01852898369557e-05,0.000330255425588328
0.0355,2.45045078601453e-05,0.000100869707910953,0.000361261154695107
0.036,2.73514609247899e-05,0.00011254864462577,0.000393898823870027
0.0365,3.0461197570315e-05,0.000125283243429028,0.000428106373195256
0.037,3.38510539027111e-05,0.000139139279032712,0.000463820886604678
0.0375,3.75396705203914e-05,0.000154187207017762,0.00050097943778169
0.038,4.15467417438082e-05,0.00017050106162227,0.000539514620831387
0.0385,4.58928231609596e-05,0.000188157595947482,0.000579351700347738
0.039,5.05991324589304e-05,0.000207235398106947,0.000620405938576575
0.0395,5.56873445175015e-05,0.000227813981081384,0.000662580142239316
0.04,6.11793833506451e-05,0.000249972863502739,0.00070576239949455
0.0405,6.70972119027289e-05,0.000273790639283322,0.000749824095363957
0.041,7.34626223672415e-05,0.000299344054009021,0.000794618156643074
0.0415,8.02978561039432e-05,0.000326710423854695,0.000839992370138292
0.042,8.76265709823531e-05,0.000355971460772085,0.000885809075677898
0.0425,9.54738709852607e-05,0.000387213311971477,0.000931948589654717
0.043,0.000103865964952939,0.000420525109287492,0.000978306236427842
0.0435,0.000112829906892485,0.000455997849624519,0.00102479115930128
0.044,0.000122393329970365,0.000493723258623646,0.00107132515769827
0.0445,0.000132584175411488,0.000533792634486388,0.00111784150112312
0.045,0.000143430419788476,0.000576295694179493,0.00116428370238807
0.0455,0.000154959801934012,0.000621319419179031,0.00121060418467751
0.046,0.000167199553012222,0.000668946923368019,0.00125676287672961
0.0465,0.000180177191264794,0.000719260376018634,0.00130274278966062
0.047,0.000193921764092729,0.00077234563922301,0.00134857261526737
0.0475,0.000208463891752048,0.000828292342055024,0.00139432966844991
0.048,0.000223835338542147,0.000887192166925018,0.00144013493413693
0.0485,0.000240068690660778,0.000949137549972272,0.00148614938643036
0.049,0.000257197028150784,0.00101422037427305,0.00153256987013321
0.0495,0.000275253592343786,0.00108253065211208,0.00157962410401684
0.05,0.000294271453165775,0.00115415522202229,0.00162756518388268
0.0505,0.000314283177703738,0.00122917645719353,0.00167666511926364
0.051,0.000335320504420103,0.00130767101092436,0.00172720788846596
0.0515,0.000357415324785052,0.0013897131471927,0.00177950337850545
0.052,0.000380601215197176,0.00147538001635042,0.00183390997812549
0.0525,0.000404913500652655,0.0015647517962987,0.00189083153499113
0.053,0.000430388740384533,0.00165790982831581,0.00195070410107456
0.0535,0.000457064345651159,0.00175493523088546,0.00201398393535067
0.054,0.000484978191533646,0.00185590751511133,0.00208113497373842
0.0545,0.000514168224309693,0.00196090319784864,0.00215261512223304
0.055,0.000544672069650459,0.00206999443966819,0.00222886214835943
0.0555,0.000576526643198319,0.00218324770433145,0.00231027865431186
0.056,0.000609767768769976,0.0023007224664058,0.00239721690574573
0.0565,0.000644431345755774,0.00242247478326636,0.0024899920444581
0.057,0.00068055516907641,0.00254856293506155,0.00258890746981577
0.0575,0.000718179011066744,0.00267904763696017,0.00269424754405198
0.058,0.000757344019557364,0.0028139901355114,0.00280625775452455
0.0585,0.00079809227311525,0.00295345081950614,0.00292512817264386
0.059,0.00084046632981108,0.0030974878388869,0.00305097735746745
0.0595,0.000884508771279042,0.00324615572867408,0.00318383671246527
0.06,0.000930261748223645,0.00339950406418184,0.00332363559883676
0.0605,0.000977766529134451,0.00355757614525623,0.00347018752920758
0.061,0.00102706305833947,0.00372040773489885,0.00362317752033005
0.0615,0.00107819129693662,0.00388803067444843,0.00378218466909599
0.062,0.00113119331510044,0.00406047857446747,0.00394672016196958
0.0625,0.00118611338534238,0.00423778707991578,0.00411622994857434
0.063,0.00124299728970203,0.00441999202246796,0.00429008417920032
0.0635,0.00130189180837241,0.00460712809460344,0.00446757285728462
0.064,0.00136284420152238,0.00479922753594012,0.00464790309668759
0.0645,0.00142590168633511,0.0049963188306666,0.00483019902061238
0.065,0.00149111091633799,0.00519842543940224,0.00501350331393405
0.0655,0.00155851746503998,0.00540556456527202,0.00519678163352815
0.066,0.00162816532089922,0.00561774597628124,0.00537892870108018
0.0665,0.00170009838459654,0.00583497548492317,0.00555880776464433
0.067,0.0017743628107826,0.00605726041143018,0.00573530428677728
0.0675,0.00185100710677385,0.00628460987906941,0.00590734807728761
0.068,0.00193008134993483,0.00651703309802364,0.00607392304094871
0.0685,0.00201163660987758,0.00675453815291742,0.00623408223858001
0.069,0.00209572436420792,0.00699713080487256,0.00638696345615858
0.0695,0.00218239591011149,0.00724481330961045,0.00653180576079629
0.07,0.00227170177972629,0.00749758327036022,0.00666796596186574
0.0705,0.00236369116158325,0.00775543252808238,0.00679493508385779
0.071,0.00245841133596643,0.00801834610633243,0.00691235412554553
0.0715,0.00255590931159397,0.00828630543632375,0.00702005424151668
0.072,0.00265623439168493,0.00855929340514549,0.00711810613774595
0.0725,0.00275943827740747,0.00883729466632211,0.00720683831138031
0.073,0.00286557420480353,0.0091202941063083,0.00728684169337879
0.0735,0.0029746963084723,0.00940827577823448,0.00735897310222396
0.074,0.00308685897990857,0.00970122185029779,0.00742435558928626
0.0745,0.00320211622302496,0.00999911157323093,0.00748437327803285
0.075,0.00332052101554671,0.0103019202801998,0.00754066248522852
0.0755,0.00344212467877832,0.0106096184244927,0.00759509620908509
0.076,0.00356697626428279,0.0109221706669162,0.0076497645503707
0.0765,0.00369512431388541,0.0112395388026054,0.00770698292917058
0.077,0.00382661962283758,0.0115616863217342,0.00776931075968497
0.0775,0.00396151535208755,0.0118885787280397,0.00783952251650296
0.078,0.00409986610131924,0.012220182204332,0.00792055891676053
0.0785,0.0042417272282116,0.0125564626993045,0.00801547378128073
0.079,0.00438715416381858,0.0128973850262067,0.00812737694092928
0.0795,0.00453620172675784,0.0132429119804293,0.00825936936911716
0.08,0.00468892344545671,0.0135930034841198,0.00841447522307457
0.0805,0.00484537089109414,0.0139476157656537,0.00859556756749518
0.081,0.00500559303028506,0.0143067005808418,0.00880529240089699
0.0815,0.00516963808959635,0.0146702078672008,0.00904605071907971
0.082,0.00533755648279336,0.0150380898556602,0.00932000643831891
0.0825,0.00550940093629877,0.0154103013887936,0.00962902300490895
0.083,0.00568522551725782,0.0157867987569953,0.00997457408000243
0.0835,0.00586508492363488,0.0161675389100165,0.0103576625260052
0.084,0.00604903377171758,0.0165524786744114,0.0107787428698674
0.0845,0.00623712588380591,0.0169415739858637,0.0112376486153705
0.085,0.00642941358570696,0.0173347791404872,0.0117335252793995
0.0855,0.00662594701675084,0.017732046074647,0.0122647724909594
0.086,0.00682677346170101,0.0181333236765291,0.0128289942337271
0.0865,0.00703193929427021,0.0185385602478587,0.0134230341207641
0.087,0.00724149302628972,0.0189477072976415,0.0140430507722848
0.0875,0.00745548544653171,0.0193607198450748,0.0146845298875912
0.088,0.00767396862026775,0.0197775553530955,0.0153422761705956
0.0885,0.00789699516221239,0.0201981730011905,0.0160104330961724
0.089,0.00812461750772389,0.0206225329559365,0.0166825149644895
0.0895,0.00835688718509757,0.0210505956492585,0.0173514606187887
0.09,0.00859385409878589,0.0214823210664995,0.0180096996390713
0.0905,0.00883556582631633,0.0219176680546681,0.0186492411213425
0.091,0.00908206693845953,0.0223565936525488,0.0192617743690388
0.0915,0.00933340098894097,0.0227990554782069,0.0198388177396204
0.092,0.00958961363478379,0.02324501540361,0.0203718886836188
0.0925,0.00985075278352719,0.0236944398237479,0.0208526641466727
0.093,0.0101168675770197,0.0241472985842373,0.0212731369264719
0.0935,0.0103880076553009,0.0246035642306647,0.0216257900474051
0.094,0.0106642224193219,0.0250632112472863,0.0219037747173507
0.0945,0.010945560295403,0.0255262152951565,0.0221010968204135
0.095,0.0112320680113429,0.0259925524521668,0.0222128021363824
0.0955,0.0115237898870152,0.0264621984652684,0.0222351617296889
0.096,0.0118207671490582,0.026935128017407,0.0221658504360916
0.0965,0.0121230399302802,0.027411317180654,0.0220040848443134
0.097,0.0124306504065377,0.0278907472067755,0.0217507354954175
0.0975,0.0127436429452495,0.0283734047503571,0.0214084533855413
0.098,0.0130620630849523,0.0288592806831315,0.0209817912579911
0.0985,0.0133859567972538,0.0293483692365628,0.020477290201025
0.099,0.0137153697483349,0.0298406671274871,0.0199035417841445
0.0995,0.0140503465629682,0.0303361726760769,0.019271208375978
0.1,0.0143909301009132,0.0308348849212656,0.0185930141612434
0.1005,0.0147371607485932,0.0313368027429781,0.017883684879316
0.101,0.0150890757355782,0.0318419239966912,0.0171598547482371
0.1015,0.0154467111087247,0.0323502481713162,0.0164399361220488
0.102,0.0158101048329234,0.0328617805255113,0.0157439635509572
0.1025,0.0161792969359225,0.0333765322668072,0.0150933555955567
0.103,0.0165543284975278,0.0338945191680871,0.0145106352143351
0.1035,0.0169352409194218,0.0344157605432045,0.0140190840005081
0.104,0.017322075195631,0.0349402782029243,0.0136423637990478
0.1045,0.0177148711866602,0.0354680953989432,0.0134040803868159
0.105,0.0181136669069309,0.0359992357654508,0.0133273232427491
0.1055,0.0185184978284728,0.0365337222659983,0.0134341574840803
0.106,0.0189293962101445,0.0370715761556998,0.0137451018498472
0.1065,0.0193463930164296,0.0376128199538607,0.0142787879883804
0.107,0.0197695209347952,0.0381574821022941,0.0150517069537632
0.1075,0.020198814516028,0.0387055971167084,0.0160777048970883
0.108,0.0206343091906501,0.0392572039617321,0.0173673964358405
0.1085,0.0210760405601487,0.0398123448349383,0.0189276384249696
0.109,0.0215240436902579,0.0403710639323581,0.0207610412704139
0.1095,0.0219783524092985,0.0409334062012994,0.0228658696379092
0.11,0.0224389986208074,0.0414994160950474,0.0252361328935414
0.1105,0.0229060116333813,0.0420691363352854,0.0278616743399617
0.111,0.0233794175165746,0.0426426066973546,0.0307282966105711
0.1115,0.0238592409388684,0.0432198673503704,0.0338179218441977
0.112,0.0243455080594793,0.0438009641169028,0.0371087849655319
0.1125,0.024838246666142,0.0443859486198813,0.040575658116343
0.113,0.0253374852379116,0.0449748764196878,0.0441901040216284
0.1135,0.0258432522727968,0.0455678056192828,0.0479207558355028
0.114,0.0263555756187925,0.0461647954552675,0.0517336207957799
0.1145,0.0268744818112384,0.0467659048787329,0.0555924048255623
0.115,0.0273999954251322,0.0473711911453702,0.05945885505624
0.1155,0.0279321384452375,0.047980708418814,0.0632931171103464
0.116,0.0284709296622074,0.0485945064070276,0.0670541038757378
0.1165,0.0290163864061985,0.0492126340480229,0.0706998724252685
0.117,0.0295685272737049,0.0498351453293939,0.0741880056889971
0.1175,0.0301273722640145,0.0504620994519342,0.0774759954691723
0.118,0.0306929419052941,0.0510935587759052,0.0805216234017282
0.1185,0.0312652566312756,0.0517295872917648,0.083283336511431
0.119,0.0318443361622897,0.0523702490835209,0.0857206140805462
0.1195,0.0324301988934451,0.0530156067870141,0.0877943226520881
0.12,0.0330228612978277,0.0536657200663315,0.0894670561172557
0.1205,0.0336223373474261,0.0543206441109499,0.0907036265421542
0.121,0.0342286379592478,0.0549804281767853,0.0914716043336742
0.1215,0.0348417726009609,0.055645119521865,0.0917415683967204
0.122,0.0354617518146896,0.0563147696274998,0.0914872227988662
0.1225,0.0360885873501992,0.0569894343923577,0.0906861734444318
0.123,0.0367222913661392,0.0576691719694166,0.089320949728634
0.1235,0.0373628758637091,0.0583540411701073,0.0873799410793513
0.124,0.0380103521251458,0.0590440998689025,0.0848582903268737
0.1245,0.0386647301596852,0.0597394034099144,0.0817581560398764
0.125,0.0393260181640126,0.0604400030404982,0.0780886683819699
0.1255,0.0399942219997713,0.0611459443739198,0.0738658146209863
0.126,0.0406693446947416,0.061857265905618,0.069112234409111
0.1265,0.0413513878974285,0.0625740030484027,0.0638569654990199
0.127,0.0420403541625894,0.0632961945110117,0.0581351347955175
0.1275,0.0427362470764154,0.0640238825285593,0.051987597880604
0.128,0.0434390705399316,0.0647571106936242,0.045460530582124
0.1285,0.0441488282634168,0.0654959223751653,0.0386049765535957
0.129,0.0448655232658482,0.0662403591457262,0.0314763551922266
0.1295,0.0455891573818858,0.0669904592187336,0.0241339345406093
0.13,0.0463197307824901,0.0677462559203383,0.0166402740926289
0.1305,0.0470572415116114,0.0685077761982887,0.00906064265361003
0.131,0.0478016850446602,0.0692750391913655,0.00146241658698769
0.1315,0.0485530555725064,0.0700480601891554,-0.00608553608646241
0.132,0.0493113480199281,0.0708268568848732,-0.0135134801863579
0.1325,0.0500765581579574,0.0716114496423523,-0.0207514408822014
0.133,0.0508486819739674,0.0724018594311191,-0.0277298286443252
0.1335,0.0516277152290757,0.0731981063433442,-0.0343800561300264
0.134,0.0524136530207938,0.0740002081257295,-0.0406351416108759
0.1345,0.053206489353298,0.07480817872934,-0.0464302937062879
0.135,0.0540062167204533,0.075622026898919,-0.0517034723926365
0.1355,0.0548128257038974,0.076441754805519,-0.0563959215043693
0.136,0.0556263045909504,0.0772673567426893,-0.0604526682311795
0.1365,0.0564466404751719,0.078098822843848,-0.0638229854405286
0.137,0.057273820988581,0.0789361449387139,-0.066460813014489
0.1375,0.0581078343989137,0.0797793168524793,-0.0683251347805807
0.138,0.0589486690708247,0.0806283325428168,-0.0693803080343094
0.1385,0.0597963130892446,0.0814831847861451,-0.0695963430925859
0.139,0.0606507538883366,0.0823438638830373,-0.0689491307780362
0.1395,0.0615119778882838,0.0832103563877119,-0.0674206162101779
0.14,0.062379970144025,0.0840826438783223,-0.0649989177662298
0.1405,0.063254714008101,0.0849607017738584,-0.0616783905675419
0.141,0.0641361908113872,0.0858444982128531,-0.0574596343428825
0.1415,0.0650243807750722,0.0867339973973321,-0.0523494460127
0.142,0.0659192644479388,0.0876291648404013,-0.046360717824653
0.1425,0.0668208227894458,0.0885299676881079,-0.0395122823459167
0.143,0.0677290367267484,0.08943637312592,-0.0318287060779197
0.1435,0.0686438868478258,0.0903483472795279,-0.0233400339002716
0.144,0.0695653531005818,0.0912658541355942,-0.0140814869689645
0.1445,0.0704934144999646,0.0921888544896849,-0.00409370116206659
0.145,0.0714280488461802,0.0931173049321767,0.00657683251282525
0.1455,0.0723692324559785,0.0940511568802073,0.0178772722564229
0.146,0.0733169399097665,0.094990355664912,0.0297479155585689
0.1465,0.0742711447760572,0.0959348434271026,0.0421224999498397
0.147,0.0752318207537017,0.0968845636360004,0.0549288740385604
0.1475,0.0761989417431546,0.0978394614184059,0.068089672270176
0.148,0.0771724815025112,0.0987994822577809,0.0815230464618955
0.1485,0.078152413413131,0.099764571118643,0.0951434275395596
0.149,0.0791387102513735,0.100734671588011,0.108862314495578
0.1495,0.0801313439682813,0.101709725043384,0.122589083390222
0.15,0.0811302854792294,0.102689669852056,0.136231809094708
0.1505,0.0821355044653109,0.103674440611952,0.149698092416174
0.151,0.0831469691881885,0.10466396743743,0.162895885251765
0.1515,0.0841646470316286,0.10565817839915,0.175734306491172
0.152,0.085188505354464,0.106657003305426,0.188124441522884
0.1525,0.0862185115514053,0.107660374018839,0.199980118397513
0.153,0.0872546328074959,0.108668223421704,0.211218653959584
0.1535,0.0882968359356057,0.109680484734631,0.221761563574428
0.154,0.0893450872197826,0.110697090846109,0.231535228446086
0.1545,0.0903993522660772,0.111717973664387,0.240471514941691
0.155,0.0914595958618358,0.112743063491444,0.2485083408037
0.1555,0.0925257818450212,0.113772288430861,0.255590183638918
0.156,0.0935978729843091,0.114805573828341,0.261668527617929
0.1565,0.0946758313442513,0.115842844316388,0.266702244895081
0.157,0.0957596188591185,0.11688402696199,0.270657908862233
0.1575,0.0968491973824646,0.11792905155052,0.273510036973669
0.158,0.0979445285347056,0.118977849748,0.275241261519019
0.1585,0.0990455736078058,0.120030354552572,0.275842427370177
0.159,0.100152293475222,0.121086499749106,0.275312616381051
0.1595,0.101264648508515,0.122146219379289,0.273659098769863
0.16,0.102382598500687,0.123209447223755,0.270897212456819
0.1605,0.103506102597597,0.124276116308895,0.267050171959705
0.161,0.104635119237326,0.125346158434372,0.262148809060821
0.1615,0.105769606347766,0.126419505940546,0.256231248045457
0.162,0.106909521656291,0.127496094419108,0.249342518869735
0.1625,0.108054822726026,0.128575862949162,0.241534112139466
0.163,0.109205466887743,0.129658753358535,0.232863480267259
0.1635,0.110361411204357,0.130744709728565,0.223393489618495
0.164,0.111522612439928,0.131833677893991,0.213191828854328
0.1645,0.112689027034438,0.132925604950325,0.202330379028416
0.165,0.113860611083523,0.134020438764398,0.190884551290907
0.1655,0.115037320324397,0.135118127500554,0.178932598296066
0.166,0.116219110126991,0.136218619158098,0.166554905597102
0.1665,0.117405935536579,0.137321863214526,0.153833269441941
0.167,0.118597751340373,0.138427813150707,0.140850167456263
0.1675,0.119794512089214,0.139536426633015,0.127688028714741
0.168,0.120996172103797,0.140647664767947,0.114428509658516
0.1685,0.122202685491106,0.141761491578837,0.1011520780189
0.169,0.123414006164708,0.142877873470999,0.0879377377643111
0.1695,0.124630087869992,0.143996778696793,0.0748631362385454
0.17,0.125850884212828,0.145118176817737,0.0620048541434253
0.1705,0.127076348692711,0.146242038175037,0.049438348403804
0.171,0.12830643473876,0.147368333365989,0.0372377704070674
0.1715,0.129541095614776,0.148497034920719,0.0254754412809996
0.172,0.130780284270564,0.149628119898398,0.0142211786452444
0.1725,0.132023953349973,0.150761570019153,0.00354169322611029
0.173,0.133272055261931,0.151897370818891,-0.00649998256148452
0.1735,0.134524542241997,0.153035511030289,-0.0158450292506414
0.174,0.135781366417211,0.154175981948197,-0.024439333724391
0.1745,0.137042479875211,0.155318776789151,-0.0322339373272671
0.175,0.138307834735465,0.156463890045527,-0.0391854350615089
0.1755,0.139577383223534,0.157611316843841,-0.0452563227022793
0.176,0.140851077746154,0.158761052308315,-0.0504152891502864
0.1765,0.142128870680248,0.159913093401141,-0.0546374518443029
0.177,0.143410714042117,0.161067441799153,-0.0579045335756871
0.1775,0.144696559484695,0.162224103987249,-0.0602049795774156
0.178,0.145986358424487,0.16338309025019,-0.0615340142965657
0.1785,0.147280062142172,0.164544413916256,-0.0618936377968506
0.179,0.148577621885999,0.165708090584581,-0.0612925622719527
0.1795,0.149878988978778,0.166874137343565,-0.0597460896763148
0.18,0.151184114925786,0.168042571985524,-0.0572759319931565
0.1805,0.15249295152439,0.169213412224721,-0.0539099761553411
0.181,0.153805450972667,0.170386674924634,-0.0496819961090589
0.1815,0.155121565565811,0.171562378177296,-0.044631314959105
0.182,0.156441247218852,0.172740544580265,-0.038802420554011
0.1825,0.157764447456381,0.173921201308028,-0.0322445382559669
0.183,0.159091117585857,0.175104378919139,-0.0250111649911614
0.1835,0.16042120883069,0.176290110454375,-0.0171595689880382
0.184,0.161754672465466,0.177478430521306,-0.00875025988155569
0.1845,0.163091459953955,0.178669374370228,0.000153565911253491
0.185,0.164431523086868,0.179862976971466,0.00948659945696526
0.1855,0.165774814119968,0.181059272098857,0.0191820079894151
0.186,0.16712128590949,0.18225829142997,0.0291720326994072
0.1865,0.168470891538919,0.183460066870154,0.0393885902775651
0.187,0.169823583730705,0.184664634235854,0.0497638728640268
0.1875,0.171179314830451,0.185872033321954,0.0602309411125304
0.188,0.172538037015422,0.187082306548715,0.070724305176665
0.1885,0.173899702451872,0.188295497941737,0.0811804885714569
0.189,0.175264263453687,0.189511652104049,0.0915385700523879
0.1895,0.176631672642862,0.190730813183197,0.101740698884422
0.19,0.178001883108498,0.191953023847361,0.111732579143289
0.1905,0.179374848564818,0.19317832427337,0.121463918997466
0.191,0.180750523504922,0.19440675116091,0.130888841259045
0.1915,0.18212886277919,0.195638340235642,0.139966251861701
0.192,0.183509820929829,0.196873130229297,0.148660163320801
0.1925,0.184893352169932,0.19811116295959,0.156939970650594
0.193,0.186279410614477,0.199352481884111,0.164780677652566
0.1935,0.187667950452231,0.200597131020734,0.172163071943283
0.194,0.189058926118066,0.201845153867922,0.179073847555442
0.1945,0.19045229246611,0.203096592326388,0.185505267017305
0.195,0.191848004940283,0.204351485638485,0.191454601216398
0.1955,0.193246019742639,0.205609869346988,0.196923371698823
0.196,0.194646293996131,0.206871774289474,0.201916474657627
0.1965,0.196048785294442,0.208137229155779,0.206441554593471
0.197,0.197453450991493,0.209406264559526,0.210508467431602
0.1975,0.198860248175172,0.210678913143512,0.214129064306527
0.198,0.200269133908013,0.211955208138888,0.217317116604135
0.1985,0.201680065404002,0.213235182306046,0.220088184727946
0.199,0.203093000204969,0.214518866883769,0.222459472012266
0.1995,0.204507896356952,0.215806290547693,0.224449665184291
0.2,0.205924712583061,0.217097478394481,0.226078762885718
0.2005,0.207343408453232,0.218392450953106,0.227367893858774
0.201,0.208763944547494,0.219691223239042,0.22833912648097
0.2015,0.210186281996301,0.220993807204921,0.229015271396914
0.202,0.211610381755888,0.222300215639597,0.22941967904349
0.2025,0.213036204577225,0.223610462305774,0.229576033896537
0.203,0.2144637112452,0.224924560616267,0.229508147282536
0.2035,0.215892862752236,0.226242522682098,0.229239750597804
0.204,0.217323620470893,0.227564358376326,0.228794290760374
0.2045,0.218755946325791,0.228890074415171,0.228194729686453
0.205,0.220189802961519,0.230219673470446,0.227463349534412
0.2055,0.221625153906857,0.231553153315383,0.22662156539534
0.206,0.223061963732084,0.232890506016827,0.22568974703085
0.2065,0.224500197598363,0.234231720110563,0.224687051166942
0.207,0.225939820548237,0.235576784053092,0.22363126574819
0.2075,0.227380797471744,0.236925686390468,0.222538667440311
0.208,0.228823093335481,0.238278414655809,0.221423893542481
0.2085,0.230266673347224,0.239634954601665,0.220299829334739
0.209,0.231711503119142,0.240995289453209,0.219177511741694
0.2095,0.233157548829916,0.242359399185171,0.218066050042976
0.21,0.234604777382599,0.243727259832039,0.216972564204719
0.2105,0.236053156558555,0.245098842835041,0.215902141246286
0.211,0.23750265516442,0.246474114434135,0.21485780989393
0.2115,0.238953242607601,0.247853037422409,0.213840533609538
0.212,0.240404888228172,0.249235573914835,0.212849221919464
0.2125,0.24185756126487,0.25062168553896,0.211880759807262
0.213,0.24331123106765,0.2520113326305,0.210930054776137
0.2135,0.244765867249284,0.253404473702548,0.209990101033677
0.214,0.24622143983527,0.254801064937338,0.209052060104086
0.2145,0.247677919412337,0.256201059705411,0.208105357033103
0.215,0.249135277272635,0.257604408115791,0.207137791219098
0.2155,0.250593485553936,0.259011056602599,0.206136258294971
0.216,0.252052517373033,0.260420947550343,0.205087732028252
0.2165,0.253512346441316,0.261834020531408,0.203980356309648
0.217,0.25497294645932,0.263250214238442,0.202804596732589
0.2175,0.256434291084883,0.264669466680736,0.201553556838913
0.218,0.257896354124063,0.266091714712929,0.20022292870771
0.2185,0.259359109666415,0.267516893759229,0.198811007156734
0.219,0.260822532218312,0.268944937558273,0.197318680838373
0.2195,0.262286596834554,0.270375777935535,0.195749400480677
0.22,0.263751279245713,0.271809344600562,0.194109124724165
0.2205,0.265216555981458,0.273245564976429,0.192406244199831
0.221,0.266682404487426,0.274684364057467,0.190651484681371
0.2215,0.268148802790431,0.276125665101333,0.188857790323454
0.222,0.26961572897059,0.277569390682676,0.187040188166403
0.2225,0.271083161132577,0.279015462875439,0.185215635244495
0.223,0.272551077570396,0.280463803101662,0.183402849778974
0.2235,0.274019456883152,0.281914332091444,0.181622128066527
0.224,0.275488278088597,0.283366969858371,0.179895148788512
0.2245,0.276957520734698,0.284821635699106,0.178244766564573
0.225,0.278427165007018,0.286278248208731,0.176694796655841
0.2255,0.279897191832162,0.287736725320848,0.17526979278697
0.226,0.281367582975191,0.289196984363088,0.173994820102488
0.2265,0.282838320759505,0.29065894224823,0.172895225300935
0.227,0.284309387624946,0.292122515725698,0.171996406000051
0.2275,0.285780766101881,0.293587621530478,0.171323581377789
0.228,0.287252438946194,0.295054176493973,0.170901566107445
0.2285,0.288724389232823,0.296522097687064,0.170754549561061
0.229,0.290196600446907,0.297991302571248,0.170905882194028
0.2295,0.291669056572761,0.299461709167642,0.171377870946055
0.23,0.293141742178907,0.300933236231352,0.172191585400336
0.2305,0.294614642499361,0.302405803441059,0.173366676334699
0.231,0.296087743509523,0.303879331590852,0.174921208176756
0.2315,0.297561031701969,0.305353742389335,0.176871506740954
0.232,0.299034493733301,0.30682895808971,0.179232023480056
0.2325,0.30050811640045,0.308304901590312,0.182015217328384
0.233,0.301981886744071,0.309781496715685,0.185231455050656
0.2335,0.303455792118552,0.31125866846696,0.188888930839802
0.234,0.304929820259639,0.31273634327209,0.192993605731452
0.2345,0.306403959349929,0.314214449245908,0.19754916722338
0.235,0.307878198080806,0.315692916445592,0.202557009306612
0.2355,0.309352525711095,0.317171677131363,0.208016122331841
0.236,0.310826932121115,0.318650666017991,0.213922957309816
0.2365,0.312301407642855,0.320129819834427,0.220271107726698
0.237,0.313775942793646,0.321609076582717,0.227050925241362
0.2375,0.315250528254628,0.323088375582147,0.234248770788255
0.238,0.316725154943371,0.324567657812315,0.241846126154152
0.2385,0.318199814061261,0.326046866186147,0.249819363581633
0.239,0.319674497138737,0.327525945815261,0.25813980574828
0.2395,0.321149196078622,0.329004844276804,0.266773959830843
0.24,0.322623903196542,0.330483511867882,0.275683875209238
0.2405,0.324098611258663,0.331961901856352,0.284827516933652
0.241,0.325573313515828,0.333439970714555,0.294159172513061
0.2415,0.327048003584223,0.334917677606262,0.303629888180919
0.242,0.328522675259624,0.336394983546275,0.313187930561734
0.2425,0.329997322498721,0.337871851388387,0.322779269468003
0.243,0.331471939464462,0.339348246126104,0.332348077401902
0.2435,0.332946520553879,0.3408241351105,0.341837241221353
0.244,0.334421060424162,0.34229948825505,0.351188881356291
0.2445,0.335895554017232,0.343774278234774,0.360344873928542
0.245,0.337369996582125,0.345248480668576,0.369247371137562
0.2455,0.33884438369543,0.346722074291636,0.377839315324141
0.246,0.340318711279153,0.34819504110751,0.386064942214169
0.2465,0.341792975525314,0.349667365951628,0.393870268973662
0.247,0.343267172779974,0.35113903579332,0.401203562873042
0.2475,0.344741299528216,0.352610039675768,0.408015786561325
0.248,0.346215352417641,0.354080368893482,0.414261016187415
0.2485,0.347689328271046,0.355550017098693,0.419896828873756
0.249,0.34916322409783,0.35701898039246,0.42488465634452
0.2495,0.350637037104357,0.358487257405466,0.429190101833548
0.25,0.352110764702854,0.359954849361652,0.43278321774327
0.2505,0.353584404519064,0.361421760129105,0.435638741891654
0.251,0.355057954398272,0.362887996252337,0.437736290566439
0.2515,0.356531412364129,0.364353566695773,0.439060507001025
0.252,0.358004776556758,0.365818482454113,0.439601164290849
0.2525,0.359478045221525,0.367282756458926,0.439353222179113
0.253,0.360951216717002,0.36874640359081,0.438316837552902
0.2535,0.362424289517331,0.370209440650193,0.436497328901101
0.254,0.36389726221381,0.371671886314205,0.43390509539073
0.2545,0.365370133515863,0.373133761081936,0.430555491614637
0.255,0.366842902251198,0.374595087206157,0.426468659447579
0.2555,0.368315567365309,0.376055888613326,0.421669318816265
0.256,0.369788127920165,0.377516190810876,0.416186519538735
0.2565,0.371260583074349,0.378976020848953,0.410053356716634
0.257,0.372732932054987,0.380435407297992,0.4033066524677
0.2575,0.374205174149389,0.381894380140482,0.395986607062659
0.258,0.375677308704105,0.383352970622741,0.388136422778411
0.2585,0.377149335121794,0.384811211102981,0.379801935745249
0.259,0.378621252857779,0.386269134890176,0.371031240911811
0.2595,0.38009306141643,0.387726776073564,0.361875030698831
0.26,0.381564760347267,0.389184169345395,0.352387224465322
0.2605,0.383036349240941,0.390641349816351,0.342625298060336
0.261,0.384507827725006,0.39209835282694,0.33265049794792
0.2615,0.38597919545007,0.393555214093427,0.322527455870666
0.262,0.387450452071866,0.395011969993393,0.312323523481964
0.2625,0.388921597244138,0.396468657461777,0.302108151968876
0.263,0.390392630615813,0.397925313733449,0.291952257737314
0.2635,0.391863551827364,0.39938197611614,0.281927579871258
0.264,0.39333436050737,0.400838681761398,0.27210603510796
0.2645,0.394805056269361,0.402295467431523,0.262559076050405
0.265,0.396275638708907,0.403752369268191,0.253357058267065
0.2655,0.397746107401033,0.405209422560478,0.244568621808445
0.266,0.399216461897907,0.406666661518318,0.236260092501333
0.2665,0.400686701704524,0.408124119502626,0.228494908166919
0.267,0.402156826245421,0.409581829452619,0.221333074650349
0.2675,0.403626834857224,0.411039823802181,0.214830656249371
0.268,0.405096726791759,0.412498134201101,0.209039304791453
0.2685,0.406566501217549,0.413956791286238,0.204005831235498
0.269,0.408036157222116,0.415415824459068,0.19977182326947
0.2695,0.409505693815104,0.416875261666586,0.196373311942755
0.27,0.410975109932132,0.418335129192215,0.193840489916009
0.2705,0.412444404439412,0.419795451453656,0.192197483435614
0.271,0.413913576139002,0.421256250814209,0.191462179649269
0.2715,0.41538262371747,0.42271754774998,0.191646110377891
0.272,0.416851545671363,0.424179361176913,0.192754392951594
0.2725,0.418320340298412,0.425641708397396,0.194785728208468
0.273,0.41978900571532,0.427104604907974,0.197732455248771
0.2735,0.421257539870912,0.42856806425393,0.201580662038372
0.274,0.422725940560744,0.430032097898151,0.206310350468263
0.2745,0.424194205443128,0.431496715101271,0.211895654005853
0.275,0.425662332056347,0.432961922818282,0.218305105622648
0.2755,0.427130317836979,0.434427725608713,0.22550195325563
0.276,0.42859816013909,0.435894125565027,0.233444519659802
0.2765,0.430065856139861,0.4373611222504,0.242086603140232
0.277,0.431533402698316,0.438828712653405,0.251377915316667
0.2775,0.433000796344686,0.44029689116659,0.261264551774925
0.278,0.434468033322184,0.441765649587933,0.271689491199383
0.2785,0.435935109618744,0.443234977139559,0.282593118361827
0.279,0.437402021000906,0.44470486050671,0.293913766165374
0.2795,0.438868763049685,0.446175283894907,0.305588271809444
0.28,0.44033533119797,0.447646229106737,0.317552542053582
0.2805,0.44180172076926,0.44911767563646,0.329742122514834
0.281,0.443267927017245,0.450589600782967,0.342092765935375
0.2815,0.444733944972962,0.452061979203909,0.354540994403881
0.282,0.446199769212046,0.453534782247689,0.367024650604829
0.2825,0.447665393841786,0.455007977957246,0.379483433303617
0.283,0.449130812575866,0.456481531351499,0.391859412450344
0.2835,0.450596018791332,0.457955404669122,0.404097519499659
0.284,0.452061005588299,0.459429557635445,0.416146008795922
0.2845,0.45352576585214,0.460903947752093,0.427956380365704
0.285,0.454990292317334,0.462378530605342,0.439483056704779
0.2855,0.456454577632694,0.463853260193073,0.450682961741671
0.286,0.457918614427125,0.465328089265256,0.461515025756373
0.2865,0.459382395083457,0.46680296838206,0.47194009275175
0.287,0.460845911390548,0.468277844442504,0.481920985972108
0.2875,0.462309154527119,0.469752660699535,0.491422749746524
0.288,0.463772115177365,0.47122735737028,0.500412972984982
0.2885,0.465234783618777,0.472701872134344,0.508862061644898
0.289,0.466697149813189,0.47417614065452,0.516743484253521
0.2895,0.46815920350067,0.475650097121462,0.524033988515905
0.29,0.469620934295005,0.477123674812102,0.530713787308396
0.2905,0.471082331780375,0.478596806663571,0.536766712640916
0.291,0.472543385607947,0.480069425851406,0.54218033646505
0.2915,0.474004085182474,0.481541464302978,0.546946057506394
0.292,0.475464419177394,0.483012850346906,0.551059153606152
0.2925,0.476924375514003,0.484483508721091,0.554518799365713
0.293,0.478383941524424,0.485953361513707,0.55732804919624
0.2935,0.479843104074714,0.487422328908376,0.559493786180418
0.294,0.481301849691585,0.488890329947539,0.561026637452733
0.2945,0.482760164692201,0.490357283317424,0.561940857095405
0.295,0.484218035315345,0.491823108138442,0.56225417782692
0.2955,0.48567544785339,0.493287724764471,0.561987633026473
0.296,0.487132388783325,0.494751055574118,0.561165350888472
0.2965,0.48858884435393,0.496213022964396,0.559814322734278
0.297,0.490044799944898,0.497673546165073,0.557964147721784
0.2975,0.491500240039804,0.499132541220461,0.555646756385442
0.298,0.492955148441631,0.500589922215501,0.552896115608413
0.2985,0.494409508434641,0.502045602224231,0.549747917773347
0.299,0.49586330295018,0.503499494269515,0.546239256957744
0.2995,0.497316514735724,0.504951512298766,0.542408295133086
0.3,0.49876912652493,0.506401572154825,0.538293921393288
0.3005,0.500221121207982,0.507849592546571,0.533935407277182
0.301,0.50167248199996,0.509295495998094,0.52937206126144
0.3015,0.503123191918955,0.510739206417113,0.524642885484861
0.302,0.504573232974274,0.51218064523132,0.519786237722395
0.3025,0.506022586132048,0.513619731327441,0.514839501558479
0.303,0.507471231587528,0.515056382477399,0.509838767614783
0.3035,0.50891914896858,0.51649051641841,0.50481852856854
0.304,0.510366317543382,0.517922051936016,0.499811390555332
0.3045,0.511812716431482,0.519350909955211,0.494847803386076
0.305,0.513258324815398,0.520777014616265,0.489955811823548
0.3055,0.514703122151905,0.522200294340012,0.48516082996087
0.306,0.516147088380173,0.523620682859385,0.480485440524987
0.3065,0.517590203284352,0.525038116509544,0.475949220694204
0.307,0.519032445500582,0.52645252992775,0.471568595772639
0.3075,0.520473792474741,0.527863855939035,0.467357242076549
0.308,0.521914220794794,0.529272027073566,0.463326735248113
0.3085,0.523353706438206,0.530676976691812,0.459487330133561
0.309,0.524792225023762,0.532078640104438,0.455848820964952
0.3095,0.526229752066798,0.533476955691532,0.452420844008241
0.31,0.527666263234418,0.534871865997641,0.449212947251924
0.3105,0.529101734599676,0.536263318806618,0.446234554986235
0.311,0.530536142891305,0.537651268173427,0.443494862777741
0.3115,0.531969464737504,0.53903567160859,0.441002753235875
0.312,0.533401675486263,0.540416485623333,0.438766715184231
0.3125,0.53483274915522,0.541793665559101,0.436794766925882
0.313,0.536262658826132,0.543167167083434,0.435094384250702
0.3135,0.537691376937617,0.544536947274707,0.433672433785875
0.314,0.539118875582423,0.545902965695035,0.432535112239114
0.3145,0.540545126808041,0.547265185454452,0.431687892027899
0.315,0.541970102916616,0.548623574245095,0.431135473727914
0.3155,0.543393776762987,0.549978105347728,0.43088174571038
0.316,0.544816122046805,0.55132875859039,0.430929751271634
0.3165,0.546237112437158,0.552675517593748,0.431281663489842
0.317,0.547656720205239,0.554018365431841,0.431938767973644
0.3175,0.54907491616639,0.555357284411132,0.432901453596557
0.318,0.550491670137057,0.556692257449257,0.434169211239627
0.3185,0.551906951272989,0.558023269050681,0.435740640493891
0.319,0.553320728411928,0.5593503062669,0.437613464204151
0.3195,0.554732970419439,0.560673359641953,0.43978455066716
0.32,0.556143646533224,0.561992424126181,0.44224994323101
0.3205,0.557552726704565,0.563307499958174,0.445004896978956
0.321,0.558960181932269,0.56461859349912,0.448043922120653
0.3215,0.560365983270347,0.565925714669173,0.451360833657271
0.322,0.561770100276353,0.56722887293323,0.454948806834693
0.3225,0.563172500945474,0.568528077042741,0.458800437851482
0.323,0.564573152228405,0.569823336236324,0.462907809245763
0.3235,0.565972020413592,0.571114661067266,0.467262559348107
0.324,0.56736907151379,0.57240206421548,0.471855955156123
0.3245,0.56876427165542,0.573685561282027,0.476678967960966
0.325,0.570157587465468,0.5749651715543,0.481722351036656
0.3255,0.571548986454427,0.57624091873916,0.48697671868998
0.326,0.572938437390073,0.577512831653436,0.492432625961919
0.3265,0.574325909192953,0.578780941921462,0.49808064827109
0.327,0.575711369207953,0.580045280396375,0.503911460295462
0.3275,0.577094783130162,0.581305876883093,0.509915913400554
0.328,0.578476115580277,0.582562761145505,0.516085110940379
0.3285,0.579855330528093,0.583815963583346,0.522410082211812
0.329,0.581232391720028,0.585065515897015,0.528881287796437
0.3295,0.582607263108999,0.586311451735814,0.535487848386475
0.33,0.583979909280854,0.587553807322866,0.542216650185034
0.3305,0.585350295875689,0.58879262205145,0.54905199108475
0.331,0.586718389998347,0.590027939047164,0.555975459656643
0.3315,0.588084159009161,0.591259803124476,0.56296604078629
0.332,0.589447568630606,0.592488257635812,0.570000353471737
0.3325,0.59080858286486,0.593713344195873,0.577052879911275
0.333,0.592167164621919,0.594935103528251,0.584096211767744
0.3335,0.593523276180574,0.596153576025927,0.591101311304421
0.334,0.594876879653063,0.597368802306121,0.598037784973168
0.3345,0.596227937451579,0.59858082375277,0.604874166943431
0.335,0.597576412750333,0.599789683044009,0.611578209991466
0.3355,0.598922269941382,0.600995424657366,0.618117181123274
0.336,0.600265475078021,0.602198095350845,0.624458159282417
0.3365,0.601605994570994,0.603397742305469,0.630568332495152
0.337,0.602943793146342,0.604594410279206,0.636415291829964
0.3375,0.604278833755039,0.605788141350798,0.641967319596272
0.338,0.605611078248034,0.606978975680061,0.64719366927714
0.3385,0.60694048787034,0.608166952016159,0.652064834782562
0.339,0.608267023758408,0.60935210820828,0.656552806722224
0.3395,0.609590647438826,0.61053448171067,0.660631313528546
0.34,0.610911321321612,0.611714110081539,0.664276045410858
0.3405,0.612229009186185,0.612891031467425,0.667464859288399
0.341,0.613543676653409,0.614065285072924,0.670177963031736
0.3415,0.614855289800011,0.615236909360177,0.672398077537592
0.342,0.616163812987535,0.616405939294296,0.674110575368996
0.3425,0.617469208764964,0.617572406119564,0.675303594909303
0.343,0.618771438584106,0.618736338134487,0.675968129202934
0.3435,0.62007046332198,0.619897761229349,0.676098088885624
0.344,0.621366243806038,0.621056699434346,0.675690338840511
0.3445,0.622658741340152,0.622213175469929,0.674744708451367
0.345,0.623947918224271,0.623367211298654,0.673263975558698
0.3455,0.625233738265722,0.62451882867,0.671253824456116
0.346,0.626516167275219,0.62566804965736,0.668722778491422
0.3465,0.6277951716142,0.626814894754949,0.665682108057137
0.347,0.629070715917807,0.627959379953142,0.662145714967011
0.3475,0.630342762991667,0.629101516552207,0.658129994416354
0.348,0.631611274560268,0.63024131206034,0.653653675913358
0.3485,0.632876211812269,0.631378770843533,0.648737644744156
0.349,0.634137535948141,0.632513894792776,0.643404745694867
0.3495,0.635395208727951,0.633646684000869,0.637679570897913
0.35,0.636649193011953,0.634777137445556,0.631588233796387
0.3505,0.637899453291814,0.635905253671257,0.625158568472471
0.351,0.639145956205325,0.637031031465639,0.618420500590592
0.3515,0.640388669032641,0.638154467695307,0.611406710512533
0.352,0.641627557338253,0.639275553952656,0.604153422037109
0.3525,0.642862584863071,0.640394276403747,0.59670045490175
0.353,0.6440937142976,0.641510616903618,0.589090959659729
0.3535,0.645320907844146,0.642624553826913,0.581371053250792
0.354,0.646544127780779,0.643736062919836,0.573589368753505
0.3545,0.647763337024799,0.644845118167199,0.565796602035313
0.355,0.648978499688141,0.645951692666745,0.558045043547719
0.3555,0.65018958162251,0.647055759504568,0.550388099516524
0.356,0.651396550946902,0.648157292623095,0.542879806839206
0.3565,0.652599376509415,0.649256264269276,0.535574346025081
0.357,0.6537980254744,0.650352641008702,0.528525556498979
0.3575,0.65499246321081,0.65144638359645,0.521786458536126
0.358,0.656182654081266,0.652537448371515,0.51540878600555
0.3585,0.657368562014558,0.653625788308585,0.50944253397274
0.359,0.658550151079302,0.654711354091592,0.503935525050755
0.3595,0.659727386056417,0.655794095204812,0.498932998194327
0.36,0.660900233002775,0.656873961027976,0.494477223405599
0.3605,0.662068659803744,0.657950901931201,0.490607145565242
0.361,0.663232636707216,0.659024870355488,0.487358060321332
0.3615,0.664392134767963,0.660095817804792,0.484761324663081
0.362,0.665547123406788,0.661163690118344,0.482844104480377
0.3625,0.666697570296029,0.6622284273477,0.481629161065947
0.363,0.667843442155217,0.663289965447192,0.48113467815811
0.3635,0.668984705327041,0.664348237550963,0.481374130751794
0.364,0.670121326353858,0.66540317526858,0.482356196527068
0.3645,0.671253272552345,0.666454709996998,0.484084710361325
0.365,0.672380512578694,0.667502774229616,0.486558662006906
0.3655,0.67350301698198,0.668547302860104,0.489772236633675
0.366,0.674620758738362,0.669588234461187,0.493714897559339
0.3665,0.675733711695037,0.670625507824319,0.498371510122348
0.367,0.676841848128399,0.671659056499485,0.503722505296213
0.3675,0.677945138627677,0.672688808659368,0.509744081303167
0.368,0.679043552888033,0.673714689053701,0.516408441162067
0.3685,0.680137060283307,0.674736620477961,0.523684063803096
0.369,0.681225630438738,0.675754525254329,0.53153600610265
0.3695,0.68230923380121,0.676768326724338,0.539926232938128
0.37,0.683387842199543,0.677777950729148,0.548813972136149
0.3705,0.684461429392416,0.678783327076589,0.558156090990894
0.371,0.685529971596724,0.679784390970735,0.567907490863285
0.3715,0.686593445948028,0.680781079176278,0.578021516237797
0.372,0.687651828084363,0.681773323954523,0.588450374512802
0.3725,0.688705092029236,0.682761052896937,0.599145562733179
0.373,0.689753210973513,0.683744191067382,0.610058297440684
0.3735,0.690796157838729,0.684722662596776,0.621139928546119
0.374,0.691833905839864,0.685696392281778,0.632342342376027
0.3745,0.692866429045097,0.686665307187759,0.643617660511464
0.375,0.693893702925248,0.687629338229108,0.654917638060934
0.3755,0.694915704890509,0.688588421726674,0.66619321022418
0.376,0.695932414807449,0.689542500915648,0.677394078294103
0.3765,0.696943813492263,0.690491521872482,0.688468957038336
0.377,0.697949880345804,0.691435427073828,0.699366111977416
0.3775,0.698950593237377,0.692374155186624,0.710033824938104
0.378,0.699945929267406,0.693307643291588,0.72042085598877
0.3785,0.700935865315671,0.694235828517795,0.730476897699698
0.379,0.701920378588526,0.695158649672548,0.7401530177692
0.3795,0.702899447162613,0.696076048866747,0.74940208618876
0.38,0.703873050518071,0.696987973108279,0.758179183285517
0.3805,0.704841170058827,0.697894375862953,0.766441985176756
0.381,0.705803789613246,0.698795218556271,0.774151123396509
0.3815,0.706760893975342,0.699690466437382,0.781270515706818
0.382,0.707712466614764,0.700580082046101,0.78776766538319
0.3825,0.708658489562783,0.701464024954063,0.793613926562668
0.383,0.709598944148416,0.702342253951469,0.798784733560891
0.3835,0.710533811526443,0.703214728630626,0.803259792398676
0.384,0.711463073203933,0.704081410957218,0.807023233125822
0.3845,0.71238671156287,0.704942266828414,0.810063721886963
0.385,0.713304710372176,0.705797267592375,0.812374532038046
0.3855,0.714217055286776,0.7066463915274,0.81395357398922
0.386,0.715123734327305,0.707489625256485,0.814803383817215
0.3865,0.716024736482788,0.70832695972854,0.814931071054514
0.387,0.716920049516777,0.709158383886302,0.814348226420516
0.3875,0.717809659856681,0.709983884361717,0.813070790608349
0.388,0.718693553296717,0.710803447517751,0.811118885577038
0.3885,0.719571715500976,0.711617060901526,0.808516610119445
0.389,0.720444132504612,0.712424714680158,0.80529180177907
0.3895,0.72131079121074,0.713226403056461,0.801475767470924
0.39,0.722171679876807,0.714022125643255,0.797102985420845
0.3905,0.723026788588051,0.71481188879249,0.792210781271766
0.391,0.723876109712122,0.715595706859448,0.786838981412692
0.3915,0.724719636574761,0.716373598455216,0.781029546764735
0.392,0.725557361380314,0.717145580563868,0.774826190407366
0.3925,0.726389275105282,0.717911668203416,0.768273982545683
0.393,0.727215368162213,0.718671876243774,0.761418946405446
0.3935,0.728035630873649,0.719426220675944,0.754307648696115
0.394,0.728850053943854,0.720174719862345,0.746986788303133
0.3945,0.729658628925946,0.720917395762904,0.739502786859083
0.395,0.730461348678678,0.721654275121303,0.731901384799621
0.3955,0.731258207810531,0.722385390605067,0.724227246434794
0.396,0.732049203105648,0.723110781885466,0.716523577460343
0.3965,0.73283433228201,0.723830492261961,0.708831758198212
0.397,0.733613592041408,0.724544563388888,0.701190995691888
0.3975,0.734386977967906,0.725253034919554,0.69363801720838
0.398,0.735154485147782,0.725955946064543,0.686206796383246
0.3985,0.735916108610917,0.726653336658667,0.678928982503727
0.399,0.736671843769697,0.727345248211127,0.671834639580765
0.3995,0.737421686853111,0.728031724930976,0.664952880935117
0.4,0.738165635330805,0.728712814718214,0.658312489646891
0.4005,0.738903688324814,0.729388570111727,0.651941876558026
0.401,0.739635847004011,0.730059049185896,0.645868754291839
0.4015,0.740362113432279,0.730724312577468,0.640119892728949
0.402,0.741082488759852,0.731384418866814,0.6347208846481
0.4025,0.74179697312735,0.732039424225772,0.629695923528296
0.403,0.742505566238089,0.732689383729408,0.625067595386277
0.4035,0.743208267764398,0.733334352240319,0.62085668638534
0.404,0.74390507775126,0.733974385281528,0.617082007799192
0.4045,0.744595997015066,0.734609539887747,0.613760239749251
0.405,0.745281027532735,0.735239875430679,0.610905794957357
0.4055,0.745960172819041,0.735865454407451,0.608530703569579
0.406,0.746633438287692,0.736486343189016,0.606644519912736
0.4065,0.747300830195031,0.737102609405972,0.605254251844877
0.407,0.747962353981492,0.737714317909035,0.60436431315631
0.4075,0.748618014181899,0.738321530440568,0.603976499270596
0.408,0.749267814947744,0.738924306758251,0.604089986287032
0.4085,0.749911760416892,0.739522705389862,0.604701353199517
0.409,0.750549855080527,0.740116784384178,0.605804626922975
0.4095,0.751182104145185,0.740706602046265,0.607391349559628
0.41,0.75180851388571,0.741292217656469,0.609450667145009
0.4105,0.752429091987044,0.741873692160889,0.61196943892933
0.411,0.753043847870931,0.742451088833394,0.614932366075313
0.4115,0.753652791738701,0.743024470913351,0.618322138490222
0.412,0.754255933068371,0.743593897967064,0.622119598359053
0.4125,0.754853280531858,0.744159425598684,0.626303918808843
0.413,0.755444842466006,0.744721106477513,0.630852796011939
0.4135,0.756030627205025,0.74527899103906,0.635742652929855
0.414,0.75661064341014,0.745833128190472,0.640948852809782
0.4145,0.757184900394385,0.746383566008057,0.646445920473638
0.415,0.757753408438962,0.746930352427609,0.652207769385235
0.4155,0.758316179099118,0.747473535914991,0.658207932445012
0.416,0.758873225496212,0.748013166117943,0.664419794444095
0.4165,0.759424561461099,0.748549291607541,0.670816824110137
0.417,0.759970200189185,0.749081956396569,0.6773728036964
0.4175,0.760510154165013,0.749611199698488,0.684062054102449
0.418,0.761044435581831,0.750137056964918,0.690859653569355
0.4185,0.761573056636772,0.750659560616366,0.697741648063605
0.419,0.762096029823276,0.751178740784667,0.704685251551463
0.4195,0.762613368218788,0.751694626055383,0.71166903446826
0.42,0.763125085764666,0.7522072442098,0.718673098804078
0.4205,0.763631197536404,0.752716622954696,0.725678946650982
0.421,0.764131720001314,0.753222790639326,0.732669211693656
0.4215,0.764626670262054,0.753725773941571,0.739626618372978
0.422,0.765116064868881,0.754225594283155,0.746532605450764
0.4225,0.765599919751809,0.75472226763682,0.753367151480161
0.423,0.766078250589291,0.755215805674108,0.760109087209945
0.4235,0.766551073066699,0.755706216600124,0.766736296058909
0.424,0.767018403132113,0.756193506005017,0.773225921463213
0.4245,0.767480257247547,0.756677677721853,0.779554579212443
0.425,0.767936652633097,0.757158734687312,0.785698572859981
0.4255,0.768387607502193,0.757636679794931,0.791634110280394
0.426,0.768833141285635,0.75811151673684,0.79733751945069
0.4265,0.769273273973036,0.758583247497142,0.802785461553496
0.427,0.769708025078833,0.75905186844073,0.807955139538001
0.4275,0.770137413581962,0.759517370160467,0.81282450032855
0.428,0.770561458244942,0.759979738808771,0.817372428940374
0.4285,0.770980177836684,0.760438957086816,0.821578932846463
0.429,0.771393591352718,0.760895005252095,0.825425315038065
0.4295,0.771801718231062,0.761347862136092,0.828894334332861
0.43,0.772204578561742,0.761797506163793,0.831970351608344
0.4305,0.772602193288236,0.762243916366923,0.834639460772221
0.431,0.77299458439903,0.762687073382012,0.836889603425429
0.4315,0.773381774363368,0.763126956663694,0.838710666325273
0.432,0.773763785245433,0.763563540106872,0.840094560914955
0.4325,0.774140638651349,0.76399679191907,0.841035284349716
0.433,0.774512356000632,0.764426676167499,0.841528961617664
0.4335,0.774878958714841,0.764853153938649,0.841573868523521
0.434,0.775240468403784,0.765276184514131,0.841170435474384
0.4345,0.775596907047628,0.765695726556812,0.84032123217684
0.435,0.775948297173397,0.766111739293862,0.839030933522683
0.4355,0.776294662024237,0.766524183690807,0.837306267104765
0.436,0.776636025720091,0.766933023602675,0.835155942963622
0.4365,0.776972412783207,0.767338222689209,0.832590566318159
0.437,0.777303847393309,0.767739739543832,0.829622534178529
0.4375,0.77763035334175,0.768137527572705,0.826265916875126
0.438,0.777951954257901,0.768531536739726,0.822536325663336
0.4385,0.778268673765584,0.768921714873971,0.81845076767813
0.439,0.778580535637256,0.769308008987824,0.814027489614973
0.4395,0.778887563944386,0.769690366601956,0.809285811602953
0.44,0.779189783202953,0.770068737059244,0.804245952811855
0.4405,0.779487218512555,0.770443072823677,0.798928850396504
0.441,0.779779895688195,0.770813330746109,0.793355973428711
0.4415,0.780067840870375,0.771179468738913,0.787549133499173
0.442,0.780351079913078,0.771541440508388,0.781530293688636
0.4425,0.780629638344922,0.771899195422054,0.775321512492483
0.443,0.780903541553476,0.7722526803867,0.768944945415141
0.4435,0.781172814911756,0.772601841245787,0.762423432334713
0.444,0.781437483902677,0.772946624179547,0.755781333304387
0.4445,0.781697574239991,0.773286977105383,0.749045048373379
0.445,0.781953111985072,0.773622851057766,0.742243414989995
0.4455,0.782204123658119,0.773954201544973,0.735407595194199
0.446,0.782450636343256,0.774280989862004,0.728570722127733
0.4465,0.782692677377725,0.77460317964983,0.721767587731289
0.447,0.782930273863957,0.77492073143741,0.715034318109855
0.4475,0.783163452637547,0.775233602482486,0.708408039528052
0.448,0.78339224041268,0.775541748681144,0.701926538058139
0.4485,0.783616663881055,0.775845125971821,0.69562791593694
0.449,0.78383674980896,0.776143691732983,0.689550247694377
0.4495,0.784052525131134,0.776437406172614,0.683731239095516
0.45,0.784264017041143,0.776726233688131,0.678207891890518
0.4505,0.784471253076941,0.777010144194436,0.673016177293314
0.451,0.784674261201448,0.777289114399342,0.668190721010895
0.4515,0.784873069565319,0.777563124419546,0.663764502522021
0.452,0.78506770613429,0.777832152413774,0.659768571158107
0.4525,0.785258198663724,0.778096174389062,0.656231781371484
0.453,0.785444574808191,0.778355166021279,0.653180549388902
0.4535,0.785626862195073,0.77860910397152,0.650638633242676
0.454,0.785805088496463,0.77885796718773,0.648626937950417
0.4545,0.785979281498146,0.779101738189202,0.647163347378758
0.455,0.786149469165679,0.779340404314636,0.646262584079142
0.4555,0.786315679706376,0.779573958930766,0.645936098126881
0.456,0.786477941627318,0.779802402583323,0.646191985730567
0.4565,0.786636283566428,0.780025739859461,0.647034938110046
0.457,0.786790734026719,0.78024397442053,0.648466220869818
0.4575,0.786941321357027,0.780457108774298,0.650483683823438
0.458,0.787088073828501,0.780665145888087,0.653081800955602
0.4585,0.787231019684808,0.780868090329121,0.656251739944475
0.459,0.787370187190786,0.781065949383763,0.659981460409757
0.4595,0.7875056046784,0.781258734151888,0.664255839804233
0.46,0.787637300590351,0.781446460601471,0.669056825630187
0.4605,0.78776530352021,0.781629150578933,0.674363612439126
0.461,0.787889642249511,0.781806832761727,0.680152841865612
0.4615,0.788010345642472,0.781979539941788,0.686398823755351
0.462,0.788127442479782,0.782147304740049,0.693073776275622
0.4625,0.788240961445123,0.782310159353675,0.700148082743999
0.463,0.788350931170821,0.782468136866432,0.70759056278035
0.4635,0.788457380266247,0.78262127214593,0.715368755278274
0.464,0.78856033734475,0.78276960271664,0.723449210606246
0.4645,0.788659831048106,0.782913169602839,0.731797789386406
0.465,0.788755890069082,0.783052018132779,0.740379965160493
0.4655,0.788848543171107,0.783186198697497,0.749160739165364
0.466,0.788937819205735,0.783315767457138,0.758104392317389
0.4665,0.789023747067357,0.783440784174993,0.767173686847355
0.467,0.789106355620776,0.783561308821073,0.776328828970965
0.4675,0.789185673693154,0.783677401310588,0.785527523077219
0.468,0.789261730090567,0.783789122455589,0.794725478094601
0.4685,0.789334553605774,0.783896534584958,0.80387681868484
0.469,0.78940417302459,0.783999702140778,0.812934507374044
0.4695,0.78947061712992,0.784098692242897,0.821850773807768
0.47,0.789533914704326,0.784193575219967,0.830577547281928
0.4705,0.789594094530225,0.784284425098141,0.839066888701156
0.471,0.789651185388626,0.784371320047214,0.847271418149834
0.4715,0.789705216071538,0.784454340828497,0.85514473432824
0.472,0.789756215399645,0.784533568385704,0.862641822205987
0.4725,0.789804212219459,0.784609083595259,0.869719445376268
0.473,0.789849235391898,0.78468096785167,0.876336519755812
0.4735,0.789891313780169,0.784749303414372,0.882454465465339
0.474,0.789930476236254,0.784814173735059,0.888037533941748
0.4745,0.789966751585189,0.784875663755205,0.893053107574169
0.475,0.790000168608215,0.784933860178751,0.897471969419097
0.4755,0.790030756024035,0.784988851709154,0.901268540832495
0.476,0.790058542469277,0.785040729257056,0.904421085156541
0.4765,0.790083556567884,0.785089584990072,0.906911875912601
0.477,0.790105827037599,0.785135510886597,0.908727328277378
0.4775,0.790125382692279,0.785178598519214,0.909858092952874
0.478,0.790142252402849,0.785218939314568,0.910299111879916
0.4785,0.790156465065495,0.785256624667483,0.910049635586425
0.479,0.790168049568405,0.785291746042358,0.909113202302353
0.4795,0.790177034756353,0.78532439505003,0.907497579310288
0.48,0.790183449394465,0.785354663510431,0.905214667331076
0.4805,0.790187322130479,0.785382643488992,0.902280369064721
0.481,0.790188681456845,0.785408427317949,0.898714423315377
0.4815,0.790187555838041,0.785432107166494,0.89454020642292
0.482,0.79018397390724,0.785453774419947,0.889784502999807
0.4825,0.790177964473807,0.785473519514547,0.884477248228463
0.483,0.790169556456114,0.785491431951555,0.878651244209096
0.4835,0.790158778829564,0.78550760024665,0.872341853058754
0.484,0.790145660573023,0.785522111874679,0.865586669647904
0.4845,0.790130230613113,0.785535053197372,0.858425177019366
0.485,0.790112517767906,0.785546509387632,0.850898387664926
0.4855,0.790092550689464,0.78555656433803,0.843048473936354
0.486,0.790070357806793,0.785565300567436,0.834918390939264
0.4865,0.790045967513789,0.785572799178887,0.826551495299802
0.487,0.790019408460211,0.78557913984457,0.817991163205455
0.4875,0.789990709564454,0.785584400704014,0.809280411102362
0.488,0.78995989991669,0.785588658234465,0.800461522382917
0.4885,0.789927008705469,0.785591987117107,0.791575683319639
0.489,0.789892065142549,0.785594460106396,0.78266263139541
0.4895,0.789855098385503,0.785596147890577,0.773760986778858
0.49,0.789816137459906,0.785597118957887,0.764908878859263
0.4905,0.789775211180676,0.785597439456771,0.756144518662779
0.491,0.789732348074385,0.785597173064407,0.747506773497548
0.4915,0.789687576632321,0.785596381177002,0.73903506081459
0.492,0.789640925702758,0.785595123245657,0.730768948809422
0.4925,0.789592424509154,0.785593456741712,0.722747808336004
0.493,0.789542102521033,0.785591436986806,0.715010458968109
0.4935,0.789489989357161,0.785589117014384,0.707594825161256
0.494,0.789436114686674,0.785586547440178,0.700537602897058
0.4945,0.789380508127855,0.78558377633126,0.693873939679239
0.495,0.789323199146632,0.785580849086653,0.687637130611263
0.4955,0.789264216954506,0.785577808319565,0.681858333122975
0.496,0.789203590408011,0.785574693753649,0.676566302729723
0.4965,0.789141348333229,0.785571542500556,0.671787152003739
0.497,0.789077520029276,0.785568389509922,0.667544134716125
0.4975,0.789012135292167,0.785565267596935,0.663857456870694
0.498,0.78894522424987,0.785562207315515,0.660744116100358
0.4985,0.788876817239328,0.785559236874401,0.658217770635053
0.499,0.788806944681086,0.785556382064975,0.656288638779769
0.4995,0.788735636951386,0.785553666192703,0.654963429564518
0.5,0.788662924254103,0.785551110021965,0.654245304947546
0.5005,0.788588836492402,0.785548731726721,0.654133873671316
0.501,0.788513403142498,0.785546546855962,0.65462521659017
0.5015,0.788436653657818,0.785544568594493,0.655711943011701
0.502,0.788358618096524,0.785542808158765,0.657383277323064
0.5025,0.788279327151463,0.785541274874213,0.659625174911118
0.503,0.78819881194492,0.785539976137449,0.66242046613367
0.5035,0.788117103876103,0.785538917414513,0.665749026860326
0.504,0.788034234465856,0.785538102249866,0.669587973877568
0.5045,0.787950235198589,0.785537532280744,0.67391188324552
0.505,0.787865137364191,0.785537207262536,0.678693029505181
0.5055,0.787778971899955,0.785537125100363,0.683901643466158
0.506,0.787691769235245,0.785537281891712,0.689506186157573
0.5065,0.787603559785283,0.785537672130902,0.69547363639986
0.507,0.787514374718295,0.785538288988607,0.701769789353672
0.5075,0.787424245992156,0.785539124421608,0.708359563324697
0.508,0.787333206103533,0.785540169221749,0.715207312050465
0.5085,0.787241287901909,0.785541413085605,0.72227713966735
0.509,0.787148524400361,0.785542844690249,0.729533215553124
0.5095,0.787054948583311,0.785544451772373,0.736940086262384
0.51,0.786960593214385,0.785546221212641,0.744462981818553
0.5105,0.786865490644617,0.785548139122996,0.752068113696409
0.511,0.786769672624125,0.785550190938169,0.759722961922368
0.5115,0.786673170889383,0.785552361567115,0.7673965258408
0.512,0.786576018077193,0.785554635571333,0.775059549687887
0.5125,0.786478247766652,0.785556997279273,0.782684041740503
0.513,0.786379894178025,0.785559430876186,0.790242487867601
0.5135,0.78628099194954,0.785561920499891,0.797707217218025
0.514,0.786181575910586,0.785564450335789,0.805049807407679
0.5145,0.786081680851743,0.785567004710548,0.812241137797835
0.515,0.785981341295225,0.785569568183754,0.819251727584118
0.5155,0.785880591266181,0.785572125637335,0.826052003862727
0.516,0.785779464068422,0.785574662361711,0.832612568505857
0.5165,0.785677992940182,0.785577164101529,0.838904461495683
0.517,0.785576212080964,0.785579617081524,0.844899418415087
0.5175,0.785474156690508,0.785582008070938,0.850570119862093
0.518,0.785371862619583,0.785584324459569,0.855890430642946
0.5185,0.785269366110063,0.785586554325783,0.860835626705147
0.519,0.785166703531889,0.785588686498956,0.865382607895247
0.5195,0.785063911117482,0.785590710617304,0.869510094765824
0.52,0.784961024697663,0.785592617179342,0.87319880781026
0.5205,0.784858079439668,0.785594397590125,0.876431627671371
0.521,0.784755109591259,0.785596044200482,0.879193735048947
0.5215,0.784652149178962,0.785597550243958,0.881472729220257
0.522,0.784549233109546,0.785598909726252,0.883258724284694
0.5225,0.784446397203628,0.7856001174188,0.88454442244734
0.523,0.78434367781069,0.785601168888868,0.885325163864276
0.5235,0.784241111522507,0.785602060514935,0.885598952783277
0.524,0.784138734884917,0.785602789496313,0.88536645992507
0.5245,0.784036584108653,0.785603353858648,0.884631001260792
0.525,0.783934694783575,0.785603752453628,0.883398493548841
0.5255,0.78383310159697,0.785603984954578,0.881677387197067
0.526,0.783731838060193,0.785604051846365,0.879478577212507
0.5265,0.783630937231477,0.785603954315922,0.876815293188966
0.527,0.783530432860935,0.785603694097796,0.873702969460963
0.5275,0.783430359425019,0.78560327342463,0.870159096719565
0.528,0.78333075172689,0.785602695016244,0.866203056539868
0.5285,0.783231644601397,0.785601962056766,0.861855940410205
0.529,0.783133072620348,0.785601078169167,0.857140354978347
0.5295,0.783035069798781,0.785600047388695,0.852080215339071
0.53,0.782937669306643,0.785598874134121,0.846700528279635
0.5305,0.782840903186552,0.78559756317819,0.84102716747423
0.531,0.782744802081918,0.785596119616328,0.835086642674851
0.5315,0.782649395969034,0.785594548788776,0.82890586498389
0.532,0.782554715315747,0.785592856182327,0.822511910312882
0.5325,0.782460791124856,0.785591047384419,0.815931783132229
0.533,0.782367654542602,0.785589128057468,0.809192182598504
0.5335,0.782275336574048,0.785587103909238,0.80231927310939
0.534,0.782183867800256,0.785584980663776,0.79533846128193
0.5345,0.782093278097925,0.785582764033698,0.788274564726094
0.535,0.782003596365707,0.785580459693406,0.781152149948244
0.5355,0.781914850257816,0.785578073253837,0.77399616351259
0.536,0.781827065928999,0.785575610238436,0.766832699055015
0.5365,0.781740268756041,0.785573076080976,0.759689265512779
0.537,0.781654484474794,0.785570476133206,0.752594847420808
0.5375,0.781569739234831,0.785567815651215,0.745579722682591
0.538,0.781486059232507,0.7855650997742,0.738675150077818
0.5385,0.7814034704487,0.785562333506758,0.731913080878365
0.539,0.781321998388953,0.785559521702548,0.725325866497921
0.5395,0.781241667826592,0.785556669049222,0.71894596478949
0.54,0.781162502552734,0.785553780054844,0.712805647597447
0.5405,0.7810845251337,0.785550859035546,0.706936712140386
0.541,0.781007756679582,0.785547910104745,0.701370198747981
0.5415,0.780932217528154,0.785544937239735,0.696136117400108
0.542,0.780857928318451,0.785541944381457,0.69126318542049
0.5425,0.780784910050641,0.785538935448486,0.686778578560968
0.543,0.780713183751177,0.785535914317746,0.682707697577538
0.5435,0.780642770236202,0.785532884812963,0.679073952246659
0.544,0.780573689877305,0.785529850693121,0.675898564601675
0.5445,0.780505962370112,0.785526815640221,0.673200392986039
0.545,0.780439606509276,0.785523783247145,0.670995778324089
0.5455,0.78037463997031,0.785520757004857,0.669298413803285
0.546,0.78031107910166,0.785517740289842,0.668119238945972
0.5465,0.780248939541204,0.785514736461382,0.667466358825803
0.547,0.780188237183819,0.78551174900498,0.667344988956038
0.5475,0.780128988236354,0.785508781549497,0.667757426146069
0.548,0.780071208917351,0.785505837834324,0.668703045390683
0.5485,0.780014915245455,0.785502921686086,0.670178322625979
0.549,0.779960122830093,0.785500036993852,0.67217688295836
0.5495,0.779906846664916,0.785497187681999,0.674689573750775
0.55,0.779855100927137,0.785494377682009,0.677704561735151
0.5505,0.779804898783225,0.785491610902377,0.681207453113762
0.551,0.779756252203923,0.785488891197967,0.685181435416701
0.5515,0.779709172488448,0.785486222462134,0.689607439699481
0.552,0.779663671091048,0.785483608770317,0.694464321495446
0.5525,0.779619759663941,0.78548105438137,0.699729058783684
0.553,0.779577449795635,0.785478563682679,0.705376965095613
0.5535,0.779536752826275,0.785476141146205,0.711381915763511
0.554,0.77949767966572,0.785473791283157,0.717716585212948
0.5545,0.77946024061485,0.785471518596696,0.724352693119012
0.555,0.779424445192745,0.785469327534106,0.731261257184077
0.5555,0.779390301970198,0.785467222437891,0.738412850252986
0.556,0.779357818412058,0.785465207497248,0.745777859460171
0.5565,0.779327001294338,0.785463286821093,0.753326745102399
0.557,0.779297857367219,0.785461464562797,0.761030296950403
0.5575,0.779270393385905,0.785459744907052,0.76885925791998
0.558,0.779244615896676,0.785458132003191,0.776783680498317
0.5585,0.779220531086741,0.785456629911087,0.784772275873626
0.559,0.779198144637812,0.78545524254752,0.792791743361053
0.5595,0.779177461583818,0.785453973632706,0.800806816057471
0.56,0.77915848617484,0.785452826638256,0.808780619379935
0.5605,0.779141221747661,0.785451804736337,0.816675002172983
0.561,0.779125670604827,0.785450910751214,0.824450892178586
0.5615,0.779111834319241,0.785450147216637,0.832068653055956
0.562,0.779099714221995,0.785449516479461,0.839488443722031
0.5625,0.779089311426529,0.785449020688193,0.846670576818399
0.563,0.779080626674467,0.785448661738131,0.853575873141914
0.5635,0.779073660230502,0.78544844122961,0.860166008935449
0.564,0.779068411781973,0.785448360428779,0.866403853021444
0.5645,0.77906488034343,0.78544842023083,0.872253790873146
0.565,0.779063064167567,0.785448621126437,0.877682032855506
0.5655,0.779062960662785,0.785448963171361,0.882656904028278
0.566,0.779064566318586,0.785449445959841,0.887149113086228
0.5665,0.779067876896337,0.785450068670055,0.891131998213872
0.567,0.779072887735732,0.785450830142115,0.894581747852774
0.5675,0.779079593777413,0.785451728882482,0.897477594616152
0.568,0.779087989477868,0.785452763041682,0.899801980836038
0.5685,0.779098068756993,0.785453930402649,0.901540694490335
0.569,0.779109824950731,0.785455228372383,0.902682974528299
0.5695,0.779123250768936,0.785456653976934,0.903221584890813
0.57,0.779138338259067,0.785458203859808,0.903152856803841
0.5705,0.779155078775804,0.785459874283853,0.902476699207095
0.571,0.779173462957058,0.78546166113656,0.901196577462666
0.5715,0.779193480798733,0.78546355995628,0.899319460767781
0.572,0.77921512177447,0.785465565968953,0.896855738969344
0.5725,0.779238374856992,0.785467674108415,0.893819109743285
0.573,0.779263228504044,0.785469879031818,0.890226437356584
0.5735,0.779289670659244,0.785472175139791,0.886097584472008
0.574,0.77931768875768,0.785474556598995,0.881455218683104
0.5745,0.77934726973622,0.785477017367192,0.876324595677839
0.575,0.779378400048401,0.785479551220296,0.870733321121791
0.5755,0.779411065683841,0.785482151781567,0.864711093524404
0.576,0.779445252191908,0.785484812552307,0.858289430503107
0.5765,0.779480944636736,0.785487526904594,0.851501380988948
0.577,0.77951812752584,0.785490288058558,0.844381226022727
0.5775,0.779556784825352,0.785493089106048,0.836964170871847
0.578,0.779596900011737,0.785495923052864,0.829286031254486
0.5785,0.779638456120167,0.785498782858118,0.821382916489088
0.579,0.779681435796886,0.785501661474233,0.813290912393425
0.5795,0.779725821355419,0.785504551887853,0.805045766738639
0.58,0.779771594835802,0.785507447160716,0.796682580020276
0.5805,0.779818738066685,0.785510340470794,0.788236042470361
0.581,0.779867232729394,0.785513225152718,0.77974090479111
0.5815,0.77991706019152,0.785516094649488,0.771232688214047
0.582,0.779968201245052,0.785518942426177,0.762748511795213
0.5825,0.780020636109652,0.78552176198334,0.754327020673009
0.583,0.780074344541773,0.785524546908834,0.746007935651094
0.5835,0.780129305922813,0.785527290920204,0.737831689269868
0.584,0.780185499350618,0.785529987906292,0.729839058303279
0.5845,0.780242903734074,0.785532631968526,0.722070795956678
0.585,0.78030149788942,0.785535217460769,0.714567267019729
0.5855,0.780361260638027,0.785537739028184,0.707368089178058
0.586,0.780422170904191,0.78554019164401,0.700511783609046
0.5865,0.780484207432294,0.785542570529311,0.694035437881859
0.587,0.780547348344577,0.785544871022182,0.687974384050556
0.5875,0.780611571130229,0.7855470885764,0.682361894673316
0.588,0.780676852805049,0.785549218809689,0.677228899312012
0.5885,0.78074317003411,0.785551257539098,0.672603723866295
0.589,0.780810499257474,0.7855532008151,0.668511854876961
0.5895,0.780878816818685,0.78555504495501,0.664975730696742
0.59,0.780948099094087,0.785556786574578,0.662014561175015
0.5905,0.781018322622703,0.785558422618347,0.659644177238567
0.591,0.781089464234686,0.785559950387657,0.657876911475966
0.5915,0.781161500665377,0.785561367451989,0.65672151055076
0.592,0.781234407953198,0.78556267150986,0.656183079981147
0.5925,0.781308161417474,0.785563860378502,0.656263061533653
0.593,0.781382735864889,0.785564932032938,0.656959243188111
0.5935,0.781458105744851,0.78556588463224,0.658265801343637
0.594,0.781534245307881,0.785566716544657,0.660173374652663
0.5945,0.781611128766676,0.785567426372159,0.66266916859504
0.595,0.781688730457404,0.785568012973435,0.665737089639039
0.5955,0.781767025000869,0.785568475485844,0.669357907583075
0.596,0.78184598746111,0.785568813345407,0.673509444433266
0.5965,0.781925592875451,0.785569026216077,0.678166787949594
0.597,0.782005815519919,0.785569113879678,0.683302527789188
0.5975,0.782086628881412,0.785569076225741,0.688887011990887
0.598,0.782168005907992,0.785568913279556,0.694888621382158
0.5985,0.782249919195942,0.785568625220108,0.701274059349002
0.599,0.782332341179685,0.785568212396994,0.708008654292649
0.5995,0.782415244324104,0.785567675346706,0.715056672004613
0.6,0.782498601316382,0.785567014807588,0.722381635124546
0.6005,0.782582385256898,0.785566231733778,0.729946646803807
0.601,0.7826665698463,0.785565327307533,0.737714715681884
0.6015,0.78275112885172,0.785564302903744,0.745649079292674
0.602,0.782836035268914,0.785563160033324,0.753713523053
0.6025,0.782921261292926,0.785561900337884,0.761872692045923
0.603,0.783006778606319,0.785560525603624,0.770092392895874
0.6035,0.783092558593918,0.785559037769166,0.778339492290791
0.604,0.783178572559818,0.785557438932158,0.78658163852063
0.6045,0.78326479194608,0.785555731354732,0.79478670911731
0.605,0.783351188549875,0.785553917467565,0.802922126883423
0.6055,0.783437734738514,0.785551999872592,0.810954640209723
0.606,0.783524403659169,0.785549981344223,0.818850293547329
0.6065,0.783611168659148,0.785547864833159,0.826574644993807
0.607,0.783698002372459,0.785545653470385,0.834093110586385
0.6075,0.783784876689237,0.785543350564796,0.841371275861087
0.608,0.783871763071176,0.785540959597389,0.848375203584789
0.6085,0.783958632785344,0.785538484214129,0.855071734967994
0.609,0.784045457139234,0.785535928217222,0.861428781743727
0.6095,0.784132207716425,0.78553329555462,0.867415606598189
0.61,0.784218856609376,0.78553059030807,0.873003089560457
0.6105,0.784305376648732,0.785527816679462,0.87816397810047
0.611,0.784391741625755,0.785524978975913,0.882873118845307
0.6115,0.784477925682369,0.785522081647483,0.887107669001819
0.612,0.784563902348602,0.785519129346326,0.890847285767328
0.6125,0.784649644508157,0.785516126922691,0.894074292217463
0.613,0.784735124726983,0.785513079395362,0.89677381837945
0.6135,0.784820315494678,0.785509991925802,0.898933916428139
0.614,0.784905189466025,0.785506869790737,0.900545649178745
0.6145,0.784989719702003,0.785503718352816,0.901603151292523
0.615,0.785073879906745,0.785500543030184,0.902103662857165
0.6155,0.785157644659794,0.785497349264553,0.9020475352505
0.616,0.78524098964023,0.785494142488719,0.901438209441755
0.6165,0.785323891002581,0.785490928189598,0.900282167127227
0.617,0.785406324392812,0.78548771201127,0.898588855334402
0.6175,0.785488264907813,0.785484499747511,0.896370585358429
0.618,0.785569687423333,0.785481297290703,0.893642407115362
0.6185,0.785650566832255,0.785478110589403,0.890421960205876
0.619,0.785730878282151,0.785474945605051,0.886729303179426
0.6195,0.7858105974115,0.785471808267354,0.882586722670499
0.62,0.785889700581079,0.785468704429539,0.878018524244111
0.6205,0.785968165099919,0.785465639823027,0.873050806935773
0.621,0.78604596944248,0.785462620012758,0.867711223600535
0.6215,0.786123092629216,0.785459650477038,0.86202872929545
0.622,0.786199513251763,0.785456736740336,0.856033320009092
0.6225,0.786275209427207,0.785453884365298,0.849755764119851
0.623,0.786350159114827,0.785451098889993,0.843227329011354
0.6235,0.786424340343907,0.785448385777904,0.836479505298088
0.624,0.786497731440366,0.785445750368177,0.829543731117195
0.6245,0.786570311251604,0.785443197825705,0.822451118923582
0.625,0.786642059366257,0.785440733092336,0.815232187185191
0.6255,0.786712956328268,0.785438360838763,0.807916599314176
0.626,0.786782983842104,0.785436085418389,0.800532912088366
0.6265,0.786852124179252,0.785433910954475,0.793109030255524
0.627,0.786920359245205,0.785431841484656,0.785672962716195
0.6275,0.786987670532481,0.785429880957603,0.778253485206914
0.628,0.787054039419124,0.785428033172854,0.770880785419167
0.6285,0.787119447381971,0.785426301735396,0.763586403274732
0.629,0.787183876208467,0.785424690011627,0.75640286182402
0.6295,0.787247308206471,0.785423201086292,0.749363367660178
0.63,0.787309726408951,0.785421837721538,0.742501507529284
0.6305,0.787371114773026,0.785420602317721,0.735850943847241
0.631,0.787431458370399,0.785419496877038,0.729445111823448
0.6315,0.787490742840744,0.785418523085376,0.723316920857071
0.632,0.787548953531535,0.785417682445583,0.717498462814131
0.6325,0.787606075454512,0.785416976281907,0.712020729713386
0.633,0.787662093560291,0.785416405695417,0.706913343247022
0.6335,0.78771699293389,0.785415971533357,0.702204298439468
0.634,0.787770758988474,0.785415674360474,0.697919723605558
0.6345,0.787823377656782,0.785415514432047,0.694083658609048
0.635,0.787874835577423,0.785415491669373,0.690717853245852
0.6355,0.78792512027553,0.785415605637475,0.687841587384858
0.636,0.787974220335101,0.785415855525695,0.685471514294659
0.6365,0.788022124916564,0.785416240209151,0.683621528368968
0.637,0.788068822995355,0.785416758345827,0.682302658238705
0.6375,0.788114303324458,0.785417408387568,0.681522986026976
0.638,0.788158554678532,0.785418188558753,0.681287593266411
0.6385,0.788201566027077,0.785419096845215,0.681598533758711
0.639,0.788243326705285,0.785420130985147,0.682454833416007
0.6395,0.788283826582058,0.785421288461862,0.683852516884753
0.64,0.788323056222768,0.785422566498707,0.685784660517594
0.6405,0.788361007046265,0.785423962056031,0.688241471028923
0.641,0.788397671473857,0.785425471830403,0.691210388947703
0.6415,0.788433042523057,0.785427092282298,0.694676215768486
0.642,0.788467113164152,0.785428819676939,0.698621263500224
0.6425,0.788499876288466,0.785430650097484,0.703025525124096
0.643,0.788531324913914,0.785432579448422,0.70786686429779
0.6435,0.78856145232943,0.785434603463574,0.7131212224859
0.644,0.788590252236431,0.785436717715672,0.718762841555527
0.6445,0.788617718886861,0.785438917627578,0.724764499754064
0.645,0.788643847215852,0.78544119848494,0.731097758883288
0.6455,0.788668632968567,0.785443555450395,0.737733220401178
0.646,0.78869207281943,0.785445983578998,0.74464078812078
0.6465,0.788714164049668,0.785448477805788,0.75178993513447
0.647,0.788734904035495,0.785451032922192,0.759149972572251
0.6475,0.788754290220178,0.785453643587034,0.76669031780425
0.648,0.788772320273111,0.785456304351633,0.774380759720306
0.6485,0.788788992199185,0.785459009683296,0.782191156992782
0.649,0.788804304444683,0.785461753989796,0.79009089596809
0.6495,0.788818255999342,0.785464531645162,0.798048257382704
0.65,0.78883084649315,0.785467337016075,0.806029729188497
0.6505,0.788842076287549,0.785470164489205,0.813999991170823
0.651,0.788851946559756,0.785473008498724,0.821922189668247
0.6515,0.788860459069539,0.785475863477271,0.829758249008605
0.652,0.788867615789086,0.785478723774685,0.837469232325193
0.6525,0.788873418877796,0.785481583664777,0.845015696931444
0.653,0.788877870789613,0.78548443738666,0.85235805151338
0.6535,0.788880974343499,0.785487279178966,0.859456911968386
0.654,0.788882732790256,0.785490103314474,0.866273452754322
0.6545,0.788883149875446,0.785492904135633,0.872769750676052
0.655,0.788882229897553,0.78549567608993,0.878909118126183
0.6555,0.788879977761173,0.785498413765592,0.884656422912185
0.656,0.788876399024488,0.785501111926534,0.889978391942034
0.6565,0.788871499759927,0.785503765438918,0.894843896203474
0.657,0.788865286333363,0.785506369151525,0.899224214656477
0.6575,0.788857765382736,0.785508917898642,0.90309327486259
0.658,0.788848943872401,0.785511406550554,0.906427868396755
0.6585,0.788838829124451,0.785513830053077,0.909207839324619
0.659,0.788827428846541,0.785516183466916,0.911416244279302
0.6595,0.788814751156075,0.785518462007385,0.913039482933556
0.66,0.788800804600462,0.785520661083266,0.914067397933959
0.6605,0.788785598173316,0.785522776335374,0.914493343640704
0.661,0.788769141326432,0.785524803673589,0.914314223297239
0.6615,0.788751443927705,0.785526739195653,0.91353049453591
0.662,0.788732516194069,0.785528579055187,0.912146143406415
0.6625,0.788712368676577,0.785530319461788,0.91016862739078
0.663,0.788691012263832,0.785531956732052,0.907608788139308
0.6635,0.7886684581766,0.785533487327976,0.904480734924218
0.664,0.788644717959228,0.785534907894527,0.900801700059133
0.6645,0.788619803467817,0.78553621529688,0.896591867771191
0.665,0.788593726855396,0.785537406656185,0.891874178236176
0.6655,0.78856650055405,0.785538479384315,0.886674108693943
0.666,0.788538137254346,0.785539431216517,0.881019433749818
0.6665,0.78850864996081,0.785540260139022,0.874939967135968
0.667,0.788478052077741,0.785540964271107,0.8684672873538
0.6675,0.788446357402998,0.785541541862781,0.861634449742894
0.668,0.788413580083921,0.785541991336605,0.854475687623118
0.6685,0.788379734578355,0.785542311317556,0.847026105233442
0.669,0.788344835612731,0.785542500661445,0.839321365243275
0.6695,0.788308898137237,0.785542558482228,0.831397373639488
0.67,0.788271937278828,0.785542484177383,0.823289964794634
0.6705,0.788233968292086,0.785542277451641,0.815034589499423
0.671,0.788195006508772,0.785541938338322,0.806666008695606
0.6715,0.788155067486436,0.785541467149247,0.798218795923462
0.672,0.78811416723966,0.785540864393141,0.789728182466849
0.6725,0.788072322242753,0.785540130770479,0.781230579842642
0.673,0.788029549341358,0.785539267196965,0.77276399060293
0.6735,0.787985865682207,0.785538274817966,0.764367843878383
0.674,0.7879412886401,0.78553715502109,0.756082567595831
0.6745,0.787895835742205,0.785535909447052,0.747949218875615
0.675,0.787849524590871,0.785534539998453,0.740009111626212
0.6755,0.787802372785083,0.785533048846579,0.732303444649483
0.676,0.787754397841798,0.785531438435932,0.724872933540684
0.6765,0.787705617428618,0.785529711465565,0.717757449609464
0.677,0.787656049726786,0.785527870859343,0.710995668961967
0.6775,0.787605713441007,0.78552591975782,0.704624734770997
0.678,0.787554627669551,0.785523861517363,0.698679935622086
0.6785,0.787502811804436,0.785521699705001,0.693194402659696
0.679,0.787450285428988,0.785519438091406,0.688198828071333
0.6795,0.787397068212944,0.78551708064192,0.683721207239799
0.68,0.787343179806738,0.785514631505815,0.679786606667251
0.6805,0.78728863973516,0.785512095003665,0.676416959531235
0.681,0.787233467292049,0.78550947561312,0.673630890474707
0.6815,0.787177681844912,0.785506777985793,0.671443570961713
0.682,0.787121303311813,0.785504006976391,0.66986660625024
0.6825,0.787064352175915,0.785501167632803,0.668907954746395
0.683,0.787006849317781,0.785498265170041,0.668571880212109
0.6835,0.786948815888397,0.785495304945758,0.668858937004579
0.684,0.786890273179873,0.785492292434324,0.669765988232294
0.6845,0.786831242494068,0.785489233199177,0.671286256422342
0.685,0.786771745011163,0.785486132864151,0.673409406009237
0.6855,0.786711801658458,0.785482997083488,0.676121656679337
0.686,0.786651432981411,0.785479831511296,0.67940592633926
0.6865,0.786590659507074,0.785476641852522,0.683242002224001
0.687,0.786529502315091,0.785473433948027,0.687606738422646
0.6875,0.786467983055517,0.785470213765345,0.692474277878875
0.688,0.786406123749241,0.785466987352213,0.697816296721472
0.6885,0.786343946638277,0.785463760797512,0.703602268598589
0.689,0.786281474034252,0.7854605401915,0.709799746529975
0.6895,0.786218728165429,0.785457331584948,0.716374659654942
0.69,0.786155731024592,0.785454140948237,0.723291622141695
0.6905,0.786092504218119,0.785450974130003,0.730514251436419
0.691,0.786029068818555,0.785447836816438,0.738005492968956
0.6915,0.785965445773886,0.785444734608731,0.745727948396231
0.692,0.785901656552022,0.785441673150744,0.753644204455045
0.6925,0.785837723162023,0.785438658123112,0.761717159512213
0.693,0.785773667930927,0.785435695185377,0.769910344942048
0.6935,0.785709513337855,0.785432789930108,0.778188177943888
0.694,0.785645281846998,0.785429947837192,0.78651617855908
0.6945,0.785580995739874,0.78542717422782,0.794860521549757
0.695,0.785516676949394,0.785424474219425,0.803187301426449
0.6955,0.7854523468961,0.785421852681071,0.811462000929899
0.696,0.785388026329082,0.785419314190573,0.819649023912205
0.6965,0.785323735767934,0.785416863125213,0.827711828701656
0.697,0.785259496199152,0.785414503809786,0.835613328817412
0.6975,0.785195329101544,0.785412240515677,0.843316229653889
0.698,0.785131256209031,0.785410077402451,0.850783364489887
0.6985,0.785067299336024,0.785408018473817,0.857978026856785
0.699,0.785003480202378,0.785406067534556,0.864864296354365
0.6995,0.784939820258323,0.785404228147927,0.871407355082436
0.7,0.784876340512014,0.785402503594767,0.877573791960406
0.7005,0.784813061360092,0.785400896833822,0.883331892334363
0.701,0.784750002423841,0.785399410464489,0.888651910420624
0.7015,0.784687183009591,0.785398046814255,0.893506322304659
0.702,0.784624622833808,0.785396808080076,0.897870057403221
0.7025,0.784562342052788,0.785395696332418,0.901720706503439
0.703,0.784500361020583,0.785394713466699,0.905038704713762
0.7035,0.78443870011248,0.785393861168824,0.907807487895836
0.704,0.784377379548624,0.785393140882232,0.910013621391488
0.7045,0.78431641921817,0.785392553776087,0.911646900112762
0.705,0.784255838506636,0.785392100715549,0.912700419323055
0.7055,0.784195656126833,0.785391782233795,0.913170615701541
0.706,0.784135889955967,0.785391598506636,0.913057278548817
0.7065,0.784076557498793,0.785391549420361,0.912363531256761
0.707,0.784017676616514,0.785391634680306,0.911095783427571
0.7075,0.78395926555942,0.785391853818575,0.909263654283593
0.708,0.783901342727681,0.785392206163549,0.906879868258592
0.7085,0.783843926498323,0.785392690820643,0.903960123900453
0.709,0.783787035052744,0.78539330665485,0.900522937442853
0.7095,0.783730686205181,0.785394052274879,0.896589462617301
0.71,0.783674897234726,0.785394926019388,0.892183288475335
0.7105,0.783619684721253,0.785395925945174,0.887330217171912
0.711,0.78356506438778,0.785397049817709,0.882058023823679
0.7115,0.783511051549951,0.785398295146975,0.876396200698598
0.712,0.783457661823468,0.78539965924368,0.870375688115125
0.7125,0.783404911157286,0.785401139228879,0.864028594528972
0.713,0.783352815603801,0.785402732026517,0.857387908362655
0.7135,0.783301391153586,0.78540443436243,0.850487204187018
0.714,0.783250653571046,0.785406242765099,0.843360345894481
0.7145,0.78320061823137,0.785408153568199,0.836041189510692
0.715,0.783151299961252,0.785410162914913,0.828563288274825
0.7155,0.783102712883743,0.785412266764094,0.820959602579101
0.716,0.78305487026959,0.785414460898133,0.813262217295929
0.7165,0.783007784957491,0.785416740920979,0.805502200281636
0.717,0.782961470016337,0.785419102252911,0.79770952749618
0.7175,0.782915938776712,0.785421540140409,0.789913590478536
0.718,0.782871204616631,0.785424049672802,0.782143957665368
0.7185,0.782827280808219,0.78542662579953,0.774430874263023
0.719,0.782784180365711,0.785429263348835,0.76680566936936
0.7195,0.782741915895137,0.785431957048164,0.759300638292623
0.72,0.78270049944797,0.785434701545696,0.75194868669634
0.7205,0.782659942379072,0.785437491433317,0.744783030395405
0.721,0.782620255211089,0.785440321270366,0.737836894654107
0.7215,0.782581448012219,0.785443185545464,0.731143215648332
0.722,0.782543530992715,0.785446078612595,0.724734346715271
0.7225,0.78250651453352,0.785448994699846,0.718641771952086
0.723,0.782470408994044,0.785451927946979,0.712895829641014
0.7235,0.782435224575477,0.785454872437809,0.707525447873037
0.724,0.782400971185897,0.785457822233421,0.70255789461682
0.7245,0.782367658307504,0.785460771406689,0.698018544335127
0.725,0.782335294867966,0.785463714077089,0.693930663089058
0.7255,0.782303889116205,0.785466644446263,0.690315213892526
0.726,0.782273448504475,0.785469556833299,0.687190683887271
0.7265,0.782243980013202,0.785472445608664,0.684572934704106
0.727,0.782215490664896,0.785475305085159,0.682475077160929
0.7275,0.782187987549925,0.785478129524261,0.680907371224348
0.728,0.782161477662862,0.785480913187478,0.679877151931466
0.7285,0.782135967787401,0.785483650377749,0.679388781733713
0.729,0.782111464383505,0.785486335480923,0.679443629487564
0.7295,0.782087973477091,0.785488963007851,0.680040076079698
0.73,0.782065500553871,0.785491527635853,0.681173546438811
0.7305,0.782044050457648,0.785494024250095,0.682836567454793
0.731,0.782023627294561,0.785496447983638,0.685018851100547
0.7315,0.782004234696894,0.785498794136629,0.687707401834096
0.732,0.7819858762409,0.785501058043723,0.690886647150858
0.7325,0.781968555470026,0.785503235076885,0.694538589959662
0.733,0.78195227576549,0.785505320700499,0.698642981273028
0.7335,0.781937040257014,0.785507310513707,0.70317751153382
0.734,0.781922851736106,0.785509200292009,0.70811801874812
0.7345,0.781909712572129,0.785510986028647,0.713438711459177
0.735,0.781897624632407,0.785512663974546,0.719112404480692
0.7355,0.781886589206552,0.785514230677303,0.725110765210353
0.736,0.781876606936172,0.785515683018049,0.731404568267244
0.7365,0.781867678011151,0.785517018131552,0.737963956139865
0.737,0.781859802480661,0.785518233275853,0.744758703495632
0.7375,0.781852980273595,0.785519325830796,0.751758482787777
0.738,0.781847211107116,0.785520293345905,0.758933128801681
0.7385,0.78184249442576,0.785521133575159,0.766252899809621
0.739,0.781838829343215,0.785521844510345,0.773688733050167
0.7395,0.781836214586954,0.785522424413395,0.781212132796414
0.74,0.781834648446536,0.78552287184673,0.788794899374268
0.7405,0.781834128725708,0.785523185701985,0.796408539058616
0.741,0.781834652699024,0.785523365226197,0.804023527383824
0.7415,0.781836217235528,0.785523409958353,0.811609045160394
0.742,0.78183881899497,0.785523319626686,0.819132909576081
0.7425,0.781842454444386,0.785523094143,0.826561775576028
0.743,0.78184711980614,0.785522733633669,0.833861477315733
0.7435,0.781852811026071,0.785522238459778,0.840997341060512
0.744,0.7818595237443,0.78552160923544,0.847934500236883
0.7445,0.781867253268801,0.785520846844514,0.854638209834483
0.745,0.781875994552102,0.785519952455171,0.861074157383668
0.7455,0.781885742171213,0.785518927532501,0.867208767784887
0.746,0.781896490311043,0.785517773848696,0.873009499340514
0.7465,0.781908232812325,0.785516493448719,0.878445128437308
0.747,0.781920963248536,0.785515088595853,0.883486020446993
0.7475,0.781934674937228,0.785513561762898,0.888104384552374
0.748,0.781949360927363,0.785511915639977,0.892274510365589
0.7485,0.781965013995897,0.78551015313593,0.89597298438192
0.749,0.781981626646932,0.785508277377838,0.899178884505432
0.7495,0.781999191113474,0.785506291708698,0.901873951089673
0.75,0.782017699361735,0.785504199683215,0.904042733155903
0.7505,0.782037143098007,0.785502005061682,0.905672708680715
0.751,0.782057513777981,0.785499711802049,0.906754378082393
0.7515,0.782078802578508,0.785497324062159,0.907281330278823
0.752,0.782101000355039,0.785494846205283,0.907250280936884
0.7525,0.782124097646852,0.785492282790064,0.906661082781982
0.753,0.782148084702551,0.785489638553378,0.905516708084348
0.7535,0.782172951504014,0.785486918392582,0.903823203683882
0.754,0.782198687792798,0.785484127346208,0.901589619155386
0.7545,0.782225283098983,0.785481270572904,0.898827908949069
0.755,0.782252726771996,0.78547835332914,0.895552809565047
0.7555,0.782281008013364,0.785475380945428,0.891781693033447
0.756,0.782310115910884,0.785472358801676,0.887534398171744
0.7565,0.782340039337055,0.785469292366566,0.882833041276495
0.757,0.782370766791477,0.785466187263487,0.877701808076124
0.7575,0.78240228640013,0.785463049261351,0.872166728923536
0.758,0.782434585977471,0.78545988423554,0.866255439340756
0.7585,0.782467653076582,0.785456698134232,0.859996928141638
0.759,0.782501475041671,0.785453496943787,0.853421275451923
0.7595,0.782536039062829,0.7854502866528,0.846559383018017
0.76,0.782571332232215,0.785447073215793,0.839442699246255
0.7605,0.782607341601543,0.785443862516123,0.832102941442838
0.761,0.782644054239989,0.785440660329132,0.824571817731019
0.7615,0.782681457065018,0.785437472392057,0.816880751106557
0.762,0.782719536578348,0.785434304519124,0.809060608055234
0.7625,0.782758278860156,0.785431162595112,0.801141900335695
0.763,0.78279766966564,0.785428052521421,0.793155189241048
0.7635,0.782837694499878,0.785424980172607,0.785131682587133
0.764,0.782878338694867,0.785421951352746,0.77710392726842
0.7645,0.7829195874886,0.785418971751132,0.769105939223427
0.765,0.782961426104966,0.785416046898533,0.761173094866867
0.7655,0.783003839834301,0.785413182123509,0.753341868054267
0.766,0.78304681411336,0.785410382510039,0.745649472789359
0.7665,0.783090334296283,0.78540765298538,0.738133523972047
0.767,0.783134385295812,0.785404998463595,0.730831697136365
0.7675,0.783178951573403,0.785402423843043,0.723781390194229
0.768,0.783224017266965,0.785399933947302,0.717019390160641
0.7685,0.78326956628803,0.785397533479761,0.710581547769805
0.769,0.783315582420835,0.78539522697884,0.704502462800249
0.7695,0.783362049423084,0.785393018773312,0.698815182811388
0.77,0.783408951126878,0.78539091293902,0.69355091785531
0.7705,0.783456271539578,0.785388913256473,0.68873877356724
0.771,0.783503994943067,0.785387023170581,0.684405504857807
0.7715,0.783552105613768,0.785385245880416,0.680575292231538
0.772,0.783600587382893,0.785383584485011,0.677269542540916
0.7725,0.783649423622967,0.785382041985155,0.674506715755849
0.773,0.783698597401979,0.785380621229847,0.672302179086628
0.7735,0.78374809159921,0.785379324877139,0.670668089546685
0.774,0.783797889022577,0.785378155356277,0.669613305781929
0.7745,0.783847972527208,0.785377114830728,0.669143329728526
0.775,0.783898325133467,0.785376205163162,0.669260278393136
0.7755,0.783948930144149,0.785375427881988,0.669962885781052
0.776,0.783999771259086,0.785374784150472,0.671246534731017
0.7765,0.784050832253879,0.785374274842051,0.673103318152823
0.777,0.784102096474599,0.785373900661876,0.675522128907635
0.7775,0.784153546820723,0.785373662152554,0.678488777323353
0.778,0.784205165919652,0.785373559655852,0.681986135100535
0.7785,0.784256936256513,0.785373593286885,0.685994304140301
0.779,0.784308840305014,0.785373762910058,0.690490808616224
0.7795,0.78436086065902,0.785374068116507,0.695450808419219
0.78,0.784412980162887,0.785374508203707,0.70084733192933
0.7805,0.784465182040237,0.785375082157051,0.706651525912723
0.781,0.784517450019239,0.785375788633959,0.712832920207097
0.7815,0.784569767980608,0.785376626011229,0.719359704745419
0.782,0.784622119403699,0.785377592460435,0.726199016376943
0.7825,0.784674487345868,0.785378685956657,0.733317232876829
0.783,0.78472685463069,0.785379904262373,0.740680271491467
0.7835,0.784779203986695,0.785381244919712,0.748253889346246
0.784,0.784831518186674,0.785382705244579,0.756003983045949
0.7845,0.784883780187234,0.785384282322617,0.763896884824894
0.785,0.784935973266504,0.785385973007173,0.771899652654165
0.7855,0.784988081159659,0.785387773919255,0.779979972990118
0.786,0.785040088190225,0.785389681449544,0.788105895516229
0.7865,0.785091978898912,0.78539169176953,0.796244986366421
0.787,0.785143737459575,0.785393800847587,0.804363224704123
0.7875,0.785195347655471,0.78539600445919,0.812424995313802
0.788,0.78524679307467,0.785398298195857,0.820393530266452
0.7885,0.785298057252931,0.785400677476817,0.828231247312957
0.789,0.785349123816748,0.785403137562325,0.835900092948986
0.7895,0.785399976626206,0.785405673568819,0.843361887083574
0.79,0.785450599915532,0.785408280485507,0.850578666252233
0.7905,0.785500978430967,0.785410953192634,0.857513022351021
0.791,0.785551097563916,0.785413686480911,0.864128433930085
0.7915,0.785600942973027,0.785416475024954,0.870389587173003
0.792,0.785650499989521,0.785419313337909,0.876262683800819
0.7925,0.785699753591448,0.78542219578134,0.881715733275769
0.793,0.785748688600249,0.785425116597338,0.886718826838054
0.7935,0.785797289823509,0.785428069937271,0.89124439108796
0.794,0.785845542197524,0.785431049891641,0.895267419023485
0.7945,0.7858934309293,0.785434050521428,0.89876567665849
0.795,0.785940941635887,0.785437065890034,0.901719883576235
0.7955,0.785988060480688,0.785440090096254,0.904113866015832
0.796,0.78603477430471,0.785443117307306,0.905934681342423
0.7965,0.786081070254503,0.785446141700082,0.90717271301343
0.797,0.786126935196417,0.785449157363642,0.907821735420691
0.7975,0.786172355690277,0.785452158306941,0.907878948259214
0.798,0.786217318181406,0.785455138507775,0.907344980345326
0.7985,0.786261809139321,0.785458091952999,0.906223863077665
0.799,0.786305815195868,0.785461012679081,0.904522974001403
0.7995,0.786349323282446,0.785463894813504,0.902252951197004
0.8,0.786392320764286,0.785466732615829,0.899427579467407
0.8005,0.78643479557143,0.785469520518925,0.896063649539595
0.801,0.786476736324465,0.785472253169165,0.892180791726082
0.8015,0.786518131980262,0.785474925346987,0.887801285706885
0.802,0.786558971273689,0.785477531836368,0.882949848291331
0.8025,0.786599242691892,0.785480067428904,0.877653401199921
0.803,0.786638934656213,0.785482526980042,0.871940821067909
0.8035,0.786678035652852,0.785484905452934,0.865842674013126
0.804,0.786716534362607,0.785487197961782,0.859390937229558
0.8045,0.786754419789337,0.785489399815251,0.852618710164657
0.805,0.786791681385257,0.785491506558644,0.845559917911387
0.8055,0.786828309172728,0.785493514015379,0.838249009495311
0.806,0.786864293860733,0.785495418326525,0.830720653762185
0.8065,0.786899626519018,0.785497215866131,0.823009435572678
0.807,0.786934298063923,0.785498903103048,0.815149554987933
0.8075,0.786968299233967,0.785500476600582,0.807174532083344
0.808,0.787001620756108,0.785501933069092,0.7991169199585
0.8085,0.787034253464324,0.785503269404954,0.791008537774272
0.809,0.787066188416909,0.785504482728304,0.782880927963479
0.8095,0.787097417012133,0.785505570420019,0.774765953534697
0.81,0.78712793110059,0.785506530156837,0.766696472038033
0.8105,0.787157723093909,0.785507359945041,0.758706426807899
0.811,0.78718678606823,0.78550805815166,0.750830690937927
0.8115,0.787215113475774,0.785508623431089,0.743104800232294
0.812,0.787242698689269,0.785509054606185,0.735564611396066
0.8125,0.78726953497915,0.785509350663593,0.728245977900407
0.813,0.787295615658934,0.7855095107925,0.721184428298367
0.8135,0.787320934187904,0.785509534411178,0.714414849817071
0.814,0.787345484272166,0.785509421191781,0.707971179984459
0.8145,0.78736925996378,0.785509171083753,0.701886108957209
0.815,0.787392255756542,0.78550878433507,0.696190795102008
0.8155,0.787414466678117,0.785508261511601,0.690914596246187
0.816,0.787435888377195,0.785507603513929,0.686084818857259
0.8165,0.787456516880071,0.785506811529704,0.681726487235557
0.817,0.787476348205938,0.78550588695738,0.677862134611729
0.8175,0.787495378345978,0.785504831398173,0.674511617833154
0.818,0.787513603383511,0.785503646673416,0.671691957102203
0.8185,0.787531019577646,0.785502334833478,0.669417201996974
0.819,0.787547623445075,0.785500898164795,0.667698324763544
0.8195,0.787563411839748,0.785499339195098,0.666543141620363
0.82,0.787578382029283,0.785497660696607,0.665956262562221
0.8205,0.787592531767892,0.78549586568726,0.665939069895626
0.821,0.787605859364748,0.785493957429817,0.666489725481707
0.8215,0.787618363491861,0.785491939419554,0.667603206409092
0.822,0.787630042880254,0.785489815365966,0.669271368569947
0.8225,0.787640896301501,0.785487589182956,0.671483037369576
0.823,0.787650922659563,0.785485264981243,0.674224124565796
0.8235,0.787660121053341,0.785482847057814,0.67747777001077
0.824,0.787668490837228,0.785480339883655,0.681224506856925
0.8245,0.787676031679471,0.785477748089636,0.685442448591828
0.825,0.787682743617501,0.785475076450873,0.690107496086067
0.8255,0.787688627110057,0.785472329869391,0.695193562674725
0.826,0.787693683085362,0.785469513355514,0.700672815148364
0.8265,0.787697912805106,0.785466632053789,0.706515928404499
0.827,0.787701317649041,0.78546369128701,0.71269235140657
0.8275,0.787703899099769,0.785460696546533,0.719170582014873
0.828,0.787705658804487,0.785457653460879,0.725918448193648
0.8285,0.787706598615415,0.78545456776748,0.732903393060644
0.829,0.787706720628164,0.785451445283216,0.740092761230408
0.8295,0.787706027217921,0.785448291873394,0.747454083910017
0.83,0.787704521072933,0.785445113419998,0.754955360235925
0.8305,0.787702205225178,0.785441915788851,0.762565332392483
0.831,0.7876990830778,0.785438704796568,0.770253752125975
0.8315,0.787695158328212,0.785435486270367,0.777990801959324
0.832,0.787690434845675,0.785432266146968,0.785746157454938
0.8325,0.78768491666009,0.785429050464864,0.793488443451703
0.833,0.787678607992959,0.785425845314725,0.801184830454013
0.8335,0.78767151327541,0.78542265679853,0.808801163363437
0.834,0.787663637164164,0.785419490988218,0.81630233812716
0.8345,0.787654984555372,0.785416353883377,0.82365262389047
0.835,0.787645560596143,0.785413251369133,0.830815988283674
0.8355,0.787635370693702,0.785410189173764,0.837756422944249
0.836,0.787624420522077,0.785407172827231,0.844438266394488
0.8365,0.787612716005174,0.78540420774411,0.85082652143972
0.837,0.787600263288571,0.785401299359544,0.856887164321683
0.8375,0.787587068732697,0.785398453124947,0.862587442955124
0.838,0.787573138913083,0.785395674449236,0.86789616169203
0.8385,0.787558480616187,0.785392968652833,0.872783950196076
0.839,0.787543100833193,0.785390340922003,0.87722351416827
0.8395,0.787527006751758,0.785387796262997,0.881189865842089
0.84,0.787510205745889,0.785385339457309,0.884660532360695
0.8405,0.787492705363905,0.785382975017523,0.887615740358434
0.841,0.787474513314727,0.785380707145046,0.890038575291665
0.8415,0.787455637509514,0.785378539821032,0.891915114298036
0.842,0.787436086125532,0.785376476954582,0.89323453160644
0.8425,0.787415867603631,0.785374522382707,0.893989175769843
0.843,0.787394990618551,0.785372679813218,0.894174618247704
0.8435,0.787373464053124,0.785370952782066,0.893789673121534
0.844,0.787351296970555,0.785369344611783,0.892836387983962
0.8445,0.787328498584771,0.785367858370556,0.891320006296249
0.845,0.787305078229344,0.785366496833101,0.889248901759226
0.8455,0.787281045325011,0.78536526244291,0.886634485486053
0.846,0.787256409346326,0.785364157276985,0.883491086999754
0.8465,0.78723117991843,0.785363183128136,0.879835810302336
0.847,0.787205366967834,0.785362341638258,0.875688366473397
0.8475,0.787178980723837,0.785361634302648,0.871070884452806
0.848,0.787152031660394,0.78536106242507,0.866007701842625
0.8485,0.787124530449896,0.785360627086334,0.860525137726418
0.849,0.78709648791513,0.785360329114538,0.854651249648269
0.8495,0.787067914979529,0.78536016905663,0.848415577017891
0.85,0.787038822616476,0.785360147152147,0.84184887331142
0.8505,0.787009221797754,0.785360263308844,0.834982829518891
0.851,0.786979123441946,0.785360517080955,0.827849791348566
0.8515,0.786948538561348,0.785360907727822,0.820482472734827
0.852,0.786917478492004,0.785361434307868,0.812913668210071
0.8525,0.786885954898684,0.785362095686499,0.805175966692064
0.853,0.786853979690861,0.785362890511642,0.797301469206722
0.8535,0.78682156495797,0.785363817199357,0.7893219559618
0.854,0.786788722903079,0.785364873921353,0.781269245824932
0.8545,0.786755465775111,0.785366058594286,0.773175781994331
0.855,0.786721805800659,0.785367368871189,0.765075326689728
0.8555,0.786687755115521,0.78536880213495,0.757003099114279
0.856,0.786653325697029,0.785370355494102,0.748995678812416
0.8565,0.786618529554902,0.785372025807138,0.741090737245212
0.857,0.786583379030835,0.785373809720121,0.733326668175158
0.8575,0.786547886806834,0.785375703676738,0.72574223811965
0.858,0.786512065798833,0.785377703918736,0.718376236119803
0.8585,0.786475929076174,0.785379806491149,0.711267125926127
0.859,0.78643948977978,0.785382007249325,0.704452703658162
0.8595,0.786402761039213,0.785384301867843,0.697969763924034
0.86,0.786365755889872,0.785386685851119,0.691853777288898
0.8605,0.786328487190516,0.785389154545854,0.686138581859421
0.861,0.786290967542366,0.785391703155006,0.680856091606069
0.8615,0.786253209516688,0.785394326723597,0.676036023877484
0.862,0.786215226012492,0.785397020113445,0.671705648373323
0.8625,0.786177030268095,0.785399778013507,0.667889559635336
0.863,0.786138635736724,0.785402594964939,0.664609474893223
0.8635,0.786100055993529,0.785405465384827,0.661884058864001
0.864,0.786061304641614,0.785408383591249,0.659728776853407
0.8645,0.786022395217322,0.785411343830003,0.658155777247604
0.865,0.785983341096177,0.785414340302253,0.657173804215549
0.8655,0.785944155399721,0.785417367193462,0.656788141169149
0.866,0.785904850904655,0.785420418702787,0.657000585252353
0.8665,0.785865440298961,0.785423488993396,0.657809452853964
0.867,0.785825936584693,0.785426572109644,0.659209615864713
0.8675,0.785786353092522,0.785429661985766,0.661192568129399
0.868,0.785746703344083,0.78543275249065,0.663746521282015
0.8685,0.78570700095009,0.785435837465448,0.666856528898056
0.869,0.785667259507798,0.785438910761819,0.670504637655741
0.8695,0.785627492498071,0.785441966281275,0.674670063968864
0.87,0.785587713183589,0.785444998014526,0.679329394340161
0.8705,0.785547934508443,0.785448000081298,0.68445680748745
0.871,0.78550816900063,0.785450966769485,0.690024316116727
0.8715,0.785468429047679,0.785453892459696,0.696002026058546
0.872,0.78542872733021,0.785456771501045,0.702358410347468
0.8725,0.785389076838938,0.785459598216577,0.709060595710227
0.873,0.785349490728613,0.785462366959125,0.716074658837443
0.8735,0.78530998221077,0.785465072155564,0.723365929746687
0.874,0.785270564446159,0.785467708350892,0.730899299502049
0.8745,0.785231250437104,0.785470270252636,0.738639529537188
0.875,0.785192052921414,0.785472752774341,0.746551559835117
0.8755,0.785152984268088,0.78547515107864,0.754600813248521
0.876,0.785114056376407,0.785477460618651,0.762753493298727
0.8765,0.785075280961411,0.785479677051356,0.770976232048205
0.877,0.785036670003143,0.785481796096014,0.779235460749958
0.8775,0.784998235765319,0.785483813535332,0.7874967875575
0.878,0.784959990645641,0.785485725271673,0.795724358241437
0.8785,0.784921947066622,0.785487527369492,0.803880930447661
0.879,0.784884117366404,0.78548921609679,0.811928257363207
0.8795,0.784846513689813,0.785490787966091,0.81982742927183
0.88,0.784809147881315,0.785492239773728,0.827539230211867
0.8805,0.784772031380102,0.785493568637925,0.835024491690735
0.881,0.784735175118909,0.785494772034502,0.842244443337824
0.8815,0.784698589809611,0.785495847715823,0.849161057418406
0.882,0.784662286392939,0.785496793579149,0.85573738420832
0.8825,0.784626276057942,0.785497607663368,0.861937875332285
0.883,0.784590570093418,0.785498288194765,0.867728692296713
0.8835,0.784555179780193,0.785498833619496,0.873077997599299
0.884,0.784520116283704,0.785499242634466,0.877956225971254
0.8845,0.784485390547143,0.785499514216998,0.882336333501819
0.885,0.784451013186765,0.785499647652384,0.886194022606987
0.8855,0.784416994389613,0.785499642559651,0.88950794103312
0.886,0.784383343815206,0.785499498914712,0.892259853329099
0.8865,0.784350070871886,0.785499216990583,0.894434783475763
0.887,0.784317185152369,0.785498797261142,0.896021127626117
0.8875,0.784284696453251,0.785498240394065,0.897010736181831
0.888,0.784252614632258,0.785497547277326,0.89739896470842
0.8885,0.78422094950537,0.785496719035425,0.8971846934707
0.889,0.784189710744566,0.785495757043718,0.896370315649165
0.8895,0.784158907776425,0.785494662941032,0.894961694574379
0.89,0.784128549683123,0.785493438640125,0.892968090587909
0.8905,0.784098645106051,0.78549208633613,0.890402058402293
0.891,0.784069202153508,0.785490608512637,0.887279316086921
0.8915,0.784040228659208,0.785489007914869,0.883618587049166
0.892,0.784011732590051,0.785487287507665,0.879441416608662
0.8925,0.78398372206515,0.785485450465969,0.874771964975397
0.893,0.783956205223462,0.78548350017684,0.869636778637426
0.8935,0.783929190129069,0.785481440236204,0.86406454233999
0.894,0.783902684677384,0.785479274443767,0.858085813993179
0.8945,0.783876696502493,0.785477006796018,0.851732744978857
0.895,0.783851232887038,0.785474641477469,0.84503878843826
0.8955,0.783826300674848,0.785472182850008,0.838038398208767
0.896,0.783801906187635,0.78546963544061,0.830766721141149
0.8965,0.783778055457968,0.785467003952951,0.823259285566841
0.897,0.783754754597025,0.78546429328821,0.815551688698217
0.8975,0.783732009812731,0.785461508534935,0.807679285733572
0.898,0.783709827291939,0.785458654945928,0.799676883402867
0.8985,0.783688213116911,0.785455737915968,0.791578556530265
0.899,0.783667173182953,0.785452762958079,0.783417522350115
0.8995,0.783646713117447,0.785449735678076,0.775226618030254
0.9,0.783626838201456,0.785446661748047,0.767039039464147
0.9005,0.783607553294116,0.785443546878467,0.758888819613845
0.901,0.783588862760946,0.785440396789676,0.750811214870713
0.9015,0.783570770674565,0.785437217260183,0.742842554885811
0.902,0.783553281131747,0.785434014207041,0.735019849140078
0.9025,0.783536398270213,0.785430793677013,0.727380449940651
0.903,0.783520126168904,0.785427561802469,0.719961714903885
0.9035,0.783504468778137,0.785424324764094,0.712800671912913
0.904,0.783489429851128,0.785421088752822,0.705933689493504
0.9045,0.78347501287706,0.78541785993055,0.699396155482161
0.905,0.783461221016692,0.785414644390698,0.693222166765735
0.9055,0.783448057040674,0.785411448118171,0.687444232753275
0.906,0.783435523271486,0.785408276949846,0.682092995099627
0.9065,0.783423621746266,0.785405136650864,0.677196966037898
0.907,0.783412354474222,0.785402033040107,0.672782287495823
0.9075,0.783401723451546,0.785398971984364,0.668872512971178
0.908,0.783391730582465,0.785395959341321,0.665488413925427
0.9085,0.783382377624915,0.785393000914139,0.662647812225004
0.909,0.783373666137709,0.785390102406071,0.660365439917908
0.9095,0.783365597429353,0.78538726937459,0.658652827382072
0.91,0.783358172509263,0.785384507186326,0.657518220623403
0.9105,0.78335139204151,0.785381820972282,0.656966528237901
0.911,0.78334525630179,0.785379215584622,0.656999298286156
0.9115,0.783339765297956,0.785376695687001,0.657614725062235
0.912,0.783334918960916,0.785374265902119,0.65880768547478
0.9125,0.783330717157074,0.785371930810018,0.660569804498453
0.913,0.783327159632021,0.785369694888729,0.662889548900859
0.9135,0.783324245972911,0.785367562469135,0.665752348206001
0.914,0.783321975572413,0.785365537690693,0.669140741622257
0.9145,0.783320347594358,0.785363624457499,0.67303454944275
0.915,0.783319360941566,0.785361826395953,0.677411067220732
0.9155,0.783319014225958,0.785360146813554,0.682245280833845
0.916,0.78331930574139,0.785358588660025,0.687510100380494
0.9165,0.783320233538988,0.785357154615015,0.693176610700324
0.917,0.783321795546969,0.78535584723051,0.699214336180273
0.9175,0.783323989580158,0.785354668933621,0.705591517398736
0.918,0.783326813307407,0.785353621975898,0.712275397073917
0.9185,0.783330264231329,0.785352708396873,0.719232512719037
0.919,0.783334339669656,0.785351929989111,0.726428993367066
0.9195,0.783339036738277,0.78535128826438,0.7338308577113
0.92,0.783344352336199,0.785350784421912,0.741404311015298
0.9205,0.783350283132488,0.785350419318435,0.74911603817627
0.921,0.783356825555367,0.785350193440853,0.756933490379454
0.9215,0.783363975821074,0.785350106975136,0.764824947185296
0.922,0.7833717299806,0.785350159917251,0.772759477931284
0.9225,0.783380083926031,0.785350352079961,0.780706418002734
0.923,0.783389033382115,0.785350683060202,0.788634630727951
0.9235,0.783398573903572,0.785351152218073,0.796512108558684
0.924,0.783408700874008,0.7853517586577,0.804305704434232
0.9245,0.783419409506485,0.785352501209776,0.811981293333167
0.925,0.783430694845687,0.785353378416314,0.819504135100883
0.9255,0.783442551771738,0.78535438851745,0.826839190906223
0.926,0.783454975005556,0.785355529440751,0.833951439973867
0.9265,0.783467959091604,0.785356798838586,0.84080619379016
0.927,0.783481498372054,0.785358194147143,0.847369405023238
0.9275,0.783495586989926,0.785359712595979,0.853607968465564
0.928,0.783510218904564,0.785361351199474,0.859490011397533
0.9285,0.783525387906247,0.785363106755124,0.864985170883673
0.929,0.783541087632374,0.785364975843742,0.870064855647006
0.9295,0.783557311585199,0.785366954831556,0.874702490321
0.93,0.783574053150833,0.78536903987423,0.87887374005069
0.9305,0.783591305619486,0.785371226922852,0.882556713603387
0.931,0.78360906220663,0.785373511731782,0.885732143353048
0.9315,0.783627315991512,0.785375889857743,0.888383540719045
0.932,0.783646059821572,0.785378356656203,0.890497325867593
0.9325,0.783665286312502,0.78538090729191,0.892062930720556
0.933,0.783684987886623,0.785383536755898,0.893072874559402
0.9335,0.783705156804012,0.785386239883333,0.893522811759699
0.934,0.783725785195099,0.785389011372898,0.893411551441388
0.9345,0.783746865094667,0.785391845807989,0.89274104906995
0.935,0.783768388476736,0.785394737679148,0.891516370291343
0.9355,0.783790347290257,0.785397681408028,0.889745627526923
0.936,0.783812733495075,0.78540067137222,0.887439890091535
0.9365,0.783835538959374,0.785403701866489,0.884613068826332
0.937,0.783858755299261,0.785406767037597,0.881281776455842
0.9375,0.78388237387586,0.785409860893861,0.877465165084442
0.938,0.783906385854824,0.785412977344389,0.873184742438979
0.9385,0.783930782252578,0.78541611023302,0.868464168640245
0.939,0.783955553983887,0.785419253373166,0.863329035444904
0.9395,0.783980691910619,0.785422400584018,0.857806630040012
0.94,0.784006186890982,0.785425545727087,0.851925685593374
0.9405,0.784032029829118,0.785428682743535,0.845716120863662
0.941,0.784058211724305,0.78543180569124,0.839208771253853
0.9415,0.784084723531623,0.78543490867572,0.832435113749436
0.942,0.78411155594344,0.785437985736089,0.825426988218775
0.9425,0.784138699383647,0.785441030851845,0.818216317566733
0.943,0.784166144085796,0.785444037996834,0.8108348292243
0.9435,0.784193880152525,0.785447001182787,0.803313780426681
0.944,0.784221897616101,0.785449914502978,0.795683689680557
0.9445,0.784250186499927,0.785452772176518,0.787974458247206
0.945,0.784278736880094,0.785455568592032,0.780215660517045
0.9455,0.784307538946837,0.785458298351247,0.772437127052171
0.946,0.784336583064956,0.785460956311206,0.764669664150678
0.9465,0.784365859602997,0.785463537498181,0.756945286224857
0.947,0.78439535866499,0.785466036966646,0.749297246456276
0.9475,0.784425070081982,0.785468449802057,0.741759820441678
0.948,0.784454983505711,0.785470771179222,0.734367959736419
0.9485,0.784485088478872,0.785472996407154,0.727156973084976
0.949,0.784515374506258,0.785475120973204,0.720162206875558
0.9495,0.784545831126618,0.785477140587012,0.713418727649723
0.95,0.784576447984143,0.785479051222987,0.706961009458682
0.9505,0.784607214899417,0.785480849161834,0.700822628794372
0.951,0.78463812193875,0.785482531029883,0.695035969736122
0.9515,0.784669159218059,0.785484093712481,0.689631941843762
0.952,0.784700316594621,0.785485534213003,0.684639713196551
0.9525,0.784731583656181,0.785486849651111,0.680086460825503
0.953,0.784762949826704,0.785488037314391,0.675997140616241
0.9535,0.784794404444905,0.785489094695956,0.672394278571897
0.954,0.784825936843408,0.785490019530629,0.66929778512268
0.9545,0.784857536428354,0.785490809830157,0.666724793952439
0.955,0.784889192758257,0.785491463916378,0.664689526584849
0.9555,0.784920895621923,0.785491980452756,0.663203183734874
0.956,0.784952635114257,0.7854923584733,0.662273864187016
0.9565,0.784984401421738,0.785492597312059,0.66190651171287
0.957,0.785016184485077,0.785492696489207,0.662102890288754
0.9575,0.785047973986322,0.785492655705128,0.66286158762206
0.958,0.785079759463042,0.785492474875418,0.664178046744617
0.9585,0.785111530392437,0.785492154154033,0.666044625185008
0.959,0.785143276275833,0.785491693954588,0.668450680991585
0.9595,0.785174986723354,0.785491094970058,0.671382684645945
0.96,0.785206651537508,0.785490358190275,0.674824355684869
0.9605,0.785238260795481,0.785489484917399,0.678756822639063
0.961,0.785269804928906,0.785488476778856,0.683158804701242
0.9615,0.785301274498315,0.785487335686546,0.688006813355788
0.962,0.785332659838278,0.785486063771969,0.693275372038862
0.9625,0.785363951043048,0.785484663377258,0.698937251752832
0.963,0.785395138085416,0.785483137066783,0.704963720433212
0.9635,0.785426210903676,0.785481487631346,0.711324803761144
0.964,0.785457159488713,0.785479718090439,0.717989555030374
0.9645,0.785487973971017,0.785477831692612,0.724926331615433
0.965,0.785518644706304,0.785475831913844,0.73210307554758
0.9655,0.785549162359552,0.785473722453924,0.739487595687332
0.966,0.785579517986173,0.785471507230843,0.747047848986913
0.9665,0.785609702802982,0.785469190377729,0.754752218362688
0.967,0.785639707827612,0.785466776239766,0.76256978474602
0.9675,0.785669523863277,0.785464269363885,0.770470130983821
0.968,0.785699141618472,0.785461674484594,0.778422944618314
0.9685,0.785728551794019,0.785458996508299,0.786397421340332
0.969,0.785757745169993,0.785456240495963,0.794361569556476
0.9695,0.785786712692295,0.785453411643928,0.802282066846662
0.97,0.785815445557601,0.78545051526335,0.810124349578095
0.9705,0.785843935296453,0.785447556758027,0.817852865252833
0.971,0.785872173853272,0.785444541601191,0.825431421734372
0.9715,0.785900153361209,0.785441475371075,0.832823516717893
0.972,0.78592786578742,0.78543836381075,0.839992667481123
0.9725,0.785955302917461,0.785435212818429,0.846902737998333
0.973,0.785982456472024,0.78543202841002,0.853518260545062
0.9735,0.786009318191299,0.785428816686385,0.859804748991154
0.974,0.786035879918966,0.785425583799554,0.865729001074093
0.9745,0.786062133685587,0.78542233591747,0.871259387062122
0.975,0.786088071790168,0.785419079188246,0.876366122356261
0.9755,0.786113686879681,0.785415819703499,0.881021521740556
0.976,0.786138972025358,0.785412563461783,0.88520023316917
0.9765,0.786163920508396,0.785409316436438,0.888879449175549
0.977,0.786188525482116,0.78540608468757,0.892039094200984
0.9775,0.786212779956423,0.785402874354838,0.894661986365459
0.978,0.786236676907906,0.785399691603599,0.89673397244059
0.9785,0.786260209358846,0.785396542581175,0.898244035030656
0.979,0.786283370455627,0.785393433372843,0.899184371220778
0.9795,0.786306153546317,0.785390369957049,0.899550442209116
0.98,0.786328552256282,0.785387358161096,0.899340993700054
0.9805,0.786350560561637,0.785384403616782,0.898558047095534
0.981,0.786372172859433,0.785381511717266,0.897206861779575
0.9815,0.786393383770632,0.785378687704712,0.895295869044416
0.982,0.786414187829299,0.785375936813815,0.892836578453356
0.9825,0.78643457946756,0.785373264268441,0.889843457673133
0.983,0.786454553115667,0.785370675221373,0.886333787035588
0.9835,0.786474103273248,0.785368174707706,0.882327490302395
0.984,0.786493224579731,0.78536576759881,0.877846943306081
0.9845,0.786511911883757,0.785363458556343,0.872916762323724
0.985,0.786530160310557,0.785361251987617,0.867563574205086
0.9855,0.78654796532712,0.785359152001802,0.861815770423232
0.986,0.786565322804173,0.785357162368261,0.85570324734169
0.9865,0.786582228842149,0.785355286607755,0.849257135097048
0.987,0.78659867949648,0.785353528140906,0.842509517578632
0.9875,0.786614670763481,0.785351890289357,0.835493146047256
0.988,0.786630198667481,0.785350376220337,0.828241148972287
0.9885,0.786645259322237,0.785348988905867,0.820786740680586
0.989,0.786659848991361,0.78534773108329,0.813162931402056
0.9895,0.786673964147588,0.785346605216646,0.805402241265011
0.99,0.786687601530013,0.78534561346005,0.797536420740623
0.9905,0.786700758199149,0.78534475762263,0.789596595860834
0.991,0.786713431588985,0.785344039136097,0.781613597035156
0.9915,0.786725619360838,0.785343459132578,0.773618789904715
0.992,0.786737319172486,0.785343018570424,0.765645130411556
0.9925,0.78674852866543,0.7853427182397,0.757727169571909
0.993,0.786759245536724,0.785342558721892,0.749900625295362
0.9935,0.786769467588935,0.785342540362549,0.742202053170797
0.994,0.786779192778983,0.785342663245722,0.73466851230603
0.9945,0.786788419265716,0.785342927169923,0.727337229212286
0.995,0.78679714545554,0.785343331626332,0.720245262719677
0.9955,0.786805370045961,0.785343875779007,0.713429172878537
0.996,0.786813092066407,0.785344558447743,0.706924696744261
0.9965,0.78682031076388,0.785345378158071,0.70076643386088
0.997,0.786827025422065,0.785346333221045,0.69498754415193
0.9975,0.786833235350404,0.785347421742046,0.689619460797329
0.998,0.786838939938849,0.785348641603137,0.684691620523308
0.9985,0.786844138695158,0.785349990454217,0.680231213560455
0.999,0.786848831281,0.785351465706144,0.676262955334258
0.9995,0.78685301754672,0.785353064525725,0.672808881745034
1,0.7868566975643,0.785354783832808,0.669888169671801
1.0005,0.786859871658391,0.78535662029944,0.667516984099434
1.001,0.786862540434973,0.785358570351177,0.665708353022711
1.0015,0.786864704701573,0.785360630180032,0.664472071026648
1.002,0.786866365340705,0.785362795763484,0.663814632182344
1.0025,0.786867523301089,0.785365062874968,0.663739192633585
1.003,0.786868179634107,0.785367427092115,0.664245562984188
1.0035,0.786868335517665,0.785369883808045,0.665330230331761
1.004,0.786867992278788,0.785372428244387,0.666986409532591
1.0045,0.786867151414872,0.785375055466219,0.669204123027043
1.005,0.786865814613304,0.785377760398525,0.671970308307294
1.0055,0.786863983769367,0.785380537844409,0.675268951871698
1.006,0.786861661002187,0.785383382504569,0.67908124828448
1.0065,0.786858848611047,0.785386288950917,0.683385782747768
1.007,0.786855549005597,0.7853892515815,0.688158735396939
1.0075,0.786851764699423,0.785392264630714,0.693374105351516
1.008,0.786847498327568,0.785395322201809,0.699003952393787
1.0085,0.786842752656546,0.785398418296126,0.705018654007336
1.009,0.786837530593096,0.785401546843532,0.711387175388685
1.0095,0.786831835191591,0.785404701734416,0.718077349948355
1.01,0.786825669660048,0.785407876852381,0.725056167743329
1.0105,0.786819037364677,0.785411066108018,0.732290069231843
1.011,0.786811941832937,0.785414263472833,0.739745241713738
1.0115,0.786804386746234,0.785417462918669,0.74738791581551
1.012,0.786796375927432,0.785420658317301,0.755184659398391
1.0125,0.786787913336855,0.785423843448465,0.763102666310122
1.013,0.786779003070806,0.785427012050415,0.771110037465797
1.0135,0.78676964935778,0.785430157861554,0.779175493010037
1.014,0.78675985655343,0.785433274662478,0.787267840417814
1.0145,0.786749629134252,0.785436356318956,0.795355359627644
1.015,0.786738971690135,0.78543939682463,0.803405134870811
1.0155,0.786727888915748,0.785442390343933,0.811383015344159
1.016,0.78671638560092,0.785445331254022,0.819253845540001
1.0165,0.786704466658857,0.785448214061592,0.826981751435062
1.017,0.786692137169645,0.785451033266328,0.834530480245928
1.0175,0.786679402378687,0.785453783365253,0.841863728493865
1.018,0.786666267676786,0.785456458911727,0.848945468066638
1.0185,0.786652738583034,0.785459054561557,0.855740267409487
1.019,0.786638820726513,0.785461565118663,0.862213605041783
1.0195,0.786624519826835,0.78546398558088,0.868332172684604
1.02,0.78660984167382,0.785466311184542,0.874064165396502
1.0205,0.786594792106359,0.78546853744841,0.879379556248937
1.021,0.786579376990776,0.785470660215622,0.884250353227925
1.0215,0.786563602282625,0.78547267556378,0.888650836222768
1.022,0.786547474123147,0.785474579658282,0.89255777215469
1.0225,0.786530998840136,0.785476368752179,0.895950606505992
1.023,0.786514182910745,0.785478039242396,0.898811629731861
1.0235,0.786497032931988,0.78547958771155,0.901126117270371
1.024,0.786479555590163,0.785481010968569,0.902882442109175
1.0245,0.786461757629249,0.785482306088588,0.904072159117739
1.025,0.786443645818765,0.785483470450956,0.90469006060952
1.0255,0.786425226921158,0.785484501775795,0.904734202856803
1.026,0.786406507659223,0.785485398158008,0.904205903539801
1.0265,0.786387494808544,0.785486157987777,0.903109710368721
1.027,0.786368195342336,0.785486779821753,0.901453341370618
1.0275,0.786348616434665,0.785487262378458,0.899247597579684
1.028,0.786328765407709,0.785487604581015,0.896506249108137
1.0285,0.786308649691214,0.785487805586707,0.893245895802949
1.029,0.786288276781015,0.785487864814793,0.889485803909378
1.0295,0.786267654196693,0.785487781972901,0.885247720363838
1.03,0.786246789439035,0.785487557081198,0.880555666524355
1.0305,0.786225689947366,0.785487190494607,0.875435713315206
1.031,0.786204363057425,0.785486682922365,0.869915739911965
1.0315,0.786182816120658,0.78548603537416,0.864025178222895
1.032,0.786161056691433,0.785485249073818,0.857794745531406
1.0325,0.786139092532494,0.78548432545113,0.851256167751424
1.033,0.786116931548854,0.785483266162899,0.844441895812236
1.0335,0.78609458173787,0.785482073104575,0.837384817731435
1.034,0.786072051138536,0.785480748419925,0.830117968953673
1.0345,0.786049347780112,0.78547929450885,0.822674243529097
1.035,0.786026479630879,0.785477714033059,0.815086108678778
1.0355,0.786003454547102,0.78547600991966,0.807385325245562
1.036,0.785980280223023,0.785474185362491,0.799602676458155
1.0365,0.785956964332416,0.785472243804296,0.791768603696801
1.037,0.785933514750969,0.785470188909578,0.783914226688566
1.0375,0.785909939563738,0.785468024554399,0.776071836686728
1.038,0.785886246988208,0.785465754821641,0.768275195228655
1.0385,0.785862445316849,0.785463383992417,0.760559376965808
1.039,0.785838542859098,0.785460916535665,0.752960391789796
1.0395,0.785814547882864,0.78545835709581,0.745514854773353
1.04,0.785790468556463,0.785455710478772,0.738259653226834
1.0405,0.785766312891103,0.785452981636149,0.731231613835261
1.041,0.785742088684802,0.785450175647972,0.7244671728182
1.0415,0.785717803681006,0.785447297744542,0.718002052006154
1.042,0.785693465817966,0.785444353343986,0.711870943653304
1.0425,0.785669083237878,0.785441348041965,0.706107206708257
1.043,0.785644664201855,0.785438287581897,0.700742577142891
1.0435,0.78562021702702,0.785435177827652,0.695806894795775
1.044,0.785595750023209,0.785432024734935,0.691327849022369
1.0445,0.785571271429408,0.785428834321005,0.687330745260881
1.045,0.785546789350903,0.785425612633555,0.683838294422066
1.0455,0.785522311697275,0.785422365718366,0.680870426795267
1.046,0.78549784612219,0.785419099586641,0.678444131933658
1.0465,0.785473400193461,0.785415820272648,0.676573325741089
1.047,0.785448981660586,0.785412533929317,0.675268745733347
1.0475,0.785424598465196,0.785409246819815,0.674537875190314
1.048,0.78540025865087,0.785405965268197,0.674384896654752
1.0485,0.785375970296903,0.785402695618441,0.674810674970585
1.049,0.785351741451874,0.785399444192899,0.675812769790973
1.0495,0.785327580067174,0.785396217249696,0.677385477226401
1.05,0.785303493931487,0.78539302094024,0.679519900047881
1.0505,0.78527949060639,0.785389861266355,0.682204045612206
1.051,0.785255577364034,0.785386744038258,0.685422950437307
1.0515,0.785231761362828,0.785383674957399,0.689158830128144
1.052,0.785208049923996,0.785380659752472,0.693391253139042
1.0525,0.785184450542938,0.785377704174459,0.698097336658956
1.053,0.785160970796915,0.785374813936895,0.703251962723255
1.0535,0.78513761827769,0.785371994668858,0.708828012490917
1.054,0.785114400524179,0.785369251868245,0.714796616480726
1.0545,0.785091324955268,0.785366590854781,0.721127418435404
1.055,0.785068398803813,0.785364016724086,0.727788850379419
1.0555,0.785045629051962,0.78536153430229,0.734748416355373
1.056,0.785023022368799,0.78535914810249,0.741972982265853
1.0565,0.785000585285838,0.785356862417397,0.749429069212734
1.057,0.784978324473462,0.785354681470489,0.757083147714473
1.0575,0.784956246752806,0.78535260941548,0.764901930193567
1.058,0.784934359004354,0.785350650277336,0.77285265916109
1.0585,0.784912668101667,0.785348807908019,0.780902975474451
1.059,0.78489118084532,0.785347085943311,0.789020606098097
1.0595,0.784869903897217,0.785345487760214,0.79717279206515
1.06,0.78484884371625,0.785344016436177,0.805325593600957
1.0605,0.784828006495472,0.78534267470966,0.81344372193899
1.061,0.784807398101729,0.785341464943227,0.821490591232283
1.0615,0.784787024245346,0.785340389208736,0.82942857654711
1.062,0.784766890747587,0.785339449425444,0.837219386074578
1.0625,0.784747003552703,0.785338647364022,0.844824409365732
1.063,0.784727368640371,0.78533798459936,0.852205065782631
1.0635,0.784707991962651,0.785337462477337,0.859323150083088
1.064,0.784688879381331,0.785337082083272,0.866141172105049
1.0645,0.784670036605833,0.785336844211702,0.872622687591271
1.065,0.784651469132602,0.785336749338375,0.878732617295354
1.0655,0.784633182186115,0.785336797594167,0.884437551634984
1.066,0.784615180662424,0.785336988741708,0.889706038306411
1.0665,0.784597469287767,0.785337322237221,0.894508850444014
1.067,0.784580052868712,0.785337797329806,0.898819233098812
1.0675,0.784562936303995,0.78533841306927,0.902613126017995
1.068,0.784546124503555,0.785339168279539,0.905869360932082
1.0685,0.784529622330664,0.785340061542674,0.908569831795066
1.069,0.784513434544631,0.785341091184862,0.910699636673532
1.0695,0.784497565744222,0.785342255264204,0.912247190241162
1.07,0.784482020312624,0.785343551560738,0.913204306102609
1.0705,0.784466802364118,0.785344977568566,0.913566248443309
1.071,0.784451915693238,0.785346530490392,0.913331752776678
1.0715,0.784437363917517,0.785348207264491,0.912503015835093
1.072,0.784423150702744,0.78535000460666,0.911085654923514
1.0725,0.78440927977422,0.785351919020408,0.909088637322198
1.073,0.784395754844806,0.785353946795936,0.90652418058542
1.0735,0.784382579563954,0.78535608401438,0.903407624834128
1.074,0.784369757467457,0.785358326553937,0.899757278379885
1.0745,0.784357291928035,0.785360670097951,0.89559423824332
1.075,0.784345186107501,0.785363110144796,0.890942187340614
1.0755,0.784333442910629,0.785365642019678,0.885827170304674
1.076,0.784322064941401,0.785368260888089,0.880277350081893
1.0765,0.784311054625715,0.785370961742925,0.874322747599461
1.077,0.784300414405161,0.78537373938138,0.867994966930785
1.0775,0.784290146747331,0.785376588415587,0.861326908496755
1.078,0.784280254084925,0.785379503297317,0.854352472927494
1.0785,0.784270738773115,0.785382478341616,0.847106258272279
1.079,0.784261603047731,0.785385507751891,0.839623253284152
1.0795,0.784252848984392,0.785388585646729,0.831938529520171
1.08,0.784244478459187,0.785391706087762,0.824086934988338
1.0805,0.784236493110991,0.785394863108889,0.816102792038251
1.081,0.784228894306005,0.785398050746074,0.808019602134971
1.0815,0.784221683236981,0.785401262987158,0.799870354309215
1.082,0.784214861080129,0.785404493688201,0.791688091827829
1.0825,0.784208429004145,0.785407736582584,0.783506525546009
1.083,0.784202388122008,0.785410985326724,0.775360685967018
1.0835,0.784196739457793,0.785414233538629,0.767286904139052
1.084,0.784191483914396,0.78541747483717,0.759322503474144
1.0845,0.784186622242265,0.785420702882568,0.751505481506742
1.085,0.784182155009601,0.785423911416939,0.743874156106988
1.0855,0.784178082574104,0.785427094305406,0.736466819600555
1.086,0.784174405056689,0.785430245576599,0.729321395697987
1.0865,0.78417112241467,0.785433359344716,0.722475102245778
1.087,0.784168234557742,0.78543642968125,0.71596412273755
1.0875,0.784165741355463,0.785439450620842,0.709823289424396
1.088,0.784163642602942,0.78544241621935,0.704085780739804
1.0885,0.784161937997905,0.785445320600008,0.698782835607805
1.089,0.784160627118729,0.785448157999464,0.693943487034634
1.0895,0.784159709403523,0.785450922814237,0.689594317195863
1.09,0.784159184130551,0.785453609646285,0.685759236024442
1.0905,0.78415905040006,0.785456213348207,0.682459285082437
1.091,0.784159307117769,0.785458729066774,0.679712468262417
1.0915,0.78415995304039,0.785461152152051,0.677533610615777
1.092,0.78416098684806,0.785463478008868,0.675934246346927
1.0925,0.784162407150103,0.785465702098332,0.674922536746725
1.093,0.784164212465341,0.785467819997235,0.674503218568056
1.0935,0.784166401209887,0.785469827443078,0.674677583073578
1.094,0.784168971685943,0.785471720378131,0.675443485712793
1.0945,0.784171922071628,0.785473494993076,0.676795386115072
1.095,0.784175250412004,0.785475147768938,0.678724417819618
1.0955,0.784178954611312,0.785476675517817,0.681218486904696
1.096,0.784183032426534,0.785478075421189,0.684262398429226
1.0965,0.784187481484533,0.785479344943364,0.687838009361996
1.097,0.784192299309826,0.785480481690914,0.691924406449422
1.0975,0.784197483328489,0.785481483409564,0.696498107263833
1.098,0.784203030863365,0.785482348033667,0.701533282482376
1.0985,0.784208939132712,0.785483073721533,0.70700199727341
1.099,0.784215205249838,0.785483658889161,0.712874469514166
1.0995,0.784221826223756,0.785484102242756,0.719119342431507
1.1,0.784228798960823,0.785484402809078,0.725703969148056
1.1005,0.784236120267378,0.785484559963946,0.732594706529403
1.101,0.784243786853327,0.785484573458035,0.739757215665236
1.1015,0.784251795321135,0.785484443351144,0.747156766278434
1.102,0.78426014214925,0.785484169906345,0.754758542341535
1.1025,0.784268823694094,0.785483753582841,0.762527946189573
1.103,0.784277836199936,0.785483195066081,0.770430898451695
1.1035,0.784287175808145,0.785482495286673,0.778434034434986
1.104,0.784296838567415,0.785481655437337,0.786504851062275
1.1045,0.784306820444928,0.785480676988112,0.794611228198093
1.105,0.784317117338275,0.785479561699305,0.802720679992306
1.1055,0.784327725088145,0.78547831163234,0.810799851638203
1.106,0.784338639491542,0.7854769291581,0.818814101097265
1.1065,0.78434985626374,0.785475416924592,0.82672763839157
1.107,0.784361370979058,0.785473777806066,0.834503916826058
1.1075,0.784373179070928,0.785472014893194,0.842105966472572
1.108,0.784385275855707,0.785470131498042,0.849496728904284
1.1085,0.784397656551968,0.785468131152906,0.856639390211739
1.109,0.784410316300676,0.785466017607222,0.863497709369105
1.1095,0.784423250186214,0.785463794822502,0.870036339082047
1.11,0.784436453257932,0.785461466965367,0.876221136336508
1.1105,0.784449920552177,0.785459038398602,0.882019459979366
1.111,0.78446364711447,0.785456513670406,0.887400452796469
1.1115,0.784477627936324,0.785453897521741,0.892335305709435
1.112,0.7844918578564,0.785451194900347,0.896797501888409
1.1125,0.784506331558676,0.785448410950101,0.90076303877188
1.113,0.784521043609056,0.785445550989782,0.904210626194967
1.1135,0.784535988483781,0.785442620491976,0.907121859052152
1.114,0.784551160598636,0.78543962506043,0.909481363157313
1.1145,0.78456655433889,0.785436570405582,0.911276913210814
1.115,0.784582164089494,0.785433462318912,0.912499522038111
1.1155,0.784597984265494,0.785430306645804,0.913143500524552
1.116,0.78461400934219,0.785427109257642,0.913206487934423
1.1165,0.784630233769506,0.78542387609768,0.912689452566402
1.117,0.784646651837715,0.785420613257644,0.911596662960265
1.1175,0.784663257673813,0.785417326968279,0.909935630128391
1.118,0.784680045289388,0.785414023555806,0.907717021538319
1.1185,0.784697008616998,0.785410709404779,0.904954547816919
1.119,0.784714141547221,0.785407390920067,0.901664823380736
1.1195,0.784731437966288,0.785404074487513,0.897867202418601
1.12,0.784748891793742,0.785400766434347,0.893583591859933
1.1205,0.784766497020028,0.785397472988896,0.888838243153474
1.121,0.784784247743441,0.785394200240712,0.883657524854983
1.1215,0.784802138065383,0.78539095421652,0.878069678177202
1.122,0.784820161925905,0.785387741005284,0.872104557790067
1.1225,0.784838313098428,0.785384566751754,0.86579336027249
1.123,0.784856585247062,0.785381437598703,0.859168342708374
1.1235,0.784874971969559,0.785378359640661,0.852262533988136
1.124,0.784893466840826,0.785375338877621,0.84510944142244
1.1245,0.784912063456853,0.785372381168161,0.837742755296908
1.125,0.784930755478428,0.785369492183316,0.830196053995242
1.1255,0.784949536674514,0.785366677360659,0.822502512293627
1.126,0.784968400964653,0.785363941859907,0.814694615381877
1.1265,0.784987342298959,0.785361290654817,0.806804080499116
1.127,0.785006354469545,0.785358728683448,0.798861871832779
1.1275,0.785025431103834,0.785356260845925,0.790898719577229
1.128,0.785044565729235,0.785353891943261,0.782945860640294
1.1285,0.785063751821162,0.785351626630625,0.775035451967582
1.129,0.785082982851438,0.785349469371431,0.767200859227781
1.1295,0.78510225233698,0.785347424391706,0.759476497740735
1.13,0.78512155388802,0.785345495636049,0.751897464877719
1.1305,0.785140881255752,0.785343686724688,0.744499219948165
1.131,0.785160228378694,0.785342000912879,0.737317263278511
1.1315,0.785179589251689,0.78534044118159,0.730386817326493
1.132,0.785198957719876,0.78533901038488,0.723742512635032
1.1325,0.785218327470862,0.785337711252323,0.717418081366256
1.133,0.785237692104512,0.785336546335873,0.711446061068779
1.1335,0.785257045184375,0.785335517971427,0.70585751122118
1.134,0.785276380289326,0.785334628241907,0.700681744962729
1.1345,0.785295691065332,0.785333878941421,0.695946078270238
1.135,0.785314971276534,0.785333271541583,0.691675598668839
1.1355,0.785334214855544,0.785332807159588,0.687892955376306
1.136,0.785353415952189,0.785332486529024,0.684618172576854
1.1365,0.785372568795987,0.78533231007238,0.681868487303319
1.137,0.785391667479723,0.785332278017956,0.679658213177987
1.1375,0.785410705950745,0.785332390406511,0.677998631024477
1.138,0.785429678083528,0.785332647056135,0.676897907117938
1.1385,0.785448577732767,0.785333047539319,0.676361039590805
1.139,0.785467398786536,0.785333591161953,0.676389833258538
1.1395,0.785486135219398,0.785334276944018,0.676982902876567
1.14,0.785504781144645,0.785335103602573,0.678135704588206
1.1405,0.785523330865563,0.785336069536844,0.679840595075839
1.141,0.78554177892495,0.785337172815938,0.682086917686382
1.1415,0.785560119965609,0.785338411219587,0.684861114568972
1.142,0.785578348510687,0.785339782302711,0.688146863639979
1.1425,0.785596458954404,0.785341283405054,0.691925238979776
1.143,0.785614445634983,0.785342911640646,0.696174893068904
1.1435,0.785632302887674,0.785344663894682,0.700872259090005
1.144,0.785650025097687,0.785346536822384,0.705991771357714
1.1445,0.7856676067529,0.785348526849831,0.711506101792811
1.145,0.785685042495559,0.785350630176814,0.717386410230579
1.1455,0.785702327172845,0.785352842781735,0.723602606247455
1.146,0.785719455885543,0.785355160428511,0.730123620105435
1.1465,0.785736423851045,0.785357578667961,0.736917680350923
1.147,0.785753226187512,0.785360092837956,0.743952595564216
1.1475,0.785769857904332,0.785362698074239,0.751196037737729
1.148,0.78578631397308,0.785365389326442,0.758615824765422
1.1485,0.78580258937877,0.785368161375354,0.766180199552458
1.149,0.785818679170863,0.78537100885184,0.773858103302536
1.1495,0.785834578513912,0.785373926257652,0.781619106340821
1.15,0.785850282737066,0.78537690798759,0.789433189897737
1.1505,0.785865787382344,0.785379948353287,0.797270180765093
1.151,0.785881088250916,0.785383041607985,0.80509902763904
1.1515,0.785896181272897,0.785386181908369,0.812887523055646
1.152,0.785911062302094,0.785389363250352,0.820602207106314
1.1525,0.785925727106489,0.785392579479058,0.828208570610842
1.153,0.785940171435013,0.785395824328359,0.835671408967699
1.1535,0.785954391065449,0.785399091455255,0.842955143307759
1.154,0.785968381851936,0.785402374475284,0.850024142557194
1.1545,0.785982139771988,0.785405666999366,0.856843043555385
1.155,0.785995660972293,0.785408962671096,0.863377066412087
1.1555,0.786008941813207,0.785412255204905,0.869592322351174
1.156,0.786021978911251,0.785415538424034,0.87545611137513
1.1565,0.786034769019654,0.785418806190062,0.880937207194311
1.157,0.786047308839907,0.785422052286522,0.886006126996583
1.1575,0.786059595012598,0.785425270426164,0.890635383785002
1.158,0.786071624177987,0.785428454306539,0.894799719182231
1.1585,0.786083393019125,0.785431597654999,0.898476314788684
1.159,0.786094898304459,0.785434694273897,0.901644980385257
1.1595,0.786106136929822,0.785437738086512,0.904288317488906
1.16,0.786117105959189,0.785440723182412,0.906391856998363
1.1605,0.786127802664085,0.785443643862788,0.907944169905711
1.161,0.786138224561062,0.785446494684449,0.90893695029532
1.1615,0.786148369306489,0.785449270370386,0.90936507010243
1.162,0.786158234530481,0.785451965663267,0.909226605357267
1.1625,0.786167817828344,0.785454575328623,0.908522833894722
1.163,0.786177116813232,0.785457094215949,0.907258204762061
1.1635,0.786186129153241,0.78545951730583,0.905440279805614
1.164,0.786194852607909,0.785461839756373,0.903079648159783
1.1645,0.786203285063994,0.785464056949532,0.900189814595926
1.165,0.786211424570038,0.785466164535958,0.89678706291265
1.1655,0.786219269369586,0.785468158478931,0.892890295760916
1.166,0.786226817932605,0.78547003509605,0.888520852495365
1.1665,0.78623406886748,0.785471790967785,0.883702306825688
1.167,0.786241020781977,0.785473422788599,0.87846024620729
1.1675,0.786247672275581,0.785474927365455,0.87282203505751
1.168,0.786254021982766,0.785476301672878,0.866816564011141
1.1685,0.786260068603082,0.78547754289327,0.860473987535983
1.169,0.786265810930543,0.785478648455789,0.853825452314793
1.1695,0.786271247882258,0.785479616074291,0.846902818863757
1.17,0.786276378525859,0.785480443783176,0.839738378899029
1.1705,0.786281202105674,0.785481129971593,0.832364570981794
1.171,0.786285718067236,0.785481673414913,0.824813696968727
1.1715,0.786289925988831,0.785482073198633,0.817117641768808
1.172,0.786293825473142,0.785482328595361,0.809307598859604
1.1725,0.786297416140709,0.78548243905893,0.801414180552281
1.173,0.7863006976627,0.785482404262971,0.793467694804499
1.1735,0.786303669783217,0.785482224126761,0.785498717672905
1.174,0.786306332340854,0.785481898839169,0.777538803360493
1.1745,0.786308685289445,0.785481428881005,0.769620716506493
1.175,0.7863107287177,0.785480815045051,0.761778466897336
1.1755,0.786312462867675,0.785480058454023,0.754047088726517
1.176,0.786313888151799,0.78547916057586,0.746462286610976
1.1765,0.786315005105574,0.78547812317744,0.739060110198898
1.177,0.7863158143125,0.785476948250856,0.731876628158355
1.1775,0.786316316398809,0.785475638004242,0.724947604433712
1.178,0.78631651205499,0.785474194876499,0.71830817961518
1.1785,0.78631640204982,0.785472621543743,0.711992560200534
1.179,0.786315987243603,0.785470920923733,0.706033718437598
1.1795,0.786315268600603,0.78546909617835,0.700463105322524
1.18,0.786314247200464,0.785467150713967,0.695310379193466
1.1805,0.786312924248604,0.785465088179724,0.690603152203191
1.181,0.786311301085415,0.785462912463671,0.68636675677916
1.1815,0.786309379161017,0.785460627685202,0.682624033987181
1.182,0.786307159994903,0.785458238184758,0.679395145506854
1.1825,0.786304645172077,0.785455748513105,0.676697410705573
1.183,0.786301836352951,0.785453163419343,0.674545170064868
1.1835,0.786298735278877,0.785450487836662,0.672949675970607
1.184,0.786295343776885,0.785447726866347,0.671919011629064
1.1845,0.786291663763619,0.785444885759845,0.67145803861659
1.185,0.786287697248416,0.785441969899338,0.671568373313647
1.1855,0.786283446335502,0.785438984776579,0.672248392216753
1.186,0.786278913225298,0.785435935970554,0.673493265866607
1.1865,0.786274100211402,0.785432829180221,0.675295020879613
1.187,0.786269009675252,0.785429670279871,0.677642629325362
1.1875,0.786263644083743,0.785426465308877,0.680522124456511
1.188,0.786258005987517,0.785423220435144,0.683916741571858
1.1885,0.786252098018051,0.785419941922792,0.68780708258033
1.189,0.786245922883986,0.785416636098679,0.692171302634638
1.1895,0.786239483366687,0.785413309317366,0.696985317020436
1.19,0.786232782315105,0.785409967925474,0.702223026321149
1.1905,0.78622582263996,0.785406618225015,0.707856557731856
1.191,0.78621860730732,0.78540326643671,0.713856520268577
1.1915,0.786211139357286,0.785399918767041,0.720192271513286
1.192,0.786203421932851,0.785396581519096,0.726832193450475
1.1925,0.786195458279039,0.785393261084734,0.733743974888924
1.193,0.786187251729969,0.785389963890282,0.740894897922734
1.1935,0.786178805697843,0.785386696352158,0.74825212586889
1.194,0.78617012366123,0.785383464832161,0.755782990124652
1.1945,0.786161209152622,0.785380275591872,0.763455273416607
1.195,0.786152065745508,0.785377134747453,0.771237486963913
1.1955,0.786142697040935,0.785374048224324,0.779098819729661
1.196,0.786133106653818,0.78537102171299,0.787008944462764
1.1965,0.786123298252104,0.785368060757929,0.794937115152853
1.197,0.78611327561795,0.785365170903271,0.802850956331933
1.1975,0.786103042648367,0.78536235768888,0.810716422188641
1.198,0.786092603331803,0.785359626588439,0.81849823145031
1.1985,0.786081961729625,0.785356982961335,0.826160193246664
1.199,0.786071121956952,0.78535443200508,0.833665538580572
1.1995,0.786060088162865,0.785351978707695,0.840977254433585
1.2,0.786048864510307,0.785349627801428,0.848058417532821
1.2005,0.786037455155701,0.785347383717254,0.854872524830813
1.201,0.786025864228614,0.785345250541512,0.861383817800993
1.2015,0.786014095889598,0.78534323210999,0.867557597727627
1.202,0.786002154420791,0.785341332161208,0.873360529269686
1.2025,0.785990044228025,0.785339554337151,0.878760929701986
1.203,0.785977769807969,0.78533790212536,0.883729041382898
1.2035,0.785965335722918,0.785336378816108,0.88823728516445
1.204,0.785952746575006,0.785334987460883,0.892260492646098
1.2045,0.785940006979905,0.785333730831693,0.895776115376115
1.205,0.785927121540406,0.785332611382379,0.898764409322463
1.2055,0.785914094819941,0.785331631211502,0.901208593166111
1.206,0.785900931316451,0.785330792027918,0.903094979211989
1.2065,0.785887635536502,0.785330095232439,0.904413075963818
1.207,0.785874212111591,0.785329542049976,0.905155661666648
1.2075,0.785860665801594,0.785329133534808,0.905318828382826
1.208,0.785847001453796,0.785328870527556,0.904901996430851
1.2085,0.785833223971969,0.785328753625691,0.90390789927985
1.209,0.785819338284987,0.785328783155885,0.902342539252974
1.2095,0.785805349315031,0.78532895914788,0.90021511464841
1.21,0.785791261945875,0.78532928131068,0.897537919134936
1.2105,0.785777080991326,0.785329749010793,0.894326214517664
1.211,0.785762811164288,0.785330361253216,0.890598078196927
1.2115,0.785748457164321,0.785331116735357,0.886374226857158
1.212,0.785734023815185,0.785332013933236,0.88167781812135
1.2125,0.785719516069477,0.785333051110313,0.876534232088582
1.213,0.785704938961079,0.785334226297431,0.870970834835696
1.2135,0.78569029756968,0.785335537282205,0.8650167261082
1.214,0.785675596984944,0.785336981600444,0.858702473548697
1.2145,0.785660842270386,0.785338556529502,0.852059835912727
1.215,0.785646038427532,0.785340259083824,0.845121477801037
1.2155,0.785631190360415,0.785342086012638,0.837920678493488
1.216,0.785616302840967,0.785344033799939,0.830491037502764
1.2165,0.78560138060682,0.785346098680539,0.82286617947554
1.217,0.785586428515079,0.785348276664154,0.815079461055027
1.2175,0.785571451547961,0.785350563546133,0.807163682282021
1.218,0.785556454760366,0.785352954914149,0.799150805052291
1.2185,0.785541443241104,0.785355446158466,0.791072256112267
1.219,0.78552642207388,0.785358032484041,0.782959480249908
1.2195,0.78551139629813,0.785360708924618,0.774844559110062
1.22,0.785496370870304,0.785363470358461,0.76676087605455
1.2205,0.785481350625674,0.78536631152594,0.758743133000975
1.221,0.785466340241257,0.785369227048503,0.750827088478621
1.2215,0.78545134434044,0.785372211403875,0.74304925987772
1.222,0.78543636765759,0.785375258883512,0.73544657969006
1.2225,0.785421415044488,0.785378363603231,0.728056061165739
1.223,0.785406491414839,0.785381519535378,0.720914465753812
1.2235,0.785391601703543,0.785384720538041,0.71405797525374
1.224,0.785376750825836,0.785387960385557,0.707521871541184
1.2245,0.785361943636431,0.785391232800688,0.701340226643375
1.225,0.785347184889247,0.78539453148758,0.695545605827193
1.2255,0.785332479197833,0.785397850165923,0.690168786228222
1.226,0.78531783099708,0.785401182605348,0.685238493392832
1.2265,0.785303244651132,0.785404522564457,0.680781157929364
1.227,0.785288724623251,0.785407863689705,0.676820694270331
1.2275,0.785274275482819,0.78541119952393,0.673378303337219
1.228,0.785259901848665,0.785414523557928,0.670472300674787
1.2285,0.785245608347731,0.78541782927311,0.668117971384942
1.229,0.785231399573756,0.785421110184657,0.666327452943461
1.2295,0.785217280046068,0.785424359885705,0.665109646728201
1.23,0.785203254169106,0.785427572091324,0.664470158827508
1.2305,0.785189326192771,0.785430740682803,0.664411270434358
1.231,0.785175500174204,0.785433859750982,0.664931937867977
1.2315,0.785161780085417,0.785436923510635,0.666027822002413
1.232,0.785148169982839,0.785439926159888,0.667691346623156
1.2325,0.785134674014638,0.785442861885037,0.669911784980757
1.233,0.785121296364725,0.785445724921805,0.672675373566486
1.2335,0.785108041212169,0.785448509603377,0.675965451901678
1.234,0.785094912690753,0.785451210408066,0.679762626911391
1.2345,0.785081914848765,0.785453822007172,0.684044960246283
1.235,0.785069051609617,0.785456339311658,0.688788176725885
1.2355,0.7850563267334,0.785458757518214,0.693965891903294
1.236,0.785043743779953,0.78546107215333,0.699549856597145
1.2365,0.785031306212777,0.78546327897923,0.705510216102677
1.237,0.785019017562823,0.785465373840387,0.711815781681009
1.2375,0.785006881435904,0.785467352663726,0.718434311834993
1.238,0.784994901459146,0.785469211517984,0.72533280081202
1.2385,0.784983081242434,0.785470946658053,0.73247777172932
1.239,0.784971424340125,0.785472554568138,0.739835571695768
1.2395,0.784959934213082,0.785474032004243,0.747372666306082
1.24,0.784948614191639,0.785475376034726,0.755055930908398
1.2405,0.784937467439552,0.78547658407942,0.762852936094001
1.241,0.784926496919507,0.785477653946122,0.770732224928106
1.2415,0.784915705490084,0.78547858374587,0.778662684423035
1.242,0.784905096058691,0.78547937175561,0.786612533044963
1.2425,0.78489467158882,0.785480016413746,0.794548832465578
1.243,0.784884435050588,0.785480516366362,0.802437192493223
1.2435,0.78487438938541,0.785480870499476,0.810241933262201
1.244,0.784864537471004,0.785481077969519,0.817926468421078
1.2445,0.784854882086855,0.785481138232393,0.825453640075645
1.245,0.784845425880615,0.785481051070224,0.832786056282634
1.2455,0.784836171335556,0.785480816616123,0.839886428091409
1.246,0.784827120739539,0.785480435376168,0.846717903157182
1.2465,0.78481827627212,0.785479908170098,0.853244393001709
1.247,0.784809640142,0.785479236036181,0.859430891075382
1.2475,0.784801214593903,0.785478420222944,0.865243778877078
1.248,0.784793001864685,0.785477462213483,0.870651117514144
1.2485,0.784785004152246,0.785476363739496,0.875622922233053
1.249,0.784777223584889,0.785475126793282,0.880131417620231
1.2495,0.784769662191191,0.785473753637849,0.884151271360526
1.25,0.784762321870846,0.785472246814759,0.887659804646087
1.2505,0.784755204366541,0.785470609149816,0.890637177549044
1.251,0.784748311237296,0.78546884375634,0.893066547905275
1.2515,0.784741643933177,0.785466954012584,0.894934202501521
1.252,0.784735203913286,0.785464943526937,0.89622965961199
1.2525,0.784728992652045,0.785462816127392,0.896945742190978
1.253,0.784723011602114,0.785460575859282,0.897078621292608
1.2535,0.784717262168441,0.785458226978389,0.896627829555246
1.254,0.784711745682818,0.785455773942138,0.895596244853981
1.2545,0.784706463379016,0.785453221398792,0.893990044487579
1.255,0.784701416368869,0.785450574174846,0.891818630524061
1.2555,0.784696605619367,0.78544783726051,0.889094527179452
1.256,0.784692031931097,0.785445015793604,0.88583325134498
1.2565,0.784687695998499,0.785442115078094,0.882053157607104
1.257,0.784683598505162,0.78543914061641,0.877775259320286
1.2575,0.784679740129317,0.785436098098649,0.873023027492548
1.258,0.784676121514577,0.785432993374072,0.867822169426889
1.2585,0.784672743249812,0.785429832424526,0.862200389226231
1.259,0.784669605849579,0.78542662133644,0.856187132414184
1.2595,0.784666709735175,0.785423366271059,0.849813317047647
1.26,0.784664055216593,0.785420073433723,0.843111053798991
1.2605,0.784661642475417,0.785416749041812,0.836113357564695
1.261,0.784659471548922,0.785413399292236,0.828853853213183
1.2615,0.78465754237435,0.785410030417746,0.821366478117027
1.262,0.784655854859063,0.785406648780512,0.813685184123416
1.2625,0.78465440888511,0.78540326086309,0.805843641602034
1.263,0.784653204288512,0.785399873218982,0.797874948171502
1.2635,0.784652240845445,0.78539649243132,0.789811722058205
1.264,0.784651518259021,0.785393125070868,0.781686361577032
1.2645,0.78465103614671,0.785389777652875,0.773531605355349
1.265,0.78465079402858,0.78538645659395,0.765381232105804
1.2655,0.784650791316396,0.785383168168464,0.757270267459728
1.266,0.784651027303736,0.785379918465714,0.749234987014078
1.2665,0.784651501193299,0.78537671347353,0.741312673118376
1.267,0.784652212140373,0.785373559215685,0.733541241966126
1.2675,0.784653159256339,0.785370461746349,0.725958898924938
1.268,0.784654341596947,0.785367427088954,0.718603793884694
1.2685,0.784655758155076,0.785364461187873,0.711513679670716
1.269,0.78465740785412,0.785361569860306,0.70472557651916
1.2695,0.784659289542006,0.785358758747826,0.698275445535971
1.27,0.78466140198593,0.785356033268939,0.692197873959575
1.2705,0.784663743867841,0.785353398572118,0.686525774922168
1.271,0.784666313780722,0.785350859490674,0.681290104256234
1.2715,0.784669110238525,0.785348420638014,0.676519596723279
1.272,0.784672131692282,0.785346086563167,0.672240523852387
1.2725,0.78467537653247,0.785343861749782,0.668476475368883
1.273,0.784678843086398,0.785341750554767,0.665248165970082
1.2735,0.784682529617609,0.785339757162033,0.662573268967952
1.274,0.784686434325893,0.785337885537305,0.660466278069689
1.2745,0.784690555347913,0.785336139383452,0.658938398308949
1.275,0.784694890758434,0.785334522097649,0.657997466875272
1.2755,0.784699438572152,0.785333036729863,0.657647904319275
1.276,0.784704196746096,0.785331685943915,0.657890696339156
1.2765,0.78470916317234,0.785330472106513,0.658723406082073
1.277,0.784714335666982,0.785329397431729,0.660140216624728
1.2775,0.784719711971322,0.785328463984732,0.662132003033128
1.278,0.784725289758199,0.785327673631734,0.664686433144446
1.2785,0.784731066637862,0.785327028004506,0.667788095966355
1.279,0.784737040164433,0.785326528466598,0.671418656353232
1.2795,0.784743207842936,0.785326176080871,0.67555703439629
1.28,0.784749567136797,0.785325971579307,0.680179607757819
1.2805,0.784756115475789,0.785325915334767,0.685260434990012
1.281,0.784762850264309,0.785326007335564,0.6907714977079
1.2815,0.784769768857559,0.785326247251557,0.69668295933509
1.282,0.784776868524482,0.785326634540414,0.702963438011387
1.2825,0.784784146447752,0.785327168455407,0.709580291144175
1.283,0.784791599738603,0.785327848016078,0.716499909001131
1.2835,0.784799225448806,0.785328671990207,0.723688014681341
1.284,0.784807020583198,0.785329638877811,0.731109967765226
1.2845,0.784814982112712,0.785330746896984,0.738731068931283
1.285,0.784823106987735,0.785331993972053,0.746516862839241
1.2855,0.784831392151749,0.785333377723927,0.754433436614651
1.286,0.784839834555047,0.785334895462973,0.762447711328623
1.2865,0.78484843111561,0.785336544219736,0.77052716474927
1.287,0.784857178657877,0.785338320793016,0.778639310342755
1.2875,0.784866073911586,0.785340221760242,0.786751088953134
1.288,0.784875113534384,0.785342243474407,0.794828205473672
1.2885,0.784884294129369,0.785344382066886,0.802835105903304
1.289,0.784893612263105,0.785346633452234,0.810735228767168
1.2895,0.784903064484091,0.785348993335011,0.818491305541846
1.29,0.784912647341379,0.78535145721853,0.82606571203965
1.2905,0.784922357403317,0.785354020415609,0.833420808419604
1.291,0.784932191276135,0.785356678061115,0.840519276796794
1.2915,0.784942145551164,0.785359425101526,0.847324453483117
1.292,0.784952216722078,0.785362256275749,0.853800652961964
1.2925,0.784962401182636,0.785365166126151,0.85991348079401
1.293,0.784972695256156,0.785368149022333,0.865630132769988
1.2935,0.784983095217898,0.785371199184282,0.87091967776786
1.294,0.78499359731786,0.785374310707078,0.875753321934817
1.2945,0.785004197803928,0.785377477587429,0.88010465199729
1.295,0.78501489294503,0.785380693751357,0.883949855703067
1.2955,0.785025679054256,0.785383953083362,0.88726791761662
1.296,0.785036552511564,0.78538724945626,0.890040788719867
1.2965,0.785047509699426,0.785390576681559,0.892253528513711
1.297,0.785058546901759,0.785393928426627,0.893894418568523
1.2975,0.785069660300683,0.785397298224301,0.89495504673197
1.298,0.785080846011725,0.785400679519031,0.89543036146792
1.2985,0.785092100110205,0.78540406570602,0.895318696068125
1.299,0.78510341865795,0.785407450171176,0.894621762746688
1.2995,0.785114797730265,0.785410826332373,0.893344616893493
1.3,0.78512623344277,0.78541418768087,0.891495592024564
1.3005,0.785137721978017,0.785417527823382,0.889086206222412
1.301,0.785149259611512,0.785420840523605,0.886131041105555
1.3015,0.785160842638138,0.785424119622754,0.882647594601582
1.302,0.785172467256511,0.785427358908698,0.878656109020237
1.3025,0.785184129564882,0.78543055212233,0.87417937613027
1.303,0.785195825600797,0.7854336930174,0.869242521134417
1.3035,0.785207551370534,0.785436775408245,0.863872767609398
1.304,0.785219302878771,0.78543979321748,0.858099185630689
1.3045,0.785231076158426,0.785442740524196,0.851952425434028
1.305,0.785242867300198,0.785445611611298,0.845464439075977
1.3055,0.785254672481765,0.785448401012559,0.838668192643661
1.306,0.785266487996177,0.785451103558003,0.831597371628399
1.3065,0.785278310171662,0.78545371427959,0.824286082118936
1.307,0.785290135245505,0.785456228257017,0.8167685504872
1.3075,0.785301959359237,0.785458640619647,0.809078824232957
1.308,0.785313778601368,0.785460946608731,0.801250476623667
1.3085,0.785325589038846,0.785463141624742,0.793316392493876
1.309,0.785337386748659,0.785465221273781,0.785308593928751
1.3095,0.785349167849499,0.785467181413623,0.777258717122586
1.31,0.785360928533004,0.785469018198045,0.769198769180058
1.3105,0.785372665094518,0.785470728119968,0.761161657048367
1.311,0.785384373962891,0.785472308052126,0.753181639703999
1.3115,0.785396051616412,0.785473755155727,0.745294198593134
1.312,0.785407694450501,0.785475066732041,0.737535646266269
1.3125,0.785419298772375,0.785476240219522,0.72994279441074
1.313,0.785430860845392,0.785477273246667,0.722552619950534
1.3135,0.785442376921477,0.785478163669995,0.715401932179794
1.314,0.785453843273592,0.785478909610412,0.708527043865251
1.3145,0.785465256228162,0.785479509488382,0.701963449195891
1.315,0.785476612196974,0.785479962056865,0.695745511376215
1.3155,0.78548790770847,0.785480266432391,0.689906162553413
1.316,0.785499139437967,0.785480422123314,0.684476618639703
1.3165,0.785510304122494,0.785480428958737,0.679486111440374
1.317,0.785521398426697,0.785480286973966,0.674961640327112
1.3175,0.785532418937158,0.785479996403378,0.670927745506752
1.318,0.785543362206892,0.785479557713891,0.667406304729434
1.3185,0.785554224787674,0.785478971626399,0.664416355059165
1.319,0.785565003262321,0.785478239135193,0.661973941096171
1.3195,0.785575694276823,0.785477361525597,0.660091990796201
1.32,0.785586294571855,0.785476340389256,0.658780219779464
1.3205,0.7855968010136,0.785475177637247,0.658045064763331
1.321,0.785607210623405,0.785473875510548,0.657889646490762
1.3215,0.785617520494271,0.785472436542721,0.658313762262843
1.322,0.7856277276593,0.785470863500981,0.659313907921301
1.3225,0.78563782908585,0.785469159376145,0.660883328867619
1.323,0.785647821718766,0.785467327390347,0.663012099451748
1.3235,0.785657702511587,0.785465370997836,0.665687229817532
1.324,0.785667468457599,0.785463293883741,0.668892799056017
1.3245,0.78567711662067,0.785461099960794,0.672610113293751
1.325,0.785686644165377,0.785458793364044,0.676817887132939
1.3255,0.785696048386389,0.785456378443468,0.681492446665645
1.326,0.785705326736625,0.785453859754648,0.686607952106687
1.3265,0.785714476748029,0.785451242062349,0.69213663793098
1.327,0.785723495906669,0.785448530348507,0.698049068262031
1.3275,0.785732381646935,0.785445729801146,0.704314405140214
1.328,0.785741131392155,0.785442845794817,0.710900687203208
1.3285,0.785749742583713,0.785439883870549,0.717775116237281
1.329,0.785758212709935,0.785436849714137,0.724904349007399
1.3295,0.785766539334664,0.785433749132517,0.732254791746771
1.33,0.785774720125096,0.785430588028836,0.739792894682359
1.3305,0.785782752878816,0.78542737237592,0.74748544399213
1.331,0.785790635549615,0.785424108188842,0.755299848631844
1.3315,0.785798366174946,0.78542080156887,0.763204245861445
1.332,0.785805942761486,0.785417458777048,0.771167524740988
1.3325,0.785813363279559,0.785414086224186,0.779158815561695
1.333,0.785820625699913,0.785410690427634,0.787146745908133
1.3335,0.785827728019888,0.785407277974107,0.795099003278356
1.334,0.785834668289265,0.785403855481537,0.802982012469646
1.3345,0.785841444635742,0.785400429559499,0.810761088886081
1.335,0.785848055289652,0.785397006769287,0.818400811684888
1.3355,0.785854498607854,0.785393593583181,0.825865347153853
1.336,0.785860773096458,0.785390196344045,0.833118773322632
1.3365,0.785866877347086,0.785386821341458,0.840125402928838
1.337,0.785872809936261,0.785383474937238,0.846850101895791
1.3375,0.785878569420218,0.785380163558383,0.853258600539578
1.338,0.785884154366786,0.785376893638266,0.8593177948081
1.3385,0.785889563377847,0.785373671569293,0.864996034962918
1.339,0.785894795111413,0.785370503655469,0.870263399245029
1.3395,0.785899848303276,0.785367396064277,0.875091950216717
1.34,0.785904721787897,0.785364354779255,0.879455971641948
1.3405,0.785909414518497,0.785361385552695,0.883332183955768
1.341,0.785913925586028,0.785358493859841,0.886699936576919
1.3415,0.785918254166044,0.78535568499297,0.889541375535625
1.342,0.785922399434726,0.785352964215354,0.891841585118106
1.3425,0.785926360564244,0.785350336758502,0.893588702468737
1.343,0.785930136748864,0.785347807758799,0.894774004337776
1.3435,0.785933727223073,0.785345382208897,0.895391965414821
1.344,0.785937131279294,0.785343064909893,0.895440287943605
1.3445,0.785940348285118,0.785340860423708,0.894919902569864
1.345,0.785943377699814,0.785338773027068,0.893834940628727
1.3455,0.785946219090064,0.785336806666524,0.892192678329029
1.346,0.785948872144701,0.785334964915859,0.890003453537046
1.3465,0.785951336633569,0.785333251070466,0.887280556099151
1.347,0.785953612342407,0.785331668300853,0.884040092869857
1.3475,0.785955699068893,0.78533021965471,0.88030082882669
1.348,0.785957596642291,0.785328908000914,0.876084005854464
1.3485,0.785959304936802,0.78532773598879,0.871413140967201
1.349,0.785960823884455,0.785326706008894,0.866313805904593
1.3495,0.785962153487507,0.78532582015486,0.860813390190147
1.35,0.785963293830153,0.785325080187436,0.854940849868882
1.3505,0.785964245089544,0.785324487500299,0.848726444252555
1.351,0.785965007545918,0.785324043088687,0.84220146308909
1.3515,0.785965581554437,0.785323747626332,0.835397946639604
1.352,0.785965967500482,0.785323601589639,0.828348401190656
1.3525,0.78596616579647,0.785323605264219,0.821085512550887
1.353,0.785966176894612,0.78532375870679,0.813641860080109
1.3535,0.785966001295186,0.785324061719979,0.806049633775239
1.354,0.785965639554333,0.785324513829116,0.798340356891662
1.3545,0.785965092291353,0.785325114260723,0.790544890565623
1.355,0.785964360195395,0.785325861923397,0.782693562307163
1.3555,0.785963444031516,0.785326755390856,0.774816711097004
1.356,0.785962344646029,0.785327792887714,0.766945418645991
1.3565,0.785961062951842,0.785328972334485,0.759111848333925
1.357,0.785959599905018,0.785330291419064,0.751349427915725
1.3575,0.785957956502459,0.785331747606492,0.743692665834281
1.358,0.785956133787544,0.785333338125942,0.736176790595756
1.3585,0.785954132853211,0.785335059965836,0.728837429218546
1.359,0.785951954844553,0.785336909871013,0.721710284561682
1.3595,0.785949600960924,0.78533888434194,0.714830814393796
1.36,0.785947072457528,0.78534097963605,0.708233915027089
1.3605,0.785944370646475,0.785343191771225,0.701953612279369
1.361,0.785941496897301,0.785345516531416,0.696022762441934
1.3615,0.78593845263591,0.785347949471223,0.69047276582264
1.362,0.785935239342545,0.785350485921192,0.685333295303261
1.3625,0.785931858550385,0.785353120998975,0.680632042199334
1.363,0.7859283118441,0.78535584962389,0.676394481540705
1.3635,0.785924600857776,0.785358666533262,0.672643658703543
1.364,0.785920727272379,0.785361566300542,0.669399999121445
1.3645,0.785916692812753,0.785364543355385,0.666681142586375
1.365,0.7859124992442,0.785367592005219,0.66450180342154
1.3655,0.78590814836864,0.785370706458526,0.662873657570026
1.366,0.78590364202043,0.78537388084926,0.661805257397291
1.3665,0.78589898207855,0.785377109200121,0.661301974754671
1.367,0.785894170485458,0.785380385360631,0.661365972597083
1.3675,0.785889209246622,0.785383703017604,0.661996205193533
1.368,0.785884100422225,0.785387055734536,0.663188446715894
1.3685,0.785878846120157,0.785390436986131,0.664935347742177
1.369,0.785873448488574,0.785393840193947,0.667226518967112
1.3695,0.78586790970802,0.7853972587636,0.670048641177616
1.37,0.78586223198325,0.785400686122494,0.673385600325489
1.3705,0.785856417534765,0.785404115758536,0.67721864631649
1.371,0.78585046859018,0.785407541258758,0.681526573935523
1.3715,0.785844387408907,0.785410956238197,0.686285924143701
1.372,0.785838176320695,0.785414354222382,0.691471203816084
1.3725,0.785831837726087,0.785417728655135,0.697055121840166
1.373,0.785825374081737,0.785421072955393,0.703008839366073
1.3735,0.785818787888832,0.785424380563416,0.709302231890654
1.374,0.785812081681109,0.785427644987262,0.715904160770343
1.3745,0.785805258012505,0.785430859850095,0.722782751692134
1.375,0.785798319444615,0.785434018936993,0.729905677588884
1.3755,0.785791268533988,0.785437116241799,0.737240443464567
1.376,0.785784107819463,0.785440146012675,0.744754670597046
1.3765,0.785776839858197,0.78544310265998,0.75241637761028
1.377,0.785769467282106,0.785445980605307,0.760194255954187
1.3775,0.785761992799205,0.785448774285149,0.76805765453644
1.378,0.785754419173189,0.785451478214438,0.775976436810623
1.3785,0.78574674920777,0.785454087035725,0.783920433803067
1.379,0.785738985730682,0.785456595567727,0.791858716059949
1.3795,0.785731131577363,0.785458998853826,0.799759260683886
1.38,0.78572318957457,0.785461292209117,0.807588776327481
1.3805,0.785715162523977,0.785463471266565,0.815312887765902
1.381,0.785707053185978,0.785465532020899,0.822896494674303
1.3815,0.785698864325592,0.78546747073287,0.830304092087495
1.382,0.785690598784503,0.785469283773311,0.837500092042463
1.3825,0.785682259483211,0.785470967621968,0.844449143551238
1.383,0.785673849395682,0.785472518925774,0.851116448087636
1.3835,0.785665371530231,0.785473934541716,0.857468067831963
1.384,0.785656828910123,0.785475211578285,0.863471224002318
1.3845,0.785648224553926,0.785476347436007,0.869094582708628
1.385,0.78563956145592,0.785477339845848,0.874308525894938
1.3855,0.785630842566609,0.78547818690596,0.879085405085406
1.386,0.785622070773626,0.785478887115618,0.883399775818492
1.3865,0.785613248955761,0.785479439293947,0.887228610840282
1.387,0.785604380067852,0.785479842448465,0.890551490330046
1.3875,0.785595467143659,0.785480095769303,0.893350767647023
1.388,0.785586513266534,0.785480198671186,0.895611709315076
1.3885,0.785577521547559,0.785480150821886,0.897322608199194
1.389,0.785568495103452,0.785479952168725,0.898474869072583
1.3895,0.785559437034322,0.785479602963471,0.899063066023173
1.39,0.785550350401583,0.785479103784836,0.899084971401421
1.3905,0.785541238206098,0.785478455558837,0.898541556265122
1.391,0.785532103366864,0.785477659576357,0.897436962529283
1.3915,0.785522948781221,0.785476717441727,0.895778447277699
1.392,0.785513777419511,0.785475630990654,0.893576299935626
1.3925,0.785504592328564,0.785474402280901,0.890843733237683
1.393,0.785495396599443,0.785473033610024,0.887596749149819
1.3935,0.785486193343598,0.785471527523997,0.88385398111706
1.394,0.785476985668887,0.785469886823737,0.879636514207784
1.3945,0.785467776655495,0.785468114569632,0.874967684909089
1.395,0.785458569332143,0.78546621408383,0.869872862494613
1.3955,0.785449366652625,0.785464188950359,0.864379214034858
1.396,0.785440171473027,0.785462043012942,0.85851545524925
1.3965,0.785430986616005,0.785459780363228,0.852311589508016
1.397,0.785421814971918,0.785457405323722,0.845798637379566
1.3975,0.785412659502794,0.785454922436688,0.83900835918482
1.398,0.785403523208265,0.78545233645423,0.831972973063482
1.3985,0.785394409100565,0.785449652325415,0.824724871078266
1.399,0.78538532017947,0.785446875181543,0.817296335881697
1.3995,0.785376259407225,0.785444010319396,0.809719260446316
1.4,0.785367229683843,0.785441063182854,0.802024873313468
1.4005,0.785358233822838,0.785438039342682,0.794243686917778
1.401,0.785349274527746,0.785434944474979,0.786405545310519
1.4015,0.785340354458308,0.78543178439138,0.778540603496914
1.402,0.785331476334649,0.785428565090376,0.770680705471836
1.4025,0.785322642941587,0.785425292746545,0.762859463152411
1.403,0.7853138570939,0.785421973674765,0.755111813143808
1.4035,0.785305121611006,0.785418614298223,0.74747369325916
1.404,0.785296439291648,0.785415221115148,0.739981712604762
1.4045,0.785287812888663,0.785411800663896,0.732672818195213
1.405,0.785279245084187,0.785408359487302,0.725583961071779
1.4055,0.785270738465384,0.785404904095902,0.71875176487958
1.406,0.785262295501044,0.78540144093103,0.712212199815446
1.4065,0.785253918607489,0.785397976431405,0.706000264789177
1.407,0.785245610252384,0.785394517143358,0.700149680547177
1.4075,0.785237372959242,0.785391069712404,0.694692596390076
1.408,0.785229209273147,0.785387640828289,0.689659312976186
1.4085,0.785221121735936,0.785384237179857,0.685078023541908
1.409,0.785213112861456,0.785380865409482,0.680974575690032
1.4095,0.785205185110975,0.785377532066516,0.677372255699037
1.41,0.785197340869098,0.785374243561061,0.674291597092855
1.4105,0.785189582420268,0.785371006117519,0.671750214983158
1.411,0.785181911926179,0.78536782572925,0.669762667457089
1.4115,0.785174331489313,0.785364708249098,0.668340345034821
1.412,0.785166843253061,0.785361659537896,0.667491388965498
1.4125,0.785159449406268,0.785358685459985,0.667220638869456
1.413,0.785152152150513,0.785355791819392,0.667529609971392
1.4135,0.785144953676556,0.785352984310042,0.668416499905689
1.414,0.785137856140951,0.785350268466429,0.669876224813814
1.4145,0.785130861642867,0.785347649614183,0.671900484196792
1.415,0.785123972201468,0.785345132821938,0.674477853735543
1.4155,0.78511718973391,0.785342722853941,0.67759390505044
1.416,0.78511051603428,0.785340424124789,0.681231351140914
1.4165,0.785103952832782,0.785338240796909,0.685370216028275
1.417,0.785097501889069,0.785336176939466,0.68998802692189
1.4175,0.785091164996686,0.785334236528685,0.695060027042241
1.418,0.785084943952894,0.785332423387162,0.700559407065604
1.4185,0.785078840537121,0.785330741138774,0.706457553005613
1.419,0.785072856489629,0.785329193164881,0.712724308217893
1.4195,0.785066993490455,0.785327782561308,0.719328247106266
1.42,0.78506125313893,0.785326512097365,0.726236958023611
1.4205,0.785055636933847,0.785325384176437,0.733417332797792
1.421,0.785050146254547,0.78532440079932,0.740835860273608
1.4215,0.785044782413988,0.785323563650329,0.748458921245615
1.422,0.785039546742478,0.785322874236722,0.756253082163882
1.4225,0.78503444059188,0.785322333893781,0.764185385025078
1.423,0.785029465308879,0.785321943738678,0.772223630914239
1.4235,0.785024622216067,0.785321704638583,0.78033606586342
1.424,0.785019912593292,0.785321617180647,0.788490811438102
1.4245,0.785015337659338,0.785321681643506,0.796655244157244
1.425,0.785010898554179,0.785321897971185,0.804795334980099
1.4255,0.785006596321888,0.785322265749086,0.812875654230624
1.426,0.785002431894426,0.785322784182852,0.820859663553907
1.4265,0.784998406137054,0.785323452156871,0.828710026077514
1.427,0.784994519920062,0.785324268327974,0.836388955969679
1.4275,0.784990774122596,0.785325231134311,0.843858560577764
1.428,0.784987169610139,0.785326338772485,0.851081180955285
1.4285,0.78498370721876,0.785327589184878,0.858019727778874
1.429,0.784980387739672,0.785328980049084,0.864638009719545
1.4295,0.784977211904153,0.785330508769316,0.870901051421239
1.43,0.784974180369042,0.785332172470124,0.876775398352624
1.4305,0.784971293702851,0.785333967992332,0.882229405934536
1.431,0.784968552372707,0.785335891891414,0.887233510503792
1.4315,0.784965956780864,0.785337940457367,0.891760479852818
1.432,0.78496350732246,0.785340109744987,0.895785641281912
1.4325,0.784961204388859,0.785342395584885,0.899287085315151
1.433,0.784959048349947,0.785344793588216,0.902245843459827
1.4335,0.784957039541964,0.785347299155631,0.904646038630846
1.434,0.784955178255677,0.785349907488173,0.906475007113464
1.4345,0.78495346472494,0.785352613600231,0.907723391197703
1.435,0.784951899115801,0.78535541233427,0.908385201883597
1.4355,0.784950481516182,0.785358298377508,0.908457851325421
1.436,0.784949211926295,0.785361266280131,0.907942154953138
1.4365,0.784948090285343,0.785364310432758,0.906842303477794
1.437,0.784947116513825,0.785367425027536,0.905165805252343
1.4375,0.784946290516315,0.785370604069226,0.902923399717973
1.438,0.784945612168999,0.785373841406665,0.900128942916192
1.4385,0.78494508131138,0.78537713076168,0.896799266286646
1.439,0.78494469773835,0.785380465759412,0.892954010197723
1.4395,0.784944461192655,0.785383839960398,0.888615433869668
1.44,0.784944371357856,0.785387246893567,0.883808203546265
1.4405,0.784944427851813,0.785390680090526,0.878559160949687
1.441,0.784944630220791,0.785394133120206,0.872897074212291
1.4415,0.784944977955754,0.78539759952813,0.866852373617749
1.442,0.784945470518302,0.7854010727356,0.86045687460085
1.4425,0.784946107342799,0.785404546048769,0.853743490549785
1.443,0.784946887829412,0.785408012710926,0.846745938025918
1.4435,0.784947811339853,0.785411465945944,0.839498437063678
1.444,0.784948877193486,0.785414899002337,0.832035409236886
1.4445,0.784950084663836,0.785418305198444,0.82439117617761
1.445,0.784951432975522,0.785421677967477,0.816599661209668
1.4455,0.784952921301653,0.785425010902979,0.808694096711555
1.446,0.784954548761702,0.785428297803385,0.800706739753486
1.4465,0.784956314427159,0.785431532584507,0.792669480962829
1.447,0.784958217330727,0.785434709135778,0.784614832269884
1.4475,0.784960256467739,0.785437821325588,0.776576417652501
1.448,0.784962430794774,0.78544086306456,0.768589281981789
1.4485,0.78496473922946,0.785443828355355,0.760689727359925
1.449,0.784967180650633,0.785446711342158,0.752914923284195
1.4495,0.784969753898881,0.785449506360457,0.74530256683761
1.45,0.78497245777745,0.785452207985666,0.737890540753584
1.4505,0.784975291053514,0.785454811081183,0.730716572393565
1.451,0.784978252459792,0.785457310844471,0.723817896645864
1.4515,0.784981340689671,0.785459702709255,0.717230925696843
1.452,0.784984554389814,0.785461982185893,0.710990928542988
1.4525,0.78498789216085,0.785464144861984,0.705131723004869
1.453,0.784991352561461,0.785466186464693,0.699685382872981
1.4535,0.78499493411213,0.785468102907523,0.694681962662094
1.454,0.784998635299239,0.785469890335905,0.690149242276642
1.4545,0.785002454579528,0.785471545172176,0.68611249369654
1.455,0.785006390384824,0.785473064158605,0.682594271582428
1.4555,0.785010441127048,0.785474444398986,0.679614229473746
1.456,0.785014605203411,0.78547568339754,0.677188963014343
1.4565,0.78501888098146,0.785476778969277,0.675331881390684
1.457,0.785023266775785,0.785477729094622,0.674053107909481
1.4575,0.785027760847986,0.785478531915164,0.673359410377047
1.458,0.785032361415939,0.785479185783272,0.673254161674283
1.4585,0.78503706666127,0.78547968929699,0.67373733065128
1.459,0.785041874737158,0.785480041333123,0.674805503196583
1.4595,0.785046783776442,0.785480241078915,0.676451933070404
1.46,0.785051791899935,0.785480288061339,0.678666621831026
1.4605,0.785056897224893,0.785480182174366,0.68143642693138
1.461,0.785062097873537,0.78547992370333,0.684745196820599
1.4615,0.785067391948765,0.7854795132604,0.688573931655237
1.462,0.78507277749615,0.785478951680945,0.692900968008834
1.4625,0.785078252503198,0.785478240015215,0.697702185768277
1.463,0.785083814913359,0.78547737955586,0.702951235222749
1.4635,0.78508946263689,0.785476371854341,0.70861978218734
1.464,0.785095193561995,0.785475218735234,0.714677768860005
1.4645,0.785101005566249,0.785473922308603,0.721093687988562
1.465,0.785106896528106,0.785472484980003,0.727834867824759
1.4655,0.785112864338482,0.785470909458245,0.734867765265842
1.466,0.785118906912231,0.785469198760594,0.742158264530986
1.4665,0.785125022155564,0.785467356185593,0.749671978690752
1.467,0.785131207914946,0.785465385270822,0.75737455136244
1.4675,0.785137461975696,0.78546328978208,0.765231955902734
1.468,0.785143782080169,0.785461073713563,0.773210789471005
1.4685,0.785150165941551,0.78545874128265,0.781278219360899
1.469,0.785156611257914,0.785456296922693,0.789401778212694
1.4695,0.785163115726474,0.785453745273703,0.797548815511053
1.47,0.785169677057859,0.785451091171143,0.805685791975444
1.4705,0.78517629299034,0.78544833963267,0.813778031644846
1.471,0.785182961303817,0.785445495843158,0.821789660698881
1.4715,0.785189679780206,0.785442565170078,0.829683834513402
1.472,0.785196446141243,0.785439553190773,0.837423110577851
1.4725,0.785203258046478,0.785436465681181,0.844969788711002
1.473,0.785210113114927,0.785433308588566,0.852286251013248
1.4735,0.785217008941295,0.785430088005631,0.859335298551857
1.474,0.785223943112399,0.785426810143091,0.866080481826799
1.4745,0.785230913223739,0.785423481300391,0.872486422141713
1.475,0.785237916895988,0.785420107835345,0.878519121106368
1.4755,0.785244951791343,0.785416696132322,0.884146255622528
1.476,0.785252015629507,0.785413252569858,0.889337455853158
1.4765,0.785259106142505,0.785409783575811,0.89406456384397
1.477,0.785266221003679,0.785406295719159,0.898301870654663
1.4775,0.785273357825162,0.785402795700398,0.902026330063177
1.478,0.785280514182215,0.785399290301909,0.905217747127781
1.4785,0.785287687631287,0.785395786346226,0.907858940126869
1.479,0.785294875728218,0.785392290653521,0.909935874642712
1.4795,0.78530207604653,0.785388809997835,0.91143776881087
1.48,0.785309286195549,0.785385351063235,0.912357169019173
1.4805,0.785316503838301,0.785381920399408,0.91268999560676
1.481,0.785323726708913,0.785378524377929,0.912435558382262
1.4815,0.785330952563466,0.785375169276878,0.911596542048367
1.482,0.785338179102687,0.785371861420027,0.91017896188544
1.4825,0.785345403968991,0.78536860717071,0.908192090307195
1.483,0.78535262477266,0.785365412869144,0.905648355154365
1.4835,0.785359839111111,0.785362284782674,0.902563210835773
1.484,0.785367044588244,0.78535922905616,0.89895498365799
1.4845,0.785374238833825,0.78535625166192,0.894844692903028
1.485,0.785381419522615,0.785353358350662,0.89025584941631
1.4855,0.785388584393192,0.785350554602806,0.885214233652897
1.486,0.785395731266189,0.785347845581632,0.879747655297102
1.4865,0.785402857992847,0.785345236231491,0.873885696717771
1.487,0.78540996237405,0.785342731438249,0.867659442647629
1.4875,0.785417042157055,0.785340336027808,0.861101198579113
1.488,0.785424095062611,0.785338054702151,0.854244200450337
1.4885,0.785431118804787,0.785335891990927,0.847122318252713
1.489,0.785438111110823,0.785333852204065,0.839769756225912
1.4895,0.785445069740954,0.785331939384858,0.832220752316211
1.49,0.785451992507903,0.785330157264885,0.824509279560871
1.4905,0.785458877296009,0.785328509220232,0.816668752024373
1.491,0.785465722079686,0.785326998230342,0.808731737852579
1.4915,0.785472524871394,0.785325626971341,0.800730208326046
1.492,0.785479283639701,0.785324397967585,0.792696017097867
1.4925,0.785485996305807,0.78532331359511,0.784661504856042
1.493,0.785492660770718,0.785322376028449,0.776660174254396
1.4935,0.785499274934984,0.785321587202671,0.768726753051125
1.494,0.785505836718409,0.785320948777156,0.760896996534715
1.4945,0.78551234407966,0.785320462100653,0.753207404528593
1.495,0.785518795035505,0.785320128178693,0.745694872977599
1.4955,0.785525187679619,0.785319947642966,0.738396360073656
1.496,0.785531520200673,0.785319920723616,0.731348554325501
1.4965,0.785537790831402,0.785320047320125,0.72458754749263
1.497,0.785543997768331,0.785320327115401,0.718148515238931
1.4975,0.785550139168215,0.785320759583533,0.712065408271972
1.498,0.7855562131744,0.785321343957399,0.706370656620639
1.4985,0.785562217935842,0.785322079208333,0.701094889567946
1.499,0.785568151626045,0.785322964027892,0.696266673598702
1.4995,0.785574012461849,0.785323996811491,0.691912270544913
1.5,0.785579798721791,0.785325175644462,0.688055417916971
1.5005,0.785585508764006,0.785326498290365,0.684717133197779
1.501,0.785591141043381,0.785327962181978,0.681915543651864
1.5015,0.785596694063304,0.785329564456351,0.679665742964409
1.502,0.785602166299588,0.785331302009919,0.677979675778165
1.5025,0.785607556196932,0.785333171509093,0.676866050941577
1.503,0.785612862193646,0.785335169384802,0.676330284021618
1.5035,0.78561808273938,0.785337291833632,0.676374469371922
1.504,0.785623216312693,0.785339534821045,0.676997381783383
1.5045,0.785628261438443,0.785341894086703,0.678194507482614
1.505,0.78563321670472,0.785344365151813,0.679958103985959
1.5055,0.785638080779283,0.785346943328613,0.682277288065258
1.506,0.785642852425266,0.785349623731762,0.685138150838596
1.5065,0.78564753045707,0.785352401270934,0.68852389876676
1.507,0.785652113670798,0.785355270636499,0.69241501911616
1.5075,0.785656600840849,0.785358226310969,0.696789468243369
1.508,0.785660990742269,0.785361262591521,0.7016228808669
1.5085,0.785665282166646,0.785364373612435,0.706888798319893
1.509,0.785669473937799,0.785367553369179,0.71255891362455
1.5095,0.785673564927252,0.785370795744436,0.718603331096425
1.51,0.78567755406923,0.785374094535396,0.724990838075298
1.5105,0.785681440375159,0.785377443482633,0.731689186290004
1.511,0.785685222947447,0.785380836299794,0.738665380297948
1.5115,0.785688900940833,0.785384266625069,0.745885970396523
1.512,0.78569247350135,0.785387727940069,0.753317347383459
1.5125,0.785695939763175,0.785391213579969,0.760926036546297
1.513,0.785699298867952,0.785394716779809,0.76867898828747
1.5135,0.785702549978389,0.785398230714014,0.77654380632234
1.514,0.785705692291634,0.785401748536837,0.784488944067151
1.5145,0.785708725052373,0.785405263424214,0.792483228541807
1.515,0.785711647565477,0.785408768615867,0.800495096104685
1.5155,0.785714459208151,0.785412257458162,0.808492041998649
1.516,0.785717159441408,0.78541572344652,0.816440140104913
1.5165,0.785719747777943,0.785419160144868,0.824304164457635
1.517,0.785722223731356,0.785422561052933,0.832047980831831
1.5175,0.785724586813336,0.785425919613177,0.839634877708161
1.518,0.785726836549425,0.785429229272163,0.847027899868904
1.5185,0.78572897248996,0.785432483529735,0.85419018165618
1.519,0.785730994220749,0.78543567598821,0.861085276948573
1.5195,0.785732901373465,0.785438800402179,0.867677482963188
1.52,0.78573469363559,0.785441850727513,0.873932155066291
1.5205,0.785736370759895,0.785444821170135,0.87981600987611
1.521,0.785737932573303,0.785447706233154,0.885297414065103
1.5215,0.785739378952137,0.785450500619471,0.890346656414688
1.522,0.785740709782935,0.785453199072459,0.894936200841726
1.5225,0.785741924960049,0.785455796378365,0.899040918301205
1.523,0.785743024397449,0.785458287431205,0.902638295671932
1.5235,0.785744008036723,0.78546066728232,0.905708619949635
1.524,0.785744875854807,0.785462931189061,0.908235136302603
1.5245,0.785745627871398,0.78546507466315,0.910204178786865
1.525,0.78574626415597,0.785467093517344,0.911605272768553
1.5255,0.785746784834343,0.785468983910932,0.912431208358333
1.526,0.785747190094732,0.785470742392715,0.91267808442422
1.5265,0.785747480170955,0.78547236580511,0.912345323012485
1.527,0.785747655315764,0.785473851128252,0.911435654269198
1.5275,0.785747715798926,0.785475195477409,0.909955072215127
1.528,0.785747661914802,0.785476396159157,0.907912761981742
1.5285,0.785747493987236,0.785477450711969,0.905320999363899
1.529,0.785747212374162,0.785478356945195,0.902195023783147
1.5295,0.785746817471895,0.785479112976865,0.898552885982572
1.53,0.785746309719067,0.785479717269192,0.894415271987651
1.5305,0.785745689600164,0.78548016866221,0.889805305066035
1.531,0.785744957648646,0.78548046640447,0.884748327600792
1.5315,0.785744114438421,0.785480610076763,0.879271664955015
1.532,0.785743160570205,0.785480599469066,0.873404373549436
1.5325,0.78574209667013,0.785480434573462,0.867176975497779
1.533,0.785740923392972,0.785480115620965,0.860621182245967
1.5335,0.785739641423858,0.785479643105477,0.853769609740341
1.534,0.785738251479697,0.785479017805687,0.84665548770616
1.5345,0.785736754310296,0.78547824080515,0.839312365650536
1.535,0.785735150699171,0.785477313509932,0.831773818213469
1.5355,0.785733441464032,0.785476237663994,0.824073152476915
1.536,0.785731627456948,0.785475015361809,0.816243119805083
1.5365,0.785729709564141,0.785473649006124,0.808315787195453
1.537,0.78572768870543,0.785472141241058,0.800322481307977
1.5375,0.785725565833412,0.785470494941838,0.792294291223278
1.538,0.785723341932346,0.785468713225303,0.784262814195246
1.5385,0.785721018016723,0.785466799452667,0.776260611722322
1.539,0.785718595129551,0.785464757230169,0.768321558843625
1.5395,0.785716074340357,0.785462590407621,0.760480694377964
1.54,0.785713456742936,0.785460303074803,0.75277384200921
1.5405,0.785710743452849,0.785457899555678,0.74523728298461
1.541,0.785707935604715,0.785455384400502,0.737907427213243
1.5415,0.785705034360085,0.785452762385672,0.730820485684372
1.542,0.785702040919649,0.78545003851571,0.724012147092063
1.5425,0.785698956522972,0.785447218011763,0.717517261493799
1.543,0.785695782443209,0.785444306293737,0.711369533747575
1.5435,0.785692519982662,0.785441308961301,0.70560122936513
1.544,0.785689170468068,0.785438231773137,0.700242895289575
1.5445,0.785685735245634,0.785435080624159,0.695323097955058
1.545,0.78568221567588,0.785431861521324,0.690868180815797
1.5455,0.785678613128316,0.785428580557707,0.686902043343434
1.546,0.785674928976023,0.78542524388555,0.68344594328694
1.5465,0.785671164611144,0.785421857758323,0.680518323770346
1.547,0.785667321469082,0.785418428601374,0.678134666572238
1.5475,0.785663401028807,0.785414963001349,0.676307372689469
1.548,0.785659404803676,0.785411467663274,0.675045671038166
1.5485,0.785655334334203,0.78540794937334,0.674355555889934
1.549,0.785651191180591,0.785404414960606,0.674239753382724
1.5495,0.785646976915031,0.785400871257162,0.6746977171862
1.55,0.785642693113896,0.785397325057853,0.675725653143118
1.5505,0.785638341349836,0.785393783079072,0.677316572453371
1.551,0.785633923183904,0.785390251917789,0.679460372718203
1.5515,0.78562944018795,0.785386738127987,0.682143945920886
1.552,0.785624893979707,0.785383248346802,0.685351312188839
1.5525,0.785620286223642,0.785379789286868,0.689063777962848
1.553,0.785615618618278,0.785376367676386,0.693260116993452
1.5535,0.785610892886493,0.785372990210658,0.697916772394505
1.554,0.785606110765604,0.785369663503438,0.703008077810911
1.5545,0.785601273997261,0.785366394037504,0.708506495602987
1.555,0.785596384317308,0.78536318811586,0.714382869815041
1.5555,0.785591443445627,0.785360051812982,0.720606691581678
1.556,0.785586453076128,0.785356990927515,0.7271463745328
1.5565,0.785581414905131,0.785354011078758,0.733969537688002
1.557,0.785576330675925,0.785351117864637,0.741043293283548
1.5575,0.785571202180106,0.785348316858428,0.748334536950451
1.558,0.78556603124192,0.78534561354306,0.755810237660658
1.5585,0.785560819706459,0.78534301326053,0.763437724879538
1.559,0.785555569427688,0.78534052116203,0.771184970406669
1.5595,0.785550282256323,0.785338142158235,0.779020645758572
1.56,0.785544960027749,0.785335880871154,0.786914079598051
1.5605,0.785539604549999,0.785333741587001,0.794834732429575
1.561,0.785534217591986,0.785331728211471,0.802751458585514
1.5615,0.785528800916807,0.785329844368122,0.810632109473255
1.562,0.785523356334074,0.785328093558499,0.818443268549617
1.5625,0.785517885701694,0.785326479163845,0.826150416522466
1.563,0.785512390907809,0.785325004386025,0.833718298484996
1.5635,0.785506873857327,0.785323672204326,0.841111245818464
1.564,0.785501336458335,0.785322485333771,0.848293499347255
1.5645,0.785495780608402,0.785321446184474,0.85522953087988
1.565,0.785490208180996,0.785320556823221,0.861884360305164
1.5655,0.785484621012039,0.785319818936846,0.868223865473164
1.566,0.785479020886799,0.785319233798507,0.874215082174796
1.5665,0.785473409576918,0.785318802349454,0.87982649164165
1.567,0.785467788898625,0.785318525331133,0.885028293116955
1.5675,0.785462160714886,0.785318403291591,0.889792659198912
1.568,0.785456526915584,0.785318436544148,0.894093971826952
1.5685,0.785450889402872,0.785318625139731,0.897909036968515
1.569,0.78544525007644,0.785318968841249,0.901217276266651
1.5695,0.785439610818732,0.785319467099678,0.904000894125402
1.57,0.78543397348034,0.785320119032632,0.906245018938413
1.5705,0.785428339865595,0.785320923405152,0.907937817404416
1.571,0.78542271171859,0.785321878613355,0.909070581119083
1.5715,0.785417090762631,0.785322982734164,0.909637784883829
1.572,0.785411478762313,0.785324233604475,0.909637116426399
1.5725,0.785405877525956,0.785325628831048,0.909069477483076
1.573,0.785400288884715,0.785327165774739,0.907938956445932
1.5735,0.785394714677248,0.785328841543619,0.906252773028408
1.574,0.785389156734346,0.785330652988239,0.904021195646564
1.5745,0.785383616863568,0.785332596698993,0.90125743244934
1.575,0.785378096834098,0.785334669005726,0.897977497157248
1.5755,0.785372598361875,0.785336865979589,0.894200051082962
1.576,0.785367123095208,0.785339183437169,0.889946222907713
1.5765,0.785361672655323,0.785341616948763,0.885239407972268
1.577,0.785356248700204,0.785344161849625,0.880105049009409
1.5775,0.78535085292724,0.785346813251491,0.874570400394478
1.578,0.785345487051948,0.785349566055374,0.868664278120928
1.5785,0.785340152792476,0.78535241496679,0.862416797817531
1.579,0.785334851854105,0.785355354512838,0.855859103212471
1.5795,0.785329585913802,0.785358379061364,0.849023087516056
1.58,0.785324356605054,0.785361482841714,0.841941110238071
1.5805,0.785319165503007,0.785364659967328,0.8346457119774
1.581,0.785314014110158,0.785367904459602,0.82716932972064
1.5815,0.785308903896665,0.785371210213095,0.819544015163039
1.582,0.785303836363865,0.785374570936655,0.811801158519697
1.5825,0.78529881304703,0.785377980164403,0.803971412759074
1.583,0.785293835494412,0.785381431294723,0.796084707849056
1.5835,0.785288905252064,0.785384917624749,0.788170773514193
1.584,0.785284023848723,0.785388432386077,0.780259884989252
1.5845,0.785279192780781,0.785391968782141,0.772383293542261
1.585,0.785274413497567,0.785395520026224,0.764573537321605
1.5855,0.78526968738699,0.785399079380572,0.756864292226864
1.586,0.785265015761746,0.785402640195503,0.749290009098398
1.5865,0.78526039989812,0.785406195838061,0.741885598625855
1.587,0.785255841097149,0.785409739574028,0.734686114545826
1.5875,0.785251340687402,0.785413264576299,0.727726437942247
1.588,0.785246900004999,0.785416763982749,0.721040965432482
1.5885,0.785242520379242,0.785420230943505,0.714663303966979
1.589,0.785238203118341,0.785423658668582,0.708625974891622
1.5895,0.785233949495269,0.785427040476447,0.702960129820323
1.59,0.785229760733965,0.78543036984215,0.697695280742025
1.5905,0.785225637995913,0.785433640445595,0.692859046642424
1.591,0.785221582367299,0.785436846218551,0.688476918757744
1.5915,0.785217594895103,0.785439981250157,0.684572046397429
1.592,0.78521367664401,0.785443039631992,0.681165045076351
1.5925,0.785209828699133,0.785446015462264,0.678273828486966
1.593,0.785206052147614,0.785448902911661,0.675913465619672
1.5935,0.785202348065501,0.785451696274518,0.674096064107577
1.594,0.78519871750475,0.785454390019401,0.672830680632006
1.5945,0.785195161480402,0.78545697883972,0.672123258979629
1.595,0.785191680958109,0.785459457702918,0.67197659609321
1.5955,0.785188276842061,0.785461821898802,0.672390336207939
1.596,0.785184949963479,0.785464067085603,0.673360992916322
1.5965,0.785181701112907,0.785466189190129,0.674881998758841
1.597,0.785178531091186,0.785468184245065,0.676943781697236
1.5975,0.785175440712013,0.785470048388179,0.679533867594368
1.598,0.785172430785684,0.785471777923752,0.682637007601205
1.5985,0.785169502107597,0.785473369367986,0.68623532913944
1.599,0.785166655446915,0.785474819493004,0.690308508969392
1.5995,0.785163891535427,0.785476125369968,0.69483396664881
1.6,0.785161211056777,0.785477284410037,0.699787076520508
1.6005,0.785158614636077,0.785478294403651,0.70514139621682
1.601,0.785156102830066,0.785479153556947,0.710868909537749
1.6015,0.785153676154684,0.785479860405386,0.71694028144859
1.602,0.785151335128627,0.785480413673979,0.723325122852381
1.6025,0.78514908027568,0.785480812271649,0.729992262723567
1.603,0.785146912111057,0.785481055336644,0.736910025142126
1.6035,0.785144831131846,0.78548114226761,0.744046508742374
1.604,0.785142837807658,0.785481072752691,0.751369866087802
1.6045,0.785140932571486,0.785480846797001,0.758848580502475
1.605,0.785139115810923,0.785480464747618,0.766451737930326
1.6055,0.785137387859751,0.785479927316392,0.77414917326133
1.606,0.78513574899004,0.785479235599817,0.781911558040937
1.6065,0.785134199434247,0.785478391022472,0.789709349141918
1.607,0.785132739420166,0.785477395246582,0.797511254552695
1.6075,0.785131369172963,0.785476250162594,0.805284118577907
1.608,0.785130088904478,0.785474957909973,0.812993372413611
1.6085,0.785128898805872,0.785473520888054,0.820603355033115
1.609,0.785127799040499,0.785471941764724,0.828077641331494
1.6095,0.785126789736999,0.785470223483041,0.835379374573682
1.61,0.785125870982734,0.78546836926551,0.842471600174893
1.6105,0.785125042817572,0.785466382616081,0.849317597852502
1.611,0.785124305228117,0.78546426731971,0.855881209224884
1.6115,0.785123658163781,0.785462027426331,0.862127157994739
1.612,0.785123101562247,0.785459667226915,0.868021359941272
1.6125,0.785122635351152,0.785457191242037,0.873531220056325
1.613,0.785122259440606,0.785454604214078,0.878625914293052
1.6135,0.785121973718224,0.785451911095774,0.883276653550592
1.614,0.785121778044374,0.785449117036801,0.887456927692921
1.6145,0.78512167224768,0.785446227368249,0.891142727592948
1.615,0.78512165612081,0.78544324758534,0.894312743402165
1.6155,0.785121729416603,0.785440183328197,0.896948537469712
1.616,0.78512189184455,0.785437040361131,0.899034690570585
1.6165,0.785122143080491,0.785433824600255,0.900558920348656
1.617,0.785122482782046,0.785430542160694,0.901512171133964
1.6175,0.785122910589889,0.785427199345291,0.901888674553066
1.618,0.78512342612365,0.785423802609634,0.9016859806138
1.6185,0.785124028979406,0.785420358530414,0.90090495920921
1.619,0.785124718727413,0.7854168737724,0.89954977224732
1.6195,0.785125494910072,0.785413355053655,0.897627816871626
1.62,0.785126357040168,0.785409809109908,0.895149640489293
1.6205,0.785127304599367,0.785406242657678,0.892128828567981
1.621,0.785128337037027,0.785402662357158,0.888581866395828
1.6215,0.78512945377337,0.78539907487835,0.884527976220427
1.622,0.785130654204662,0.785395487010671,0.879988931389813
1.6225,0.785131937704063,0.785391905653928,0.874988849309686
1.623,0.785133303620931,0.78538833776271,0.869553965204953
1.6235,0.7851347512808,0.785384790300482,0.863712388828561
1.624,0.785136279985594,0.785381270193139,0.857493846395438
1.6245,0.785137889014056,0.785377784281477,0.850929410133053
1.625,0.785139577622414,0.785374339273909,0.844051217931795
1.6255,0.785141345045254,0.785370941698855,0.836892185647452
1.626,0.785143190496611,0.78536759785819,0.829485714654036
1.6265,0.78514511316671,0.78536431391951,0.82186539726789
1.627,0.785147112217007,0.7853610960676,0.814064722663338
1.6275,0.7851491867806,0.785357950499385,0.806116785876301
1.628,0.785151335964862,0.785354883358129,0.798054002445708
1.6285,0.785153558853843,0.785351900681889,0.789908435392978
1.629,0.785155854510881,0.785349008352374,0.781712383171726
1.6295,0.785158221981423,0.785346212043612,0.773499002499648
1.63,0.785160660296025,0.78534351717189,0.765302964271154
1.6305,0.78516316847351,0.785340928846373,0.757160425396982
1.631,0.785165745524235,0.78533845182186,0.74910870476115
1.6315,0.78516839044069,0.785336090599858,0.741185960168402
1.632,0.785171102182839,0.785333849593439,0.733430833126666
1.6325,0.785173879678076,0.785331733127131,0.725882098886151
1.633,0.785176721827035,0.785329745373305,0.718578317910007
1.6335,0.785179627508253,0.785327890304689,0.711557491847306
1.634,0.785182595583036,0.785326171648167,0.704856727016437
1.6345,0.785185624900516,0.7853245928393,0.698511908318246
1.635,0.785188714302826,0.785323156978926,0.692557386384357
1.6355,0.785191862630368,0.785321866791303,0.687025680628181
1.636,0.785195068727115,0.785320724585079,0.681947200705748
1.6365,0.785198331425513,0.785319732344143,0.677349988712039
1.637,0.785201649522868,0.785318891874841,0.673259484237902
1.6375,0.785205021780871,0.785318204810833,0.66969831419471
1.638,0.785208446934293,0.785317672563657,0.666686109080765
1.6385,0.785211923697709,0.785317296288263,0.664239347117219
1.639,0.785215450772402,0.785317076850456,0.662371227424281
1.6395,0.785219026853427,0.785317014795862,0.661091573143002
1.64,0.785222650636739,0.785317110321363,0.660406765136468
1.6405,0.785226320826347,0.785317363248671,0.660319706629132
1.641,0.785230036141414,0.785317773000881,0.660829818866845
1.6415,0.785233795296118,0.785318338665962,0.661933067605258
1.642,0.785237596968074,0.785319059098572,0.66362201996312
1.6425,0.785241439797462,0.785319932928977,0.665885930912038
1.643,0.785245322398243,0.785320958537128,0.668710858417579
1.6435,0.785249243366681,0.785322134037726,0.672079806000683
1.644,0.78525320129,0.785323457267472,0.675972891255031
1.6445,0.78525719475518,0.785324925774337,0.680367538637451
1.645,0.785261222357746,0.78532653680925,0.685238694646318
1.6455,0.785265282710544,0.785328287320101,0.690559063319046
1.646,0.785269374452346,0.785330173948311,0.696299359815431
1.6465,0.785273496223461,0.785332193052975,0.702428579710385
1.647,0.785277646627423,0.785334340748017,0.70891428149833
1.6475,0.78528182422975,0.785336612913499,0.715722879713308
1.648,0.785286027571269,0.785339005198133,0.722819945994313
1.6485,0.785290255178097,0.785341513026719,0.730170515374955
1.649,0.785294505571739,0.785344131609632,0.73773939505062
1.6495,0.785298777279277,0.785346855954454,0.745491472874789
1.65,0.785303068843509,0.785349680879506,0.753392022859041
1.6505,0.785307378832996,0.785352601029435,0.761407004998011
1.651,0.785311705851881,0.785355610892493,0.769503356810635
1.6515,0.785316048512133,0.785358704780711,0.777648401944844
1.652,0.785320405389911,0.78536187679531,0.785808884063042
1.6525,0.785324775024013,0.785365120838275,0.793950475299516
1.653,0.785329155930813,0.785368430642863,0.802037457300362
1.6535,0.785333546615357,0.785371799802048,0.810032887255805
1.654,0.785337945582523,0.785375221798491,0.817898994298009
1.6545,0.785342351348254,0.785378690036365,0.825597524336122
1.655,0.78534676245067,0.785382197874221,0.833090086587649
1.6555,0.785351177461047,0.78538573865925,0.840338498729855
1.656,0.785355594994492,0.78538930576204,0.847305127629899
1.6565,0.785360013679797,0.785392892516455,0.853953222674168
1.657,0.785364432112035,0.785396492119739,0.860247238804824
1.6575,0.785368848850737,0.785400097642157,0.866153146484111
1.658,0.785373262435941,0.785403702079796,0.87163872594319
1.6585,0.785377671399997,0.785407298398687,0.876673843230884
1.659,0.785382074279419,0.785410879579628,0.881230705757091
1.6595,0.785386469626763,0.785414438664245,0.885284095224064
1.66,0.785390856022341,0.785417968801006,0.888811576054336
1.6605,0.785395232085746,0.785421463291741,0.891793677654773
1.661,0.785399596487018,0.785424915637333,0.894214049099896
1.6615,0.785403947915151,0.785428319448605,0.896059585072024
1.662,0.785408285028518,0.785431668299836,0.89732052215851
1.6625,0.785412606452866,0.785434955734667,0.897990504875169
1.663,0.785416910797909,0.785438175331267,0.898066621057285
1.6635,0.785421196669466,0.78544132075383,0.897549406533134
1.664,0.785425462681597,0.785444385803826,0.896442819267131
1.6645,0.78542970746873,0.785447364471629,0.894754183428258
1.665,0.785433929697585,0.785450250987027,0.892494104101944
1.6655,0.785438128078863,0.785453039869238,0.889676353617768
1.666,0.785442301378538,0.785455725974941,0.886317730709067
1.6665,0.785446448386048,0.78545830439693,0.882437893951708
1.667,0.785450567864208,0.785460770298609,0.878059171145904
1.6675,0.785454658547076,0.785463118915036,0.873206346505286
1.668,0.785458719156565,0.78546534561819,0.867906427699782
1.6685,0.785462748414494,0.785467445966135,0.862188394961765
1.669,0.78546674505463,0.78546941575105,0.856082934607068
1.6695,0.785470707834663,0.785471251046683,0.849622159442783
1.67,0.785474635547952,0.785472948253852,0.842839318631311
1.6705,0.785478527035004,0.785474504144516,0.835768499654245
1.671,0.785482381194523,0.785475915903099,0.828444325069845
1.6715,0.785486196952316,0.785477181032005,0.820901646783884
1.672,0.785489973212298,0.785478297198284,0.813175240555399
1.6725,0.785493708854319,0.785479262229616,0.805299503436542
1.673,0.785497402750239,0.785480074167357,0.797308156799763
1.6735,0.785501053775536,0.7854807313041,0.789234260387296
1.674,0.785504660820849,0.785481232219417,0.781110362562257
1.6745,0.785508222803435,0.785481575814185,0.772969037010543
1.675,0.785511738678366,0.785481761342473,0.764843594020408
1.6755,0.785515207449434,0.785481788441362,0.756768369233409
1.676,0.78551862817961,0.785481657157742,0.748778842672174
1.6765,0.78552199996164,0.785481367878535,0.740911427734018
1.677,0.785525321871682,0.785480921218472,0.733203098234551
1.6775,0.785528592967152,0.785480318011776,0.725691052613159
1.678,0.785531812301777,0.785479559342951,0.718412378661222
1.6785,0.785534978936392,0.785478646565642,0.711403721733374
1.679,0.785538091949636,0.785477581319317,0.704700959349275
1.6795,0.785541150448532,0.785476365543971,0.698338885015269
1.68,0.785544153578798,0.785475001492365,0.692350903992719
1.6805,0.78554710053484,0.785473491739932,0.686768743613948
1.681,0.785549990569312,0.785471839191982,0.681622180598716
1.6815,0.785552822966284,0.785470047051824,0.67693878765566
1.682,0.785555596998929,0.785468118770922,0.672743701465593
1.6825,0.785558311927448,0.785466058037815,0.669059413938952
1.683,0.785560967012656,0.78546386878082,0.665905588419846
1.6835,0.785563561525635,0.78546155516459,0.663298902276127
1.684,0.785566094757277,0.785459121584556,0.661252917070965
1.6845,0.785568566027666,0.785456572659199,0.659777977258632
1.685,0.785570974695197,0.785453913220298,0.658881138088006
1.6855,0.785573320165371,0.785451148301015,0.658566123134017
1.686,0.785575601899164,0.785448283122111,0.658833311612146
1.6865,0.785577819389564,0.785445323104059,0.659679755366654
1.687,0.785579972124537,0.78544227388909,0.661099225161654
1.6875,0.785582059585106,0.785439141329447,0.663082285647846
1.688,0.785584081257067,0.785435931461433,0.665616398128839
1.6885,0.785586036639231,0.785432650480267,0.668686050011764
1.689,0.785587925251526,0.785429304713307,0.672272909599204
1.6895,0.785589746642935,0.785425900591297,0.676356004665452
1.69,0.785591500399147,0.785422444618415,0.680911923061357
1.6905,0.785593186149914,0.785418943340758,0.685915033410361
1.691,0.785594803575994,0.785415403314113,0.691337723795075
1.6915,0.785596352389714,0.785411831157874,0.697150656190311
1.692,0.785597832304251,0.785408233644956,0.703323034275963
1.6925,0.785599243031919,0.785404617691596,0.709822882162434
1.693,0.785600584293696,0.785400990307586,0.716617331483162
1.6935,0.785601855825832,0.785397358554133,0.723672914253764
1.694,0.785603057386291,0.785393729500861,0.73095585886566
1.6945,0.785604188761021,0.785390110181418,0.73843238657391
1.695,0.785605249769954,0.785386507548941,0.746069005854247
1.6955,0.78560624027271,0.785382928430832,0.753832802042656
1.696,0.785607160173943,0.785379379484135,0.7616917197318
1.6965,0.785608009408434,0.785375867281171,0.769614342223165
1.697,0.785608787917498,0.785372398450498,0.777569454488951
1.6975,0.785609495647522,0.785368979670191,0.785525442222623
1.698,0.785610132557067,0.785365617603589,0.793449605200949
1.6985,0.785610698621668,0.78536231884808,0.801308053497061
1.699,0.785611193838461,0.785359089883947,0.809065850585845
1.6995,0.785611618230634,0.785355937022686,0.816687278676678
1.7,0.785611971851619,0.785352866356244,0.824136184071409
1.7005,0.785612254789021,0.785349883706594,0.8313763047732
1.701,0.785612467168232,0.785346994577104,0.838371596605068
1.7015,0.785612609142407,0.785344204253804,0.84508655496594
1.702,0.785612680876545,0.78534151797093,0.851486529412003
1.7025,0.785612682546336,0.785338940908947,0.857538028335421
1.703,0.78561261434266,0.7853364781279,0.863209011120391
1.7035,0.785612476474484,0.785334134516754,0.868469165286651
1.704,0.785612269171577,0.785331914743723,0.873290166281835
1.7045,0.785611992687051,0.785329823207008,0.877645917754837
1.705,0.785611647299654,0.785327863987384,0.881512770331068
1.7055,0.78561123331586,0.78532604080205,0.884869717115242
1.706,0.78561075107167,0.785324356961163,0.887698564366299
1.7065,0.785610200927666,0.785322815465674,0.889984076020148
1.707,0.785609583261061,0.785321419166303,0.891714090976962
1.7075,0.785608898464874,0.785320170766689,0.892879612318619
1.708,0.785608146949763,0.785319072766907,0.893474867876254
1.7085,0.785607329144975,0.785318127422898,0.893497341825499
1.709,0.785606445499125,0.785317336707654,0.892947777245543
1.7095,0.785605496480778,0.785316702273664,0.891830149835315
1.71,0.78560448257885,0.785316225417781,0.890151613233682
1.7105,0.785603404302817,0.785315907048067,0.88792241663828
1.711,0.785602262182716,0.785315747653673,0.885155795657327
1.7115,0.78560105676928,0.785315747380823,0.881867837558498
1.712,0.785599788634,0.785315906155238,0.878077322296631
1.7125,0.785598458368636,0.785316223689839,0.873805540905903
1.713,0.785597066584406,0.785316699449078,0.869076093030448
1.7135,0.785595613911013,0.785317332626139,0.863914665538656
1.714,0.785594100995505,0.785318122122293,0.85834879431914
1.7145,0.785592528500956,0.78531906652816,0.852407611489481
1.715,0.785590897104994,0.785320164107488,0.846121580361219
1.7155,0.785589207498183,0.78532141278327,0.839522220595392
1.716,0.785587460382277,0.785322810126665,0.832641826051546
1.7165,0.785585656475288,0.785324353396769,0.82551317787913
1.717,0.785583796519327,0.785326039603378,0.818169255423294
1.7175,0.785581881280472,0.785327865517788,0.810642947517305
1.718,0.7855799115454,0.785329827664704,0.802966766711265
1.7185,0.785577888118584,0.785331922321523,0.795172607749411
1.719,0.785575811819318,0.785334145519791,0.787291530012963
1.7195,0.785573683478594,0.785336493048833,0.779354233125314
1.72,0.785571503935856,0.785338960461543,0.771391828694825
1.7205,0.785569274035663,0.785341543082398,0.763436411798737
1.721,0.785566994624289,0.785344236017558,0.75552156855296
1.7215,0.785564666559433,0.785347034150865,0.747682262524053
1.722,0.785562290725373,0.785349932135029,0.73995444303902
1.7225,0.785559868033177,0.785352924403496,0.732374715278755
1.723,0.785557399414968,0.785356005191497,0.72498000703787
1.7235,0.785554885819419,0.785359168557592,0.717807235121921
1.724,0.785552328207104,0.785362408406978,0.710892974334142
1.7245,0.785549727545705,0.785365718516842,0.704273131958955
1.725,0.785547084805157,0.785369092563095,0.697982630579309
1.7255,0.785544400952741,0.785372524148823,0.692055101970131
1.726,0.785541676948188,0.785376006833673,0.686522594691842
1.7265,0.785538913757588,0.785379534086788,0.681415297867257
1.727,0.785536112375172,0.785383099207962,0.676761283463653
1.7275,0.785533273823848,0.785386695338344,0.672586269220904
1.728,0.785530399147349,0.78539031550671,0.66891340416813
1.7285,0.785527489404216,0.785393952669226,0.66576307845715
1.729,0.785524545661669,0.785397599750259,0.663152759013204
1.7295,0.785521568989352,0.785401249684694,0.661096852263971
1.73,0.78551856045306,0.785404895460618,0.659606594959148
1.7305,0.785515521108463,0.785408530162859,0.658689973836966
1.731,0.785512451994921,0.78541214701616,0.658351674633358
1.7315,0.785509354153019,0.785415739303851,0.658593060666363
1.732,0.785506228652104,0.785419300233741,0.659412180965187
1.7325,0.785503076591117,0.785422822945643,0.660803807652301
1.733,0.78549989908893,0.785426300574168,0.662759502030531
1.7335,0.785496697277065,0.785429726299253,0.665267708577384
1.734,0.785493472292305,0.785433093396796,0.668313875808018
1.7345,0.785490225269227,0.785436395289995,0.671880602738489
1.735,0.785486957332752,0.785439625599943,0.67594780946395
1.7355,0.785483669590738,0.785442778196079,0.680492930164353
1.736,0.785480363126731,0.785445847245029,0.685491126664453
1.7365,0.785477039020479,0.785448827110299,0.69091552050711
1.737,0.785473698380171,0.785451712188109,0.696737441350411
1.7375,0.785470342343538,0.785454496910312,0.702926689371043
1.738,0.785466972066737,0.785457175811905,0.709451809249813
1.7385,0.785463588716064,0.785459743582801,0.716280373230771
1.739,0.785460193459594,0.785462195118758,0.723379270683881
1.7395,0.785456787458763,0.78546452557207,0.730715001562756
1.74,0.78545337186001,0.785466730400547,0.738253971133957
1.7405,0.785449947786515,0.785468805415378,0.745962783362603
1.741,0.785446516330144,0.785470746826427,0.753808530370389
1.7415,0.785443078574203,0.785472551141841,0.761758943111902
1.742,0.785439635629216,0.785474215004746,0.76978247828836
1.7425,0.785436188634255,0.785475735190997,0.777847823095648
1.743,0.785432738744763,0.78547710866868,0.785923147848551
1.7435,0.78542928712356,0.785478332641372,0.793975632379917
1.744,0.7854258349318,0.785479404589752,0.801971091691111
1.7445,0.785422383319899,0.785480322312087,0.809874122603749
1.745,0.785418933418568,0.785481083962358,0.81764848841539
1.7455,0.785415486329975,0.785481688086497,0.825257450215729
1.746,0.785412043119169,0.785482133655595,0.832664100167504
1.7465,0.785408604838282,0.785482419984362,0.839831693790926
1.747,0.785405172564607,0.785482546599483,0.846723978321284
1.7475,0.785401747402101,0.78548251323262,0.853305514265879
1.748,0.785398330468573,0.785482319860673,0.859541987367932
1.7485,0.785394922886287,0.785481966732339,0.865400508290694
1.749,0.785391525772544,0.78548145439256,0.870849897463543
1.7495,0.785388140230268,0.785480783705139,0.875860952682028
1.75,0.785384767338725,0.785479955872805,0.880406697224248
1.7505,0.785381408144417,0.785478972454965,0.884462606434813
1.751,0.785378063652271,0.785477835382552,0.888006810933266
1.7515,0.785374734850471,0.785476546910738,0.891020274824195
1.752,0.78537142274956,0.785475109543841,0.893486947519376
1.7525,0.785368128384058,0.785473526024897,0.89539388802589
1.753,0.785364852799444,0.785471799349039,0.896731360806142
1.7535,0.78536159704267,0.785469932768335,0.897492902573667
1.754,0.785358362152676,0.785467929794413,0.89767535965034
1.7545,0.785355149150947,0.785465794198922,0.897278895773613
1.755,0.785351959032223,0.785463530011711,0.896306970504535
1.7555,0.785348792755426,0.785461141516729,0.894766288646087
1.756,0.785345651234897,0.785458633245661,0.892666721334628
1.7565,0.785342535365052,0.785456009973888,0.890021199712758
1.757,0.785339446059222,0.785453276716212,0.886845582327591
1.7575,0.785336384251339,0.785450438714948,0.883158497622166
1.758,0.785333350883132,0.785447501423865,0.878981163097834
1.7585,0.785330346894849,0.785444470490334,0.874337182919909
1.759,0.785327373216026,0.785441351735612,0.869252325916344
1.7595,0.7853244307563,0.785438151133006,0.86375428607799
1.76,0.785321520396429,0.785434874784481,0.857872427808061
1.7605,0.785318642979516,0.785431528895431,0.851637518286543
1.761,0.785315799302595,0.785428119748272,0.845081449411587
1.7615,0.785312990140317,0.785424653742488,0.838236951853808
1.762,0.785310216282292,0.785421137462116,0.83113730381026
1.7625,0.78530747853479,0.785417577664598,0.823816037072492
1.763,0.785304777708552,0.785413981238258,0.816306643027396
1.7635,0.78530211461002,0.785410355165088,0.808642281190682
1.764,0.785299490032631,0.78540670648236,0.80085549283108
1.7645,0.785296904748196,0.785403042242579,0.792978082581619
1.765,0.78529435949848,0.785399369472883,0.785041076534054
1.7655,0.785291854987028,0.785395695133409,0.777075227954487
1.766,0.785289391871329,0.785392026075777,0.769111761758566
1.7665,0.785286970784821,0.785388369119767,0.761182827868593
1.767,0.785284592371578,0.785384731179958,0.753321846910513
1.7675,0.785282257287966,0.785381119257461,0.745563363030032
1.768,0.785279966191447,0.785377540378887,0.737942670249455
1.7685,0.785277719732577,0.78537400154676,0.730495490110441
1.769,0.785275518547101,0.785370509689655,0.723257647945744
1.7695,0.785273363248142,0.78536707161146,0.716264750652278
1.77,0.785271254418613,0.785363693941187,0.709551868803166
1.7705,0.785269192603869,0.785360383082752,0.703153225877001
1.771,0.785267178304707,0.785357145166158,0.697101897298952
1.7715,0.785265211997012,0.785353986146401,0.691429521881558
1.772,0.785263294162762,0.785350911965514,0.686166028124192
1.7725,0.785261425291592,0.785347928548736,0.681339377680516
1.773,0.785259605870911,0.785345041736448,0.676975328134296
1.7735,0.785257836378912,0.785342257231532,0.673097217037312
1.774,0.785256117277691,0.785339580547421,0.669725768960602
1.7745,0.78525444900648,0.785337016956207,0.666878927093778
1.775,0.785252831975106,0.785334571438314,0.664571710698715
1.7755,0.785251266557686,0.785332248633138,0.662816099485606
1.776,0.785249753086656,0.785330052792116,0.661620945733423
1.7765,0.785248291869504,0.785327987881264,0.660991914725405
1.777,0.785246883215199,0.785326057748148,0.660931453815617
1.7775,0.785245527435609,0.785324266123212,0.661438790187142
1.778,0.785244224837222,0.785322616557505,0.662509957108349
1.7785,0.785242975715361,0.785321112376904,0.664137848243161
1.779,0.785241780348511,0.785319756637857,0.666312299326511
1.7795,0.785240638992793,0.785318552084121,0.66902019627938
1.78,0.785239551876642,0.785317501105779,0.672245608610896
1.7805,0.785238519195726,0.785316605700048,0.675969946740017
1.781,0.78523754110816,0.785315867435081,0.680172141667984
1.7815,0.785236617747875,0.785315287536821,0.684828845246797
1.782,0.785235749245747,0.785314867029431,0.689914649119921
1.7825,0.78523493573084,0.785314606741554,0.695402320260655
1.783,0.785234177323938,0.785314507261571,0.701263050902269
1.7835,0.785233474133116,0.785314568907318,0.70746672054319
1.784,0.785232826249441,0.785314791697891,0.713982167620966
1.7845,0.785232233742807,0.785315175327176,0.720777468381184
1.785,0.785231696657985,0.785315719139947,0.727820220422251
1.7855,0.785231215010885,0.785316422110248,0.735077828374388
1.786,0.78523078878508,0.785317282822768,0.742517789171181
1.7865,0.785230417941472,0.785318299527614,0.750107974394551
1.787,0.785230102433603,0.785319470227702,0.757816907218625
1.7875,0.785229842208668,0.785320792688763,0.765613928265714
1.788,0.785229637203036,0.785322264420601,0.773469308520492
1.7885,0.785229487339273,0.785323882668042,0.781353750535903
1.789,0.785229392523304,0.785325644404129,0.789237625221595
1.7895,0.785229352641727,0.785327546325467,0.797090444904339
1.79,0.78522936755931,0.785329584849934,0.804880418211549
1.7905,0.785229437116675,0.785331756116737,0.812574564140928
1.791,0.785229561128219,0.785334055988904,0.820139078813106
1.7915,0.785229739387865,0.785336480065598,0.827539645203032
1.792,0.785229971678216,0.785339023699912,0.83474174509329
1.7925,0.785230257771333,0.785341682010754,0.84171097047478
1.793,0.785230597426311,0.785344449893664,0.848413331645762
1.7935,0.785230990387823,0.785347322034744,0.854815559309872
1.794,0.785231436384796,0.785350292926556,0.860885398046856
1.7945,0.785231935129234,0.785353356886192,0.866591888625566
1.795,0.785232486315212,0.785356508075068,0.871905636746232
1.7955,0.785233089618022,0.785359740520675,0.876799065936951
1.796,0.785233744693509,0.785363048139743,0.881246652486331
1.7965,0.785234451179828,0.785366424705726,0.885225140468825
1.797,0.785235208700338,0.785369863793532,0.888713735109716
1.7975,0.785236016864103,0.785373358791043,0.891694272941288
1.798,0.785236875265564,0.785376902937515,0.894151367418384
1.7985,0.78523778348459,0.785380489357881,0.89607252888847
1.799,0.785238741086681,0.785384111098401,0.897448258046235
1.7995,0.785239747623298,0.785387761164085,0.898272112243679
1.8,0.785240802632332,0.785391432556865,0.898540744271311
1.8005,0.785241905638711,0.785395118314983,0.898253913472299
1.801,0.785243056155121,0.785398811552491,0.897414469297084
1.8015,0.785244253679844,0.78540250538796,0.896028307648809
1.802,0.785245497693447,0.785406192826464,0.894104300607877
1.8025,0.785246787659015,0.785409866768563,0.891654200354937
1.803,0.785248123023863,0.785413520069079,0.888692518333619
1.8035,0.785249503221061,0.785417145585346,0.885236380905519
1.804,0.785250927671102,0.78542073622592,0.881305362948431
1.8045,0.785252395783692,0.785424285000324,0.876921301033069
1.805,0.785253906959647,0.785427785068435,0.872108087981909
1.8055,0.785255460592884,0.785431229790108,0.866891450764944
1.806,0.785257056072486,0.78543461277359,0.861298713819978
1.8065,0.785258692776778,0.785437927778838,0.855358549998385
1.807,0.785260370064101,0.785441168558909,0.849100721430327
1.8075,0.785262087272778,0.785444328864709,0.842555812675463
1.808,0.785263843724746,0.785447402513098,0.835754958575832
1.8085,0.785265638728473,0.785450383440011,0.828729569256412
1.809,0.785267471581992,0.785453265753054,0.821511054725936
1.8095,0.78526934157606,0.785456043784226,0.814130551515821
1.81,0.785271247997373,0.785458712141216,0.806618653758904
1.8105,0.785273190131853,0.785461265757922,0.799005173579223
1.811,0.785275167267936,0.785463699942671,0.791318919871097
1.8115,0.785277178687195,0.78546601027433,0.783588777525925
1.812,0.785279223649654,0.785468192432953,0.775845334679887
1.8125,0.785281301393485,0.785470242199391,0.768121064580732
1.813,0.785283411140406,0.785472155519903,0.76044993724614
1.8135,0.785285552099846,0.785473928554129,0.752867117258002
1.814,0.785287723473221,0.785475557721676,0.745408634492216
1.8145,0.78528992445831,0.785477039747858,0.738111054410806
1.815,0.785292154253663,0.785478371707254,0.731011146082218
1.8155,0.78529441206303,0.785479551065582,0.724145550881777
1.816,0.785296697099746,0.785480575718634,0.717550454796282
1.8165,0.785299008574286,0.785481443900769,0.711261267203146
1.817,0.78530134567474,0.785482154036727,0.705312308915877
1.8175,0.785303707566267,0.785482704736178,0.699736512185022
1.818,0.785306093398028,0.785483094842633,0.694565135217998
1.8185,0.785308502308435,0.78548332346723,0.689827493633804
1.819,0.785310933430498,0.785483390020497,0.68555071110092
1.8195,0.785313385897249,0.785483294242493,0.681759491220379
1.82,0.785315858847157,0.785483036230375,0.678475912512837
1.8205,0.785318351429539,0.78548261646374,0.675719248150367
1.821,0.785320862809863,0.785482035826898,0.673505811842733
1.8215,0.78532339215472,0.785481295547033,0.671848831046191
1.822,0.785325938608223,0.785480397095174,0.670758348412598
1.8225,0.785328501291232,0.78547934217669,0.67024115214011
1.823,0.785331079309566,0.785478132755264,0.670300735626332
1.8235,0.785333671760138,0.785476771066084,0.670937286562689
1.824,0.785336277737166,0.785475259626778,0.672147705347508
1.8245,0.785338896338448,0.785473601246231,0.67392565243696
1.825,0.785341526671585,0.785471799030953,0.676261624000019
1.8255,0.785344167860167,0.785469856389058,0.67914305499807
1.826,0.785346819049806,0.785467777031669,0.682554448573846
1.8265,0.785349479391073,0.785465564952447,0.686477530410095
1.827,0.785352148012683,0.785463224396485,0.690891426507541
1.8275,0.785354824020539,0.785460759848539,0.695772862636214
1.828,0.785357506506906,0.785458176027497,0.701096383535559
1.8285,0.78536019455722,0.785455477876451,0.706834589778459
1.829,0.785362887256945,0.785452670550701,0.712958390073623
1.8295,0.785365583698464,0.785449759403558,0.719437266660878
1.83,0.7853682829879,0.785446749970263,0.726239551355547
1.8305,0.785370984251849,0.785443647949824,0.73333270972214
1.831,0.785373686643933,0.785440459185245,0.740683630804462
1.8315,0.785376389326305,0.785437189688358,0.748258919809204
1.832,0.785379091440573,0.785433845682633,0.756025191133383
1.8325,0.785381792106677,0.785430433591359,0.763949359142308
1.833,0.785384490432728,0.785426960003594,0.771998924143968
1.8335,0.785387185522244,0.785423431642953,0.780141683474026
1.834,0.785389876481417,0.785419855334906,0.788345197596552
1.8345,0.785392562426385,0.785416237972191,0.796576177857374
1.835,0.785395242490409,0.785412586479283,0.804799824107018
1.8355,0.785397915830938,0.785408907775477,0.812979818689245
1.836,0.785400581636442,0.785405208737619,0.8210786030587
1.8365,0.785403239107125,0.785401496265659,0.8290576924151
1.837,0.785405887424572,0.785397777391425,0.836878038236044
1.8375,0.785408525750512,0.785394059268988,0.844500382432415
1.838,0.785411153236979,0.785390349118464,0.851885610711394
1.8385,0.785413769033735,0.785386654179362,0.858995102028864
1.839,0.785416372295702,0.785382981663301,0.865791071070723
1.8395,0.785418962190375,0.785379338705525,0.872236900787029
1.84,0.785421537905116,0.785375732316579,0.878297462112985
1.8405,0.785424098654306,0.785372169333568,0.883939418145331
1.841,0.785426643686247,0.785368656372388,0.889131510200496
1.8415,0.785429172263714,0.785365199921703,0.893844823360162
1.842,0.785431683633329,0.785361806497313,0.89805302930905
1.8425,0.785434177024253,0.785358482636512,0.90173260448685
1.843,0.78543665165834,0.785355234830299,0.904863021809151
1.8435,0.785439106757498,0.785352069470057,0.907426914458891
1.844,0.785441541551049,0.785348992794571,0.909410210507947
1.8445,0.785443955283038,0.785346010836768,0.910802237395557
1.845,0.785446347219413,0.785343129371682,0.911595795564049
1.8455,0.785448716655031,0.785340353865053,0.911787200830218
1.846,0.785451062920401,0.785337689424052,0.911376295350246
1.8465,0.785453385362707,0.785335140902018,0.910366427314778
1.847,0.785455683315894,0.785332713069391,0.908764399786246
1.8475,0.785457956099335,0.785330410613147,0.906580389360242
1.848,0.785460203027647,0.785328238070171,0.903827835594499
1.8485,0.785462423417764,0.785326199777304,0.900523302400458
1.849,0.785464616595986,0.785324299822646,0.896686312831394
1.8495,0.78546678190496,0.785322541997538,0.892339158925633
1.85,0.785468918710509,0.785320929750638,0.887506688471576
1.8505,0.785471026408282,0.785319466143532,0.882216070751431
1.851,0.785473104430126,0.785318153809235,0.876496543491098
1.8515,0.785475152226165,0.785316995047976,0.870379143393245
1.852,0.785477169236546,0.7853159919825,0.863896422758102
1.8525,0.785479154890115,0.785315146562697,0.857082154800841
1.853,0.785481108613593,0.785314460512697,0.849971030355
1.8535,0.785483029838147,0.785313935293706,0.8425983487075
1.854,0.785484918005909,0.785313572068779,0.834999705342344
1.8545,0.78548677257641,0.785313371669115,0.827210679376703
1.855,0.785488593032858,0.785313334562887,0.819266523455165
1.8555,0.785490378888222,0.785313460826265,0.811201858825586
1.856,0.785492129691045,0.785313750117525,0.803050378253945
1.8565,0.785493845009121,0.785314201745801,0.794845355014629
1.857,0.785495524403753,0.785314814781476,0.786620494565165
1.8575,0.785497167428487,0.785315588065126,0.778410475402297
1.858,0.785498773637373,0.785316520178342,0.770251383974222
1.8585,0.78550034259083,0.785317609426377,0.762180570048013
1.859,0.785501873861444,0.785318853823055,0.754236238015464
1.8595,0.785503367039675,0.785320251077745,0.746457098026042
1.86,0.785504821739382,0.785321798584861,0.738882015254248
1.8605,0.785506237603177,0.785323493415769,0.731549660416116
1.861,0.785507614307496,0.785325332313418,0.724498164615399
1.8615,0.78550895154836,0.785327311721054,0.717764781538789
1.862,0.785510249018898,0.78532942782682,0.711385559932079
1.8625,0.785511506408174,0.785331676575342,0.705395029176524
1.863,0.785512723408292,0.785334053667808,0.699825900647803
1.8635,0.785513899719396,0.785336554567736,0.694708787380577
1.864,0.785515035054578,0.785339174508889,0.690071944380962
1.8645,0.785516129144687,0.785341908505424,0.685941031729335
1.865,0.78551718174296,0.785344751364071,0.682338902398392
1.8655,0.785518192629482,0.785347697698483,0.679285416478632
1.866,0.785519161615384,0.785350741945429,0.676797283257305
1.8665,0.785520088531081,0.785353878348009,0.674887932339924
1.867,0.785520973207683,0.785357100925934,0.673567414737762
1.8675,0.785521815475956,0.785360403487587,0.67284233457301
1.868,0.785522615172078,0.785363779659387,0.67271581177769
1.8685,0.785523372141631,0.785367222913626,0.673187475885614
1.869,0.78552408624349,0.785370726597937,0.674253490741048
1.8695,0.785524757353606,0.785374283966742,0.675906609675694
1.87,0.785525385368624,0.785377888213843,0.678136260439575
1.8705,0.785525970209321,0.785381532506554,0.680928658913654
1.871,0.785526511823828,0.785385210020437,0.684266950384783
1.8715,0.785527010178651,0.785388913880103,0.68813137692896
1.872,0.785527465244458,0.78539263706067,0.692499469228862
1.8725,0.7855278769952,0.785396372398016,0.69734626094803
1.873,0.785528245412374,0.785400112641946,0.70264452359863
1.8735,0.785528570487904,0.785403850500881,0.708365019673853
1.874,0.785528852226922,0.785407578687358,0.714476771671121
1.8745,0.785529090650426,0.785411289964881,0.720947344509428
1.875,0.785529285797793,0.785414977194818,0.727743138744263
1.8755,0.785529437729132,0.785418633383903,0.734829691907447
1.876,0.785529546527434,0.785422251731001,0.742171985247219
1.8765,0.785529612292595,0.785425825536586,0.749734753116451
1.877,0.785529635131913,0.785429348053852,0.757482792253898
1.8775,0.785529615159388,0.785432812495221,0.765381268224842
1.878,0.785529552498399,0.785436212099325,0.773396016332921
1.8785,0.785529447283417,0.785439540184147,0.781493578519223
1.879,0.785529299661609,0.785442790200008,0.78964112352456
1.8795,0.785529109794331,0.785445955783,0.797805926009099
1.88,0.785528877858481,0.785449030807376,0.805954649101945
1.8805,0.78552860404771,0.78545200943749,0.814053008167059
1.881,0.785528288573483,0.785454886177785,0.822065584359985
1.8815,0.785527931662196,0.785457655767975,0.8299560200301
1.882,0.785527533550557,0.785460313011795,0.837687396310746
1.8825,0.785527094485092,0.785462852778538,0.84522256843545
1.883,0.785526614723183,0.785465270071238,0.852524500546239
1.8835,0.785526094533597,0.785467560078265,0.859556597037739
1.884,0.785525534196898,0.785469718223808,0.866283027533369
1.8845,0.785524934005748,0.785471740217839,0.872669042667829
1.885,0.785524294265096,0.785473622104115,0.878681277952391
1.8855,0.785523615292249,0.785475360306773,0.884288043125088
1.886,0.78552289741682,0.785476951674122,0.889459594535571
1.8865,0.78552214098096,0.785478393379269,0.894168388282602
1.887,0.785521346339637,0.785479682758768,0.898389312009305
1.8875,0.785520513860342,0.785480817308885,0.902099893465539
1.888,0.785519643922522,0.785481794742129,0.90528048416626
1.8885,0.785518736916921,0.785482613027567,0.907914416707304
1.889,0.785517793244831,0.785483270429279,0.909988134543666
1.8895,0.785516813317225,0.78548376554343,0.911491293287646
1.89,0.785515797553805,0.78548409733282,0.912416832843102
1.8905,0.785514746381957,0.785484265159339,0.912761019954921
1.891,0.785513660235631,0.785484268813299,0.912523461017561
1.8915,0.785512539558588,0.785484108438247,0.91170708525058
1.892,0.785511384809423,0.785483784409962,0.910318098610295
1.8925,0.785510196461495,0.78548329732814,0.908365909062678
1.893,0.785508975000796,0.785482648050601,0.905863024091145
1.8935,0.785507720924174,0.785481837714691,0.902824921551884
1.894,0.785506434737473,0.785480867756449,0.899269895216729
1.8945,0.785505116953554,0.785479739927758,0.895218876557424
1.895,0.785503768090274,0.785478456310925,0.8906952345236
1.8955,0.785502388668381,0.785477019330836,0.885724555248347
1.896,0.785500979209397,0.785475431764277,0.880334403778325
1.8965,0.785499540241685,0.785473696703159,0.874554070068696
1.897,0.785498072309936,0.785471817496744,0.868414301605638
1.8975,0.785496575975305,0.785469797740317,0.861947025119811
1.898,0.785495051811835,0.785467641280572,0.855185059932342
1.8985,0.785493500403655,0.785465352214042,0.848161825529918
1.899,0.785491922342085,0.785462934883323,0.840911045997321
1.8995,0.785490318222656,0.785460393871044,0.833466453943979
1.9,0.785488688642097,0.785457733991675,0.825861496545946
1.9005,0.785487034195285,0.785454960281076,0.818129046286575
1.901,0.785485355472209,0.785452077984001,0.810301118918347
1.9015,0.785483653066597,0.78544909256274,0.802409023732436
1.902,0.785481927589433,0.785446009713584,0.794483701020904
1.9025,0.785480179669293,0.785442835354611,0.786556305146881
1.903,0.785478409947479,0.785439575601187,0.778658906098334
1.9035,0.785476619074302,0.78543623674168,0.770824670592777
1.904,0.785474807705285,0.785432825211406,0.763087826202013
1.9045,0.785472976497293,0.785429347564522,0.755483424783244
1.905,0.785471126104667,0.78542581044457,0.748046995017679
1.9055,0.785469257175332,0.785422220553337,0.740814220020221
1.906,0.785467370346987,0.78541858461887,0.733820615992786
1.9065,0.78546546625793,0.785414909447986,0.727101214754538
1.907,0.785463545564066,0.785411202013999,0.720690252927013
1.9075,0.785461608939427,0.785407469445928,0.714620870472576
1.908,0.785459657070205,0.785403718978673,0.708924821181926
1.9085,0.785457690650265,0.785399957910554,0.703632197581402
1.909,0.785455710376594,0.785396193559858,0.698771172584978
1.9095,0.785453716944694,0.785392433219905,0.694367760050524
1.91,0.785451711043994,0.78538868411385,0.690445596216694
1.9105,0.785449693353287,0.78538495334869,0.687025743797503
1.911,0.785447664536267,0.785381247869784,0.684126520298131
1.9115,0.785445625254162,0.785377574547404,0.681763351889704
1.912,0.785443576185581,0.785373940319324,0.679948653944892
1.9125,0.785441518027202,0.785370352183472,0.678691739092252
1.913,0.785439451486922,0.785366817132143,0.67799875339758
1.9135,0.785437377278771,0.785363342099328,0.677872641027309
1.914,0.785435296117767,0.785359933908029,0.678313137494566
1.9145,0.785433208714737,0.785356599216935,0.679316791335025
1.915,0.785431115771185,0.785353344467975,0.680877013809487
1.9155,0.785429017974215,0.785350175834123,0.682984155985323
1.916,0.785426915991576,0.785347099168964,0.685625612311665
1.9165,0.785424810485648,0.785344120111044,0.6887859495756
1.917,0.78542270213542,0.785341244254517,0.69244705991045
1.9175,0.785420591637312,0.785338477146653,0.696588336324515
1.918,0.785418479697695,0.78533582421845,0.701186869030878
1.9185,0.785416367027372,0.785333290731665,0.706217660687797
1.919,0.785414254336031,0.785330881726816,0.711653858506046
1.9195,0.785412142326674,0.785328601971507,0.717467001045647
1.92,0.785410031690118,0.785326455910604,0.72362727741076
1.9205,0.785407923099574,0.785324447617663,0.730103796458921
1.921,0.785405817205388,0.785322580749051,0.736864863569992
1.9215,0.785403714649883,0.785320858646443,0.743878262471623
1.922,0.785401616090708,0.785319284503419,0.751111539591919
1.9225,0.785399522201764,0.785317861368299,0.758532288406473
1.923,0.785397433665354,0.785316592084229,0.766108431265816
1.9235,0.785395351166418,0.785315479245907,0.773808496230294
1.924,0.785393275386771,0.785314525158059,0.781601886501925
1.9245,0.785391206999329,0.785313731795171,0.789458458443536
1.925,0.78538914666243,0.785313100763679,0.797347805073358
1.9255,0.785387095014255,0.78531263326618,0.805238607003629
1.926,0.785385052667435,0.785312330068769,0.813097991010357
1.9265,0.785383020224253,0.785312191582352,0.820891610399223
1.927,0.785380998300585,0.785312217993796,0.82858404124746
1.9275,0.785378987526892,0.785312409273552,0.836139108346545
1.928,0.785376988540257,0.785312765136536,0.843520215351711
1.9285,0.785375001978577,0.785313285016713,0.850690676188103
1.929,0.785373028474764,0.785313968043904,0.857614044774229
1.9295,0.785371068650969,0.785314813022521,0.864254440160114
1.93,0.785369123112901,0.785315818412929,0.870576864239647
1.9305,0.785367192444277,0.785316982315205,0.876547509283433
1.931,0.785365277201472,0.785318302455863,0.882134052648897
1.9315,0.785363377928582,0.785319776232636,0.887305936157435
1.932,0.785361495181175,0.785321400785378,0.892034627782628
1.9325,0.78535962952732,0.78532317300707,0.896293863467441
1.933,0.785357781539764,0.785325089532883,0.900059867080238
1.9335,0.785355951790268,0.785327146737459,0.903311546727539
1.934,0.785354140843963,0.785329340734433,0.906030665863704
1.9345,0.785352349253745,0.785331667378229,0.908201987872173
1.935,0.785350577554791,0.785334122268122,0.90981339303728
1.9355,0.7853488262592,0.785336700754648,0.91085596707781
1.936,0.785347095850857,0.78533939794825,0.911324060671038
1.9365,0.785345386799894,0.785342208719025,0.911215319656737
1.937,0.785343699585477,0.785345127693923,0.910530685872162
1.9375,0.78534203469685,0.785348149269055,0.909274368829043
1.938,0.785340392625895,0.78535126762906,0.907453788699851
1.9385,0.785338773861789,0.785354476767616,0.905079491330758
1.939,0.785337178885691,0.785357770509822,0.902165036240742
1.9395,0.785335608165487,0.785361142536736,0.898726858797932
1.94,0.785334062150662,0.78536458641142,0.894784107983793
1.9405,0.785332541267311,0.785368095606827,0.890358461361039
1.941,0.785331045913371,0.785371663534771,0.885473919050745
1.9415,0.785329576472025,0.785375283500611,0.880156578696237
1.942,0.785328133332836,0.78537894862717,0.874434393544778
1.9425,0.785326716892765,0.785382651866013,0.868336915911456
1.943,0.785325327549346,0.785386386043525,0.86189502840207
1.9435,0.785323965695819,0.785390143900819,0.855140665362407
1.944,0.785322631716315,0.785393918134793,0.848106527089305
1.9445,0.785321325981109,0.785397701440825,0.84082578938409
1.945,0.785320048841996,0.785401486555928,0.833331811050933
1.9455,0.785318800627829,0.785405266302881,0.825657841941508
1.946,0.785317581640255,0.785409033634102,0.817836734123142
1.9465,0.785316392165669,0.785412781549748,0.809900747393006
1.947,0.785315232494061,0.785416502962556,0.801881399672441
1.9475,0.785314102919974,0.785420190705995,0.793809950666535
1.948,0.785313003736498,0.785423837598384,0.785718157744276
1.9485,0.785311935231024,0.785427436494719,0.777638792929948
1.949,0.785310897681064,0.785430980338692,0.769606077243368
1.9495,0.785309891350145,0.78543446221552,0.761655546622578
1.95,0.785308916483838,0.785437875404099,0.753823660786962
1.9505,0.78530797330593,0.785441213429092,0.746147469276474
1.951,0.785307062014809,0.785444470111455,0.738664274771224
1.9515,0.785306182793603,0.785447639465326,0.73141129668828
1.952,0.78530533582622,0.785450715529199,0.724425338027784
1.9525,0.785304521298207,0.78545369236938,0.717742458389702
1.953,0.785303739391734,0.785456564150107,0.711397656006184
1.9535,0.785302990282088,0.785459325187538,0.705424561533704
1.954,0.785302274134245,0.785461970002931,0.69985514622475
1.9545,0.785301591099518,0.785464493375679,0.694719446952205
1.955,0.785300941312344,0.785466890394633,0.690045310392204
1.9555,0.785300324887207,0.785469156508342,0.685858158484704
1.956,0.785299741915748,0.785471287572715,0.682180777087122
1.9565,0.785299192474842,0.785473279746111,0.67903312951711
1.957,0.785298676639373,0.785475129318615,0.676432196447871
1.9575,0.78529819448298,0.785476832710154,0.674391843375536
1.958,0.785297746074166,0.785478386533393,0.672922716625317
1.9585,0.785297331473615,0.785479787639712,0.672032168603606
1.959,0.78529695073161,0.785481033163528,0.671724212739385
1.9595,0.785296603885525,0.785482120565526,0.671999508292531
1.96,0.785296290957443,0.785483047673478,0.672855374941203
1.9605,0.785296011951915,0.785483812721159,0.674285836797872
1.961,0.785295766853865,0.78548441438415,0.676281695246002
1.9615,0.785295555634401,0.785484851692911,0.67883062973905
1.962,0.785295378260012,0.785485123892349,0.681917325462673
1.9625,0.785295234693177,0.785485230434934,0.685523626531663
1.963,0.785295124889689,0.785485171024513,0.689628713177255
1.9635,0.785295048796869,0.785484945645579,0.694209301179857
1.964,0.785295006351878,0.78548455459037,0.699239861618517
1.9645,0.78529499748011,0.785483998484123,0.704692858843184
1.965,0.785295022093708,0.785483278307682,0.710539004430278
1.9655,0.785295080090186,0.785482395417723,0.716747524757399
1.966,0.785295171351195,0.785481351563934,0.723286439730217
1.9665,0.785295295745932,0.785480148836489,0.730122850114294
1.967,0.785295453136564,0.785478789582446,0.737223230867472
1.9675,0.785295643378694,0.785477276395149,0.744553727834769
1.968,0.78529586631994,0.785475612130661,0.752080455157618
1.9685,0.785296121799088,0.785473799914788,0.759769790762646
1.969,0.785296409645319,0.785471843147808,0.767588667331783
1.9695,0.785296729677542,0.78546974550696,0.775504782518795
1.97,0.785297081703811,0.785467510946539,0.783486769102125
1.9705,0.785297465520849,0.785465143695595,0.791503717304006
1.971,0.785297880913682,0.78546264825321,0.799524418291453
1.9715,0.7852983276566,0.785460029380342,0.807516823042255
1.972,0.78529880551475,0.785457292088909,0.815447572590969
1.9725,0.785299314244436,0.785454441629481,0.82328211729752
1.973,0.785299853592976,0.785451483477176,0.830985100427192
1.9735,0.785300423298778,0.785448423315079,0.838520681491837
1.974,0.785301023091503,0.78544526701567,0.845852861451939
1.9745,0.785301652692312,0.785442020620043,0.852945806890536
1.975,0.785302311814195,0.785438690315426,0.859764170300604
1.9755,0.78530300016238,0.78543528241075,0.866273403683087
1.976,0.785303717434815,0.785431803310876,0.872440062732787
1.9765,0.785304463320734,0.785428259554427,0.878232098992735
1.977,0.785305237498463,0.785424657877743,0.883619137483566
1.9775,0.78530603963555,0.785421005203172,0.888572737461348
1.978,0.785306869389871,0.785417308597051,0.893066634123926
1.9785,0.785307726410607,0.785413575232592,0.897076959270533
1.979,0.785308610339297,0.785409812351476,0.900582439120271
1.9795,0.785309520810982,0.785406027223674,0.9035645677104
1.98,0.785310457455398,0.785402227106602,0.906007754523007
1.9805,0.785311419898238,0.785398419203115,0.907899445226508
1.981,0.785312407762446,0.78539461061952,0.909230214664443
1.9815,0.785313420664495,0.785390808442328,0.90999383147582
1.982,0.785314458208579,0.785387019865166,0.91018729398667
1.9825,0.785315519986583,0.785383252179874,0.909810837269129
1.983,0.785316605580358,0.785379512714436,0.90886791152008
1.9835,0.785317714563545,0.785375808782306,0.90736513216379
1.984,0.78531884650347,0.785372147631367,0.905312202329998
1.9845,0.785320000963106,0.7853685363919,0.902721808598276
1.985,0.785321177503084,0.785364982025034,0.899609491129227
1.9855,0.785322375683733,0.785361491271067,0.895993489521199
1.986,0.78532359506713,0.785358070599138,0.891894565935872
1.9865,0.785324835211264,0.785354726308512,0.88733580722554
1.987,0.785326095660909,0.785351464694619,0.882342407967697
1.9875,0.785327375947431,0.785348292044652,0.876941436467165
1.988,0.785328675592136,0.785345214567108,0.87116158592126
1.9885,0.785329994108851,0.785342238337084,0.865032913058353
1.989,0.785331331006576,0.785339369242204,0.858586566653744
1.9895,0.78533268579219,0.785336612928524,0.851854508398403
1.99,0.785334057973181,0.785333974747978,0.844869228645312
1.9905,0.785335447060385,0.785331459706747,0.837663459584681
1.991,0.785336852570699,0.785329072416068,0.830269888403046
1.9915,0.785338274019383,0.785326817199,0.822720872962423
1.992,0.785339710907993,0.785324698264358,0.815048162494535
1.9925,0.785341162724038,0.785322719707643,0.807282625742258
1.993,0.785342628945259,0.785320885445471,0.799453988896474
1.9935,0.785344109042875,0.785319199167138,0.791591269031923
1.994,0.785345602484874,0.785317664287706,0.783723505010848
1.9945,0.785347108739362,0.785316283902035,0.775880419216395
1.995,0.785348627277904,0.785315060741134,0.768093072047568
1.9955,0.785350157578856,0.785313997130312,0.760393798602418
1.996,0.785351699130631,0.785313094950396,0.752815831887151
1.9965,0.785353251422446,0.78531235572986,0.745392997569857
1.997,0.785354813929774,0.785311780793885,0.738159405775954
1.9975,0.785356386113865,0.785311371270452,0.731149142672241
1.998,0.785357967426806,0.785311128042024,0.72439596456785
1.9985,0.785359557315289,0.785311051712529,0.717932997217881
1.999,0.785361155224441,0.785311142576453,0.711792442949506
1.9995,0.785362760601675,0.785311400589686,0.706005298141723
2,0.785364372900525,0.785311825343016,0.700601083479529
