0.5,-0.00308688407742834,0.365000161108534
0.5005,-0.0084250662410496,0.365123311033392
0.501,-0.0136860607441692,0.365247311590346
0.5015,-0.0188231681573587,0.365374293770123
0.502,-0.023790780306484,0.365507268120039
0.5025,-0.0285447853257564,0.36565106731656
0.503,-0.0330429595012012,0.365813733695876
0.5035,-0.0372453424214506,0.366007730607612
0.504,-0.0411145920999031,0.36624755563385
0.5045,-0.0446163169185855,0.366538127675718
0.505,-0.047719381434962,0.366864391516461
0.5055,-0.0503961833362492,0.3672046484544
0.506,-0.0526228990787785,0.367547033463935
0.5065,-0.0543796960194323,0.367888632036309
0.507,-0.0556509091603965,0.368229499641662
0.5075,-0.056425180921212,0.368570002109598
0.508,-0.0566955626964527,0.368910274773257
0.5085,-0.0564595772943693,0.369249440037733
0.509,-0.0557192416860325,0.369575502072148
0.5095,-0.0544810498636371,0.369772659091659
0.51,-0.0527559159520916,0.369670737412997
0.5105,-0.0505590780699276,0.36949160629464
0.511,-0.0479099637897355,0.369304864377714
0.5115,-0.044832018382333,0.369117415011787
0.512,-0.0413524973669043,0.368929894918022
0.5125,-0.0375022252013657,0.368742366955216
0.513,-0.0333153222485892,0.368554837996355
0.5135,-0.0288289024407589,0.368367308895387
0.514,-0.0240827443167808,0.368179779778559
0.5145,-0.0191189383516507,0.367992250671336
0.515,-0.0139815137055717,0.367804721581513
0.5155,-0.0087160477003569,0.367617192510435
0.516,-0.00336926149040003,0.367429663454011
0.5165,0.00201139448653902,0.367242134403547
0.517,0.0073781615987927,0.367054605348252
0.5175,0.0126833969130673,0.366867076278734
0.518,0.0178799961284463,0.36667954718979
0.5185,0.0229218117940674,0.366492018081211
0.519,0.0277640630994244,0.366304488956646
0.5195,0.0323637335978619,0.36611695982174
0.52,0.0366799533274923,0.365929430683111
0.5205,0.0406743619386096,0.365741901550163
0.521,0.0443114495978662,0.365554372446755
0.5215,0.0475588726408437,0.365366843474746
0.522,0.0503877411662247,0.365179315228886
0.5225,0.0527728760128591,0.36499179199286
0.523,0.0546930328374071,0.364804309715196
0.5235,0.0561310912927337,0.364617207228772
0.524,0.0570742076266926,0.364433967134412
0.5245,0.057513929340512,0.364290297389526
0.525,0.0574462708782637,0.364384141263596
0.5255,0.0568717496781713,0.36469099617622
0.526,0.0557953822522861,0.365028648743158
0.5265,0.054226640325149,0.365369714163659
0.527,0.0521793674195433,0.365712040136463
0.5275,0.0496716566163176,0.366051144052447
0.528,0.0467256905739136,0.36636247418381
0.5285,0.043367545220703,0.36660698243027
0.529,0.0396269588559185,0.366784269054641
0.5295,0.0355370687046989,0.366922492246996
0.53,0.0311341172640008,0.367042664992334
0.5305,0.0264571310383176,0.367154927722004
0.531,0.0215475745143515,0.367263638881616
0.5315,0.0164489824453871,0.367370658241916
0.532,0.0112065737032883,0.36747682809545
0.5325,0.00586685012602986,0.367582554826428
0.533,0.000477183918590009,0.367688050391668
0.5335,-0.00491460273011755,0.367793439720486
0.534,-0.0102606620845259,0.367898811875268
0.5345,-0.0155135455867019,0.368004250226692
0.535,-0.0206266250947519,0.368109859229437
0.5355,-0.0255545068989526,0.368215801933907
0.536,-0.0302534348352289,0.368322368895071
0.5365,-0.0346816789183266,0.368430119862283
0.537,-0.0387999060426445,0.368540199909675
0.5375,-0.04257152945479,0.368655048998472
0.538,-0.0459630338954111,0.368779875885197
0.5385,-0.0489442735184555,0.368925633330158
0.539,-0.0514887399406658,0.369112659933264
0.5395,-0.0535737980361365,0.369364143277697
0.54,-0.0551808873811864,0.36967612251158
0.5405,-0.0562956875518947,0.37001449568756
0.541,-0.0569082458063465,0.370356671304929
0.5415,-0.0570130660126201,0.370695528913953
0.542,-0.056609158024125,0.371003841583403
0.5425,-0.0557000470632282,0.37109090321239
0.543,-0.0542937430216651,0.370941956853882
0.5435,-0.052402669948091,0.370757863954949
0.544,-0.050043556339536,0.370570655836712
0.5445,-0.0472372872078744,0.370383163409499
0.545,-0.0440087192310643,0.370195640483852
0.5455,-0.0403864606219735,0.370008113044839
0.546,-0.0364026176678384,0.369820584553004
0.5465,-0.03209251018302,0.369633055704171
0.547,-0.0274943584003712,0.36944552670733
0.5475,-0.0226489440749699,0.369257997642257
0.548,-0.0175992488059363,0.369070468543443
0.5485,-0.0123900727856814,0.368882939427083
0.549,-0.0070676373557671,0.36869541030138
0.5495,-0.00167917489897992,0.368507881170883
0.55,0.0037274902949261,0.36832035203848
0.5505,0.00910436647123026,0.368132822906457
0.551,0.0144037203893124,0.36794529377724
0.5515,0.0195785010608656,0.367757764654215
0.552,0.0245827574837572,0.36757023554309
0.5525,0.0293720466611758,0.36738270645468
0.553,0.0339038282851941,0.367195177411227
0.5535,0.0381378425778573,0.36700764846164
0.554,0.0420364679331443,0.366820119720223
0.5545,0.0455650551830405,0.366632591470187
0.555,0.0486922355184641,0.366445064456742
0.5555,0.0513901993261883,0.366257540774728
0.556,0.0536349434647084,0.366070026846363
0.5565,0.0554064847798315,0.365882545615522
0.557,0.0566890379581321,0.365695208179941
0.5575,0.0574711561407127,0.365508811505119
0.558,0.057745833039011,0.365330910182091
0.5585,0.0575105656429872,0.365232826842067
0.559,0.0567673769643331,0.365430422823165
0.5595,0.0555227986021585,0.3657512339037
0.56,0.0537878132851318,0.366043788960611
0.5605,0.0515777578958932,0.366256119935445
0.561,0.0489121878302619,0.366406409921516
0.5615,0.0458147038964618,0.366528409711094
0.562,0.0423127432820895,0.366639616823613
0.5625,0.038437336441725,0.366746832469893
0.563,0.0342228320619497,0.366852531117555
0.5635,0.029706592537638,0.36695762557149
0.564,0.0249286626633728,0.367062466123612
0.5645,0.0199314144758424,0.367167194027877
0.565,0.014759171397455,0.367271868627022
0.5655,0.00945781501749962,0.367376516275724
0.566,0.00407437799683421,0.367481149769067
0.5665,-0.00134337328938088,0.367585775961938
0.567,-0.0067473626677691,0.36769039904501
0.5675,-0.012089630879138,0.367795022165285
0.568,-0.0173227612997083,0.367899648461546
0.5685,-0.0224003008918674,0.368004282090399
0.569,-0.027277172644819,0.368108929794495
0.5695,-0.0319100758471436,0.368213603934882
0.57,-0.0362578706336192,0.368318328897578
0.5705,-0.0402819433899277,0.36842315487717
0.571,-0.0439465497735275,0.368528190095339
0.5715,-0.0472191322984339,0.368633684871129
0.572,-0.0500706096658925,0.368740247289401
0.5725,-0.0524756352676611,0.368849407696501
0.573,-0.0544128225626724,0.36896508945149
0.5735,-0.055864935327156,0.369097202957278
0.574,-0.0568190410792463,0.369267591022322
0.5745,-0.0572666263189888,0.369502385830367
0.575,-0.0572036725530508,0.369739968010872
0.5755,-0.0566306924242614,0.36971129577266
0.576,-0.0555527256248291,0.369546600527601
0.5765,-0.0539792946217718,0.369363510694545
0.577,-0.0519243205862086,0.369177289939881
0.5775,-0.049406000268372,0.368990223077251
0.578,-0.0464466449046993,0.368802870235367
0.5785,-0.0430724825861252,0.36861541220404
0.579,-0.0393134258393535,0.368427913534894
0.5795,-0.0352028064764819,0.368240398408244
0.58,-0.0307770800668908,0.368052876211053
0.5805,-0.0260755026520404,0.367865350789728
0.581,-0.0211397825674234,0.367677823814415
0.5815,-0.016013710464147,0.367490296051269
0.582,-0.0107427708081621,0.367302767873014
0.5825,-0.00537373830658056,0.367115239474139
0.583,4.57371571644789e-05,0.366927710966603
0.5835,0.00546755339881988,0.366740182425942
0.584,0.0108435828628983,0.366552653917405
0.5845,0.0161260998193232,0.366365125516849
0.585,0.0212682040340672,0.366177597337459
0.5855,0.0262242371509518,0.365990069577916
0.586,0.0309501880916671,0.365802542624821
0.5865,0.0354040838693089,0.365615017289578
0.587,0.0395463623473256,0.365427495389218
0.5875,0.0433402236352931,0.365239981243378
0.588,0.0467519569941371,0.365052485710202
0.5885,0.0497512403528366,0.364865037463653
0.589,0.0523114097723593,0.36467771498909
0.5895,0.0544096964612446,0.364490739443501
0.59,0.0560274292374138,0.364304746417709
0.5905,0.0571502006350192,0.364121497690711
0.591,0.0577679951793535,0.363945032727455
0.5915,0.0578752786862427,0.363779687112926
0.592,0.0574710477908217,0.363624163644337
0.5925,0.0565588392617538,0.36354157962306
0.593,0.0551466990150838,0.36362263667686
0.5935,0.0532471110990949,0.363732949887328
0.594,0.0508768872764895,0.363840803351171
0.5945,0.048057018181985,0.363946650245789
0.595,0.0448124873709162,0.364051708343026
0.5955,0.0411720499079929,0.364156479530109
0.596,0.0371679774589288,0.364261145015519
0.5965,0.0328357721419056,0.364365769967141
0.597,0.0282138516816738,0.364470378509251
0.5975,0.0233432086531275,0.364574980010903
0.598,0.0182670468378932,0.364679578310238
0.5985,0.0130303979259881,0.3647841750657
0.599,0.00767972195458831,0.364888771036509
0.5995,0.00226249503511587,0.364993366598039
0.6,-0.00317321197329557,0.36509796195491
0.6005,-0.00857916010704869,0.365202557235914
0.601,-0.0139073704681823,0.365307152543033
0.6015,-0.0191105501234539,0.365411747984725
0.602,-0.0241425119486779,0.36551634371136
0.6025,-0.0289585846934536,0.365620939972527
0.603,-0.0335160096237861,0.365725537231114
0.6035,-0.0377743202204706,0.365830136407021
0.604,-0.0416957015631525,0.365934739433816
0.6045,-0.0452453262046568,0.366039350624977
0.605,-0.0483916635552501,0.366143980075769
0.6055,-0.0511067600286075,0.366248652002346
0.606,-0.0533664874562014,0.366353421986809
0.6065,-0.0551507575668182,0.366458371967172
0.607,-0.0564437006229864,0.36656299164325
0.6075,-0.0572338066234624,0.366657514674579
0.608,-0.0575140278206774,0.366653069009621
0.6085,-0.0572818416333743,0.366480493443431
0.609,-0.0565392733971292,0.366285133032171
0.6095,-0.055292878749313,0.366107957677068
0.61,-0.0535536857952216,0.36594289892213
0.6105,-0.0513370975699448,0.365772747822451
0.611,-0.0486627556608182,0.365594096938544
0.6115,-0.0455543661925879,0.365410481211061
0.612,-0.0420394897206004,0.365224637122685
0.6125,-0.0381492968938698,0.36503785632301
0.613,-0.0339182920534024,0.364850679322706
0.6135,-0.0293840072187091,0.364663328786623
0.614,-0.0245866691730516,0.36447589806945
0.6145,-0.0195688426049406,0.364288428073014
0.615,-0.0143750524700825,0.364100937856492
0.6155,-0.0090513889222607,0.363913436889762
0.616,-0.00364509832289684,0.363725930256001
0.6165,0.00179583604443818,0.363538421011318
0.617,0.00722311983240144,0.363350911366292
0.6175,0.0125885762801007,0.363163403417078
0.618,0.0178445738529636,0.362975899823927
0.6185,0.0229444490730305,0.36278840480284
0.619,0.0278429207890157,0.362600926037688
0.6195,0.0324964922054388,0.362413478869901
0.62,0.0368638371018707,0.362226096135481
0.6205,0.0409061668149266,0.362038852395233
0.621,0.0445875747205563,0.361851925445089
0.6215,0.0478753551595453,0.361665752054582
0.622,0.0507402939719681,0.361481406633947
0.6225,0.053156928060771,0.361301347415932
0.623,0.0551037716773363,0.361129492262212
0.6235,0.0565635074167864,0.360964517896831
0.624,0.0575231402288911,0.360788682184675
0.6245,0.0579741130713483,0.360589820728443
0.625,0.0579123831745216,0.360376095183134
0.6255,0.0573384582449536,0.36015787220648
0.626,0.0562573922763797,0.359955062570916
0.6265,0.0546787410051739,0.359871150443185
0.627,0.0526164774037432,0.359942480300126
0.6275,0.0500888679576481,0.360043634377305
0.628,0.0471183108235469,0.36014787934027
0.6285,0.0437311373009403,0.36025243954302
0.629,0.0399573783776511,0.360357032047789
0.6295,0.0358304984177665,0.360461627181534
0.63,0.0313870983581438,0.360566222112477
0.6305,0.0266665910404365,0.360670816775508
0.631,0.0217108515615122,0.36077541128948
0.6315,0.0165638457463154,0.360880005727944
0.632,0.011271240034701,0.360984600127953
0.6325,0.00587999624887668,0.361089194507861
0.633,0.000437954834548202,0.361193788877169
0.6335,-0.00500658972479323,0.361298383241281
0.634,-0.0104053175506521,0.361402977603798
0.6345,-0.0157103122675791,0.361507571967781
0.635,-0.0208744863460948,0.361612166336692
0.6355,-0.0258519991167878,0.361716760715454
0.636,-0.0305986637436983,0.361821355111954
0.6365,-0.0350723395443029,0.361925949538791
0.637,-0.0392333061705811,0.3620305440106
0.6375,-0.0430446163319112,0.36213513849813
0.638,-0.0464724239252822,0.362239732539822
0.6385,-0.0494862846561805,0.3623443220947
0.639,-0.0520594264873077,0.362448872344035
0.6395,-0.0541689875034059,0.362553061338171
0.64,-0.0557962190842083,0.362653659403404
0.6405,-0.0569266525806553,0.362718650592198
0.641,-0.0575502280079141,0.362614572904548
0.6415,-0.0576613836135941,0.36240594987227
0.642,-0.0572591055245261,0.362184538286911
0.6425,-0.0563469370268341,0.361962871072739
0.643,-0.0549329473936117,0.361743418534095
0.6435,-0.053029660538974,0.361529871436151
0.644,-0.050653944124291,0.361329241067369
0.6445,-0.0478268600997406,0.361148329005159
0.645,-0.0445734780102543,0.360981880264801
0.6455,-0.0409226527128022,0.360815148603229
0.646,-0.0369067684811026,0.360641369393701
0.6465,-0.032561451769958,0.360461686549182
0.647,-0.027925255178149,0.360278546058899
0.6475,-0.0230393154215463,0.360093578321196
0.648,-0.0179469883492646,0.359907657287479
0.6485,-0.0126934642374257,0.359721228674972
0.649,-0.00732536677912195,0.359534526090946
0.6495,-0.00189033932696114,0.359347681307184
0.65,0.00356337794038438,0.359160778661401
0.6505,0.00898737617248708,0.358973884678946
0.651,0.0143335075246499,0.358787068925239
0.6515,0.0195543125432814,0.358600426542514
0.652,0.0246034414644628,0.358414114014215
0.6525,0.0294360656878482,0.358228417709545
0.653,0.0340092757706729,0.358043891550023
0.6535,0.0382824624093757,0.357861614083608
0.654,0.0422176770265518,0.357683521795046
0.6545,0.0457799687590316,0.357512115357035
0.655,0.0489376948568738,0.357346836863747
0.6555,0.0516628017366998,0.35717680650617
0.656,0.0539310741901705,0.356987885090456
0.6565,0.0557223505342065,0.356780638107296
0.657,0.0570207017963425,0.356563591503275
0.6575,0.0578145733353302,0.356342607568251
0.658,0.0580968876426473,0.356120236660879
0.6585,0.057865107407724,0.355897425893066
0.659,0.0571212582877129,0.355674704717286
0.6595,0.0558719111749548,0.355454659002305
0.66,0.0541281241162224,0.35526238345316
0.6605,0.0519053444036054,0.355215620731074
0.661,0.0492232716954878,0.355296096384444
0.6615,0.0461056833849192,0.355397891065055
0.662,0.0425802237661629,0.355502137005254
0.6625,0.0386781588625068,0.3556066821137
0.663,0.0344340990943166,0.355711268377962
0.6635,0.0298856922479482,0.355815861152691
0.664,0.0250732894654777,0.355920455127678
0.6645,0.0200395872213183,0.356025049361929
0.665,0.0148292484638032,0.356129643662001
0.6655,0.00948850627993494,0.356234237981633
0.666,0.00406475360361853,0.356338832307941
0.6665,-0.00139387739315915,0.356443426636705
0.667,-0.00683894249168214,0.3565480209662
0.6675,-0.012222115410106,0.35665261529534
0.668,-0.0174956167629302,0.356757209622764
0.6685,-0.0226126381853313,0.356861803945516
0.669,-0.0275277578627899,0.356966398255143
0.6695,-0.0321973437723252,0.357070992522715
0.67,-0.0365799410569161,0.357175586632147
0.6705,-0.040636640095975,0.357280180038019
0.671,-0.0443314219990148,0.357384769743493
0.6715,-0.0476314784597216,0.357489336580943
0.672,-0.0505075031257786,0.357593739383675
0.6725,-0.0529339518995824,0.357696799723117
0.673,-0.0548892698565762,0.357787790140437
0.6735,-0.0563560827641237,0.357787697201116
0.674,-0.0573213515023445,0.357614429870524
0.6745,-0.0577764880109318,0.357396251204652
0.675,-0.0577174317328293,0.357173609063283
0.6755,-0.0571446858746516,0.356950611150498
0.676,-0.0560633131582388,0.35672762040333
0.6765,-0.0544828911003354,0.356504729861812
0.677,-0.0524174272167302,0.356282119839619
0.6775,-0.0498852348978777,0.356060248039863
0.678,-0.0469087710595222,0.35584020779631
0.6785,-0.0435144370070221,0.355624333954574
0.679,-0.0397323442772795,0.355416736333635
0.6795,-0.0355960475369171,0.355222372615077
0.68,-0.0311422469058547,0.355043165648088
0.6805,-0.0264104623467636,0.35487473015642
0.681,-0.0214426830098685,0.35470974665053
0.6815,-0.0162829946444014,0.354543382155229
0.682,-0.0109771883819789,0.35437421763775
0.6825,-0.00557235436562356,0.354202628550782
0.683,-0.000116463829127995,0.354029526396523
0.6835,0.00534205666298051,0.35385588577849
0.684,0.0107547550360403,0.353682666327631
0.6845,0.0160735837729433,0.353510838908416
0.685,0.0212513264088398,0.353341329685324
0.6855,0.0262420166684392,0.353174623708106
0.686,0.0310013465252191,0.353009649275113
0.6865,0.0354870595597102,0.352842123457055
0.687,0.0396593261238761,0.35266481147369
0.6875,0.043481096981383,0.352472452514988
0.688,0.0469184322845074,0.352266149281119
0.6885,0.0499408029633379,0.35205084649091
0.689,0.0525213618549489,0.351830983087254
0.6895,0.0546371821633012,0.351609139787221
0.69,0.0562694611273968,0.351386520172069
0.6905,0.0574036870950958,0.351163617154446
0.691,0.0580297685153377,0.350940616014787
0.6915,0.0581421236986095,0.350717582465392
0.692,0.0577397305533756,0.350494541443072
0.6925,0.0568261358508321,0.350271533293486
0.693,0.0554094239351632,0.350048939449869
0.6935,0.0535021451570139,0.349830863621298
0.694,0.0511212046606855,0.349653511680838
0.6945,0.0482877125129286,0.349635223702914
0.695,0.0450267965025062,0.349720130278484
0.6955,0.0413673792675769,0.349822082187908
0.696,0.0373419217307537,0.349926282699884
0.6965,0.0329861351165474,0.350030808717724
0.697,0.0283386641068353,0.350135388971408
0.6975,0.0234407439444211,0.350239979807269
0.698,0.0183358345283927,0.350344573081606
0.6985,0.0130692347482713,0.350449167019813
0.699,0.00768768047855577,0.350553761169914
0.6995,0.00223892980301027,0.350658355396954
0.7,-0.00322866085211124,0.350762949652766
0.7005,-0.00866656591257305,0.350867543914752
0.701,-0.0140265213679715,0.350972138165052
0.7015,-0.0192609531810818,0.35107673237618
0.702,-0.0243233995878395,0.351181326482551
0.7025,-0.0291689235413515,0.351285920286377
0.703,-0.0337545116396681,0.351390513079329
0.7035,-0.038039455991345,0.351495101879829
0.704,-0.0419857156356853,0.351599671956216
0.7045,-0.0455582543010896,0.351704138180195
0.705,-0.0487253515057335,0.351807931510178
0.7055,-0.0514588842425786,0.351906734724878
0.706,-0.0537345767384737,0.351967117408765
0.7065,-0.0555322160751277,0.351869312358731
0.707,-0.0568358317564007,0.351664075982381
0.7075,-0.0576338376242946,0.351442680168089
0.708,-0.0579191348635718,0.351219769396359
0.7085,-0.0576891751808599,0.350996731496076
0.709,-0.0569459835927227,0.350773683926463
0.7095,-0.0556961406215865,0.350550637194407
0.71,-0.0539507240555012,0.350327595006365
0.7105,-0.0517252107853508,0.35010456533731
0.711,-0.0490393395932015,0.349881568422834
0.7115,-0.0459169361032379,0.349658653110108
0.712,-0.0423857014519468,0.349435929407246
0.7125,-0.0384769665520729,0.349213624988607
0.713,-0.0342254141249906,0.348992164839721
0.7135,-0.0296687709740061,0.348772246486587
0.714,-0.0248474732273625,0.348554839529854
0.7145,-0.0198043075185515,0.348341015523051
0.715,-0.0145840312909436,0.348131586644539
0.7155,-0.00923297559506705,0.347926705896818
0.716,-0.00379863390538632,0.347725680296137
0.7165,0.00167075939701197,0.347527098076792
0.717,0.00712665713225642,0.347329134578136
0.7175,0.0125206302211579,0.347129869517958
0.718,0.0178047975517923,0.346927587946395
0.7185,0.0229322509958015,0.346721099983515
0.719,0.0278574718055713,0.34651000650111
0.7195,0.0325367346908159,0.346294728729615
0.72,0.0369284959903711,0.346076228254398
0.7205,0.0409937624948072,0.345855588331246
0.721,0.0446964376402187,0.345633703021969
0.7215,0.0480036420040564,0.345411171251547
0.722,0.0508860052556351,0.345188335642781
0.7225,0.0533179269688791,0.344965369005545
0.723,0.0552778039813482,0.344742349916578
0.7235,0.0567482222789087,0.344519311129599
0.724,0.0577161117061024,0.344296265332758
0.7245,0.0581728621205797,0.344073217151912
0.725,0.0581143999667132,0.343850168226958
0.7255,0.0575412245814485,0.343627119538238
0.726,0.0564584039124113,0.343404076457528
0.7265,0.0548755296845189,0.343181097941865
0.727,0.0528066324093276,0.342958818233112
0.7275,0.050270056993173,0.342743457397973
0.728,0.0472883000444553,0.342581001617249
0.7285,0.0438878103268931,0.342577938216536
0.729,0.0400987541230729,0.342663423051287
0.7295,0.0359547475934121,0.342764928444463
0.73,0.0314925585073099,0.342868953896116
0.7305,0.0267517799871096,0.342973423730538
0.731,0.0217744791650924,0.343077985080896
0.7315,0.0166048238695066,0.34318256871025
0.732,0.0112886906511728,0.343287158748738
0.7325,0.00587325763262807,0.343391750933638
0.733,0.000406585790620265,0.343496343918597
0.7335,-0.00506280761113745,0.343600937185468
0.734,-0.010486379652037,0.343705530452872
0.7345,-0.015815992625439,0.343810123438525
0.735,-0.0210043413270102,0.343914715618817
0.7355,-0.0260053729655123,0.344019305620564
0.736,-0.0307746959704333,0.344123889043554
0.7365,-0.0352699740669595,0.344228449247349
0.737,-0.0394513021184662,0.344332912309022
0.7375,-0.0432815604020183,0.34443689405691
0.738,-0.0467267441708285,0.344538083729492
0.7385,-0.0497562655768883,0.34462111706617
0.739,-0.0523432252724009,0.3446055787756
0.7395,-0.054464651281952,0.344433738523236
0.74,-0.0561017030195372,0.344216726368981
0.7405,-0.0572398386408989,0.343994247676278
0.741,-0.0578689442448371,0.343771247757986
0.7415,-0.0579834237744242,0.343548202482869
0.742,-0.0575822488194691,0.343325153481182
0.7425,-0.0566689678773933,0.343102104209349
0.743,-0.0552516749896383,0.342879054993422
0.7435,-0.0533429380270597,0.342656005995997
0.744,-0.0509596872660166,0.342432957590522
0.7445,-0.0481230652379585,0.342209910711217
0.745,-0.0448582391852699,0.34198686756892
0.7455,-0.0411941777901908,0.341763833034011
0.746,-0.0371633941521013,0.341540816964323
0.7465,-0.0328016572978149,0.34131783742087
0.747,-0.0281476747843314,0.341094923804346
0.7475,-0.0232427492086326,0.340872117526782
0.748,-0.0181304116737037,0.340649466799248
0.7485,-0.012856035464713,0.34042701320814
0.749,-0.00746643336223065,0.340204772195947
0.7495,-0.00200944216668027,0.339982715729731
0.75,0.0034665018770449,0.339760768344473
0.7505,0.00891279298753763,0.339538822905867
0.751,0.0142810872727353,0.339316771327492
0.7515,0.0195237318408802,0.339094535893057
0.752,0.0245941877907297,0.338872086369076
0.7525,0.0294474433262139,0.338649437151005
0.753,0.0340404133244904,0.338426630116636
0.7535,0.0383323218161123,0.338203714509186
0.754,0.042285063977071,0.337980732766206
0.7545,0.0458635444218153,0.33775771489723
0.755,0.0490359887927118,0.337534679139697
0.7555,0.051774225877626,0.337311635272343
0.756,0.0540539377574222,0.337088588006616
0.7565,0.0558548757520624,0.336865539412115
0.757,0.0571610402567637,0.336642490328215
0.7575,0.0579608228661835,0.33641944107294
0.758,0.0582471095236829,0.336196391760569
0.7585,0.0580173437828413,0.335973342435929
0.759,0.0572735496147045,0.335750293181677
0.7595,0.0560223135607857,0.335527244809551
0.76,0.0542747263853633,0.335304206347494
0.7605,0.0520462847471774,0.33508127315775
0.761,0.0493567537609264,0.334859373869505
0.7615,0.046229991666741,0.334646450901829
0.762,0.0426937381669519,0.334491105142732
0.7625,0.0387793683007483,0.334485298084582
0.763,0.034521614047596,0.334566062165412
0.7635,0.0299582561268606,0.334665828665387
0.764,0.0251297887271858,0.334769291559518
0.7645,0.020079060144082,0.334873565591896
0.765,0.0148508925114126,0.334978048492847
0.7655,0.00949168400525397,0.335082594700009
0.766,0.00404899704765755,0.335187163049755
0.7665,-0.00142886383334921,0.335291739745295
0.767,-0.00689328074073288,0.33539631896665
0.7675,-0.0122957539382195,0.335500896924595
0.768,-0.0175883323394885,0.335605468816632
0.7685,-0.0227240391407135,0.335710024338462
0.769,-0.0276572888132788,0.335814534331151
0.7695,-0.0323442917564475,0.33591889990417
0.77,-0.0367434430217408,0.336022727314513
0.7705,-0.0408156916522572,0.336124189627268
0.771,-0.0445248873622249,0.336213655905799
0.7715,-0.0478381014774721,0.336242591135197
0.772,-0.0507259192872674,0.336120208596253
0.7725,-0.0531627012142254,0.335913989075704
0.773,-0.055126810479989,0.335692874243672
0.7735,-0.0566008052457516,0.335470016913017
0.774,-0.0575715935255051,0.335246984968253
0.7745,-0.058030549488803,0.335023937102982
0.775,-0.0579735901261697,0.334800887882354
0.7755,-0.0574012115946696,0.334577838552002
0.776,-0.0563184849142812,0.334354789214283
0.7765,-0.0547350110623418,0.334131739879754
0.777,-0.0526648358543354,0.333908690555834
0.7775,-0.0501263253716078,0.333685641260201
0.778,-0.0471420030390857,0.333462592036334
0.7785,-0.0437383497957306,0.333239542984844
0.779,-0.0399455691371131,0.333016494321573
0.7795,-0.0357973191069479,0.332793446470062
0.78,-0.0313304136207377,0.332570400178738
0.7805,-0.0265844957732733,0.33234735661471
0.781,-0.0216016860229528,0.332124317336125
0.7815,-0.0164262083814717,0.331901284024603
0.782,-0.0111039979237301,0.331678257930301
0.7825,-0.00568229310049241,0.331455239166893
0.783,-0.000209216474661734,0.331232226200663
0.7835,0.00526665239975579,0.331009215916496
0.784,0.010696708163893,0.330786204387876
0.7845,0.0160327510784195,0.330563188049542
0.785,0.0212274148560946,0.330340164696744
0.7855,0.0262345871072721,0.330117133850274
0.786,0.0310098186623883,0.329894096434502
0.7865,0.0355107181401831,0.329671054084593
0.787,0.0396973282612394,0.329448008485983
0.7875,0.0435324805607633,0.329224960983685
0.788,0.0469821253564907,0.329001912476789
0.7885,0.0500156340406211,0.328778863487546
0.789,0.0526060710107924,0.328555814285548
0.7895,0.0547304328282147,0.328332764996529
0.79,0.0563698524776402,0.328109715674191
0.7905,0.057509766915456,0.3278866663398
0.791,0.058140046420086,0.327663617001254
0.7915,0.0582550845920301,0.327440567661413
0.792,0.0578538482069086,0.32721751832214
0.7925,0.0569398864781852,0.326994468994586
0.793,0.0555212996443894,0.326771419803141
0.7935,0.0536106671611805,0.326548372114739
0.794,0.0512249361327085,0.32632534003785
0.7945,0.0483852709736617,0.326102457204526
0.795,0.0451168656351072,0.325880855880551
0.7955,0.0414487200582154,0.325668706100886
0.796,0.0374133828442821,0.32550785353653
0.7965,0.033046662418387,0.325477387257627
0.797,0.0283873092533727,0.325542916858632
0.7975,0.023476671975319,0.325637129989795
0.798,0.0183583303987699,0.325738537618358
0.7985,0.0130777087525018,0.325841938935929
0.799,0.00768167252480822,0.325945978581509
0.7995,0.00221811250929514,0.326050249672654
0.8,-0.00326448025706799,0.326154606688753
0.8005,-0.00871744489417757,0.326258980860202
0.801,-0.0140923825915359,0.326363316825357
0.8015,-0.0193415862057592,0.326467527994409
0.802,-0.0244184637248861,0.32657140668288
0.8025,-0.0292779518425114,0.32667432849224
0.803,-0.0338769159723217,0.326774085683289
0.8035,-0.0381745331479393,0.326861787739327
0.804,-0.0421326544133917,0.326901469379887
0.8045,-0.0457161434837796,0.32681508569909
0.805,-0.0488931886732283,0.326624733887025
0.8055,-0.0516355853166822,0.326406565473645
0.806,-0.0539189861818139,0.326184105706475
0.8065,-0.0557231176459525,0.325961118838042
0.807,-0.0570319597176218,0.32573807547788
0.8075,-0.0578338883092395,0.325515026665866
0.808,-0.0581217784891816,0.32529197736934
0.8085,-0.0578930678028111,0.325068928032299
0.809,-0.0571497790982553,0.324845878692023
0.8095,-0.0558985026502748,0.324622829351557
0.81,-0.0541503377449716,0.324399780011261
0.8105,-0.0519207942410963,0.324176730671483
0.811,-0.0492296549782826,0.323953681333063
0.8115,-0.0461008002568196,0.32373063199803
0.812,-0.0425619959463293,0.32350758267097
0.8125,-0.0386446471000127,0.323284533361444
0.813,-0.0343835192622368,0.323061484087609
0.8135,-0.0298164299449866,0.322838434880319
0.814,-0.0249839130095927,0.322615385785452
0.8145,-0.0199288589297852,0.322392336860575
0.815,-0.0146961341331741,0.322169288162164
0.8155,-0.00933218279674819,0.321946239723486
0.816,-0.00388461463143553,0.321723191530569
0.8165,0.00159821768507969,0.321500143509746
0.817,0.00706764767856777,0.321277095538374
0.8175,0.0124751270394209,0.321054047478379
0.818,0.0177726565426446,0.320830999217689
0.8185,0.0229132121017275,0.320607950699064
0.819,0.0278511621726946,0.320384901924301
0.8195,0.0325426728063983,0.320161852936992
0.82,0.0369460967496052,0.319938803797213
0.8205,0.0410223431446545,0.319715754561016
0.821,0.0447352245441513,0.319492705270324
0.8215,0.0480517781579127,0.319269655951798
0.822,0.0509425584864324,0.319046606620294
0.8225,0.0533818987348577,0.318823557283214
0.823,0.0553481386946689,0.318600507943904
0.8235,0.0568238170636538,0.318377458603759
0.824,0.0577958264980912,0.318154409263316
0.8245,0.0582555300256901,0.317931359922772
0.825,0.0581988377741715,0.317708310582209
0.8255,0.0576262433459176,0.317485261241793
0.826,0.0565428195074465,0.31726221190322
0.8265,0.0549581732322089,0.317039162585603
0.827,0.0528863605003158,0.316816113495251
0.8275,0.0503457616029875,0.316593066706915
0.828,0.0473589180643893,0.316370041236796
0.8285,0.0439523326246463,0.316147192444815
0.829,0.0401562340599163,0.315925623625843
0.8295,0.0360043089253856,0.315711852692292
0.83,0.0315334026035599,0.315534016766133
0.8305,0.0267831923096131,0.315452056891181
0.831,0.0217958349551265,0.315475398935582
0.8315,0.0166155929983,0.315549462190972
0.832,0.0112884415980422,0.315641297768406
0.8325,0.00586166056095771,0.315739426383065
0.833,0.000383414701715329,0.315839940593063
0.8335,-0.00509767365793444,0.315941296565477
0.834,-0.0105329562574472,0.316042645702856
0.8345,-0.0158741907024413,0.316143133531054
0.835,-0.0210739686723197,0.316241189340748
0.8355,-0.0260861367332395,0.316332809217474
0.836,-0.030866206015509,0.316406156294726
0.8365,-0.0353717471231994,0.316427218241292
0.837,-0.0395627667716872,0.316341174410375
0.8375,-0.043402062802683,0.3161607686439
0.838,-0.0468555544337852,0.315946223674125
0.8385,-0.0498925848054206,0.315724491867111
0.839,-0.0524861931409665,0.315501615061675
0.8395,-0.054613354104598,0.315278585458594
0.84,-0.0562551822288516,0.315055538133207
0.8405,-0.0573970996022017,0.314832488980007
0.841,-0.0580289653223457,0.314609439655617
0.8415,-0.0581451655694983,0.314386390316355
0.842,-0.057744663496006,0.314163340975868
0.8425,-0.0568310084911423,0.313940291635284
0.843,-0.0554123047423614,0.313717242294696
0.8435,-0.0535011393599571,0.313494192954117
0.844,-0.0511144707152851,0.313271143613564
0.8445,-0.0482734779772236,0.313048094273077
0.845,-0.045003373178132,0.312825044932753
0.8455,-0.0413331774874346,0.312601995592802
0.846,-0.0372954636664033,0.312378946253654
0.8465,-0.0329260669978174,0.312155896916094
0.847,-0.0282637672534985,0.311932847581403
0.8475,-0.0233499445201256,0.31170979825139
0.848,-0.0182282119429192,0.311486748928172
0.8485,-0.0129440286399321,0.311263699613592
0.849,-0.00754429622901724,0.311040650308363
0.8495,-0.00207694254516353,0.310817601011289
0.85,0.00340950375759808,0.31059455171906
0.8505,0.00886634394107313,0.31037150242694
0.851,0.0142451414341902,0.310148453130143
0.8515,0.0194981517621073,0.309925403825237
0.852,0.0245787463379548,0.309702354510905
0.8525,0.0294418263551649,0.309479305187805
0.853,0.0340442231071651,0.309256255857792
0.8535,0.038345081178595,0.309033206523033
0.854,0.0423062211104011,0.308810157185387
0.8545,0.0458924783164766,0.308587107846165
0.855,0.04907201524302,0.308364058506163
0.8555,0.0518166040039267,0.308141009165808
0.856,0.0541018769758457,0.307917959825305
0.8565,0.0559075431348639,0.307694910484743
0.857,0.057217568210771,0.307471861144161
0.8575,0.0580203170604007,0.307248811803571
0.858,0.0583086569957104,0.307025762462978
0.8585,0.0580800211467298,0.306802713122387
0.859,0.0573364313022093,0.306579663781821
0.8595,0.0560844800190485,0.306356614441545
0.86,0.0543352721596672,0.306133565104528
0.8605,0.0521043263800566,0.305910515802132
0.861,0.0494114374368612,0.305687466840916
0.8615,0.0462805005379133,0.305464420932177
0.862,0.0427392992971985,0.305241399308491
0.8625,0.0388192591697182,0.305018546012696
0.863,0.0345551685600938,0.304796687316735
0.8635,0.0299848700790749,0.304579690516669
0.864,0.0251489246840785,0.304381240482092
0.8645,0.0200902516900038,0.304231977554687
0.865,0.0148537478420517,0.304160658642347
0.8655,0.00948588883165206,0.304158826976049
0.866,0.00403431679416804,0.304197407763617
0.8665,-0.00145258255301722,0.304254724090222
0.867,-0.00692610937601291,0.304318168399192
0.8675,-0.0123376819837788,0.304378575412809
0.868,-0.0176392680436853,0.30442503413666
0.8685,-0.0227838109252399,0.304439242857478
0.869,-0.0277256473886511,0.30439274929466
0.8695,-0.0324209129099386,0.304266178307329
0.87,-0.0368279310453903,0.304078937804073
0.8705,-0.0409075833781887,0.303865377302033
0.871,-0.0446236567640523,0.303644286036206
0.8715,-0.0479431647929134,0.303421569421637
0.872,-0.0508366406139863,0.303198568019173
0.8725,-0.0532783985240252,0.302975524653757
0.873,-0.055246761995366,0.302752475969665
0.8735,-0.0567242561215613,0.302529426693895
0.874,-0.0576977627721792,0.302306377359171
0.8745,-0.0581586370753118,0.302083328019075
0.875,-0.0581027841988176,0.301860278678522
0.8755,-0.0575306957451153,0.301637229337931
0.876,-0.0564474454344368,0.301414179997338
0.8765,-0.0548626441214819,0.301191130656744
0.877,-0.0527903545350122,0.300968081316151
0.8775,-0.050248966502093,0.30074503197556
0.878,-0.0472610337671885,0.300521982634971
0.8785,-0.0438530738443036,0.30029893329439
0.879,-0.0400553326879696,0.300075883953827
0.8795,-0.0359015162672816,0.299852834613301
0.88,-0.0314284914253009,0.299629785272846
0.8805,-0.0266759586796034,0.299406735932515
0.881,-0.021686099865499,0.299183686592378
0.8815,-0.0165032037545366,0.298960637252513
0.882,-0.0111732729658177,0.298737587912975
0.8825,-0.00574361566053846,0.298514538573771
0.883,-0.000262425646074682,0.298291489234831
0.8835,0.00522164538687747,0.298068439896013
0.884,0.0106599196945929,0.297845390557138
0.8845,0.0160041255470059,0.297622341218045
0.885,0.0212068256937953,0.297399291878633
0.8855,0.0262218384290983,0.29717624253888
0.886,0.0310046475154046,0.296953193198829
0.8865,0.0355127973278505,0.296730143858553
0.887,0.039706269714283,0.296507094518129
0.8875,0.0435478392209708,0.296284045177619
0.888,0.0470034035363059,0.296060995837063
0.8885,0.0500422862148205,0.295837946496485
0.889,0.0526375089949422,0.295614897155897
0.8895,0.0547660312970867,0.295391847815306
0.89,0.0564089547690968,0.295168798474713
0.8905,0.0575516910693388,0.294945749134119
0.891,0.0581840913953948,0.294722699793526
0.8915,0.0583005366044551,0.294499650452932
0.892,0.0578999871353683,0.294276601112338
0.8925,0.0569859922771175,0.294053551771749
0.893,0.0555666587068744,0.293830502431206
0.8935,0.0536545785800916,0.29360745309117
0.894,0.0512667177998331,0.293384403756404
0.8945,0.0484242654695846,0.293161354472051
0.895,0.0451524458554146,0.292938305622414
0.8955,0.0414802945300242,0.292715260084015
0.896,0.0374404006879473,0.292492236385701
0.8965,0.0330686179123659,0.292269335021726
0.897,0.0284037459677919,0.292047004109029
0.8975,0.0234871864369052,0.291826837397784
0.898,0.0183625752609517,0.291613148043087
0.8985,0.0130753954451562,0.291414118002172
0.899,0.00767257336486857,0.291239017139917
0.8995,0.00220206225773009,0.29109101391819
0.9,-0.00328758340385092,0.290962970402133
0.9005,-0.00874763887850142,0.290840384305383
0.901,-0.0141296416392393,0.290706935281498
0.9015,-0.0193858215314377,0.290549973364129
0.902,-0.024469524789039,0.290365822204643
0.9025,-0.0293356281473619,0.290160577695458
0.903,-0.0339409393712073,0.289943870707063
0.9035,-0.0382445806495052,0.289722614760879
0.904,-0.0422083514489175,0.289499977250003
0.9045,-0.0457970676071729,0.289277006195793
0.905,-0.0489788736547071,0.289053969382044
0.9055,-0.0517255255937266,0.288830921756869
0.906,-0.0540126416264861,0.288607872620845
0.9065,-0.0558199185995475,0.288384823301894
0.907,-0.0571313122513899,0.288161773963371
0.9075,-0.0579351796573226,0.287938724622961
0.908,-0.0582243826096456,0.287715675282382
0.9085,-0.0579963510154786,0.287492625941789
0.909,-0.0572531057439083,0.287269576601196
0.9095,-0.0560012407304475,0.287046527260602
0.91,-0.0542518644836029,0.286823477920008
0.9105,-0.0520205015222385,0.286600428579414
0.911,-0.049326954617172,0.286377379238821
0.9115,-0.0461951290531663,0.286154329898227
0.912,-0.0426528204790807,0.285931280557634
0.9125,-0.0387314682223561,0.285708231217042
0.913,-0.0344658762614398,0.285485181876451
0.9135,-0.0298939043309194,0.285262132535864
0.914,-0.0250561319002011,0.285039083195281
0.9145,-0.0199954980097292,0.284816033854707
0.915,-0.0147569201601717,0.284592984514144
0.9155,-0.00938689563775029,0.284369935173593
0.916,-0.00393308881394045,0.284146885833053
0.9165,0.00155609191691045,0.283923836492522
0.917,0.00703192380755641,0.283700787151993
0.9175,0.0124458022216946,0.28347773781146
0.918,0.0177496720516835,0.283254688470918
0.9185,0.0228964542634097,0.283031639130363
0.919,0.0278404637797477,0.282808589789796
0.9195,0.032537814994095,0.282585540449219
0.92,0.0369468113164244,0.282362491108634
0.9205,0.0410283152902377,0.282139441768045
0.921,0.0447460959986202,0.281916392427454
0.9215,0.0480671506741776,0.281693343086861
0.922,0.0509619976568058,0.281470293746268
0.9225,0.0534049381021616,0.281247244405674
0.923,0.0553742841137803,0.28102419506508
0.9235,0.0568525512751258,0.280801145724487
0.924,0.0578266138749743,0.280578096383893
0.9245,0.0582878214425226,0.280355047043299
0.925,0.0582320755633735,0.280131997702705
0.9255,0.0576598662910536,0.279908948362111
0.926,0.0565762678283402,0.279685899021518
0.9265,0.0549908935243389,0.279462849680933
0.927,0.0529178105777089,0.279239800340425
0.9275,0.0503754152063947,0.279016751000716
0.928,0.0473862693949152,0.278793701668392
0.9285,0.0439769006609422,0.278570652397312
0.929,0.0401775666245992,0.278347603571858
0.9295,0.036021986466514,0.278124557536169
0.93,0.0315470416584214,0.277901526244372
0.9305,0.0267924486241012,0.277678559516296
0.931,0.0218004062332097,0.277455822629076
0.9315,0.0166152212600329,0.277233737230018
0.932,0.0112829151278551,0.277013085995552
0.9325,0.00585081543204547,0.276794804760481
0.933,0.000367135867343987,0.276579294787569
0.9335,-0.00511945171447158,0.276365718875676
0.934,-0.0105602493145917,0.276152137890503
0.9345,-0.0159069650344057,0.275936613191336
0.935,-0.0211121417191616,0.275718310916732
0.9355,-0.0261295781960261,0.275497639074069
0.936,-0.0309147393675305,0.275275539090047
0.9365,-0.0354251515182371,0.275052794517729
0.937,-0.0396207793282827,0.274829824692219
0.9375,-0.0434643812446284,0.274606792421448
0.938,-0.0469218400590803,0.274383746137425
0.9385,-0.0499624657543129,0.274160697260268
0.939,-0.0525592679332527,0.273937647980157
0.9395,-0.0546891954116711,0.273714598646479
0.94,-0.0563333408484009,0.273491549306591
0.9405,-0.0574771085941786,0.273268499966063
0.941,-0.058110344271058,0.273045450625475
0.9415,-0.0582274249342058,0.272822401284882
0.942,-0.0578273090089071,0.272599351944288
0.9425,-0.0569135455653872,0.272376302603694
0.943,-0.0554942428474859,0.2721532532631
0.9435,-0.0535819963313896,0.271930203922506
0.944,-0.0511937769566724,0.271707154581913
0.9445,-0.0483507805191939,0.271484105241319
0.945,-0.0450782395623672,0.271261055900725
0.9455,-0.0414051994369297,0.271038006560131
0.946,-0.0373642605171751,0.270814957219537
0.9465,-0.0329912888597048,0.270591907878944
0.947,-0.0283250978752216,0.27036885853835
0.9475,-0.0234071038368112,0.270145809197757
0.948,-0.0182809582813469,0.269922759857164
0.9485,-0.0129921605719222,0.269699710516571
0.949,-0.00758765405268542,0.269476661175979
0.9495,-0.00211540938597244,0.269253611835387
0.95,0.00337600123061083,0.269030562494796
0.9505,0.00883783519236973,0.268807513154204
0.951,0.0142216121262284,0.268584463813613
0.9515,0.0194795442085818,0.26836141447302
0.952,0.024564960336486,0.268138365132428
0.9525,0.0294327203888772,0.267915315791835
0.953,0.0340396159037684,0.267692266451242
0.9535,0.0383447536084724,0.267469217110648
0.954,0.0423099184062857,0.267246167770054
0.9545,0.045899912589879,0.267023118429461
0.955,0.0490828682763585,0.266800069088867
0.9555,0.0518305302898639,0.266577019748273
0.956,0.0541185069738133,0.266353970407679
0.9565,0.055926486717031,0.266130921067085
0.957,0.0572384182649354,0.265907871726492
0.9575,0.0580426532140463,0.265684822385898
0.958,0.0583320494300852,0.265461773045304
0.9585,0.0581040344681164,0.26523872370471
0.959,0.057360628431656,0.265015674364116
0.9595,0.0561084260666293,0.264792625023523
0.96,0.0543585382536828,0.26456957568293
0.9605,0.0521264934120966,0.26434652634235
0.961,0.0494320996931913,0.264123477001889
0.9615,0.0462992691863219,0.263900427662498
0.962,0.0427558056961352,0.263677378331616
0.9625,0.0388331579761408,0.263454329059753
0.963,0.0345661406079457,0.26323128013782
0.9635,0.029992625003867,0.263008232956648
0.964,0.02515320327416,0.262785192907735
0.9645,0.0200908279443032,0.262562176478034
0.965,0.0148504307185801,0.262339221982946
0.9655,0.00947852367461318,0.262116392863523
0.966,0.00402278642798309,0.26189375227972
0.9665,-0.00146835706905466,0.261671306010876
0.967,-0.00694616833657759,0.261448961433989
0.9675,-0.0123620269716641,0.261226563443128
0.968,-0.0176678622057286,0.261003990302108
0.9685,-0.0228165795870328,0.260781216955024
0.969,-0.0277624789989508,0.260558294963739
0.9695,-0.0324616603033997,0.260335292709003
0.97,-0.0368724130119191,0.260112257438308
0.9705,-0.040955586519475,0.259889211531188
0.971,-0.0446749376234268,0.259666162883257
0.9715,-0.0479974522340773,0.259443113659796
0.972,-0.0508936384252974,0.259220064336064
0.9725,-0.0533377882272814,0.258997014997572
0.973,-0.0553082058284814,0.258773965657209
0.9735,-0.0567874001719556,0.258550916316638
0.974,-0.0577622402263049,0.258327866976046
0.9745,-0.0582240715602466,0.258104817635452
0.975,-0.0581687931840191,0.257881768294859
0.9755,-0.0575968939697861,0.257658718954265
0.976,-0.0565134483377642,0.257435669613671
0.9765,-0.0549280712377406,0.257212620273077
0.977,-0.0528548328285064,0.256989570932483
0.9775,-0.0503121336124355,0.25676652159189
0.978,-0.0473225411324125,0.256543472251296
0.9785,-0.0439125896826549,0.256320422910702
0.979,-0.0401125448074193,0.256097373570108
0.9795,-0.0359561346803605,0.255874324229514
0.98,-0.0314802507486715,0.255651274888921
0.9805,-0.026724620297412,0.255428225548327
0.981,-0.0217314538414145,0.255205176207733
0.9815,-0.0165450704743358,0.254982126867139
0.982,-0.0112115045002157,0.254759077526545
0.9825,-0.00577809683802933,0.254536028185952
0.983,-0.000293074827270165,0.254312978845358
0.9835,0.00519487583618503,0.254089929504764
0.984,0.0106370432358331,0.25386688016417
0.9845,0.0159851216029188,0.253643830823577
0.985,0.0211916400843705,0.253420781482983
0.9855,0.0262103841003574,0.253197732142389
0.986,0.0309968055526985,0.252974682801795
0.9865,0.0355084182455033,0.252751633461201
0.987,0.039705175003308,0.252528584120608
0.9875,0.0435498231441402,0.252305534780014
0.988,0.0470082351488841,0.25208248543942
0.9885,0.0500497115932177,0.251859436098826
0.989,0.0526472536541607,0.251636386758232
0.9895,0.0547778027681814,0.251413337417639
0.99,0.0564224453196196,0.251190288077045
0.9905,0.0575665805368921,0.250967238736451
0.991,0.0582000501090175,0.250744189395857
0.9915,0.0583172283720066,0.250521140055263
0.992,0.0579170722612674,0.25029809071467
0.9925,0.0570031305919083,0.250075041374076
0.993,0.0555835125779021,0.249851992033482
0.9935,0.0536708158753093,0.249628942692888
0.994,0.0512820147840135,0.249405893352297
0.9945,0.0484383096008405,0.249182844011723
0.995,0.0451649384656708,0.248959794671301
0.9955,0.04149095336059,0.248736745332045
0.996,0.0374489622603428,0.24851369600047
0.9965,0.0330748397185429,0.248290646711942
0.997,0.0284074084549611,0.248067597624557
0.9975,0.0234880947765987,0.247844549306515
0.998,0.018360560886046,0.247621503351544
0.9985,0.0130703173428731,0.247398463101021
0.999,0.00766431911665029,0.24717543337183
0.9995,0.00219054881795612,0.246952417786927
1,-0.00330240919292039,0.24672941456136
1.0005,-0.00876580004267936,0.246506415068774
1.001,-0.0141511310939475,0.246283408318674
1.0015,-0.0194106023706262,0.246060387770926
1.002,-0.0244975308363568,0.245837353879695
1.0025,-0.0293667647593886,0.245614311152614
1.003,-0.0339750844897389,0.245391264086944
1.0035,-0.0382815860858242,0.245168215380918
1.004,-0.0422480443907855,0.244945166185447
1.0045,-0.045839252331449,0.244722116872413
1.005,-0.0490233334301381,0.244499067536229
1.0055,-0.0517720247570591,0.244276018196239
1.006,-0.0540609278063879,0.244052968855717
1.0065,-0.0558697250748933,0.243829919515131
1.007,-0.0571823604183517,0.243606870174538
1.0075,-0.0579871815823585,0.243383820833944
1.008,-0.0582770436460982,0.24316077149335
1.0085,-0.0580493724595997,0.242937722152756
1.009,-0.0573061875087101,0.242714672812162
1.0095,-0.0560540840089294,0.242491623471569
1.01,-0.0543041743832517,0.242268574130975
1.0105,-0.052071989644267,0.242045524790381
1.011,-0.0493773415586901,0.241822475449787
1.0115,-0.0462441468120394,0.241599426109193
1.012,-0.0427002147380644,0.2413763767686
1.0125,-0.0387770004984443,0.241153327428006
1.013,-0.0345093258965653,0.240930278087412
1.0135,-0.0299350703102178,0.240707228746818
1.014,-0.0250948344845087,0.240484179406224
1.0145,-0.0200315801665229,0.240261130065631
1.015,-0.0147902487835065,0.240038080725037
1.0155,-0.00941736254753352,0.239815031384443
1.016,-0.00396061152715911,0.239591982043849
1.0165,0.00153156964790055,0.239368932703255
1.017,0.00701043169253004,0.239145883362661
1.0175,0.0124273433671095,0.238922834022068
1.018,0.0177342231313061,0.238699784681474
1.0185,0.0228839659203621,0.23847673534088
1.019,0.0278308612567125,0.238253686000286
1.0195,0.032530998983748,0.238030636659692
1.02,0.0369426590209336,0.237807587319098
1.0205,0.0410266816818178,0.237584537978505
1.021,0.0447468152671368,0.237361488637911
1.0215,0.0480700378474119,0.237138439297317
1.022,0.0509668503783688,0.236915389956723
1.0225,0.0534115385492694,0.236692340616129
1.023,0.0553824010373716,0.236469291275536
1.0235,0.0568619421452423,0.236246241934942
1.024,0.0578370271072363,0.236023192594348
1.0245,0.0582989986896183,0.235800143253754
1.025,0.0582437540497439,0.23557709391316
1.0255,0.0576717811664742,0.235354044572567
1.026,0.0565881545263723,0.235130995231973
1.0265,0.0550024900974662,0.234907945891379
1.027,0.05292885999255,0.234684896550785
1.0275,0.050385667579895,0.234461847210192
1.028,0.0473954841484804,0.234238797869601
1.0285,0.0439848485774927,0.234015748529031
1.029,0.0401840317889703,0.233792699188619
1.0295,0.0360267680747036,0.233569649849188
1.03,0.0315499556790403,0.233346600514948
1.0305,0.0267933292994664,0.233123551203438
1.031,0.021799107407759,0.232900501972918
1.0315,0.0166116175238128,0.232677452972564
1.032,0.0112769027711375,0.232454404482049
1.0325,0.00584231319847222,0.232231356843678
1.033,0.000356085503323905,0.232008310217202
1.0335,-0.00513308511640375,0.231785264307009
1.034,-0.0105764771839973,0.231562218394952
1.0345,-0.0159257753970243,0.231339171763113
1.035,-0.0211334994789968,0.231116124117177
1.0355,-0.0261534256197135,0.230893075619337
1.036,-0.0309409967641431,0.230670026613835
1.0365,-0.0354537181096568,0.23044697738061
1.037,-0.0396515342981873,0.23022392806801
1.0375,-0.0434971849577602,0.230000878733425
1.038,-0.0469565354373462,0.229777829393908
1.0385,-0.049998879797038,0.229554780053477
1.039,-0.0525972133660652,0.229331730712905
1.0395,-0.054728472451258,0.229108681372313
1.04,-0.0563737390622145,0.22888563203172
1.0405,-0.0575184088410973,0.228662582691126
1.041,-0.0581523207075231,0.228439533350532
1.0415,-0.0582698470594029,0.228216484009938
1.042,-0.0578699437394938,0.227993434669344
1.0425,-0.0569561593172308,0.227770385328751
1.043,-0.0555366036045292,0.227547335988157
1.0435,-0.0536238756877531,0.227324286647563
1.044,-0.0512349521088881,0.227101237306969
1.0445,-0.0483910361954944,0.226878187966375
1.045,-0.0451173698711483,0.226655138625782
1.0455,-0.0414430096179102,0.226432089285188
1.046,-0.037400568581197,0.226209039944594
1.0465,-0.0330259271030738,0.225985990604
1.047,-0.0283579142571626,0.225762941263406
1.0475,-0.0234379632069638,0.225539891922813
1.048,-0.0183097434503463,0.225316842582219
1.0485,-0.0130187732137162,0.225093793241625
1.049,-0.00761201543363626,0.224870743901031
1.0495,-0.00213746091647642,0.224647694560437
1.05,0.0033562976291144,0.224424645219843
1.0505,0.00882049690177042,0.22420159587925
1.051,0.0142066358323585,0.223978546538656
1.0515,0.0194669060847967,0.223755497198062
1.052,0.0245546164055185,0.223532447857468
1.0525,0.0294246070626616,0.223309398516874
1.053,0.0340336506905125,0.22308634917628
1.0535,0.0383408359826959,0.222863299835687
1.054,0.0423079308315703,0.222640250495093
1.0545,0.045899721684128,0.222417201154499
1.055,0.0490843261096058,0.222194151813905
1.0555,0.0518334757987953,0.221971102473311
1.056,0.054122767483593,0.221748053132717
1.0565,0.0559318795547658,0.221525003792124
1.057,0.0572447524476612,0.22130195445153
1.0575,0.0580497311992548,0.221078905110936
1.058,0.0583396689108199,0.220855855770342
1.0585,0.0581119901956712,0.220632806429748
1.059,0.0573687140517454,0.220409757089155
1.0595,0.0561164359521495,0.220186707748561
1.06,0.0543662693160301,0.219963658407967
1.0605,0.0521337468771804,0.219740609067373
1.061,0.0494386828255357,0.219517559726779
1.0615,0.0463049969475559,0.219294510386186
1.062,0.0427605023231585,0.219071461045596
1.0625,0.0388366584648075,0.218848411705026
1.063,0.0345682920904493,0.21862536236458
1.0635,0.0299932880093811,0.218402313024747
1.064,0.0251522528610919,0.218179263687425
1.0645,0.0200881546952835,0.217956214358418
1.065,0.0148459415915572,0.217733165051222
1.0655,0.00947214270212028,0.217510115788198
1.066,0.00401445526035069,0.21728706659166
1.0665,-0.00147867877978061,0.217064017463725
1.067,-0.00695850271559889,0.216840968371722
1.0675,-0.0123763778623369,0.216617919260843
1.068,-0.0176842152735093,0.216394870088107
1.0685,-0.0228349025827034,0.216171820844744
1.069,-0.0277827221780199,0.215948771548997
1.0695,-0.0324837569978851,0.215725722224983
1.07,-0.036896280346169,0.215502672889343
1.0705,-0.0409811262668885,0.215279623549959
1.071,-0.0447020371883092,0.215056574209609
1.0715,-0.0480259857558311,0.214833524869057
1.072,-0.0509234679923889,0.214610475528469
1.0725,-0.0533687651857212,0.214387426187876
1.073,-0.0553401721792911,0.214164376847282
1.0735,-0.0568201900365828,0.213941327506689
1.074,-0.0577956813740416,0.213718278166095
1.0745,-0.0582579869802006,0.213495228825501
1.075,-0.0582030026849115,0.213272179484907
1.0755,-0.0576312157991584,0.213049130144313
1.076,-0.0565477008011327,0.21282608080372
1.0765,-0.0549620743050532,0.212603031463126
1.077,-0.0528884097141202,0.212379982122532
1.0775,-0.0503451123154061,0.212156932781938
1.078,-0.0473547559226094,0.211933883441344
1.0785,-0.0439438825193145,0.211710834100751
1.079,-0.0401427666797018,0.211487784760157
1.0795,-0.0359851468589747,0.211264735419563
1.08,-0.0315079259361133,0.211041686078969
1.0805,-0.0267508436685169,0.210818636738375
1.081,-0.0217561239665854,0.210595587397782
1.0815,-0.0165681001170375,0.210372538057188
1.082,-0.0112328212828897,0.210149488716594
1.0825,-0.00579764377170927,0.209926439376
1.083,-0.000310810701386017,0.209703390035406
1.0835,0.0051789762065374,0.209480340694812
1.084,0.0106229889062403,0.209257291354219
1.0845,0.0159729055397046,0.209034242013625
1.085,0.021181239345475,0.208811192673031
1.0855,0.0262017601572309,0.208588143332437
1.086,0.0309899047462353,0.208365093991843
1.0865,0.0355031723724954,0.208142044651249
1.087,0.0397015020282473,0.207918995310656
1.0875,0.0435476280260728,0.207695945970062
1.088,0.0470074107795376,0.207472896629468
1.0885,0.0500501398330343,0.207249847288874
1.089,0.052648806457467,0.20702679794828
1.0895,0.0547803433901984,0.206803748607687
1.09,0.0564258295889735,0.206580699267093
1.0905,0.0575706581851693,0.206357649926499
1.091,0.0582046661453812,0.206134600585905
1.0915,0.0583222244864985,0.205911551245311
1.092,0.0579222882496404,0.205688501904718
1.0925,0.0570084057854657,0.205465452564124
1.093,0.0555886872670638,0.20524240322353
1.0935,0.0536757327134302,0.205019353882936
1.094,0.0512865201603045,0.204796304542342
1.0945,0.0484422549711749,0.204573255201748
1.095,0.0451681816256675,0.204350205861155
1.0955,0.0414933596555365,0.204127156520561
1.096,0.0374504057197282,0.203904107179971
1.0965,0.0330752041028891,0.203681057839396
1.097,0.0284065882109751,0.203458008498892
1.0975,0.0234859958899587,0.20323495915866
1.098,0.0183571016251082,0.203011909819261
1.0985,0.0130654288897801,0.202788860481873
1.099,0.0076579460781809,0.202565811148192
1.0995,0.00218264961433199,0.202342761819495
1.1,-0.00331186206428654,0.202119712495151
1.1005,-0.00877681986978318,0.201896663172123
1.101,-0.014163716939723,0.201673613846539
1.1015,-0.0194247391879435,0.201450564516094
1.102,-0.0245131897071467,0.201227515180948
1.1025,-0.0293839032552415,0.201004465842689
1.103,-0.033993647147805,0.200781416502899
1.1035,-0.0383015049981542,0.20055836716253
1.104,-0.0422692398976601,0.200335317821988
1.1045,-0.045861633814414,0.200112268481405
1.105,-0.0490468001964134,0.199889219140813
1.1055,-0.0517964670045302,0.199666169800219
1.106,-0.0540862276644718,0.199443120459625
1.1065,-0.0558957577073405,0.199220071119031
1.107,-0.0572089951790425,0.198997021778438
1.1075,-0.0580142832151413,0.198773972437844
1.108,-0.0583044735161444,0.19855092309725
1.1085,-0.0580769898044417,0.198327873756656
1.109,-0.0573338506998194,0.198104824416062
1.1095,-0.0560816518109139,0.197881775075469
1.11,-0.0543315072003312,0.197658725734875
1.1105,-0.052098950743288,0.197435676394281
1.111,-0.0494037982566423,0.197212627053687
1.1115,-0.0462699716204201,0.196989577713093
1.112,-0.0427252864524208,0.196766528372499
1.1125,-0.0388012052218538,0.196543479031906
1.113,-0.034532557994112,0.196320429691312
1.1135,-0.0299572332824154,0.196097380350718
1.114,-0.0251158417516679,0.195874331010124
1.1145,-0.0200513557613181,0.19565128166953
1.115,-0.0148087279442275,0.195428232328937
1.1155,-0.0094344922073512,0.195205182988343
1.116,-0.00397635069674862,0.194982133647749
1.1165,0.00151724960765846,0.194759084307155
1.117,0.00699754690894152,0.194536034966561
1.1175,0.012415897405918,0.194312985625967
1.118,0.0177242070582477,0.194089936285374
1.1185,0.0228753584731786,0.19386688694478
1.119,0.0278236291248509,0.193643837604186
1.1195,0.03252509719152,0.193420788263592
1.12,0.0369380314123614,0.193197738922998
1.1205,0.041023261500082,0.192974689582405
1.121,0.0447445258228315,0.192751640241811
1.1215,0.0480687932712155,0.192528590901217
1.122,0.0509665564475647,0.192305541560623
1.1225,0.0534120935824556,0.192082492220029
1.123,0.0553836968497589,0.191859442879435
1.1235,0.0568638650514319,0.191636393538842
1.124,0.0578394589687651,0.191413344198248
1.1245,0.0583018179917375,0.191190294857654
1.125,0.0582468369988421,0.19096724551706
1.1255,0.0576750028032806,0.190744196176466
1.126,0.0565913898378051,0.190521146835873
1.1265,0.0550056151222107,0.190298097495279
1.127,0.0529317529084428,0.190075048154685
1.1275,0.0503882097644641,0.189851998814091
1.128,0.0473975612034094,0.189628949473497
1.1285,0.0439863513077569,0.189405900132904
1.129,0.0401848571295904,0.18918285079231
1.1295,0.0360268199548419,0.188959801451717
1.13,0.0315491458188154,0.188736752111126
1.1305,0.0267915779319268,0.188513702770543
1.131,0.0217963439197045,0.18829065342999
1.1315,0.0166077810119211,0.188067604089521
1.132,0.0112719425061334,0.187844554749234
1.1325,0.00583618899794758,0.187621505409252
1.133,0.000348768007598736,0.187398456069629
1.1335,-0.00514161426671825,0.187175406730261
1.134,-0.0105862252673849,0.186952357390893
1.1345,-0.0159367386311732,0.18672930805127
1.135,-0.0211456631368609,0.186506258711286
1.1355,-0.0261667642419776,0.186283209370998
1.136,-0.0309554744657297,0.186060160030528
1.1365,-0.0354692889746909,0.185837110689975
1.137,-0.0396681428621596,0.185614061349393
1.1375,-0.0435147667694897,0.185391012008802
1.138,-0.0469750176961215,0.185167962668209
1.1385,-0.0500181820603064,0.184944913327615
1.139,-0.0526172483180946,0.184721863987021
1.1395,-0.0547491467259776,0.184498814646427
1.14,-0.0563949541159216,0.184275765305833
1.1405,-0.0575400618627367,0.18405271596524
1.141,-0.0581743055590972,0.183829666624646
1.1415,-0.0582920552416044,0.183606617284052
1.142,-0.0578922653676523,0.183383567943458
1.1425,-0.0569784841045485,0.183160518602864
1.143,-0.0555588218414924,0.182937469262271
1.1435,-0.053645879206217,0.182714419921677
1.144,-0.0512566352295918,0.182491370581083
1.1445,-0.0484122966447066,0.182268321240489
1.145,-0.0451381096581303,0.182045271899895
1.1455,-0.0414631358711125,0.181822222559302
1.146,-0.0374199943315191,0.181599173218708
1.1465,-0.0330445720092723,0.181376123878114
1.147,-0.0283757052672485,0.18115307453752
1.1475,-0.0234548351502297,0.180930025196926
1.148,-0.0183256395553528,0.180706975856333
1.1485,-0.0130336455476045,0.180483926515739
1.149,-0.00762582526109412,0.180260877175145
1.1495,-0.00215017897358501,0.180037827834551
1.15,0.00334469094634048,0.179814778493957
1.1505,0.0088100114352873,0.179591729153363
1.151,0.0141972716483323,0.17936867981277
1.1515,0.0194586535444135,0.179145630472176
1.152,0.0245474563230727,0.178922581131582
1.1525,0.0294185109455889,0.178699531790988
1.153,0.0340285810605122,0.178476482450394
1.1535,0.0383367467738006,0.1782534331098
1.154,0.0423047678601531,0.178030383769207
1.1545,0.0458974231902127,0.177807334428613
1.155,0.04908282335696,0.177584285088019
1.1555,0.0518326937348438,0.177361235747425
1.156,0.0541226254509161,0.177138186406831
1.1565,0.0559322920439249,0.176915137066238
1.157,0.0572456298900624,0.176692087725644
1.1575,0.0580509807883622,0.17646903838505
1.158,0.0583411954470257,0.176245989044456
1.1585,0.058113696944915,0.176022939703862
1.159,0.0573705036118734,0.175799890363269
1.1595,0.056118211119467,0.175576841022675
1.16,0.0543679339408795,0.175353791682081
1.1605,0.0521352067076017,0.175130742341487
1.161,0.049439846325338,0.174907693000893
1.1615,0.0463057760844687,0.1746846436603
1.162,0.0427608133208862,0.174461594319706
1.1625,0.0388364225113947,0.174238544979112
1.163,0.0345674359982927,0.174015495638519
1.1635,0.0299917448184064,0.173792446297926
1.164,0.0251499623842948,0.173569396957335
1.1645,0.0200850640007744,0.173346347616748
1.165,0.0148420054148429,0.173123298276172
1.1655,0.00946732378866037,0.172900248935615
1.166,0.00400872463515064,0.172677199595086
1.1665,-0.00148534161887707,0.172454150254585
1.167,-0.00696610968016283,0.172231100914099
1.1675,-0.0123849322327319,0.172008051573606
1.168,-0.0176937117350614,0.171785002233088
1.1685,-0.0228453273367089,0.171561952892541
1.169,-0.0277940531283844,0.171338903551971
1.1695,-0.0324959640091182,0.171115854211388
1.17,-0.0369093255698206,0.170892804870799
1.1705,-0.0409949645337553,0.170669755530206
1.171,-0.0447166164643852,0.170446706189613
1.1715,-0.0480412476535532,0.170223656849019
1.172,-0.0509393483345257,0.170000607508426
1.1725,-0.0533851946169333,0.169777558167832
1.173,-0.0553570768178551,0.169554508827238
1.1735,-0.0568374921632158,0.169331459486644
1.174,-0.0578133001476018,0.169108410146051
1.1745,-0.0582758391757756,0.168885360805457
1.175,-0.0582210034485816,0.168662311464863
1.1755,-0.0576492794106593,0.168439262124269
1.176,-0.0565657414385708,0.168216212783675
1.1765,-0.0549800068052168,0.167993163443081
1.177,-0.0529061503215681,0.167770114102488
1.1775,-0.0503625794121022,0.167547064761894
1.178,-0.0473718707341642,0.1673240154213
1.1785,-0.0439605697910038,0.167100966080706
1.179,-0.040158955316219,0.166877916740112
1.1795,-0.0360007705219924,0.166654867399519
1.18,-0.0315229235960352,0.166431818058925
1.1805,-0.0267651601048361,0.166208768718331
1.181,-0.0217697102129045,0.165985719377737
1.1815,-0.0165809138484231,0.165762670037143
1.182,-0.011244827140327,0.16553962069655
1.1825,-0.00580881362324341,0.165316571355956
1.183,-0.000321123837794767,0.165093522015362
1.1835,0.00516953294460593,0.164870472674768
1.184,0.01061442106667,0.164647423334174
1.1845,0.0159652110671227,0.16442437399358
1.185,0.0211744086559724,0.164201324652987
1.1855,0.0261957762773715,0.163978275312393
1.186,0.0309847435203983,0.163755225971799
1.1865,0.0354988027272718,0.163532176631205
1.187,0.0396978862997742,0.163309127290611
1.1875,0.0435447223423899,0.163086077950018
1.188,0.0470051654918627,0.162863028609424
1.1885,0.0500485000005168,0.16263997926883
1.189,0.052647712370533,0.162416929928236
1.1895,0.0547797311336866,0.162193880587642
1.19,0.0564256316388999,0.161970831247049
1.1905,0.0575708040319616,0.161747781906455
1.191,0.0582050829386331,0.161524732565861
1.1915,0.0583228376967422,0.161301683225267
1.192,0.0579230223401584,0.161078633884673
1.1925,0.0570091848861607,0.16085558454408
1.193,0.0555894358472093,0.160632535203486
1.1935,0.0536763762476381,0.160409485862892
1.194,0.0512869857786669,0.160186436522298
1.1945,0.0484424720912057,0.159963387181704
1.195,0.0451680825588231,0.159740337841111
1.1955,0.0414928801835076,0.159517288500517
1.196,0.0374494856363361,0.159294239159923
1.1965,0.0330737877153501,0.15907118981933
1.197,0.0284046247982713,0.158848140478737
1.1975,0.0234834401145734,0.158625091138145
1.198,0.0183539138927236,0.158402041797556
1.1985,0.0130615756556381,0.158178992456971
1.199,0.00765340009857237,0.157955943116391
1.1995,0.0021773901399894,0.157732893775818
1.2,-0.003317849153901,0.15750984443525
1.2005,-0.0087835419914342,0.157286795094683
1.201,-0.014171174790979,0.157063745754115
1.2015,-0.0194329267924339,0.156840696413541
1.202,-0.0245220945172641,0.156617647072961
1.2025,-0.0293935063120168,0.156394597732375
1.203,-0.0340039232978739,0.156171548391786
1.2035,-0.0383124231619411,0.155948499051194
1.204,-0.0422807633896499,0.155725449710601
1.2045,-0.0458737207094544,0.155502400370008
1.205,-0.0490594037395798,0.155279351029414
1.2055,-0.0518095360619957,0.15505630168882
1.206,-0.054099707207468,0.154833252348227
1.2065,-0.0559095893293324,0.154610203007633
1.207,-0.0572231176375903,0.154387153667039
1.2075,-0.0580286329940046,0.154164104326445
1.208,-0.0583189854055278,0.153941054985851
1.2085,-0.0580915974903518,0.153718005645258
1.209,-0.0573484873586144,0.153494956304664
1.2095,-0.0560962507046232,0.15327190696407
1.21,-0.0543460022662074,0.153048857623476
1.2105,-0.0521132771737938,0.152825808282882
1.211,-0.0494178930634608,0.152602758942289
1.2115,-0.0462837741777027,0.152379709601695
1.212,-0.0427387390160107,0.152156660261101
1.2125,-0.0388142534184741,0.151933610920507
1.213,-0.0345451512773826,0.151710561579913
1.2135,-0.029969325351492,0.15148751223932
1.214,-0.0251273909295904,0.151264462898726
1.2145,-0.0200623253293542,0.151041413558132
1.215,-0.0148190864294679,0.150818364217538
1.2155,-0.00944421362234991,0.150595314876944
1.216,-0.00398541472889512,0.150372265536351
1.2165,0.00150885745856661,0.150149216195757
1.217,0.00698983524592418,0.149926166855163
1.2175,0.0124088689019252,0.149703117514569
1.218,0.0177178584768744,0.149480068173975
1.2185,0.0228696807408321,0.149257018833381
1.219,0.0278186074539044,0.149033969492788
1.2195,0.0325207112542814,0.148810920152194
1.22,0.03693425556086,0.1485878708116
1.2205,0.0410200650327749,0.148364821471006
1.221,0.0447418732936206,0.148141772130412
1.2215,0.0480666448370818,0.147918722789819
1.222,0.0509648682541471,0.147695673449225
1.2225,0.053410818181204,0.147472624108631
1.223,0.0553827836439948,0.147249574768037
1.2235,0.0568632607669392,0.147026525427443
1.224,0.0578391081436385,0.14680347608685
1.2245,0.0583016634842114,0.146580426746256
1.225,0.0582468205036269,0.146357377405662
1.2255,0.0576750653758083,0.146134328065068
1.226,0.0565914724200422,0.145911278724474
1.2265,0.0550056590644663,0.145688229383881
1.227,0.0529317004857074,0.145465180043287
1.2275,0.0503880046790575,0.145242130702693
1.228,0.047397149071172,0.145019081362099
1.2285,0.0439856801249607,0.144796032021505
1.229,0.0401838777145787,0.144572982680912
1.2295,0.0360254863610108,0.144349933340318
1.23,0.0315474157170823,0.144126883999725
1.2305,0.0267894129567096,0.143903834659132
1.231,0.0217937099784324,0.143680785318541
1.2315,0.0166046485549437,0.143457735977953
1.232,0.0112682867528776,0.143234686637368
1.2325,0.00583199012029257,0.143011637296789
1.233,0.000344011267992682,0.142788587956214
1.2335,-0.00514693842351228,0.142565538615642
1.234,-0.0105921211690936,0.142342489275071
1.2345,-0.0159432053783491,0.142119439934497
1.235,-0.0211526946511179,0.141896390593919
1.2355,-0.026174349358524,0.141673341253337
1.236,-0.0309635970699135,0.141450291912749
1.2365,-0.0354779281828089,0.141227242572159
1.237,-0.0396772732407935,0.141004193231567
1.2375,-0.0435243585959336,0.140781143890974
1.238,-0.0469850372534795,0.14055809455038
1.2385,-0.050028591964493,0.140335045209787
1.239,-0.0526280078773209,0.140111995869193
1.2395,-0.0547602123259237,0.139888946528599
1.24,-0.0564062796263566,0.139665897188005
1.2405,-0.0575515990651637,0.139442847847412
1.241,-0.0581860045893682,0.139219798506818
1.2415,-0.058303865042542,0.138996749166224
1.242,-0.0579041341508011,0.13877369982563
1.2425,-0.0569903598134052,0.138550650485036
1.243,-0.0555706526132591,0.138327601144442
1.2435,-0.0536576138308093,0.138104551803849
1.244,-0.051268223597635,0.137881502463255
1.2445,-0.0484236901810093,0.137658453122661
1.245,-0.0451492617420472,0.137435403782067
1.2455,-0.0414740022337237,0.137212354441473
1.246,-0.0374305334294994,0.13698930510088
1.2465,-0.0330547453730401,0.136766255760286
1.247,-0.0283854778172803,0.136543206419692
1.2475,-0.0234641754831467,0.136320157079098
1.248,-0.0183345201943534,0.136097107738504
1.2485,-0.0130420431561535,0.135874058397911
1.249,-0.00763372081878673,0.135651009057317
1.2495,-0.00215755791186339,0.135427959716723
1.25,0.003337838647249,0.135204910376129
1.2505,0.00880369119227492,0.134981861035535
1.251,0.0141914842613154,0.134758811694942
1.2515,0.0194533952233972,0.134535762354348
1.252,0.0245427187558828,0.134312713013754
1.2525,0.0294142814044675,0.13408966367316
1.253,0.0340248425474754,0.133866614332566
1.2535,0.0383334782027843,0.133643564991973
1.254,0.042301944273774,0.133420515651379
1.2545,0.0458950160076402,0.133197466310785
1.255,0.0490808006553069,0.132974416970191
1.2555,0.0518310205554773,0.132751367629597
1.256,0.0541212641299829,0.132528318289004
1.2565,0.0559312025665781,0.13230526894841
1.257,0.0572447702607271,0.132082219607816
1.2575,0.0580503074170463,0.131859170267222
1.258,0.0583406635455714,0.131636120926628
1.2585,0.0581132609325455,0.131413071586034
1.259,0.0573701175238157,0.131190022245441
1.2595,0.056117829014356,0.130966972904847
1.26,0.0543675103090264,0.130743923564253
1.2605,0.0521346968680431,0.130520874223659
1.261,0.0494392068144142,0.130297824883065
1.2615,0.0463049650320782,0.130074775542472
1.262,0.0427597908072398,0.129851726201878
1.2625,0.038835150905282,0.129628676861284
1.263,0.0345658802728009,0.129405627520691
1.2635,0.0299898728407046,0.129182578180098
1.264,0.0251477451780594,0.128959528839506
1.2645,0.0200824759780754,0.128736479498915
1.265,0.0148390245768116,0.128513430158329
1.2655,0.00946393189339475,0.128290380817746
1.266,0.00400490732996781,0.128067331477169
1.2665,-0.00148959469930676,0.127844282136596
1.267,-0.00697080485249273,0.127621232796025
1.2675,-0.0123900717399163,0.127398183455454
1.268,-0.0176992937564594,0.12717513411488
1.2685,-0.0228513460359026,0.126952084774301
1.269,-0.0278004987344565,0.126729035433717
1.2695,-0.0325028229321431,0.126505986093129
1.27,-0.0369165805514309,0.126282936752538
1.2705,-0.0410025948261166,0.126059887411946
1.271,-0.0447245980400858,0.125836838071352
1.2715,-0.048049553444091,0.125613788730759
1.272,-0.0509479484905283,0.125390739390165
1.2725,-0.053394056795311,0.125167690049571
1.273,-0.0553661664861036,0.124944640708977
1.2735,-0.0568467729197165,0.124721591368384
1.274,-0.0578227340599984,0.12449854202779
1.2745,-0.058285387126671,0.124275492687196
1.275,-0.0582306254913064,0.124052443346602
1.2755,-0.0576589351289076,0.123829394006008
1.276,-0.0565753903071539,0.123606344665415
1.2765,-0.054989608550145,0.123383295324821
1.277,-0.0529156652729065,0.123160245984227
1.2775,-0.0503719688522966,0.122937196643633
1.278,-0.0473810972333464,0.122714147303039
1.2785,-0.0439695975274813,0.122491097962446
1.279,-0.0401677503827707,0.122268048621852
1.2795,-0.036009301210982,0.122044999281258
1.28,-0.0315311606629682,0.121821949940664
1.2805,-0.0267730770099632,0.12159890060007
1.281,-0.0217772833361075,0.121375851259477
1.2815,-0.0165881226751461,0.121152801918883
1.282,-0.0112516544208784,0.120929752578289
1.2825,-0.00581524550158786,0.120706703237695
1.283,-0.000327149948024535,0.120483653897101
1.2835,0.00516391941139951,0.120260604556507
1.284,0.0106092233295202,0.120037555215914
1.2845,0.0159604287524327,0.11981450587532
1.285,0.0211700378276477,0.119591456534726
1.2855,0.0261918094986415,0.119368407194132
1.286,0.0309811699438149,0.119145357853538
1.2865,0.0354956082182681,0.118922308512945
1.287,0.0396950535832854,0.118699259172351
1.2875,0.0435422311803232,0.118476209831757
1.288,0.0470029928848944,0.118253160491163
1.2885,0.0500466204084375,0.118030111150569
1.289,0.0526460979604287,0.117807061809975
1.2895,0.0547783520416004,0.117584012469382
1.29,0.0564244562475003,0.117360963128788
1.2905,0.0575697992646993,0.117137913788194
1.291,0.0582042145621155,0.1169148644476
1.2915,0.0583220706320856,0.116691815107006
1.292,0.0579223209789302,0.116468765766413
1.2925,0.0570085134081239,0.116245716425819
1.293,0.0555887585403173,0.116022667085225
1.2935,0.0536756578215304,0.115799617744631
1.294,0.0512861916731825,0.115576568404037
1.2945,0.0484415687764241,0.115353519063444
1.295,0.0451670378235305,0.11513046972285
1.2955,0.0414916634108113,0.114907420382256
1.296,0.0374480680605235,0.114684371041662
1.2965,0.0330721426632189,0.114461321701069
1.297,0.0284027279094676,0.114238272360476
1.2975,0.023481269538156,0.114015223019885
1.298,0.0183514504624753,0.113792173679296
1.2985,0.0130588030387412,0.113569124338711
1.299,0.0076503049189068,0.113346074998131
1.2995,0.00217396207369968,0.113123025657556
1.3,-0.00332161731007256,0.112899976316985
1.3005,-0.0087876542797302,0.112676926976416
1.301,-0.0141756320814078,0.112453877635845
1.3015,-0.0194377267981808,0.11223082829527
1.302,-0.0245272318394306,0.11200777895469
1.3025,-0.0293989725103685,0.111784729614105
1.303,-0.0340097069887947,0.111561680273516
1.3035,-0.0383185101415686,0.111338630932925
1.304,-0.0422871367796296,0.111115581592332
1.3045,-0.0458803611278587,0.110892532251739
1.305,-0.0490662894901871,0.110669482911145
1.3055,-0.0518166433441381,0.110446433570551
1.306,-0.054107010342923,0.110223384229958
1.3065,-0.0559170610019454,0.110000334889364
1.307,-0.0572307291488201,0.10977728554877
1.3075,-0.0580363545276018,0.109554236208176
1.308,-0.0583267862982597,0.109331186867582
1.3085,-0.0580994465104607,0.109108137526989
1.309,-0.0573563529865827,0.108885088186395
1.3095,-0.0561041014137433,0.108662038845801
1.31,-0.0543538068026308,0.108438989505207
1.3105,-0.0521210048298028,0.108215940164613
1.311,-0.0494255139460056,0.10799289082402
1.3115,-0.0462912594669612,0.107769841483426
1.312,-0.0427460612111387,0.107546792142832
1.3125,-0.03882138657313,0.107323742802238
1.313,-0.0345520712164118,0.107100693461644
1.3135,-0.0299760098717378,0.106877644121051
1.314,-0.0251338199824369,0.106654594780457
1.3145,-0.020068481181133,0.106431545439863
1.315,-0.0148249538021144,0.106208496099269
1.3155,-0.00944977980995203,0.105985446758675
1.316,-0.00399066969115457,0.105762397418081
1.3165,0.00150392102743135,0.105539348077488
1.317,0.00698522187266236,0.105316298736894
1.3175,0.0124045803145253,0.1050932493963
1.318,0.0177138936103867,0.104870200055706
1.3185,0.0228660357671022,0.104647150715112
1.319,0.0278152758362375,0.104424101374519
1.3195,0.0325176838245816,0.104201052033925
1.32,0.0369315206205637,0.103978002693331
1.3205,0.0410176084753913,0.103754953352737
1.321,0.044739678746219,0.103531904012143
1.3215,0.0480646938225829,0.10330885467155
1.322,0.0509631403698648,0.103085805330956
1.3225,0.0534092912935564,0.102862755990362
1.323,0.0553814340964554,0.102639706649768
1.3235,0.0568620636010463,0.102416657309174
1.324,0.0578380373293975,0.10219360796858
1.3245,0.0583006921562321,0.101970558627987
1.325,0.0582459212069093,0.101747509287393
1.3255,0.0576742103116397,0.101524459946799
1.326,0.0565906336937909,0.101301410606205
1.3265,0.0550048089336969,0.101078361265611
1.327,0.0529308116036025,0.100855311925018
1.3275,0.0503870503327164,0.100632262584424
1.328,0.0473961034130114,0.10040921324383
1.3285,0.0439845183952406,0.100186163903236
1.329,0.0401825764512667,0.0999631145626425
1.3295,0.0360240235972826,0.099740065222049
1.33,0.0315457711646729,0.0995170158814558
1.3305,0.026787568172523,0.0992939665408634
1.331,0.0217916485132129,0.0990709172002729
1.3315,0.0166023560834116,0.0988478678596853
1.332,0.0112657511849958,0.0986248185191022
1.3325,0.0058292016909464,0.0984017691785246
1.333,0.000340962605568109,0.0981787198379524
1.3335,-0.00515025224984909,0.0979556704973838
1.334,-0.010595702623922,0.0977326211568157
1.3345,-0.0159470544578245,0.097509571816245
1.335,-0.0211568089006221,0.0972865224756694
1.3355,-0.0261787239130729,0.0970634731350881
1.336,-0.0309682247164512,0.0968404237945019
1.3365,-0.0354827994396885,0.0966173744539122
1.337,-0.0396823764610166,0.0963943251133204
1.3375,-0.0435296800854288,0.0961712757727274
1.338,-0.046990561406663,0.095948226432134
1.3385,-0.0500343014191682,0.0957251770915403
1.339,-0.0526338836798317,0.0955021277509465
1.3395,-0.0547662341108009,0.0952790784103527
1.34,-0.0564124258074959,0.0950560290697589
1.3405,-0.0575578470365781,0.0948329797291651
1.341,-0.0581923309319838,0.0946099303885713
1.3415,-0.0583102457379771,0.0943868810479775
1.342,-0.0579105447985966,0.0941638317073837
1.3425,-0.0569967758487972,0.0939407823667899
1.343,-0.0555770495277179,0.0937177330261961
1.3435,-0.0536639673872584,0.0934946836856023
1.344,-0.051274510042305,0.0932716343450085
1.3445,-0.0484298864514132,0.0930485850044147
1.345,-0.0451553456653372,0.0928255356638208
1.3455,-0.0414799527164715,0.092602486323227
1.346,-0.0374363306356409,0.0923794369826332
1.3465,-0.0330603708909983,0.0921563876420394
1.347,-0.0283909148122766,0.0919333383014456
1.3475,-0.0234694088333901,0.0917102889608518
1.348,-0.0183395366135542,0.091487239620258
1.3485,-0.0130468312963182,0.0912641902796642
1.349,-0.00763827135687283,0.0910411409390704
1.3495,-0.00216186361776442,0.0908180915984766
1.35,0.00333378286370798,0.0905950422578828
1.3505,0.00879988825073911,0.090371992917289
1.351,0.0141879349015693,0.0901489435766951
1.3515,0.0194500980150647,0.0899258942361013
1.352,0.0245396701267802,0.0897028448955075
1.3525,0.0294114756886227,0.0894797955549137
1.353,0.0340222720498277,0.0892567462143199
1.3535,0.0383311332826591,0.0890336968737261
1.354,0.0422998134444346,0.0888106475331323
1.3545,0.0458930860516355,0.0885875981925385
1.355,0.0490790567539844,0.0883645488519447
1.3555,0.0518294464311116,0.0881414995113509
1.356,0.0541198422012392,0.0879184501707571
1.3565,0.0559299141136334,0.0876954008301633
1.357,0.0572435955983798,0.0874723514895694
1.3575,0.0580492260761407,0.0872493021489756
1.358,0.0583396544599665,0.0870262528083818
1.3585,0.0581123026292418,0.086803203467788
1.359,0.0573691883155324,0.0865801541271942
1.3595,0.0561169071930424,0.0863571047866004
1.36,0.0543665743379704,0.0861340554460066
1.3605,0.0521337255702686,0.0859110061054128
1.361,0.0494381795575933,0.085687956764819
1.3615,0.0463038619064061,0.0854649074242252
1.362,0.0427585927957833,0.0852418580836314
1.3625,0.0388338400455765,0.0850188087430377
1.363,0.0345644398072054,0.0847957594024443
1.3635,0.0299882873558039,0.0845727100618514
1.364,0.0251460007309105,0.0843496607212596
1.3645,0.0200805602075619,0.0841266113806701
1.365,0.0148369268014862,0.0839035620400842
1.3655,0.0094616431932291,0.0836805126995035
1.366,0.00400242061155252,0.0834574633589287
1.3665,-0.00149228465374159,0.0832344140183592
1.367,-0.00697370135297301,0.0830113646777924
1.3675,-0.0123931761738342,0.0827883153372252
1.368,-0.0177026055915934,0.0825652659966541
1.3685,-0.0228548628384888,0.0823422166560774
1.369,-0.0278042162057749,0.0821191673154949
1.3695,-0.0325067349613277,0.0818961179749077
1.37,-0.0369206792808165,0.0816730686343173
1.3705,-0.0410068707369338,0.0814500192937251
1.371,-0.0447290400480258,0.0812269699531319
1.3715,-0.0480541490072543,0.0810039206125384
1.372,-0.0509526837348643,0.0807808712719447
1.3725,-0.0533989166452168,0.0805578219313509
1.373,-0.0553711348066559,0.0803347725907571
1.3735,-0.0568518326690526,0.0801117232501633
1.374,-0.057827867445767,0.0798886739095695
1.3745,-0.0582905757690625,0.0796656245689757
1.375,-0.0582358505904815,0.0794425752283819
1.3755,-0.0576641776347421,0.0792195258877881
1.376,-0.0565806310889782,0.0789964765471943
1.3765,-0.0549948285674773,0.0787734272066005
1.377,-0.0529208457435548,0.0785503778660066
1.3775,-0.0503770914154307,0.0783273285254128
1.378,-0.0473861441095275,0.078104279184819
1.3785,-0.0439745516719457,0.0778812298442252
1.379,-0.0401725956302493,0.0776581805036314
1.3795,-0.0360140224128461,0.0774351311630376
1.38,-0.0315357438136497,0.0772120818224438
1.3805,-0.0267775093619395,0.07698903248185
1.381,-0.0217815535035884,0.0767659831412562
1.3815,-0.0165922207249492,0.0765429338006624
1.382,-0.01125557194945,0.0763198844600686
1.3825,-0.00581897569811349,0.0760968351194748
1.383,-0.000330687642696889,0.0758737857788809
1.3835,0.00516057771363411,0.0756507364382871
1.384,0.0106060794301821,0.0754276870976933
1.3845,0.0159574827565495,0.0752046377570995
1.385,0.021167288154819,0.0749815884165057
1.3855,0.0261892529100596,0.0747585390759119
1.386,0.0309788015824159,0.0745354897353181
1.3865,0.0354934216636667,0.0743124403947243
1.387,0.0396930409214765,0.0740893910541305
1.3875,0.043540383082366,0.0738663417135367
1.388,0.0470012987010978,0.0736432923729429
1.3885,0.050045068273188,0.0734202430323491
1.389,0.0526446749037634,0.0731971936917552
1.3895,0.0547770441133915,0.0729741443511614
1.39,0.056423248648115,0.0727510950105676
1.3905,0.0575686764812571,0.0725280456699738
1.391,0.0582031605118244,0.07230499632938
1.3915,0.0583210688073716,0.0720819469887862
1.392,0.057921354596675,0.0718588976481924
1.3925,0.0570075655614248,0.0716358483075986
1.393,0.0555878123471902,0.0714127989670048
1.3935,0.0536746965736165,0.071189749626411
1.394,0.051285198983021,0.0709667002858172
1.3945,0.0484405287198495,0.0707436509452234
1.395,0.0451659350759667,0.0705206016046296
1.3955,0.0414904833783263,0.0702975522640358
1.396,0.0374467970041748,0.0700745029234422
1.3965,0.0330707678130752,0.0698514535828489
1.397,0.0284012375704268,0.0696284042422563
1.3975,0.0234796531853315,0.0694053549016653
1.398,0.0183496988249835,0.0691823055610771
1.3985,0.0130569081724508,0.0689592562204933
1.399,0.00764826026620336,0.0687362068799153
1.3995,0.00217176251154983,0.0685131575393435
1.4,-0.00332397543593586,0.0682901081987765
1.4005,-0.0087901731339087,0.0680670588582114
1.401,-0.0141783123305426,0.0678440095176445
1.4015,-0.0194405676168904,0.0676209601770727
1.402,-0.0245302309280492,0.0673979108364948
1.4025,-0.0294021261275709,0.0671748614959111
1.403,-0.0340130099948841,0.0669518121553229
1.4035,-0.0383219560542999,0.0667287628147319
1.404,-0.0422907178429407,0.0665057134741394
1.4045,-0.0458840683882344,0.0662826641335461
1.405,-0.0490701128866966,0.0660596147929525
1.4055,-0.0518205718048896,0.0658365654523587
1.406,-0.054111031890188,0.0656135161117649
1.4065,-0.0559211628664458,0.0653904667711711
1.407,-0.0572348978878911,0.0651674174305773
1.4075,-0.058040576149055,0.0649443680899835
1.408,-0.0583310463880498,0.0647213187493897
1.4085,-0.058103730363981,0.0644982694087959
1.409,-0.0573606457413245,0.0642752200682021
1.4095,-0.0561083881815675,0.0640521707276083
1.41,-0.0543580728016416,0.0638291213870145
1.4105,-0.052125235514883,0.0636060720464207
1.411,-0.0494296951350675,0.0633830227058269
1.4115,-0.0462953774640763,0.063159973365233
1.412,-0.0427501029246031,0.0629369240246392
1.4125,-0.0388253396264805,0.0627138746840454
1.413,-0.0345559240525658,0.0624908253434516
1.4135,-0.0299797518490813,0.0622677760028578
1.414,-0.0251374414627573,0.062044726662264
1.4145,-0.0200719736073191,0.0618216773216702
1.415,-0.0148283097655104,0.0615986279810764
1.4155,-0.00945299310768681,0.0613755786404826
1.416,-0.00399373537182412,0.0611525292998887
1.4165,0.00150100662846585,0.0609294799592949
1.417,0.00698246111098765,0.0607064306187011
1.4175,0.0124019742256408,0.0604833812781073
1.418,0.0177114419094153,0.0602603319375135
1.4185,0.0228637368620458,0.0600372825969197
1.419,0.0278131268508103,0.0598142332563259
1.4195,0.0325156806337336,0.0595911839157321
1.42,0.0369296578959679,0.0593681345751383
1.4205,0.0410158797408201,0.0591450852345444
1.421,0.0447380764447705,0.0589220358939506
1.4215,0.0480632093894963,0.0586989865533568
1.422,0.05096176431678,0.058475937212763
1.4225,0.0534080132994894,0.0582528878721692
1.423,0.0553802431042038,0.0580298385315754
1.4235,0.0568609479209004,0.0578067891909816
1.424,0.0578369847465878,0.0575837398503878
1.4245,0.0582996900436095,0.057360690509794
1.425,0.0582449566388898,0.0571376411692002
1.4255,0.0576732701805775,0.0569145918286064
1.426,0.0565897048273013,0.0566915424880126
1.4265,0.0550038782114617,0.0564684931474188
1.427,0.052929866072502,0.056245443806825
1.4275,0.0503860773201532,0.0560223944662311
1.428,0.0473950906377832,0.0557993451256373
1.4285,0.0439834540715888,0.0555762957850436
1.429,0.0401814493894769,0.0553532464444499
1.4295,0.036022823298928,0.0551301971038563
1.43,0.0315444879094602,0.0549071477632632
1.4305,0.0267861930981753,0.0546840984226711
1.431,0.0217901736876011,0.0544610490820811
1.4315,0.0166007745678933,0.0542379997414945
1.432,0.0112640570876719,0.0540149504009131
1.4325,0.00582739021084913,0.0537919010603382
1.433,0.000339030067235618,0.0535688517197694
1.4335,-0.00515230837260268,0.0533458023792049
1.434,-0.0105978836949256,0.053122753038641
1.4345,-0.0159493606742873,0.052899703698074
1.435,-0.0211592393007804,0.0526766543575013
1.4355,-0.0261812763940544,0.0524536050169221
1.436,-0.0309708960600413,0.0522305556763371
1.4365,-0.0354855853510658,0.0520075063357481
1.437,-0.0396852716134863,0.0517844569951565
1.4375,-0.0435326781751963,0.0515614076545637
1.438,-0.0469936552181924,0.0513383583139703
1.4385,-0.0500374828929241,0.0511153089733766
1.439,-0.0526371439919061,0.0508922596327829
1.4395,-0.0547695637566455,0.0506692102921891
1.44,-0.0564158146904886,0.0504461609515953
1.4405,-0.0575612845620425,0.0502231116110015
1.441,-0.0581958061047711,0.0500000622704077
1.4415,-0.0583137472633571,0.0497770129298138
1.442,-0.057914061183426,0.04955396358922
1.4425,-0.0570002955059043,0.0493309142486262
1.443,-0.0555805608780888,0.0491078649080324
1.4435,-0.0536674589628519,0.0488848155674386
1.444,-0.0512779705876742,0.0486617662268448
1.4445,-0.0484333050202643,0.048438716886251
1.445,-0.045158711715903,0.0482156675456572
1.4455,-0.0414832562016246,0.0479926182050634
1.446,-0.0374395620887974,0.0477695688644696
1.4465,-0.0330635215048393,0.0475465195238758
1.447,-0.0283939765116196,0.047323470183282
1.4475,-0.0234723743424516,0.0471004208426882
1.448,-0.0183423995129879,0.0468773715020943
1.4485,-0.0130495860746692,0.0466543221615005
1.449,-0.00764091345241702,0.0464312728209067
1.4495,-0.00216438945122243,0.0462082234803129
1.45,0.00333137586349245,0.0459851741397191
1.4505,0.00879760163242441,0.0457621247991253
1.451,0.0141857691851115,0.0455390754585315
1.4515,0.0194480526941735,0.0453160261179377
1.452,0.0245377436813299,0.0450929767773438
1.4525,0.0294096656055863,0.04486992743675
1.453,0.0340205748524423,0.0446468780961562
1.4535,0.0383295445687079,0.0444238287555624
1.454,0.0422983279316665,0.0442007794149686
1.4545,0.0458916976310728,0.0439777300743748
1.455,0.0490777585495877,0.043754680733781
1.4555,0.0518282308666668,0.0435316313931872
1.456,0.0541187010729957,0.0433085820525934
1.4565,0.0559288386660824,0.0430855327119996
1.457,0.0572425766063697,0.0428624833714058
1.4575,0.0580482539300207,0.042639434030812
1.458,0.0583387192531862,0.0424163846902182
1.4585,0.058111394247896,0.0421933353496243
1.459,0.057368296528814,0.0419702860090305
1.4595,0.0561160217460481,0.0417472366684367
1.46,0.0543656850407061,0.0415241873278429
1.4605,0.0521328223874511,0.0413011379872491
1.461,0.0494372526969679,0.0410780886466553
1.4615,0.0463029019026916,0.0408550393060615
1.462,0.0427575905919709,0.0406319899654678
1.4625,0.0388327870703151,0.0404089406248741
1.463,0.0345633280462601,0.0401858912842807
1.4635,0.0299871094185604,0.0399628419436879
1.464,0.0251447499111013,0.0397397926030965
1.4645,0.0200792305377991,0.0395167432625076
1.465,0.0148355130999354,0.0392936939219231
1.4655,0.00946014110336292,0.0390706445813445
1.466,0.00400082663488854,0.0388475952407728
1.4665,-0.00149397313373445,0.0386245459002071
1.467,-0.00697548605411508,0.0384014965596447
1.4675,-0.0123950579072528,0.0381784472190817
1.468,-0.0177045842607598,0.0379553978785143
1.4685,-0.0228569374477401,0.0377323485379404
1.469,-0.0278063848754765,0.0375092991973597
1.4695,-0.0325089949506516,0.0372862498567736
1.47,-0.0369230270206155,0.0370632005161837
1.4705,-0.041009301864914,0.0368401511755918
1.471,-0.0447315494546905,0.0366171018349987
1.4715,-0.0480567308874947,0.0363940524944052
1.472,-0.0509553316432441,0.0361710031538115
1.4725,-0.0534016235581003,0.0359479538132177
1.473,-0.0553738931890846,0.0357249044726239
1.4735,-0.0568546345457426,0.0355018551320301
1.474,-0.0578307044737573,0.0352788057914363
1.4745,-0.0582934393157789,0.0350557564508425
1.475,-0.0582387318115637,0.0348327071102487
1.4755,-0.0576670675532414,0.0346096577696549
1.476,-0.0565835206775468,0.0343866084290611
1.4765,-0.0549977088267518,0.0341635590884673
1.477,-0.052923707783065,0.0339405097478735
1.4775,-0.0503799265316039,0.0337174604072797
1.478,-0.0473889438595224,0.0334944110666859
1.4785,-0.0439773079487637,0.0332713617260921
1.479,-0.0401753007306285,0.0330483123854982
1.4795,-0.0360166691022806,0.0328252630449044
1.48,-0.0315383253881932,0.0326022137043106
1.4805,-0.0267800197022136,0.0323791643637168
1.481,-0.0217839871255553,0.032156115023123
1.4815,-0.0165945728237986,0.0319330656825292
1.482,-0.0112578384362682,0.0317100163419354
1.4825,-0.00582115323149999,0.0314869670013416
1.483,-0.00033277365281326,0.0312639176607478
1.4835,0.00515858500835795,0.031040868320154
1.484,0.0106041810128451,0.0308178189795601
1.4845,0.0159556788089968,0.0305947696389663
1.485,0.0211655780622328,0.0303717202983725
1.4855,0.0261876352714804,0.0301486709577787
1.486,0.0309772742296439,0.0299256216171849
1.4865,0.0354919816858874,0.0297025722765911
1.487,0.0396916846959655,0.0294795229359973
1.4875,0.0435391063126935,0.0292564735954035
1.488,0.0470000964591773,0.0290334242548097
1.4885,0.0500439350476926,0.0288103749142159
1.489,0.0526436046535943,0.0285873255736221
1.4895,0.0547760303241875,0.0283642762330282
1.49,0.0564222843943003,0.0281412268924344
1.4905,0.0575677544889255,0.0279181775518406
1.491,0.0582022732262256,0.0276951282112468
1.4915,0.0583202084625188,0.027472078870653
1.492,0.0579205132841488,0.0272490295300592
1.4925,0.0570067353022233,0.0270259801894654
1.493,0.0555869851617585,0.0268029308488716
1.4935,0.0536738645530864,0.0265798815082778
1.494,0.0512843543591678,0.026356832167684
1.4945,0.0484396639307646,0.0261337828270902
1.495,0.0451650428325065,0.0259107334864964
1.4955,0.0414895567267081,0.0256876841459027
1.496,0.0374458293839055,0.0254646348053091
1.4965,0.0330697531127093,0.0252415854647158
1.497,0.028400170177651,0.0250185361241235
1.4975,0.023478528032807,0.0247954867835329
1.498,0.0183485114316113,0.0245724374429456
1.4985,0.0130556546777661,0.0243493881023634
1.499,0.00764693746010048,0.024126338761788
1.4995,0.00217036785785857,0.0239032894212197
1.5,-0.00332544378268875,0.0236802400806571
1.5005,-0.00879171631671287,0.0234571907400966
1.501,-0.0141799307856046,0.023234141399534
1.5015,-0.0194422610750104,0.0230110920589658
1.502,-0.0245319984225321,0.0227880427183904
1.5025,-0.0294039660081563,0.0225649933778083
1.503,-0.0340149199466263,0.0223419440372211
1.5035,-0.0383239331244565,0.0221188946966305
1.504,-0.0422927584708596,0.0218958453560382
1.5045,-0.0458861684417404,0.0216727960154449
1.505,-0.0490722677039487,0.0214497466748513
1.5055,-0.0518227762380594,0.0212266973342576
1.506,-0.0541132803556126,0.0210036479936638
1.5065,-0.0559234493975534,0.02078059865307
1.507,-0.0572372161898844,0.0205575493124762
1.5075,-0.0580429196578827,0.0203344999718824
1.508,-0.0583334083309488,0.0201114506312886
1.5085,-0.0581061038203724,0.0198884012906948
1.509,-0.057363023705098,0.019665351950101
1.5095,-0.056110763624298,0.0194423026095072
1.51,-0.0543604387339736,0.0192192532689134
1.5105,-0.0521275850493449,0.0189962039283196
1.511,-0.0494320215459978,0.0187731545877258
1.5115,-0.0462976742451249,0.018550105247132
1.512,-0.0427523638460289,0.0183270559065382
1.5125,-0.038827558786911,0.0181040065659443
1.513,-0.0345580959297933,0.0178809572253505
1.5135,-0.0299818713460543,0.0176579078847567
1.514,-0.0251395039487266,0.0174348585441629
1.5145,-0.0200739749561622,0.0172118092035691
1.515,-0.0148302463883678,0.0169887598629753
1.5155,-0.00945486198095109,0.0167657105223815
1.516,-0.00399553405927524,0.0165426611817877
1.5165,0.00149927995818035,0.0163196118411939
1.517,0.0069808076724541,0.0160965625006001
1.5175,0.0124003946107613,0.0158735131600063
1.518,0.0177099360862971,0.0156504638194124
1.5185,0.0228623041805917,0.0154274144788186
1.519,0.0278117660523369,0.0152043651382248
1.5195,0.0325143898664631,0.014981315797631
1.52,0.0369284347369113,0.0147582664570372
1.5205,0.041014721219847,0.0145352171164434
1.521,0.0447369790754462,0.0143121677758496
1.5215,0.0480621692044658,0.0140891184352558
1.522,0.0509607769052048,0.013866069094662
1.5225,0.0534070738498485,0.0136430197540682
1.523,0.0553793464498984,0.0134199704134744
1.5235,0.0568600885883114,0.0131969210728805
1.524,0.0578361570053527,0.0129738717322867
1.5245,0.0582988879596714,0.0127508223916929
1.525,0.0582441741281097,0.0125277730510991
1.5255,0.0576725010634455,0.0123047237105053
1.526,0.0565889428848559,0.0120816743699115
1.5265,0.0550031172396379,0.0118586250293177
1.527,0.0529290999371483,0.0116355756887239
1.5275,0.050385300011085,0.0114125263481301
1.528,0.0473942963204618,0.0111894770075363
1.5285,0.0439826371371296,0.0109664276669425
1.529,0.0401806045026316,0.0107433783263488
1.5295,0.03602194544383,0.0105203289857553
1.53,0.0315435724303534,0.0102972796451623
1.5305,0.0267852357384489,0.0100742303045705
1.531,0.021789170625031,0.00985118096398109
1.5315,0.0165997224434927,0.0096281316233957
1.532,0.0112629530329967,0.00940508228281633
1.5325,0.00582623186969681,0.00918203294224438
1.533,0.000337815611796633,0.00895898360167967
1.5335,-0.00515358022892383,0.00873593426111984
1.534,-0.0105992136905626,0.0085128849205608
1.5345,-0.0159507489969582,0.00828983557999815
1.535,-0.0211606855904003,0.00806678623942882
1.5355,-0.0261827797497169,0.00784373689885191
1.536,-0.0309724550521209,0.00762068755826838
1.5365,-0.0354871980382513,0.00739763821768011
1.537,-0.0396869355633063,0.00717458887708896
1.5375,-0.0435343904896883,0.00695153953649629
1.538,-0.0469954125628655,0.00672849019590292
1.5385,-0.050039281530257,0.00650544085530927
1.539,-0.0526389798159295,0.00628239151471552
1.5395,-0.0547714323332442,0.00605934217412172
1.54,-0.0564177112994051,0.00583629283352792
1.5405,-0.0575632042399443,0.00561324349293411
1.541,-0.0581977436919886,0.0053901941523403
1.5415,-0.058315697449657,0.00516714481174649
1.542,-0.0579160185574848,0.00494409547115269
1.5425,-0.0570022546035761,0.00472104613055888
1.543,-0.0555825162305299,0.00449799678996507
1.5435,-0.0536694051465437,0.00427494744937126
1.544,-0.0512799022702397,0.00405189810877746
1.5445,-0.0484352170081474,0.00382884876818365
1.545,-0.0451605989992905,0.00360579942758984
1.5455,-0.0414851139968942,0.00338275008699604
1.546,-0.0374413858801047,0.00315970074640223
1.5465,-0.0330653070808722,0.00293665140580842
1.547,-0.0283957200016373,0.00271360206521461
1.5475,-0.0234740722479259,0.00249055272462081
1.548,-0.0183440487350908,0.002267503384027
1.5485,-0.0130511839396562,0.00204445404343319
1.549,-0.00764245773167292,0.00182140470283938
1.5495,-0.00216587837790872,0.00159835536224557
1.55,0.00332994358235101,0.00137530602165176
1.5505,0.00879622680792905,0.00115225668105795
1.551,0.0141844521424887,0.000929207340464138
1.5515,0.0194467932744271,0.000706157999870328
1.552,0.0245365412451427,0.000483108659276516
1.5525,0.0294085190424723,0.000260059318682706
1.553,0.0340194825955686,3.70099780888972e-05
1.5535,0.0383285046098746,-0.00018603936250491
1.554,0.0422973378436903,-0.000409088703098717
1.5545,0.045890754592477,-0.000632138043692526
1.555,0.0490768593714267,-0.000855187384286332
1.5555,0.0518273720243964,-0.00107823672488014
1.556,0.0541178787389981,-0.00130128606547395
1.5565,0.0559280487463936,-0.00152433540606775
1.557,0.0572418147789422,-0.00174738474666156
1.5575,0.0580475156844788,-0.00197043408725537
1.558,0.058337999931593,-0.00219348342784918
1.5585,0.0581106890872371,-0.00241653276844298
1.559,0.0573676007044054,-0.00263958210903679
1.5595,0.0561153304136784,-0.0028626314496306
1.56,0.0543649933794354,-0.00308568079022441
1.5605,0.0521321256432805,-0.00330873013081821
1.561,0.0494365462236227,-0.00353177947141201
1.5615,0.0463021812008882,-0.0037548288120058
1.562,0.0427568513494727,-0.00397787815259956
1.5625,0.0388320251975116,-0.0042009274931932
1.563,0.0345625397114184,-0.00442397683378655
1.5635,0.0299862910796614,-0.00464702617437917
1.564,0.0251438983442126,-0.00487007551497021
1.5645,0.0200783428634713,-0.00509312485555825
1.565,0.0148345868063145,-0.00531617419614132
1.5655,0.00945917406546365,-0.00553922353671746
1.566,0.00399981713012399,-0.00576227287728563
1.5665,-0.00149502641302689,-0.00598532221784675
1.567,-0.00697658399257195,-0.00620837155840403
1.5675,-0.0123962009615495,-0.00643142089896209
1.568,-0.0177057724591298,-0.00665447023952523
1.5685,-0.022858170392922,-0.00687751958009598
1.569,-0.0278076617514472,-0.00710056892067453
1.5695,-0.0325103145329724,-0.00732361826125943
1.57,-0.0369243876902192,-0.00754666760184862
1.5705,-0.0410107016262273,-0.0077697169424403
1.571,-0.0447329859549531,-0.00799276628303322
1.5715,-0.0480582014413525,-0.0082158156236267
1.572,-0.0509568332585226,-0.00843886496422039
1.5725,-0.0534031529644404,-0.00866191430481416
1.573,-0.0553754468696155,-0.00888496364540796
1.5735,-0.0568562087693107,-0.00910801298600176
1.574,-0.0578322953304782,-0.00933106232659557
1.5745,-0.0582950427524329,-0.00955411166718938
1.575,-0.0582403436680338,-0.00977716100778319
1.5755,-0.0576686836016517,-0.010000210348377
1.576,-0.0565851366590321,-0.0102232596889708
1.5765,-0.0549993204897265,-0.0104463090295646
1.577,-0.0529253109209997,-0.0106693583701584
1.5775,-0.0503815170190578,-0.0108924077107522
1.578,-0.0473905176898028,-0.011115457051346
1.5785,-0.0439788612670287,-0.0113385063919398
1.579,-0.0401768298670838,-0.0115615557325336
1.5795,-0.0360181706042457,-0.0117846050731275
1.58,-0.031539796047786,-0.0120076544137213
1.5805,-0.026781456584356,-0.0122307037543151
1.581,-0.0217853875907573,-0.0124537530949089
1.5815,-0.0165959345494022,-0.0126768024355027
1.582,-0.0112591594359156,-0.0128998517760965
1.5825,-0.00582243186883621,-0.0131229011166903
1.583,-0.000334008653959,-0.0133459504572841
1.5835,0.00515739454597721,-0.0135689997978779
1.584,0.0106030356157759,-0.0137920491384717
1.5845,0.0159545786252002,-0.0140150984790656
1.585,0.0211645228627431,-0.0142381478196594
1.5855,0.0261866244558789,-0.0144611971602532
1.586,0.0309763068330633,-0.014684246500847
1.5865,0.0354910563906754,-0.0149072958414408
1.587,0.0396907998463618,-0.0151303451820346
1.5875,0.0435382599308984,-0.0153533945226284
1.588,0.0469992862658271,-0.0155764438632222
1.5885,0.0500431584844597,-0.015799493203816
1.589,0.0526428589074518,-0.0160225425444098
1.5895,0.0547753123539998,-0.0162455918850036
1.59,0.0564215909593736,-0.0164686412255974
1.5905,0.0575670821796607,-0.0166916905661912
1.591,0.0582016184952674,-0.016914739906785
1.5915,0.0583195676560691,-0.0171377892473789
1.592,0.0579198826766748,-0.0173608385879727
1.5925,0.0570061111286448,-0.0175838879285665
1.593,0.055586363651014,-0.0178069372691603
1.5935,0.0536732419627796,-0.0180299866097541
1.594,0.0512837270066105,-0.0182530359503479
1.5945,0.0484390282261195,-0.0184760852909417
1.595,0.0451643953096643,-0.0186991346315355
1.5955,0.0414888940725731,-0.0189221839721292
1.596,0.0374451484669431,-0.0191452333127228
1.5965,0.0330690510087112,-0.0193682826533159
1.597,0.0283994441945198,-0.019591331993908
1.5975,0.0234777757323013,-0.0198143813344981
1.598,0.0183477306486852,-0.0200374306750843
1.5985,0.0130548435382245,-0.0202604800156646
1.599,0.00764609439451112,-0.0204835293562371
1.5995,0.00216949161307695,-0.0207065786968013
1.6,-0.00332635413454699,-0.0209296280373589
1.6005,-0.00879266137275709,-0.021152677377914
1.601,-0.0141809108095912,-0.0213757267184716
1.6015,-0.0194432759972865,-0.0215987760590357
1.602,-0.0245330478429847,-0.0218218253996081
1.6025,-0.0294050492027827,-0.0220448747401883
1.603,-0.034016035876575,-0.0222679240807745
1.6035,-0.0383250804467609,-0.0224909734213645
1.604,-0.0422939355531437,-0.0227140227619566
1.6045,-0.0458873733791948,-0.0229370721025497
1.605,-0.0490734983373105,-0.0231601214431433
1.6055,-0.0518240301756951,-0.023383170783737
1.606,-0.0541145549961006,-0.0236062201243308
1.6065,-0.0559247419539609,-0.0238292694649246
1.607,-0.0572385237161467,-0.0240523188055184
1.6075,-0.0580442390763383,-0.0242753681461122
1.608,-0.0583347364601786,-0.024498417486706
1.6085,-0.0581074374040927,-0.0247214668272998
1.609,-0.0573643594419965,-0.0249445161678936
1.6095,-0.0561120981970859,-0.0251675655084874
1.61,-0.0543617688397848,-0.0253906148490812
1.6105,-0.0521289074277523,-0.025613664189675
1.611,-0.0494333330078793,-0.0258367135302689
1.6115,-0.0462989717017789,-0.0260597628708627
1.612,-0.042753644333509,-0.0262828122114565
1.6125,-0.0388288194926548,-0.0265058615520503
1.613,-0.0345593342166534,-0.0267289108926441
1.6135,-0.0299830847736425,-0.0269519602332379
1.614,-0.0251406902938945,-0.0271750095738317
1.6145,-0.0200751322310847,-0.0273980589144255
1.615,-0.0148313728564075,-0.0276211082550193
1.6155,-0.00945595617008035,-0.0278441575956131
1.616,-0.00399659477343777,-0.0280672069362069
1.6165,0.00149825363108751,-0.0282902562768007
1.617,0.00697981635379628,-0.0285133056173945
1.6175,0.0123994386282426,-0.0287363549579884
1.618,0.0177090154734769,-0.0289594042985822
1.6185,0.0228614186778267,-0.029182453639176
1.619,0.0278109151123284,-0.0294055029797698
1.6195,0.0325135726605184,-0.0296285523203636
1.62,0.0369276501641159,-0.0298516016609574
1.6205,0.0410139679196164,-0.0300746510015512
1.621,0.0447362554407926,-0.030297700342145
1.6215,0.0480614733979127,-0.0305207496827388
1.622,0.0509601068776805,-0.0307437990233326
1.6225,0.0534064273589364,-0.0309668483639264
1.623,0.0553787210815085,-0.0311898977045202
1.6235,0.0568594817803002,-0.031412947045114
1.624,0.0578355660699972,-0.0316359963857079
1.6245,0.0582983101088277,-0.0318590457263017
1.625,0.0582436064985079,-0.0320820950668955
1.6255,0.0576719407422186,-0.0323051444074893
1.626,0.0565883869361511,-0.0325281937480831
1.6265,0.0550025627305683,-0.0327512430886769
1.627,0.0529285439633164,-0.0329742924292707
1.6275,0.0503847397223789,-0.0331973417698645
1.628,0.0473937289450836,-0.0334203911104583
1.6285,0.0439820600065631,-0.0336434404510521
1.629,0.0401800150742587,-0.0338664897916457
1.6295,0.0360213413211464,-0.0340895391322392
1.63,0.0315429513845528,-0.034312588472832
1.6305,0.0267845957260893,-0.0345356378134235
1.631,0.021788509804288,-0.0347586871540123
1.6315,0.016599039189945,-0.0349817364945963
1.632,0.0112622459516546,-0.0352047858351733
1.6325,0.00582549980532844,-0.0354278351757418
1.633,0.000337057657980469,-0.0356508845163018
1.6335,-0.005154364724151,-0.0358739338568561
1.634,-0.0106000251206313,-0.0360969831974096
1.6345,-0.0159515874956836,-0.0363200325379672
1.635,-0.0211615510324794,-0.0365430818785326
1.6355,-0.0261836717533112,-0.0367661312191068
1.636,-0.0309733729853968,-0.0369891805596886
1.6365,-0.0354881410257931,-0.037212229900276
1.637,-0.0396879024962853,-0.0374352792408667
1.6375,-0.0435353800377669,-0.0376583285814592
1.638,-0.0469964231865035,-0.0378813779220525
1.6385,-0.0500403114965035,-0.0381044272626461
1.639,-0.0526400272160156,-0.0383274766032399
1.6395,-0.0547724951000321,-0.0385505259438337
1.64,-0.0564187872268792,-0.0387735752844275
1.6405,-0.0575642910042576,-0.0389966246250213
1.641,-0.058198838872144,-0.0392196739656151
1.6415,-0.0583167985504292,-0.0394427233062089
1.642,-0.0579171230320841,-0.0396657726468027
1.6425,-0.0570033598758297,-0.0398888219873965
1.643,-0.0555836197190421,-0.0401118713279903
1.6435,-0.0536705042863945,-0.0403349206685841
1.644,-0.0512809945362155,-0.0405579700091779
1.6445,-0.0484362999376729,-0.0407810193497717
1.645,-0.0451616702121438,-0.0410040686903655
1.6455,-0.0414861712165499,-0.0412271180309594
1.646,-0.0374424269527418,-0.0414501673715532
1.6465,-0.0330663299943653,-0.041673216712147
1.647,-0.0283967229019327,-0.0418962660527408
1.6475,-0.0234750534534038,-0.0421193153933346
1.648,-0.0183450067514265,-0.0423423647339284
1.6485,-0.0130521174712781,-0.0425654140745222
1.649,-0.00764336569148034,-0.042788463415116
1.6495,-0.00216675989567327,-0.0430115127557098
1.65,0.00332908915390436,-0.0432345620963036
1.6505,0.00879539988917148,-0.0434576114368974
1.651,0.0141836529248031,-0.0436806607774912
1.6515,0.0194460217197616,-0.043903710118085
1.652,0.0245357970887355,-0.0441267594586788
1.6525,0.0294078017963179,-0.0443498087992727
1.653,0.0340187915541172,-0.0445728581398665
1.6535,0.0383278388591436,-0.0447959074804603
1.654,0.0422966962694926,-0.0450189568210541
1.6545,0.0458901358913978,-0.0452420061616479
1.655,0.0490762620656113,-0.0454650555022417
1.6555,0.0518267944747963,-0.0456881048428355
1.656,0.0541173191604302,-0.0459111541834293
1.6565,0.0559275052251073,-0.0461342035240231
1.657,0.0572412852904263,-0.0463572528646169
1.6575,0.0580469981118194,-0.0465803022052107
1.658,0.0583374920852203,-0.0468033515458045
1.6585,0.0581101887246689,-0.0470264008863983
1.659,0.057367105550372,-0.0472494502269921
1.6595,0.0561148381800468,-0.0474724995675859
1.66,0.0543645017863976,-0.0476955489081797
1.6605,0.0521316324389625,-0.0479185982487736
1.661,0.0494360492030569,-0.0481416475893673
1.6615,0.0463016782263271,-0.0483646969299611
1.662,0.0427563403680732,-0.0485877462705549
1.6625,0.0388315042588492,-0.0488107956111485
1.663,0.0345620069837216,-0.0490338449517418
1.6635,0.0299857448658059,-0.0492568942923342
1.664,0.0251433370950366,-0.0494799436329248
1.6645,0.0200777651901974,-0.0497029929735119
1.665,0.0148339914923914,-0.0499260423140932
1.6655,0.00945856007526197,-0.0501490916546665
1.666,0.00399918361691903,-0.0503721409952306
1.6665,-0.00149568010086786,-0.0505951903357864
1.667,-0.00697725830754838,-0.0508182396763378
1.6675,-0.0123968961543591,-0.0510412890168901
1.668,-0.0177064885781441,-0.0512643383574483
1.6685,-0.0228589072853472,-0.0514873876980154
1.669,-0.0278084190659316,-0.0517104370385914
1.6695,-0.0325110917247622,-0.0519334863791749
1.67,-0.0369251840269174,-0.0521565357197634
1.6705,-0.0410115161956843,-0.0523795850603547
1.671,-0.0447338176755815,-0.0526026344009475
1.6715,-0.0480590490717629,-0.0528256837415409
1.672,-0.0509576954103916,-0.0530487330821346
1.6725,-0.0534040281162575,-0.0532717824227283
1.673,-0.0553763333806862,-0.0534948317633221
1.6735,-0.0568571048951182,-0.0537178811039159
1.674,-0.0578331992391852,-0.0539409304445097
1.6745,-0.0582959525416787,-0.0541639797851036
1.675,-0.0582412573825071,-0.0543870291256974
1.6755,-0.0576695992501628,-0.0546100784662912
1.676,-0.0565860522329827,-0.054833127806885
1.6765,-0.0550002339815524,-0.0550561771474788
1.677,-0.0529262203408778,-0.0552792264880726
1.6775,-0.0503824204128105,-0.0555022758286664
1.678,-0.0473914131560093,-0.0557253251692602
1.6785,-0.0439797469735574,-0.055948374509854
1.679,-0.0401777040670719,-0.0561714238504478
1.6795,-0.0360190316501612,-0.0563944731910416
1.68,-0.0315406424059736,-0.0566175225316354
1.6805,-0.0267822868474058,-0.0568405718722292
1.681,-0.0217862004890788,-0.057063621212823
1.6815,-0.0165967289619567,-0.0572866705534168
1.682,-0.0112599343984436,-0.0575097198940106
1.6825,-0.00582318658138315,-0.0577327692346045
1.683,-0.000334742487043172,-0.0579558185751983
1.6835,0.00515668204749741,-0.0581788679157921
1.684,0.0106023447293497,-0.0584019172563859
1.6845,0.0159539094498495,-0.0586249665969797
1.685,0.0211638753198316,-0.0588480159375735
1.6855,0.0261859982898604,-0.0590710652781673
1.686,0.0309757016163607,-0.0592941146187611
1.6865,0.0354904715281935,-0.0595171639593549
1.687,0.0396902345815182,-0.0597402132999487
1.6875,0.0435377133544186,-0.0599632626405425
1.688,0.0469987573240781,-0.0601863119811363
1.6885,0.0500426459900684,-0.0604093613217301
1.689,0.0526423615509742,-0.0606324106623239
1.6895,0.0547748287159226,-0.0608554600029177
1.69,0.0564211195239409,-0.0610785093435115
1.6905,0.057566621349239,-0.0613015586841053
1.691,0.058201166603535,-0.0615246080246992
1.6915,0.0583191229851002,-0.061747657365293
1.692,0.057919443471298,-0.0619707067058868
1.6925,0.0570056756124437,-0.0621937560464806
1.693,0.0555859300427289,-0.0624168053870744
1.6935,0.053672808490571,-0.0626398547276682
1.694,0.0512832919259131,-0.062862904068262
1.6945,0.0484385898329097,-0.0630859534088558
1.695,0.0451639519556328,-0.0633090027494496
1.6955,0.0414884441798867,-0.0635320520900433
1.696,0.0374446905406302,-0.0637551014306368
1.6965,0.0330685836505305,-0.0639781507712298
1.697,0.0283989661133227,-0.0642012001118217
1.6975,0.0234772857550615,-0.0644242494524111
1.698,0.0183472277305825,-0.0646472987929961
1.6985,0.0130543267697022,-0.0648703481335743
1.699,0.00764556300902777,-0.0650933974741433
1.6995,0.00216894499301382,-0.0653164468147027
1.7,-0.00332691645432912,-0.0655394961552545
1.7005,-0.00879323970168265,-0.0657625454958034
1.701,-0.014181505299324,-0.0659855948363551
1.7015,-0.0194438866422135,-0.0662086441769144
1.702,-0.0245336744815494,-0.0664316935174833
1.7025,-0.0294056915193565,-0.0666547428580614
1.703,-0.0340166934060342,-0.0668777921986463
1.7035,-0.0383257525797682,-0.0671008415392357
1.704,-0.0422946215425098,-0.0673238908798276
1.7045,-0.0458880723477013,-0.0675469402204206
1.705,-0.0490742092860733,-0.0677699895610141
1.7055,-0.0518247519939439,-0.0679930389016078
1.706,-0.0541152864727296,-0.0682160882422016
1.7065,-0.0559254817881499,-0.0684391375827954
1.707,-0.0572392705293853,-0.0686621869233892
1.7075,-0.0580449914262456,-0.068885236263983
1.708,-0.058335492853038,-0.0691082856045768
1.7085,-0.0581081963082618,-0.0693313349451706
1.709,-0.0573651193025004,-0.0695543842857645
1.7095,-0.0561128574490587,-0.0697774336263583
1.71,-0.0543625259223082,-0.0700004829669521
1.7105,-0.0521296607984723,-0.0702235323075459
1.711,-0.0494340811558739,-0.0704465816481397
1.7115,-0.0462997131598693,-0.0706696309887335
1.712,-0.0427543776930734,-0.0708926803293273
1.7125,-0.0388295434141736,-0.0711157296699211
1.713,-0.0345600474404999,-0.0713387790105149
1.7135,-0.0299837861325382,-0.0715618283511087
1.714,-0.0251413787210797,-0.0717848776917025
1.7145,-0.0200758067696077,-0.0720079270322963
1.715,-0.0148320326669852,-0.0722309763728901
1.7155,-0.0094566005369283,-0.0724540257134839
1.716,-0.00399722311035698,-0.0726770750540777
1.7165,0.00149764177643109,-0.0729001243946715
1.717,0.00697922129754389,-0.0731231737352653
1.7175,0.0123988605476146,-0.0733462230758592
1.718,0.0177084544068003,-0.073569272416453
1.7185,0.0228608745252044,-0.0737923217570468
1.719,0.0278103876371629,-0.0740153710976406
1.7195,0.0325130614931185,-0.0742384204382344
1.72,0.0369271548050896,-0.0744614697788282
1.7205,0.0410134877461734,-0.074684519119422
1.721,0.0447357897126852,-0.0749075684600158
1.7215,0.0480610212649615,-0.0751306178006096
1.722,0.0509596673875115,-0.0753536671412034
1.7225,0.053405999466844,-0.0755767164817972
1.723,0.055378303660936,-0.075799765822391
1.7235,0.0568590736312929,-0.0760228151629848
1.724,0.057835165932001,-0.0762458645035786
1.7245,0.0582979166721166,-0.0764689138441724
1.725,0.0582432184157505,-0.0766919631847662
1.7255,0.0576715566408758,-0.0769150125253601
1.726,0.0565880054304537,-0.0771380618659539
1.7265,0.0550021824337907,-0.0773611112065477
1.727,0.0529281635007614,-0.0775841605471415
1.7275,0.0503843577424771,-0.0778072098877353
1.728,0.0473933441317211,-0.0780302592283291
1.7285,0.0439816710903493,-0.0782533085689228
1.729,0.0401796208431414,-0.0784763579095165
1.7295,0.036020940630908,-0.0786994072501099
1.73,0.0315425431680933,-0.0789224565907026
1.7305,0.0267841790027099,-0.0791455059312937
1.731,0.0217880836872953,-0.0793685552718816
1.7315,0.0165986028939424,-0.0795916046124641
1.732,0.0112617987986315,-0.0798146539530384
1.7325,0.00582504122996529,-0.0800377032936028
1.733,0.000336587211705531,-0.0802607526341573
1.7335,-0.00515484737040867,-0.0804838019747053
1.734,-0.0106005201740591,-0.0807068513152523
1.7345,-0.0159520950406096,-0.080929900655804
1.735,-0.0211620710309785,-0.0811529499963649
1.7355,-0.026184204046467,-0.0813759993369359
1.736,-0.0309739172950376,-0.0815990486775158
1.7365,-0.0354886969586455,-0.0818220980181022
1.737,-0.0396884695476208,-0.0820451473586924
1.7375,-0.0435359575972247,-0.0822681966992847
1.738,-0.0469970105445859,-0.0824912460398779
1.7385,-0.0500409078504217,-0.0827142953804715
1.739,-0.0526406316789539,-0.0829373447210652
1.7395,-0.0547731067090002,-0.083160394061659
1.74,-0.0564194049512288,-0.0833834434022528
1.7405,-0.0575649137562665,-0.0836064927428466
1.741,-0.0581994655168779,-0.0838295420834404
1.7415,-0.058317427915516,-0.0840525914240342
1.742,-0.0579177539191309,-0.084275640764628
1.7425,-0.057003991071144,-0.0844986901052218
1.743,-0.0555842500041653,-0.0847217394458156
1.7435,-0.0536711324493492,-0.0849447887864094
1.744,-0.051281619381724,-0.0851678381270033
1.7445,-0.0484369202975659,-0.0853908874675971
1.745,-0.0451622849565547,-0.0856139368081909
1.7455,-0.0414867792626406,-0.0858369861487847
1.746,-0.0374430272740965,-0.0860600354893785
1.7465,-0.0330669216298825,-0.0862830848299723
1.747,-0.0283973049636103,-0.0865061341705661
1.7475,-0.0234756251340752,-0.0867291835111599
1.748,-0.018345567330981,-0.0869522328517537
1.7485,-0.0130526663225053,-0.0871752821923475
1.749,-0.00764390228502185,-0.0873983315329413
1.7495,-0.00216728380384433,-0.0876213808735351
1.75,0.00332857825397639,-0.0878444302141289
1.7505,0.00879490221340746,-0.0880674795547227
1.751,0.0141831685810448,-0.0882905288953165
1.7515,0.0194455507076524,-0.0885135782359103
1.752,0.0245353393004856,-0.0887366275765041
1.7525,0.0294073570187846,-0.088959676917098
1.753,0.0340183594706415,-0.0891827262576918
1.7535,0.0383274190534946,-0.0894057755982856
1.754,0.0422962882306961,-0.0896288249388794
1.7545,0.0458897390184431,-0.0898518742794732
1.755,0.049075875673691,-0.090074923620067
1.7555,0.0518264178013138,-0.0902979729606608
1.756,0.0541169513730344,-0.0905210223012546
1.7565,0.0559271454299986,-0.0907440716418484
1.757,0.0572409325390728,-0.0909671209824422
1.7575,0.0580466514109929,-0.091190170323036
1.758,0.0583371504058575,-0.0914132196636298
1.7585,0.0581098510107612,-0.0916362690042236
1.759,0.0573667707291725,-0.0918593183448174
1.7595,0.0561145051713574,-0.0920823676854112
1.76,0.0543641695120359,-0.092305417026005
1.7605,0.052131299832134,-0.0925284663665989
1.761,0.049435715217571,-0.0927515157071927
1.7615,0.0463013418467828,-0.0929745650477865
1.762,0.0427560006172676,-0.0931976143883802
1.7625,0.0388311602063391,-0.0934206637289738
1.763,0.0345616577549724,-0.093643713069567
1.7635,0.0299853896472382,-0.0938667624101592
1.764,0.0251429751423684,-0.0940898117507492
1.7645,0.0200773958344974,-0.0943128610913353
1.765,0.0148336141443603,-0.0945359104319146
1.7655,0.0094581742308052,-0.0947589597724846
1.766,0.00399878886047552,-0.0949820091130438
1.7665,-0.00149608409316652,-0.0952050584535936
1.767,-0.00697767176600351,-0.0954281077941381
1.7675,-0.012397319214017,-0.0956511571346837
1.768,-0.0177069212784678,-0.0958742064752362
1.7685,-0.0228593495708901,-0.0960972558157989
1.769,-0.0278088707870161,-0.0963203051563721
1.7695,-0.0325115526398454,-0.0965433544969539
1.77,-0.0369256538056499,-0.0967664038375415
1.7705,-0.0410119944221583,-0.0969894531781324
1.771,-0.0447343038527271,-0.0972125025187251
1.7715,-0.0480595426267228,-0.0974355518593184
1.772,-0.0509581956996419,-0.0976586011999121
1.7725,-0.0534045344320267,-0.0978816505405058
1.773,-0.0553768449580947,-0.0981046998810996
1.7735,-0.0568576209190071,-0.0983277492216934
1.774,-0.0578337188515596,-0.0985507985622872
1.7745,-0.0582964748501622,-0.098773847902881
1.775,-0.058241781468149,-0.0989968972434749
1.7755,-0.0576701241759896,-0.0992199465840687
1.776,-0.0565865770524241,-0.0994429959246625
1.7765,-0.0550007577463985,-0.0996660452652563
1.777,-0.0529267421100202,-0.0998890946058501
1.7775,-0.0503829392612401,-0.100112143946444
1.778,-0.0473919281821466,-0.100335193287038
1.7785,-0.0439802573069749,-0.100558242627631
1.779,-0.0401782088759193,-0.100781291968225
1.7795,-0.0360195301490571,-0.101004341308819
1.78,-0.0315411338620518,-0.101227390649413
1.7805,-0.0267827705862559,-0.101450439990007
1.781,-0.0217866759008131,-0.101673489330601
1.7815,-0.0165971955056489,-0.101896538671194
1.782,-0.0112603916066712,-0.102119588011788
1.7825,-0.00582363406382331,-0.102342637352382
1.783,-0.000335179933280087,-0.102565686692976
1.7835,0.00515625486556507,-0.10278873603357
1.784,0.010601927956586,-0.103011785374163
1.7845,0.0159535031466211,-0.103234834714757
1.785,0.0211634794623224,-0.103457884055351
1.7855,0.0261856127711598,-0.103680933395945
1.786,0.0309753262475117,-0.103903982736539
1.7865,0.0354901060409102,-0.104127032077132
1.787,0.0396898786305159,-0.104350081417726
1.7875,0.0435373665216042,-0.10457313075832
1.788,0.0469984191230194,-0.104796180098914
1.7885,0.0500423158698966,-0.105019229439508
1.789,0.0526420389022435,-0.105242278780101
1.7895,0.0547745128764634,-0.105465328120695
1.79,0.0564208097847638,-0.105688377461289
1.7905,0.0575663169613634,-0.105911426801883
1.791,0.0582008667849268,-0.106134476142477
1.7915,0.0583188269277832,-0.10635752548307
1.792,0.0579191503484237,-0.106580574823664
1.7925,0.0570053845860979,-0.106803624164258
1.793,0.0555856402714674,-0.107026673504852
1.7935,0.0536725191365987,-0.107249722845446
1.794,0.0512830021615562,-0.107472772186039
1.7945,0.0484382988497205,-0.107695821526633
1.795,0.0451636589703501,-0.107918870867227
1.7955,0.0414881484408414,-0.108141920207821
1.796,0.0374443913349781,-0.108364969548414
1.7965,0.0330682803088902,-0.108588018889007
1.797,0.0283986580169166,-0.108811068229599
1.7975,0.023476972340361,-0.109034117570187
1.798,0.0183469084926822,-0.109257166910771
1.7985,0.0130540012679177,-0.109480216251347
1.799,0.00764523086973018,-0.109703265591912
1.7995,0.00216860591147302,-0.109926314932466
1.8,-0.00332726271017255,-0.110149364273011
1.8005,-0.00879359329062904,-0.110372413613552
1.801,-0.0141818663063536,-0.110595462954097
1.8015,-0.0194442550775977,-0.110818512294651
1.802,-0.0245340502818381,-0.111041561635216
1.8025,-0.0294060745482083,-0.111264610975791
1.803,-0.0340170834564658,-0.111487660316375
1.8035,-0.0383261493754113,-0.111710709656964
1.804,-0.0422950247420051,-0.111933758997555
1.8045,-0.0458884815477021,-0.112156808338148
1.805,-0.0490746240244493,-0.112379857678741
1.8055,-0.0518251717560519,-0.112602907019335
1.806,-0.0541157106943082,-0.112825956359929
1.8065,-0.0559259098624725,-0.113049005700523
1.807,-0.0572397018124601,-0.113272055041116
1.8075,-0.0580454252416027,-0.11349510438171
1.808,-0.0583359285000137,-0.113718153722304
1.8085,-0.0581086330667914,-0.113941203062898
1.809,-0.05736555644029,-0.114164252403492
1.8095,-0.0561132942284278,-0.114387301744085
1.81,-0.0543629616059718,-0.114610351084679
1.8105,-0.0521300946569939,-0.114833400425273
1.811,-0.049434512473154,-0.115056449765867
1.8115,-0.0463001412402755,-0.115279499106461
1.812,-0.0427548018666789,-0.115502548447055
1.8125,-0.038829963042855,-0.115725597787648
1.813,-0.0345604619242542,-0.115948647128242
1.8135,-0.0299841949125236,-0.116171696468836
1.814,-0.0251417812861701,-0.11639474580943
1.8145,-0.020076202659779,-0.116617795150024
1.815,-0.0148324214760785,-0.116840844490617
1.8155,-0.00945698191804157,-0.117063893831211
1.816,-0.00399759677683761,-0.117286943171805
1.8165,0.00149727604889684,-0.117509992512399
1.817,0.00697886366815732,-0.117733041852993
1.8175,0.0123985111109274,-0.117956091193586
1.818,0.0177081131915819,-0.11817914053418
1.8185,0.0228605414945802,-0.118402189874774
1.819,0.0278100626897593,-0.118625239215368
1.8195,0.0325127444642621,-0.118848288555962
1.82,0.0369268454692121,-0.119071337896555
1.8205,0.0410131858181206,-0.119294387237149
1.821,0.0447354948516992,-0.119517436577743
1.8215,0.0480607330776618,-0.119740485918337
1.822,0.0509593854317565,-0.119963535258931
1.8225,0.0534057232561065,-0.120186584599524
1.823,0.0553780326684599,-0.120409633940118
1.8235,0.0568588072960442,-0.120632683280712
1.824,0.057834903663076,-0.120855732621306
1.8245,0.058297657854285,-0.1210787819619
1.825,0.0582429624148507,-0.121301831302493
1.8255,0.0576713028102823,-0.121524880643087
1.826,0.0565877531161874,-0.121747929983681
1.8265,0.055001930980036,-0.121970979324275
1.827,0.052927912256976,-0.122194028664869
1.8275,0.0503841060682199,-0.122417078005463
1.828,0.0473930914016561,-0.122640127346056
1.8285,0.0439814167008582,-0.12286317668665
1.829,0.0401793642164856,-0.123086226027244
1.8295,0.0360206812207792,-0.123309275367837
1.83,0.0315422804640655,-0.12353232470843
1.8305,0.026783912533983,-0.12375537404902
1.831,0.0217878130273339,-0.123978423389607
1.8315,0.0165983276631289,-0.124201472730188
1.832,0.0112615186678239,-0.124424522070759
1.8325,0.00582475592266891,-0.124647571411319
1.833,0.000336296506071321,-0.124870620751867
1.8335,-0.00515514363939919,-0.125093670092407
1.834,-0.0106008221145689,-0.125316719432947
1.8345,-0.0159524027027764,-0.125539768773492
1.835,-0.0211623844068215,-0.125762818114047
1.8355,-0.0261845230709644,-0.125985867454615
1.836,-0.0309742418469093,-0.126208916795192
1.8365,-0.0354890268613281,-0.126431966135778
1.837,-0.0396888045721627,-0.126655015476367
1.8375,-0.0435362974644206,-0.126878064816959
1.838,-0.0469973549271063,-0.127101114157552
1.8385,-0.0500412563772745,-0.127324163498146
1.839,-0.0526409839382333,-0.12754721283874
1.8395,-0.054773462252026,-0.127770262179333
1.84,-0.0564197632971272,-0.127993311519927
1.8405,-0.0575652743961699,-0.128216360860521
1.841,-0.0581998279185927,-0.128439410201115
1.8415,-0.0583177915288074,-0.128662459541709
1.842,-0.0579181181806079,-0.128885508882302
1.8425,-0.0570043554089013,-0.129108558222896
1.843,-0.0555846138434692,-0.12933160756349
1.8435,-0.053671495217646,-0.129554656904084
1.844,-0.0512819805133375,-0.129777706244678
1.8445,-0.0484372792391592,-0.130000755585271
1.845,-0.0451626411716164,-0.130223804925865
1.8455,-0.0414871322362736,-0.130446854266459
1.846,-0.037443376517622,-0.130669903607053
1.8465,-0.033067266684239,-0.130892952947647
1.847,-0.0283976454039328,-0.131116002288241
1.8475,-0.0234759605731073,-0.131339051628834
1.848,-0.0183458974221491,-0.131562100969428
1.8485,-0.0130529907624701,-0.131785150310022
1.849,-0.00764422081633259,-0.132008199650616
1.8495,-0.00216759621676014,-0.13223124899121
1.85,0.00332827211979426,-0.132454298331803
1.8505,0.00879460246805752,-0.132677347672397
1.851,0.0141828752838232,-0.132900397012991
1.8515,0.019445263866384,-0.133123446353585
1.852,0.0245350588727415,-0.133346495694179
1.8525,0.0294070829112762,-0.133569545034772
1.853,0.0340180915418496,-0.133792594375366
1.8535,0.0383271571147345,-0.13401564371596
1.854,0.0422960320471599,-0.134238693056554
1.8545,0.045889488313661,-0.134461742397148
1.855,0.0490756301298516,-0.134684791737741
1.8555,0.0518261770641027,-0.134907841078335
1.856,0.0541167150546443,-0.135130890418929
1.8565,0.0559269131120708,-0.135353939759523
1.857,0.0572407037783172,-0.135576989100117
1.8575,0.0580464257409245,-0.13580003844071
1.858,0.0583369273427389,-0.136023087781304
1.8585,0.0581096300581475,-0.136246137121898
1.859,0.0573665513808949,-0.136469186462492
1.8595,0.0561142869170629,-0.136692235803086
1.86,0.0543639518420025,-0.136915285143679
1.8605,0.0521310822411853,-0.137138334484273
1.861,0.0494354972099483,-0.137361383824867
1.8615,0.0463011229395911,-0.137584433165461
1.862,0.0427557803453567,-0.137807482506055
1.8625,0.0388309381266033,-0.138030531846648
1.863,0.0345614334488342,-0.138253581187241
1.8635,0.029985162725506,-0.138476630527833
1.864,0.0251427452477085,-0.138699679868423
1.8645,0.0200771626443148,-0.138922729209007
1.865,0.0148333773737643,-0.139145778549584
1.8655,0.00945793363448982,-0.139368827890151
1.866,0.00399854423474749,-0.139591877230704
1.8665,-0.0014963329091229,-0.139814926571247
1.867,-0.00697792488854769,-0.140037975911784
1.8675,-0.0123975767150082,-0.140261025252321
1.868,-0.0177071831846038,-0.140484074592867
1.8685,-0.0228596158635437,-0.140707123933425
1.869,-0.0278091414035361,-0.140930173273995
1.8695,-0.0325118274741174,-0.141153222614575
1.87,-0.0369259327085885,-0.141376271955161
1.8705,-0.0410122772045202,-0.141599321295752
1.871,-0.0447345902868933,-0.141822370636344
1.8715,-0.0480598324477052,-0.142045419976937
1.872,-0.0509584886099967,-0.142268469317531
1.8725,-0.0534048301030645,-0.142491518658125
1.873,-0.0553771430328281,-0.142714567998719
1.8735,-0.0568579210172159,-0.142937617339312
1.874,-0.0578340205713911,-0.143160666679906
1.8745,-0.0582967777734237,-0.1433837160205
1.875,-0.0582420851633091,-0.143606765361094
1.8755,-0.0576704282016474,-0.143829814701688
1.876,-0.0565868809627597,-0.144052864042281
1.8765,-0.055001061094157,-0.144275913382875
1.877,-0.0529270444505492,-0.144498962723469
1.8775,-0.0503832401562804,-0.144722012064063
1.878,-0.0473922272043955,-0.144945061404657
1.8785,-0.043980554042979,-0.14516811074525
1.879,-0.0401785029304986,-0.145391160085844
1.8795,-0.0360198211478294,-0.145614209426438
1.88,-0.0315414214546283,-0.145837258767032
1.8805,-0.0267830544499707,-0.146060308107626
1.881,-0.0217869557426492,-0.146283357448219
1.8815,-0.0165974710650927,-0.146506406788813
1.882,-0.0112606626573251,-0.146729456129407
1.8825,-0.00582390041550137,-0.146952505470001
1.883,-0.000335441433443889,-0.147175554810595
1.8835,0.00515599833102452,-0.147398604151188
1.884,0.0106016764621436,-0.147621653491782
1.8845,0.0159532567273961,-0.147844702832376
1.885,0.021163238113275,-0.14806775217297
1.8855,0.0261853764479445,-0.148290801513564
1.886,0.0309750948673183,-0.148513850854158
1.8865,0.0354898794827778,-0.148736900194751
1.887,0.0396896567372522,-0.148959949535345
1.8875,0.0435371491012142,-0.149182998875939
1.888,0.0469982059508635,-0.149406048216533
1.8885,0.0500421066903981,-0.149629097557127
1.889,0.0526418334317573,-0.14985214689772
1.8895,0.0547743108061765,-0.150075196238314
1.89,0.0564206107829418,-0.150298245578908
1.8905,0.0575661206774244,-0.150521294919502
1.891,0.0582006728515213,-0.150744344260096
1.8915,0.0583186349648793,-0.150967393600689
1.892,0.0579189599672108,-0.151190442941283
1.8925,0.0570051953908233,-0.151413492281877
1.893,0.0555854518644892,-0.151636541622471
1.8935,0.0536723311218373,-0.151859590963065
1.894,0.0512828141468487,-0.152082640303658
1.8945,0.048438110451091,-0.152305689644252
1.895,0.0451634698158662,-0.152528738984846
1.8955,0.0414879581723141,-0.15275178832544
1.896,0.0374441996120336,-0.152974837666033
1.8965,0.033068086812261,-0.153197887006626
1.897,0.02839846244969,-0.153420936347217
1.8975,0.0234767744312828,-0.153643985687805
1.898,0.018346707998702,-0.153867035028387
1.8985,0.0130537979752819,-0.15409008436896
1.899,0.00764502459605117,-0.15431313370952
1.8995,0.00216839650753861,-0.154536183050067
1.9,-0.00332747536036435,-0.154759232390605
1.9005,-0.00879380926838404,-0.154982281731138
1.901,-0.0141820856576921,-0.155205331071675
1.9015,-0.0194444778137644,-0.155428380412222
1.902,-0.0245342763789848,-0.155651429752782
1.9025,-0.0294063039480772,-0.155874479093355
1.903,-0.0340173160669748,-0.156097528433937
1.9035,-0.0383263850722191,-0.156320577774525
1.904,-0.0422952633691646,-0.156543627115116
1.9045,-0.0458887229198378,-0.156766676455709
1.905,-0.0490748679283015,-0.156989725796302
1.9055,-0.0518254179527083,-0.157212775136896
1.906,-0.0541159589220531,-0.15743582447749
1.9065,-0.055926159837896,-0.157658873818083
1.907,-0.0572399532347454,-0.157881923158677
1.9075,-0.0580456777941501,-0.158104972499271
1.908,-0.0583361818537984,-0.158328021839865
1.9085,-0.0581088868840044,-0.158551071180459
1.909,-0.0573658103759695,-0.158774120521052
1.9095,-0.056113547935009,-0.158997169861646
1.91,-0.0543632147353895,-0.15922021920224
1.9105,-0.0521303468638062,-0.159443268542834
1.911,-0.0494347634189014,-0.159666317883428
1.9115,-0.0463003905947344,-0.159889367224021
1.912,-0.0427550493117322,-0.160112416564615
1.9125,-0.0388302082752193,-0.160335465905209
1.913,-0.0345607046572566,-0.160558515245803
1.9135,-0.0299844348795787,-0.160781564586397
1.914,-0.0251420182419671,-0.16100461392699
1.9145,-0.0200764363831393,-0.161227663267584
1.915,-0.0148326517719362,-0.161450712608178
1.9155,-0.00945720861745184,-0.161673761948772
1.916,-0.00399781973988282,-0.161896811289366
1.9165,0.00149705693243583,-0.162119860629959
1.917,0.00697864847879299,-0.162342909970553
1.9175,0.0123982998980085,-0.162565959311147
1.918,0.0177079059734649,-0.162789008651741
1.9185,0.0228603382589634,-0.163012057992335
1.919,0.0278098633937003,-0.163235107332929
1.9195,0.0325125490345784,-0.163458156673522
1.92,0.0369266538038344,-0.163681206014116
1.9205,0.0410129977870329,-0.16390425535471
1.921,0.0447353102978469,-0.164127304695304
1.9215,0.0480605518189682,-0.164350354035898
1.922,0.0509592072631058,-0.164573403376491
1.9225,0.0534055479512473,-0.164796452717085
1.923,0.0553778599814874,-0.165019502057679
1.9235,0.0568586369641566,-0.165242551398273
1.924,0.0578347354093897,-0.165465600738867
1.9245,0.0582974913894634,-0.16568865007946
1.925,0.0582427974407452,-0.165911699420054
1.9255,0.0576711390220731,-0.166134748760648
1.926,0.0565875902051441,-0.166357798101242
1.9265,0.0550017686370973,-0.166580847441836
1.927,0.0529277501735867,-0.166803896782429
1.9275,0.050383943940417,-0.167026946123023
1.928,0.0473929289330922,-0.167249995463617
1.9285,0.0439812536040189,-0.167473044804211
1.929,0.0401792002163977,-0.167696094144804
1.9295,0.0360205160564594,-0.167919143485398
1.93,0.0315421138912294,-0.16814219282599
1.9305,0.0267837443269929,-0.16836524216658
1.931,0.0217876429807474,-0.168588291507166
1.9315,0.0165981555938443,-0.168811340847744
1.932,0.0112613444157471,-0.169034390188312
1.9325,0.00582457935308355,-0.169257439528866
1.933,0.00033611750957214,-0.169480488869407
1.9335,-0.00515532514589659,-0.169703538209939
1.934,-0.0106010061865098,-0.16992658755047
1.9345,-0.0159525893688896,-0.170149636891007
1.935,-0.0211625736683634,-0.170372686231556
1.9355,-0.0261847149018815,-0.170595735572119
1.936,-0.0309744361943366,-0.170818784912694
1.9365,-0.035489223647112,-0.171041834253278
1.937,-0.0396890036925537,-0.171264883593867
1.9375,-0.0435364987912633,-0.171487932934459
1.938,-0.0469975583100442,-0.171710982275052
1.9385,-0.0500414616447034,-0.171934031615645
1.939,-0.0526411908994971,-0.172157080956239
1.9395,-0.0547736706978597,-0.172380130296833
1.94,-0.0564199730034614,-0.172603179637427
1.9405,-0.0575654851249254,-0.17282622897802
1.941,-0.0582000394205491,-0.173049278318614
1.9415,-0.0583180035462403,-0.173272327659208
1.942,-0.0579183304477125,-0.173495376999802
1.9425,-0.0570045676576915,-0.173718426340396
1.943,-0.055584825801697,-0.17394147568099
1.9435,-0.0536717066154281,-0.174164525021583
1.944,-0.0512821910836216,-0.174387574362177
1.9445,-0.0484374887186222,-0.174610623702771
1.945,-0.0451628493078522,-0.174833673043365
1.9455,-0.0414873387813768,-0.175056722383959
1.946,-0.0374435812422121,-0.175279771724552
1.9465,-0.0330674693671698,-0.175502821065146
1.947,-0.0283978458420934,-0.17572587040574
1.9475,-0.0234761585840377,-0.175948919746334
1.948,-0.0183460928323829,-0.176171969086928
1.9485,-0.0130531834349029,-0.176395018427521
1.949,-0.00764441061612457,-0.176618067768115
1.9495,-0.00216778304841072,-0.176841117108709
1.95,0.00332808833642972,-0.177064166449303
1.9505,0.00879442179732893,-0.177287215789897
1.951,0.0141826977390104,-0.17751026513049
1.9515,0.0194450894811134,-0.177733314471084
1.952,0.0245348876028541,-0.177956363811678
1.9525,0.0294069147373114,-0.178179413152272
1.953,0.0340179263971386,-0.178402462492866
1.9535,0.0383269948914912,-0.178625511833459
1.954,0.0422958726878639,-0.178848561174053
1.9545,0.0458893316190837,-0.179071610514647
1.955,0.0490754760305036,-0.179294659855241
1.9555,0.0518260253357109,-0.179517709195835
1.956,0.0541165655308305,-0.179740758536428
1.9565,0.0559267656521378,-0.179963807877022
1.957,0.0572405580411439,-0.180186857217616
1.9575,0.0580462817049457,-0.18040990655821
1.958,0.0583367845618725,-0.180632955898804
1.9585,0.058109488472851,-0.180856005239398
1.959,0.0573664107005889,-0.181079054579991
1.9595,0.0561141467636745,-0.181302103920585
1.96,0.0543638123306305,-0.181525153261179
1.9605,0.0521309425908513,-0.181748202601773
1.961,0.0494353578010959,-0.181971251942367
1.9615,0.0463009830352408,-0.18219430128296
1.962,0.0427556399057124,-0.182417350623554
1.9625,0.0388307972796438,-0.182640399964148
1.963,0.0345612910401951,-0.182863449304741
1.9635,0.0299850200584428,-0.183086498645332
1.964,0.0251426004216366,-0.183309547985921
1.9645,0.0200770169748762,-0.183532597326504
1.965,0.0148332301207816,-0.183755646667079
1.9655,0.0094577838535573,-0.18397869600764
1.966,0.00399839437246957,-0.184201745348187
1.9665,-0.00149648702074142,-0.184424794688722
1.967,-0.00697807845953507,-0.184647844029249
1.9675,-0.0123977340319001,-0.184870893369778
1.968,-0.0177073423192675,-0.185093942710316
1.9685,-0.0228597748497511,-0.185316992050868
1.969,-0.027809306989035,-0.185540041391434
1.9695,-0.0325119884081491,-0.185763090732012
1.97,-0.0369261024984708,-0.185986140072597
1.9705,-0.0410124435309543,-0.186209189413187
1.971,-0.0447347591875258,-0.186432238753779
1.9715,-0.0480600083279026,-0.186655288094372
1.972,-0.050958653374516,-0.186878337434966
1.9725,-0.0534050142463349,-0.18710138677556
1.973,-0.0553773084570389,-0.187324436116154
1.9735,-0.0568581026624686,-0.187547485456747
1.974,-0.0578341991648465,-0.187770534797341
1.9745,-0.0582969431164134,-0.187993584137935
1.975,-0.0582422844767196,-0.188216633478529
1.9755,-0.0576705775994497,-0.188439682819123
1.976,-0.0565870860610802,-0.188662732159716
1.9765,-0.0550012211448967,-0.18888578150031
1.977,-0.0529272177676747,-0.189108830840904
1.9775,-0.050383447159085,-0.189331880181498
1.978,-0.0473923429704339,-0.189554929522092
1.9785,-0.0439808064224316,-0.189777978862685
1.979,-0.0401785969809772,-0.190001028203279
1.9795,-0.0360200437668029,-0.190224077543873
1.98,-0.0315415949331526,-0.190447126884467
1.9805,-0.0267831412347782,-0.190670176225061
1.981,-0.0217872821713177,-0.190893225565655
1.9815,-0.0165974167427303,-0.191116274906248
1.982,-0.0112610470972778,-0.191339324246842
1.9825,-0.00582390578676451,-0.191562373587436
1.983,-0.000335601467599434,-0.19178542292803
1.9835,0.00515563501462668,-0.192008472268624
1.984,0.0106019600959293,-0.192231521609217
1.9845,0.0159525036341222,-0.192454570949811
1.985,0.0211637237016267,-0.192677620290405
1.9855,0.0261847767901894,-0.192900669630999
1.986,0.0309750025868519,-0.193123718971593
1.9865,0.0354902768848423,-0.193346768312186
1.987,0.0396883429356947,-0.19356981765278
1.9875,0.0435386840524774,-0.193792866993374
1.988,0.0469962837902995,-0.194015916333968
1.9885,0.0500433169935171,-0.194238965674562
1.989,0.0526414531109414,-0.194462015015155
1.9895,0.0547728163191711,-0.194685064355749
1.99,0.0564236562610773,-0.194908113696343
1.9905,0.0575613788459541,-0.195131163036937
1.991,0.0582056103519495,-0.195354212377531
1.9915,0.0583145742251129,-0.195577261718124
1.992,0.0579198346975239,-0.195800311058718
1.9925,0.0570085654594812,-0.196023360399312
1.993,0.0555767465492099,-0.196246409739906
1.9935,0.0536849521557442,-0.1964694590805
1.994,0.0512685691036812,-0.196692508421093
1.9945,0.0484491804483606,-0.196915557761687
1.995,0.0451599912318907,-0.197138607102281
1.9955,0.0414793465695584,-0.197361656442875
1.996,0.037465882394159,-0.197584705783468
1.9965,0.0330350220120011,-0.197807755124061
1.997,0.0284373945469726,-0.198030804464651
1.9975,0.0234397533639263,-0.198253853805238
1.998,0.0183700471675372,-0.198476903145818
1.9985,0.01306863285946,-0.198699952486388
1.999,0.0075740205725131,-0.198923001826943
1.9995,0.00226879683198547,-0.199146051167483
2,-0.00353393084390077,-0.199369100508012
