0,0
0.000125,0
0.00025,0
0.000375,0
0.0005,0
0.000625,0
0.00075,0
0.000875,0
0.001,0
0.001125,0
0.00125,0
0.001375,0
0.0015,0
0.001625,0
0.00175,0
0.001875,0
0.002,0
0.002125,0
0.00225,0
0.002375,0
0.0025,0
0.002625,0
0.00275,0
0.002875,0
0.003,0
0.003125,0
0.00325,0
0.003375,0
0.0035,0
0.003625,0
0.00375,0
0.003875,0
0.004,0
0.004125,0
0.00425,0
0.004375,0
0.0045,0
0.004625,0
0.00475,0
0.004875,0
0.005,0
0.005125,0
0.00525,0
0.005375,0
0.0055,0
0.005625,0
0.00575,0
0.005875,0
0.006,0
0.006125,0
0.00625,0
0.006375,0
0.0065,0
0.006625,0
0.00675,0
0.006875,0
0.007,0
0.007125,0
0.00725,0
0.007375,0
0.0075,0
0.007625,0
0.00775,0
0.007875,0
0.008,0
0.008125,0
0.00825,0
0.008375,0
0.0085,0
0.008625,0
0.00875,0
0.008875,0
0.009,0
0.009125,0
0.00925,0
0.009375,0
0.0095,0
0.009625,0
0.00975,0
0.009875,0
0.01,0
0.010125,0
0.01025,0
0.010375,0
0.0105,0
0.010625,0
0.01075,0
0.010875,0
0.011,0
0.011125,2.09022752182077e-14
0.01125,1.93190460305718e-13
0.011375,7.39573824290872e-13
0.0115,1.96027712767933e-12
0.011625,4.23268010099511e-12
0.01175,8.01091484181388e-12
0.011875,1.38254214323635e-11
0.012,2.22824621023703e-11
0.012125,3.40637290348074e-11
0.01225,4.99263483695776e-11
0.012375,7.07021602857295e-11
0.0125,9.72969762043022e-11
0.012625,1.30689888998296e-10
0.01275,1.71932543886066e-10
0.012875,2.2214837048609e-10
0.013,2.82531776531738e-10
0.013125,3.54347435385769e-10
0.01325,4.3892996306063e-10
0.013375,5.37682890818133e-10
0.0135,6.52077618282647e-10
0.013625,7.8365242136456e-10
0.01375,9.34011424985511e-10
0.013875,1.10482354124097e-09
0.014,1.29782137365377e-09
0.014125,1.51480020542849e-09
0.01425,1.75761733530947e-09
0.014375,2.0281907868559e-09
0.0145,2.32849800143271e-09
0.014625,2.6605745813013e-09
0.01475,3.02651300284134e-09
0.014875,3.42846130067322e-09
0.015,3.86862172346538e-09
0.015125,4.34924945339755e-09
0.01525,4.87265159455226e-09
0.015375,5.44118567291884e-09
0.0155,6.05725812289642e-09
0.015625,6.72332281219791e-09
0.01575,7.44187954324284e-09
0.015875,8.21547253191429e-09
0.016,9.04668886456566e-09
0.016125,9.93830078876018e-09
0.01625,1.0893874440691e-08
0.016375,1.19176487959974e-08
0.0165,1.301443281002e-08
0.016625,1.41896012984958e-08
0.01675,1.54490905124057e-08
0.016875,1.67993934099981e-08
0.017,1.8247554629181e-08
0.017125,1.98011660990087e-08
0.01725,2.1468365391415e-08
0.017375,2.32578290387586e-08
0.0175,2.51787656844627e-08
0.017625,2.72409095944714e-08
0.01775,2.9454513889611e-08
0.017875,3.18303435031298e-08
0.018,3.43796678678376e-08
0.018125,3.71142541975492e-08
0.01825,4.00463632964526e-08
0.018375,4.31887407487701e-08
0.0185,4.65546079659551e-08
0.018625,5.01576535781544e-08
0.01875,5.4012024582933e-08
0.018875,5.81323172566263e-08
0.019,6.25335678338028e-08
0.019125,6.72312436622622e-08
0.01925,7.22412364131573e-08
0.019375,7.75798515161254e-08
0.0195,8.32637974744475e-08
0.019625,8.93101754592564e-08
0.01975,9.57364687057181e-08
0.019875,1.02560531717437e-07
0.02,1.09800579285432e-07
0.020125,1.17475175787716e-07
0.02025,1.25603225806677e-07
0.020375,1.34203962249113e-07
0.0205,1.43296934365269e-07
0.020625,1.52901995930969e-07
0.02075,1.63039293283258e-07
0.020875,1.73729253216441e-07
0.021,1.84992570745514e-07
0.021125,1.96850579622516e-07
0.02125,2.09326864239638e-07
0.021375,2.22446929122816e-07
0.0215,2.36237916781755e-07
0.021625,2.50728588312966e-07
0.02175,2.65949303142334e-07
0.021875,2.81931997920044e-07
0.022,2.98710164581171e-07
0.022125,3.1631882981561e-07
0.02225,3.34794540962316e-07
0.022375,3.54175339799358e-07
0.0225,3.74500735839335e-07
0.022625,3.95811680394187e-07
0.02275,4.1815053988982e-07
0.022875,4.41561068446733e-07
0.023,4.6608837974325e-07
0.023125,4.91778919921774e-07
0.02325,5.18680445465268e-07
0.023375,5.46841991563685e-07
0.0235,5.76313840053547e-07
0.023625,6.07147487925238e-07
0.02375,6.3939561521621e-07
0.023875,6.73112052309042e-07
0.024,7.08351746653619e-07
0.024125,7.45170729950454e-07
0.02425,7.83626088096799e-07
0.024375,8.23775925454559e-07
0.0245,8.65679328750818e-07
0.024625,9.09396331201282e-07
0.02475,9.54987876176818e-07
0.024875,1.00251578043412e-06
0.025,1.05204269693167e-06
0.025125,1.10363207731335e-06
0.02525,1.15734813421781e-06
0.025375,1.2132558029289e-06
0.0255,1.27142070270578e-06
0.025625,1.33190909784875e-06
0.02575,1.39478785848108e-06
0.025875,1.46012442106922e-06
0.026,1.52798674870352e-06
0.026125,1.59844402019287e-06
0.02625,1.6715696828878e-06
0.026375,1.74744080704464e-06
0.0265,1.82613753231336e-06
0.026625,1.90774301458587e-06
0.02675,1.99234337127312e-06
0.026875,2.08002762504416e-06
0.027,2.17088764606126e-06
0.027125,2.26501809505807e-06
0.02725,2.36251637248125e-06
0.027375,2.46348255450622e-06
0.0275,2.56801932798533e-06
0.027625,2.676231925661e-06
0.02775,2.78822806009018e-06
0.027875,2.90411785631912e-06
0.028,3.02401378334838e-06
0.028125,3.14803058522177e-06
0.02825,3.27628521356061e-06
0.028375,3.40889675498358e-06
0.0285,3.54598635758165e-06
0.028625,3.68767715693488e-06
0.02875,3.83409420116741e-06
0.028875,3.98536437508402e-06
0.029,4.1416163234322e-06
0.029125,4.30298037216269e-06
0.02925,4.46958844510754e-06
0.029375,4.64157398585712e-06
0.0295,4.81907187879323e-06
0.029625,5.00221836866827e-06
0.02975,5.19115097958244e-06
0.029875,5.38600843340506e-06
0.03,5.58693056768626e-06
0.030125,5.79405824956178e-06
0.03025,6.00753327775005e-06
0.030375,6.22749830215721e-06
0.0305,6.45409674271071e-06
0.030625,6.68747270548422e-06
0.03075,6.92777089860105e-06
0.030875,7.17513654796295e-06
0.031,7.42971531285142e-06
0.031125,7.69165437226909e-06
0.03125,7.96110730769896e-06
0.031375,8.2382330464415e-06
0.0315,8.52319495320171e-06
0.031625,8.81616072556313e-06
0.03175,9.11730228725843e-06
0.031875,9.4267956792996e-06
0.032,9.74482094903241e-06
0.032125,1.0071562035618e-05
0.03225,1.04072066485042e-05
0.032375,1.07519461519464e-05
0.0325,1.11059754475216e-05
0.032625,1.1469492853831e-05
0.03275,1.18426999845364e-05
0.032875,1.22258016248015e-05
0.033,1.26190056062085e-05
0.033125,1.30225226754582e-05
0.03325,1.34365663462361e-05
0.033375,1.38613527739515e-05
0.0335,1.42971006286423e-05
0.033625,1.47440309634502e-05
0.03375,1.52023670820259e-05
0.033875,1.56723344049368e-05
0.034,1.6154160335155e-05
0.034125,1.66480741140948e-05
0.03425,1.71543066489787e-05
0.034375,1.7673090383169e-05
0.0345,1.82046591647972e-05
0.034625,1.87492481089499e-05
0.03475,1.9307093459413e-05
0.034875,1.98784324500528e-05
0.035,2.04635031659114e-05
0.035125,2.10625443910975e-05
0.03525,2.16757954144096e-05
0.035375,2.23034959008286e-05
0.0355,2.29458857613895e-05
0.035625,2.36032050142327e-05
0.03575,2.42756936458604e-05
0.035875,2.49635914726726e-05
0.036,2.56671380028614e-05
0.036125,2.63865739920199e-05
0.03625,2.71221484898253e-05
0.036375,2.78741172974789e-05
0.0365,2.86427416401226e-05
0.036625,2.94282880024428e-05
0.03675,3.02310279616716e-05
0.036875,3.10512380180821e-05
0.037,3.18891994230776e-05
0.037125,3.27451979932503e-05
0.03725,3.3619523884222e-05
0.037375,3.45124714218493e-05
0.0375,3.54243389299453e-05
0.037625,3.63554285480544e-05
0.03775,3.73060460474598e-05
0.037875,3.82765006455264e-05
0.038,3.92671048184862e-05
0.038125,4.02781740957872e-05
0.03825,4.13100267980174e-05
0.038375,4.23629838597652e-05
0.0385,4.34373686492033e-05
0.038625,4.45335067749913e-05
0.03875,4.56517258923047e-05
0.038875,4.67923555080967e-05
0.039,4.79557267857051e-05
0.039125,4.91421723259008e-05
0.03925,5.03520258728887e-05
0.039375,5.15856221367085e-05
0.0395,5.28432966125046e-05
0.039625,5.41253853838925e-05
0.03975,5.54322249263718e-05
0.039875,5.67641519108965e-05
0.04,5.812150300771e-05
0.040125,5.95046146609054e-05
0.04025,6.09138227673307e-05
0.040375,6.2349462506485e-05
0.0405,6.38118681673593e-05
0.040625,6.53013729557239e-05
0.04075,6.68183088023841e-05
0.040875,6.83630061725073e-05
0.041,6.99357938761256e-05
0.041125,7.15370011577109e-05
0.04125,7.31669671730044e-05
0.041375,7.48260389123462e-05
0.0415,7.65145694138843e-05
0.041625,7.82329175421922e-05
0.04175,7.99814477640793e-05
0.041875,8.17605299217226e-05
0.042,8.35705390032524e-05
0.042125,8.5411854882084e-05
0.04225,8.72848619604598e-05
0.042375,8.91899489571341e-05
0.0425,9.11275086893951e-05
0.042625,9.3097937833412e-05
0.04275,9.51016366829007e-05
0.042875,9.71390089062431e-05
0.043,9.92104613022e-05
0.043125,0.000101316403518226
0.04325,0.000103457247650513
0.043375,0.000105633408026304
0.0435,0.000107845300980785
0.043625,0.000110093344608465
0.04375,0.000112377958514043
0.043875,0.000114699563562929
0.044,0.00011705858163153
0.044125,0.000119455435313217
0.04425,0.000121890547480908
0.044375,0.000124364341074254
0.0445,0.000126877238881551
0.044625,0.000129429663291757
0.04475,0.000132022036047204
0.044875,0.000134654777997134
0.045,0.00013732830885221
0.045125,0.000140043046887147
0.04525,0.000142799408472821
0.045375,0.000145597807878458
0.0455,0.000148438657068613
0.045625,0.000151322365465417
0.04575,0.000154249339712681
0.045875,0.000157219983441997
0.046,0.000160234697040951
0.046125,0.000163293880326733
0.04625,0.000166397944635707
0.046375,0.000169547310188169
0.0465,0.000172742403823144
0.046625,0.000175983658728956
0.04675,0.000179271514170786
0.046875,0.000182606415215392
0.047,0.000185988812453131
0.047125,0.000189419161665614
0.04725,0.000192897923322858
0.047375,0.000196425562341265
0.0475,0.000200002547832973
0.047625,0.00020362935281775
0.04775,0.000207306453933255
0.047875,0.000211034331143861
0.048,0.000214813467448184
0.048125,0.000218644348524629
0.04825,0.000222527462178616
0.048375,0.000226463298097781
0.0485,0.000230452347598836
0.048625,0.000234495103332198
0.04875,0.000238592058986429
0.048875,0.000242743708992673
0.049,0.000246950548229253
0.049125,0.000251213071655818
0.04925,0.000255531773718556
0.049375,0.000259907148114973
0.0495,0.00026433968755053
0.049625,0.000268829883447663
0.04975,0.000273378225656079
0.049875,0.000277985202164473
0.05,0.000282651298813836
0.050125,0.000287376998931225
0.05025,0.000292162782701887
0.050375,0.000297009126955733
0.0505,0.000301916504945727
0.050625,0.000306885386072824
0.05075,0.00031191623561358
0.050875,0.000317009514450559
0.051,0.000322165678805712
0.051125,0.00032738518352428
0.05125,0.000332668496864772
0.051375,0.000338016097296484
0.0515,0.000343428470749546
0.051625,0.000348906110303962
0.05175,0.000354449515875293
0.051875,0.000360059193897152
0.052,0.000365735657000692
0.052125,0.000371479423612183
0.05225,0.000377291017291462
0.052375,0.000383170966469199
0.0525,0.000389119804171891
0.052625,0.000395138067690478
0.05275,0.000401226298247234
0.052875,0.000407385040661112
0.053,0.000413614843011744
0.053125,0.000419916256212695
0.05325,0.000426289833293245
0.053375,0.000432736129133862
0.0535,0.000439255700189734
0.053625,0.000445849104152392
0.05375,0.000452516899611305
0.053875,0.000459259645715626
0.054,0.000466077901836272
0.054125,0.000472972227127501
0.05425,0.000479943179761581
0.054375,0.000486991316676902
0.0545,0.00049411719331439
0.054625,0.000501321363285821
0.05475,0.000508604378043785
0.054875,0.000515966786553486
0.055,0.000523409134966548
0.055125,0.000530931966183845
0.05525,0.000538535819053704
0.055375,0.000546221228146784
0.0555,0.000553988723519322
0.055625,0.000561838830401577
0.05575,0.000569772068889545
0.055875,0.00057778895364011
0.056,0.000585889993569811
0.056125,0.00059407569574719
0.05625,0.000602346582874832
0.056375,0.00061070318952096
0.0565,0.000619146058885557
0.056625,0.000627675742447237
0.05675,0.000636292799606202
0.056875,0.000644997797323504
0.057,0.000653791309756806
0.057125,0.000662673917783105
0.05725,0.000671646208162505
0.057375,0.000680708773255876
0.0575,0.000689862210725982
0.057625,0.000699107123160814
0.05775,0.000708444117694925
0.057875,0.000717873805628967
0.058,0.000727396802047666
0.058125,0.000737013725314725
0.05825,0.000746725196171998
0.058375,0.000756531837455062
0.0585,0.000766434273792675
0.058625,0.000776433131222192
0.05875,0.000786529036804938
0.058875,0.000796722618241761
0.059,0.000807014503488969
0.059125,0.000817405320240119
0.05925,0.000827895694971705
0.059375,0.00083848625267341
0.0595,0.000849177616562535
0.059625,0.000859970407707359
0.05975,0.000870865244652429
0.059875,0.000881862743045961
0.06,0.000892963515269574
0.060125,0.000904168169921965
0.06025,0.000915477310823517
0.060375,0.00092689153677758
0.0605,0.000938411441316064
0.060625,0.000950037612346337
0.06075,0.000961770631801929
0.060875,0.000973611075297218
0.061,0.000985559511786298
0.061125,0.000997616508037206
0.06125,0.00100978264871069
0.061375,0.00102205853203795
0.0615,0.00103444476611216
0.061625,0.00104694196848792
0.06175,0.00105955076577615
0.061875,0.00107227179323481
0.062,0.00108510569435561
0.062125,0.00109805312030263
0.06225,0.0011111147288794
0.062375,0.00112429118422492
0.0625,0.00113758315648829
0.062625,0.00115099132140143
0.06275,0.00116451635984967
0.062875,0.00117815895744015
0.063,0.00119191980406854
0.063125,0.00120579959332633
0.06325,0.00121979902139466
0.063375,0.00123391878673834
0.0635,0.00124815958977893
0.063625,0.00126252213245893
0.06375,0.0012770071178059
0.063875,0.00129161524949694
0.064,0.00130634723142349
0.064125,0.00132120376708428
0.06425,0.00133618555841889
0.064375,0.00135129330551905
0.0645,0.00136652770631938
0.064625,0.00138188945617128
0.06475,0.00139737924741908
0.064875,0.00141299776897861
0.065,0.00142874570591857
0.065125,0.00144462373885631
0.06525,0.00146063254274557
0.065375,0.00147677278662384
0.0655,0.00149304513333945
0.065625,0.00150945023915316
0.06575,0.00152598875334404
0.065875,0.00154266131782015
0.066,0.00155946856673394
0.066125,0.00157641113149567
0.06625,0.00159348966327897
0.066375,0.00161070482817414
0.0665,0.00162805730302965
0.066625,0.00164554777500175
0.06675,0.00166317694109935
0.066875,0.00168094550772415
0.067,0.00169885419020665
0.067125,0.00171690371215394
0.06725,0.00173509480419737
0.067375,0.00175342820366981
0.0675,0.00177190465425649
0.067625,0.0017905249055165
0.06775,0.00180928971240204
0.067875,0.0018281998347755
0.068,0.00184725603692491
0.068125,0.00186645908687836
0.06825,0.001885809755071
0.068375,0.0019053088140221
0.0685,0.00192495703798635
0.068625,0.00194475520246783
0.06875,0.00196470408373415
0.068875,0.00198480445833129
0.069,0.00200505710259902
0.069125,0.00202546279197148
0.06925,0.00204602229957836
0.069375,0.00206673639594378
0.0695,0.0020876058486597
0.069625,0.00210863142191312
0.06975,0.00212981387601599
0.069875,0.00215115396693833
0.07,0.00217265244584454
0.070125,0.00219431005839957
0.07025,0.00221612754332109
0.070375,0.00223810563212129
0.0705,0.00226024504882353
0.070625,0.00228254650952298
0.07075,0.00230501072195257
0.070875,0.0023276383850544
0.071,0.00235043018855688
0.071125,0.00237338681847575
0.07125,0.00239650898181083
0.071375,0.00241979740122768
0.0715,0.00244325281049492
0.071625,0.00246687595399115
0.07175,0.00249066758620686
0.071875,0.0025146284712418
0.072,0.00253875938229796
0.072125,0.0025630611009393
0.07225,0.00258753441560476
0.072375,0.00261218012128022
0.0725,0.00263699901913824
0.072625,0.00266199191601766
0.07275,0.00268715962390104
0.072875,0.00271250295939026
0.073,0.00273802274318059
0.073125,0.00276371979928743
0.07325,0.00278959495347388
0.073375,0.00281564903292638
0.0735,0.00284188286589877
0.073625,0.00286829728118736
0.07375,0.00289489310760665
0.073875,0.00292167117346614
0.074,0.00294863230604839
0.074125,0.00297577733082418
0.07425,0.0030031070698119
0.074375,0.00303062234128087
0.0745,0.00305832395942359
0.074625,0.00308621273384917
0.07475,0.00311428946908026
0.074875,0.00314255496405378
0.075,0.00317101001162577
0.075125,0.00319965539779674
0.07525,0.00322849190002159
0.075375,0.00325752028696385
0.0755,0.00328674131821908
0.075625,0.00331615574384895
0.07575,0.00334576430392136
0.075875,0.00337556772805717
0.076,0.00340556673498351
0.076125,0.00343576203846331
0.07625,0.00346615437388482
0.076375,0.00349674449254778
0.0765,0.00352753315676336
0.076625,0.00355852113933444
0.07675,0.00358970922303117
0.076875,0.00362109820006201
0.077,0.00365268887154053
0.077125,0.00368448204666965
0.07725,0.00371647854101865
0.077375,0.00374867917621062
0.0775,0.0037810847795717
0.077625,0.00381369618358634
0.07775,0.00384651422535071
0.077875,0.00387953974602472
0.078,0.00391277359028274
0.078125,0.0039462166054668
0.07825,0.00397986963977677
0.078375,0.00401373354196586
0.0785,0.00404780916099868
0.078625,0.00408209734550576
0.07875,0.00411659894323945
0.078875,0.00415131480053132
0.079,0.00418624576175138
0.079125,0.00422139266845336
0.07925,0.00425675635749697
0.079375,0.00429233766077713
0.0795,0.00432813740491603
0.079625,0.00436415641074152
0.07975,0.00440039549276973
0.079875,0.00443685545869218
0.08,0.00447353710886768
0.080125,0.0045104412354829
0.08025,0.00454756862062741
0.080375,0.00458492003608088
0.0805,0.00462249624306365
0.080625,0.0046602979917624
0.08075,0.00469832602086293
0.080875,0.00473658105709014
0.081,0.00477506381475569
0.081125,0.00481377500204488
0.08125,0.00485271534913912
0.081375,0.00489188560219813
0.0815,0.0049312865182026
0.081625,0.00497091886442682
0.08175,0.00501078341790661
0.081875,0.00505088096490299
0.082,0.00509121230036167
0.082125,0.00513177822703872
0.08225,0.0051725795535524
0.082375,0.00521361709410648
0.0825,0.00525489166816895
0.082625,0.00529640409992164
0.08275,0.00533815521770826
0.082875,0.00538014585348126
0.083,0.00542237684224774
0.083125,0.00546484902116615
0.08325,0.00550756322751217
0.083375,0.00555052029841326
0.0835,0.00559372107053939
0.083625,0.00563716637955503
0.08375,0.00568085705957284
0.083875,0.00572479394260922
0.084,0.00576897785804215
0.084125,0.00581340963170312
0.08425,0.00585809008377715
0.084375,0.00590302002857507
0.0845,0.00594820027426245
0.084625,0.00599363162233941
0.08475,0.0060393148671251
0.084875,0.00608525079524715
0.085,0.00613144018513645
0.085125,0.00617788380613849
0.08525,0.00622458241636923
0.085375,0.00627153676255029
0.0855,0.00631874757980118
0.085625,0.00636621559117113
0.08575,0.0064139415071785
0.085875,0.00646192602535812
0.086,0.00651016982981666
0.086125,0.00655867359778928
0.08625,0.00660743802887973
0.086375,0.00665646383883499
0.0865,0.00670575175421407
0.086625,0.00675530251186658
0.08675,0.00680511685840681
0.086875,0.00685519554968324
0.087,0.00690553935024417
0.087125,0.0069561490324186
0.08725,0.0070070253741587
0.087375,0.00705816915881124
0.0875,0.00710958117483796
0.087625,0.00716126221527194
0.08775,0.00721321307717254
0.087875,0.00726543456107913
0.088,0.00731792747046406
0.088125,0.00737069261078566
0.08825,0.00742373078724635
0.088375,0.00747704280457638
0.0885,0.00753062946676745
0.088625,0.00758449157653281
0.08875,0.0076386299347692
0.088875,0.00769304534002088
0.089,0.00774773858794593
0.089125,0.00780271047036633
0.08925,0.00785796177296229
0.089375,0.00791349327509541
0.0895,0.00796930574958221
0.089625,0.00802539996218395
0.08975,0.00808177667110127
0.089875,0.00813843662647415
0.09,0.00819538056988716
0.090125,0.00825260923344124
0.09025,0.00831012333740662
0.090375,0.008367923590111
0.0905,0.00842601068777853
0.090625,0.00848438531407403
0.09075,0.00854304813965494
0.090875,0.00860199982173149
0.091,0.00866124100363515
0.091125,0.00872077232154138
0.09125,0.00878059443437134
0.091375,0.00884070801745352
0.0915,0.00890111375709889
0.091625,0.00896181235009104
0.09175,0.00902280450317159
0.091875,0.00908409093252107
0.092,0.00914567236323559
0.092125,0.00920754952837018
0.09225,0.00926972316658561
0.092375,0.009332194021971
0.0925,0.00939496284380902
0.092625,0.00945803038604347
0.09275,0.00952139740674547
0.092875,0.00958506466757827
0.093,0.00964903293326127
0.093125,0.00971330297058569
0.09325,0.00977787554597841
0.093375,0.00984275142533666
0.0935,0.00990793137380631
0.093625,0.00997341615525343
0.09375,0.0100392065317376
0.093875,0.0101053032629873
0.094,0.0101717071058776
0.094125,0.0102384188134434
0.09425,0.0103054391323815
0.094375,0.0103727688029244
0.0945,0.0104404085586596
0.094625,0.0105083591260303
0.09475,0.0105766212238431
0.094875,0.0106451955627793
0.095,0.0107140828449122
0.095125,0.0107832837627435
0.09525,0.0108527989966657
0.095375,0.0109226292149015
0.0955,0.0109927750733891
0.095625,0.0110632372153387
0.09575,0.0111340162707976
0.095875,0.0112051128562235
0.096,0.0112765275740658
0.096125,0.0113482610195421
0.09625,0.0114203138107267
0.096375,0.0114926865821908
0.0965,0.0115653799795628
0.096625,0.0116383946590306
0.09675,0.0117117312868397
0.096875,0.0117853905387862
0.097,0.0118593730997061
0.097125,0.0119336796624843
0.09725,0.012008310925516
0.097375,0.0120832675925801
0.0975,0.0121585503726491
0.097625,0.0122341599793692
0.09775,0.0123100971305393
0.097875,0.0123863625475881
0.098,0.0124629569550511
0.098125,0.0125398810795521
0.09825,0.0126171356471837
0.098375,0.012694721383393
0.0985,0.0127726390128044
0.098625,0.0128508892587042
0.09875,0.0129294728425271
0.098875,0.0130083904833448
0.099,0.0130876428973562
0.099125,0.0131672307968685
0.09925,0.0132471548876175
0.099375,0.0133274158686925
0.0995,0.0134080144324008
0.099625,0.0134889512637825
0.09975,0.0135702270401315
0.099875,0.0136518424305207
0.1,0.0137337980953338
0.100125,0.0138160946852691
0.10025,0.0138987328386236
0.100375,0.0139817131812839
0.1005,0.0140650363266571
0.100625,0.0141487028752426
0.10075,0.0142327134142114
0.100875,0.0143170685169946
0.101,0.0144017687428794
0.101125,0.0144868146437294
0.10125,0.014572206793784
0.101375,0.0146579457833744
0.1015,0.0147440322135478
0.101625,0.014830466695587
0.10175,0.0149172498505246
0.101875,0.0150043823086526
0.102,0.0150918647090286
0.102125,0.0151796976984568
0.10225,0.0152678819287758
0.102375,0.0153564180567864
0.1025,0.0154453067441106
0.102625,0.0155345486566896
0.10275,0.0156241444642806
0.102875,0.0157140948399531
0.103,0.0158044004595836
0.103125,0.015895062000812
0.10325,0.0159860801402523
0.103375,0.0160774555534335
0.1035,0.0161691889146732
0.103625,0.0162612808965822
0.10375,0.0163537321695709
0.103875,0.0164465434013577
0.104,0.0165397152564803
0.104125,0.0166332483952529
0.10425,0.0167271434709206
0.104375,0.0168214011296421
0.1045,0.0169160220104053
0.104625,0.0170110067445643
0.10475,0.0171063559553819
0.104875,0.0172020702575774
0.105,0.0172981502568795
0.105125,0.0173945965490103
0.10525,0.0174914097168067
0.105375,0.0175885903302707
0.1055,0.0176861389465528
0.105625,0.0177840561095474
0.10575,0.0178823423494961
0.105875,0.017980998182599
0.106,0.0180800241106358
0.106125,0.0181794206275271
0.10625,0.0182791882483869
0.106375,0.0183793275034129
0.1065,0.0184798389326637
0.106625,0.0185807230856057
0.10675,0.0186819805206549
0.106875,0.018783611804715
0.107,0.0188856175127122
0.107125,0.0189879982265619
0.10725,0.0190907545323039
0.107375,0.019193887020096
0.1075,0.0192973962841321
0.107625,0.0194012829221719
0.10775,0.0195055475350694
0.107875,0.0196101907263002
0.108,0.0197152131014886
0.108125,0.0198206152673543
0.10825,0.0199263978287765
0.108375,0.0200325613888031
0.1085,0.0201391065485872
0.108625,0.0202460339069252
0.10875,0.0203533440597983
0.108875,0.0204610375999156
0.109,0.02056911511626
0.109125,0.0206775771930396
0.10925,0.0207864244067026
0.109375,0.0208956573259897
0.1095,0.0210052765119147
0.109625,0.0211152825173382
0.10975,0.0212256758865468
0.109875,0.0213364571548384
0.11,0.0214476268481125
0.110125,0.0215591854818507
0.11025,0.021671133558106
0.110375,0.0217834715656235
0.1105,0.0218961999798904
0.110625,0.02200931926277
0.11075,0.0221228298621433
0.110875,0.0222367322115598
0.111,0.0223510267298969
0.111125,0.022465713827672
0.11125,0.0225807939349091
0.111375,0.0226962674953081
0.1115,0.0228121349612639
0.111625,0.0229283967934579
0.11175,0.0230450534604436
0.111875,0.023162105438231
0.112,0.0232795532098657
0.112125,0.0233973972644034
0.11225,0.0235156380939235
0.112375,0.0236342761936027
0.1125,0.0237533120617082
0.112625,0.0238727461991759
0.11275,0.0239925791091871
0.112875,0.0241128112967456
0.113,0.0242334432682541
0.113125,0.0243544755304725
0.11325,0.0244759085874706
0.113375,0.0245977429407194
0.1135,0.0247199790891049
0.113625,0.0248426175285183
0.11375,0.0249656587514482
0.113875,0.0250891032465766
0.114,0.0252129514983769
0.114125,0.0253372039860809
0.11425,0.025461861180591
0.114375,0.0255869235446159
0.1145,0.0257123915327296
0.114625,0.0258382655909982
0.11475,0.0259645461566132
0.114875,0.0260912336575299
0.115,0.0262183285121115
0.115125,0.0263458311281286
0.11525,0.0264737418996536
0.115375,0.0266020612072642
0.1155,0.0267307894181715
0.115625,0.0268599268859079
0.11575,0.0269894739500227
0.115875,0.0271194309357868
0.116,0.0272497981539053
0.116125,0.0273805759064949
0.11625,0.0275117645133513
0.116375,0.0276433643064951
0.1165,0.0277753756255187
0.116625,0.0279077988172355
0.11675,0.0280406342353269
0.116875,0.028173882239986
0.117,0.0283075431975578
0.117125,0.0284416174795409
0.11725,0.0285761054595209
0.117375,0.0287110075133322
0.1175,0.0288463240191383
0.117625,0.0289820553570716
0.11775,0.0291182019088744
0.117875,0.0292547640575381
0.118,0.0293917421869441
0.118125,0.0295291366808536
0.11825,0.0296669479197901
0.118375,0.0298051762812208
0.1185,0.0299438221396569
0.118625,0.0300828858663078
0.11875,0.0302223678287387
0.118875,0.0303622683905304
0.119,0.0305025879109428
0.119125,0.0306433267439159
0.11925,0.0307844852349219
0.119375,0.0309260637211892
0.1195,0.0310680625318464
0.119625,0.0312104819876141
0.11975,0.0313533224005022
0.119875,0.031496584073512
0.12,0.0316402673003448
0.120125,0.0317843723644375
0.12025,0.0319288995358035
0.120375,0.032073849071323
0.1205,0.0322192212149517
0.120625,0.0323650161974721
0.12075,0.0325112342362509
0.120875,0.0326578755350057
0.121,0.0328049402835792
0.121125,0.0329524286634958
0.12125,0.0331003408722529
0.121375,0.0332486771183241
0.1215,0.0333974376169036
0.121625,0.0335466225896229
0.12175,0.033696232264264
0.121875,0.0338462668744707
0.122,0.0339967266594573
0.122125,0.0341476118630508
0.12225,0.0342989227305841
0.122375,0.0344506595091468
0.1225,0.0346028224477516
0.122625,0.0347554117970435
0.12275,0.0349084278090087
0.122875,0.0350618707366833
0.123,0.0352157408338626
0.123125,0.035370038354136
0.12325,0.0355247635477381
0.123375,0.0356799166618186
0.1235,0.0358354979406267
0.123625,0.0359915076252345
0.12375,0.0361479459532625
0.123875,0.0363048131586081
0.124,0.0364621094711757
0.124125,0.0366198351159254
0.12425,0.0367779903097012
0.124375,0.0369365752615402
0.1245,0.0370955901728971
0.124625,0.0372550352374031
0.12475,0.0374149106406281
0.124875,0.037575216559849
0.125,0.037735953163823
0.125125,0.0378971206118678
0.12525,0.038058719050688
0.125375,0.0382207486147423
0.1255,0.0383832094265297
0.125625,0.0385461015964011
0.12575,0.0387094252223794
0.125875,0.0388731803899861
0.126,0.0390373671720758
0.126125,0.0392019856338932
0.12625,0.0393670358550523
0.126375,0.0395325179250618
0.1265,0.0396984319395186
0.126625,0.0398647779998896
0.12675,0.0400315562132912
0.126875,0.040198766692266
0.127,0.0403664095545565
0.127125,0.0405344849221973
0.12725,0.0407029929183979
0.127375,0.0408719336678753
0.1275,0.0410413072970981
0.127625,0.041211113934062
0.12775,0.0413813537080649
0.127875,0.0415520267494814
0.128,0.041723133189538
0.128125,0.0418946731593985
0.12825,0.0420666467870155
0.128375,0.0422390541974783
0.1285,0.0424118955132726
0.128625,0.0425851708540696
0.12875,0.0427588803365156
0.128875,0.0429330240740243
0.129,0.0431076021765717
0.129125,0.0432826147497944
0.12925,0.0434580618918259
0.129375,0.0436339436936789
0.1295,0.0438102602395411
0.129625,0.0439870116065953
0.12975,0.0441641978648432
0.129875,0.0443418190769335
0.13,0.0445198752979951
0.130125,0.0446983665747662
0.13025,0.0448772929424334
0.130375,0.0450566544250655
0.1305,0.0452364510359643
0.130625,0.0454166827775324
0.13075,0.045597349641149
0.130875,0.0457784516070511
0.131,0.0459599886442214
0.131125,0.0461419607148778
0.13125,0.0463243677938675
0.131375,0.0465072098647595
0.1315,0.0466904869165259
0.131625,0.0468741989433836
0.13175,0.0470583459446335
0.131875,0.047242927924498
0.132,0.0474279448919549
0.132125,0.0476133968598799
0.13225,0.0477992838419474
0.132375,0.047985605853032
0.1325,0.0481723629095208
0.132625,0.0483595550291497
0.13275,0.0485471822308393
0.132875,0.048735244534531
0.133,0.0489237419610222
0.133125,0.0491126745311049
0.13325,0.0493020422624431
0.133375,0.0494918451699879
0.1335,0.0496820832663034
0.133625,0.0498727565614151
0.13375,0.05006386506266
0.133875,0.0502554087745383
0.134,0.050447387698567
0.134125,0.0506398018324317
0.13425,0.0508326511668555
0.134375,0.0510259356860444
0.1345,0.051219655368045
0.134625,0.0514138101846215
0.13475,0.0516084001011361
0.134875,0.0518034250764336
0.135,0.0519988850627297
0.135125,0.0521947800047913
0.13525,0.052391109836814
0.135375,0.0525878744829127
0.1355,0.0527850738575277
0.135625,0.0529827078653454
0.13575,0.0531807764012251
0.135875,0.0533792793501311
0.136,0.0535782165870711
0.136125,0.0537775879809667
0.13625,0.0539773934112627
0.136375,0.0541776327646218
0.1365,0.0543783059321222
0.136625,0.0545794128091568
0.13675,0.05478095329533
0.136875,0.0549829272943531
0.137,0.0551853347139367
0.137125,0.0553881754649879
0.13725,0.0555914494585534
0.137375,0.0557951566062833
0.1375,0.0559992968208059
0.137625,0.0562038700156231
0.13775,0.0564088761050069
0.137875,0.0566143150038944
0.138,0.056820186627784
0.138125,0.0570264908919314
0.13825,0.0572332277082789
0.138375,0.057440396985932
0.1385,0.057647998631547
0.138625,0.0578560325492394
0.13875,0.0580644986404932
0.138875,0.0582733968040729
0.139,0.0584827269359367
0.139125,0.058692488928447
0.13925,0.0589026826672996
0.139375,0.059113308032027
0.1395,0.0593243648964151
0.139625,0.059535853128438
0.13975,0.0597477725901964
0.139875,0.0599601231378595
0.14,0.06017290462161
0.140125,0.0603861168848838
0.14025,0.0605997597613118
0.140375,0.0608138330752652
0.1405,0.0610283366423143
0.140625,0.0612432702692035
0.14075,0.0614586337538321
0.140875,0.0616744268852394
0.141,0.0618906494435949
0.141125,0.0621073012034228
0.14125,0.0623243819473006
0.141375,0.0625418914631835
0.1415,0.0627598295421425
0.141625,0.0629781959783244
0.14175,0.0631969905689097
0.141875,0.0634162131140696
0.142,0.063635863416921
0.142125,0.0638559412827879
0.14225,0.0640764465162159
0.142375,0.064297378921498
0.1425,0.0645187383031116
0.142625,0.0647405244656785
0.14275,0.0649627372139256
0.142875,0.0651853763526447
0.143,0.0654084416866532
0.143125,0.0656319330200596
0.14325,0.0658558501532749
0.143375,0.0660801928835506
0.1435,0.0663049610054294
0.143625,0.0665301543107186
0.14375,0.066755772588465
0.143875,0.0669818156249323
0.144,0.0672082832035787
0.144125,0.0674351751043397
0.14425,0.0676624911006473
0.144375,0.0678902309599936
0.1445,0.0681183944444072
0.144625,0.0683469813104525
0.14475,0.0685759913092315
0.144875,0.0688054241863891
0.145,0.0690352796821215
0.145125,0.0692655575304869
0.14525,0.0694962574564452
0.145375,0.0697273791764581
0.1455,0.0699589223990032
0.145625,0.0701908868246095
0.14575,0.0704232721458978
0.145875,0.0706560780476249
0.146,0.0708893042067334
0.146125,0.07112295029492
0.14625,0.0713570159893675
0.146375,0.0715915009707172
0.1465,0.0718264049213648
0.146625,0.0720617275254869
0.14675,0.0722974684690672
0.146875,0.0725336274399209
0.147,0.0727702041277192
0.147125,0.0730071982233279
0.14725,0.0732446094159277
0.147375,0.0734824373936032
0.1475,0.0737206818438438
0.147625,0.0739593424535751
0.14775,0.0741984189091891
0.147875,0.0744379108965765
0.148,0.0746778181011576
0.148125,0.0749181402072306
0.14825,0.0751588768950993
0.148375,0.0754000278416743
0.1485,0.0756415927209877
0.148625,0.0758835712042374
0.14875,0.0761259629598336
0.148875,0.0763687676534469
0.149,0.0766119849480575
0.149125,0.0768556145033213
0.14925,0.0770996559727163
0.149375,0.077344109004165
0.1495,0.0775889732405717
0.149625,0.0778342483198908
0.14975,0.078079933875198
0.149875,0.078326029534764
0.15,0.0785725349221306
0.150125,0.0788194496555045
0.15025,0.0790667733449318
0.150375,0.07931450559295
0.1505,0.0795626459951576
0.150625,0.0798111941403139
0.15075,0.0800601496104431
0.150875,0.0803095119809428
0.151,0.0805592808206945
0.151125,0.0808094556939828
0.15125,0.0810600361682648
0.151375,0.0813110218127945
0.1515,0.0815624121974784
0.151625,0.0818142068929721
0.15175,0.0820664054707775
0.151875,0.082319007503338
0.152,0.0825720125641342
0.152125,0.0828254202271105
0.15225,0.0830792300639358
0.152375,0.0833334416446513
0.1525,0.0835880545382326
0.152625,0.0838430683126927
0.15275,0.0840984825351854
0.152875,0.0843542967721092
0.153,0.0846105105892113
0.153125,0.0848671235510262
0.15325,0.0851241352181548
0.153375,0.0853815451479226
0.1535,0.0856393528949526
0.153625,0.0858975580112817
0.15375,0.0861561600464783
0.153875,0.0864151585477608
0.154,0.0866745530601179
0.154125,0.0869343431257656
0.15425,0.0871945282814535
0.154375,0.0874551080591382
0.1545,0.0877160819865752
0.154625,0.0879774495874547
0.15475,0.0882392103815398
0.154875,0.0885013638848069
0.155,0.0887639096095878
0.155125,0.0890268470640524
0.15525,0.0892901757495481
0.155375,0.0895538951612963
0.1555,0.0898180047890075
0.155625,0.0900825041170426
0.15575,0.090347392624578
0.155875,0.0906126697857726
0.156,0.0908783350699382
0.156125,0.0911443879428187
0.15625,0.0914108278714631
0.156375,0.091677654323483
0.1565,0.0919448667664522
0.156625,0.0922124646680689
0.15675,0.0924804474963174
0.156875,0.0927488147196293
0.157,0.0930175658070448
0.157125,0.093286700227729
0.15725,0.0935562174484011
0.157375,0.0938261169340282
0.1575,0.0940963981484357
0.157625,0.0943670605544762
0.15775,0.0946381036141979
0.157875,0.0949095267890137
0.158,0.0951813295398698
0.158125,0.0954535113267757
0.15825,0.0957260716062608
0.158375,0.0959990098320738
0.1585,0.0962723254558012
0.158625,0.0965460179270466
0.15875,0.0968200866936106
0.158875,0.097094531201672
0.159,0.0973693508959684
0.159125,0.0976445452193442
0.15925,0.097920113610239
0.159375,0.0981960555033979
0.1595,0.0984723703305007
0.159625,0.0987490575203565
0.15975,0.0990261164990988
0.159875,0.0993035466903821
0.16,0.0995813475155796
0.160125,0.0998595183933516
0.16025,0.100138058737172
0.160375,0.10041696795605
0.1605,0.100696245455178
0.160625,0.100975890636141
0.16075,0.101255902897129
0.160875,0.101536281633159
0.161,0.101817026236284
0.161125,0.102098136096259
0.16125,0.102379610602639
0.161375,0.102661449144631
0.1615,0.102943651111005
0.161625,0.103226215890305
0.16175,0.103509142871069
0.161875,0.103792431442038
0.162,0.104076080992373
0.162125,0.104360090911254
0.16225,0.104644460585494
0.162375,0.104929189400263
0.1625,0.105214276739724
0.162625,0.105499721987256
0.16275,0.105785524525677
0.162875,0.10607168373746
0.163,0.106358199004955
0.163125,0.106645069710003
0.16325,0.106932295231585
0.163375,0.107219874946541
0.1635,0.107507808230219
0.163625,0.107796094456701
0.16375,0.108084732999032
0.163875,0.108373723229448
0.164,0.108663064519604
0.164125,0.108952756240207
0.16425,0.109242797758697
0.164375,0.109533188439973
0.1645,0.109823927647043
0.164625,0.110115014741266
0.16475,0.110406449082583
0.164875,0.110698230029762
0.165,0.110990356940634
0.165125,0.11128282917174
0.16525,0.111575646076052
0.165375,0.111868807003707
0.1655,0.112162311302664
0.165625,0.112456158318946
0.16575,0.1127503473969
0.165875,0.113044877879436
0.166,0.113339749108284
0.166125,0.113634960424067
0.16625,0.11393051116581
0.166375,0.114226400671336
0.1665,0.114522628277637
0.166625,0.114819193321131
0.16675,0.115116095137913
0.166875,0.115413333064007
0.167,0.11571090643562
0.167125,0.116008814588817
0.16725,0.11630705685733
0.167375,0.116605632573284
0.1675,0.116904541067853
0.167625,0.11720378167152
0.16775,0.117503353714335
0.167875,0.11780325652617
0.168,0.118103489436984
0.168125,0.118404051776503
0.16825,0.118704942872075
0.168375,0.11900616204939
0.1685,0.11930770863314
0.168625,0.119609581947281
0.16875,0.119911781315299
0.168875,0.120214306060473
0.169,0.120517155506136
0.169125,0.120820328975384
0.16925,0.121123825788952
0.169375,0.12142764526595
0.1695,0.12173178672451
0.169625,0.122036249482064
0.16975,0.122341032855606
0.169875,0.122646136161965
0.17,0.122951558718074
0.170125,0.123257299840686
0.17025,0.123563358844297
0.170375,0.123869735041872
0.1705,0.124176427745501
0.170625,0.124483436266673
0.17075,0.124790759916548
0.170875,0.125098398006238
0.171,0.125406349847072
0.171125,0.125714614750141
0.17125,0.126023192023454
0.171375,0.12633208097282
0.1715,0.126641280902632
0.171625,0.126950791116153
0.17175,0.127260610915799
0.171875,0.127570739603415
0.172,0.127881176480564
0.172125,0.128191920848269
0.17225,0.128502972005016
0.172375,0.128814329247482
0.1725,0.129125991871194
0.172625,0.129437959170815
0.17275,0.129750230440431
0.172875,0.130062804973844
0.173,0.130375682064857
0.173125,0.13068886100703
0.17325,0.131002341091734
0.173375,0.131316121608869
0.1735,0.131630201847524
0.173625,0.131944581096268
0.17375,0.132259258643445
0.173875,0.132574233777463
0.174,0.13288950578709
0.174125,0.133205073961224
0.17425,0.13352093758698
0.174375,0.133837095950416
0.1745,0.134153548337179
0.174625,0.134470294032806
0.17475,0.134787332323018
0.174875,0.135104662494014
0.175,0.135422283832767
0.175125,0.135740195626807
0.17525,0.136058397162347
0.175375,0.136376887725002
0.1755,0.136695666600436
0.175625,0.137014733074656
0.17575,0.137334086434312
0.175875,0.137653725966988
0.176,0.1379736509615
0.176125,0.13829386070696
0.17625,0.138614354487872
0.176375,0.138935131585439
0.1765,0.139256191278713
0.176625,0.139577532844903
0.17675,0.139899155559683
0.176875,0.140221058697502
0.177,0.140543241531893
0.177125,0.140865703335284
0.17725,0.141188443377207
0.177375,0.141511460925016
0.1775,0.141834755244548
0.177625,0.14215832560043
0.17775,0.142482171256405
0.177875,0.14280629147564
0.178,0.143130685521044
0.178125,0.143455352655098
0.17825,0.143780292138108
0.178375,0.144105503228926
0.1785,0.144430985185596
0.178625,0.144756737265685
0.17875,0.145082758726594
0.178875,0.145409048825881
0.179,0.145735606821584
0.179125,0.146062431972054
0.17925,0.146389523534263
0.179375,0.14671688076451
0.1795,0.147044502919073
0.179625,0.147372389254528
0.17975,0.147700539028071
0.179875,0.148028951497837
0.18,0.148357625923218
0.180125,0.14868656156472
0.18025,0.149015757682297
0.180375,0.149345213536057
0.1805,0.149674928386901
0.180625,0.150004901496844
0.18075,0.150335132129327
0.180875,0.150665619549538
0.181,0.150996363024726
0.181125,0.151327361822869
0.18125,0.151658615206023
0.181375,0.151990122431986
0.1815,0.152321882755772
0.181625,0.152653895429932
0.18175,0.1529861597049
0.181875,0.153318674829317
0.182,0.153651440050371
0.182125,0.153984454613682
0.18225,0.154317717761713
0.182375,0.154651228734489
0.1825,0.154984986770242
0.182625,0.155318991105759
0.18275,0.155653240976718
0.182875,0.155987735618037
0.183,0.15632247426421
0.183125,0.156657456149212
0.18325,0.156992680504963
0.183375,0.157328146562041
0.1835,0.157663853550328
0.183625,0.157999800699356
0.18375,0.158335987238654
0.183875,0.158672412398093
0.184,0.159009075408228
0.184125,0.159345975500214
0.18425,0.15968311190432
0.184375,0.160020483850631
0.1845,0.160358090569685
0.184625,0.160695931292822
0.18475,0.161034005252525
0.184875,0.161372311682765
0.185,0.16171084981934
0.185125,0.162049618899796
0.18525,0.16238861816199
0.185375,0.162727846844772
0.1855,0.163067304188615
0.185625,0.163406989435949
0.18575,0.163746901831506
0.185875,0.164087040622645
0.186,0.164427405059693
0.186125,0.164767994394293
0.18625,0.165108807871322
0.186375,0.165449844730865
0.1865,0.165791104209933
0.186625,0.166132585542818
0.18675,0.166474287961443
0.186875,0.166816210695725
0.187,0.167158352973926
0.187125,0.167500714022606
0.18725,0.167843293065257
0.187375,0.168186089322999
0.1875,0.168529102015218
0.187625,0.168872330359933
0.18775,0.169215773574154
0.187875,0.169559430874252
0.188,0.169903301476313
0.188125,0.170247384596115
0.18825,0.170591679447808
0.188375,0.170936185244608
0.1885,0.17128090119943
0.188625,0.171625826525256
0.18875,0.171970960435497
0.188875,0.17231630214436
0.189,0.172661850867207
0.189125,0.173007605820533
0.18925,0.173353566220708
0.189375,0.173699731284648
0.1895,0.174046100230442
0.189625,0.174392672277712
0.18975,0.174739446647975
0.189875,0.175086422564995
0.19,0.175433599255146
0.190125,0.175780975947386
0.19025,0.176128551872049
0.190375,0.17647632626149
0.1905,0.176824298350701
0.190625,0.177172467377655
0.19075,0.177520832583655
0.190875,0.177869393213681
0.191,0.178218148516729
0.191125,0.178567097743914
0.19125,0.178916240139303
0.191375,0.179265574942104
0.1915,0.179615101388581
0.191625,0.179964818712409
0.19175,0.180314726145049
0.191875,0.180664822916108
0.192,0.181015108253709
0.192125,0.1813655813845
0.19225,0.181716241532501
0.192375,0.182067087919771
0.1925,0.182418119767022
0.192625,0.182769336293996
0.19275,0.183120736719832
0.192875,0.183472320263439
0.193,0.183824086143871
0.193125,0.184176033580343
0.19325,0.184528161791142
0.193375,0.184880469994274
0.1935,0.185232957408082
0.193625,0.185585623251611
0.19375,0.185938466744981
0.193875,0.186291487109756
0.194,0.18664468356931
0.194125,0.186998055348861
0.19425,0.18735160167442
0.194375,0.187705321773426
0.1945,0.188059214875349
0.194625,0.188413280212043
0.19475,0.188767517018114
0.194875,0.189121924531275
0.195,0.189476501992704
0.195125,0.189831248647077
0.19525,0.19018616374156
0.195375,0.190541246526418
0.1955,0.190896496255592
0.195625,0.191251912187045
0.19575,0.191607493583103
0.195875,0.191963239710799
0.196,0.192319149842214
0.196125,0.192675223252387
0.19625,0.193031459209402
0.196375,0.193387856976714
0.1965,0.193744415815176
0.196625,0.194101134983404
0.19675,0.194458013738133
0.196875,0.194815051334583
0.197,0.19517224702682
0.197125,0.195529600067809
0.19725,0.195887109708466
0.197375,0.196244775198271
0.1975,0.196602595785851
0.197625,0.196960570719348
0.19775,0.197318699246777
0.197875,0.197676980616398
0.198,0.198035414077076
0.198125,0.198393998878347
0.19825,0.19875273426952
0.198375,0.199111619500281
0.1985,0.199470653821265
0.198625,0.199829836484417
0.19875,0.200189166743349
0.198875,0.200548643853705
0.199,0.200908267073514
0.199125,0.201268035663263
0.19925,0.201627948885042
0.199375,0.201988006003126
0.1995,0.202348206284534
0.199625,0.202708548999368
0.19975,0.203069033421171
0.199875,0.203429658827268
0.2,0.20379042449911
0.200125,0.20415132972234
0.20025,0.204512373785978
0.200375,0.204873555982978
0.2005,0.205234875610752
0.200625,0.205596331971499
0.20075,0.205957924372535
0.200875,0.20631965212662
0.201,0.206681514552273
0.201125,0.207043510971582
0.20125,0.207405640699845
0.201375,0.207767903047972
0.2015,0.208130297324556
0.201625,0.20849282283622
0.20175,0.208855478887958
0.201875,0.209218264783483
0.202,0.20958117982557
0.202125,0.209944223316138
0.20225,0.210307394555484
0.202375,0.210670692842839
0.2025,0.211034117476902
0.202625,0.211397667756183
0.20275,0.211761342979351
0.202875,0.212125142445582
0.203,0.212489065454899
0.203125,0.212853111308268
0.20325,0.213217279306878
0.203375,0.213581568752684
0.2035,0.213945978948929
0.203625,0.214310509200484
0.20375,0.214675158814185
0.203875,0.215039927099179
0.204,0.215404813367253
0.204125,0.215769816932936
0.20425,0.216134937112812
0.204375,0.216500173226052
0.2045,0.216865524594907
0.204625,0.21723099054504
0.20475,0.217596570405848
0.204875,0.217962263510791
0.205,0.218328069197708
0.205125,0.21869398680891
0.20525,0.219060015690531
0.205375,0.219426155193027
0.2055,0.219792404671642
0.205625,0.220158763486721
0.20575,0.220525231004009
0.205875,0.220891806594957
0.206,0.221258489637014
0.206125,0.22162527951139
0.20625,0.221992175592587
0.206375,0.222359177250787
0.2065,0.222726283853919
0.206625,0.223093494767981
0.20675,0.223460809357359
0.206875,0.223828226985149
0.207,0.224195747013475
0.207125,0.224563368803598
0.20725,0.224931091715301
0.207375,0.225298915107392
0.2075,0.225666838338183
0.207625,0.226034860765809
0.20775,0.22640298174855
0.207875,0.226771200645156
0.208,0.227139516815166
0.208125,0.227507929619019
0.20825,0.227876438417494
0.208375,0.228245042572193
0.2085,0.228613741446008
0.208625,0.22898253440344
0.20875,0.229351420810913
0.208875,0.229720400037087
0.209,0.230089471453176
0.209125,0.230458634433056
0.20925,0.230827888352743
0.209375,0.231197232590859
0.2095,0.231566666529075
0.209625,0.231936189552418
0.20975,0.232305801049572
0.209875,0.232675500413177
0.21,0.233045287040127
0.210125,0.233415160331678
0.21025,0.233785119692951
0.210375,0.234155164533371
0.2105,0.234525294267086
0.210625,0.234895508313251
0.21075,0.235265806096304
0.210875,0.23563618704625
0.211,0.236006650598932
0.211125,0.236377196193811
0.21125,0.236747823263677
0.211375,0.237118531236974
0.2115,0.237489319539815
0.211625,0.237860187596274
0.21175,0.238231134828685
0.211875,0.238602160657938
0.212,0.238973264503782
0.212125,0.239344445784937
0.21225,0.239715703918636
0.212375,0.240087038321069
0.2125,0.240458448407808
0.212625,0.240829933594107
0.21275,0.241201493295201
0.212875,0.241573126926603
0.213,0.241944833904407
0.213125,0.242316613645412
0.21325,0.242688465566703
0.213375,0.243060389086082
0.2135,0.243432383622489
0.213625,0.24380444859629
0.21375,0.244176583429574
0.213875,0.244548787546445
0.214,0.244921060373315
0.214125,0.245293401339028
0.21425,0.245665809874481
0.214375,0.246038285413034
0.2145,0.246410827390908
0.214625,0.246783435247467
0.21475,0.247156108425499
0.214875,0.247528846371493
0.215,0.247901648535918
0.215125,0.248274514373342
0.21525,0.248647443342079
0.215375,0.249020434904573
0.2155,0.249393488527773
0.215625,0.24976660368339
0.21575,0.25013977984816
0.215875,0.250513016504104
0.216,0.250886313138774
0.216125,0.251259669243128
0.21625,0.251633084301664
0.216375,0.25200655779464
0.2165,0.252380089199991
0.216625,0.252753677993605
0.21675,0.253127323649598
0.216875,0.253501025640591
0.217,0.25387478343799
0.217125,0.254248596512115
0.21725,0.254622464331876
0.217375,0.254996386365166
0.2175,0.25537036207924
0.217625,0.255744390940993
0.21775,0.256118472417239
0.217875,0.256492605974988
0.218,0.256866791081725
0.218125,0.257241027205552
0.21825,0.2576153138149
0.218375,0.257989650378911
0.2185,0.258364036367807
0.218625,0.258738471253165
0.21875,0.25911295450819
0.218875,0.259487485607987
0.219,0.25986206402983
0.219125,0.260236689253307
0.21925,0.260611360760061
0.219375,0.260986078034162
0.2195,0.261360840562449
0.219625,0.261735647834799
0.21975,0.262110499344383
0.219875,0.262485394587928
0.22,0.262860333065967
0.220125,0.263235314282983
0.22025,0.263610337747174
0.220375,0.263985402970792
0.2205,0.264360509470474
0.220625,0.264735656767477
0.22075,0.265110844387926
0.220875,0.265486071863047
0.221,0.2658613387294
0.221125,0.266236644526883
0.22125,0.266611988789503
0.221375,0.266987371047449
0.2215,0.267362790828881
0.221625,0.267738247660183
0.22175,0.268113741066217
0.221875,0.268489270570582
0.222,0.268864835695865
0.222125,0.269240435963788
0.22225,0.269616070895003
0.222375,0.269991740009438
0.2225,0.270367442826623
0.222625,0.270743178865953
0.22275,0.271118947646942
0.222875,0.271494748689473
0.223,0.271870581514059
0.223125,0.272246445641995
0.22325,0.272622340595184
0.223375,0.272998265896472
0.2235,0.273374221069971
0.223625,0.273750205641307
0.22375,0.274126219137873
0.223875,0.274502261089073
0.224,0.274878331026572
0.224125,0.275254428484447
0.22425,0.275630552999045
0.224375,0.276006704109299
0.2245,0.27638288135703
0.224625,0.276759084287187
0.22475,0.277135312448081
0.224875,0.277511565391619
0.225,0.27788784267354
0.225125,0.278264143853553
0.22525,0.278640468495222
0.225375,0.279016816166254
0.2255,0.279393186438777
0.225625,0.279769578889562
0.22575,0.280145993100233
0.225875,0.280522428657486
0.226,0.280898885153295
0.226125,0.281275362183079
0.22625,0.281651859337268
0.226375,0.282028376203186
0.2265,0.282404912366686
0.226625,0.282781467412373
0.22675,0.283158040923835
0.226875,0.283534632483868
0.227,0.283911241674704
0.227125,0.284287868078161
0.22725,0.284664511275541
0.227375,0.285041170847918
0.2275,0.285417846376426
0.227625,0.285794537442476
0.22775,0.286171243627993
0.227875,0.286547964515632
0.228,0.286924699689011
0.228125,0.287301448732859
0.22825,0.287678211232948
0.228375,0.288054986776368
0.2285,0.288431774951799
0.228625,0.288808575349732
0.22875,0.289185387562684
0.228875,0.28956221118542
0.229,0.289939045815164
0.229125,0.290315891051754
0.22925,0.290692746497591
0.229375,0.291069611757901
0.2295,0.291446486440984
0.229625,0.291823370158424
0.22975,0.292200262525291
0.229875,0.292577163160342
0.23,0.292954071686224
0.230125,0.293330987729615
0.23025,0.293707910921192
0.230375,0.294084840895869
0.2305,0.294461777293017
0.230625,0.294838719756661
0.23075,0.295215667935655
0.230875,0.295592621483868
0.231,0.295969580060361
0.231125,0.296346543327741
0.23125,0.296723510944614
0.231375,0.297100482567264
0.2315,0.297477457851098
0.231625,0.297854436450837
0.23175,0.298231418020712
0.231875,0.29860840221465
0.232,0.298985388686473
0.232125,0.299362377090033
0.23225,0.299739367079197
0.232375,0.300116358308076
0.2325,0.300493350431252
0.232625,0.300870343103967
0.23275,0.301247335982314
0.232875,0.301624328723423
0.233,0.302001320985655
0.233125,0.302378312428738
0.23325,0.302755302713775
0.233375,0.303132291503462
0.2335,0.303509278462302
0.233625,0.303886263256788
0.23375,0.304263245555583
0.233875,0.3046402250297
0.234,0.305017201352681
0.234125,0.305394174200734
0.23425,0.305771143252755
0.234375,0.306148108190532
0.2345,0.306525068698937
0.234625,0.306902024466098
0.23475,0.307278975183565
0.234875,0.307655920546474
0.235,0.30803286025371
0.235125,0.308409794008036
0.23525,0.308786721516126
0.235375,0.309163642488744
0.2355,0.309540556640919
0.235625,0.309917463692091
0.23575,0.31029436336626
0.235875,0.310671255392134
0.236,0.311048139503265
0.236125,0.311425015436604
0.23625,0.311801882925908
0.236375,0.312178741703188
0.2365,0.312555591499955
0.236625,0.312932432047374
0.23675,0.313309263076418
0.236875,0.313686084318017
0.237,0.314062895503219
0.237125,0.314439696363307
0.23725,0.31481648662984
0.237375,0.315193266034829
0.2375,0.315570034310901
0.237625,0.315946791191458
0.23775,0.316323536410819
0.237875,0.316700269704376
0.238,0.317076990808737
0.238125,0.317453699461856
0.23825,0.317830395403084
0.238375,0.318207078373338
0.2385,0.318583748115253
0.238625,0.31896040437333
0.23875,0.319337046894076
0.238875,0.319713675426148
0.239,0.320090289720486
0.239125,0.320466889530439
0.23925,0.320843474611832
0.239375,0.321220044723113
0.2395,0.321596599625496
0.239625,0.321973139083093
0.23975,0.322349662863044
0.239875,0.322726170735642
0.24,0.32310266247446
0.240125,0.323479137856463
0.24025,0.323855596662083
0.240375,0.324232038675348
0.2405,0.324608463684004
0.240625,0.324984871479632
0.24075,0.325361261857758
0.240875,0.325737634617966
0.241,0.326113989564001
0.241125,0.326490326502526
0.24125,0.326866645237499
0.241375,0.327242945571392
0.2415,0.327619227306238
0.241625,0.32799549024375
0.24175,0.328371734185436
0.241875,0.328747958932717
0.242,0.329124164287045
0.242125,0.329500350050012
0.24225,0.32987651602342
0.242375,0.330252662009414
0.2425,0.330628787810594
0.242625,0.331004893230142
0.24275,0.331380978071926
0.242875,0.331757042140623
0.243,0.332133085241827
0.243125,0.332509107182161
0.24325,0.332885107769361
0.243375,0.333261086812399
0.2435,0.33363704412159
0.243625,0.334012979508706
0.24375,0.334388892787083
0.243875,0.33476478377173
0.244,0.335140652279431
0.244125,0.335516498128856
0.24425,0.335892321140653
0.244375,0.336268121137556
0.2445,0.336643897944487
0.244625,0.337019651388652
0.24475,0.337395381299646
0.244875,0.337771087509541
0.245,0.33814676985299
0.245125,0.338522428167318
0.24525,0.338898062292631
0.245375,0.339273672071898
0.2455,0.339649257351047
0.245625,0.34002481797904
0.24575,0.340400353807969
0.245875,0.34077586469313
0.246,0.34115135049311
0.246125,0.341526811068739
0.24625,0.34190224627841
0.246375,0.342277655979081
0.2465,0.34265304002714
0.246625,0.343028398278495
0.24675,0.343403730588664
0.246875,0.343779036812865
0.247,0.344154316806108
0.247125,0.344529570423285
0.24725,0.344904797519277
0.247375,0.345279997949042
0.2475,0.345655171567698
0.247625,0.346030318230618
0.24775,0.346405437793515
0.247875,0.346780530112531
0.248,0.347155595044327
0.248125,0.347530632446178
0.24825,0.347905642176084
0.248375,0.348280624092858
0.2485,0.348655578056202
0.248625,0.349030503926795
0.24875,0.349405401566376
0.248875,0.349780270837831
0.249,0.350155111605272
0.249125,0.350529923734133
0.24925,0.350904707091291
0.249375,0.35127946154514
0.2495,0.351654186965663
0.249625,0.35202888322451
0.24975,0.352403550195075
0.249875,0.352778187752573
0.25,0.353152795774114
0.250125,0.353527374138791
0.25025,0.353901922727807
0.250375,0.35427644142454
0.2505,0.354650930114595
0.250625,0.355025388685883
0.25075,0.355399817028679
0.250875,0.355774215035692
0.251,0.356148582602127
0.251125,0.356522919624834
0.25125,0.356897225998476
0.251375,0.357271501616352
0.2515,0.3576457463711
0.251625,0.358019960154767
0.25175,0.358394142858882
0.251875,0.358768294374531
0.252,0.359142414592426
0.252125,0.35951650340299
0.25225,0.359890560696491
0.252375,0.360264586363096
0.2525,0.360638580292943
0.252625,0.361012542376206
0.25275,0.361386472503167
0.252875,0.361760370564293
0.253,0.362134236450304
0.253125,0.36250807005226
0.25325,0.362881871261699
0.253375,0.363255639970698
0.2535,0.363629376071927
0.253625,0.36400307945872
0.25375,0.364376750025147
0.253875,0.364750387666078
0.254,0.365123992277253
0.254125,0.365497563755369
0.25425,0.365871101998222
0.254375,0.36624460690476
0.2545,0.366618078375134
0.254625,0.366991516310764
0.25475,0.367364920614398
0.254875,0.367738291190178
0.255,0.368111627943702
0.255125,0.368484930782102
0.25525,0.368858199614196
0.255375,0.369231434350531
0.2555,0.369604634903421
0.255625,0.369977801187007
0.25575,0.37035093311731
0.255875,0.370724030612286
0.256,0.371097093591877
0.256125,0.371470121977323
0.25625,0.371843115688057
0.256375,0.372216074642374
0.2565,0.372588998757998
0.256625,0.372961887952146
0.25675,0.373334742141582
0.256875,0.373707561242682
0.257,0.374080345171489
0.257125,0.374453093843794
0.25725,0.374825807175291
0.257375,0.375198485081614
0.2575,0.375571127478383
0.257625,0.375943734281263
0.25775,0.376316305406025
0.257875,0.376688840768602
0.258,0.37706134028515
0.258125,0.377433803872129
0.25825,0.377806231446461
0.258375,0.378178622925568
0.2585,0.378550978227411
0.258625,0.378923297270553
0.25875,0.379295579974208
0.258875,0.379667826258301
0.259,0.380040036043524
0.259125,0.380412209251411
0.25925,0.38078434580451
0.259375,0.381156445626407
0.2595,0.381528508641767
0.259625,0.38190053477638
0.25975,0.382272523957219
0.259875,0.382644476112485
0.26,0.38301639117166
0.260125,0.38338826906558
0.26025,0.383760109726607
0.260375,0.384131913088647
0.2605,0.384503679087182
0.260625,0.384875407659311
0.26075,0.385247098743796
0.260875,0.385618752281102
0.261,0.385990368213445
0.261125,0.386361946484214
0.26125,0.386733487035439
0.261375,0.387104989808324
0.2615,0.387476454743721
0.261625,0.387847881782172
0.26175,0.38821927086396
0.261875,0.388590621929152
0.262,0.388961934917649
0.262125,0.389333209769259
0.26225,0.389704446423863
0.262375,0.39007564482144
0.2625,0.390446804902093
0.262625,0.390817926606095
0.26275,0.391189009873935
0.262875,0.391560054646365
0.263,0.391931060864445
0.263125,0.392302028469617
0.26325,0.392672957403877
0.263375,0.393043847609798
0.2635,0.393414699030546
0.263625,0.393785511609932
0.26375,0.39415628529245
0.263875,0.39452702002332
0.264,0.394897715748531
0.264125,0.395268372414916
0.26425,0.395638989970322
0.264375,0.396009568363631
0.2645,0.396380107544769
0.264625,0.396750607464755
0.26475,0.397121068075731
0.264875,0.397491489331002
0.265,0.397861871185074
0.265125,0.398232213593721
0.26525,0.398602516514166
0.265375,0.39897277990508
0.2655,0.3993430037266
0.265625,0.399713187940356
0.26575,0.400083332509504
0.265875,0.400453437398759
0.266,0.400823502574418
0.266125,0.401193528003874
0.26625,0.401563513653427
0.266375,0.401933459488743
0.2665,0.402303365475249
0.266625,0.402673231578164
0.26675,0.403043057762537
0.266875,0.403412843993275
0.267,0.40378259023518
0.267125,0.404152296453017
0.26725,0.404521962611683
0.267375,0.404891588676218
0.2675,0.40526117461181
0.267625,0.405630720383834
0.26775,0.40600022595788
0.267875,0.406369691299786
0.268,0.406739116375674
0.268125,0.407108501152011
0.26825,0.407477845595791
0.268375,0.407847149674535
0.2685,0.408216413356298
0.268625,0.408585636609704
0.26875,0.408954819403968
0.268875,0.409323961708934
0.269,0.409693063495098
0.269125,0.410062124733677
0.26925,0.410431145396783
0.269375,0.410800125457429
0.2695,0.411169064889522
0.269625,0.411537963667899
0.26975,0.411906821768344
0.269875,0.41227563916762
0.27,0.412644415843488
0.270125,0.413013151774774
0.27025,0.413381846941544
0.270375,0.413750501325096
0.2705,0.414119114907959
0.270625,0.414487687673915
0.27075,0.414856219608011
0.270875,0.415224710696589
0.271,0.415593160927297
0.271125,0.415961570288623
0.27125,0.416329938767855
0.271375,0.416698266351497
0.2715,0.417066553025629
0.271625,0.417434798775926
0.27175,0.417803003587687
0.271875,0.418171167445853
0.272,0.418539290335032
0.272125,0.418907372239559
0.27225,0.419275413143672
0.272375,0.419643413031505
0.2725,0.420011371887088
0.272625,0.420379289694368
0.27275,0.420747166437235
0.272875,0.421115002099543
0.273,0.421482796665136
0.273125,0.421850550117905
0.27325,0.422218262441969
0.273375,0.422585933621669
0.2735,0.42295356364156
0.273625,0.423321152486438
0.27375,0.423688700141362
0.273875,0.424056206591673
0.274,0.424423671823019
0.274125,0.42479109582141
0.27425,0.425158478573403
0.274375,0.425525820066093
0.2745,0.425893120287101
0.274625,0.426260379224601
0.27475,0.426627596867332
0.274875,0.426994773204626
0.275,0.427361908226419
0.275125,0.427729001923311
0.27525,0.428096054286751
0.275375,0.428463065309018
0.2755,0.428830034983211
0.275625,0.42919696330327
0.27575,0.429563850263987
0.275875,0.429930695861024
0.276,0.430297500090922
0.276125,0.43066426295062
0.27625,0.431030984435323
0.276375,0.431397664538934
0.2765,0.431764303254425
0.276625,0.432130900573853
0.27675,0.432497456488384
0.276875,0.432863970988316
0.277,0.433230444063094
0.277125,0.433596875701379
0.27725,0.433963265891218
0.277375,0.434329614620044
0.2775,0.43469592187467
0.277625,0.435062187641311
0.27775,0.43542841190561
0.277875,0.435794594652664
0.278,0.436160735867039
0.278125,0.436526835532845
0.27825,0.436892893633907
0.278375,0.43725891015377
0.2785,0.437624885075691
0.278625,0.437990818382664
0.27875,0.438356710057447
0.278875,0.438722560082582
0.279,0.439088368440426
0.279125,0.439454135113209
0.27925,0.439819860083226
0.279375,0.440185543332827
0.2795,0.440551184844417
0.279625,0.440916784600479
0.27975,0.441282342583597
0.279875,0.441647858776482
0.28,0.442013333161994
0.280125,0.442378765723208
0.28025,0.4427441564436
0.280375,0.443109505307044
0.2805,0.443474812297804
0.280625,0.443840077400556
0.28075,0.444205300600409
0.280875,0.444570481882931
0.281,0.444935621234167
0.281125,0.445300718640079
0.28125,0.445665774084108
0.281375,0.446030787547673
0.2815,0.446395759010602
0.281625,0.446760688451162
0.28175,0.447125575846086
0.281875,0.447490421170608
0.282,0.447855224398494
0.282125,0.44821998550211
0.28225,0.448584704452621
0.282375,0.448949381219988
0.2825,0.449314015772979
0.282625,0.449678608079205
0.28275,0.450043158105153
0.282875,0.450407665816226
0.283,0.450772131176774
0.283125,0.451136554150175
0.28325,0.451500934699033
0.283375,0.451865272785187
0.2835,0.45222956836972
0.283625,0.452593821412998
0.28375,0.452958031874708
0.283875,0.453322199713899
0.284,0.453686324889016
0.284125,0.454050407357986
0.28425,0.454414447078423
0.284375,0.454778444007635
0.2845,0.455142398102636
0.284625,0.455506309320186
0.28475,0.455870177616829
0.284875,0.456234002948935
0.285,0.456597785272739
0.285125,0.456961524544419
0.28525,0.457325220720315
0.285375,0.457688873756931
0.2855,0.458052483610948
0.285625,0.458416050239258
0.28575,0.458779573599009
0.285875,0.459143053647638
0.286,0.45950649034291
0.286125,0.459869883642242
0.28625,0.46023323349971
0.286375,0.460596539866675
0.2865,0.460959802692326
0.286625,0.461323021923728
0.28675,0.461686197505873
0.286875,0.462049329381728
0.287,0.462412417492289
0.287125,0.462775461776672
0.28725,0.463138462172338
0.287375,0.463501418615111
0.2875,0.463864331039206
0.287625,0.464227199377288
0.28775,0.464590023560524
0.287875,0.464952803518646
0.288,0.465315539180004
0.288125,0.465678230471666
0.28825,0.466040877319657
0.288375,0.466403479648979
0.2885,0.466766037383642
0.288625,0.467128550446732
0.28875,0.467491018760461
0.288875,0.467853442246234
0.289,0.468215820824712
0.289125,0.46857815441591
0.28925,0.468940442939448
0.289375,0.469302686314572
0.2895,0.46966488446019
0.289625,0.470027037294931
0.28975,0.470389144737209
0.289875,0.470751206705282
0.29,0.471113223117313
0.290125,0.471475193891481
0.29025,0.47183711894623
0.290375,0.472198998200296
0.2905,0.472560831572732
0.290625,0.472922618982974
0.29075,0.473284360350895
0.290875,0.473646055596868
0.291,0.474007704641822
0.291125,0.474369307406398
0.29125,0.474730863807167
0.291375,0.475092373757434
0.2915,0.475453837167938
0.291625,0.475815253946921
0.29175,0.476176624000201
0.291875,0.476537947231249
0.292,0.476899223541262
0.292125,0.477260452829288
0.29225,0.477621634992482
0.292375,0.477982769926157
0.2925,0.478343857523828
0.292625,0.478704897677292
0.29275,0.479065890276711
0.292875,0.479426835210695
0.293,0.479787732366377
0.293125,0.480148581629551
0.29325,0.480509382884947
0.293375,0.480870136016277
0.2935,0.481230840906286
0.293625,0.481591497436841
0.29375,0.48195210548901
0.293875,0.48231266494315
0.294,0.48267317567899
0.294125,0.48303363757577
0.29425,0.483394050512526
0.294375,0.483754414368144
0.2945,0.484114729021404
0.294625,0.484474994351068
0.29475,0.484835210235964
0.294875,0.48519537655507
0.295,0.485555493187598
0.295125,0.485915560013129
0.29525,0.48627557691192
0.295375,0.486635543764941
0.2955,0.486995460453921
0.295625,0.487355326861431
0.29575,0.487715142870963
0.295875,0.488074908367011
0.296,0.488434623235149
0.296125,0.488794287360962
0.29625,0.489153900625254
0.296375,0.489513462905076
0.2965,0.489872974074612
0.296625,0.490232434005273
0.29675,0.490591842565792
0.296875,0.490951199622321
0.297,0.491310505038534
0.297125,0.491669758675771
0.29725,0.49202896039336
0.297375,0.492388110048673
0.2975,0.492747207497195
0.297625,0.493106252592627
0.29775,0.493465245186988
0.297875,0.493824185130722
0.298,0.494183072272803
0.298125,0.494541906460894
0.29825,0.494900687541682
0.298375,0.495259415360939
0.2985,0.495618089763596
0.298625,0.495976710593843
0.29875,0.496335277695243
0.298875,0.496693790910832
0.299,0.497052250083232
0.299125,0.497410655054814
0.29925,0.497769005668046
0.299375,0.498127301765558
0.2995,0.498485543190203
0.299625,0.498843729785167
0.29975,0.49920186139407
0.299875,0.499559937861075
0.3,0.49991795903099
0.300125,0.500275924749432
0.30025,0.500633834863196
0.300375,0.500991689220299
0.3005,0.501349487670043
0.300625,0.501707230063117
0.30075,0.502064916251689
0.300875,0.502422546089511
0.301,0.502780119432011
0.301125,0.503137636134955
0.30125,0.503495096048448
0.301375,0.503852499018216
0.3015,0.504209844886716
0.301625,0.504567133493244
0.30175,0.504924364674059
0.301875,0.505281538262493
0.302,0.505638654089081
0.302125,0.505995711981732
0.30225,0.506352711766111
0.302375,0.506709653265712
0.3025,0.507066536301939
0.302625,0.507423360694231
0.30275,0.507780126260189
0.302875,0.5081368328157
0.303,0.508493480175067
0.303125,0.508850068151196
0.30325,0.509206596556
0.303375,0.509563065200469
0.3035,0.509919473894758
0.303625,0.510275822448314
0.30375,0.510632110670004
0.303875,0.510988338368245
0.304,0.511344505351132
0.304125,0.511700611426632
0.30425,0.512056656403005
0.304375,0.512412640088872
0.3045,0.512768562293299
0.304625,0.513124422825919
0.30475,0.513480221497058
0.304875,0.513835958117865
0.305,0.514191632500429
0.305125,0.514547244457982
0.30525,0.514902793805327
0.305375,0.515258280358899
0.3055,0.515613703936834
0.305625,0.515969064359094
0.30575,0.516324361447574
0.305875,0.516679595026227
0.306,0.517034764921173
0.306125,0.517389870959054
0.30625,0.517744912959663
0.306375,0.518099890737518
0.3065,0.518454804103216
0.306625,0.518809652863564
0.30675,0.519164436821723
0.306875,0.519519155777344
0.307,0.519873809526717
0.307125,0.52022839786298
0.30725,0.520582920576565
0.307375,0.520937377455288
0.3075,0.521291768284446
0.307625,0.521646092846965
0.30775,0.522000350923553
0.307875,0.522354542292845
0.308,0.52270866673156
0.308125,0.523062724014722
0.30825,0.523416713916137
0.308375,0.523770636208479
0.3085,0.524124490663396
0.308625,0.524478277051656
0.30875,0.524831995143309
0.308875,0.525185644707831
0.309,0.525539225514284
0.309125,0.525892737331546
0.30925,0.526246179928806
0.309375,0.526599553075648
0.3095,0.526952856542151
0.309625,0.527306090099033
0.30975,0.52765925351781
0.309875,0.528012346570935
0.31,0.528365369031955
0.310125,0.52871832067574
0.31025,0.529071201278994
0.310375,0.529424010620331
0.3105,0.529776748480356
0.310625,0.530129414641809
0.31075,0.530482008889706
0.310875,0.530834531011473
0.311,0.531186980797088
0.311125,0.531539358037096
0.31125,0.531891662513745
0.311375,0.532243894002881
0.3115,0.53259605227557
0.311625,0.532948137098261
0.31175,0.533300148232953
0.311875,0.533652085437364
0.312,0.534003948465103
0.312125,0.534355737065924
0.31225,0.534707450986251
0.312375,0.535059089969292
0.3125,0.535410653755149
0.312625,0.535762142081005
0.31275,0.536113554681299
0.312875,0.536464891287904
0.313,0.536816151630317
0.313125,0.537167335435922
0.31325,0.537518442430552
0.313375,0.5378694723386
0.3135,0.538220424883141
0.313625,0.538571299786115
0.31375,0.538922096768514
0.313875,0.539272815550564
0.314,0.539623455851909
0.314125,0.539974017391891
0.31425,0.540324499890136
0.314375,0.540674903066661
0.3145,0.541025226641986
0.314625,0.54137547033732
0.31475,0.541725633874741
0.314875,0.542075716977375
0.315,0.542425719369575
0.315125,0.542775640777201
0.31525,0.543125480928227
0.315375,0.54347523955283
0.3155,0.543824916383499
0.315625,0.544174511155198
0.31575,0.544524023605542
0.315875,0.544873453474961
0.316,0.545222800506868
0.316125,0.545572064445322
0.31625,0.545921245024586
0.316375,0.546270341971362
0.3165,0.546619355006706
0.316625,0.546968283846229
0.31675,0.547317128200294
0.316875,0.547665887774224
0.317,0.548014562268502
0.317125,0.548363151379081
0.31725,0.54871165479801
0.317375,0.549060072213562
0.3175,0.549408403310383
0.317625,0.549756647769701
0.31775,0.550104805269547
0.317875,0.550452875484967
0.318,0.550800858088246
0.318125,0.551148752749225
0.31825,0.551496559135972
0.318375,0.551844276914911
0.3185,0.552191905750978
0.318625,0.55253944530783
0.31875,0.552886895248076
0.318875,0.553234255233495
0.319,0.553581524925255
0.319125,0.553928703984247
0.31925,0.554275792071785
0.319375,0.554622788849728
0.3195,0.554969693980629
0.319625,0.555316507127942
0.31975,0.555663227956249
0.319875,0.556009856131466
0.32,0.556356391321065
0.320125,0.556702833194403
0.32025,0.557049181423445
0.320375,0.557395435682874
0.3205,0.557741595650217
0.320625,0.558087661006045
0.32075,0.558433631434182
0.320875,0.558779506621897
0.321,0.559125286260111
0.321125,0.559470970040695
0.32125,0.559816557644391
0.321375,0.560162048743407
0.3215,0.560507443003638
0.321625,0.560852740084904
0.32175,0.561197939641183
0.321875,0.561543041320857
0.322,0.561888044766949
0.322125,0.562232949617494
0.32225,0.562577755506274
0.322375,0.56292246206298
0.3225,0.563267068913374
0.322625,0.563611575679548
0.32275,0.563955981980174
0.322875,0.564300287430759
0.323,0.564644491643903
0.323125,0.564988594229681
0.32325,0.565332594796431
0.323375,0.565676492950912
0.3235,0.566020288298472
0.323625,0.56636398044331
0.32375,0.566707568988735
0.323875,0.567051053537419
0.324,0.56739443369166
0.324125,0.567737709053774
0.32425,0.568080879226919
0.324375,0.568423943815239
0.3245,0.568766902424031
0.324625,0.569109754659994
0.32475,0.569452500131482
0.324875,0.569795138448754
0.325,0.570137669224224
0.325125,0.57048009207285
0.32525,0.570822406612988
0.325375,0.571164612466518
0.3255,0.57150670925898
0.325625,0.571848696619816
0.32575,0.5721905741826
0.325875,0.572532341585272
0.326,0.572873998470363
0.326125,0.573215544481935
0.32625,0.573556979251846
0.326375,0.573898302402701
0.3265,0.574239513550383
0.326625,0.57458061230432
0.32675,0.574921598267759
0.326875,0.57526247103804
0.327,0.575603230206874
0.327125,0.575943875360762
0.32725,0.576284406081875
0.327375,0.576624821948218
0.3275,0.576965122533821
0.327625,0.577305307409028
0.32775,0.577645376140778
0.327875,0.577985328292902
0.328,0.578325163426408
0.328125,0.578664881099923
0.32825,0.57900448087062
0.328375,0.579343962294387
0.3285,0.579683324926014
0.328625,0.580022568319483
0.32875,0.580361692028262
0.328875,0.580700695605596
0.329,0.581039578604793
0.329125,0.581378340579678
0.32925,0.581716981085555
0.329375,0.582055499679364
0.3295,0.582393895919856
0.329625,0.582732169367875
0.32975,0.583070319586641
0.329875,0.583408346142025
0.33,0.583746248602834
0.330125,0.584084026541248
0.33025,0.58442167953382
0.330375,0.584759207161602
0.3305,0.585096609010296
0.330625,0.585433884670513
0.33075,0.585771033738035
0.330875,0.586108055814067
0.331,0.586444950505492
0.331125,0.586781717421438
0.33125,0.587118356157919
0.331375,0.587454866301124
0.3315,0.587791247430249
0.331625,0.58812749911779
0.33175,0.58846362092984
0.331875,0.588799612426397
0.332,0.58913547316166
0.332125,0.589471202684511
0.33225,0.589806800539527
0.332375,0.590142266267155
0.3325,0.590477599403909
0.332625,0.590812799482681
0.33275,0.591147866033059
0.332875,0.591482798581643
0.333,0.591817596652356
0.333125,0.592152259766945
0.33325,0.592486787446047
0.333375,0.592821179209359
0.3335,0.593155434575837
0.333625,0.593489553064009
0.33375,0.59382353419229
0.333875,0.594157377479301
0.334,0.594491082444183
0.334125,0.594824648607095
0.33425,0.595158075490326
0.334375,0.595491362618453
0.3345,0.595824509518514
0.334625,0.596157515720315
0.33475,0.596490380756734
0.334875,0.596823104164022
0.335,0.5971556854821
0.335125,0.597488124255051
0.33525,0.597820420032267
0.335375,0.598152572368568
0.3355,0.598484580824347
0.335625,0.598816444965855
0.33575,0.599148164365475
0.335875,0.599479738601991
0.336,0.599811167260862
0.336125,0.600142449930433
0.33625,0.600473586185008
0.336375,0.600804575588472
0.3365,0.60113541769739
0.336625,0.601466112061323
0.33675,0.601796658223148
0.336875,0.602127055719378
0.337,0.602457304080487
0.337125,0.602787402831435
0.33725,0.603117351492823
0.337375,0.603447149581066
0.3375,0.603776796608587
0.337625,0.604106292084154
0.33775,0.604435635513212
0.337875,0.604764826398219
0.338,0.605093864238981
0.338125,0.605422748533201
0.33825,0.605751478777686
0.338375,0.606080054468515
0.3385,0.606408475101236
0.338625,0.6067367401712
0.33875,0.607064849173893
0.338875,0.607392801605274
0.339,0.607720596962103
0.339125,0.608048234742497
0.33925,0.608375714447181
0.339375,0.608703035579637
0.3395,0.609030197646282
0.339625,0.609357200156783
0.33975,0.609684042624383
0.339875,0.610010724566213
0.34,0.61033724550361
0.340125,0.610663604962656
0.34025,0.610989802475465
0.340375,0.611315837580296
0.3405,0.611641709821693
0.340625,0.611967418750778
0.34075,0.612292963925538
0.340875,0.612618344911116
0.341,0.612943561280087
0.341125,0.613268612608339
0.34125,0.613593498456701
0.341375,0.613918218374857
0.3415,0.6142427719047
0.341625,0.614567158580665
0.34175,0.61489137793006
0.341875,0.615215429473408
0.342,0.615539312724789
0.342125,0.615863027192407
0.34225,0.61618657237989
0.342375,0.616509947786458
0.3425,0.616833152907113
0.342625,0.617156187232989
0.34275,0.617479050251704
0.342875,0.617801741447713
0.343,0.618124260302662
0.343125,0.618446606295978
0.34325,0.618768778906229
0.343375,0.619090777611284
0.3435,0.619412601888503
0.343625,0.619734251215084
0.34375,0.620055725068423
0.343875,0.620377022926456
0.344,0.620698144268014
0.344125,0.621019088573419
0.34425,0.621339855325888
0.344375,0.621660444011672
0.3445,0.621980854120223
0.344625,0.622301085144533
0.34475,0.62262113658147
0.344875,0.622941007932105
0.345,0.623260698702047
0.345125,0.623580208402028
0.34525,0.623899536549337
0.345375,0.624218682667926
0.3455,0.624537646288536
0.345625,0.624856426949005
0.34575,0.625175024194574
0.345875,0.625493437578178
0.346,0.625811666660745
0.346125,0.626129711006776
0.34625,0.626447570164677
0.346375,0.626765243670936
0.3465,0.62708273105371
0.346625,0.627400031833171
0.34675,0.627717145521853
0.346875,0.628034071625015
0.347,0.628350809640991
0.347125,0.628667359061811
0.34725,0.62898371937465
0.347375,0.629299890061983
0.3475,0.629615870601772
0.347625,0.629931660467837
0.34775,0.630247259130219
0.347875,0.630562666055555
0.348,0.630877880707448
0.348125,0.631192902547104
0.34825,0.631507731034848
0.348375,0.63182236563027
0.3485,0.632136805792413
0.348625,0.632451050980139
0.34875,0.632765100652502
0.348875,0.63307895426911
0.349,0.6333926112905
0.349125,0.633706071178774
0.34925,0.634019333399165
0.349375,0.634332397420164
0.3495,0.63464526271368
0.349625,0.634957928755395
0.34975,0.635270395025115
0.349875,0.635582661007118
0.35,0.635894726190499
0.350125,0.636206590069806
0.35025,0.636518252146628
0.350375,0.636829711929687
0.3505,0.63714096893496
0.350625,0.637452022685998
0.35075,0.637762872714244
0.350875,0.638073518559343
0.351,0.638383959769449
0.351125,0.638694195896555
0.35125,0.639004226475704
0.351375,0.639314051029403
0.3515,0.639623669071409
0.351625,0.639933080107086
0.35175,0.640242283633779
0.351875,0.640551279141179
0.352,0.640860066111702
0.352125,0.641168644021154
0.35225,0.641477012340334
0.352375,0.641785170535177
0.3525,0.642093118066941
0.352625,0.642400854392589
0.35275,0.642708378965174
0.352875,0.643015691234227
0.353,0.643322790646144
0.353125,0.643629676644878
0.35325,0.643936348673604
0.353375,0.644242806174858
0.3535,0.644549048590719
0.353625,0.644855075363193
0.35375,0.645160885934598
0.353875,0.645466479747947
0.354,0.645771856247333
0.354125,0.646077014878621
0.35425,0.646381955091169
0.354375,0.646686676337939
0.3545,0.646991178075654
0.354625,0.647295459765169
0.35475,0.647599520871831
0.354875,0.647903360865845
0.355,0.648206979222631
0.355125,0.648510375423511
0.35525,0.648813548957454
0.355375,0.64911649932115
0.3555,0.649419226019125
0.355625,0.64972172856407
0.35575,0.650024006477172
0.355875,0.650326059288434
0.356,0.650627886536995
0.356125,0.65092948776625
0.35625,0.651230862502151
0.356375,0.651532010257808
0.3565,0.651832930537438
0.356625,0.652133622836741
0.35675,0.652434086643276
0.356875,0.65273432143685
0.357,0.653034326689904
0.357125,0.653334101868224
0.35725,0.653633646432706
0.357375,0.653932959839477
0.3575,0.654232041540075
0.357625,0.654530890981846
0.35775,0.654829507608334
0.357875,0.655127890859689
0.358,0.655426040173063
0.358125,0.655723954983346
0.35825,0.656021634724992
0.358375,0.65631907883214
0.3585,0.656616286738785
0.358625,0.65691325787917
0.35875,0.657209991688182
0.358875,0.657506487601752
0.359,0.657802745057241
0.359125,0.658098763494185
0.35925,0.658394542356166
0.359375,0.658690081090912
0.3595,0.658985379150436
0.359625,0.659280435991408
0.35975,0.659575251075536
0.359875,0.659869823869932
0.36,0.66016415384748
0.360125,0.660458240487561
0.36025,0.66075208327796
0.360375,0.661045681714917
0.3605,0.661339035303221
0.360625,0.661632143556544
0.36075,0.661925005997781
0.360875,0.66221762215937
0.361,0.66250999158362
0.361125,0.662802113817667
0.36125,0.663093988391084
0.361375,0.663385614820625
0.3615,0.663676992614283
0.361625,0.663968121271679
0.36175,0.66425900028444
0.361875,0.664549629136591
0.362,0.664840007304949
0.362125,0.665130134259871
0.36225,0.665420009467169
0.362375,0.665709632388215
0.3625,0.66599900248009
0.362625,0.666288119195989
0.36275,0.666576981985619
0.362875,0.666865590295602
0.363,0.66715394356988
0.363125,0.667442041250483
0.36325,0.667729882779515
0.363375,0.668017467599241
0.3635,0.668304795152236
0.363625,0.668591864881783
0.36375,0.668878676232268
0.363875,0.669165228649577
0.364,0.669451521581487
0.364125,0.669737554478448
0.36425,0.670023326795601
0.364375,0.670308837992846
0.3645,0.670594087534961
0.364625,0.670879074891973
0.36475,0.671163799539532
0.364875,0.671448260959278
0.365,0.671732458639208
0.365125,0.672016392074433
0.36525,0.672300060769233
0.365375,0.672583464237072
0.3655,0.672866602000668
0.365625,0.673149473592324
0.36575,0.673432078554255
0.365875,0.673714416438911
0.366,0.673996486809294
0.366125,0.674278289233806
0.36625,0.674559823263403
0.366375,0.674841088436417
0.3665,0.675122084282685
0.366625,0.675402810323932
0.36675,0.675683266074141
0.366875,0.675963451039943
0.367,0.676243364721
0.367125,0.676523006610784
0.36725,0.676802376198635
0.367375,0.677081472969829
0.3675,0.677360296405695
0.367625,0.677638845984015
0.36775,0.677917121179413
0.367875,0.678195121463752
0.368,0.678472846306526
0.368125,0.678750295175667
0.36825,0.679027467539653
0.368375,0.679304362867574
0.3685,0.679580980629238
0.368625,0.679857320295564
0.36875,0.680133381338968
0.368875,0.680409163233745
0.369,0.680684665456462
0.369125,0.68095988748675
0.36925,0.681234828809468
0.369375,0.681509488914734
0.3695,0.681783867297998
0.369625,0.682057963460413
0.36975,0.682331776909193
0.369875,0.682605307157969
0.37,0.68287855372714
0.370125,0.683151516144661
0.37025,0.683424193948221
0.370375,0.683696586685228
0.3705,0.683968693912834
0.370625,0.684240515198252
0.37075,0.684512050119075
0.370875,0.684783298263585
0.371,0.685054259231046
0.371125,0.685324932626508
0.37125,0.685595318037744
0.371375,0.685865415040104
0.3715,0.686135223200657
0.371625,0.686404742078557
0.37175,0.686673971225402
0.371875,0.686942910185608
0.372,0.687211558496776
0.372125,0.687479915690495
0.37225,0.687747981294518
0.372375,0.688015754832792
0.3725,0.688283235825539
0.372625,0.688550423789636
0.37275,0.688817318238991
0.372875,0.689083918684923
0.373,0.689350224636539
0.373125,0.689616235601559
0.37325,0.689881951088547
0.373375,0.690147370606931
0.3735,0.690412493667073
0.373625,0.690677319780647
0.37375,0.690941848461003
0.373875,0.69120607922354
0.374,0.691470011586072
0.374125,0.691733645069646
0.37425,0.69199697920082
0.374375,0.692260013511651
0.3745,0.692522747539734
0.374625,0.692785180828546
0.37475,0.693047312927794
0.374875,0.693309143393751
0.375,0.693570671789588
0.375125,0.693831897686178
0.37525,0.694092820664392
0.375375,0.694353440315037
0.3755,0.694613756238843
0.375625,0.694873768046762
0.37575,0.695133475360268
0.375875,0.695392877811643
0.376,0.695651975044264
0.376125,0.695910766707391
0.37625,0.696169252433173
0.376375,0.696427431841463
0.3765,0.696685304543933
0.376625,0.696942870144415
0.37675,0.697200128239251
0.376875,0.697457078417636
0.377,0.697713720261976
0.377125,0.697970053348696
0.37725,0.698226077250536
0.377375,0.698481791536525
0.3775,0.698737195772035
0.377625,0.698992289519129
0.37775,0.699247072336927
0.377875,0.699501543781964
0.378,0.699755703408547
0.378125,0.70000955076959
0.37825,0.700263085418959
0.378375,0.700516306911442
0.3785,0.700769214802783
0.378625,0.701021808650036
0.37875,0.701274088011918
0.378875,0.701526052449154
0.379,0.701777701524827
0.379125,0.70202903480521
0.37925,0.702280051862144
0.379375,0.702530752272988
0.3795,0.702781135620614
0.379625,0.703031201493734
0.37975,0.703280949487229
0.379875,0.703530379202464
0.38,0.703779490247605
0.380125,0.704028282238426
0.38025,0.704276754800716
0.380375,0.704524907570171
0.3805,0.704772740192338
0.380625,0.705020252322905
0.38075,0.705267443627971
0.380875,0.705514313784322
0.381,0.70576086247969
0.381125,0.706007089407613
0.38125,0.70625299424475
0.381375,0.706498576655614
0.3815,0.706743836296616
0.381625,0.706988772816383
0.38175,0.707233385856087
0.381875,0.707477675049777
0.382,0.707721640024706
0.382125,0.707965280402159
0.38225,0.708208595799835
0.382375,0.708451585831795
0.3825,0.708694250108461
0.382625,0.708936588236955
0.38275,0.709178599821441
0.382875,0.709420284463465
0.383,0.709661641762291
0.383125,0.709902671315746
0.38325,0.710143372722658
0.383375,0.710383745582788
0.3835,0.710623789496824
0.383625,0.710863504066715
0.38375,0.711102888896003
0.383875,0.711341943590152
0.384,0.711580667756879
0.384125,0.711819061006985
0.38425,0.712057122956842
0.384375,0.712294853228285
0.3845,0.712532251448583
0.384625,0.71276931725074
0.38475,0.713006050273805
0.384875,0.713242450163168
0.385,0.713478516570864
0.385125,0.713714249156377
0.38525,0.713949647589146
0.385375,0.714184711548416
0.3855,0.714419440723143
0.385625,0.714653834812266
0.38575,0.71488789352496
0.385875,0.715121616580891
0.386,0.715355003710463
0.386125,0.715588054649785
0.38625,0.715820769118565
0.386375,0.71605314682471
0.3865,0.716285187468245
0.386625,0.716516890741623
0.38675,0.716748256330027
0.386875,0.716979283911683
0.387,0.717209973158171
0.387125,0.717440323735253
0.38725,0.717670335305348
0.387375,0.717900007527433
0.3875,0.718129340057007
0.387625,0.718358332546414
0.38775,0.718586984645156
0.387875,0.718815296000214
0.388,0.719043266256371
0.388125,0.719270895057051
0.38825,0.719498182046847
0.388375,0.719725126871414
0.3885,0.719951729177418
0.388625,0.720177988612854
0.38875,0.720403904827357
0.388875,0.720629477472507
0.389,0.72085470620214
0.389125,0.721079590673185
0.38925,0.72130413054823
0.389375,0.721528325495372
0.3895,0.721752175188153
0.389625,0.721975679305838
0.38975,0.722198837533705
0.389875,0.72242164956332
0.39,0.722644115092816
0.390125,0.722866233827708
0.39025,0.723088005483469
0.390375,0.723309429785346
0.3905,0.723530506468228
0.390625,0.723751235276892
0.39075,0.723971615966244
0.390875,0.724191648301543
0.391,0.724411332058635
0.391125,0.72463066701909
0.39125,0.724849652948894
0.391375,0.725068289602867
0.3915,0.725286576728431
0.391625,0.725504514065889
0.39175,0.725722101348713
0.391875,0.725939338303825
0.392,0.72615622465189
0.392125,0.726372760108138
0.39225,0.726588944384919
0.392375,0.726804777191557
0.3925,0.727020258234275
0.392625,0.727235387216489
0.39275,0.7274501638391
0.392875,0.72766458780079
0.393,0.727878658798318
0.393125,0.728092376527356
0.39325,0.728305740685088
0.393375,0.728518750970054
0.3935,0.728731407082067
0.393625,0.728943708722496
0.39375,0.729155655594554
0.393875,0.729367247403578
0.394,0.729578483857312
0.394125,0.72978936466674
0.39425,0.729999889548715
0.394375,0.730210058225772
0.3945,0.730419870426012
0.394625,0.730629325883361
0.39475,0.730838424337831
0.394875,0.731047165535769
0.395,0.731255549230105
0.395125,0.731463575181167
0.39525,0.731671243159318
0.395375,0.731878552944723
0.3955,0.732085504327179
0.395625,0.732292097106339
0.39575,0.732498331091916
0.395875,0.732704206103892
0.396,0.732909721972714
0.396125,0.73311487853466
0.39625,0.733319675611529
0.396375,0.733524113014838
0.3965,0.733728190549386
0.396625,0.733931908013511
0.39675,0.734135265199339
0.396875,0.734338261893042
0.397,0.734540897875094
0.397125,0.734743172921087
0.39725,0.734945086804338
0.397375,0.735146639295695
0.3975,0.735347830163418
0.397625,0.73554865917344
0.39775,0.735749126089625
0.397875,0.735949230674031
0.398,0.736148972687177
0.398125,0.736348351888859
0.39825,0.736547368040804
0.398375,0.736746020906465
0.3985,0.736944310250884
0.398625,0.737142235840949
0.39875,0.737339797445644
0.398875,0.737536994836296
0.399,0.737733827786824
0.399125,0.737930296074558
0.39925,0.738126399482906
0.399375,0.738322137801126
0.3995,0.738517510824158
0.399625,0.73871251835285
0.39975,0.738907160194183
0.399875,0.739101436161487
0.4,0.739295346074657
0.400125,0.739488889760947
0.40025,0.739682067057648
0.400375,0.739874877811808
0.4005,0.740067321880014
0.400625,0.740259399128584
0.40075,0.740451109433734
0.400875,0.740642452681756
0.401,0.740833428769182
0.401125,0.741024037598402
0.40125,0.741214279058556
0.401375,0.741404153029454
0.4015,0.741593659384909
0.401625,0.741782797992948
0.40175,0.74197156871603
0.401875,0.742159971411264
0.402,0.742348005930625
0.402125,0.742535672121751
0.40225,0.74272296983058
0.402375,0.742909898901104
0.4025,0.7430964591752
0.402625,0.743282650492849
0.40275,0.743468472692354
0.402875,0.743653925610571
0.403,0.743839009083122
0.403125,0.744023722945199
0.40325,0.744208067034238
0.403375,0.744392041189659
0.4035,0.744575645252683
0.403625,0.744758879066547
0.40375,0.744941742476708
0.403875,0.745124235331055
0.404,0.745306357480119
0.404125,0.745488108777859
0.40425,0.745669489084355
0.404375,0.745850498265524
0.4045,0.746031136192902
0.404625,0.746211402743834
0.40475,0.746391297801653
0.404875,0.74657082125586
0.405,0.746749973002297
0.405125,0.746928752943918
0.40525,0.747107160993477
0.405375,0.747285197073202
0.4055,0.747462861114529
0.405625,0.747640153058251
0.40575,0.747817072854653
0.405875,0.747993620463644
0.406,0.748169795854889
0.406125,0.748345599003718
0.40625,0.748521029873386
0.406375,0.748696088418679
0.4065,0.748870774588982
0.406625,0.749045088328444
0.40675,0.749219029576156
0.406875,0.749392598266324
0.407,0.749565794328448
0.407125,0.749738617688083
0.40725,0.749911068269486
0.407375,0.750083145995321
0.4075,0.750254850786431
0.407625,0.750426182562018
0.40775,0.750597141239824
0.407875,0.750767726736304
0.408,0.750937938966809
0.408125,0.751107777846353
0.40825,0.751277243292286
0.408375,0.751446335223985
0.4085,0.751615053562622
0.408625,0.751783398231328
0.40875,0.751951369155364
0.408875,0.752118966262286
0.409,0.752286189482107
0.409125,0.752453038748059
0.40925,0.752619513999275
0.409375,0.752785615180459
0.4095,0.752951342241617
0.409625,0.753116695138206
0.40975,0.753281673831274
0.409875,0.753446278287596
0.41,0.753610508479807
0.410125,0.753774364387139
0.41025,0.753937845998103
0.410375,0.754100953310114
0.4105,0.754263686329185
0.410625,0.754426045070029
0.41075,0.754588029556163
0.410875,0.754749639820001
0.411,0.754910875902942
0.411125,0.755071737851614
0.41125,0.755232225701642
0.411375,0.755392339480917
0.4115,0.755552079212369
0.411625,0.755711444914094
0.41175,0.755870436599486
0.411875,0.756029054277375
0.412,0.756187297952156
0.412125,0.756345167624522
0.41225,0.756502663294095
0.412375,0.756659784959082
0.4125,0.756816532616005
0.412625,0.756972906259836
0.41275,0.757128905884132
0.412875,0.757284531481176
0.413,0.757439783042111
0.413125,0.75759466055767
0.41325,0.757749164020834
0.413375,0.757903293426476
0.4135,0.758057048771083
0.413625,0.758210430052879
0.41375,0.758363437271958
0.413875,0.7585160704304
0.414,0.758668329532404
0.414125,0.758820214585004
0.41425,0.758971725600732
0.414375,0.759122862597244
0.4145,0.759273625597012
0.414625,0.759424014627428
0.41475,0.75957402972091
0.414875,0.759723670914997
0.415,0.759872938252449
0.415125,0.76002183178194
0.41525,0.760170351560722
0.415375,0.760318497654209
0.4155,0.760466270135628
0.415625,0.760613669086094
0.41575,0.760760694594674
0.415875,0.760907346758442
0.416,0.761053625682543
0.416125,0.761199531476783
0.41625,0.761345064241037
0.416375,0.761490224068153
0.4165,0.761635011046421
0.416625,0.761779425259661
0.41675,0.761923466787319
0.416875,0.762067135704562
0.417,0.762210432082379
0.417125,0.762353355988265
0.41725,0.762495907488836
0.417375,0.762638086649432
0.4175,0.76277989353382
0.417625,0.76292132820428
0.41775,0.76306239072171
0.417875,0.763203081145724
0.418,0.763343399534748
0.418125,0.763483345946716
0.41825,0.763622920441693
0.418375,0.763762123081478
0.4185,0.763900953929287
0.418625,0.764039413049846
0.41875,0.764177500509478
0.418875,0.764315216376188
0.419,0.764452560719757
0.419125,0.764589533612419
0.41925,0.764726135131493
0.419375,0.764862365358962
0.4195,0.76499822438114
0.419625,0.765133712288738
0.41975,0.76526882917693
0.419875,0.765403575145422
0.42,0.76553795029851
0.420125,0.765671954745744
0.42025,0.765805588604547
0.420375,0.765938851999767
0.4205,0.766071745063299
0.420625,0.76620426793413
0.42075,0.766336420758365
0.420875,0.76646820368926
0.421,0.766599616887249
0.421125,0.766730660516919
0.42125,0.766861334734124
0.421375,0.76699163968853
0.4215,0.767121575525754
0.421625,0.76725114238743
0.42175,0.767380340411263
0.421875,0.767509169731092
0.422,0.767637630476952
0.422125,0.767765722775729
0.42225,0.767893446753723
0.422375,0.768020802536225
0.4225,0.768147790247178
0.422625,0.768274410009236
0.42275,0.768400661943828
0.422875,0.768526546171221
0.423,0.768652062810581
0.423125,0.768777211980632
0.42325,0.768901993802229
0.423375,0.769026408397928
0.4235,0.769150455891639
0.423625,0.769274136408678
0.42375,0.769397450075822
0.423875,0.769520397021363
0.424,0.76964297737516
0.424125,0.769765191269282
0.42425,0.769887038840586
0.424375,0.770008520230267
0.4245,0.770129635583491
0.424625,0.770250385049428
0.42475,0.77037076878129
0.424875,0.770490786936358
0.425,0.770610439676015
0.425125,0.770729727166369
0.42525,0.770848649580816
0.425375,0.770967207099565
0.4255,0.771085399909236
0.425625,0.771203228202867
0.42575,0.771320692179919
0.425875,0.771437792046272
0.426,0.771554528014224
0.426125,0.77167090029986
0.42625,0.771786909111933
0.426375,0.771902554654018
0.4265,0.77201783712634
0.426625,0.772132756725798
0.42675,0.772247313645985
0.426875,0.772361508077221
0.427,0.772475340206575
0.427125,0.772588810218483
0.42725,0.772701918297248
0.427375,0.772814664626593
0.4275,0.772927049389286
0.427625,0.773039072767161
0.42775,0.773150734941149
0.427875,0.773262036091304
0.428,0.77337297639683
0.428125,0.773483556036692
0.42825,0.77359377519213
0.428375,0.773703634046196
0.4285,0.773813132783376
0.428625,0.773922271589605
0.42875,0.774031050652286
0.428875,0.774139470160308
0.429,0.774247530304061
0.429125,0.774355231276039
0.42925,0.774462573273343
0.429375,0.774569556497208
0.4295,0.774676181152601
0.429625,0.774782447448226
0.42975,0.774888355596515
0.429875,0.774993905813633
0.43,0.775099098319469
0.430125,0.775203933338217
0.43025,0.775308411100868
0.430375,0.775412531844708
0.4305,0.775516295812891
0.430625,0.775619703254411
0.43075,0.775722754424073
0.430875,0.775825449582462
0.431,0.775927788995905
0.431125,0.776029772934243
0.43125,0.776131401661486
0.431375,0.776232675437589
0.4315,0.776333594519945
0.431625,0.776434159163374
0.43175,0.776534369620109
0.431875,0.776634226139786
0.432,0.776733728969432
0.432125,0.776832878354036
0.43225,0.776931674538972
0.432375,0.777030117769524
0.4325,0.777128208290475
0.432625,0.777225946346091
0.43275,0.777323332180115
0.432875,0.77742036603575
0.433,0.777517048155651
0.433125,0.777613378782486
0.43325,0.777709358161363
0.433375,0.777804986539344
0.4335,0.77790026416503
0.433625,0.777995191288539
0.43375,0.778089768161483
0.433875,0.778183995036951
0.434,0.778277872169483
0.434125,0.778371399815619
0.43425,0.778464578236323
0.434375,0.778557407696476
0.4345,0.778649888464443
0.434625,0.778742020812041
0.43475,0.778833805014494
0.434875,0.778925241350399
0.435,0.779016330101677
0.435125,0.77910707155411
0.43525,0.779197465999737
0.435375,0.77928751373633
0.4355,0.779377215066937
0.435625,0.779466570299819
0.43575,0.779555579748391
0.435875,0.779644243731147
0.436,0.779732562571598
0.436125,0.779820536596429
0.43625,0.779908166127942
0.436375,0.779995451485435
0.4365,0.780082392986374
0.436625,0.780168990946331
0.43675,0.780255245678939
0.436875,0.780341157495837
0.437,0.780426726706626
0.437125,0.780511953619378
0.43725,0.78059683854297
0.437375,0.78068138178658
0.4375,0.780765583659239
0.437625,0.780849444469782
0.43775,0.780932964526794
0.437875,0.781016144138558
0.438,0.781098983613002
0.438125,0.781181483258208
0.43825,0.781263643384739
0.438375,0.781345464305122
0.4385,0.7814269463334
0.438625,0.781508089785074
0.43875,0.78158889497704
0.438875,0.781669362227528
0.439,0.781749491856035
0.439125,0.781829284183827
0.43925,0.781908739536249
0.439375,0.781987858242194
0.4395,0.782066640633642
0.439625,0.78214508704559
0.43975,0.782223197815971
0.439875,0.782300973285573
0.44,0.782378413797966
0.440125,0.782455519699971
0.44025,0.782532291343957
0.440375,0.782608729087289
0.4405,0.78268483329185
0.440625,0.782760604323942
0.44075,0.782836042554189
0.440875,0.782911148357436
0.441,0.782985922112644
0.441125,0.783060364201442
0.44125,0.783134475002324
0.441375,0.783208254891652
0.4415,0.783281704244491
0.441625,0.783354823434517
0.44175,0.783427612833929
0.441875,0.783500072813359
0.442,0.783572203741786
0.442125,0.783644005986989
0.44225,0.783715479917777
0.442375,0.783786625903451
0.4425,0.783857444313334
0.442625,0.783927935516682
0.44275,0.783998099882593
0.442875,0.784067937779914
0.443,0.784137449577151
0.443125,0.784206635642921
0.44325,0.784275496348161
0.443375,0.784344032065588
0.4435,0.784412243169229
0.443625,0.784480130034321
0.44375,0.784547693037212
0.443875,0.784614932555263
0.444,0.784681848966747
0.444125,0.784748442651288
0.44425,0.784814713992053
0.444375,0.784880663375203
0.4445,0.784946291189413
0.444625,0.785011597825757
0.44475,0.7850765836776
0.444875,0.785141249140483
0.445,0.78520559461201
0.445125,0.78526962049227
0.44525,0.785333327186005
0.445375,0.785396715102046
0.4455,0.785459784652817
0.445625,0.785522536254206
0.44575,0.785584970325436
0.445875,0.785647087288935
0.446,0.785708887570203
0.446125,0.785770371596745
0.44625,0.785831539793991
0.446375,0.785892392585927
0.4465,0.785952930395617
0.446625,0.786013153645076
0.44675,0.786073062755145
0.446875,0.786132658145376
0.447,0.786191940233905
0.447125,0.786250909437857
0.44725,0.786309566175447
0.447375,0.786367910865428
0.4475,0.786425943926605
0.447625,0.786483665777713
0.44775,0.786541076837288
0.447875,0.786598177523544
0.448,0.786654968254253
0.448125,0.786711449447136
0.44825,0.78676762152195
0.448375,0.786823484899932
0.4485,0.786879040003312
0.448625,0.786934287255181
0.44875,0.786989227079364
0.448875,0.787043859900286
0.449,0.787098186142844
0.449125,0.787152206232788
0.44925,0.78720592059879
0.449375,0.787259329671875
0.4495,0.787312433884935
0.449625,0.787365233672584
0.44975,0.787417729471019
0.449875,0.78746992171788
0.45,0.787521810852111
0.450125,0.787573397314324
0.45025,0.787624681548842
0.450375,0.787675664003127
0.4505,0.787726345127273
0.450625,0.787776725373858
0.45075,0.78782680519779
0.450875,0.78787658505615
0.451,0.787926065408039
0.451125,0.787975246713889
0.45125,0.788024129433045
0.451375,0.788072714024049
0.4515,0.788121000944859
0.451625,0.788168990652697
0.45175,0.788216683603899
0.451875,0.78826408025377
0.452,0.788311181056434
0.452125,0.788357986465188
0.45225,0.788404496934469
0.452375,0.788450712919301
0.4525,0.788496634874795
0.452625,0.788542263256001
0.45275,0.788587598517757
0.452875,0.788632641114535
0.453,0.788677391500295
0.453125,0.788721850128831
0.45325,0.788766017455714
0.453375,0.78880989393774
0.4535,0.788853480032431
0.453625,0.788896776197881
0.45375,0.7889397828926
0.453875,0.788982500575357
0.454,0.789024929705027
0.454125,0.789067070740927
0.45425,0.789108924144739
0.454375,0.789150490379949
0.4545,0.789191769911348
0.454625,0.789232763204872
0.45475,0.789273470727436
0.454875,0.789313892946774
0.455,0.789354030331274
0.455125,0.789393883350303
0.45525,0.789433452476105
0.455375,0.789472738183233
0.4555,0.789511740948046
0.455625,0.789550461248536
0.45575,0.78958889956416
0.455875,0.789627056375662
0.456,0.789664932164908
0.456125,0.789702527414551
0.45625,0.789739842607223
0.456375,0.789776878225478
0.4565,0.789813634751732
0.456625,0.789850112668089
0.45675,0.789886312456171
0.456875,0.789922234596951
0.457,0.78995787957058
0.457125,0.789993247856691
0.45725,0.790028339936239
0.457375,0.790063156290939
0.4575,0.79009769740277
0.457625,0.790131963753798
0.45775,0.790165955826009
0.457875,0.79019967410113
0.458,0.790233119060463
0.458125,0.790266291185177
0.45825,0.790299190958122
0.458375,0.79033181886327
0.4585,0.790364175385216
0.458625,0.790396261009002
0.45875,0.790428076219942
0.458875,0.790459621503441
0.459,0.790490897344825
0.459125,0.79052190422962
0.45925,0.790552642645346
0.459375,0.790583113080949
0.4595,0.79061331602631
0.459625,0.790643251972056
0.45975,0.790672921409384
0.459875,0.790702324829876
0.46,0.790731462725315
0.460125,0.790760335587966
0.46025,0.790788943912331
0.460375,0.790817288194587
0.4605,0.790845368932085
0.460625,0.790873186623164
0.46075,0.790900741766959
0.460875,0.790928034863216
0.461,0.790955066412104
0.461125,0.790981836914234
0.46125,0.791008346871359
0.461375,0.791034596786018
0.4615,0.791060587161193
0.461625,0.791086318500125
0.46175,0.791111791306122
0.461875,0.791137006082364
0.462,0.791161963331723
0.462125,0.791186663557009
0.46225,0.791211107262671
0.462375,0.791235294954242
0.4625,0.791259227137834
0.462625,0.791282904319947
0.46275,0.791306327007278
0.462875,0.79132949570652
0.463,0.791352410924174
0.463125,0.791375073166794
0.46325,0.791397482942656
0.463375,0.791419640761198
0.4635,0.791441547132526
0.463625,0.791463202567213
0.46375,0.791484607576101
0.463875,0.791505762670103
0.464,0.791526668360009
0.464125,0.791547325156718
0.46425,0.79156773357288
0.464375,0.791587894122338
0.4645,0.791607807319633
0.464625,0.791627473679798
0.46475,0.791646893718158
0.464875,0.791666067950128
0.465,0.791684996891011
0.465125,0.791703681056227
0.46525,0.791722120962919
0.465375,0.7917403171294
0.4655,0.791758270074656
0.465625,0.791775980318136
0.46575,0.791793448379552
0.465875,0.791810674778667
0.466,0.791827660035097
0.466125,0.791844404668652
0.46625,0.791860909201483
0.466375,0.791877174157414
0.4665,0.791893200061351
0.466625,0.791908987439076
0.46675,0.791924536817029
0.466875,0.791939848722099
0.467,0.791954923681415
0.467125,0.791969762222544
0.46725,0.791984364875047
0.467375,0.791998732169919
0.4675,0.792012864639091
0.467625,0.792026762815209
0.46775,0.792040427231423
0.467875,0.792053858421167
0.468,0.792067056917943
0.468125,0.792080023255515
0.46825,0.792092757969426
0.468375,0.792105261596443
0.4685,0.792117534674058
0.468625,0.792129577740263
0.46875,0.792141391333335
0.468875,0.792152975991613
0.469,0.792164332253277
0.469125,0.792175460656533
0.46925,0.792186361741097
0.469375,0.792197036047644
0.4695,0.792207484117307
0.469625,0.792217706491455
0.46975,0.792227703711469
0.469875,0.792237476318519
0.47,0.792247024853345
0.470125,0.792256349856424
0.47025,0.792265451869431
0.470375,0.792274331434685
0.4705,0.792282989094656
0.470625,0.79229142539174
0.47075,0.792299640868033
0.470875,0.792307636065108
0.471,0.792315411523791
0.471125,0.792322967784821
0.47125,0.792330305392348
0.471375,0.792337424892989
0.4715,0.79234432683499
0.471625,0.792351011767989
0.47175,0.792357480242787
0.471875,0.792363732811111
0.472,0.792369770025382
0.472125,0.792375592438865
0.47225,0.79238120060706
0.472375,0.792386595087152
0.4725,0.792391776437508
0.472625,0.79239674521744
0.47275,0.792401501986958
0.472875,0.792406047306541
0.473,0.79241038173689
0.473125,0.792414505839068
0.47325,0.792418420175859
0.473375,0.792422125311216
0.4735,0.79242562180976
0.473625,0.792428910236536
0.47375,0.792431991156773
0.473875,0.792434865135637
0.474,0.792437532737992
0.474125,0.792439994528526
0.47425,0.792442251073078
0.474375,0.792444302938084
0.4745,0.792446150690089
0.474625,0.792447794895494
0.47475,0.792449236120317
0.474875,0.792450474929948
0.475,0.792451511888907
0.475125,0.792452347560966
0.47525,0.792452982510436
0.475375,0.792453417301629
0.4755,0.792453652498368
0.475625,0.792453688663741
0.47575,0.792453526359863
0.475875,0.792453166147632
0.476,0.792452608586489
0.476125,0.792451854235373
0.47625,0.792450903657521
0.476375,0.792449757419251
0.4765,0.792448416088888
0.476625,0.79244688023651
0.47675,0.792445150433699
0.476875,0.792443227253282
0.477,0.792441111269078
0.477125,0.792438803055998
0.47725,0.792436303191269
0.477375,0.792433612253895
0.4775,0.792430730824157
0.477625,0.79242765948335
0.47775,0.792424398813523
0.477875,0.792420949397223
0.478,0.792417311817236
0.478125,0.792413486656664
0.47825,0.792409474500127
0.478375,0.792405275933211
0.4785,0.792400891541978
0.478625,0.7923963219127
0.47875,0.792391567631599
0.478875,0.792386629284583
0.479,0.792381507456986
0.479125,0.792376202733642
0.47925,0.792370715700045
0.479375,0.792365046941807
0.4795,0.792359197044172
0.479625,0.792353166591752
0.47975,0.792346956168267
0.479875,0.792340566356286
0.48,0.792333997736969
0.480125,0.79232725089013
0.48025,0.792320326395368
0.480375,0.792313224831538
0.4805,0.792305946776269
0.480625,0.79229849280571
0.48075,0.792290863494274
0.480875,0.792283059414381
0.481,0.79227508113621
0.481125,0.792266929228935
0.48125,0.792258604266781
0.481375,0.792250106827547
0.4815,0.792241437491315
0.481625,0.792232596840177
0.48175,0.792223585457971
0.481875,0.792214403930007
0.482,0.792205052842802
0.482125,0.792195532784122
0.48225,0.79218584434405
0.482375,0.792175988114455
0.4825,0.792165964688499
0.482625,0.792155774660364
0.48275,0.792145418624977
0.482875,0.792134897177735
0.483,0.792124210914229
0.483125,0.792113360430278
0.48325,0.792102346322955
0.483375,0.792091169190062
0.4835,0.792079829629638
0.483625,0.792068328239686
0.48375,0.792056665617895
0.483875,0.792044842361366
0.484,0.792032859066336
0.484125,0.792020716328205
0.48425,0.792008414742521
0.484375,0.791995954904467
0.4845,0.791983337408378
0.484625,0.791970562847469
0.48475,0.791957631813565
0.484875,0.791944544896825
0.485,0.791931302685477
0.485125,0.791917905765835
0.48525,0.79190435472326
0.485375,0.79189065014165
0.4855,0.791876792602979
0.485625,0.791862782687031
0.48575,0.791848620971135
0.485875,0.791834308029904
0.486,0.791819844434974
0.486125,0.791805230756524
0.48625,0.791790467570554
0.486375,0.791775555457158
0.4865,0.791760494999021
0.486625,0.791745286781145
0.48675,0.791729931390564
0.486875,0.791714429416069
0.487,0.791698781447922
0.487125,0.79168298807786
0.48725,0.791667049899997
0.487375,0.791650967510308
0.4875,0.791634741506157
0.487625,0.791618372486007
0.48775,0.791601861049137
0.487875,0.791585207795355
0.488,0.791568413324714
0.488125,0.791551478237495
0.48825,0.791534403135073
0.488375,0.791517188619406
0.4885,0.791499835292562
0.488625,0.791482343756434
0.48875,0.791464714612452
0.488875,0.7914469484613
0.489,0.791429045902631
0.489125,0.791411007535042
0.48925,0.791392833956904
0.489375,0.791374525765859
0.4895,0.791356083558362
0.489625,0.791337507929395
0.48975,0.791318799472191
0.489875,0.791299958777951
0.49,0.791280986435568
0.490125,0.791261883031604
0.49025,0.791242649151079
0.490375,0.791223285376991
0.4905,0.791203792289873
0.490625,0.791184170467516
0.49075,0.791164420484706
0.490875,0.79114454291295
0.491,0.791124538320217
0.491125,0.791104407272732
0.49125,0.791084150343455
0.491375,0.791063768110111
0.4915,0.791043261153493
0.491625,0.791022630057165
0.49175,0.791001875407185
0.491875,0.790980997791805
0.492,0.790959997801191
0.492125,0.790938876027371
0.49225,0.790917633064977
0.492375,0.790896269510757
0.4925,0.790874785963107
0.492625,0.79085318302178
0.49275,0.79083146128759
0.492875,0.790809621362114
0.493,0.790787663847403
0.493125,0.790765589345916
0.49325,0.790743398461219
0.493375,0.7907210917975
0.4935,0.790698669959108
0.493625,0.790676133550259
0.49375,0.790653483174739
0.493875,0.790630719435609
0.494,0.790607842934915
0.494125,0.790584854273612
0.49425,0.790561754052232
0.494375,0.790538542870402
0.4945,0.790515221326398
0.494625,0.790491790016858
0.49475,0.790468249536489
0.494875,0.790444600477781
0.495,0.790420843430721
0.495125,0.790396978982724
0.49525,0.790373007719256
0.495375,0.79034893022338
0.4955,0.790324747075325
0.495625,0.79030045885221
0.49575,0.790276066127767
0.495875,0.790251569472066
0.496,0.790226969451242
0.496125,0.790202266629576
0.49625,0.790177461579165
0.496375,0.790152554877714
0.4965,0.790127547106633
0.496625,0.790102438850731
0.49675,0.790077230697923
0.496875,0.790051923238931
0.497,0.79002651706698
0.497125,0.790001012777704
0.49725,0.789975410969728
0.497375,0.789949712244193
0.4975,0.789923917204302
0.497625,0.789898026455018
0.49775,0.789872040602755
0.497875,0.78984596025507
0.498,0.789819786020356
0.498125,0.789793518507733
0.49825,0.789767158327581
0.498375,0.789740706091063
0.4985,0.78971416240969
0.498625,0.789687527895001
0.49875,0.789660803158264
0.498875,0.789633988810163
0.499,0.789607085460493
0.499125,0.789580093718041
0.49925,0.789553014191079
0.499375,0.789525847486904
0.4995,0.789498594211405
0.499625,0.789471254968759
0.49975,0.78944383036113
0.499875,0.78941632098837
0.5,0.789388727447722
0.500125,0.789361050333695
0.50025,0.789333290238529
0.500375,0.789305447751751
0.5005,0.789277523459761
0.500625,0.789249517945545
0.50075,0.789221431788389
0.500875,0.789193265563589
0.501,0.789165019842176
0.501125,0.789136695193266
0.50125,0.789108292194959
0.501375,0.789079811431881
0.5015,0.789051253493061
0.501625,0.789022618971616
0.50175,0.788993908464443
0.501875,0.788965122571901
0.502,0.788936261897496
0.502125,0.788907327047736
0.50225,0.788878318632539
0.502375,0.788849237264773
0.5025,0.788820083559818
0.502625,0.788790858135236
0.50275,0.788761561610457
0.502875,0.788732194606446
0.503,0.788702757745383
0.503125,0.788673251650503
0.50325,0.788643676946447
0.503375,0.788614034258812
0.5035,0.788584324213713
0.503625,0.788554547437451
0.50375,0.788524704556195
0.503875,0.788494796195656
0.504,0.78846482298076
0.504125,0.788434785535478
0.50425,0.788404684483143
0.504375,0.788374520446002
0.5045,0.788344294044797
0.504625,0.78831400589844
0.50475,0.788283656623697
0.504875,0.788253246834875
0.505,0.788222777143504
0.505125,0.788192248158165
0.50525,0.788161660484772
0.505375,0.788131014726147
0.5055,0.788100311481618
0.505625,0.788069551346715
0.50575,0.788038734912871
0.505875,0.788007862767117
0.506,0.787976935491794
0.506125,0.787945953667191
0.50625,0.787914917883719
0.506375,0.787883828739186
0.5065,0.787852686836449
0.506625,0.787821492783082
0.50675,0.787790247191047
0.506875,0.78775895067636
0.507,0.787727603858757
0.507125,0.787696207361495
0.50725,0.787664761811579
0.507375,0.787633267839317
0.5075,0.787601726077887
0.507625,0.787570137162989
0.50775,0.787538501732507
0.507875,0.787506820426166
0.508,0.787475093885182
0.508125,0.787443322752048
0.50825,0.787411507670711
0.508375,0.787379649286124
0.5085,0.787347748243818
0.508625,0.787315805189556
0.50875,0.787283820768988
0.508875,0.787251795627307
0.509,0.787219730408905
0.509125,0.787187625757147
0.50925,0.787155482314498
0.509375,0.787123300722098
0.5095,0.787091081619339
0.509625,0.787058825643534
0.50975,0.787026533429575
0.509875,0.786994205609602
0.51,0.786961842812671
0.510125,0.786929445664523
0.51025,0.786897014787683
0.510375,0.786864550801049
0.5105,0.786832054319502
0.510625,0.786799525953587
0.51075,0.786766966309194
0.510875,0.786734375987246
0.511,0.786701755583384
0.511125,0.786669105690904
0.51125,0.786636426914182
0.511375,0.786603719865694
0.5115,0.786570985163433
0.511625,0.78653822343057
0.51175,0.786505435295099
0.511875,0.786472621389485
0.512,0.786439782350315
0.512125,0.786406918818034
0.51225,0.786374031437
0.512375,0.786341120855043
0.5125,0.786308187723039
0.512625,0.786275232694553
0.51275,0.78624225642547
0.512875,0.786209259573639
0.513,0.786176242798505
0.513125,0.786143206760832
0.51325,0.786110152122698
0.513375,0.78607707954706
0.5135,0.786043989697333
0.513625,0.786010883237028
0.51375,0.785977760829384
0.513875,0.785944623137013
0.514,0.785911470821532
0.514125,0.785878304543279
0.51425,0.78584512496126
0.514375,0.785811932732729
0.5145,0.785778728512785
0.514625,0.785745512954017
0.51475,0.785712286706152
0.514875,0.785679050415706
0.515,0.785645804725633
0.515125,0.785612550275042
0.51525,0.785579287699106
0.515375,0.785546017628671
0.5155,0.785512740689882
0.515625,0.785479457503844
0.51575,0.785446168686298
0.515875,0.78541287484729
0.516,0.785379576590852
0.516125,0.785346274518131
0.51625,0.785312969241727
0.516375,0.785279661382513
0.5165,0.7852463515669
0.516625,0.785213040426478
0.51675,0.785179728597649
0.516875,0.785146416721263
0.517,0.785113105442252
0.517125,0.785079795409318
0.51725,0.785046487274795
0.517375,0.785013181694235
0.5175,0.784979879325994
0.517625,0.784946580830863
0.51775,0.784913286871688
0.517875,0.784879998112999
0.518,0.784846715220632
0.518125,0.784813438861401
0.51825,0.784780169702904
0.518375,0.78474690841311
0.5185,0.784713655659961
0.518625,0.784680412110994
0.51875,0.784647178432968
0.518875,0.784613955291493
0.519,0.78458074335066
0.519125,0.784547543272702
0.51925,0.784514355717754
0.519375,0.784481181343466
0.5195,0.784448020804615
0.519625,0.784414874752744
0.51975,0.784381743835807
0.519875,0.784348628697808
0.52,0.78431552997845
0.520125,0.784282448312804
0.52025,0.784249384331027
0.520375,0.784216338658012
0.5205,0.784183311913031
0.520625,0.784150304709402
0.52075,0.784117317654151
0.520875,0.784084351347692
0.521,0.784051406383494
0.521125,0.784018483351328
0.52125,0.783985582852045
0.521375,0.783952705494317
0.5215,0.783919851891821
0.521625,0.78388702266288
0.52175,0.783854218430103
0.521875,0.783821439820012
0.522,0.783788687462684
0.522125,0.783755961991389
0.52225,0.783723264042285
0.522375,0.783690594254032
0.5225,0.783657953267415
0.522625,0.783625341724972
0.52275,0.783592760270621
0.522875,0.783560209549293
0.523,0.783527690206554
0.523125,0.78349520288824
0.52325,0.783462748240091
0.523375,0.783430326907377
0.5235,0.783397939534532
0.523625,0.783365586764785
0.52375,0.783333269239793
0.523875,0.783300987599279
0.524,0.783268742480665
0.524125,0.783236534518704
0.52425,0.783204364345064
0.524375,0.78317223258799
0.5245,0.783140139871949
0.524625,0.783108086817288
0.52475,0.783076074039879
0.524875,0.783044102150779
0.525,0.783012171755885
0.525125,0.782980283455574
0.52525,0.782948437844258
0.525375,0.782916635510076
0.5255,0.782884877034585
0.525625,0.78285316299244
0.52575,0.782821493951073
0.525875,0.782789870470385
0.526,0.782758293102434
0.526125,0.78272676239469
0.52625,0.782695278904818
0.526375,0.78266384319744
0.5265,0.782632455841336
0.526625,0.78260111740911
0.52675,0.78256982847684
0.526875,0.782538589623734
0.527,0.782507401431782
0.527125,0.782476264485382
0.52725,0.782445179370872
0.527375,0.782414146676204
0.5275,0.782383166990616
0.527625,0.782352240904281
0.52775,0.78232136900796
0.527875,0.782290551892652
0.528,0.782259790149249
0.528125,0.782229084368144
0.52825,0.782198435138722
0.528375,0.782167843049042
0.5285,0.782137308685525
0.528625,0.782106832632609
0.52875,0.782076415472413
0.528875,0.782046057784399
0.529,0.782015760145031
0.529125,0.781985523127395
0.52925,0.781955347300641
0.529375,0.781925233229704
0.5295,0.781895181475006
0.529625,0.781865192592146
0.52975,0.78183526713157
0.529875,0.781805405638266
0.53,0.781775608651448
0.530125,0.781745876704181
0.53025,0.781716210322809
0.530375,0.781686610026701
0.5305,0.78165707632801
0.530625,0.781627609731374
0.53075,0.781598210733643
0.530875,0.781568879823587
0.531,0.78153961748163
0.531125,0.781510424183021
0.53125,0.781481300412179
0.531375,0.781452246659576
0.5315,0.781423263419059
0.531625,0.781394351187546
0.53175,0.781365510464712
0.531875,0.781336741752685
0.532,0.781308045555733
0.532125,0.78127942237989
0.53225,0.781250872732359
0.532375,0.781222397121261
0.5325,0.781193996055367
0.532625,0.781165670043788
0.53275,0.78113741959567
0.532875,0.781109245219876
0.533,0.781081147424688
0.533125,0.781053126717415
0.53325,0.781025183603761
0.533375,0.780997318587585
0.5335,0.780969532170651
0.533625,0.780941824852329
0.53375,0.780914197129291
0.533875,0.780886649495223
0.534,0.78085918244052
0.534125,0.780831796451916
0.53425,0.780804492011811
0.534375,0.78077726959806
0.5345,0.780750129683754
0.534625,0.780723072736935
0.53475,0.780696099220327
0.534875,0.780669209591056
0.535,0.780642404300388
0.535125,0.780615683793358
0.53525,0.780589048508087
0.535375,0.780562498875612
0.5355,0.780536035319695
0.535625,0.780509658256583
0.53575,0.780483368094762
0.535875,0.780457165234721
0.536,0.780431050068717
0.536125,0.780405022983782
0.53625,0.780379084375199
0.536375,0.780353234643605
0.5365,0.780327474192504
0.536625,0.780301803428011
0.53675,0.780276222758579
0.536875,0.780250732594745
0.537,0.780225333348857
0.537125,0.780200025434715
0.53725,0.780174809266883
0.537375,0.780149685260503
0.5375,0.780124653831103
0.537625,0.780099715394331
0.53775,0.780074870365693
0.537875,0.780050119160287
0.538,0.780025462192547
0.538125,0.780000899875865
0.53825,0.779976432621878
0.538375,0.77995206084029
0.5385,0.7799277849387
0.538625,0.77990360532234
0.53875,0.779879522393827
0.538875,0.779855536552911
0.539,0.779831648196227
0.539125,0.779807857716931
0.53925,0.779784165503948
0.539375,0.779760571941837
0.5395,0.779737077410628
0.539625,0.779713682285594
0.53975,0.779690386937014
0.539875,0.779667191729951
0.54,0.779644097024025
0.540125,0.779621103173063
0.54025,0.779598210524337
0.540375,0.779575419418459
0.5405,0.779552730189261
0.540625,0.779530143163588
0.54075,0.779507658661103
0.540875,0.779485276994088
0.541,0.779462998467257
0.541125,0.779440823380491
0.54125,0.779418752041062
0.541375,0.77939678476103
0.5415,0.779374921855012
0.541625,0.779353163639965
0.54175,0.779331510434969
0.541875,0.779309962561005
0.542,0.779288520340739
0.542125,0.779267184098175
0.54225,0.779245954157895
0.542375,0.779224830844946
0.5425,0.779203814484708
0.542625,0.779182905402675
0.54275,0.779162103924234
0.542875,0.779141410374453
0.543,0.779120825077859
0.543125,0.779100348358091
0.54325,0.779079980537109
0.543375,0.779059721935095
0.5435,0.779039572870333
0.543625,0.779019533659
0.54375,0.778999604614956
0.543875,0.778979786049535
0.544,0.778960078271348
0.544125,0.77894048158593
0.54425,0.778920996294934
0.544375,0.778901622696056
0.5445,0.778882361082936
0.544625,0.778863211744963
0.54475,0.778844174967091
0.544875,0.778825251029651
0.545,0.778806440208167
0.545125,0.778787742773024
0.54525,0.778769158988655
0.545375,0.778750689113488
0.5455,0.778732333399884
0.545625,0.778714092093974
0.54575,0.778695965435493
0.545875,0.778677953657627
0.546,0.778660056986861
0.546125,0.778642275645365
0.54625,0.778624609861622
0.546375,0.778607059868178
0.5465,0.778589625899718
0.546625,0.778572308192894
0.54675,0.778555106986145
0.546875,0.778538022519519
0.547,0.7785210550345
0.547125,0.778504204773675
0.54725,0.778487471979932
0.547375,0.778470856896399
0.5475,0.778454359766375
0.547625,0.778437980833148
0.54775,0.778421720339823
0.547875,0.778405578529145
0.548,0.778389555643323
0.548125,0.778373651923702
0.54825,0.778357867609933
0.548375,0.778342202939925
0.5485,0.778326658149788
0.548625,0.778311233473658
0.54875,0.778295929143537
0.548875,0.778280745389122
0.549,0.778265682437645
0.549125,0.77825074051355
0.54925,0.778235919837643
0.549375,0.778221220627071
0.5495,0.778206643095281
0.549625,0.778192187451864
0.54975,0.77817785390241
0.549875,0.77816364264836
0.55,0.778149553886862
0.550125,0.778135587810461
0.55025,0.778121744606248
0.550375,0.778108024455861
0.5505,0.778094427535475
0.550625,0.778080954015672
0.55075,0.778067604061319
0.550875,0.778054377831446
0.551,0.778041275479132
0.551125,0.778028297153476
0.55125,0.778015443008356
0.551375,0.778002713200578
0.5515,0.777990107888314
0.551625,0.777977627230961
0.55175,0.777965271389011
0.551875,0.777953040523913
0.552,0.777940934797936
0.552125,0.777928954373872
0.55225,0.777917099414196
0.552375,0.777905370081064
0.5525,0.777893766536297
0.552625,0.777882288941249
0.55275,0.777870937456675
0.552875,0.777859712242597
0.553,0.777848613458175
0.553125,0.777837641261407
0.55325,0.77782679580827
0.553375,0.777816077252739
0.5535,0.777805485746778
0.553625,0.777795021440213
0.55375,0.777784684480617
0.553875,0.777774475013183
0.554,0.777764393180608
0.554125,0.777754439122801
0.55425,0.777744612976016
0.554375,0.777734914872887
0.5545,0.777725344942441
0.554625,0.777715903309987
0.55475,0.777706590097016
0.554875,0.777697405421095
0.555,0.777688349395768
0.555125,0.777679422130278
0.55525,0.777670623728701
0.555375,0.777661954290005
0.5555,0.777653413908086
0.555625,0.777645002671686
0.55575,0.77763672066431
0.555875,0.777628567964151
0.556,0.777620544644009
0.556125,0.777612650772814
0.55625,0.777604886422294
0.556375,0.777597251665591
0.5565,0.777589746576079
0.556625,0.777582371227281
0.55675,0.777575125692781
0.556875,0.777568010046139
0.557,0.777561024360802
0.557125,0.777554168709845
0.55725,0.777547443165122
0.557375,0.777540847797331
0.5575,0.777534382676056
0.557625,0.777528047869685
0.55775,0.777521843445331
0.557875,0.777515769468753
0.558,0.777509826004275
0.558125,0.777504013114529
0.55825,0.777498330859603
0.558375,0.777492779297117
0.5585,0.777487358482277
0.558625,0.777482068467806
0.55875,0.777476909303875
0.558875,0.777471881038038
0.559,0.777466983715162
0.559125,0.777462217377182
0.55925,0.77745758206225
0.559375,0.777453077804823
0.5595,0.777448704635743
0.559625,0.77744446258218
0.55975,0.777440351667578
0.559875,0.777436371911613
0.56,0.777432523330138
0.560125,0.777428805934956
0.56025,0.777425219732966
0.560375,0.77742176472629
0.5605,0.777418440912359
0.560625,0.777415248283888
0.56075,0.777412186828839
0.560875,0.777409256530401
0.561,0.777406457366964
0.561125,0.777403789313147
0.56125,0.777401252344256
0.561375,0.777398846435388
0.5615,0.777396571560681
0.561625,0.77739442769328
0.56175,0.777392414805314
0.561875,0.777390532867866
0.562,0.777388781850946
0.562125,0.777387161723279
0.56225,0.777385672451489
0.562375,0.777384314000228
0.5625,0.777383086332285
0.562625,0.777381989408565
0.56275,0.777381023188068
0.562875,0.777380187627875
0.563,0.777379482683129
0.563125,0.777378908306833
0.56325,0.777378464449034
0.563375,0.77737815105697
0.5635,0.777377968075187
0.563625,0.777377915445533
0.56375,0.777377993107151
0.563875,0.777378200996476
0.564,0.777378539047231
0.564125,0.777379007190234
0.56425,0.777379605352596
0.564375,0.77738033345788
0.5645,0.777381191426235
0.564625,0.777382179174406
0.56475,0.777383296615742
0.564875,0.777384543660211
0.565,0.77738592021441
0.565125,0.777387426181391
0.56525,0.777389061459869
0.565375,0.777390825944399
0.5655,0.777392719525531
0.565625,0.777394742089838
0.56575,0.77739689351994
0.565875,0.777399173694541
0.566,0.777401582488454
0.566125,0.777404119773142
0.56625,0.777406785418869
0.566375,0.777409579294328
0.5665,0.77741250126633
0.566625,0.777415551199836
0.56675,0.777418728957992
0.566875,0.77742203440217
0.567,0.777425467392
0.567125,0.777429027785221
0.56725,0.777432715436933
0.567375,0.777436530199782
0.5675,0.77744047192414
0.567625,0.777444540458149
0.56775,0.777448735647762
0.567875,0.777453057336796
0.568,0.777457505366977
0.568125,0.777462079577804
0.56825,0.777466779805806
0.568375,0.777471605884751
0.5685,0.777476557645825
0.568625,0.777481634917697
0.56875,0.777486837526566
0.568875,0.77749216529623
0.569,0.777497618048142
0.569125,0.777503195601286
0.56925,0.77750889777145
0.569375,0.77751472437145
0.5695,0.777520675211318
0.569625,0.777526750098379
0.56975,0.777532948837317
0.569875,0.777539271230247
0.57,0.777545717076792
0.570125,0.777552286173971
0.57025,0.777558978315489
0.570375,0.777565793291973
0.5705,0.777572730891177
0.570625,0.777579790898062
0.57075,0.777586973094887
0.570875,0.777594277261288
0.571,0.777601703174367
0.571125,0.777609250608722
0.57125,0.777616919336297
0.571375,0.777624709126514
0.5715,0.777632619746412
0.571625,0.777640650960733
0.57175,0.777648802532023
0.571875,0.777657074220722
0.572,0.777665465785265
0.572125,0.777673976981998
0.57225,0.777682607564512
0.572375,0.777691357283893
0.5725,0.777700225888948
0.572625,0.777709213126308
0.57275,0.777718318740537
0.572875,0.777727542474234
0.573,0.777736884068141
0.573125,0.777746343261073
0.57325,0.777755919789276
0.573375,0.777765613386681
0.5735,0.777775423785138
0.573625,0.777785350714533
0.57375,0.777795393902901
0.573875,0.77780555307654
0.574,0.777815827960128
0.574125,0.777826218276669
0.57425,0.777836723746861
0.574375,0.77784734408937
0.5745,0.777858079021064
0.574625,0.777868928257135
0.57475,0.777879891511227
0.574875,0.777890968495555
0.575,0.777902158921029
0.575125,0.777913462497211
0.57525,0.777924878931709
0.575375,0.777936407930447
0.5755,0.777948049197911
0.575625,0.777959802437277
0.57575,0.777971667350542
0.575875,0.777983643638652
0.576,0.777995731001632
0.576125,0.778007929138118
0.57625,0.778020237742945
0.576375,0.778032656507778
0.5765,0.778045185121658
0.576625,0.778057823271151
0.57675,0.778070570640484
0.576875,0.778083426911692
0.577,0.778096391764761
0.577125,0.778109464877607
0.57725,0.778122645925518
0.577375,0.778135934581436
0.5775,0.778149330516223
0.577625,0.778162833398812
0.57775,0.778176442896359
0.577875,0.778190158674393
0.578,0.778203980396974
0.578125,0.778217907726678
0.57825,0.778231940324067
0.578375,0.77824607784798
0.5785,0.778260319955799
0.578625,0.778274666303606
0.57875,0.778289116546344
0.578875,0.778303670337971
0.579,0.778318327331625
0.579125,0.778333087179621
0.57925,0.778347949532942
0.579375,0.778362914041534
0.5795,0.77837798035457
0.579625,0.778393148120614
0.57975,0.778408416987783
0.579875,0.778423786603907
0.58,0.778439256616691
0.580125,0.778454826673725
0.58025,0.778470496421998
0.580375,0.778486265508184
0.5805,0.778502133578912
0.580625,0.778518100280923
0.58075,0.77853416526124
0.580875,0.778550328167319
0.581,0.778566588647217
0.581125,0.778582946348643
0.58125,0.7785994009144
0.581375,0.778615951983477
0.5815,0.778632599191977
0.581625,0.778649342173301
0.58175,0.77866618055832
0.581875,0.778683113975556
0.582,0.77870014205136
0.582125,0.778717264409947
0.58225,0.778734480672945
0.582375,0.778751790459705
0.5825,0.778769193387582
0.582625,0.778786689072126
0.58275,0.778804277127261
0.582875,0.778821957165477
0.583,0.778839728798015
0.583125,0.778857591634912
0.58325,0.778875545284586
0.583375,0.778893589354139
0.5835,0.77891172344965
0.583625,0.778929947176362
0.58375,0.77894826013887
0.583875,0.778966661941317
0.584,0.778985152187579
0.584125,0.77900373048132
0.58425,0.779022396425609
0.584375,0.779041149623214
0.5845,0.779059989676893
0.584625,0.779078916189583
0.58475,0.779097928764588
0.584875,0.779117027005771
0.585,0.779136210517744
0.585125,0.779155478905921
0.58525,0.77917483177616
0.585375,0.779194268735057
0.5855,0.779213789390217
0.585625,0.779233393350447
0.58575,0.779253080225937
0.585875,0.779272849628448
0.586,0.779292701171493
0.586125,0.779312634468941
0.58625,0.779332649128526
0.586375,0.779352744753325
0.5865,0.779372920943049
0.586625,0.779393177294242
0.58675,0.779413513400489
0.586875,0.779433928852617
0.587,0.779454423238906
0.587125,0.779474996145167
0.58725,0.779495647154417
0.587375,0.779516375847193
0.5875,0.779537181801852
0.587625,0.779558064594781
0.58775,0.779579023800612
0.587875,0.779600058992437
0.588,0.779621169742023
0.588125,0.779642355619903
0.58825,0.779663616195091
0.588375,0.77968495103539
0.5885,0.779706359707694
0.588625,0.779727841778206
0.58875,0.779749396812655
0.588875,0.77977102437651
0.589,0.779792724035202
0.589125,0.779814495354223
0.58925,0.77983633789887
0.589375,0.779858251234546
0.5895,0.779880234927061
0.589625,0.779902288542844
0.58975,0.779924411649158
0.589875,0.779946603814318
0.59,0.779968864607898
0.590125,0.779991193600843
0.59025,0.780013590365232
0.590375,0.780036054474574
0.5905,0.78005858550409
0.590625,0.780081183030923
0.59075,0.780103846634344
0.590875,0.780126575895959
0.591,0.780149370399909
0.591125,0.780172229731097
0.59125,0.780195153466979
0.591375,0.78021814117941
0.5915,0.780241192436234
0.591625,0.780264306801512
0.59175,0.780287483835749
0.591875,0.780310723096128
0.592,0.780334024136745
0.592125,0.780357386508734
0.59225,0.780380809760071
0.592375,0.780404293435897
0.5925,0.780427837078826
0.592625,0.780451440229181
0.59275,0.780475102425239
0.592875,0.780498823203471
0.593,0.780522602098782
0.593125,0.78054643864466
0.59325,0.780570332373012
0.593375,0.780594282814491
0.5935,0.780618289498801
0.593625,0.780642351954942
0.59375,0.780666469711454
0.593875,0.780690642296662
0.594,0.780714869238918
0.594125,0.780739150066759
0.59425,0.780763484308778
0.594375,0.780787871493938
0.5945,0.780812311151877
0.594625,0.780836802813147
0.59475,0.780861346009452
0.594875,0.780885940273895
0.595,0.780910585141208
0.595125,0.780935280147914
0.59525,0.78096002483223
0.595375,0.780984818734361
0.5955,0.781009661396794
0.595625,0.781034552364524
0.59575,0.781059491185286
0.595875,0.781084477409783
0.596,0.781109510591912
0.596125,0.781134590286665
0.59625,0.781159716040514
0.596375,0.781184887393549
0.5965,0.781210103881332
0.596625,0.781235365035152
0.59675,0.781260670382272
0.596875,0.781286019446197
0.597,0.781311411746924
0.597125,0.781336846801133
0.59725,0.78136232412212
0.597375,0.781387843220127
0.5975,0.781413403602656
0.597625,0.78143900477474
0.59775,0.781464646239205
0.597875,0.78149032749694
0.598,0.781516048047163
0.598125,0.781541807387628
0.59825,0.781567605014598
0.598375,0.781593440423176
0.5985,0.78161931310762
0.598625,0.781645222561614
0.59875,0.781671168278535
0.598875,0.781697149751728
0.599,0.781723166474768
0.599125,0.781749217941676
0.59925,0.781775303646934
0.599375,0.781801423085801
0.5995,0.781827575754619
0.599625,0.781853761151082
0.59975,0.781879978774496
0.599875,0.781906228126045
0.6,0.78193250870905
0.600125,0.781958820029183
0.60025,0.781985161594508
0.600375,0.782011532915788
0.6005,0.782037933506763
0.600625,0.782064362884412
0.60075,0.782090820569197
0.600875,0.782117306085311
0.601,0.782143818960928
0.601125,0.782170358725856
0.60125,0.782196924900817
0.601375,0.782223516999829
0.6015,0.782250134532255
0.601625,0.782276777003085
0.60175,0.782303443913205
0.601875,0.782330134759684
0.602,0.782356849036049
0.602125,0.782383586232522
0.60225,0.782410345836104
0.602375,0.782437127330899
0.6025,0.78246393019843
0.602625,0.782490753917929
0.60275,0.782517597966623
0.602875,0.782544461820023
0.603,0.78257134495221
0.603125,0.782598246836093
0.60325,0.782625166943528
0.603375,0.78265210474565
0.6035,0.782679059713175
0.603625,0.782706031316702
0.60375,0.782733019026993
0.603875,0.782760022315263
0.604,0.78278704065347
0.604125,0.782814073514569
0.60425,0.782841120372681
0.604375,0.782868180703399
0.6045,0.782895253984093
0.604625,0.782922339694186
0.60475,0.782949437315437
0.604875,0.782976546332221
0.605,0.783003666231801
0.605125,0.783030796504583
0.60525,0.783057936644318
0.605375,0.783085086148381
0.6055,0.783112244518052
0.605625,0.783139411258779
0.60575,0.783166585880441
0.605875,0.783193767897603
0.606,0.783220956829777
0.606125,0.783248152198901
0.60625,0.783275353517842
0.606375,0.783302560292946
0.6065,0.78332977202622
0.606625,0.783356988215622
0.60675,0.783384208355351
0.606875,0.783411431936129
0.607,0.783438658445498
0.607125,0.783465887368091
0.60725,0.783493118185863
0.607375,0.783520350378397
0.6075,0.783547583423206
0.607625,0.783574816796032
0.60775,0.783602049971138
0.607875,0.783629282421607
0.608,0.783656513619635
0.608125,0.783683743036822
0.60825,0.783710970144445
0.608375,0.783738194413757
0.6085,0.783765415316283
0.608625,0.78379263232412
0.60875,0.783819844910224
0.608875,0.783847052548705
0.609,0.783874254715118
0.609125,0.783901450886755
0.60925,0.783928640542957
0.609375,0.783955823165392
0.6095,0.783982998238338
0.609625,0.784010165248968
0.60975,0.784037323687624
0.609875,0.784064473048103
0.61,0.784091612827927
0.610125,0.784118742528633
0.61025,0.784145861656109
0.610375,0.784172969720847
0.6105,0.784200066238196
0.610625,0.784227150728628
0.61075,0.784254222717988
0.610875,0.784281281737756
0.611,0.784308327325292
0.611125,0.784335359021217
0.61125,0.784362376357487
0.611375,0.784389378860014
0.6115,0.784416366050917
0.611625,0.784443337448808
0.61175,0.784470292569065
0.611875,0.784497230924123
0.612,0.784524152023752
0.612125,0.784551055375364
0.61225,0.784577940484367
0.612375,0.784604806854439
0.6125,0.784631653987802
0.612625,0.784658481385509
0.61275,0.78468528854773
0.612875,0.784712074974044
0.613,0.784738840163715
0.613125,0.784765583616017
0.61325,0.784792304830624
0.613375,0.784819003307877
0.6135,0.784845678549049
0.613625,0.784872330056626
0.61375,0.784898957334593
0.613875,0.784925559888706
0.614,0.784952137226781
0.614125,0.784978688858997
0.61425,0.785005214298337
0.614375,0.785031713060823
0.6145,0.785058184665768
0.614625,0.785084628636037
0.61475,0.785111044498318
0.614875,0.785137431783385
0.615,0.785163790026354
0.615125,0.785190118766992
0.61525,0.785216417550168
0.615375,0.785242685926068
0.6155,0.785268923450409
0.615625,0.78529512968468
0.61575,0.785321304196385
0.615875,0.785347446559279
0.616,0.785373556353598
0.616125,0.785399633163407
0.61625,0.785425676564597
0.616375,0.785451686127497
0.6165,0.785477661419118
0.616625,0.785503602003412
0.61675,0.785529507441538
0.616875,0.785555377292122
0.617,0.785581211111518
0.617125,0.785607008454127
0.61725,0.78563276887286
0.617375,0.785658491919368
0.6175,0.785684177144269
0.617625,0.785709824097418
0.61775,0.785735432328171
0.617875,0.785761001385648
0.618,0.785786530819001
0.618125,0.785812020177729
0.61825,0.785837469012193
0.618375,0.78586287687382
0.6185,0.785888243315334
0.618625,0.785913567891011
0.61875,0.785938850156936
0.618875,0.785964089671264
0.619,0.78598928599447
0.619125,0.786014438689673
0.61925,0.786039547323167
0.619375,0.786064611464618
0.6195,0.786089630687258
0.619625,0.786114604568138
0.61975,0.786139532688359
0.619875,0.78616441463332
0.62,0.786189249992946
0.620125,0.786214038362
0.62025,0.786238779340636
0.620375,0.786263472534561
0.6205,0.786288117555204
0.620625,0.786312714019934
0.62075,0.786337261552277
0.620875,0.786361759782123
0.621,0.786386208345937
0.621125,0.786410606884147
0.62125,0.786434955029415
0.621375,0.786459252409169
0.6215,0.786483498647771
0.621625,0.786507693366747
0.62175,0.786531836185026
0.621875,0.786555926719177
0.622,0.78657996458364
0.622125,0.786603949391046
0.62225,0.786627880752773
0.622375,0.786651758279121
0.6225,0.786675581579499
0.622625,0.786699350262663
0.62275,0.786723063936955
0.622875,0.786746722210537
0.623,0.786770324691632
0.623125,0.786793870988844
0.62325,0.786817360711747
0.623375,0.786840793471055
0.6235,0.786864168878793
0.623625,0.786887486548533
0.62375,0.786910746095623
0.623875,0.786933947137416
0.624,0.786957089293499
0.624125,0.786980172186009
0.62425,0.787003195440254
0.624375,0.787026158684853
0.6245,0.787049061551895
0.624625,0.787071903677155
0.62475,0.787094684700309
0.624875,0.787117404265142
0.625,0.78714006201976
0.625125,0.787162657616896
0.62525,0.787185190714545
0.625375,0.787207660976075
0.6255,0.787230068070355
0.625625,0.78725241167195
0.62575,0.787274691461305
0.625875,0.787296907124932
0.626,0.787319058355593
0.626125,0.787341144849813
0.62625,0.787363166296767
0.626375,0.787385122380654
0.6265,0.787407012782743
0.626625,0.787428837181574
0.62675,0.787450595253167
0.626875,0.787472286671233
0.627,0.787493911107383
0.627125,0.787515468231439
0.62725,0.787536957712066
0.627375,0.787558379216905
0.6275,0.787579732412711
0.627625,0.787601016965566
0.62775,0.78762223254109
0.627875,0.787643378804653
0.628,0.787664455421583
0.628125,0.787685462057483
0.62825,0.787706398378897
0.628375,0.787727264053427
0.6285,0.787748058749869
0.628625,0.787768782138415
0.62875,0.787789433890862
0.628875,0.787810013680809
0.629,0.787830521183866
0.629125,0.787850956077963
0.62925,0.787871318044035
0.629375,0.787891606766128
0.6295,0.78791182193151
0.629625,0.787931963230862
0.62975,0.787952030358467
0.629875,0.787972023012399
0.63,0.787991940894705
0.630125,0.788011783711707
0.63025,0.788031551174704
0.630375,0.788051243000042
0.6305,0.788070858909206
0.630625,0.788090398628984
0.63075,0.788109861891633
0.630875,0.788129248435041
0.631,0.788148558002886
0.631125,0.788167790342351
0.63125,0.788186945193924
0.631375,0.788206022293577
0.6315,0.788225021374622
0.631625,0.788243942167892
0.63175,0.788262784401925
0.631875,0.78828154780315
0.632,0.788300232096068
0.632125,0.788318837003559
0.63225,0.788337362247577
0.632375,0.788355807549241
0.6325,0.788374172628929
0.632625,0.788392457206472
0.63275,0.788410661001331
0.632875,0.788428783732787
0.633,0.788446825120123
0.633125,0.788464784882936
0.63325,0.788482662741858
0.633375,0.788500458418633
0.6335,0.788518171636212
0.633625,0.788535802118932
0.63375,0.788553349592694
0.633875,0.788570813785138
0.634,0.788588194425822
0.634125,0.788605491246528
0.63425,0.788622703982005
0.634375,0.788639832370024
0.6345,0.788656876151456
0.634625,0.788673835070441
0.63475,0.788690708874544
0.634875,0.788707497314924
0.635,0.788724200146487
0.635125,0.788740817128185
0.63525,0.788757348023768
0.635375,0.788773792601815
0.6355,0.788790150635785
0.635625,0.788806421904164
0.63575,0.788822606190601
0.635875,0.788838703284046
0.636,0.78885471297889
0.636125,0.788870635072931
0.63625,0.788886469358373
0.636375,0.788902215623729
0.6365,0.788917873655465
0.636625,0.78893344323815
0.63675,0.788948924154613
0.636875,0.788964316186099
0.637,0.788979619112423
0.637125,0.788994832712268
0.63725,0.789009956763928
0.637375,0.789024991045349
0.6375,0.789039935334193
0.637625,0.78905478940799
0.63775,0.789069553044294
0.637875,0.789084226020839
0.638,0.789098808115693
0.638125,0.789113299107553
0.63825,0.789127698776516
0.638375,0.789142006904105
0.6385,0.789156223273324
0.638625,0.789170347668808
0.63875,0.789184379876963
0.638875,0.78919831968612
0.639,0.789212166886678
0.639125,0.789225921271392
0.63925,0.78923958263616
0.639375,0.789253150780028
0.6395,0.789266625505235
0.639625,0.789280006617336
0.63975,0.789293293925341
0.639875,0.789306487241845
0.64,0.789319586383151
0.640125,0.789332591169555
0.64025,0.78934550142613
0.640375,0.789358316982715
0.6405,0.789371037673925
0.640625,0.789383663339263
0.64075,0.789396193823231
0.640875,0.789408628975436
0.641,0.789420968650693
0.641125,0.789433212707311
0.64125,0.78944536099948
0.641375,0.789457413378875
0.6415,0.789469369696023
0.641625,0.789481229800428
0.64175,0.789492993540686
0.641875,0.789504660764604
0.642,0.789516231319324
0.642125,0.789527705051593
0.64225,0.789539081808537
0.642375,0.789550361437654
0.6425,0.789561543786823
0.642625,0.789572628704425
0.64275,0.789583616039455
0.642875,0.789594505641644
0.643,0.78960529736157
0.643125,0.789615991050933
0.64325,0.78962658656334
0.643375,0.789637083754284
0.6435,0.789647482481151
0.643625,0.789657782603322
0.64375,0.789667983982284
0.643875,0.789678086481738
0.644,0.789688089967697
0.644125,0.789697994308756
0.64425,0.789707799376885
0.644375,0.789717505047391
0.6445,0.789727111198903
0.644625,0.789736617713464
0.64475,0.789746024476625
0.644875,0.789755331377533
0.645,0.789764538309016
0.645125,0.789773645167842
0.64525,0.789782651855503
0.645375,0.78979155827816
0.6455,0.789800364346608
0.645625,0.789809069976341
0.64575,0.789817675087625
0.645875,0.789826179605569
0.646,0.789834583460183
0.646125,0.789842886585006
0.64625,0.789851088911068
0.646375,0.789859190368138
0.6465,0.789867190885787
0.646625,0.789875090393464
0.64675,0.789882888820572
0.646875,0.789890586096538
0.647,0.789898182150892
0.647125,0.789905676913501
0.64725,0.789913070315346
0.647375,0.789920362288456
0.6475,0.789927552765865
0.647625,0.789934641681683
0.64775,0.789941628971165
0.647875,0.789948514570778
0.648,0.78995529841827
0.648125,0.789961980452904
0.64825,0.789968560616235
0.648375,0.789975038852037
0.6485,0.789981415106245
0.648625,0.789987689327022
0.64875,0.789993861464808
0.648875,0.789999931472387
0.649,0.790005899304936
0.649125,0.790011764920253
0.64925,0.790017528279533
0.649375,0.790023189347279
0.6495,0.79002874809123
0.649625,0.790034204482408
0.64975,0.79003955849516
0.649875,0.7900448101072
0.65,0.790049959299649
0.650125,0.790055006057245
0.65025,0.790059950369115
0.650375,0.790064792228665
0.6505,0.790069531633489
0.650625,0.790074168585395
0.65075,0.790078703090431
0.650875,0.790083135158903
0.651,0.790087464805397
0.651125,0.790091692047768
0.65125,0.790095816902801
0.651375,0.790099839387078
0.6515,0.790103759517704
0.651625,0.790107577312337
0.65175,0.790111292789208
0.651875,0.790114905967148
0.652,0.790118416865611
0.652125,0.790121825504864
0.65225,0.790125131906736
0.652375,0.790128336094498
0.6525,0.790131438092762
0.652625,0.790134437927503
0.65275,0.790137335626075
0.652875,0.790140131217228
0.653,0.790142824731123
0.653125,0.790145416199521
0.65325,0.790147905656521
0.653375,0.790150293138436
0.6535,0.790152578683682
0.653625,0.790154762332786
0.65375,0.790156844128395
0.653875,0.790158824115284
0.654,0.790160702340357
0.654125,0.790162478852825
0.65425,0.790164153704944
0.654375,0.790165726951872
0.6545,0.790167198651546
0.654625,0.790168568864678
0.65475,0.790169837654754
0.654875,0.790171005088021
0.655,0.790172071233482
0.655125,0.790173036163058
0.65525,0.790173899952317
0.655375,0.79017466268031
0.6555,0.79017532442944
0.655625,0.790175885285442
0.65575,0.790176345337358
0.655875,0.79017670467752
0.656,0.79017696340152
0.656125,0.790177121607592
0.65625,0.790177179394046
0.656375,0.790177136859741
0.6565,0.790176994104465
0.656625,0.790176751228921
0.65675,0.790176408334696
0.656875,0.79017596552424
0.657,0.790175422900842
0.657125,0.790174780568776
0.65725,0.790174038633989
0.657375,0.790173197203943
0.6575,0.790172256387463
0.657625,0.790171216294711
0.65775,0.790170077037152
0.657875,0.79016883872753
0.658,0.79016750147983
0.658125,0.790166065409417
0.65825,0.790164530633724
0.658375,0.790162897272075
0.6585,0.790161165445533
0.658625,0.790159335276863
0.65875,0.790157406890491
0.658875,0.79015538041247
0.659,0.790153255970435
0.659125,0.790151033693732
0.65925,0.790148713714095
0.659375,0.790146296165461
0.6595,0.790143781183806
0.659625,0.790141168907104
0.65975,0.790138459475274
0.659875,0.790135653030131
0.66,0.790132749715341
0.660125,0.790129749676533
0.66025,0.790126653061963
0.660375,0.790123460022321
0.6605,0.790120170710558
0.660625,0.790116785281832
0.66075,0.790113303893446
0.660875,0.79010972670479
0.661,0.790106053877282
0.661125,0.790102285574142
0.66125,0.790098421959636
0.661375,0.790094463199152
0.6615,0.790090409459248
0.661625,0.790086260907591
0.66175,0.79008201771289
0.661875,0.790077680044837
0.662,0.790073248074041
0.662125,0.790068721972128
0.66225,0.790064101912367
0.662375,0.790059388069475
0.6625,0.790054580619428
0.662625,0.790049679739403
0.66275,0.7900446856077
0.662875,0.790039598403676
0.663,0.790034418307677
0.663125,0.790029145501126
0.66325,0.790023780167139
0.663375,0.790018322490322
0.6635,0.790012772656582
0.663625,0.790007130853057
0.66375,0.790001397268035
0.663875,0.789995572090885
0.664,0.789989655511974
0.664125,0.789983647722756
0.66425,0.78997754891637
0.664375,0.789971359287431
0.6645,0.789965079031841
0.664625,0.789958708346705
0.66475,0.789952247430254
0.664875,0.78994569648176
0.665,0.789939055701457
0.665125,0.789932325290612
0.66525,0.789925505452116
0.665375,0.789918596390268
0.6655,0.789911598310578
0.665625,0.789904511419684
0.66575,0.789897335925265
0.665875,0.789890072035953
0.666,0.789882719961243
0.666125,0.789875279911672
0.66625,0.789867752099836
0.666375,0.789860136740084
0.6665,0.78985243404825
0.666625,0.789844644241555
0.66675,0.789836767538514
0.666875,0.789828804158845
0.667,0.789820754323367
0.667125,0.789812618254067
0.66725,0.789804396174646
0.667375,0.789796088310302
0.6675,0.789787694887523
0.667625,0.789779216133988
0.66775,0.789770652278465
0.667875,0.789762003550716
0.668,0.78975327018139
0.668125,0.789744452402078
0.66825,0.789735550445846
0.668375,0.789726564547013
0.6685,0.78971749494094
0.668625,0.789708341863926
0.66875,0.789699105553106
0.668875,0.789689786246344
0.669,0.789680384182126
0.669125,0.789670899599607
0.66925,0.789661332739127
0.669375,0.789651683841985
0.6695,0.789641953150231
0.669625,0.789632140906554
0.66975,0.789622247354178
0.669875,0.789612272736752
0.67,0.789602217298242
0.670125,0.789592081282965
0.67025,0.789581864936097
0.670375,0.789571568503442
0.6705,0.789561192231223
0.670625,0.789550736365973
0.67075,0.789540201154421
0.670875,0.78952958684339
0.671,0.789518893679679
0.671125,0.78950812191062
0.67125,0.78949727178679
0.671375,0.789486343561344
0.6715,0.789475337489442
0.671625,0.789464253828133
0.67175,0.789453092836225
0.671875,0.789441854774175
0.672,0.789430539903958
0.672125,0.789419148489087
0.67225,0.789407680795092
0.672375,0.789396137089271
0.6725,0.789384517640473
0.672625,0.789372822718967
0.67275,0.789361052596317
0.672875,0.789349207545255
0.673,0.78933728783955
0.673125,0.789325293754016
0.67325,0.789313225564965
0.673375,0.789301083549966
0.6735,0.789288867987614
0.673625,0.789276579157403
0.67375,0.78926421733959
0.673875,0.789251782815068
0.674,0.789239275865229
0.674125,0.789226696771964
0.67425,0.789214045818099
0.674375,0.789201323287147
0.6745,0.789188529463085
0.674625,0.789175664630221
0.67475,0.789162729073056
0.674875,0.789149723076154
0.675,0.789136646924007
0.675125,0.789123500901028
0.67525,0.789110285291966
0.675375,0.789097000381665
0.6755,0.789083646454839
0.675625,0.789070223795945
0.67575,0.789056732689042
0.675875,0.789043173417661
0.676,0.789029546264673
0.676125,0.789015851513192
0.67625,0.789002089450829
0.676375,0.7889882603687
0.6765,0.788974364560577
0.676625,0.788960402322733
0.67675,0.788946373953797
0.676875,0.788932279754609
0.677,0.788918120028064
0.677125,0.788903895079091
0.67725,0.788889605215029
0.677375,0.788875250745379
0.6775,0.788860831981552
0.677625,0.788846349236724
0.67775,0.788831802825671
0.677875,0.78881719306462
0.678,0.788802520271084
0.678125,0.788787784763833
0.67825,0.788772986863242
0.678375,0.788758126891034
0.6785,0.788743205170037
0.678625,0.788728222024024
0.67875,0.78871317777755
0.678875,0.788698072755794
0.679,0.788682907284396
0.679125,0.78866768168941
0.67925,0.788652396297637
0.679375,0.788637051436367
0.6795,0.788621647433135
0.679625,0.788606184615563
0.67975,0.788590663311194
0.679875,0.788575083847334
0.68,0.788559446550889
0.680125,0.788543751748315
0.68025,0.788527999765926
0.680375,0.788512190929644
0.6805,0.788496325564763
0.680625,0.788480403995786
0.68075,0.788464426546272
0.680875,0.788448393538673
0.681,0.788432305294181
0.681125,0.788416162133928
0.68125,0.788399964384622
0.681375,0.788383712377252
0.6815,0.788367406445981
0.681625,0.788351046927971
0.68175,0.788334634163206
0.681875,0.788318168494315
0.682,0.788301650266393
0.682125,0.788285079826929
0.68225,0.788268457526081
0.682375,0.788251783716404
0.6825,0.788235058752594
0.682625,0.788218282991303
0.68275,0.788201456790952
0.682875,0.788184580511547
0.683,0.788167654514494
0.683125,0.788150679162508
0.68325,0.788133654819862
0.683375,0.788116581852112
0.6835,0.788099460625841
0.683625,0.788082291508465
0.68375,0.788065074868048
0.683875,0.788047811073109
0.684,0.788030500492436
0.684125,0.788013143494987
0.68425,0.787995740450113
0.684375,0.787978291727283
0.6845,0.787960797695833
0.684625,0.787943258724779
0.68475,0.787925675182621
0.684875,0.787908047437161
0.685,0.787890375855317
0.685125,0.78787266080302
0.68525,0.787854902645408
0.685375,0.787837101746574
0.6855,0.787819258469309
0.685625,0.787801373174927
0.68575,0.787783446223082
0.685875,0.787765477971581
0.686,0.787747468776209
0.686125,0.787729418992194
0.68625,0.787711328980989
0.686375,0.787693199108741
0.6865,0.787675029744958
0.686625,0.787656821262309
0.68675,0.787638574036425
0.686875,0.787620288445693
0.687,0.787601964871057
0.687125,0.787583603695894
0.68725,0.787565205306177
0.687375,0.787546770090192
0.6875,0.787528298438278
0.687625,0.787509790742608
0.68775,0.787491247396989
0.687875,0.787472668796644
0.688,0.787454055338004
0.688125,0.787435407418579
0.68825,0.787416725437076
0.688375,0.787398009793128
0.6885,0.787379260887027
0.688625,0.787360479119506
0.68875,0.787341664891532
0.688875,0.787322818604094
0.689,0.787303940657985
0.689125,0.787285031453672
0.68925,0.787266091391385
0.689375,0.787247120870852
0.6895,0.787228120291033
0.689625,0.787209090049919
0.68975,0.787190030544316
0.689875,0.787170942169642
0.69,0.787151825319721
0.690125,0.78713268038664
0.69025,0.787113507760824
0.690375,0.787094307830778
0.6905,0.78707508098284
0.690625,0.787055827600983
0.69075,0.78703654806662
0.690875,0.787017242758398
0.691,0.786997912052015
0.691125,0.786978556321884
0.69125,0.786959175948859
0.691375,0.786939771318498
0.6915,0.786920342819562
0.691625,0.786900890843804
0.69175,0.786881415785746
0.691875,0.786861918042469
0.692,0.786842398013385
0.692125,0.786822856100084
0.69225,0.786803292706376
0.692375,0.786783708238015
0.6925,0.786764103102433
0.692625,0.786744477708524
0.69275,0.786724832466409
0.692875,0.786705167787222
0.693,0.786685484082882
0.693125,0.786665781765921
0.69325,0.786646061249495
0.693375,0.786626322947112
0.6935,0.786606567272371
0.693625,0.786586794638739
0.69375,0.786567005459328
0.693875,0.786547200146667
0.694,0.78652737911249
0.694125,0.78650754276755
0.69425,0.786487691521606
0.694375,0.78646782578316
0.6945,0.786447945959209
0.694625,0.786428052455025
0.69475,0.786408145673941
0.694875,0.786388226017135
0.695,0.786368293883419
0.695125,0.786348349669065
0.69525,0.786328393767759
0.695375,0.786308426570366
0.6955,0.78628844846469
0.695625,0.786268459835277
0.69575,0.786248461063209
0.695875,0.786228452525906
0.696,0.786208434596928
0.696125,0.78618840764781
0.69625,0.78616837205646
0.696375,0.786148328205294
0.6965,0.786128276479619
0.696625,0.786108217267417
0.69675,0.786088150959123
0.696875,0.786068077947409
0.697,0.786047998626957
0.697125,0.786027913394277
0.69725,0.786007822647636
0.697375,0.785987726786806
0.6975,0.785967626212812
0.697625,0.785947521327712
0.69775,0.78592741253437
0.697875,0.785907300236234
0.698,0.785887184837107
0.698125,0.785867066740957
0.69825,0.78584694635181
0.698375,0.785826824073508
0.6985,0.785806700309461
0.698625,0.785786575462427
0.69875,0.78576644993429
0.698875,0.78574632412584
0.699,0.785726198436553
0.699125,0.785706073264391
0.69925,0.785685949005676
0.699375,0.785665826054855
0.6995,0.78564570480427
0.699625,0.785625585643948
0.69975,0.785605468961385
0.699875,0.785585355141339
0.7,0.785565244565624
0.700125,0.785545137612912
0.70025,0.785525034658588
0.700375,0.785504936074534
0.7005,0.785484842228925
0.700625,0.785464753486029
0.70075,0.785444670206014
0.700875,0.785424592744758
0.701,0.785404521453655
0.701125,0.785384456681557
0.70125,0.785364398783585
0.701375,0.785344348119196
0.7015,0.785324305050506
0.701625,0.785304269942081
0.70175,0.785284243160728
0.701875,0.785264225075281
0.702,0.785244216056386
0.702125,0.785224216476303
0.70225,0.785204226708736
0.702375,0.785184247128609
0.7025,0.785164278111843
0.702625,0.785144320035146
0.70275,0.78512437327579
0.702875,0.785104438211403
0.703,0.785084515219752
0.703125,0.785064604678531
0.70325,0.785044706965164
0.703375,0.785024822456589
0.7035,0.785004951529042
0.703625,0.784985094557844
0.70375,0.784965251917193
0.703875,0.784945423979952
0.704,0.784925611117439
0.704125,0.784905813699219
0.70425,0.784886032092877
0.704375,0.78486626666382
0.7045,0.784846517775073
0.704625,0.784826785787084
0.70475,0.784807071057514
0.704875,0.784787373941051
0.705,0.784767694789206
0.705125,0.78474803395011
0.70525,0.784728391768276
0.705375,0.784708768584416
0.7055,0.784689164735264
0.705625,0.784669580553395
0.70575,0.784650016367037
0.705875,0.784630472499902
0.706,0.784610949271001
0.706125,0.784591446996629
0.70625,0.784571965999315
0.706375,0.78455250660587
0.7065,0.784533069145712
0.706625,0.784513653950668
0.70675,0.784494261354776
0.706875,0.784474891694087
0.707,0.784455545306462
0.707125,0.784436222531365
0.70725,0.784416923709604
0.707375,0.784397649183145
0.7075,0.784378399294915
0.707625,0.784359174388602
0.70775,0.784339974808456
0.707875,0.784320800899086
0.708,0.784301653005255
0.708125,0.784282531471666
0.70825,0.784263436642678
0.708375,0.784244368862119
0.7085,0.784225328473101
0.708625,0.784206315817828
0.70875,0.784187331237387
0.708875,0.784168375071564
0.709,0.784149447658639
0.709125,0.784130549335171
0.70925,0.784111680435692
0.709375,0.784092841292536
0.7095,0.784074032235668
0.709625,0.784055253592498
0.70975,0.784036505687694
0.709875,0.784017788842998
0.71,0.783999103377042
0.710125,0.783980449605137
0.71025,0.783961827838953
0.710375,0.783943238386364
0.7105,0.783924681551309
0.710625,0.783906157633613
0.71075,0.783887666928824
0.710875,0.783869209728046
0.711,0.783850786317779
0.711125,0.783832396981869
0.71125,0.783814042010327
0.711375,0.783795721697414
0.7115,0.783777436340004
0.711625,0.783759186237406
0.71175,0.783740971691172
0.711875,0.783722793004915
0.712,0.783704650484127
0.712125,0.783686544435948
0.71225,0.783668475168846
0.712375,0.783650442992452
0.7125,0.783632448217394
0.712625,0.783614491155114
0.71275,0.783596572117675
0.712875,0.783578691417575
0.713,0.783560849367561
0.713125,0.783543046280397
0.71325,0.78352528246851
0.713375,0.783507558243835
0.7135,0.783489873917654
0.713625,0.783472229800416
0.71375,0.783454626201551
0.713875,0.783437063429283
0.714,0.783419541790454
0.714125,0.78340206159029
0.71425,0.783384623132026
0.714375,0.783367226716765
0.7145,0.783349872643331
0.714625,0.783332561208101
0.71475,0.783315292704824
0.714875,0.783298067424454
0.715,0.78328088565498
0.715125,0.783263747681204
0.71525,0.783246653784345
0.715375,0.783229604241926
0.7155,0.783212599327646
0.715625,0.783195639311222
0.71575,0.783178724458238
0.715875,0.783161855029986
0.716,0.78314503128332
0.716125,0.783128253472526
0.71625,0.783111521857725
0.716375,0.783094836703061
0.7165,0.783078198275147
0.716625,0.783061606842886
0.71675,0.783045062677307
0.716875,0.783028566051389
0.717,0.783012117239891
0.717125,0.78299571651912
0.71725,0.782979364166538
0.717375,0.782963060460624
0.7175,0.78294680568074
0.717625,0.782930600106957
0.71775,0.782914444019881
0.717875,0.782898337700476
0.718,0.782882281429894
0.718125,0.782866275489237
0.71825,0.782850320159134
0.718375,0.782834415719619
0.7185,0.782818562449994
0.718625,0.782802760628664
0.71875,0.782787010532965
0.718875,0.782771312438993
0.719,0.782755666621437
0.719125,0.782740073353348
0.71925,0.78272453290569
0.719375,0.782709045547234
0.7195,0.782693611544438
0.719625,0.782678231161288
0.71975,0.782662904659139
0.719875,0.782647632296557
0.72,0.782632414329164
0.720125,0.782617251009411
0.72025,0.782602142586124
0.720375,0.782587089304411
0.7205,0.782572091405566
0.720625,0.78255714912693
0.72075,0.782542262701741
0.720875,0.782527432359006
0.721,0.782512658323354
0.721125,0.782497940816775
0.72125,0.78248328006638
0.721375,0.782468676302735
0.7215,0.78245412975842
0.721625,0.782439640667879
0.72175,0.782425209267261
0.721875,0.782410835794269
0.722,0.782396520488002
0.722125,0.782382263588726
0.72225,0.782368065337413
0.722375,0.782353925975648
0.7225,0.782339845745513
0.722625,0.782325824889441
0.72275,0.782311863650051
0.722875,0.782297962270001
0.723,0.782284120991823
0.723125,0.782270340057697
0.72325,0.782256619708968
0.723375,0.782242960186053
0.7235,0.782229361728343
0.723625,0.782215824574053
0.72375,0.782202348960071
0.723875,0.782188935121804
0.724,0.782175583293037
0.724125,0.782162293705698
0.72425,0.782149066589358
0.724375,0.782135902171163
0.7245,0.782122800675741
0.724625,0.782109762325065
0.72475,0.782096787338317
0.724875,0.782083875931746
0.725,0.782071028318537
0.725125,0.782058244708589
0.72525,0.782045525308007
0.725375,0.782032870319047
0.7255,0.78202027994005
0.725625,0.782007754365323
0.72575,0.781995293785017
0.725875,0.781982898385008
0.726,0.781970568346785
0.726125,0.781958303848989
0.72625,0.781946105074345
0.726375,0.781933972208171
0.7265,0.781921905437108
0.726625,0.781909904948996
0.72675,0.781897970932738
0.726875,0.78188610357817
0.727,0.781874303075933
0.727125,0.78186256961725
0.72725,0.781850903393425
0.727375,0.781839304595781
0.7275,0.781827773415593
0.727625,0.781816310043957
0.72775,0.781804914671664
0.727875,0.781793587489067
0.728,0.781782328685956
0.728125,0.781771138451336
0.72825,0.781760016972903
0.728375,0.781748964437002
0.7285,0.781737981028558
0.728625,0.78172706693096
0.72875,0.781716222325933
0.728875,0.781705447393424
0.729,0.781694742311476
0.729125,0.781684107256015
0.72925,0.781673542400316
0.729375,0.781663047914973
0.7295,0.781652623967848
0.729625,0.781642270723962
0.72975,0.78163198834539
0.729875,0.781621776991147
0.73,0.781611636817088
0.730125,0.781601567975701
0.73025,0.781591570615567
0.730375,0.78158164488135
0.7305,0.781571790913768
0.730625,0.781562008849503
0.73075,0.781552298821112
0.730875,0.781542660956931
0.731,0.781533095380998
0.731125,0.781523602214375
0.73125,0.781514181581046
0.731375,0.781504833606671
0.7315,0.781495558417518
0.731625,0.781486356140365
0.73175,0.781477226902406
0.731875,0.78146817083115
0.732,0.781459188054328
0.732125,0.781450278699691
0.73225,0.781441442894485
0.732375,0.781432680765437
0.7325,0.781423992438728
0.732625,0.781415378039905
0.73275,0.781406837693781
0.732875,0.781398371524346
0.733,0.78138997965467
0.733125,0.781381662206712
0.73325,0.781373419300775
0.733375,0.78136525105551
0.7335,0.781357157587895
0.733625,0.781349139013152
0.73375,0.781341195444658
0.733875,0.781333326993866
0.734,0.781325533770216
0.734125,0.781317815880947
0.73425,0.781310173430554
0.734375,0.7813026065208
0.7345,0.78129511525071
0.734625,0.781287699716504
0.73475,0.78128036001152
0.734875,0.781273096226142
0.735,0.781265908447735
0.735125,0.781258796760461
0.73525,0.781251761244738
0.735375,0.781244801977269
0.7355,0.781237919031058
0.735625,0.781231112475357
0.73575,0.781224382375605
0.735875,0.781217728793376
0.736,0.781211151786333
0.736125,0.781204651409298
0.73625,0.781198227718979
0.736375,0.781191880772997
0.7365,0.781185610629049
0.736625,0.781179417344848
0.73675,0.781173300978066
0.736875,0.781167261586276
0.737,0.781161299226892
0.737125,0.781155413957
0.73725,0.78114960583283
0.737375,0.781143874909794
0.7375,0.781138221242498
0.737625,0.781132644884697
0.73775,0.781127145889232
0.737875,0.781121724307984
0.738,0.781116380191811
0.738125,0.781111113590393
0.73825,0.781105924551692
0.738375,0.781100813121996
0.7385,0.781095779345952
0.738625,0.781090823266513
0.73875,0.781085944924896
0.738875,0.781081144360536
0.739,0.781076421611039
0.739125,0.781071776712024
0.73925,0.781067209696592
0.739375,0.781062720595379
0.7395,0.781058309436598
0.739625,0.781053976246003
0.73975,0.781049721046853
0.739875,0.781045543859879
0.74,0.781041444703251
0.740125,0.781037423592431
0.74025,0.781033480539642
0.740375,0.781029615553937
0.7405,0.78102582864126
0.740625,0.781022119804419
0.74075,0.781018489043068
0.740875,0.781014936353688
0.741,0.781011461729565
0.741125,0.781008065161598
0.74125,0.781004746641731
0.741375,0.781001506162271
0.7415,0.780998343715302
0.741625,0.780995259292664
0.74175,0.780992252885932
0.741875,0.780989324486391
0.742,0.78098647408502
0.742125,0.780983701672351
0.74225,0.780981007237958
0.742375,0.780978390770538
0.7425,0.780975852257965
0.742625,0.780973391687275
0.74275,0.780971009044648
0.742875,0.780968704315391
0.743,0.780966477483919
0.743125,0.780964328533628
0.74325,0.780962257446378
0.743375,0.78096026420258
0.7435,0.780958348781262
0.743625,0.780956511160057
0.74375,0.78095475131519
0.743875,0.780953069221474
0.744,0.780951464852291
0.744125,0.780949938179475
0.74425,0.7809484891728
0.744375,0.780947117800075
0.7445,0.780945824027213
0.744625,0.780944607818239
0.74475,0.780943469135277
0.744875,0.780942407938556
0.745,0.780941424186406
0.745125,0.780940517835144
0.74525,0.780939688838571
0.745375,0.780938937148073
0.7455,0.780938262712712
0.745625,0.780937665479231
0.74575,0.780937145392061
0.745875,0.780936702393336
0.746,0.780936336422899
0.746125,0.780936047418803
0.74625,0.780935835319394
0.746375,0.78093570006292
0.7465,0.780935641587207
0.746625,0.780935659829662
0.74675,0.780935754727287
0.746875,0.780935926216689
0.747,0.780936174234084
0.747125,0.780936498715199
0.74725,0.780936899594786
0.747375,0.780937376806732
0.7475,0.780937930284147
0.747625,0.780938559959381
0.74775,0.780939265764034
0.747875,0.78094004762897
0.748,0.780940905484331
0.748125,0.780941839259437
0.74825,0.780942848882309
0.748375,0.78094393427978
0.7485,0.780945095377593
0.748625,0.780946332100416
0.74875,0.780947644371863
0.748875,0.780949032114512
0.749,0.780950495249926
0.749125,0.780952033698552
0.74925,0.780953647379258
0.749375,0.780955336209448
0.7495,0.780957100105162
0.749625,0.780958938981104
0.74975,0.780960852750663
0.749875,0.780962841325943
0.75,0.780964904617782
0.750125,0.780967042535673
0.75025,0.780969254987294
0.750375,0.780971541878635
0.7505,0.78097390311411
0.750625,0.780976338596583
0.75075,0.780978848227407
0.750875,0.780981431906449
0.751,0.78098408953213
0.751125,0.780986821001613
0.75125,0.780989626211494
0.751375,0.780992505057714
0.7515,0.780995457435483
0.751625,0.780998483239314
0.75175,0.78100158236306
0.751875,0.781004754699949
0.752,0.781008000142618
0.752125,0.781011318583038
0.75225,0.781014709912069
0.752375,0.781018174019596
0.7525,0.781021710794639
0.752625,0.781025320125394
0.75275,0.781029001899271
0.752875,0.781032756002936
0.753,0.781036582322346
0.753125,0.781040480742682
0.75325,0.781044451147915
0.753375,0.781048493420936
0.7535,0.781052607443677
0.753625,0.781056793097158
0.75375,0.781061050261526
0.753875,0.781065378816099
0.754,0.781069778639413
0.754125,0.781074249609155
0.75425,0.781078791601736
0.754375,0.781083404492435
0.7545,0.781088088155513
0.754625,0.781092842464269
0.75475,0.781097667291085
0.754875,0.781102562507474
0.755,0.781107527984131
0.755125,0.78111256359087
0.75525,0.781117669196214
0.755375,0.781122844667531
0.7555,0.781128089871166
0.755625,0.781133404672491
0.75575,0.781138788935957
0.755875,0.781144242525151
0.756,0.781149765302847
0.756125,0.78115535713089
0.75625,0.781161017869522
0.756375,0.78116674737758
0.7565,0.781172545512669
0.756625,0.781178412131226
0.75675,0.781184347088573
0.756875,0.781190350238981
0.757,0.781196421435728
0.757125,0.781202560531049
0.75725,0.781208767375751
0.757375,0.781215041819354
0.7575,0.781221383710231
0.757625,0.781227792895675
0.75775,0.78123426922196
0.757875,0.781240812534404
0.758,0.781247422677439
0.758125,0.781254099494566
0.75825,0.781260842827977
0.758375,0.781267652518707
0.7585,0.781274528406775
0.758625,0.781281470331252
0.75875,0.781288478130329
0.758875,0.78129555164139
0.759,0.781302690701077
0.759125,0.78130989514526
0.75925,0.781317164808664
0.759375,0.781324499525027
0.7595,0.781331899127246
0.759625,0.781339363447445
0.75975,0.78134689231705
0.759875,0.781354485566862
0.76,0.78136214302713
0.760125,0.781369864527523
0.76025,0.781377649896773
0.760375,0.781385498962831
0.7605,0.781393411553014
0.760625,0.781401387494083
0.76075,0.781409426612312
0.760875,0.781417528733569
0.761,0.781425693683393
0.761125,0.781433921286578
0.76125,0.781442211365202
0.761375,0.781450563739099
0.7615,0.781458978226278
0.761625,0.781467454643009
0.76175,0.781475992803903
0.761875,0.781484592522003
0.762,0.781493253608867
0.762125,0.781501975874557
0.76225,0.781510759127305
0.762375,0.781519603173685
0.7625,0.781528507818768
0.762625,0.781537472866215
0.76275,0.781546498118373
0.762875,0.781555583376359
0.763,0.781564728440159
0.763125,0.781573933108622
0.76325,0.781583197179143
0.763375,0.781592520447837
0.7635,0.781601902709702
0.763625,0.781611343758714
0.76375,0.781620843387926
0.763875,0.781630401389563
0.764,0.781640017555119
0.764125,0.781649691675363
0.76425,0.781659423540034
0.764375,0.781669212938018
0.7645,0.781679059657516
0.764625,0.781688963486137
0.76475,0.781698924211002
0.764875,0.781708941618842
0.765,0.7817190154961
0.765125,0.781729145628936
0.76525,0.781739331802945
0.765375,0.781749573803327
0.7655,0.781759871415057
0.765625,0.781770224422978
0.76575,0.781780632611909
0.765875,0.781791095766741
0.766,0.781801613672538
0.766125,0.781812186113862
0.76625,0.781822812871583
0.766375,0.781833493723617
0.7665,0.78184422844558
0.766625,0.781855016810891
0.76675,0.781865858590888
0.766875,0.781876753554943
0.767,0.781887701470576
0.767125,0.781898702103478
0.76725,0.781909755217258
0.767375,0.781920860573623
0.7675,0.78193201793257
0.767625,0.781943227052494
0.76775,0.781954487690318
0.767875,0.781965799601607
0.768,0.781977162540693
0.768125,0.781988576260709
0.76825,0.782000040513353
0.768375,0.782011555049078
0.7685,0.782023119617276
0.768625,0.782034733966402
0.76875,0.782046397844101
0.768875,0.78205811099733
0.769,0.782069873172485
0.769125,0.782081684115444
0.76925,0.782093543571347
0.769375,0.782105451284791
0.7695,0.782117407000007
0.769625,0.782129410460992
0.76975,0.782141461411632
0.769875,0.782153559595829
0.77,0.782165704757629
0.770125,0.782177896641263
0.77025,0.782190134990955
0.770375,0.7822024195511
0.7705,0.782214750066451
0.770625,0.782227126282238
0.77075,0.782239547944297
0.770875,0.782252014799191
0.771,0.782264526594334
0.771125,0.782277083077078
0.77125,0.78228968399043
0.771375,0.78230232907404
0.7715,0.782315018065046
0.771625,0.782327750698216
0.77175,0.782340526706082
0.771875,0.782353345819078
0.772,0.782366207765687
0.772125,0.782379112272499
0.77225,0.78239205906404
0.772375,0.782405047862973
0.7725,0.782418078390296
0.772625,0.782431150365487
0.77275,0.782444263506646
0.772875,0.782457417530645
0.773,0.78247061215327
0.773125,0.7824838470893
0.77325,0.782497122052353
0.773375,0.782510436755094
0.7735,0.782523790909426
0.773625,0.782537184226647
0.77375,0.782550616417589
0.773875,0.782564087192773
0.774,0.782577596262554
0.774125,0.782591143337202
0.77425,0.782604728126778
0.774375,0.782618350341325
0.7745,0.782632009691073
0.774625,0.782645705886576
0.77475,0.782659438638868
0.774875,0.782673207659603
0.775,0.782687012661204
0.775125,0.782700853356949
0.77525,0.782714729460855
0.775375,0.782728640687874
0.7755,0.782742586754079
0.775625,0.782756567376805
0.77575,0.782770582274792
0.775875,0.782784631168326
0.776,0.782798713779379
0.776125,0.782812829830482
0.77625,0.782826979039513
0.776375,0.782841161120875
0.7765,0.782855375786521
0.776625,0.782869622746111
0.77675,0.782883901707165
0.776875,0.78289821237522
0.777,0.782912554453989
0.777125,0.78292692764546
0.77725,0.782941331649808
0.777375,0.782955766165604
0.7775,0.782970230890014
0.777625,0.782984725518961
0.77775,0.782999249747287
0.777875,0.783013803268916
0.778,0.783028385777012
0.778125,0.783042996964094
0.77825,0.783057636521968
0.778375,0.783072304141937
0.7785,0.783086999514999
0.778625,0.78310172233201
0.77875,0.783116472283846
0.778875,0.783131249061566
0.779,0.783146052356573
0.779125,0.783160881860728
0.77925,0.78317573726631
0.779375,0.783190618266215
0.7795,0.783205524554147
0.779625,0.783220455824783
0.77975,0.783235411773922
0.779875,0.783250392098653
0.78,0.783265396497503
0.780125,0.783280424670557
0.78025,0.783295476319431
0.780375,0.783310551147459
0.7805,0.783325648859879
0.780625,0.78334076916398
0.78075,0.783355911769251
0.780875,0.783371076387532
0.781,0.78338626273316
0.781125,0.783401470521668
0.78125,0.7834166994638
0.781375,0.783431949266851
0.7815,0.783447219635824
0.781625,0.783462510273595
0.78175,0.78347782088107
0.781875,0.783493151157356
0.782,0.78350850079992
0.782125,0.783523869504719
0.78225,0.783539256966195
0.782375,0.783554662877476
0.7825,0.783570086930569
0.782625,0.78358552881653
0.78275,0.783600988225627
0.782875,0.783616464847515
0.783,0.783631958371396
0.783125,0.78364746848616
0.78325,0.783662994880403
0.783375,0.783678537242624
0.7835,0.783694095261416
0.783625,0.783709668625634
0.78375,0.783725257024564
0.783875,0.783740860148082
0.784,0.783756477686829
0.784125,0.78377210933234
0.78425,0.783787754777093
0.784375,0.78380341371469
0.7845,0.783819085840046
0.784625,0.783834770849545
0.78475,0.783850468441203
0.784875,0.783866178314826
0.785,0.783881900172172
0.785125,0.783897633717077
0.78525,0.783913378655525
0.785375,0.783929134695811
0.7855,0.783944901548715
0.785625,0.783960678927651
0.78575,0.783976466548812
0.785875,0.783992264131325
0.786,0.78400807139739
0.786125,0.784023888070845
0.78625,0.78403971387061
0.786375,0.784055548512133
0.7865,0.784071391708644
0.786625,0.784087243171312
0.78675,0.784103102609408
0.786875,0.784118969730473
0.787,0.784134844240475
0.787125,0.784150725843961
0.78725,0.784166614244124
0.787375,0.784182509142994
0.7875,0.784198410241615
0.787625,0.78421431724021
0.78775,0.78423022983835
0.787875,0.784246147735119
0.788,0.784262070629283
0.788125,0.784277998219436
0.78825,0.784293930204106
0.788375,0.784309866281931
0.7885,0.784325806151835
0.788625,0.784341749513193
0.78875,0.784357696065999
0.788875,0.784373645511024
0.789,0.784389597549985
0.789125,0.784405551885696
0.78925,0.784421508222184
0.789375,0.784437466264865
0.7895,0.784453425720707
0.789625,0.784469386298384
0.78975,0.78448534770844
0.789875,0.784501309663442
0.79,0.784517271878134
0.790125,0.784533234069585
0.79025,0.784549195957328
0.790375,0.784565157263509
0.7905,0.784581117713041
0.790625,0.784597077033746
0.79075,0.784613034956504
0.790875,0.784628991215392
0.791,0.784644945547825
0.791125,0.784660897693032
0.79125,0.784676847385134
0.791375,0.784692794354655
0.7915,0.784708738329833
0.791625,0.784724679036767
0.79175,0.784740616199584
0.791875,0.784756549540596
0.792,0.784772478780455
0.792125,0.78478840363832
0.79225,0.784804323831998
0.792375,0.784820239078111
0.7925,0.78483614909226
0.792625,0.784852053589186
0.79275,0.784867952282936
0.792875,0.784883844887022
0.793,0.784899731114584
0.793125,0.784915610678556
0.79325,0.784931483291839
0.793375,0.78494734866746
0.7935,0.78496320651873
0.793625,0.784979056559409
0.79375,0.784994898503865
0.793875,0.785010732067233
0.794,0.785026556965574
0.794125,0.785042372916043
0.79425,0.785058179637081
0.794375,0.785073976848563
0.7945,0.785089764271947
0.794625,0.785105541630434
0.79475,0.785121308649112
0.794875,0.785137065055114
0.795,0.785152810577769
0.795125,0.785168544948757
0.79525,0.785184267902323
0.795375,0.785199979175407
0.7955,0.785215678507779
0.795625,0.78523136564218
0.79575,0.78524704032446
0.795875,0.785262702303721
0.796,0.785278351332447
0.796125,0.785293987164943
0.79625,0.785309609550268
0.796375,0.78532521823377
0.7965,0.785340812958411
0.796625,0.785356393464915
0.79675,0.785371959491931
0.796875,0.785387510776177
0.797,0.785403047052608
0.797125,0.785418568054577
0.79725,0.78543407351406
0.797375,0.785449563161795
0.7975,0.785465036727438
0.797625,0.785480493939714
0.79775,0.785495934526582
0.797875,0.78551135821539
0.798,0.785526764733034
0.798125,0.785542153806139
0.79825,0.785557525161295
0.798375,0.785572878525205
0.7985,0.785588213624825
0.798625,0.785603530187522
0.79875,0.785618827941235
0.798875,0.785634106614624
0.799,0.785649365937232
0.799125,0.785664605639661
0.79925,0.785679825453833
0.799375,0.785695025113123
0.7995,0.785710204352491
0.799625,0.785725362908634
0.79975,0.785740500520134
0.799875,0.785755616927609
0.8,0.785770711873854
0.800125,0.78578578510402
0.80025,0.785800836365887
0.800375,0.78581586540998
0.8005,0.785830871989688
0.800625,0.785845855861399
0.80075,0.785860816784639
0.800875,0.785875754522203
0.801,0.78589066884029
0.801125,0.785905559506947
0.80125,0.785920426285069
0.801375,0.78593526893392
0.8015,0.785950087210436
0.801625,0.785964880869378
0.80175,0.785979649663476
0.801875,0.785994393343588
0.802,0.786009111658844
0.802125,0.786023804356834
0.80225,0.786038471183891
0.802375,0.786053111885216
0.8025,0.786067726205014
0.802625,0.786082313886643
0.80275,0.786096874672775
0.802875,0.786111408305541
0.803,0.786125914526693
0.803125,0.786140393077788
0.80325,0.7861548437005
0.803375,0.786169266136736
0.8035,0.786183660128769
0.803625,0.786198025419389
0.80375,0.786212361752056
0.803875,0.786226668871047
0.804,0.78624094652161
0.804125,0.786255194450151
0.80425,0.786269412404561
0.804375,0.786283600134328
0.8045,0.786297757390653
0.804625,0.786311883926596
0.80475,0.786325979497218
0.804875,0.786340043859723
0.805,0.7863540767736
0.805125,0.786368078000806
0.80525,0.786382047306103
0.805375,0.786395984457157
0.8055,0.786409889224634
0.805625,0.786423761382336
0.80575,0.786437600707326
0.805875,0.786451406980059
0.806,0.786465179984503
0.806125,0.786478919506647
0.80625,0.786492625327761
0.806375,0.786506297225857
0.8065,0.786519934976942
0.806625,0.786533538355159
0.80675,0.786547107132931
0.806875,0.786560641081102
0.807,0.786574139969081
0.807125,0.786587603565029
0.80725,0.786601031636211
0.807375,0.786614423949091
0.8075,0.786627780269451
0.807625,0.786641100362535
0.80775,0.786654383993187
0.807875,0.786667630926003
0.808,0.786680840925472
0.808125,0.78669401375617
0.80825,0.786707149183125
0.808375,0.786720246971918
0.8085,0.786733306888787
0.808625,0.786746328700771
0.80875,0.78675931217585
0.808875,0.786772257083082
0.809,0.786785163192744
0.809125,0.786798030276529
0.80925,0.786810858107922
0.809375,0.786823646462289
0.8095,0.786836395116972
0.809625,0.786849103851421
0.80975,0.786861772447328
0.809875,0.786874400688752
0.81,0.786886988362248
0.810125,0.78689953525706
0.81025,0.786912041165505
0.810375,0.786924505883045
0.8105,0.786936929208366
0.810625,0.786949310943497
0.81075,0.786961650893921
0.810875,0.786973948868696
0.811,0.786986204680558
0.811125,0.786998418144532
0.81125,0.78701058907163
0.811375,0.787022717270212
0.8115,0.78703480254715
0.811625,0.787046844707953
0.81175,0.787058843556895
0.811875,0.787070798897141
0.812,0.787082710530871
0.812125,0.787094578259476
0.81225,0.787106401883944
0.812375,0.787118181204936
0.8125,0.787129916022877
0.812625,0.787141606138073
0.81275,0.787153251350845
0.812875,0.787164851461653
0.813,0.787176406271222
0.813125,0.787187915580735
0.81325,0.787199379192239
0.813375,0.787210796908718
0.8135,0.787222168534167
0.813625,0.787233493873714
0.81375,0.787244772733747
0.813875,0.787256004922025
0.814,0.787267190247807
0.814125,0.787278328522036
0.81425,0.78728941955776
0.814375,0.787300463170191
0.8145,0.787311459176765
0.814625,0.787322407397261
0.81475,0.787333307653905
0.814875,0.787344159771485
0.815,0.787354963577454
0.815125,0.787365718902114
0.81525,0.787376425579044
0.815375,0.787387083445136
0.8155,0.787397692340645
0.815625,0.787408252109283
0.81575,0.787418762598319
0.815875,0.787429223658667
0.816,0.78743963514498
0.816125,0.787449996914377
0.81625,0.787460308820766
0.816375,0.787470570716052
0.8165,0.787480782451179
0.816625,0.787490943876229
0.81675,0.787501054840529
0.816875,0.787511115192751
0.817,0.787521124781016
0.817125,0.787531083453072
0.81725,0.787540991056718
0.817375,0.787550847439845
0.8175,0.787560652450486
0.817625,0.787570405936917
0.81775,0.787580107747758
0.817875,0.787589757732076
0.818,0.787599355739485
0.818125,0.787608901620325
0.81825,0.787618395226097
0.818375,0.787627836409498
0.8185,0.78763722502446
0.818625,0.787646560926249
0.81875,0.787655843971562
0.818875,0.787665074018616
0.819,0.787674250927247
0.819125,0.787683374559082
0.81925,0.787692444777981
0.819375,0.787701461450061
0.8195,0.787710424443726
0.819625,0.787719333629751
0.81975,0.787728188881366
0.819875,0.787736990074342
0.82,0.78774573708707
0.820125,0.78775442980073
0.82025,0.787763068099734
0.820375,0.787771651871731
0.8205,0.787780181007623
0.820625,0.787788655401634
0.82075,0.787797074951381
0.820875,0.78780543955794
0.821,0.787813749125913
0.821125,0.787822003562314
0.82125,0.787830202771653
0.821375,0.78783834665697
0.8215,0.787846435120714
0.821625,0.78785446806482
0.82175,0.787862445390787
0.821875,0.787870366999748
0.822,0.787878232792548
0.822125,0.787886042669903
0.82225,0.78789379653284
0.822375,0.787901494282699
0.8225,0.787909135821147
0.822625,0.787916721050255
0.82275,0.787924249872564
0.822875,0.787931722191167
0.823,0.787939137909772
0.823125,0.787946496932867
0.82325,0.787953799166165
0.823375,0.7879610445166
0.8235,0.787968232892332
0.823625,0.787975364202823
0.82375,0.787982438358893
0.823875,0.787989455272795
0.824,0.787996414858275
0.824125,0.788003317030729
0.82425,0.788010161707652
0.824375,0.788016948808624
0.8245,0.788023678255308
0.824625,0.788030349971508
0.82475,0.788036963883223
0.824875,0.788043519918709
0.825,0.788050018008526
0.825125,0.788056458085691
0.82525,0.788062840086123
0.825375,0.788069163948618
0.8255,0.788075429614832
0.825625,0.788081637029322
0.82575,0.788087786139594
0.825875,0.788093876896146
0.826,0.788099909252504
0.826125,0.788105883164302
0.82625,0.788111798585253
0.826375,0.788117655467975
0.8265,0.788123453764703
0.826625,0.788129193427335
0.82675,0.788134874407482
0.826875,0.788140496656511
0.827,0.788146060125599
0.827125,0.788151564765869
0.82725,0.788157010528829
0.827375,0.788162397366344
0.8275,0.788167725230618
0.827625,0.788172994074243
0.82775,0.788178203850238
0.827875,0.788183354512105
0.828,0.788188446013863
0.828125,0.788193478310195
0.82825,0.788198451356887
0.828375,0.788203365110792
0.8285,0.788208219529812
0.828625,0.788213014572936
0.82875,0.78821775020028
0.828875,0.788222426373132
0.829,0.788227043053984
0.829125,0.788231600206672
0.82925,0.788236097796816
0.829375,0.788240535791781
0.8295,0.788244914160642
0.829625,0.78824923287422
0.82975,0.788253491905113
0.829875,0.788257691227728
0.83,0.788261830818315
0.830125,0.788265910655085
0.83025,0.788269930718661
0.830375,0.78827389099202
0.8305,0.788277791460452
0.830625,0.788281632111579
0.83075,0.788285412935383
0.830875,0.788289133924222
0.831,0.78829279507285
0.831125,0.788296396377713
0.83125,0.788299937833896
0.831375,0.788303419435741
0.8315,0.788306841177368
0.831625,0.788310203052699
0.83175,0.788313505055483
0.831875,0.788316747179321
0.832,0.788319929417691
0.832125,0.788323051764066
0.83225,0.788326114212345
0.832375,0.788329116756799
0.8325,0.788332059392025
0.832625,0.788334942112974
0.83275,0.78833776491497
0.832875,0.788340527793732
0.833,0.788343230745401
0.833125,0.788345873766652
0.83325,0.788348456855128
0.833375,0.788350980009382
0.8335,0.788353443228828
0.833625,0.78835584651376
0.83375,0.788358189865372
0.833875,0.788360473285774
0.834,0.788362696778012
0.834125,0.788364860346179
0.83425,0.788366963995846
0.834375,0.788369007733999
0.8345,0.788370991568981
0.834625,0.788372915510507
0.83475,0.788374779569678
0.834875,0.788376583758989
0.835,0.788378328092339
0.835125,0.788380012585143
0.83525,0.788381637254754
0.835375,0.788383202120391
0.8355,0.788384707203079
0.835625,0.788386152525649
0.83575,0.788387538112744
0.835875,0.788388863990823
0.836,0.788390130188159
0.836125,0.78839133673437
0.83625,0.788392483658409
0.836375,0.788393570988957
0.8365,0.788394598754753
0.836625,0.788395566984598
0.83675,0.78839647570736
0.836875,0.788397324951977
0.837,0.788398114747465
0.837125,0.788398845123013
0.83725,0.788399516108401
0.837375,0.788400127733921
0.8375,0.788400680030315
0.837625,0.788401173028777
0.83775,0.788401606760955
0.837875,0.788401981258951
0.838,0.788402296555325
0.838125,0.788402552683194
0.83825,0.788402749676639
0.838375,0.788402887570631
0.8385,0.788402966400957
0.838625,0.788402986204223
0.83875,0.788402947017854
0.838875,0.788402848880084
0.839,0.788402691829962
0.839125,0.788402475907439
0.83925,0.788402201153779
0.839375,0.788401867611475
0.8395,0.788401475324175
0.839625,0.788401024336673
0.83975,0.788400514694906
0.839875,0.788399946445942
0.84,0.788399319637975
0.840125,0.78839863432041
0.84025,0.788397890544268
0.840375,0.788397088362091
0.8405,0.78839622782787
0.840625,0.788395308997023
0.84075,0.788394331926386
0.840875,0.788393296674199
0.841,0.788392203300084
0.841125,0.788391051864819
0.84125,0.788389842429393
0.841375,0.788388575055174
0.8415,0.788387249804038
0.841625,0.788385866738356
0.84175,0.788384425920979
0.841875,0.788382927415219
0.842,0.788381371284836
0.842125,0.788379757594114
0.84225,0.788378086408253
0.842375,0.788376357793266
0.8425,0.788374571815902
0.842625,0.788372728543621
0.84275,0.78837082804458
0.842875,0.788368870387609
0.843,0.788366855642193
0.843125,0.788364783878544
0.84325,0.788362655167989
0.843375,0.788360469582865
0.8435,0.788358227196434
0.843625,0.788355928082855
0.84375,0.788353572317168
0.843875,0.788351159975262
0.844,0.788348691133853
0.844125,0.788346165870558
0.84425,0.788343584264263
0.844375,0.788340946395027
0.8445,0.788338252343982
0.844625,0.788335502193311
0.84475,0.788332696026213
0.844875,0.788329833926879
0.845,0.788326915980459
0.845125,0.788323942273126
0.84525,0.788320912892448
0.845375,0.788317827927273
0.8455,0.788314687467638
0.845625,0.78831149160473
0.84575,0.788308240430851
0.845875,0.788304934039391
0.846,0.78830157252478
0.846125,0.788298155982502
0.84625,0.788294684509205
0.846375,0.788291158202639
0.8465,0.788287577161591
0.846625,0.788283941485846
0.84675,0.788280251276147
0.846875,0.788276506634161
0.847,0.788272707662432
0.847125,0.788268854464436
0.84725,0.788264947144935
0.847375,0.788260985809855
0.8475,0.78825697056618
0.847625,0.788252901521913
0.84775,0.788248778786026
0.847875,0.78824460246842
0.848,0.788240372679878
0.848125,0.788236089532114
0.84825,0.788231753138111
0.848375,0.788227363612002
0.8485,0.788222921068957
0.848625,0.788218425625139
0.84875,0.788213877397651
0.848875,0.788209276504489
0.849,0.788204623064493
0.849125,0.788199917197386
0.84925,0.788195159024105
0.849375,0.78819034866668
0.8495,0.788185486248114
0.849625,0.788180571892335
0.84975,0.788175605724142
0.849875,0.788170587869148
0.85,0.78816551845373
0.850125,0.788160397605062
0.85025,0.788155225451437
0.850375,0.788150002122139
0.8505,0.788144727747326
0.850625,0.78813940245797
0.85075,0.788134026385806
0.850875,0.788128599663268
0.851,0.788123122423435
0.851125,0.788117594800255
0.85125,0.788112016929686
0.851375,0.788106388949406
0.8515,0.788100710998548
0.851625,0.788094983217646
0.85175,0.788089205748562
0.851875,0.788083378734427
0.852,0.788077502319574
0.852125,0.788071576649556
0.85225,0.788065601871452
0.852375,0.788059578133723
0.8525,0.788053505586089
0.852625,0.788047384379455
0.85275,0.788041214665843
0.852875,0.788034996598321
0.853,0.788028730330934
0.853125,0.788022416018714
0.85325,0.788016053817973
0.853375,0.788009643886155
0.8535,0.78800318638171
0.853625,0.787996681464014
0.85375,0.7879901292933
0.853875,0.787983530030581
0.854,0.787976883837571
0.854125,0.7879701908767
0.85425,0.787963451311385
0.854375,0.787956665305885
0.8545,0.787949833025168
0.854625,0.787942954634836
0.85475,0.787936030301043
0.854875,0.787929060190421
0.855,0.787922044469999
0.855125,0.787914983307208
0.85525,0.787907876870144
0.855375,0.787900725327422
0.8555,0.787893528848041
0.855625,0.787886287601305
0.85575,0.787879001756747
0.855875,0.787871671484046
0.856,0.787864296952947
0.856125,0.7878568783337
0.85625,0.787849415799158
0.856375,0.787841909524275
0.8565,0.78783435968566
0.856625,0.787826766461495
0.85675,0.787819130031446
0.856875,0.787811450576575
0.857,0.787803728279246
0.857125,0.787795963323121
0.85725,0.787788155893397
0.857375,0.787780306176648
0.8575,0.787772414360685
0.857625,0.787764480634459
0.85775,0.787756505187967
0.857875,0.787748488212164
0.858,0.787740429898861
0.858125,0.787732330440712
0.85825,0.787724190031436
0.858375,0.787716008865663
0.8585,0.787707787138782
0.858625,0.787699525046846
0.85875,0.787691222786476
0.858875,0.787682880554765
0.859,0.787674498549181
0.859125,0.787666076967539
0.85925,0.787657616008217
0.859375,0.787649115869995
0.8595,0.787640576751908
0.859625,0.78763199885315
0.85975,0.787623382372977
0.859875,0.787614727510604
0.86,0.787606034465116
0.860125,0.787597303435433
0.86025,0.787588534620511
0.860375,0.787579728219188
0.8605,0.787570884430035
0.860625,0.787562003451267
0.86075,0.787553085480638
0.860875,0.787544130715353
0.861,0.787535139351967
0.861125,0.787526111587017
0.86125,0.787517047619996
0.861375,0.78750794765266
0.8615,0.787498811888424
0.861625,0.787489640532259
0.86175,0.787480433790587
0.861875,0.787471191871171
0.862,0.787461914983013
0.862125,0.787452603336314
0.86225,0.787443257142644
0.862375,0.787433876614784
0.8625,0.787424461966572
0.862625,0.787415013412785
0.86275,0.787405531169041
0.862875,0.787396015451678
0.863,0.787386466477652
0.863125,0.787376884464483
0.86325,0.787367269630417
0.863375,0.787357622194265
0.8635,0.787347942375241
0.863625,0.787338230392857
0.86375,0.787328486466807
0.863875,0.78731871081686
0.864,0.787308903662744
0.864125,0.787299065224098
0.86425,0.787289195720613
0.864375,0.787279295371872
0.8645,0.787269364397201
0.864625,0.787259403015553
0.86475,0.787249411445402
0.864875,0.787239389904632
0.865,0.787229338610428
0.865125,0.787219257779224
0.86525,0.78720914762683
0.865375,0.787199008368282
0.8655,0.78718884021769
0.865625,0.78717864338814
0.86575,0.787168418091582
0.865875,0.787158164538725
0.866,0.787147882938936
0.866125,0.787137573501041
0.86625,0.787127236437065
0.866375,0.78711687196138
0.8665,0.787106480289966
0.866625,0.787096061640299
0.86675,0.787085616231231
0.866875,0.78707514428288
0.867,0.787064646016511
0.867125,0.787054121654473
0.86725,0.787043571420308
0.867375,0.787032995538594
0.8675,0.787022394234785
0.867625,0.787011767735095
0.86775,0.787001116266378
0.867875,0.786990440056011
0.868,0.78697973933177
0.868125,0.786969014321769
0.86825,0.786958265254543
0.868375,0.786947492358897
0.8685,0.786936695863746
0.868625,0.786925875997997
0.86875,0.786915032990432
0.868875,0.786904167069587
0.869,0.786893278463637
0.869125,0.786882367400318
0.86925,0.78687143410701
0.869375,0.786860478810579
0.8695,0.786849501737228
0.869625,0.786838503112383
0.86975,0.786827483160574
0.869875,0.786816442105324
0.87,0.786805380169029
0.870125,0.786794297572894
0.87025,0.786783194536988
0.870375,0.786772071280107
0.8705,0.786760928019626
0.870625,0.786749764971395
0.87075,0.786738582349625
0.870875,0.786727380366785
0.871,0.786716159233488
0.871125,0.786704919159448
0.87125,0.786693660357849
0.871375,0.786682383044364
0.8715,0.786671087436314
0.871625,0.786659773752546
0.87175,0.786648442213319
0.871875,0.78663709304018
0.872,0.786625726455843
0.872125,0.786614342684113
0.87225,0.786602941949933
0.872375,0.786591524479226
0.8725,0.78658009049875
0.872625,0.786568640235975
0.87275,0.786557173918958
0.872875,0.786545691776221
0.873,0.786534194036632
0.873125,0.786522680929315
0.87325,0.786511152683679
0.873375,0.786499609529271
0.8735,0.786488051695624
0.873625,0.786476479412136
0.87375,0.78646489290795
0.873875,0.786453292411827
0.874,0.786441678152032
0.874125,0.78643005035624
0.87425,0.78641840925155
0.874375,0.786406755064344
0.8745,0.786395088020142
0.874625,0.786383408343484
0.87475,0.786371716257811
0.874875,0.786360011985352
0.875,0.786348295747003
0.875125,0.786336567762243
0.87525,0.786324828249133
0.875375,0.786313077424185
0.8755,0.786301315502223
0.875625,0.786289542696281
0.87575,0.786277759217486
0.875875,0.786265965274951
0.876,0.78625416107567
0.876125,0.786242346825576
0.87625,0.786230522734399
0.876375,0.786218689014589
0.8765,0.786206845880393
0.876625,0.786194993547736
0.87675,0.786183132234097
0.876875,0.786171262158392
0.877,0.786159383540848
0.877125,0.786147496602907
0.87725,0.786135601567219
0.877375,0.78612369865749
0.8775,0.786111788098346
0.877625,0.786099870115205
0.87775,0.786087944934155
0.877875,0.786076012781825
0.878,0.786064073885266
0.878125,0.786052128471842
0.87825,0.786040176769206
0.878375,0.786028219005154
0.8785,0.786016255407484
0.878625,0.786004286203873
0.87875,0.785992311621754
0.878875,0.785980331888189
0.879,0.785968347229748
0.879125,0.785956357872403
0.87925,0.785944364041483
0.879375,0.785932365961536
0.8795,0.785920363856198
0.879625,0.78590835794807
0.87975,0.785896348458599
0.879875,0.785884335607958
0.88,0.785872319614932
0.880125,0.785860300696809
0.88025,0.785848279069326
0.880375,0.785836254946543
0.8805,0.785824228540717
0.880625,0.785812200062191
0.88075,0.785800169719282
0.880875,0.785788137718175
0.881,0.785776104262806
0.881125,0.785764069556009
0.88125,0.78575203380468
0.881375,0.785739997218644
0.8815,0.785727960009679
0.881625,0.785715922391388
0.88175,0.785703884579081
0.881875,0.785691846789649
0.882,0.785679809241438
0.882125,0.785667772154143
0.88225,0.785655735748729
0.882375,0.7856437002473
0.8825,0.785631665872964
0.882625,0.7856196328497
0.88275,0.785607601402239
0.882875,0.785595571755932
0.883,0.785583544136622
0.883125,0.785571518770529
0.88325,0.785559495884158
0.883375,0.785547475704163
0.8835,0.785535458457216
0.883625,0.785523444369879
0.88375,0.785511433668476
0.883875,0.785499426578972
0.884,0.785487423326839
0.884125,0.785475424136943
0.88425,0.785463429233432
0.884375,0.785451438839612
0.8845,0.785439453177818
0.884625,0.785427472469292
0.88475,0.785415496934061
0.884875,0.785403526790818
0.885,0.7853915622568
0.885125,0.785379603547668
0.88525,0.785367650877391
0.885375,0.785355704458128
0.8855,0.785343764500111
0.885625,0.785331831211535
0.88575,0.785319904798441
0.885875,0.785307985464607
0.886,0.785296073411436
0.886125,0.785284168839132
0.88625,0.785272271952026
0.886375,0.785260382957407
0.8865,0.785248502064518
0.886625,0.785236629484433
0.88675,0.785224765429928
0.886875,0.785212910115363
0.887,0.785201063756546
0.887125,0.785189226570616
0.88725,0.785177398775906
0.887375,0.785165580591816
0.8875,0.785153772238691
0.887625,0.785141973937686
0.88775,0.785130185910644
0.887875,0.785118408379962
0.888,0.785106641568466
0.888125,0.785094885699277
0.88825,0.785083140995661
0.888375,0.785071407680902
0.8885,0.785059685978182
0.888625,0.78504797611045
0.88875,0.785036278300296
0.888875,0.785024592769826
0.889,0.78501291974053
0.889125,0.785001259433151
0.88925,0.784989612067522
0.889375,0.784977977862441
0.8895,0.784966357035562
0.889625,0.784954749803269
0.88975,0.784943156380554
0.889875,0.784931576980897
0.89,0.784920011816147
0.890125,0.784908461096388
0.89025,0.784896925029762
0.890375,0.784885403822365
0.8905,0.784873897678143
0.890625,0.784862406798778
0.89075,0.784850931383574
0.890875,0.784839471629352
0.891,0.784828027730338
0.891125,0.784816599879335
0.89125,0.784805188273055
0.891375,0.784793793110944
0.8915,0.784782414594185
0.891625,0.784771052925578
0.89175,0.784759708309411
0.891875,0.784748380951341
0.892,0.784737071058272
0.892125,0.784725778838212
0.89225,0.784714504500088
0.892375,0.784703248253635
0.8925,0.784692010309278
0.892625,0.784680790878009
0.89275,0.784669590171262
0.892875,0.784658408400789
0.893,0.784647245778532
0.893125,0.784636102516482
0.89325,0.784624978826473
0.893375,0.784613874920072
0.8935,0.78460279100847
0.893625,0.784591727302359
0.89375,0.784580684011807
0.893875,0.784569661346139
0.894,0.784558659513813
0.894125,0.784547678722275
0.89425,0.784536719177744
0.894375,0.784525781085106
0.8945,0.784514864647817
0.894625,0.784503970067786
0.89475,0.784493097545254
0.894875,0.784482247278685
0.895,0.784471419464651
0.895125,0.784460614297691
0.89525,0.784449831970081
0.895375,0.784439072671747
0.8955,0.784428336590182
0.895625,0.784417623910331
0.89575,0.784406934814496
0.895875,0.784396269482225
0.896,0.784385628090217
0.896125,0.784375010813459
0.89625,0.784364417830403
0.896375,0.784353849321831
0.8965,0.784343305469893
0.896625,0.784332786457995
0.89675,0.78432229247068
0.896875,0.784311823693518
0.897,0.784301380312991
0.897125,0.784290962516349
0.89725,0.784280570491377
0.897375,0.784270204426299
0.8975,0.784259864509687
0.897625,0.784249550930345
0.89775,0.784239263877195
0.897875,0.784229003539159
0.898,0.784218770105052
0.898125,0.784208563763428
0.89825,0.784198384702334
0.898375,0.784188233109221
0.8985,0.784178109170857
0.898625,0.784168013073211
0.89875,0.784157945001348
0.898875,0.784147905139311
0.899,0.784137893670019
0.899125,0.784127910775119
0.89925,0.784117956634721
0.899375,0.784108031427324
0.8995,0.784098135329737
0.899625,0.784088268516972
0.89975,0.784078431162142
0.899875,0.784068623436361
0.9,0.784058845508642
0.900125,0.784049097545759
0.90025,0.784039379711974
0.900375,0.784029692168976
0.9005,0.784020035075817
0.900625,0.784010408588817
0.90075,0.784000812861474
0.900875,0.783991248044376
0.901,0.783981714285115
0.901125,0.783972211729364
0.90125,0.783962740525752
0.901375,0.783953300824807
0.9015,0.783943892778063
0.901625,0.783934516537952
0.90175,0.783925172257715
0.901875,0.783915860091301
0.902,0.783906580193266
0.902125,0.783897332718636
0.90225,0.783888117822638
0.902375,0.783878935660629
0.9025,0.78386978638803
0.902625,0.78386067016023
0.90275,0.783851587132482
0.902875,0.783842537459812
0.903,0.783833521296919
0.903125,0.783824538798034
0.90325,0.783815590116636
0.903375,0.783806675405394
0.9035,0.7837977948161
0.903625,0.783788948499579
0.90375,0.783780136605593
0.903875,0.783771359282749
0.904,0.783762616678408
0.904125,0.783753908938545
0.90425,0.78374523620746
0.904375,0.783736598627723
0.9045,0.783727996340122
0.904625,0.783719429483581
0.90475,0.78371089819507
0.904875,0.783702402609522
0.905,0.783693942859755
0.905125,0.783685519076334
0.90525,0.783677131387279
0.905375,0.783668779918024
0.9055,0.783660464791379
0.905625,0.783652186127456
0.90575,0.783643944043597
0.905875,0.783635738654302
0.906,0.783627570071159
0.906125,0.783619438403838
0.90625,0.78361134376452
0.906375,0.783603286266954
0.9065,0.78359526602565
0.906625,0.783587283155797
0.90675,0.783579337773188
0.906875,0.783571429994141
0.907,0.783563559935417
0.907125,0.783555727714095
0.90725,0.78354793344727
0.907375,0.783540177252025
0.9075,0.783532459245379
0.907625,0.783524779544216
0.90775,0.7835171382652
0.907875,0.783509535524707
0.908,0.783501971438737
0.908125,0.783494446122792
0.90825,0.783486959691567
0.908375,0.783479512258919
0.9085,0.783472103937829
0.908625,0.78346473484033
0.90875,0.783457405077431
0.908875,0.783450114759046
0.909,0.783442863993921
0.909125,0.783435652889508
0.90925,0.783428481551651
0.909375,0.783421350084564
0.9095,0.783414258590805
0.909625,0.783407207171208
0.90975,0.783400195924816
0.909875,0.783393224948817
0.91,0.783386294338483
0.910125,0.783379404187046
0.91025,0.783372554585384
0.910375,0.783365745622012
0.9105,0.783358977383066
0.910625,0.783352249952244
0.91075,0.783345563410754
0.910875,0.783338917837262
0.911,0.783332313307838
0.911125,0.783325749896831
0.91125,0.783319227680736
0.911375,0.783312746737384
0.9115,0.783306307145244
0.911625,0.783299908983366
0.91175,0.783293552331319
0.911875,0.783287237269131
0.912,0.783280963877231
0.912125,0.78327473223633
0.91225,0.78326854242711
0.912375,0.783262394530216
0.9125,0.783256288626235
0.912625,0.783250224795634
0.91275,0.783244203118709
0.912875,0.783238223675517
0.913,0.783232286545824
0.913125,0.783226391808983
0.91325,0.78322053954362
0.913375,0.783214729827625
0.9135,0.783208962738138
0.913625,0.783203238351494
0.91375,0.783197556743167
0.913875,0.783191917987719
0.914,0.783186322158739
0.914125,0.783180769328733
0.91425,0.7831752595688
0.914375,0.783169792948634
0.9145,0.783164369536518
0.914625,0.783158989399273
0.91475,0.783153652602211
0.914875,0.783148359209084
0.915,0.783143109282043
0.915125,0.783137902881523
0.91525,0.783132740065923
0.915375,0.783127620891615
0.9155,0.78312254541295
0.915625,0.783117513682216
0.91575,0.7831125257496
0.915875,0.783107581663148
0.916,0.783102681468732
0.916125,0.783097825210776
0.91625,0.783093012935462
0.916375,0.783088244690066
0.9165,0.783083520522384
0.916625,0.783078840480695
0.91675,0.783074204613715
0.916875,0.783069612970552
0.917,0.783065065600665
0.917125,0.783060562553753
0.91725,0.783056103879445
0.917375,0.783051689627306
0.9175,0.783047319846836
0.917625,0.783042994587433
0.91775,0.783038713898345
0.917875,0.783034477828632
0.918,0.783030286427119
0.918125,0.783026139742293
0.91825,0.783022037821981
0.918375,0.783017980713361
0.9185,0.783013968462969
0.918625,0.783010001116662
0.91875,0.783006078719571
0.918875,0.783002201316071
0.919,0.782998368949735
0.919125,0.782994581663234
0.91925,0.782990839498013
0.919375,0.78298714249431
0.9195,0.782983490691164
0.919625,0.782979884126387
0.91975,0.782976322836525
0.919875,0.782972806856827
0.92,0.782969336221215
0.920125,0.78296591096218
0.92025,0.782962531110462
0.920375,0.782959196695076
0.9205,0.782955907743331
0.920625,0.782952664280807
0.92075,0.782949466331325
0.920875,0.782946313916927
0.921,0.782943207057847
0.921125,0.782940145773079
0.92125,0.782937130082842
0.921375,0.782934160008075
0.9215,0.78293123557
0.921625,0.782928356790101
0.92175,0.782925523690086
0.921875,0.782922736291869
0.922,0.782919994617533
0.922125,0.78291729868924
0.92225,0.78291464852891
0.922375,0.782912044158253
0.9225,0.782909485598785
0.922625,0.782906972871804
0.92275,0.782904505998358
0.922875,0.782902084999224
0.923,0.782899709894875
0.923125,0.782897380705391
0.92325,0.782895097450134
0.923375,0.782892860147785
0.9235,0.782890668816364
0.923625,0.782888523473204
0.92375,0.782886424134932
0.923875,0.782884370817441
0.924,0.782882363535869
0.924125,0.782880402304506
0.92425,0.782878487136476
0.924375,0.782876618043772
0.9245,0.782874795037287
0.924625,0.78287301812679
0.92475,0.782871287320913
0.924875,0.78286960262713
0.925,0.782867964051738
0.925125,0.782866371599774
0.92525,0.782864825274694
0.925375,0.782863325078418
0.9255,0.782861871011365
0.925625,0.782860463072441
0.92575,0.782859101259028
0.925875,0.782857785566971
0.926,0.782856515990573
0.926125,0.782855292522976
0.92625,0.782854115157847
0.926375,0.782852983889033
0.9265,0.782851898710283
0.926625,0.782850859615228
0.92675,0.782849866597373
0.926875,0.782848919650088
0.927,0.782848018766587
0.927125,0.782847163939857
0.92725,0.782846355162339
0.927375,0.782845592425986
0.9275,0.782844875722289
0.927625,0.782844205042276
0.92775,0.782843580376498
0.927875,0.782843001715019
0.928,0.782842469047409
0.928125,0.782841982362664
0.92825,0.782841541648897
0.928375,0.782841146893389
0.9285,0.78284079808263
0.928625,0.782840495202313
0.92875,0.782840238237329
0.928875,0.78284002717176
0.929,0.782839861988875
0.929125,0.782839742671052
0.92925,0.782839669199477
0.929375,0.782839641554193
0.9295,0.782839659714152
0.929625,0.78283972365721
0.92975,0.782839833360131
0.929875,0.78283998879858
0.93,0.782840189947129
0.930125,0.782840436779184
0.93025,0.782840729266683
0.930375,0.782841067380158
0.9305,0.782841451088787
0.930625,0.7828418803604
0.93075,0.782842355161485
0.930875,0.782842875457193
0.931,0.782843441211343
0.931125,0.782844052386638
0.93125,0.782844708945521
0.931375,0.782845410850024
0.9315,0.78284615806163
0.931625,0.782846950541287
0.93175,0.782847788249407
0.931875,0.782848671145879
0.932,0.782849599190076
0.932125,0.782850572340793
0.93225,0.782851590555955
0.932375,0.782852653792686
0.9325,0.782853762007365
0.932625,0.782854915155641
0.93275,0.782856113192439
0.932875,0.782857356071974
0.933,0.782858643747765
0.933125,0.782859976172568
0.93325,0.782861353298101
0.933375,0.782862775075106
0.9335,0.782864241453415
0.933625,0.782865752381968
0.93375,0.782867307808821
0.933875,0.782868907681168
0.934,0.782870551945355
0.934125,0.782872240546824
0.93425,0.782873973429835
0.934375,0.782875750537539
0.9345,0.782877571812048
0.934625,0.782879437194452
0.93475,0.782881346624838
0.934875,0.782883300042317
0.935,0.782885297385037
0.935125,0.782887338590138
0.93525,0.782889423593477
0.935375,0.78289155232971
0.9355,0.782893724732359
0.935625,0.782895940733842
0.93575,0.782898200265496
0.935875,0.782900503257602
0.936,0.782902849639414
0.936125,0.782905239339188
0.93625,0.782907672284234
0.936375,0.782910148400937
0.9365,0.782912667614785
0.936625,0.782915229850396
0.93675,0.782917835031545
0.936875,0.782920483081199
0.937,0.782923173921539
0.937125,0.782925907473931
0.93725,0.782928683658657
0.937375,0.782931502395008
0.9375,0.782934363601363
0.937625,0.782937267195219
0.93775,0.782940213093229
0.937875,0.782943201211232
0.938,0.782946231464289
0.938125,0.782949303766648
0.93825,0.782952418031493
0.938375,0.782955574171033
0.9385,0.782958772096587
0.938625,0.782962011718622
0.93875,0.782965292946786
0.938875,0.782968615689952
0.939,0.78297197985625
0.939125,0.782975385353044
0.93925,0.782978832086682
0.939375,0.782982319962593
0.9395,0.782985848885375
0.939625,0.782989418758831
0.93975,0.782993029486015
0.939875,0.782996680969271
0.94,0.783000373110278
0.940125,0.783004105810021
0.94025,0.783007878968557
0.940375,0.783011692485114
0.9405,0.783015546258175
0.940625,0.783019440185528
0.94075,0.783023374164306
0.940875,0.783027348091036
0.941,0.783031361861681
0.941125,0.783035415371501
0.94125,0.783039508514302
0.941375,0.783043641182645
0.9415,0.783047813268015
0.941625,0.783052024660875
0.94175,0.783056275250714
0.941875,0.783060564926099
0.942,0.783064893574724
0.942125,0.783069261083395
0.94225,0.783073667337814
0.942375,0.78307811222268
0.9425,0.783082595621786
0.942625,0.783087117418076
0.94275,0.783091677493696
0.942875,0.783096275730047
0.943,0.783100912007845
0.943125,0.783105586207104
0.94325,0.783110298206936
0.943375,0.783115047885648
0.9435,0.783119835120847
0.943625,0.783124659789497
0.94375,0.783129521767974
0.943875,0.783134420932124
0.944,0.783139357157319
0.944125,0.783144330318456
0.94425,0.783149340289755
0.944375,0.783154386944864
0.9445,0.783159470156963
0.944625,0.783164589798825
0.94475,0.783169745742869
0.944875,0.783174937861223
0.945,0.783180166025786
0.945125,0.78318543010822
0.94525,0.783190729979765
0.945375,0.783196065511344
0.9455,0.783201436573664
0.945625,0.783206843037277
0.94575,0.783212284772638
0.945875,0.783217761650168
0.946,0.783223273540311
0.946125,0.783228820313229
0.94625,0.783234401837293
0.946375,0.783240017979455
0.9465,0.783245668605561
0.946625,0.783251353580421
0.94675,0.783257072767869
0.946875,0.783262826030836
0.947,0.78326861323141
0.947125,0.783274434230851
0.94725,0.783280288889412
0.947375,0.783286177066451
0.9475,0.783292098620547
0.947625,0.783298053409561
0.94775,0.78330404129071
0.947875,0.783310062120635
0.948,0.78331611575547
0.948125,0.783322202050858
0.94825,0.783328320861784
0.948375,0.783334472042692
0.9485,0.783340655447595
0.948625,0.783346870930144
0.94875,0.783353118343699
0.948875,0.783359397541405
0.949,0.783365708376254
0.949125,0.783372050701112
0.94925,0.78337842436856
0.949375,0.783384829231006
0.9495,0.783391265140802
0.949625,0.783397731950306
0.94975,0.783404229511958
0.949875,0.783410757678352
0.95,0.783417316302304
0.950125,0.783423905236872
0.95025,0.783430524335213
0.950375,0.783437173450696
0.9505,0.783443852437001
0.950625,0.783450561148197
0.95075,0.783457299438808
0.950875,0.783464067163882
0.951,0.78347086417906
0.951125,0.783477690340113
0.95125,0.783484545500741
0.951375,0.783491429513086
0.9515,0.783498342228172
0.951625,0.783505283495986
0.95175,0.783512253165547
0.951875,0.78351925108499
0.952,0.783526277101635
0.952125,0.783533331062021
0.95225,0.783540412811773
0.952375,0.78354752219572
0.9525,0.783554659058007
0.952625,0.783561823242175
0.95275,0.78356901459124
0.952875,0.78357623294777
0.953,0.783583478153966
0.953125,0.783590750051696
0.95325,0.783598048482373
0.953375,0.783605373287074
0.9535,0.783612724306655
0.953625,0.783620101381826
0.95375,0.783627504353237
0.953875,0.78363493306155
0.954,0.783642387347525
0.954125,0.783649867052052
0.95425,0.783657372016046
0.954375,0.783664902080558
0.9545,0.783672457086889
0.954625,0.783680036876668
0.95475,0.783687641291927
0.954875,0.783695270175184
0.955,0.783702923369518
0.955125,0.783710600718605
0.95525,0.783718302066622
0.955375,0.783726027258353
0.9555,0.783733776139302
0.955625,0.783741548555757
0.95575,0.783749344354877
0.955875,0.783757163384759
0.956,0.783765005494516
0.956125,0.783772870533667
0.95625,0.783780758349332
0.956375,0.783788668786867
0.9565,0.783796601690411
0.956625,0.783804556902968
0.95675,0.783812534266492
0.956875,0.783820533621967
0.957,0.783828554809491
0.957125,0.783836597668319
0.95725,0.78384466203678
0.957375,0.783852747752389
0.9575,0.783860854651967
0.957625,0.783868982571716
0.95775,0.783877131347314
0.957875,0.783885300813994
0.958,0.783893490806632
0.958125,0.783901701159795
0.95825,0.783909931707668
0.958375,0.783918182284171
0.9585,0.78392645272307
0.958625,0.783934742858063
0.95875,0.783943052522866
0.958875,0.783951381551298
0.959,0.783959729777367
0.959125,0.783968097035321
0.95925,0.783976483159586
0.959375,0.783984887984878
0.9595,0.783993311346314
0.959625,0.784001753079494
0.95975,0.784010213020587
0.959875,0.78401869100641
0.96,0.784027186874516
0.960125,0.784035700463241
0.96025,0.784044231611653
0.960375,0.784052780159662
0.9605,0.784061345948118
0.960625,0.784069928818895
0.96075,0.784078528614967
0.960875,0.784087145180488
0.961,0.784095778360871
0.961125,0.784104428002063
0.96125,0.78411309394723
0.961375,0.784121776037491
0.9615,0.784130474112561
0.961625,0.784139188010833
0.96175,0.784147917569472
0.961875,0.784156662624495
0.962,0.784165423010867
0.962125,0.784174198562554
0.96225,0.784182989112487
0.962375,0.784191794492675
0.9625,0.784200614534315
0.962625,0.784209449067889
0.96275,0.784218297923246
0.962875,0.784227160929701
0.963,0.78423603791612
0.963125,0.784244928710988
0.96325,0.784253833142383
0.963375,0.784262751038088
0.9635,0.784271682225704
0.963625,0.784280626532739
0.96375,0.784289583786702
0.963875,0.784298553815195
0.964,0.784307536445999
0.964125,0.784316531507148
0.96425,0.784325538826907
0.964375,0.784334558233892
0.9645,0.784343589557167
0.964625,0.784352632626342
0.96475,0.784361687271659
0.964875,0.784370753324078
0.965,0.78437983061537
0.965125,0.78438891897818
0.96525,0.784398018246025
0.965375,0.784407128253397
0.9655,0.784416248835863
0.965625,0.784425379830154
0.96575,0.784434521074242
0.965875,0.784443672407431
0.966,0.784452833670432
0.966125,0.784462004704556
0.96625,0.784471185348
0.966375,0.784480375436668
0.9665,0.784489574804879
0.966625,0.784498783285457
0.96675,0.784508000709832
0.966875,0.784517226908125
0.967,0.784526461709249
0.967125,0.78453570494098
0.96725,0.784544956429967
0.967375,0.784554216001846
0.9675,0.784563483481348
0.967625,0.784572758692396
0.96775,0.784582041458205
0.967875,0.784591331601377
0.968,0.784600628943999
0.968125,0.784609933307723
0.96825,0.784619244513791
0.968375,0.784628562383146
0.9685,0.78463788673654
0.968625,0.784647217394636
0.96875,0.784656554178102
0.968875,0.784665896907711
0.969,0.784675245404435
0.969125,0.784684599489533
0.96925,0.784693958984581
0.969375,0.784703323711586
0.9695,0.784712693493089
0.969625,0.784722068152259
0.96975,0.784731447512991
0.969875,0.784740831399997
0.97,0.784750219638905
0.970125,0.784759612056335
0.97025,0.78476900847995
0.970375,0.784778408738556
0.9705,0.784787812662199
0.970625,0.784797220082256
0.97075,0.784806630831524
0.970875,0.784816044744308
0.971,0.784825461656507
0.971125,0.784834881404744
0.97125,0.784844303822373
0.971375,0.784853728740363
0.9715,0.784863155988058
0.971625,0.784872585393271
0.97175,0.784882016782385
0.971875,0.784891449980453
0.972,0.784900884811296
0.972125,0.784910321097593
0.97225,0.784919758660944
0.972375,0.784929197321972
0.9725,0.78493863690044
0.972625,0.784948077215345
0.97275,0.784957518085025
0.972875,0.784966959327261
0.973,0.784976400759379
0.973125,0.784985842198343
0.97325,0.784995283460833
0.973375,0.785004724363353
0.9735,0.785014164722335
0.973625,0.785023604354244
0.97375,0.78503304307568
0.973875,0.785042480703477
0.974,0.785051917054808
0.974125,0.785061351947281
0.97425,0.785070785199029
0.974375,0.785080216628806
0.9745,0.7850896460561
0.974625,0.78509907330122
0.97475,0.785108498185403
0.974875,0.785117920530911
0.975,0.785127340161121
0.975125,0.785136756900632
0.97525,0.785146170575355
0.975375,0.785155581012608
0.9755,0.785164988041214
0.975625,0.785174391491588
0.97575,0.78518379119583
0.975875,0.785193186987818
0.976,0.785202578703293
0.976125,0.785211966178954
0.97625,0.785221349248314
0.976375,0.785230727742616
0.9765,0.785240101491615
0.976625,0.785249470323681
0.97675,0.785258834065897
0.976875,0.785268192544162
0.977,0.785277545583292
0.977125,0.78528689300712
0.97725,0.78529623463861
0.977375,0.785305570299951
0.9775,0.785314899812666
0.977625,0.78532422299771
0.97775,0.785333539675573
0.977875,0.785342849666386
0.978,0.785352152790025
0.978125,0.785361448866213
0.97825,0.785370737714647
0.978375,0.785380019155097
0.9785,0.785389293007505
0.978625,0.785398559092086
0.97875,0.785407817229429
0.978875,0.785417067240601
0.979,0.785426308947249
0.979125,0.785435542171703
0.97925,0.785444766737117
0.979375,0.785453982467559
0.9795,0.785463189188104
0.979625,0.785472386724931
0.97975,0.78548157490542
0.979875,0.785490753558251
0.98,0.785499922513495
0.980125,0.785509081602723
0.98025,0.78551823065915
0.980375,0.785527369517715
0.9805,0.785536498015166
0.980625,0.785545615990149
0.98075,0.785554723283297
0.980875,0.785563819737315
0.981,0.785572905197069
0.981125,0.785581979508665
0.98125,0.78559104251528
0.981375,0.785600094058068
0.9815,0.785609133976957
0.981625,0.785618162110737
0.98175,0.785627178297161
0.981875,0.785636182373038
0.982,0.785645174174335
0.982125,0.785654153536282
0.98225,0.785663120293527
0.982375,0.785672074280222
0.9825,0.78568101533011
0.982625,0.785689943276626
0.98275,0.785698857952994
0.982875,0.785707759192324
0.983,0.78571664682771
0.983125,0.785725520692342
0.98325,0.785734380619675
0.983375,0.785743226443507
0.9835,0.785752057998069
0.983625,0.785760875118119
0.98375,0.785769677639035
0.983875,0.785778465396917
0.984,0.785787238228672
0.984125,0.785795995972137
0.98425,0.785804738466245
0.984375,0.785813465551109
0.9845,0.785822177068093
0.984625,0.785830872859909
0.98475,0.785839552770701
0.984875,0.785848216646137
0.985,0.785856864333494
0.985125,0.785865495681771
0.98525,0.785874110541866
0.985375,0.785882708766647
0.9855,0.785891290211013
0.985625,0.785899854731982
0.98575,0.785908402188765
0.985875,0.785916932442847
0.986,0.785925445358066
0.986125,0.785933940799705
0.98625,0.785942418630411
0.986375,0.785950878711077
0.9865,0.785959320901611
0.986625,0.785967745061012
0.98675,0.785976151047468
0.986875,0.785984538718432
0.987,0.785992907930719
0.987125,0.78600125854061
0.98725,0.786009590404042
0.987375,0.786017903376674
0.9875,0.78602619731396
0.987625,0.786034472071234
0.98775,0.786042727503802
0.987875,0.786050963467023
0.988,0.786059179816403
0.988125,0.786067376407701
0.98825,0.78607555309713
0.988375,0.786083709741422
0.9885,0.786091846197895
0.988625,0.786099962324535
0.98875,0.786108057980083
0.988875,0.786116133024118
0.989,0.786124187317141
0.989125,0.786132220720683
0.98925,0.786140233097518
0.989375,0.786148224311711
0.9895,0.786156194228686
0.989625,0.786164142715297
0.98975,0.786172069639913
0.989875,0.786179974872489
0.99,0.786187858284645
0.990125,0.786195719749771
0.99025,0.786203559143241
0.990375,0.786211376342459
0.9905,0.786219171226904
0.990625,0.786226943678201
0.99075,0.78623469358019
0.990875,0.786242420818994
0.991,0.78625012528308
0.991125,0.786257806862399
0.99125,0.786265465444506
0.991375,0.786273100915391
0.9915,0.786280713160195
0.991625,0.786288302063283
0.99175,0.786295867508317
0.991875,0.786303409378331
0.992,0.786310927555808
0.992125,0.786318421922781
0.99225,0.786325892361055
0.992375,0.786333338752244
0.9925,0.786340760977832
0.992625,0.786348158919243
0.99275,0.786355532457916
0.992875,0.786362881475383
0.993,0.786370205853336
0.993125,0.786377505473742
0.99325,0.786384780219063
0.993375,0.786392029972298
0.9935,0.786399254617036
0.993625,0.786406454037521
0.99375,0.786413628118731
0.993875,0.786420776746444
0.994,0.786427899807309
0.994125,0.786434997188955
0.99425,0.786442068780216
0.994375,0.786449114471173
0.9945,0.786456134153193
0.994625,0.786463127718993
0.99475,0.786470095062708
0.994875,0.786477036079955
0.995,0.786483950667894
0.995125,0.786490838725334
0.99525,0.786497700152964
0.995375,0.786504534853382
0.9955,0.786511342731121
0.995625,0.786518123692711
0.99575,0.786524877646735
0.995875,0.786531604503882
0.996,0.786538304177
0.996125,0.786544976580303
0.99625,0.786551621625802
0.996375,0.786558239224068
0.9965,0.786564829284879
0.996625,0.786571391717278
0.99675,0.786577926429638
0.996875,0.786584433329723
0.997,0.786590912324753
0.997125,0.786597363321499
0.99725,0.786603786226524
0.997375,0.786610180946206
0.9975,0.786616547386773
0.997625,0.786622885454371
0.99775,0.786629195055119
0.997875,0.786635476095176
0.998,0.786641728480802
0.998125,0.786647952118458
0.99825,0.786654146915053
0.998375,0.786660312777961
0.9985,0.786666449615061
0.998625,0.786672557334791
0.99875,0.786678635846213
0.998875,0.786684685059065
0.999,0.786690704883827
0.999125,0.786696695231818
0.99925,0.786702656015444
0.999375,0.786708587148216
0.9995,0.786714488544779
0.999625,0.78672036012096
0.99975,0.786726201793832
0.999875,0.786732013481756
1,0.786737795104445
1.000125,0.786743546583052
1.00025,0.786749267840424
1.000375,0.786754958801114
1.0005,0.786760619391392
1.000625,0.786766249539298
1.00075,0.786771849174684
1.000875,0.786777418229261
1.001,0.786782956636643
1.001125,0.786788464331636
1.00125,0.786793941247096
1.001375,0.786799387314591
1.0015,0.786804802464972
1.001625,0.786810186628418
1.00175,0.786815539734492
1.001875,0.786820861712192
1.002,0.786826152490001
1.002125,0.786831411995984
1.00225,0.786836640158037
1.002375,0.786841836903899
1.0025,0.786847002161169
1.002625,0.786852135857365
1.00275,0.786857237919968
1.002875,0.786862308276477
1.003,0.786867346854461
1.003125,0.786872353581653
1.00325,0.786877328386209
1.003375,0.786882271196715
1.0035,0.786887181942203
1.003625,0.786892060552205
1.00375,0.786896906956798
1.003875,0.786901721086655
1.004,0.786906502873092
1.004125,0.786911252248165
1.00425,0.786915969144927
1.004375,0.786920653497436
1.0045,0.786925305240765
1.004625,0.786929924311043
1.00475,0.786934510645508
1.004875,0.78693906418254
1.005,0.786943584861713
1.005125,0.786948072623883
1.00525,0.786952527411447
1.005375,0.786956949168344
1.0055,0.786961337840057
1.005625,0.78696569337365
1.00575,0.786970015717805
1.005875,0.78697430482286
1.006,0.786978560640842
1.006125,0.786982783124869
1.00625,0.786986972226498
1.006375,0.786991127896285
1.0065,0.78699525008426
1.006625,0.786999338739965
1.00675,0.787003393812499
1.006875,0.787007415250555
1.007,0.787011403002464
1.007125,0.787015357016287
1.00725,0.787019277240068
1.007375,0.787023163621837
1.0075,0.787027016109612
1.007625,0.787030834651443
1.00775,0.787034619195452
1.007875,0.787038369689872
1.008,0.787042086083088
1.008125,0.787045768323729
1.00825,0.787049416360929
1.008375,0.787053030144325
1.0085,0.787056609624055
1.008625,0.787060154750804
1.00875,0.787063665475835
1.008875,0.787067141751029
1.009,0.787070583528923
1.009125,0.787073990762799
1.00925,0.78707736340695
1.009375,0.787080701416669
1.0095,0.787084004748245
1.009625,0.787087273359002
1.00975,0.787090507207327
1.009875,0.787093706252705
1.01,0.787096870455752
1.010125,0.787099999778297
1.01025,0.787103094183653
1.010375,0.787106153636593
1.0105,0.787109178103348
1.010625,0.787112167551629
1.01075,0.787115121950655
1.010875,0.787118041271179
1.011,0.787120925485511
1.011125,0.787123774567045
1.01125,0.787126588488162
1.011375,0.787129367220663
1.0115,0.787132110736148
1.011625,0.787134819006039
1.01175,0.787137492001612
1.011875,0.787140129694022
1.012,0.787142732054335
1.012125,0.78714529905361
1.01225,0.787147830663155
1.012375,0.787150326854516
1.0125,0.787152787599464
1.012625,0.78715521287002
1.01275,0.787157602638489
1.012875,0.78715995687748
1.013,0.787162275559935
1.013125,0.787164558659215
1.01325,0.787166806149354
1.013375,0.787169018005048
1.0135,0.787171194201635
1.013625,0.787173334715121
1.01375,0.787175439522205
1.013875,0.787177508600303
1.014,0.787179541927569
1.014125,0.787181539482977
1.01425,0.787183501246581
1.014375,0.787185427199492
1.0145,0.787187317323858
1.014625,0.787189171602884
1.01475,0.787190990020852
1.014875,0.787192772563138
1.015,0.78719451921623
1.015125,0.787196229967803
1.01525,0.787197904806984
1.015375,0.787199543724314
1.0155,0.787201146711727
1.015625,0.787202713762561
1.01575,0.787204244871571
1.015875,0.787205740034944
1.016,0.787207199250304
1.016125,0.787208622516372
1.01625,0.787210009831466
1.016375,0.787211361193804
1.0165,0.787212676601762
1.016625,0.787213956053888
1.01675,0.787215199548912
1.016875,0.787216407085764
1.017,0.78721757866358
1.017125,0.787218714281777
1.01725,0.787219813940302
1.017375,0.787220877639602
1.0175,0.78722190538059
1.017625,0.787222897164662
1.01775,0.787223852993701
1.017875,0.787224772870092
1.018,0.787225656796731
1.018125,0.787226504777091
1.01825,0.787227316815476
1.018375,0.78722809291698
1.0185,0.787228833087461
1.018625,0.787229537333542
1.01875,0.78723020566262
1.018875,0.787230838082873
1.019,0.787231434603267
1.019125,0.787231995233617
1.01925,0.787232519984839
1.019375,0.787233008868911
1.0195,0.787233461898827
1.019625,0.78723387908861
1.01975,0.787234260453306
1.019875,0.78723460600899
1.02,0.787234915772765
1.020125,0.787235189762823
1.02025,0.78723542799869
1.020375,0.787235630501179
1.0205,0.787235797292347
1.020625,0.787235928395494
1.02075,0.787236023835152
1.020875,0.787236083637092
1.021,0.787236107828308
1.021125,0.787236096436813
1.02125,0.787236049490763
1.021375,0.787235967018616
1.0215,0.787235849049275
1.021625,0.787235695612076
1.02175,0.787235506736787
1.021875,0.787235282453604
1.022,0.787235022793141
1.022125,0.787234727786485
1.02225,0.787234397465434
1.022375,0.787234031862441
1.0225,0.787233631010568
1.022625,0.787233194943478
1.02275,0.787232723695428
1.022875,0.78723221730126
1.023,0.787231675796393
1.023125,0.78723109921687
1.02325,0.787230487599594
1.023375,0.787229840982271
1.0235,0.787229159403358
1.023625,0.787228442902056
1.02375,0.787227691518291
1.023875,0.78722690529271
1.024,0.787226084266664
1.024125,0.787225228482255
1.02425,0.787224337982563
1.024375,0.787223412811592
1.0245,0.787222453014209
1.024625,0.787221458636131
1.02475,0.78722042972391
1.024875,0.787219366324918
1.025,0.78721826848733
1.025125,0.787217136260162
1.02525,0.787215969693499
1.025375,0.787214768838432
1.0255,0.787213533746994
1.025625,0.787212264472147
1.02575,0.787210961067756
1.025875,0.787209623588572
1.026,0.787208252090214
1.026125,0.787206846629088
1.02625,0.787205407262152
1.026375,0.787203934046931
1.0265,0.787202427041536
1.026625,0.787200886304637
1.02675,0.787199311895446
1.026875,0.787197703873691
1.027,0.787196062299593
1.027125,0.787194387233903
1.02725,0.78719267873811
1.027375,0.787190936874373
1.0275,0.78718916170546
1.027625,0.787187353294723
1.02775,0.78718551170607
1.027875,0.787183637003941
1.028,0.787181729253285
1.028125,0.787179788519585
1.02825,0.787177814869068
1.028375,0.787175808368636
1.0285,0.787173769085796
1.028625,0.787171697088633
1.02875,0.787169592445787
1.028875,0.787167455226417
1.029,0.78716528550018
1.029125,0.78716308333725
1.02925,0.787160848808528
1.029375,0.787158581985563
1.0295,0.787156282940483
1.029625,0.78715395174597
1.02975,0.787151588475223
1.029875,0.787149193201935
1.03,0.787146766000254
1.030125,0.787144306944809
1.03025,0.787141816110908
1.030375,0.787139293574461
1.0305,0.787136739411908
1.030625,0.787134153700191
1.03075,0.787131536516714
1.030875,0.787128887939317
1.031,0.787126208046239
1.031125,0.787123496916182
1.03125,0.787120754628692
1.031375,0.787117981264047
1.0315,0.787115176903151
1.031625,0.787112341627501
1.03175,0.787109475519148
1.031875,0.787106578660661
1.032,0.787103651135096
1.032125,0.787100693026001
1.03225,0.787097704417613
1.032375,0.787094685394767
1.0325,0.787091636042828
1.032625,0.787088556447652
1.03275,0.787085446695546
1.032875,0.78708230687323
1.033,0.787079137067799
1.033125,0.787075937366734
1.03325,0.787072707858081
1.033375,0.787069448630371
1.0335,0.787066159772539
1.033625,0.787062841373889
1.03375,0.787059493524055
1.033875,0.787056116312956
1.034,0.787052709830755
1.034125,0.787049274167876
1.03425,0.787045809415167
1.034375,0.787042315663822
1.0345,0.787038793005304
1.034625,0.787035241531304
1.03475,0.787031661333702
1.034875,0.787028052504519
1.035,0.787024415135881
1.035125,0.787020749320027
1.03525,0.787017055149467
1.035375,0.787013332716908
1.0355,0.787009582115175
1.035625,0.787005803437168
1.03575,0.787001996775822
1.035875,0.786998162224062
1.036,0.786994299874766
1.036125,0.786990409820959
1.03625,0.786986492156793
1.036375,0.786982546977308
1.0365,0.786978574378219
1.036625,0.78697457445587
1.03675,0.786970547307193
1.036875,0.786966493029654
1.037,0.786962411721216
1.037125,0.786958303480333
1.03725,0.786954168406109
1.037375,0.786950006598207
1.0375,0.786945818156774
1.037625,0.786941603182391
1.03775,0.786937361776024
1.037875,0.786933094038979
1.038,0.786928800072852
1.038125,0.786924479979528
1.03825,0.786920133861327
1.038375,0.786915761820915
1.0385,0.786911363961229
1.038625,0.786906940385423
1.03875,0.786902491196822
1.038875,0.786898016498871
1.039,0.78689351639509
1.039125,0.786888990989064
1.03925,0.786884440384585
1.039375,0.786879864685568
1.0395,0.786875263995968
1.039625,0.786870638419733
1.03975,0.786865988060753
1.039875,0.786861313022813
1.04,0.786856613409544
1.040125,0.786851889324415
1.04025,0.786847140870869
1.040375,0.786842368152234
1.0405,0.786837571271651
1.040625,0.786832750332021
1.04075,0.78682790543596
1.040875,0.786823036685748
1.041,0.786818144183284
1.041125,0.786813228030408
1.04125,0.786808288330432
1.041375,0.786803325187783
1.0415,0.786798338707697
1.041625,0.786793328996165
1.04175,0.786788296159881
1.041875,0.78678324030619
1.042,0.786778161543031
1.042125,0.786773059978931
1.04225,0.786767935723121
1.042375,0.786762788885453
1.0425,0.786757619576311
1.042625,0.786752427906562
1.04275,0.786747213987497
1.042875,0.786741977930778
1.043,0.786736719848382
1.043125,0.786731439852584
1.04325,0.786726138056072
1.043375,0.786720814571859
1.0435,0.786715469513199
1.043625,0.786710102993528
1.04375,0.786704715126415
1.043875,0.786699306025498
1.044,0.786693875804433
1.044125,0.786688424576875
1.04425,0.786682952456584
1.044375,0.786677459557335
1.0445,0.786671945992841
1.044625,0.786666411876689
1.04475,0.786660857322295
1.044875,0.78665528244284
1.045,0.786649687351218
1.045125,0.786644072160017
1.04525,0.786638436981617
1.045375,0.786632781928106
1.0455,0.786627107111201
1.045625,0.786621412642191
1.04575,0.786615698631887
1.045875,0.786609965190565
1.046,0.786604212427916
1.046125,0.786598440453479
1.04625,0.786592649378656
1.046375,0.786586839316256
1.0465,0.786581010380102
1.046625,0.78657516268497
1.04675,0.78656929634653
1.046875,0.786563411481287
1.047,0.78655750820652
1.047125,0.786551586640253
1.04725,0.78654564690135
1.047375,0.786539689109419
1.0475,0.786533713384727
1.047625,0.786527719848141
1.04775,0.786521708621059
1.047875,0.786515679825355
1.048,0.78650963358331
1.048125,0.786503570017588
1.04825,0.786497489251306
1.048375,0.786491391407951
1.0485,0.786485276611293
1.048625,0.786479144985314
1.04875,0.786472996654153
1.048875,0.786466831742039
1.049,0.786460650373226
1.049125,0.786454452671964
1.04925,0.786448238762566
1.049375,0.786442008769317
1.0495,0.786435762816394
1.049625,0.786429501027801
1.04975,0.786423223527302
1.049875,0.786416930438364
1.05,0.786410621884093
1.050125,0.786404297987198
1.05025,0.786397958870055
1.050375,0.786391604654621
1.0505,0.786385235462353
1.050625,0.786378851414146
1.05075,0.786372452630271
1.050875,0.78636603923032
1.051,0.786359611333141
1.051125,0.786353169057366
1.05125,0.78634671252384
1.051375,0.786340241855075
1.0515,0.786333757174779
1.051625,0.786327258607792
1.05175,0.786320746280016
1.051875,0.78631422031835
1.052,0.786307680850617
1.052125,0.786301128005529
1.05225,0.786294561912737
1.052375,0.786287982702731
1.0525,0.786281390506762
1.052625,0.786274785456762
1.05275,0.786268167685278
1.052875,0.786261537325401
1.053,0.786254894510695
1.053125,0.78624823937515
1.05325,0.786241572053224
1.053375,0.786234892679749
1.0535,0.78622820138984
1.053625,0.786221498318825
1.05375,0.786214783602173
1.053875,0.786208057375423
1.054,0.786201319774113
1.054125,0.786194570933728
1.05425,0.786187810989736
1.054375,0.786181040077491
1.0545,0.78617425833215
1.054625,0.7861674658886
1.05475,0.786160662881389
1.054875,0.786153849444652
1.055,0.786147025712049
1.055125,0.786140191816705
1.05525,0.786133347891244
1.055375,0.786126494067691
1.0555,0.786119630477397
1.055625,0.786112757250968
1.05575,0.786105874518196
1.055875,0.786098982407996
1.056,0.786092081048338
1.056125,0.786085170566846
1.05625,0.786078251093551
1.056375,0.786071322760279
1.0565,0.786064385700115
1.056625,0.786057440047333
1.05675,0.786050485937319
1.056875,0.786043523506497
1.057,0.786036552892254
1.057125,0.786029574232884
1.05725,0.786022587667595
1.057375,0.786015593336422
1.0575,0.786008591380129
1.057625,0.786001581940137
1.05775,0.785994565158442
1.057875,0.785987541177543
1.058,0.785980510140356
1.058125,0.785973472190163
1.05825,0.7859664274706
1.058375,0.785959376125574
1.0585,0.785952318299164
1.058625,0.785945254135548
1.05875,0.785938183778923
1.058875,0.785931107373427
1.059,0.785924025063062
1.059125,0.78591693699163
1.05925,0.785909843302721
1.059375,0.785902744139626
1.0595,0.785895639645244
1.059625,0.78588852996201
1.05975,0.785881415231818
1.059875,0.785874295595942
1.06,0.785867171194967
1.060125,0.785860042168722
1.06025,0.785852908656258
1.060375,0.785845770795769
1.0605,0.785838628724504
1.060625,0.785831482578701
1.06075,0.785824332493511
1.060875,0.785817178602927
1.061,0.785810021039717
1.061125,0.785802859936072
1.06125,0.785795695426606
1.061375,0.785788527647681
1.0615,0.78578135673684
1.061625,0.785774182832722
1.06175,0.78576700607499
1.061875,0.785759826604245
1.062,0.785752644561953
1.062125,0.785745460090371
1.06225,0.78573827333252
1.062375,0.785731084432094
1.0625,0.78572389353337
1.062625,0.785716700781127
1.06275,0.785709506320569
1.062875,0.785702310297237
1.063,0.785695112856935
1.063125,0.785687914145653
1.06325,0.785680714309525
1.063375,0.785673513494741
1.0635,0.785666311847461
1.063625,0.78565910951373
1.06375,0.785651906639403
1.063875,0.785644703370061
1.064,0.78563749985093
1.064125,0.785630296226813
1.06425,0.78562309264203
1.064375,0.785615889240337
1.0645,0.785608686164845
1.064625,0.785601483557939
1.06475,0.785594281561202
1.064875,0.785587080315337
1.065,0.785579879960094
1.065125,0.785572680634194
1.06525,0.785565482475269
1.065375,0.785558285619785
1.0655,0.785551090202969
1.065625,0.785543896358733
1.06575,0.785536704219603
1.065875,0.78552951391665
1.066,0.78552232557942
1.066125,0.78551513933662
1.06625,0.785507955319259
1.066375,0.785500773659957
1.0665,0.785493594492341
1.066625,0.785486417950975
1.06675,0.785479244171273
1.066875,0.785472073289429
1.067,0.785464905442334
1.067125,0.785457740767499
1.06725,0.78545057940299
1.067375,0.785443421487343
1.0675,0.785436267159485
1.067625,0.785429116558654
1.06775,0.78542196982432
1.067875,0.785414827096107
1.068,0.78540768851371
1.068125,0.785400554216818
1.06825,0.785393424345034
1.068375,0.785386299037797
1.0685,0.7853791784343
1.068625,0.785372062673417
1.06875,0.78536495189362
1.068875,0.785357846232904
1.069,0.78535074582871
1.069125,0.785343650817844
1.06925,0.785336561336389
1.069375,0.785329477519629
1.0695,0.785322399501981
1.069625,0.785315327416916
1.06975,0.785308261396886
1.069875,0.785301201573253
1.07,0.785294148076216
1.070125,0.785287101034729
1.07025,0.785280060576414
1.070375,0.785273026827488
1.0705,0.7852659999127
1.070625,0.785258979955268
1.07075,0.785251967076804
1.070875,0.785244961397256
1.071,0.785237963034835
1.071125,0.785230972106726
1.07125,0.785223988732276
1.071375,0.7852170130323
1.0715,0.785210045128474
1.071625,0.78520308514327
1.07175,0.785196133199876
1.071875,0.78518918942213
1.072,0.785182253934442
1.072125,0.785175326861713
1.07225,0.785168408329241
1.072375,0.785161498462647
1.0725,0.785154597387807
1.072625,0.78514770523078
1.07275,0.785140822117734
1.072875,0.785133948174868
1.073,0.785127083528348
1.073125,0.785120228304216
1.07325,0.785113382628283
1.073375,0.785106546626064
1.0735,0.785099720422712
1.073625,0.785092904142944
1.07375,0.78508609791097
1.073875,0.785079301850424
1.074,0.78507251608429
1.074125,0.785065740734824
1.07425,0.785058975923431
1.074375,0.785052221770609
1.0745,0.785045478395887
1.074625,0.785038745917757
1.07475,0.785032024453608
1.074875,0.78502531411966
1.075,0.785018615030897
1.075125,0.785011927300988
1.07525,0.785005251042167
1.075375,0.784998586365175
1.0755,0.784991933379216
1.075625,0.784985292191888
1.07575,0.784978662909129
1.075875,0.784972045635156
1.076,0.784965440472409
1.076125,0.784958847522244
1.07625,0.784952266888091
1.076375,0.784945698674762
1.0765,0.784939142987875
1.076625,0.784932599933785
1.07675,0.784926069619516
1.076875,0.784919552152703
1.077,0.78491304764152
1.077125,0.7849065561946
1.07725,0.784900077920914
1.077375,0.784893612929709
1.0775,0.78488716133046
1.077625,0.784880723232797
1.07775,0.784874298746442
1.077875,0.784867887981143
1.078,0.784861491046611
1.078125,0.784855108052431
1.07825,0.784848739107933
1.078375,0.784842384322138
1.0785,0.784836043803703
1.078625,0.784829717660861
1.07875,0.784823406001352
1.078875,0.784817108932362
1.079,0.784810826560462
1.079125,0.78480455899152
1.07925,0.784798306330566
1.079375,0.784792068681739
1.0795,0.784785846148246
1.079625,0.784779638832296
1.07975,0.784773446835045
1.079875,0.784767270256532
1.08,0.784761109195627
1.080125,0.784754963749947
1.08025,0.784748834015713
1.080375,0.784742720087708
1.0805,0.784736622059241
1.080625,0.784730540022093
1.08075,0.784724474066459
1.080875,0.784718424280905
1.081,0.784712390752308
1.081125,0.784706373566535
1.08125,0.784700372811449
1.081375,0.784694388576261
1.0815,0.784688420950979
1.081625,0.78468247002635
1.08175,0.784676535893802
1.081875,0.784670618645384
1.082,0.78466471837371
1.082125,0.784658835171878
1.08225,0.784652969133321
1.082375,0.784647120351766
1.0825,0.784641288921192
1.082625,0.784635474935768
1.08275,0.784629678489796
1.082875,0.78462389967765
1.083,0.784618138593721
1.083125,0.784612395332332
1.08325,0.784606669987583
1.083375,0.784600962653313
1.0835,0.784595273423057
1.083625,0.784589602389985
1.08375,0.784583949646853
1.083875,0.78457831528594
1.084,0.784572699398991
1.084125,0.78456710207714
1.08425,0.784561523410746
1.084375,0.784555963489356
1.0845,0.784550422401672
1.084625,0.784544900235495
1.08475,0.784539397077674
1.084875,0.784533913014049
1.085,0.784528448129406
1.085125,0.784523002507392
1.08525,0.784517576230354
1.085375,0.784512169379307
1.0855,0.784506782033908
1.085625,0.784501414272409
1.08575,0.784496066171606
1.085875,0.784490737806798
1.086,0.784485429251739
1.086125,0.78448014057926
1.08625,0.784474871864055
1.086375,0.784469623182084
1.0865,0.784464394610066
1.086625,0.784459186225422
1.08675,0.784453998106227
1.086875,0.78444883033116
1.087,0.784443682979445
1.087125,0.784438556130781
1.08725,0.784433449865165
1.087375,0.784428364262869
1.0875,0.784423299404404
1.087625,0.784418255370466
1.08775,0.784413232241885
1.087875,0.784408230099573
1.088,0.784403249024469
1.088125,0.784398289097461
1.08825,0.784393350399209
1.088375,0.784388433010121
1.0885,0.784383537010316
1.088625,0.784378662479575
1.08875,0.784373809497294
1.088875,0.784368978142425
1.089,0.784364168493434
1.089125,0.784359380628217
1.08925,0.784354614623919
1.089375,0.784349870556912
1.0895,0.784345148502768
1.089625,0.784340448536213
1.08975,0.784335770731075
1.089875,0.784331115160242
1.09,0.784326481895617
1.090125,0.784321871008034
1.09025,0.784317282567084
1.090375,0.784312716641088
1.0905,0.784308173297086
1.090625,0.78430365260079
1.09075,0.784299154616544
1.090875,0.784294679407284
1.091,0.784290227034501
1.091125,0.78428579755879
1.09125,0.784281391042341
1.091375,0.784277007548404
1.0915,0.784272647140835
1.091625,0.784268309884055
1.09175,0.784263995843001
1.091875,0.784259705083082
1.092,0.784255437670133
1.092125,0.784251193670338
1.09225,0.784246973150046
1.092375,0.784242776175753
1.0925,0.784238602814079
1.092625,0.784234453131721
1.09275,0.784230327195409
1.092875,0.784226225071859
1.093,0.78422214682773
1.093125,0.784218092529542
1.09325,0.784214062243491
1.093375,0.784210056035429
1.0935,0.784206073970845
1.093625,0.784202116114821
1.09375,0.784198182531988
1.093875,0.784194273286482
1.094,0.784190388441903
1.094125,0.784186528061236
1.09425,0.78418269220666
1.094375,0.784178880939531
1.0945,0.784175094320371
1.094625,0.784171332408826
1.09475,0.784167595263626
1.094875,0.784163882942548
1.095,0.784160195502373
1.095125,0.784156532998818
1.09525,0.784152895486335
1.095375,0.784149283018109
1.0955,0.784145695646047
1.095625,0.784142133420742
1.09575,0.784138596391445
1.095875,0.784135084606027
1.096,0.784131598110948
1.096125,0.784128136951735
1.09625,0.7841247011751
1.096375,0.784121290828489
1.0965,0.784117905959699
1.096625,0.784114546616843
1.09675,0.784111212848307
1.096875,0.784107904702723
1.097,0.784104622228925
1.097125,0.784101365475878
1.09725,0.784098134492486
1.097375,0.784094929327586
1.0975,0.784091750029936
1.097625,0.784088596648179
1.09775,0.78408546923081
1.097875,0.784082367826138
1.098,0.784079292482251
1.098125,0.784076243246943
1.09825,0.784073220167515
1.098375,0.784070223290777
1.0985,0.784067252663034
1.098625,0.784064308330057
1.09875,0.784061390337048
1.098875,0.784058498728607
1.099,0.7840556335487
1.099125,0.784052794840589
1.09925,0.784049982646629
1.099375,0.784047197008271
1.0995,0.784044437966063
1.099625,0.784041705559613
1.09975,0.784038999827569
1.099875,0.784036320807581
1.1,0.784033668536284
1.100125,0.784031043049219
1.10025,0.784028444380642
1.100375,0.784025872563527
1.1005,0.78402332762957
1.100625,0.784020809609168
1.10075,0.784018318531392
1.100875,0.784015854423971
1.101,0.784013417313262
1.101125,0.784011007224646
1.10125,0.784008624184225
1.101375,0.784006268218475
1.1015,0.784003939353933
1.101625,0.784001637617179
1.10175,0.783999363034807
1.101875,0.783997115633405
1.102,0.783994895439527
1.102125,0.78399270247963
1.10225,0.783990536779881
1.102375,0.78398839836616
1.1025,0.783986287264072
1.102625,0.78398420349892
1.10275,0.783982147095681
1.102875,0.783980118078988
1.103,0.783978116473103
1.103125,0.783976142301857
1.10325,0.783974195588451
1.103375,0.783972276355467
1.1035,0.783970384624879
1.103625,0.783968520418031
1.10375,0.783966683755618
1.103875,0.783964874657667
1.104,0.783963093143516
1.104125,0.783961339231753
1.10425,0.783959612940023
1.104375,0.783957914285038
1.1045,0.783956243282594
1.104625,0.783954599947555
1.10475,0.783952984293837
1.104875,0.78395139633439
1.105,0.783949836081188
1.105125,0.783948303545172
1.10525,0.783946798736047
1.105375,0.783945321662312
1.1055,0.783943872331275
1.105625,0.783942450749044
1.10575,0.783941056920515
1.105875,0.783939690849364
1.106,0.783938352538038
1.106125,0.783937041988046
1.10625,0.783935759201212
1.106375,0.783934504179424
1.1065,0.783933276924418
1.106625,0.783932077437767
1.10675,0.783930905720872
1.106875,0.783929761774952
1.107,0.783928645601032
1.107125,0.783927557199892
1.10725,0.783926496571881
1.107375,0.783925463716934
1.1075,0.7839244586346
1.107625,0.783923481324033
1.10775,0.783922531783979
1.107875,0.783921610012773
1.108,0.783920716008328
1.108125,0.783919849768089
1.10825,0.783919011288837
1.108375,0.783918200566721
1.1085,0.783917417597285
1.108625,0.783916662375455
1.10875,0.78391593489554
1.108875,0.783915235151224
1.109,0.783914563135563
1.109125,0.783913918840936
1.10925,0.783913302258856
1.109375,0.783912713380007
1.1095,0.783912152194263
1.109625,0.783911618690697
1.10975,0.783911112857569
1.109875,0.783910634682333
1.11,0.783910184151632
1.110125,0.783909761251254
1.11025,0.783909365965948
1.110375,0.783908998279461
1.1105,0.783908658174568
1.110625,0.783908345633077
1.11075,0.783908060635828
1.110875,0.783907803162704
1.111,0.783907573192625
1.111125,0.783907370703745
1.11125,0.783907195674223
1.111375,0.783907048082078
1.1115,0.783906927905074
1.111625,0.783906835120713
1.11175,0.783906769706246
1.111875,0.783906731638674
1.112,0.783906720894755
1.112125,0.783906737450958
1.11225,0.783906781283294
1.112375,0.783906852367349
1.1125,0.783906950678324
1.112625,0.783907076191035
1.11275,0.783907228879924
1.112875,0.783907408719058
1.113,0.783907615682144
1.113125,0.783907849742482
1.11325,0.783908110872798
1.113375,0.78390839904528
1.1135,0.783908714231618
1.113625,0.783909056403013
1.11375,0.783909425530179
1.113875,0.783909821583356
1.114,0.78391024453232
1.114125,0.783910694346343
1.11425,0.783911170994024
1.114375,0.783911674443332
1.1145,0.783912204661647
1.114625,0.783912761615769
1.11475,0.783913345271929
1.114875,0.783913955595801
1.115,0.78391459255251
1.115125,0.783915256106606
1.11525,0.783915946221889
1.115375,0.78391666286146
1.1155,0.783917405987761
1.115625,0.78391817556259
1.11575,0.783918971547115
1.115875,0.783919793901886
1.116,0.783920642586852
1.116125,0.783921517561438
1.11625,0.783922418784833
1.116375,0.783923346215955
1.1165,0.783924299813419
1.116625,0.783925279535551
1.11675,0.783926285340402
1.116875,0.783927317185769
1.117,0.7839283750292
1.117125,0.783929458827979
1.11725,0.783930568538954
1.117375,0.783931704118594
1.1175,0.783932865523031
1.117625,0.783934052708079
1.11775,0.783935265629244
1.117875,0.783936504241747
1.118,0.78393776850054
1.118125,0.783939058360278
1.11825,0.783940373775163
1.118375,0.783941714698996
1.1185,0.783943081085222
1.118625,0.783944472886948
1.11875,0.783945890056962
1.118875,0.783947332547751
1.119,0.783948800311518
1.119125,0.78395029330016
1.11925,0.783951811465117
1.119375,0.783953354757419
1.1195,0.783954923127738
1.119625,0.783956516526405
1.11975,0.783958134903431
1.119875,0.783959778208527
1.12,0.783961446391123
1.120125,0.783963139400349
1.12025,0.783964857184883
1.120375,0.783966599693006
1.1205,0.783968366872652
1.120625,0.783970158671426
1.12075,0.783971975036627
1.120875,0.78397381591527
1.121,0.783975681254108
1.121125,0.783977570999601
1.12125,0.783979485097718
1.121375,0.783981423494005
1.1215,0.783983386133639
1.121625,0.783985372961454
1.12175,0.783987383921965
1.121875,0.783989418959386
1.122,0.783991478017662
1.122125,0.783993561040443
1.12225,0.78399566797095
1.122375,0.783997798752028
1.1225,0.783999953326194
1.122625,0.784002131635667
1.12275,0.784004333622391
1.122875,0.784006559228057
1.123,0.784008808394131
1.123125,0.784011081061838
1.12325,0.784013377172027
1.123375,0.784015696665223
1.1235,0.784018039481684
1.123625,0.784020405561424
1.12375,0.78402279484424
1.123875,0.784025207269737
1.124,0.784027642777355
1.124125,0.784030101306357
1.12425,0.784032582795693
1.124375,0.784035087184061
1.1245,0.784037614409958
1.124625,0.784040164411704
1.12475,0.784042737127475
1.124875,0.784045332495324
1.125,0.784047950453209
1.125125,0.784050590938986
1.12525,0.784053253890276
1.125375,0.784055939244524
1.1255,0.784058646939051
1.125625,0.784061376911082
1.12575,0.784064129097771
1.125875,0.784066903436233
1.126,0.784069699863567
1.126125,0.784072518316725
1.12625,0.784075358731843
1.126375,0.784078221044408
1.1265,0.784081105189398
1.126625,0.784084011101314
1.12675,0.784086938714204
1.126875,0.784089887961701
1.127,0.784092858777049
1.127125,0.784095851093096
1.12725,0.784098864842176
1.127375,0.784101899956168
1.1275,0.784104956366551
1.127625,0.784108034004436
1.12775,0.784111132800601
1.127875,0.784114252685517
1.128,0.784117393589388
1.128125,0.784120555442139
1.12825,0.784123738173307
1.128375,0.784126941712098
1.1285,0.784130165987445
1.128625,0.784133410928042
1.12875,0.784136676462375
1.128875,0.784139962518757
1.129,0.784143269025362
1.129125,0.78414659591022
1.12925,0.784149943101109
1.129375,0.784153310525615
1.1295,0.78415669811119
1.129625,0.784160105785185
1.12975,0.784163533474884
1.129875,0.784166981107535
1.13,0.784170448610389
1.130125,0.784173935910695
1.13025,0.784177442935597
1.130375,0.784180969612193
1.1305,0.784184515867591
1.130625,0.784188081628944
1.13075,0.784191666823484
1.130875,0.784195271378551
1.131,0.784198895221635
1.131125,0.784202538280134
1.13125,0.784206200480266
1.131375,0.784209881747323
1.1315,0.784213582005884
1.131625,0.784217301179859
1.13175,0.784221039192526
1.131875,0.784224795966563
1.132,0.784228571424092
1.132125,0.784232365486681
1.13225,0.784236178075247
1.132375,0.784240009110122
1.1325,0.784243858511111
1.132625,0.784247726197537
1.13275,0.784251612088275
1.132875,0.784255516101798
1.133,0.784259438156209
1.133125,0.78426337816926
1.13325,0.784267336058249
1.133375,0.784271311740095
1.1335,0.784275305131397
1.133625,0.784279316148474
1.13375,0.784283344707408
1.133875,0.784287390724084
1.134,0.784291454114231
1.134125,0.784295534793434
1.13425,0.784299632677048
1.134375,0.784303747680265
1.1345,0.784307879718173
1.134625,0.784312028705801
1.13475,0.784316194558158
1.134875,0.784320377190277
1.135,0.784324576517253
1.135125,0.784328792454259
1.13525,0.784333024916464
1.135375,0.784337273819096
1.1355,0.784341539077508
1.135625,0.784345820607215
1.13575,0.784350118323933
1.135875,0.784354432143626
1.136,0.784358761982541
1.136125,0.784363107756894
1.13625,0.784367469381386
1.136375,0.784371846769545
1.1365,0.784376239834014
1.136625,0.7843806484866
1.13675,0.784385072638315
1.136875,0.784389512199424
1.137,0.784393967079495
1.137125,0.78439843718741
1.13725,0.784402922431302
1.137375,0.78440742271862
1.1375,0.784411937956198
1.137625,0.784416468050302
1.13775,0.78442101290668
1.137875,0.784425572430609
1.138,0.784430146526945
1.138125,0.784434735100145
1.13825,0.784439338054202
1.138375,0.784443955292719
1.1385,0.784448586718975
1.138625,0.784453232235976
1.13875,0.784457891746501
1.138875,0.784462565153158
1.139,0.784467252358427
1.139125,0.78447195326469
1.13925,0.784476667774172
1.139375,0.784481395789013
1.1395,0.784486137211334
1.139625,0.784490891943288
1.13975,0.784495659887108
1.139875,0.784500440945159
1.14,0.784505235019982
1.140125,0.784510042014328
1.14025,0.784514861831102
1.140375,0.784519694373434
1.1405,0.784524539544742
1.140625,0.784529397248784
1.14075,0.784534267389703
1.140875,0.784539149872074
1.141,0.784544044600957
1.141125,0.784548951481499
1.14125,0.784553870417132
1.141375,0.784558801309974
1.1415,0.78456374406119
1.141625,0.784568698571042
1.14175,0.784573664738945
1.141875,0.784578642463517
1.142,0.784583631642637
1.142125,0.784588632173475
1.14225,0.784593643952454
1.142375,0.784598666875321
1.1425,0.78460370083722
1.142625,0.784608745732748
1.14275,0.784613801456011
1.142875,0.784618867900679
1.143,0.784623944960042
1.143125,0.784629032527051
1.14325,0.784634130494279
1.143375,0.784639238754003
1.1435,0.784644357198268
1.143625,0.784649485718949
1.14375,0.784654624207806
1.143875,0.784659772556541
1.144,0.784664930656856
1.144125,0.784670098400488
1.14425,0.78467527567919
1.144375,0.7846804623848
1.1445,0.784685658409313
1.144625,0.784690863644936
1.14475,0.784696077984142
1.144875,0.78470130131973
1.145,0.784706533544878
1.145125,0.784711774553183
1.14525,0.784717024238643
1.145375,0.784722282495727
1.1455,0.784727549219441
1.145625,0.784732824305379
1.14575,0.784738107649782
1.145875,0.784743399149588
1.146,0.784748698702482
1.146125,0.784754006206451
1.14625,0.7847593215577
1.146375,0.784764644651116
1.1465,0.784769975380682
1.146625,0.784775313639524
1.14675,0.78478065931998
1.146875,0.784786012313653
1.147,0.784791372511472
1.147125,0.784796739803738
1.14725,0.784802114080113
1.147375,0.784807495229696
1.1475,0.784812883141092
1.147625,0.784818277702475
1.14775,0.784823678801648
1.147875,0.784829086326106
1.148,0.784834500163092
1.148125,0.78483992019965
1.14825,0.784845346322622
1.148375,0.784850778418722
1.1485,0.784856216374611
1.148625,0.784861660076949
1.14875,0.784867109412466
1.148875,0.784872564268014
1.149,0.784878024530636
1.149125,0.784883490087607
1.14925,0.784888960826448
1.149375,0.784894436634994
1.1495,0.784899917401462
1.149625,0.784905403014512
1.14975,0.784910893363304
1.149875,0.784916388337559
1.15,0.784921887827614
1.150125,0.784927391724472
1.15025,0.78493289991982
1.150375,0.784938412306088
1.1505,0.784943928776519
1.150625,0.78494944922522
1.15075,0.78495497354722
1.150875,0.784960501638522
1.151,0.78496603339616
1.151125,0.784971568717698
1.15125,0.784977107498946
1.151375,0.784982649634468
1.1515,0.78498819501802
1.151625,0.784993743542614
1.15175,0.784999295100573
1.151875,0.785004849583597
1.152,0.785010406882818
1.152125,0.785015966888857
1.15225,0.785021529491842
1.152375,0.785027094581482
1.1525,0.78503266204713
1.152625,0.785038231777846
1.15275,0.785043803662461
1.152875,0.785049377589633
1.153,0.785054953447916
1.153125,0.785060531125807
1.15325,0.785066110511784
1.153375,0.785071691494369
1.1535,0.785077273962196
1.153625,0.78508285780407
1.15375,0.785088442909032
1.153875,0.785094029166415
1.154,0.785099616465907
1.154125,0.785105204697604
1.15425,0.785110793752053
1.154375,0.785116383520312
1.1545,0.785121973894012
1.154625,0.785127564765419
1.15475,0.785133156027488
1.154875,0.785138747573923
1.155,0.785144339299233
1.155125,0.785149931098788
1.15525,0.785155522868861
1.155375,0.785161114506686
1.1555,0.785166705910516
1.155625,0.785172296979676
1.15575,0.785177887614616
1.155875,0.785183477716966
1.156,0.785189067189583
1.156125,0.785194655936026
1.15625,0.785200243858129
1.156375,0.785205830856542
1.1565,0.785211416831182
1.156625,0.785217001681295
1.15675,0.785222585305511
1.156875,0.785228167601906
1.157,0.785233748468058
1.157125,0.785239327801104
1.15725,0.78524490549779
1.157375,0.785250481454529
1.1575,0.785256055567468
1.157625,0.785261627732537
1.15775,0.78526719784552
1.157875,0.785272765802101
1.158,0.785278331497936
1.158125,0.7852838948287
1.15825,0.785289455690153
1.158375,0.785295013978195
1.1585,0.785300569588927
1.158625,0.785306122418704
1.15875,0.7853116723642
1.158875,0.785317219322459
1.159,0.785322763190958
1.159125,0.785328303867662
1.15925,0.785333841251089
1.159375,0.785339375240366
1.1595,0.785344905735284
1.159625,0.785350432636348
1.15975,0.785355955844841
1.159875,0.785361475262869
1.16,0.785366990793419
1.160125,0.785372502340417
1.16025,0.785378009808795
1.160375,0.785383513104541
1.1605,0.785389012134745
1.160625,0.785394506807652
1.16075,0.785399997032712
1.160875,0.785405482720626
1.161,0.785410963783396
1.161125,0.785416440133775
1.16125,0.785421911682794
1.161375,0.785427378340297
1.1615,0.785432840015407
1.161625,0.785438296616578
1.16175,0.785443748051652
1.161875,0.785449194227911
1.162,0.785454635052132
1.162125,0.785460070430648
1.16225,0.785465500269418
1.162375,0.785470924474081
1.1625,0.785476342950008
1.162625,0.785481755602357
1.16275,0.785487162336125
1.162875,0.785492563056209
1.163,0.785497957667458
1.163125,0.785503346074734
1.16325,0.785508728182992
1.163375,0.785514103897332
1.1635,0.785519473123049
1.163625,0.785524835765686
1.16375,0.785530191731088
1.163875,0.785535540925459
1.164,0.785540883255411
1.164125,0.785546218628028
1.16425,0.785551546950953
1.164375,0.785556868132434
1.1645,0.785562182081367
1.164625,0.785567488707352
1.16475,0.785572787920743
1.164875,0.785578079632695
1.165,0.785583363755218
1.165125,0.785588640201236
1.16525,0.785593908884676
1.165375,0.785599169720508
1.1655,0.785604422624788
1.165625,0.785609667514703
1.16575,0.785614904308616
1.165875,0.785620132926115
1.166,0.785625353288051
1.166125,0.785630565316
1.16625,0.785635768929795
1.166375,0.785640964048069
1.1665,0.785646150588701
1.166625,0.785651328468872
1.16675,0.785656497605114
1.166875,0.785661657913361
1.167,0.785666809309001
1.167125,0.785671951706937
1.16725,0.785677085021679
1.167375,0.785682209167392
1.1675,0.785687324057936
1.167625,0.785692429606921
1.16775,0.785697525727757
1.167875,0.785702612333707
1.168,0.785707689337938
1.168125,0.785712756653586
1.16825,0.785717814193856
1.168375,0.785722861872064
1.1685,0.785727899601679
1.168625,0.785732927296379
1.16875,0.785737944870095
1.168875,0.785742952237067
1.169,0.785747949311893
1.169125,0.785752936009591
1.16925,0.785757912245707
1.169375,0.785762877936357
1.1695,0.785767832998259
1.169625,0.785772777348788
1.16975,0.785777710906021
1.169875,0.785782633588786
1.17,0.785787545316706
1.170125,0.785792446010265
1.17025,0.785797335590915
1.170375,0.785802213981115
1.1705,0.785807081104355
1.170625,0.78581193688521
1.17075,0.785816781249377
1.170875,0.785821614123718
1.171,0.785826435436304
1.171125,0.785831245115887
1.17125,0.785836043089533
1.171375,0.785840829283134
1.1715,0.785845603621845
1.171625,0.785850366030131
1.17175,0.785855116431815
1.171875,0.785859854750128
1.172,0.785864580907752
1.172125,0.785869294826892
1.17225,0.785873996429381
1.172375,0.785878685636723
1.1725,0.785883362370126
1.172625,0.785888026550555
1.17275,0.785892678098777
1.172875,0.785897316935414
1.173,0.785901942980989
1.173125,0.785906556155991
1.17325,0.785911156380999
1.173375,0.785915743576714
1.1735,0.785920317663996
1.173625,0.785924878563911
1.17375,0.785929426197784
1.173875,0.78593396048724
1.174,0.785938481354255
1.174125,0.785942988721221
1.17425,0.785947482511072
1.174375,0.785951962647316
1.1745,0.785956429054066
1.174625,0.785960881656088
1.17475,0.785965320378842
1.174875,0.785969745148532
1.175,0.785974155892144
1.175125,0.785978552537515
1.17525,0.785982935013458
1.175375,0.785987303249792
1.1755,0.785991657177367
1.175625,0.785995996728105
1.17575,0.786000321835038
1.175875,0.786004632432353
1.176,0.786008928455425
1.176125,0.786013209840329
1.17625,0.786017476521628
1.176375,0.786021728432853
1.1765,0.786025965506909
1.176625,0.786030187676118
1.17675,0.786034394872266
1.176875,0.786038587026644
1.177,0.786042764070096
1.177125,0.786046925933082
1.17725,0.786051072545808
1.177375,0.78605520383826
1.1775,0.786059319740225
1.177625,0.786063420181346
1.17775,0.78606750509116
1.177875,0.786071574399145
1.178,0.786075628034765
1.178125,0.786079665927537
1.17825,0.786083688007166
1.178375,0.786087694203574
1.1785,0.786091684446928
1.178625,0.786095658667681
1.17875,0.786099616796622
1.178875,0.786103558764911
1.179,0.786107484504128
1.179125,0.786111393946337
1.17925,0.786115287024228
1.179375,0.786119163671139
1.1795,0.786123023821081
1.179625,0.78612686740878
1.17975,0.786130694369716
1.179875,0.786134504640163
1.18,0.786138298157227
1.180125,0.786142074858913
1.18025,0.786145834684267
1.180375,0.786149577573393
1.1805,0.786153303467472
1.180625,0.786157012308802
1.18075,0.786160704040826
1.180875,0.786164378608171
1.181,0.786168035956683
1.181125,0.786171676032978
1.18125,0.786175298782454
1.181375,0.786178904149713
1.1815,0.786182492078935
1.181625,0.786186062513909
1.18175,0.786189615398076
1.181875,0.786193150674565
1.182,0.786196668286231
1.182125,0.786200168175723
1.18225,0.786203650285622
1.182375,0.786207114558465
1.1825,0.786210560936762
1.182625,0.786213989363036
1.18275,0.78621739977986
1.182875,0.786220792129896
1.183,0.786224166355933
1.183125,0.78622752240095
1.18325,0.786230860208268
1.183375,0.786234179721563
1.1835,0.786237480884883
1.183625,0.78624076364269
1.18375,0.786244027939892
1.183875,0.786247273721881
1.184,0.786250500934565
1.184125,0.786253709524436
1.18425,0.786256899438719
1.184375,0.786260070625385
1.1845,0.786263223033167
1.184625,0.786266356611588
1.18475,0.786269471310999
1.184875,0.786272567082609
1.185,0.786275643878515
1.185125,0.786278701651764
1.18525,0.786281740356508
1.185375,0.786284759948009
1.1855,0.786287760382644
1.185625,0.786290741617941
1.18575,0.786293703612598
1.185875,0.786296646326515
1.186,0.786299569720819
1.186125,0.786302473757473
1.18625,0.786305358397555
1.186375,0.786308223601619
1.1865,0.786311069330011
1.186625,0.786313895542899
1.18675,0.786316702200299
1.186875,0.786319489262109
1.187,0.786322256688136
1.187125,0.786325004438152
1.18725,0.786327732472051
1.187375,0.786330440749851
1.1875,0.786333129231704
1.187625,0.786335797877923
1.18775,0.786338446649014
1.187875,0.786341075505701
1.188,0.786343684408955
1.188125,0.786346273320054
1.18825,0.786348842200736
1.188375,0.786351391013202
1.1885,0.786353919720123
1.188625,0.786356428284667
1.18875,0.786358916670522
1.188875,0.786361384841927
1.189,0.786363832763693
1.189125,0.786366260401261
1.18925,0.786368667720859
1.189375,0.786371054689502
1.1895,0.786373421274991
1.189625,0.786375767445939
1.18975,0.786378093171791
1.189875,0.786380398422846
1.19,0.786382683170282
1.190125,0.786384947386206
1.19025,0.78638719104381
1.190375,0.786389414117368
1.1905,0.786391616582231
1.190625,0.786393798414843
1.19075,0.786395959592762
1.190875,0.786398100094675
1.191,0.786400219900414
1.191125,0.786402318990632
1.19125,0.786404397345391
1.191375,0.78640645494445
1.1915,0.786408491767518
1.191625,0.786410507794274
1.19175,0.786412503004387
1.191875,0.78641447737753
1.192,0.786416430893401
1.192125,0.786418363531774
1.19225,0.78642027527265
1.192375,0.786422166096252
1.1925,0.786424035983019
1.192625,0.786425884913621
1.19275,0.786427712868982
1.192875,0.786429519830294
1.193,0.786431305779032
1.193125,0.786433070697009
1.19325,0.786434814566526
1.193375,0.786436537370362
1.1935,0.786438239091769
1.193625,0.786439919714487
1.19375,0.786441579222759
1.193875,0.786443217601344
1.194,0.786444834835535
1.194125,0.786446430911202
1.19425,0.786448005814953
1.194375,0.786449559534113
1.1945,0.786451092056719
1.194625,0.78645260337153
1.19475,0.786454093468038
1.194875,0.786455562336481
1.195,0.786457009967855
1.195125,0.786458436353955
1.19525,0.786459841487531
1.195375,0.786461225362269
1.1955,0.786462587972779
1.195625,0.786463929314597
1.19575,0.786465249384198
1.195875,0.786466548179001
1.196,0.786467825697375
1.196125,0.786469081938391
1.19625,0.786470316900748
1.196375,0.786471530582986
1.1965,0.786472722983674
1.196625,0.786473894101413
1.19675,0.78647504393485
1.196875,0.786476172482679
1.197,0.786477279743657
1.197125,0.786478365716638
1.19725,0.786479430400726
1.197375,0.786480473795252
1.1975,0.786481495899762
1.197625,0.786482496714022
1.19775,0.786483476238026
1.197875,0.786484434472001
1.198,0.786485371416415
1.198125,0.786486287072016
1.19825,0.786487181439984
1.198375,0.786488054521906
1.1985,0.786488906319758
1.198625,0.786489736835914
1.19875,0.786490546073148
1.198875,0.786491334034639
1.199,0.786492100723978
1.199125,0.786492846145202
1.19925,0.786493570302948
1.199375,0.786494273202421
1.1995,0.786494954849383
1.199625,0.786495615250148
1.19975,0.786496254411587
1.199875,0.786496872341133
1.2,0.786497469046779
1.200125,0.786498044537113
1.20025,0.786498598821471
1.200375,0.786499131909902
1.2005,0.786499643813148
1.200625,0.786500134542645
1.20075,0.786500604110519
1.200875,0.786501052529586
1.201,0.786501479813352
1.201125,0.786501885975844
1.20125,0.7865022710309
1.201375,0.786502634992307
1.2015,0.786502977873917
1.201625,0.78650329968964
1.20175,0.786503600453449
1.201875,0.786503880179378
1.202,0.78650413888152
1.202125,0.786504376574061
1.20225,0.78650459327142
1.202375,0.786504788988221
1.2025,0.786504963739272
1.202625,0.786505117539555
1.20275,0.786505250404234
1.202875,0.786505362348647
1.203,0.786505453388309
1.203125,0.786505523538938
1.20325,0.7865055728166
1.203375,0.786505601237678
1.2035,0.786505608818844
1.203625,0.786505595577061
1.20375,0.786505561529575
1.203875,0.786505506693913
1.204,0.786505431087884
1.204125,0.786505334729604
1.20425,0.786505217637636
1.204375,0.786505079830961
1.2045,0.786504921328947
1.204625,0.786504742151347
1.20475,0.786504542318294
1.204875,0.786504321850294
1.205,0.786504080768222
1.205125,0.786503819093352
1.20525,0.786503536847492
1.205375,0.786503234052949
1.2055,0.786502910732502
1.205625,0.786502566909393
1.20575,0.786502202607323
1.205875,0.786501817850443
1.206,0.786501412663344
1.206125,0.786500987070979
1.20625,0.786500541098329
1.206375,0.786500074770461
1.2065,0.786499588112569
1.206625,0.786499081149971
1.20675,0.786498553908099
1.206875,0.786498006412492
1.207,0.78649743868879
1.207125,0.786496850762757
1.20725,0.786496242660415
1.207375,0.786495614408005
1.2075,0.786494966031962
1.207625,0.786494297558902
1.20775,0.786493609015616
1.207875,0.786492900429061
1.208,0.786492171826353
1.208125,0.786491423234788
1.20825,0.786490654681975
1.208375,0.786489866195797
1.2085,0.786489057804383
1.208625,0.786488229536094
1.20875,0.786487381419517
1.208875,0.786486513483457
1.209,0.786485625756922
1.209125,0.78648471826915
1.20925,0.786483791049734
1.209375,0.786482844128587
1.2095,0.786481877535907
1.209625,0.78648089130217
1.20975,0.786479885458115
1.209875,0.786478860034733
1.21,0.786477815063263
1.210125,0.786476750575202
1.21025,0.786475666602441
1.210375,0.786474563177216
1.2105,0.786473440332085
1.210625,0.786472298099906
1.21075,0.786471136513833
1.210875,0.786469955607295
1.211,0.786468755413994
1.211125,0.786467535967894
1.21125,0.786466297303279
1.211375,0.786465039454721
1.2115,0.786463762457059
1.211625,0.786462466345388
1.21175,0.786461151155041
1.211875,0.78645981692158
1.212,0.78645846368078
1.212125,0.786457091468646
1.21225,0.786455700321533
1.212375,0.786454290276108
1.2125,0.78645286136931
1.212625,0.786451413638337
1.21275,0.786449947120634
1.212875,0.786448461853874
1.213,0.786446957875944
1.213125,0.786445435224962
1.21325,0.786443893939394
1.213375,0.786442334058011
1.2135,0.786440755619854
1.213625,0.786439158664215
1.21375,0.786437543230624
1.213875,0.786435909358833
1.214,0.786434257088797
1.214125,0.786432586460689
1.21425,0.786430897515017
1.214375,0.786429190292577
1.2145,0.786427464834419
1.214625,0.786425721181827
1.21475,0.786423959376304
1.214875,0.786422179459553
1.215,0.78642038147346
1.215125,0.786418565460109
1.21525,0.786416731461888
1.215375,0.78641487952145
1.2155,0.786413009681674
1.215625,0.786411121985644
1.21575,0.786409216476634
1.215875,0.786407293198087
1.216,0.786405352193599
1.216125,0.786403393507
1.21625,0.78640141718276
1.216375,0.786399423265893
1.2165,0.786397411801861
1.216625,0.786395382836559
1.21675,0.78639333641629
1.216875,0.786391272587747
1.217,0.786389191397993
1.217125,0.786387092894467
1.21725,0.786384977125089
1.217375,0.786382844138215
1.2175,0.786380693982593
1.217625,0.786378526707345
1.21775,0.786376342361938
1.217875,0.786374140996167
1.218,0.786371922660131
1.218125,0.78636968740424
1.21825,0.78636743527931
1.218375,0.786365166336526
1.2185,0.786362880627387
1.218625,0.786360578203691
1.21875,0.786358259117509
1.218875,0.786355923421158
1.219,0.786353571167182
1.219125,0.786351202408352
1.21925,0.786348817197764
1.219375,0.786346415588794
1.2195,0.786343997635047
1.219625,0.786341563390339
1.21975,0.786339112908668
1.219875,0.786336646244192
1.22,0.786334163451204
1.220125,0.786331664584131
1.22025,0.786329149697629
1.220375,0.786326618846537
1.2205,0.786324072085828
1.220625,0.786321509470587
1.22075,0.786318931055985
1.220875,0.786316336897252
1.221,0.786313727049656
1.221125,0.786311101568652
1.22125,0.786308460510637
1.221375,0.786305803932768
1.2215,0.78630313189281
1.221625,0.78630044444911
1.22175,0.786297741660565
1.221875,0.786295023586596
1.222,0.786292290287118
1.222125,0.786289541822536
1.22225,0.786286778253834
1.222375,0.786283999642519
1.2225,0.786281206050574
1.222625,0.786278397540426
1.22275,0.786275574174919
1.222875,0.78627273601728
1.223,0.786269883131087
1.223125,0.78626701558027
1.22325,0.786264133429181
1.223375,0.786261236742551
1.2235,0.786258325585433
1.223625,0.786255400023172
1.22375,0.786252460121376
1.223875,0.786249505945879
1.224,0.786246537562712
1.224125,0.786243555038097
1.22425,0.786240558438515
1.224375,0.786237547830661
1.2245,0.786234523281389
1.224625,0.786231484857679
1.22475,0.786228432626608
1.224875,0.786225366655314
1.225,0.786222287010963
1.225125,0.786219193760744
1.22525,0.786216086971935
1.225375,0.786212966711852
1.2255,0.7862098330478
1.225625,0.786206686047038
1.22575,0.786203525776749
1.225875,0.786200352304006
1.226,0.786197165695742
1.226125,0.78619396601897
1.22625,0.786190753341838
1.226375,0.786187527733386
1.2265,0.786184289263332
1.226625,0.786181038002036
1.22675,0.786177774020468
1.226875,0.786174497390166
1.227,0.7861712081832
1.227125,0.786167906472164
1.22725,0.78616459233023
1.227375,0.786161265831095
1.2275,0.786157927048928
1.227625,0.786154576058331
1.22775,0.786151212934299
1.227875,0.786147837752183
1.228,0.786144450587653
1.228125,0.786141051516678
1.22825,0.786137640615585
1.228375,0.786134217960999
1.2285,0.786130783629788
1.228625,0.786127337699027
1.22875,0.786123880245958
1.228875,0.786120411347948
1.229,0.786116931082451
1.229125,0.786113439526991
1.22925,0.78610993675921
1.229375,0.786106422856811
1.2295,0.786102897897507
1.229625,0.786099361958979
1.22975,0.786095815118835
1.229875,0.786092257454577
1.23,0.786088689043557
1.230125,0.786085109962957
1.23025,0.786081520289837
1.230375,0.78607792010108
1.2305,0.786074309473337
1.230625,0.78607068848299
1.23075,0.786067057206115
1.230875,0.786063415718441
1.231,0.786059764095318
1.231125,0.786056102411994
1.23125,0.786052430744941
1.231375,0.78604874917155
1.2315,0.786045057769873
1.231625,0.786041356618576
1.23175,0.786037645796903
1.231875,0.786033925384626
1.232,0.786030195462013
1.232125,0.786026456109795
1.23225,0.786022707409208
1.232375,0.786018949441934
1.2325,0.786015182290044
1.232625,0.786011406035954
1.23275,0.786007620762384
1.232875,0.786003826552311
1.233,0.78600002348893
1.233125,0.785996211655621
1.23325,0.785992391135987
1.233375,0.785988562013791
1.2335,0.785984724372899
1.233625,0.785980878297242
1.23375,0.785977023870765
1.233875,0.785973161177389
1.234,0.785969290300964
1.234125,0.785965411325242
1.23425,0.785961524333904
1.234375,0.785957629410499
1.2345,0.785953726638392
1.234625,0.785949816100722
1.23475,0.785945897880358
1.234875,0.785941972059853
1.235,0.78593803872141
1.235125,0.785934097946846
1.23525,0.785930149817614
1.235375,0.785926194414752
1.2355,0.785922231818828
1.235625,0.785918262109901
1.23575,0.78591428536748
1.235875,0.785910301670484
1.236,0.7859063110972
1.236125,0.78590231372562
1.23625,0.785898309634986
1.236375,0.785894298905444
1.2365,0.785890281617737
1.236625,0.785886257853168
1.23675,0.78588222769355
1.236875,0.785878191221165
1.237,0.785874148518718
1.237125,0.785870099669303
1.23725,0.785866044756425
1.237375,0.785861983863932
1.2375,0.78585791707597
1.237625,0.785853844476932
1.23775,0.785849766151413
1.237875,0.785845682184168
1.238,0.785841592660062
1.238125,0.78583749766404
1.23825,0.785833397281132
1.238375,0.785829291596398
1.2385,0.785825180694873
1.238625,0.785821064661525
1.23875,0.785816943581204
1.238875,0.785812817538602
1.239,0.785808686618207
1.239125,0.785804550904267
1.23925,0.785800410480793
1.239375,0.785796265431504
1.2395,0.785792115839777
1.239625,0.785787961788603
1.23975,0.785783803360543
1.239875,0.785779640637684
1.24,0.785775473701598
1.240125,0.785771302633306
1.24025,0.785767127513277
1.240375,0.785762948421376
1.2405,0.785758765436819
1.240625,0.78575457863813
1.24075,0.785750388103102
1.240875,0.785746193908755
1.241,0.785741996131298
1.241125,0.785737794846504
1.24125,0.78573359013143
1.241375,0.785729382064034
1.2415,0.785725170722848
1.241625,0.785720956186931
1.24175,0.785716738535829
1.241875,0.785712517849527
1.242,0.785708294208406
1.242125,0.785704067693208
1.24225,0.785699838385024
1.242375,0.785695606365247
1.2425,0.785691371715518
1.242625,0.785687134517681
1.24275,0.785682894853739
1.242875,0.78567865280581
1.243,0.785674408456077
1.243125,0.785670161886756
1.24325,0.785665913180079
1.243375,0.78566166241824
1.2435,0.785657409683351
1.243625,0.785653155057393
1.24375,0.785648898622172
1.243875,0.785644640459277
1.244,0.785640380650033
1.244125,0.785636119275466
1.24425,0.785631856416278
1.244375,0.785627592152802
1.2445,0.785623326564955
1.244625,0.785619059732196
1.24475,0.785614791733479
1.244875,0.785610522647217
1.245,0.785606252551234
1.245125,0.785601981522734
1.24525,0.78559770963827
1.245375,0.785593436973705
1.2455,0.785589163604168
1.245625,0.785584889604012
1.24575,0.785580615046779
1.245875,0.785576340005157
1.246,0.785572064550945
1.246125,0.785567788755457
1.24625,0.785563512691355
1.246375,0.785559236432251
1.2465,0.785554960052356
1.246625,0.785550683626441
1.24675,0.78554640722979
1.246875,0.785542130938161
1.247,0.785537854827741
1.247125,0.785533578975105
1.24725,0.78552930345719
1.247375,0.785525028351248
1.2475,0.785520753734796
1.247625,0.785516479685579
1.24775,0.785512206281518
1.247875,0.785507933600674
1.248,0.785503661721198
1.248125,0.785499390721292
1.24825,0.785495120679174
1.248375,0.785490851673031
1.2485,0.785486583780977
1.248625,0.785482317081007
1.24875,0.785478051650952
1.248875,0.785473787568441
1.249,0.785469524910853
1.249125,0.785465263755276
1.24925,0.785461004178468
1.249375,0.785456746256814
1.2495,0.785452490066283
1.249625,0.785448235682387
1.24975,0.785443983180138
1.249875,0.785439732634008
1.25,0.785435484117891
1.250125,0.785431237705054
1.25025,0.785426993468103
1.250375,0.785422751478936
1.2505,0.785418511808712
1.250625,0.785414274527804
1.25075,0.78541003970577
1.250875,0.785405807411309
1.251,0.785401577712228
1.251125,0.785397350675857
1.25125,0.785393126370946
1.251375,0.785388904867249
1.2515,0.785384686235173
1.251625,0.785380470545731
1.25175,0.785376257870507
1.251875,0.785372048281607
1.252,0.785367841851622
1.252125,0.785363638653579
1.25225,0.785359438760901
1.252375,0.785355242247357
1.2525,0.785351049187025
1.252625,0.785346859654248
1.25275,0.785342673723589
1.252875,0.785338491469789
1.253,0.785334312967724
1.253125,0.785330138292359
1.25325,0.785325967518696
1.253375,0.785321800721729
1.2535,0.785317637976405
1.253625,0.785313479357584
1.25375,0.785309324939989
1.253875,0.785305174798171
1.254,0.785301029006463
1.254125,0.785296887638932
1.25425,0.785292750769323
1.254375,0.785288618471021
1.2545,0.785284490817009
1.254625,0.78528036787983
1.25475,0.785276249731545
1.254875,0.785272136443692
1.255,0.785268028087246
1.255125,0.785263924732574
1.25525,0.785259826449375
1.255375,0.785255733306639
1.2555,0.78525164537262
1.255625,0.785247562714792
1.25575,0.785243485399817
1.255875,0.785239413493503
1.256,0.785235347060772
1.256125,0.785231286166074
1.25625,0.785227230875286
1.256375,0.785223181255292
1.2565,0.785219137373638
1.256625,0.785215099298481
1.25675,0.785211067098559
1.256875,0.785207040843137
1.257,0.785203020601977
1.257125,0.785199006445282
1.25725,0.785194998443632
1.257375,0.785190996667951
1.2575,0.78518700118946
1.257625,0.785183012079643
1.25775,0.7851790294102
1.257875,0.785175053253002
1.258,0.785171083680054
1.258125,0.785167120763444
1.25825,0.785163164575266
1.258375,0.785159215187591
1.2585,0.785155272672421
1.258625,0.785151337101654
1.25875,0.785147408547039
1.258875,0.785143487080134
1.259,0.785139572772263
1.259125,0.785135665694469
1.25925,0.785131765917434
1.259375,0.785127873511448
1.2595,0.78512398854637
1.259625,0.785120111091593
1.25975,0.785116241215997
1.259875,0.785112378987917
1.26,0.785108524475099
1.260125,0.785104677744653
1.26025,0.78510083886297
1.260375,0.785097007895696
1.2605,0.785093184907697
1.260625,0.785089369963025
1.26075,0.785085563124882
1.260875,0.785081764455584
1.261,0.785077974016523
1.261125,0.785074191868578
1.26125,0.785070418073945
1.261375,0.785066652695744
1.2615,0.785062895797674
1.261625,0.785059147443969
1.26175,0.785055407699364
1.261875,0.785051676629051
1.262,0.785047954298641
1.262125,0.785044240774111
1.26225,0.785040536121721
1.262375,0.785036840407985
1.2625,0.785033153699633
1.262625,0.785029476063572
1.26275,0.785025807566845
1.262875,0.785022148276592
1.263,0.785018498260004
1.263125,0.785014857584279
1.26325,0.785011226316525
1.263375,0.785007604523735
1.2635,0.785003992272748
1.263625,0.785000389630218
1.26375,0.784996796662564
1.263875,0.784993213435939
1.264,0.784989640016184
1.264125,0.784986076468782
1.26425,0.784982522858759
1.264375,0.784978979250657
1.2645,0.784975445708507
1.264625,0.784971922295791
1.26475,0.784968409075402
1.264875,0.784964906109609
1.265,0.784961413460021
1.265125,0.784957931187534
1.26525,0.784954459352237
1.265375,0.784950998013386
1.2655,0.784947547229381
1.265625,0.784944107057734
1.26575,0.78494067755503
1.265875,0.7849372587769
1.266,0.784933850777985
1.266125,0.784930453612321
1.26625,0.784927067335071
1.266375,0.784923692002144
1.2665,0.78492032766988
1.266625,0.784916974395007
1.26675,0.784913632234614
1.266875,0.784910301246103
1.267,0.784906981487163
1.267125,0.784903673015712
1.26725,0.784900375889801
1.267375,0.784897090167592
1.2675,0.784893815907325
1.267625,0.784890553167288
1.26775,0.784887302005777
1.267875,0.784884062481061
1.268,0.784880834651345
1.268125,0.784877618574718
1.26825,0.784874414309049
1.268375,0.784871221911966
1.2685,0.784868041440832
1.268625,0.784864872952707
1.26875,0.784861716504313
1.268875,0.784858572152002
1.269,0.784855439951719
1.269125,0.784852319958952
1.26925,0.784849212228624
1.269375,0.784846116815075
1.2695,0.78484303377204
1.269625,0.784839963152616
1.26975,0.78483690500923
1.269875,0.78483385939361
1.27,0.784830826356749
1.270125,0.784827805948857
1.27025,0.784824798219257
1.270375,0.784821803216363
1.2705,0.784818820987669
1.270625,0.784815851579719
1.27075,0.784812895038078
1.270875,0.784809951407306
1.271,0.784807020730932
1.271125,0.784804103051802
1.27125,0.784801198413662
1.271375,0.784798306860813
1.2715,0.784795428437825
1.271625,0.784792563189507
1.27175,0.784789711160874
1.271875,0.784786872397122
1.272,0.784784046943593
1.272125,0.784781234845729
1.27225,0.784778436148961
1.272375,0.7847756508987
1.2725,0.784772879140313
1.272625,0.784770120919098
1.27275,0.784767376280251
1.272875,0.784764645268839
1.273,0.784761927929771
1.273125,0.784759224307746
1.27325,0.784756534447143
1.273375,0.784753858392009
1.2735,0.784751196186044
1.273625,0.784748547872571
1.27375,0.784745913494509
1.273875,0.784743293094346
1.274,0.784740686714111
1.274125,0.784738094395327
1.27425,0.784735516178897
1.274375,0.78473295210509
1.2745,0.784730402213539
1.274625,0.784727866543207
1.27475,0.784725345132365
1.274875,0.78472283801857
1.275,0.784720345238636
1.275125,0.784717866828595
1.27525,0.784715402823574
1.275375,0.784712953257798
1.2755,0.78471051816458
1.275625,0.784708097576297
1.27575,0.784705691524374
1.275875,0.784703300039262
1.276,0.784700923150417
1.276125,0.784698560886613
1.27625,0.784696213277324
1.276375,0.784693880352431
1.2765,0.784691562141974
1.276625,0.784689258676127
1.27675,0.784686969985181
1.276875,0.784684696099516
1.277,0.784682437049582
1.277125,0.784680192865855
1.27725,0.784677963578725
1.277375,0.784675749218487
1.2775,0.78467354981534
1.277625,0.784671365399362
1.27775,0.784669196000489
1.277875,0.784667041648491
1.278,0.784664902372957
1.278125,0.784662778203245
1.27825,0.784660669168369
1.278375,0.784658575296999
1.2785,0.784656496617452
1.278625,0.784654433157673
1.27875,0.784652384945219
1.278875,0.784650352007231
1.279,0.784648334370425
1.279125,0.784646332061042
1.27925,0.784644345104733
1.279375,0.784642373526563
1.2795,0.784640417351005
1.279625,0.784638476601925
1.27975,0.784636551302563
1.279875,0.784634641475519
1.28,0.784632747142734
1.280125,0.784630868325452
1.28025,0.7846290050441
1.280375,0.784627157318299
1.2805,0.784625325166859
1.280625,0.784623508607768
1.28075,0.784621707658183
1.280875,0.784619922334408
1.281,0.784618152651891
1.281125,0.78461639862548
1.28125,0.784614660270574
1.281375,0.784612937602888
1.2815,0.784611230638247
1.281625,0.784609539392571
1.28175,0.784607863881864
1.281875,0.784606204122197
1.282,0.784604560129691
1.282125,0.784602931920487
1.28225,0.784601319510621
1.282375,0.784599722916038
1.2825,0.784598142152591
1.282625,0.784596577236026
1.28275,0.784595028181967
1.282875,0.784593495005908
1.283,0.78459197772319
1.283125,0.784590476348973
1.28325,0.784588990898113
1.283375,0.784587521385173
1.2835,0.784586067824424
1.283625,0.784584630229834
1.28375,0.784583208615057
1.283875,0.784581802993415
1.284,0.784580413377891
1.284125,0.784579039781093
1.28425,0.784577682215132
1.284375,0.784576340691638
1.2845,0.784575015221762
1.284625,0.784573705816167
1.28475,0.784572412485017
1.284875,0.784571135237966
1.285,0.784569874084153
1.285125,0.784568629032159
1.28525,0.784567400089902
1.285375,0.784566187264639
1.2855,0.784564990562982
1.285625,0.784563809990889
1.28575,0.784562645553654
1.285875,0.784561497255903
1.286,0.784560365101587
1.286125,0.784559249094186
1.28625,0.784558149237599
1.286375,0.784557065535965
1.2865,0.784555997993507
1.286625,0.784554946614524
1.28675,0.784553911403385
1.286875,0.784552892364521
1.287,0.784551889502412
1.287125,0.784550902821562
1.28725,0.784549932326379
1.287375,0.784548978021191
1.2875,0.784548039910256
1.287625,0.784547117997752
1.28775,0.784546212287769
1.287875,0.784545322784305
1.288,0.784544449491252
1.288125,0.784543592412371
1.28825,0.784542751551173
1.288375,0.784541926910936
1.2885,0.784541118494713
1.288625,0.784540326305326
1.28875,0.78453955034536
1.288875,0.784538790617157
1.289,0.784538047122807
1.289125,0.78453731986412
1.28925,0.784536608842509
1.289375,0.78453591405901
1.2895,0.78453523551429
1.289625,0.784534573208644
1.28975,0.784533927141989
1.289875,0.784533297313861
1.29,0.784532683723409
1.290125,0.784532086369365
1.29025,0.784531505249932
1.290375,0.784530940362805
1.2905,0.784530391705179
1.290625,0.784529859273752
1.29075,0.784529343064717
1.290875,0.784528843073765
1.291,0.784528359296081
1.291125,0.784527891726486
1.29125,0.784527440360044
1.291375,0.784527005191948
1.2915,0.784526586217412
1.291625,0.784526183431668
1.29175,0.78452579682997
1.291875,0.78452542640758
1.292,0.784525072159774
1.292125,0.784524734081811
1.29225,0.784524412168824
1.292375,0.784524106415834
1.2925,0.784523816817774
1.292625,0.784523543369475
1.29275,0.784523286065674
1.292875,0.784523044901004
1.293,0.784522819869994
1.293125,0.784522610967043
1.29325,0.784522418186311
1.293375,0.784522241521734
1.2935,0.784522080967046
1.293625,0.78452193651577
1.29375,0.784521808161222
1.293875,0.784521695896508
1.294,0.784521599714524
1.294125,0.784521519607925
1.29425,0.784521455569023
1.294375,0.784521407589802
1.2945,0.784521375661939
1.294625,0.784521359776801
1.29475,0.784521359925445
1.294875,0.784521376098622
1.295,0.784521408286772
1.295125,0.784521456480003
1.29525,0.784521520667981
1.295375,0.784521600839955
1.2955,0.784521696984773
1.295625,0.784521809090886
1.29575,0.784521937146347
1.295875,0.784522081138818
1.296,0.784522241055566
1.296125,0.784522416883546
1.29625,0.784522608609718
1.296375,0.784522816220989
1.2965,0.784523039704165
1.296625,0.784523279045949
1.29675,0.784523534232949
1.296875,0.784523805251673
1.297,0.784524092088538
1.297125,0.784524394729843
1.29725,0.784524713161669
1.297375,0.784525047369896
1.2975,0.784525397340232
1.297625,0.784525763058206
1.29775,0.784526144509179
1.297875,0.784526541678343
1.298,0.784526954550726
1.298125,0.784527383111169
1.29825,0.784527827344224
1.298375,0.784528287234178
1.2985,0.784528762765074
1.298625,0.784529253920716
1.29875,0.784529760684672
1.298875,0.78453028304028
1.299,0.784530820970649
1.299125,0.784531374458643
1.29925,0.784531943486776
1.299375,0.784532528037241
1.2995,0.784533128091928
1.299625,0.784533743632434
1.29975,0.784534374640067
1.299875,0.784535021095849
1.3,0.784535682980527
1.300125,0.784536360274549
1.30025,0.784537052957969
1.300375,0.784537761010471
1.3005,0.784538484411393
1.300625,0.784539223139736
1.30075,0.784539977174171
1.300875,0.784540746493044
1.301,0.784541531074386
1.301125,0.784542330895924
1.30125,0.784543145935116
1.301375,0.784543976169151
1.3015,0.784544821574957
1.301625,0.784545682129205
1.30175,0.78454655780832
1.301875,0.784547448588488
1.302,0.784548354445668
1.302125,0.78454927535557
1.30225,0.784550211293567
1.302375,0.784551162234718
1.3025,0.784552128153799
1.302625,0.784553109025311
1.30275,0.784554104823488
1.302875,0.784555115522309
1.303,0.784556141095506
1.303125,0.784557181516553
1.30325,0.784558236758568
1.303375,0.784559306794349
1.3035,0.784560391596398
1.303625,0.784561491136933
1.30375,0.7845626053879
1.303875,0.78456373432098
1.304,0.784564877907607
1.304125,0.784566036118949
1.30425,0.784567208925822
1.304375,0.784568396298719
1.3045,0.78456959820784
1.304625,0.784570814623104
1.30475,0.784572045514161
1.304875,0.784573290850405
1.305,0.784574550600986
1.305125,0.7845758247348
1.30525,0.7845771132204
1.305375,0.78457841602603
1.3055,0.784579733119653
1.305625,0.784581064468966
1.30575,0.784582410041414
1.305875,0.784583769804202
1.306,0.784585143724311
1.306125,0.784586531768447
1.30625,0.784587933902796
1.306375,0.784589350093088
1.3065,0.784590780304654
1.306625,0.784592224502441
1.30675,0.784593682651031
1.306875,0.784595154714653
1.307,0.784596640657201
1.307125,0.784598140442226
1.30725,0.784599654032853
1.307375,0.784601181391819
1.3075,0.784602722481503
1.307625,0.784604277263946
1.30775,0.784605845700865
1.307875,0.784607427753673
1.308,0.784609023383495
1.308125,0.784610632551164
1.30825,0.78461225521714
1.308375,0.784613891341549
1.3085,0.784615540884215
1.308625,0.784617203804681
1.30875,0.784618880062225
1.308875,0.78462056961588
1.309,0.784622272424452
1.309125,0.784623988446516
1.30925,0.784625717640344
1.309375,0.784627459963937
1.3095,0.784629215375065
1.309625,0.784630983831283
1.30975,0.784632765289952
1.309875,0.784634559708258
1.31,0.784636367043232
1.310125,0.784638187251748
1.31025,0.784640020290453
1.310375,0.784641866115801
1.3105,0.784643724684089
1.310625,0.784645595951479
1.31075,0.784647479874019
1.310875,0.78464937640766
1.311,0.784651285508278
1.311125,0.784653207131568
1.31125,0.784655141232533
1.311375,0.7846570877656
1.3115,0.78465904668474
1.311625,0.784661017943483
1.31175,0.784663001494941
1.311875,0.784664997291836
1.312,0.784667005286517
1.312125,0.784669025430966
1.31225,0.78467105767673
1.312375,0.784673101974962
1.3125,0.784675158276459
1.312625,0.78467722653169
1.31275,0.784679306690813
1.312875,0.784681398703706
1.313,0.784683502519989
1.313125,0.784685618089026
1.31325,0.784687745359866
1.313375,0.784689884281283
1.3135,0.784692034801817
1.313625,0.784694196869797
1.31375,0.784696370433366
1.313875,0.78469855544051
1.314,0.784700751839078
1.314125,0.784702959576792
1.31425,0.784705178601186
1.314375,0.78470740885965
1.3145,0.784709650299468
1.314625,0.784711902867845
1.31475,0.784714166511929
1.314875,0.784716441178842
1.315,0.7847187268157
1.315125,0.784721023369625
1.31525,0.784723330787688
1.315375,0.784725649016949
1.3155,0.784727978004497
1.315625,0.784730317697477
1.31575,0.784732668043112
1.315875,0.784735028988733
1.316,0.784737400481799
1.316125,0.784739782469742
1.31625,0.784742174899204
1.316375,0.784744577716217
1.3165,0.78474699086636
1.316625,0.78474941429478
1.31675,0.784751847946228
1.316875,0.784754291765083
1.317,0.78475674569538
1.317125,0.784759209680822
1.31725,0.784761683664731
1.317375,0.784764167590089
1.3175,0.784766661399586
1.317625,0.784769165035641
1.31775,0.784771678440439
1.317875,0.784774201555953
1.318,0.784776734323981
1.318125,0.784779276686151
1.31825,0.784781828583882
1.318375,0.784784389958426
1.3185,0.784786960750909
1.318625,0.784789540902364
1.31875,0.784792130353756
1.318875,0.784794729046014
1.319,0.784797336920062
1.319125,0.784799953916832
1.31925,0.78480257997722
1.319375,0.784805215042137
1.3195,0.784807859052543
1.319625,0.784810511949478
1.31975,0.784813173674095
1.319875,0.784815844167685
1.32,0.784818523371709
1.320125,0.784821211227811
1.32025,0.78482390767778
1.320375,0.784826612663596
1.3205,0.784829326127465
1.320625,0.784832048011849
1.32075,0.784834778259495
1.320875,0.784837516813463
1.321,0.784840263617154
1.321125,0.784843018614101
1.32125,0.784845781746989
1.321375,0.784848552957884
1.3215,0.784851332188424
1.321625,0.784854119379849
1.32175,0.784856914473033
1.321875,0.784859717408513
1.322,0.784862528126524
1.322125,0.784865346567013
1.32225,0.784868172669606
1.322375,0.784871006373657
1.3225,0.784873847618285
1.322625,0.784876696342409
1.32275,0.784879552484778
1.322875,0.784882415984002
1.323,0.784885286778587
1.323125,0.784888164806951
1.32325,0.784891050007399
1.323375,0.784893942318163
1.3235,0.78489684167745
1.323625,0.784899748023466
1.32375,0.784902661294455
1.323875,0.784905581428726
1.324,0.784908508364686
1.324125,0.784911442040861
1.32425,0.784914382395871
1.324375,0.784917329368475
1.3245,0.784920282897607
1.324625,0.784923242922412
1.32475,0.784926209382273
1.324875,0.784929182216843
1.325,0.784932161366077
1.325125,0.78493514677025
1.32525,0.784938138369938
1.325375,0.784941136106058
1.3255,0.784944139919906
1.325625,0.784947149753186
1.32575,0.78495016554804
1.325875,0.784953187247074
1.326,0.784956214793393
1.326125,0.784959248130342
1.32625,0.784962287200352
1.326375,0.784965331945197
1.3265,0.784968382306218
1.326625,0.784971438224358
1.32675,0.78497449964019
1.326875,0.78497756649395
1.327,0.784980638725573
1.327125,0.784983716274708
1.32725,0.784986799080708
1.327375,0.78498988708267
1.3275,0.784992980219476
1.327625,0.784996078429825
1.32775,0.784999181652267
1.327875,0.785002289825232
1.328,0.785005402887068
1.328125,0.785008520776062
1.32825,0.785011643430427
1.328375,0.785014770788348
1.3285,0.785017902788019
1.328625,0.785021039367677
1.32875,0.785024180465632
1.328875,0.785027326020302
1.329,0.785030475970246
1.329125,0.785033630254185
1.32925,0.785036788810996
1.329375,0.785039951579757
1.3295,0.785043118499779
1.329625,0.785046289510638
1.32975,0.785049464552211
1.329875,0.785052643564703
1.33,0.785055826488679
1.330125,0.78505901326509
1.33025,0.785062203835264
1.330375,0.785065398140952
1.3305,0.785068596124355
1.330625,0.785071797728158
1.33075,0.785075002895559
1.330875,0.785078211570297
1.331,0.78508142369668
1.331125,0.785084639219302
1.33125,0.785087858081741
1.331375,0.785091080226842
1.3315,0.785094305596972
1.331625,0.785097534134046
1.33175,0.785100765779563
1.331875,0.785104000474635
1.332,0.785107238160024
1.332125,0.785110478776164
1.33225,0.785113722263164
1.332375,0.785116968560847
1.3325,0.785120217608787
1.332625,0.785123469346344
1.33275,0.785126723712696
1.332875,0.785129980646873
1.333,0.785133240087791
1.333125,0.785136501974275
1.33325,0.785139766245073
1.333375,0.785143032838888
1.3335,0.785146301694418
1.333625,0.78514957275039
1.33375,0.785152845945592
1.333875,0.785156121218906
1.334,0.785159398509342
1.334125,0.785162677756067
1.33425,0.785165958898411
1.334375,0.785169241875908
1.3345,0.785172526628333
1.334625,0.785175813095729
1.33475,0.785179101218443
1.334875,0.785182390937159
1.335,0.785185682192926
1.335125,0.785188974927185
1.33525,0.785192269081788
1.335375,0.785195564599028
1.3355,0.785198861421671
1.335625,0.785202159492993
1.33575,0.785205458756801
1.335875,0.785208759157468
1.336,0.78521206063996
1.336125,0.785215363149531
1.33625,0.785218666630317
1.336375,0.785221971025647
1.3365,0.785225276278306
1.336625,0.785228582330569
1.33675,0.785231889124235
1.336875,0.785235196600656
1.337,0.785238504700775
1.337125,0.785241813365154
1.33725,0.785245122533992
1.337375,0.78524843214716
1.3375,0.785251742144242
1.337625,0.785255052464565
1.33775,0.785258363047234
1.337875,0.785261673831169
1.338,0.785264984755135
1.338125,0.785268295757778
1.33825,0.785271606777646
1.338375,0.785274917753223
1.3385,0.78527822862297
1.338625,0.785281539325357
1.33875,0.785284849798896
1.338875,0.785288159982175
1.339,0.785291469813897
1.339125,0.785294779232906
1.33925,0.785298088178216
1.339375,0.78530139658905
1.3395,0.785304704404869
1.339625,0.785308011565406
1.33975,0.785311318010705
1.339875,0.785314623681145
1.34,0.78531792851748
1.340125,0.785321232460864
1.34025,0.785324535452889
1.340375,0.785327837435613
1.3405,0.785331138351589
1.340625,0.785334438143903
1.34075,0.785337736756197
1.340875,0.785341034132706
1.341,0.785344330218284
1.341125,0.785347624958083
1.34125,0.785350918296101
1.341375,0.785354210175499
1.3415,0.785357500538875
1.341625,0.785360789328299
1.34175,0.785364076485348
1.341875,0.785367361951138
1.342,0.785370645666357
1.342125,0.785373927571307
1.34225,0.785377207605928
1.342375,0.78538048570984
1.3425,0.785383761822377
1.342625,0.785387035882619
1.34275,0.785390307829432
1.342875,0.785393577601498
1.343,0.785396845137353
1.343125,0.785400110375426
1.34325,0.785403373254073
1.343375,0.785406633711614
1.3435,0.785409891686368
1.343625,0.785413147116688
1.34375,0.785416399940995
1.343875,0.785419650097815
1.344,0.785422897525811
1.344125,0.785426142163821
1.34425,0.785429383950904
1.344375,0.785432622826369
1.3445,0.78543585872981
1.344625,0.785439091601138
1.34475,0.785442321380618
1.344875,0.785445548008898
1.345,0.785448771427045
1.345125,0.785451991576582
1.34525,0.78545520839953
1.345375,0.785458421838445
1.3455,0.78546163183644
1.345625,0.785464838337223
1.34575,0.785468041285123
1.345875,0.785471240625121
1.346,0.785474436302885
1.346125,0.78547762826444
1.34625,0.785480816454708
1.346375,0.785484000817826
1.3465,0.785487181297422
1.346625,0.785490357836652
1.34675,0.785493530378233
1.346875,0.785496698864473
1.347,0.785499863237312
1.347125,0.785503023438358
1.34725,0.785506179408934
1.347375,0.785509331090113
1.3475,0.785512478422752
1.347625,0.785515621347521
1.34775,0.785518759804944
1.347875,0.78552189373543
1.348,0.785525023079311
1.348125,0.785528147776879
1.34825,0.785531267768441
1.348375,0.785534382994355
1.3485,0.785537493395055
1.348625,0.785540598911088
1.34875,0.78554369948315
1.348875,0.785546795052118
1.349,0.785549885559086
1.349125,0.785552970945402
1.34925,0.785556051152732
1.349375,0.785559126123084
1.3495,0.785562195798839
1.349625,0.785565260122786
1.34975,0.785568319038149
1.349875,0.785571372488626
1.35,0.785574420418415
1.350125,0.785577462772258
1.35025,0.7855804994955
1.350375,0.785583530534114
1.3505,0.785586555834728
1.350625,0.785589575344655
1.35075,0.785592589011922
1.350875,0.785595596785296
1.351,0.78559859861432
1.351125,0.785601594448987
1.35125,0.785604584238314
1.351375,0.785607567930646
1.3515,0.785610545473934
1.351625,0.785613516815759
1.35175,0.785616481903371
1.351875,0.785619440683718
1.352,0.785622393103479
1.352125,0.785625339109102
1.35225,0.785628278646873
1.352375,0.785631211662937
1.3525,0.785634138103328
1.352625,0.785637057914005
1.35275,0.785639971040875
1.352875,0.785642877429837
1.353,0.785645777026804
1.353125,0.785648669777753
1.35325,0.785651555628787
1.353375,0.785654434526163
1.3535,0.785657306416318
1.353625,0.785660171245898
1.35375,0.785663028961795
1.353875,0.785665879511173
1.354,0.785668722841502
1.354125,0.785671558900597
1.35425,0.785674387636692
1.354375,0.785677208998461
1.3545,0.785680022935042
1.354625,0.785682829396065
1.35475,0.785685628331684
1.354875,0.785688419692603
1.355,0.785691203430108
1.355125,0.785693979496104
1.35525,0.785696747843188
1.355375,0.785699508424671
1.3555,0.785702261194594
1.355625,0.785705006107757
1.35575,0.785707743119743
1.355875,0.785710472186945
1.356,0.785713193266589
1.356125,0.785715906316432
1.35625,0.785718611293399
1.356375,0.785721308153875
1.3565,0.78572399685396
1.356625,0.785726677349497
1.35675,0.785729349596099
1.356875,0.785732013549178
1.357,0.785734669163974
1.357125,0.78573731639559
1.35725,0.785739955199074
1.357375,0.785742585529429
1.3575,0.785745207341643
1.357625,0.78574782059071
1.35775,0.785750425231661
1.357875,0.78575302121959
1.358,0.785755608509685
1.358125,0.785758187057265
1.35825,0.785760756817857
1.358375,0.78576331774722
1.3585,0.785765869801355
1.358625,0.785768412936538
1.35875,0.785770947109345
1.358875,0.78577347227668
1.359,0.785775988395797
1.359125,0.785778495424342
1.35925,0.785780993320436
1.359375,0.785783482042685
1.3595,0.7857859615502
1.359625,0.785788431802618
1.35975,0.78579089276013
1.359875,0.785793344383504
1.36,0.785795786634105
1.360125,0.785798219473937
1.36025,0.785800642865724
1.360375,0.785803056772918
1.3605,0.785805461159717
1.360625,0.785807855991078
1.36075,0.785810241232746
1.360875,0.785812616851271
1.361,0.785814982814026
1.361125,0.785817339088929
1.36125,0.785819685643185
1.361375,0.785822022443555
1.3615,0.785824349456587
1.361625,0.785826666648634
1.36175,0.78582897398588
1.361875,0.785831271434361
1.362,0.785833558959992
1.362125,0.785835836528595
1.36225,0.785838104105988
1.362375,0.785840361657996
1.3625,0.785842609150457
1.362625,0.785844846549254
1.36275,0.785847073820329
1.362875,0.78584929092971
1.363,0.785851497843532
1.363125,0.785853694528074
1.36325,0.785855880949842
1.363375,0.785858057075582
1.3635,0.785860222872286
1.363625,0.78586237830722
1.36375,0.785864523347938
1.363875,0.785866657962308
1.364,0.785868782118532
1.364125,0.785870895785179
1.36425,0.785872998931276
1.364375,0.785875091526309
1.3645,0.785877173540237
1.364625,0.785879244943511
1.36475,0.785881305707088
1.364875,0.785883355802454
1.365,0.785885395201641
1.365125,0.785887423877263
1.36525,0.785889441802597
1.365375,0.785891448951595
1.3655,0.785893445298883
1.365625,0.78589543081978
1.36575,0.785897405490312
1.365875,0.78589936928723
1.366,0.785901322188022
1.366125,0.785903264170664
1.36625,0.785905195212506
1.366375,0.785907115290508
1.3665,0.785909024381441
1.366625,0.785910922461899
1.36675,0.785912809508322
1.366875,0.785914685497009
1.367,0.785916550404139
1.367125,0.785918404205801
1.36725,0.785920246878083
1.367375,0.785922078397073
1.3675,0.785923898738866
1.367625,0.785925707879583
1.36775,0.785927505795386
1.367875,0.785929292462494
1.368,0.785931067857204
1.368125,0.785932831955921
1.36825,0.785934584735248
1.368375,0.785936326171986
1.3685,0.785938056243142
1.368625,0.785939774925942
1.36875,0.785941482197852
1.368875,0.785943178036586
1.369,0.785944862420132
1.369125,0.785946535326774
1.36925,0.78594819673519
1.369375,0.785949846624447
1.3695,0.785951484974007
1.369625,0.785953111763739
1.36975,0.785954726973936
1.369875,0.785956330585325
1.37,0.785957922579085
1.370125,0.785959502936875
1.37025,0.785961071640925
1.370375,0.785962628674034
1.3705,0.785964174019569
1.370625,0.785965707661477
1.37075,0.785967229584297
1.370875,0.785968739773171
1.371,0.785970238213856
1.371125,0.785971724892508
1.37125,0.785973199794746
1.371375,0.785974662905847
1.3715,0.785976114210913
1.371625,0.785977553694885
1.37175,0.78597898134255
1.371875,0.785980397138563
1.372,0.785981801067453
1.372125,0.785983193113654
1.37225,0.785984573261598
1.372375,0.785985941495708
1.3725,0.785987297800402
1.372625,0.785988642160102
1.37275,0.785989974559253
1.372875,0.785991294982328
1.373,0.785992603413849
1.373125,0.785993899838411
1.37325,0.785995184240773
1.373375,0.785996456605858
1.3735,0.785997716918752
1.373625,0.785998965164712
1.37375,0.786000201329184
1.373875,0.78600142539781
1.374,0.786002637356443
1.374125,0.786003837191174
1.37425,0.786005024888426
1.374375,0.786006200434947
1.3745,0.786007363817806
1.374625,0.786008515024411
1.37475,0.786009654042512
1.374875,0.786010780860215
1.375,0.786011895465988
1.375125,0.786012997848697
1.37525,0.786014087997689
1.375375,0.78601516590279
1.3755,0.786016231554298
1.375625,0.786017284942994
1.37575,0.786018326060149
1.375875,0.78601935489753
1.376,0.786020371447409
1.376125,0.786021375702397
1.37625,0.786022367654698
1.376375,0.786023347296263
1.3765,0.786024314618923
1.376625,0.786025269614396
1.37675,0.786026212274298
1.376875,0.786027142590148
1.377,0.786028060553383
1.377125,0.786028966155383
1.37725,0.786029859387557
1.377375,0.786030740241343
1.3775,0.786031608708198
1.377625,0.786032464779611
1.37775,0.786033308447112
1.377875,0.786034139702276
1.378,0.786034958536738
1.378125,0.786035764942217
1.37825,0.786036558910608
1.378375,0.786037340433973
1.3785,0.786038109504538
1.378625,0.786038866114699
1.37875,0.786039610257031
1.378875,0.786040341924299
1.379,0.78604106110946
1.379125,0.786041767805694
1.37925,0.786042462006497
1.379375,0.786043143705664
1.3795,0.78604381289729
1.379625,0.786044469575775
1.37975,0.786045113735828
1.379875,0.786045745372478
1.38,0.786046364481076
1.380125,0.786046971057324
1.38025,0.786047565097364
1.380375,0.786048146597764
1.3805,0.786048715555518
1.380625,0.786049271968041
1.38075,0.78604981583318
1.380875,0.786050347149217
1.381,0.786050865914873
1.381125,0.786051372129186
1.38125,0.786051865790981
1.381375,0.78605234689898
1.3815,0.786052815451893
1.381625,0.786053271448419
1.38175,0.786053714887258
1.381875,0.786054145767111
1.382,0.786054564086686
1.382125,0.786054969844723
1.38225,0.786055363040084
1.382375,0.786055743671739
1.3825,0.786056111738755
1.382625,0.786056467240307
1.38275,0.786056810175677
1.382875,0.786057140544263
1.383,0.786057458345577
1.383125,0.786057763579278
1.38325,0.786058056245251
1.383375,0.7860583363436
1.3835,0.786058603874638
1.383625,0.786058858838888
1.38375,0.786059101237088
1.383875,0.786059331070198
1.384,0.786059548339394
1.384125,0.786059753046103
1.38425,0.786059945192079
1.384375,0.7860601247794
1.3845,0.786060291810448
1.384625,0.786060446287916
1.38475,0.786060588214809
1.384875,0.786060717594445
1.385,0.786060834430459
1.385125,0.786060938726823
1.38525,0.786061030487931
1.385375,0.786061109718587
1.3855,0.786061176423992
1.385625,0.786061230609739
1.38575,0.786061272281821
1.385875,0.786061301446623
1.386,0.78606131811093
1.386125,0.786061322281847
1.38625,0.786061313966492
1.386375,0.786061293172057
1.3865,0.786061259905856
1.386625,0.786061214175327
1.38675,0.786061155988028
1.386875,0.786061085351641
1.387,0.786061002273972
1.387125,0.786060906762965
1.38725,0.786060798826794
1.387375,0.786060678473836
1.3875,0.786060545712668
1.387625,0.786060400552055
1.38775,0.786060243000956
1.387875,0.786060073068523
1.388,0.786059890764095
1.388125,0.786059696097218
1.38825,0.786059489077733
1.388375,0.786059269715751
1.3885,0.786059038021641
1.388625,0.786058794006027
1.38875,0.786058537679787
1.388875,0.786058269054048
1.389,0.786057988140186
1.389125,0.786057694949842
1.38925,0.786057389495003
1.389375,0.786057071787985
1.3895,0.786056741841413
1.389625,0.786056399668219
1.38975,0.78605604528164
1.389875,0.78605567869521
1.39,0.786055299922759
1.390125,0.786054908978427
1.39025,0.786054505876748
1.390375,0.786054090632624
1.3905,0.786053663261307
1.390625,0.786053223778399
1.39075,0.786052772199839
1.390875,0.786052308541906
1.391,0.786051832821204
1.391125,0.786051345054645
1.39125,0.786050845259357
1.391375,0.786050333452695
1.3915,0.786049809652249
1.391625,0.786049273875836
1.39175,0.786048726141494
1.391875,0.786048166467478
1.392,0.78604759487225
1.392125,0.786047011374495
1.39225,0.786046415993195
1.392375,0.786045808747606
1.3925,0.786045189657239
1.392625,0.786044558741852
1.39275,0.786043916021441
1.392875,0.786043261516234
1.393,0.786042595246684
1.393125,0.786041917233477
1.39325,0.786041227497611
1.393375,0.786040526060369
1.3935,0.786039812943297
1.393625,0.786039088168197
1.39375,0.786038351757117
1.393875,0.786037603732344
1.394,0.786036844116393
1.394125,0.786036072932017
1.39425,0.786035290202282
1.394375,0.786034495950539
1.3945,0.786033690200403
1.394625,0.786032872975742
1.39475,0.786032044300667
1.394875,0.786031204199524
1.395,0.786030352696881
1.395125,0.786029489817538
1.39525,0.786028615586599
1.395375,0.786027730029443
1.3955,0.786026833171701
1.395625,0.786025925039246
1.39575,0.786025005658181
1.395875,0.786024075054827
1.396,0.786023133255715
1.396125,0.786022180287604
1.39625,0.786021216177616
1.396375,0.786020240953195
1.3965,0.786019254642069
1.396625,0.786018257272245
1.39675,0.786017248871988
1.396875,0.786016229469815
1.397,0.786015199094479
1.397125,0.786014157774974
1.39725,0.786013105540606
1.397375,0.786012042420957
1.3975,0.786010968445865
1.397625,0.786009883645409
1.39775,0.786008788049893
1.397875,0.786007681689836
1.398,0.786006564595955
1.398125,0.786005436799172
1.39825,0.786004298330675
1.398375,0.786003149221891
1.3985,0.786001989504456
1.398625,0.786000819210204
1.39875,0.785999638371153
1.398875,0.785998447019484
1.399,0.785997245187534
1.399125,0.785996032907796
1.39925,0.785994810212977
1.399375,0.785993577135974
1.3995,0.785992333709842
1.399625,0.785991079967779
1.39975,0.785989815943116
1.399875,0.785988541669293
1.4,0.785987257179853
1.400125,0.785985962508437
1.40025,0.785984657688846
1.400375,0.785983342755008
1.4005,0.785982017740954
1.400625,0.785980682680801
1.40075,0.785979337608735
1.400875,0.785977982558996
1.401,0.785976617565864
1.401125,0.785975242663724
1.40125,0.785973857887413
1.401375,0.785972463272128
1.4015,0.785971058853356
1.401625,0.785969644666855
1.40175,0.785968220748637
1.401875,0.785966787134951
1.402,0.785965343862266
1.402125,0.785963890967268
1.40225,0.785962428486917
1.402375,0.785960956458414
1.4025,0.78595947491917
1.402625,0.78595798390679
1.40275,0.785956483459055
1.402875,0.785954973613902
1.403,0.785953454409407
1.403125,0.785951925883783
1.40325,0.785950388075431
1.403375,0.785948841022906
1.4035,0.785947284764891
1.403625,0.785945719340174
1.40375,0.785944144787634
1.403875,0.785942561146217
1.404,0.785940968454923
1.404125,0.785939366752799
1.40425,0.785937756078987
1.404375,0.785936136472697
1.4045,0.785934507973168
1.404625,0.785932870619661
1.40475,0.78593122445143
1.404875,0.785929569507709
1.405,0.785927905827691
1.405125,0.785926233450527
1.40525,0.785924552415368
1.405375,0.785922862761335
1.4055,0.785921164527491
1.405625,0.785919457752821
1.40575,0.785917742476215
1.405875,0.785916018736449
1.406,0.785914286572166
1.406125,0.785912546021988
1.40625,0.785910797125057
1.406375,0.785909039920903
1.4065,0.785907274449337
1.406625,0.785905500750431
1.40675,0.785903718864498
1.406875,0.78590192883207
1.407,0.78590013069388
1.407125,0.785898324490856
1.40725,0.785896510264159
1.407375,0.785894688055157
1.4075,0.785892857905386
1.407625,0.785891019856537
1.40775,0.785889173950429
1.407875,0.785887320228992
1.408,0.785885458734247
1.408125,0.785883589508294
1.40825,0.785881712593354
1.408375,0.785879828031737
1.4085,0.785877935865808
1.408625,0.785876036137969
1.40875,0.785874128890637
1.408875,0.785872214166222
1.409,0.785870292007108
1.409125,0.785868362455644
1.40925,0.78586642555418
1.409375,0.785864481345032
1.4095,0.785862529870457
1.409625,0.78586057117263
1.40975,0.785858605293621
1.409875,0.785856632275379
1.41,0.785854652159708
1.410125,0.785852664988258
1.41025,0.785850670802564
1.410375,0.785848669644006
1.4105,0.785846661553789
1.410625,0.785844646572918
1.41075,0.78584262474218
1.410875,0.785840596102122
1.411,0.785838560693035
1.411125,0.785836518555104
1.41125,0.785834469729119
1.411375,0.785832414256315
1.4115,0.78583035217823
1.411625,0.785828283536685
1.41175,0.785826208373761
1.411875,0.785824126731777
1.412,0.78582203865327
1.412125,0.785819944180986
1.41225,0.785817843357903
1.412375,0.785815736227207
1.4125,0.785813622832255
1.412625,0.785811503216556
1.41275,0.785809377423749
1.412875,0.785807245497577
1.413,0.785805107481868
1.413125,0.785802963420525
1.41325,0.785800813357546
1.413375,0.785798657336997
1.4135,0.785796495402981
1.413625,0.785794327599614
1.41375,0.785792153971003
1.413875,0.785789974561224
1.414,0.7857877894143
1.414125,0.785785598574187
1.41425,0.7857834020848
1.414375,0.78578119998998
1.4145,0.785778992333463
1.414625,0.785776779158862
1.41475,0.785774560509642
1.414875,0.785772336429097
1.415,0.785770106960333
1.415125,0.785767872146252
1.41525,0.785765632029573
1.415375,0.785763386652802
1.4155,0.785761136058208
1.415625,0.785758880287796
1.41575,0.78575661938329
1.415875,0.785754353386113
1.416,0.785752082337362
1.416125,0.785749806278
1.41625,0.785747525249709
1.416375,0.785745239294704
1.4165,0.78574294845556
1.416625,0.785740652775198
1.41675,0.785738352296856
1.416875,0.785736047064066
1.417,0.785733737120636
1.417125,0.785731422510627
1.41725,0.785729103278381
1.417375,0.78572677946848
1.4175,0.785724451125722
1.417625,0.785722118295091
1.41775,0.785719781021742
1.417875,0.785717439350967
1.418,0.785715093328178
1.418125,0.785712742998891
1.41825,0.785710388408735
1.418375,0.785708029603425
1.4185,0.78570566662873
1.418625,0.785703299530449
1.41875,0.785700928354387
1.418875,0.785698553146332
1.419,0.785696173952028
1.419125,0.785693790817163
1.41925,0.785691403787377
1.419375,0.785689012908231
1.4195,0.785686618225179
1.419625,0.785684219783542
1.41975,0.785681817628487
1.419875,0.785679411805006
1.42,0.785677002357884
1.420125,0.785674589331693
1.42025,0.785672172770792
1.420375,0.785669752719303
1.4205,0.785667329221081
1.420625,0.78566490231969
1.42075,0.785662472058387
1.420875,0.78566003848009
1.421,0.785657601627367
1.421125,0.785655161542641
1.42125,0.785652718269167
1.421375,0.785650271850818
1.4215,0.785647822331896
1.421625,0.785645369757108
1.42175,0.785642914171542
1.421875,0.785640455620643
1.422,0.785637994150186
1.422125,0.785635529806258
1.42225,0.785633062635262
1.422375,0.785630592683887
1.4225,0.785628119999078
1.422625,0.785625644628005
1.42275,0.785623166618046
1.422875,0.785620686016752
1.423,0.785618202871827
1.423125,0.785615717231108
1.42325,0.78561322914256
1.423375,0.785610738654251
1.4235,0.785608245814317
1.423625,0.785605750670938
1.42375,0.785603253272311
1.423875,0.785600753666628
1.424,0.785598251902042
1.424125,0.785595748026654
1.42425,0.785593242088506
1.424375,0.785590734135549
1.4245,0.785588224215618
1.424625,0.785585712376405
1.42475,0.78558319866543
1.424875,0.785580683130022
1.425,0.785578165817286
1.425125,0.785575646774091
1.42525,0.785573126047057
1.425375,0.785570603682529
1.4255,0.785568079726548
1.425625,0.785565554224833
1.42575,0.785563027222746
1.425875,0.785560498765279
1.426,0.785557968897023
1.426125,0.785555437662404
1.42625,0.78555290510674
1.426375,0.785550371276006
1.4265,0.785547836216632
1.426625,0.785545299975479
1.42675,0.785542762599809
1.426875,0.785540224137261
1.427,0.785537684635822
1.427125,0.785535144143805
1.42725,0.785532602709838
1.427375,0.785530060382834
1.4275,0.785527517211962
1.427625,0.785524973246616
1.42775,0.78552242853639
1.427875,0.785519883131049
1.428,0.785517337080503
1.428125,0.785514790434778
1.42825,0.785512243244009
1.428375,0.7855096955584
1.4285,0.785507147428203
1.428625,0.785504598903685
1.42875,0.7855020500351
1.428875,0.785499500872664
1.429,0.785496951466525
1.429125,0.785494401866741
1.42925,0.785491852123255
1.429375,0.785489302285875
1.4295,0.785486752404238
1.429625,0.785484202527785
1.42975,0.785481652705737
1.429875,0.785479102987063
1.43,0.785476553420458
1.430125,0.785474004054313
1.43025,0.785471454936701
1.430375,0.785468906115343
1.4305,0.785466357637586
1.430625,0.785463809550376
1.43075,0.785461261900231
1.430875,0.78545871473322
1.431,0.785456168094935
1.431125,0.785453622030735
1.43125,0.785451076586858
1.431375,0.785448531810173
1.4315,0.785445987747966
1.431625,0.785443444447922
1.43175,0.785440901958084
1.431875,0.785438360326838
1.432,0.785435819602875
1.432125,0.78543327983517
1.43225,0.785430741072955
1.432375,0.785428203365693
1.4325,0.785425666763043
1.432625,0.78542313131484
1.43275,0.785420597071059
1.432875,0.78541806408179
1.433,0.785415532397207
1.433125,0.785413002067546
1.43325,0.785410473143067
1.433375,0.785407945674033
1.4335,0.785405419710681
1.433625,0.785402895303188
1.43375,0.78540037250165
1.433875,0.785397851356048
1.434,0.785395331916223
1.434125,0.785392814231849
1.43425,0.785390298352395
1.434375,0.785387784327104
1.4345,0.785385272204964
1.434625,0.785382762034682
1.43475,0.785380253864655
1.434875,0.785377747742945
1.435,0.785375243717249
1.435125,0.785372741834877
1.43525,0.785370242142713
1.435375,0.78536774468719
1.4355,0.785365249514271
1.435625,0.78536275666942
1.43575,0.785360266197575
1.435875,0.785357778143131
1.436,0.785355292549908
1.436125,0.785352809461404
1.43625,0.78535032892192
1.436375,0.785347850976317
1.4365,0.785345375669795
1.436625,0.785342903047873
1.43675,0.785340433156356
1.436875,0.785337966041314
1.437,0.785335501749049
1.437125,0.785333040326069
1.43725,0.785330581819051
1.437375,0.785328126274815
1.4375,0.785325673740298
1.437625,0.785323224262528
1.43775,0.785320777888593
1.437875,0.785318334665619
1.438,0.785315894640738
1.438125,0.785313457861059
1.43825,0.785311024373628
1.438375,0.785308594225405
1.4385,0.785306167463236
1.438625,0.785303744133828
1.43875,0.785301324283722
1.438875,0.785298907959265
1.439,0.785296495206587
1.439125,0.785294086071567
1.43925,0.78529168059979
1.439375,0.785289278836526
1.4395,0.785286880826709
1.439625,0.785284486614906
1.43975,0.785282096245296
1.439875,0.785279709761645
1.44,0.78527732720728
1.440125,0.785274948625059
1.44025,0.785272574057329
1.440375,0.785270203545903
1.4405,0.78526783713204
1.440625,0.785265474856426
1.44075,0.785263116759148
1.440875,0.78526076287967
1.441,0.785258413256818
1.441125,0.78525606792902
1.44125,0.785253726935422
1.441375,0.785251390315646
1.4415,0.785249058109584
1.441625,0.785246730357366
1.44175,0.785244407099346
1.441875,0.785242088376069
1.442,0.785239774228248
1.442125,0.78523746469674
1.44225,0.78523515982249
1.442375,0.785232859646521
1.4425,0.785230564209902
1.442625,0.785228273553735
1.44275,0.785225987719119
1.442875,0.785223706747136
1.443,0.785221430678817
1.443125,0.785219159555121
1.44325,0.785216893416875
1.443375,0.785214632304765
1.4435,0.785212376259309
1.443625,0.785210125320835
1.44375,0.785207879529459
1.443875,0.785205638925061
1.444,0.785203403547259
1.444125,0.785201173435382
1.44425,0.785198948628417
1.444375,0.785196729164989
1.4445,0.785194515083349
1.444625,0.785192306421348
1.44475,0.785190103216415
1.444875,0.785187905505537
1.445,0.785185713325235
1.445125,0.78518352671154
1.44525,0.785181345699935
1.445375,0.785179170325341
1.4455,0.785177000622104
1.445625,0.785174836623978
1.44575,0.785172678364099
1.445875,0.785170525874972
1.446,0.78516837918845
1.446125,0.785166238335972
1.44625,0.785164103349632
1.446375,0.785161974261949
1.4465,0.785159851105667
1.446625,0.78515773391374
1.44675,0.785155622719306
1.446875,0.785153517555668
1.447,0.785151418456274
1.447125,0.785149325454686
1.44725,0.785147238584528
1.447375,0.785145157879471
1.4475,0.785143083373214
1.447625,0.785141015099471
1.44775,0.78513895309194
1.447875,0.785136897384291
1.448,0.785134848010138
1.448125,0.785132805003017
1.44825,0.785130768396323
1.448375,0.785128738223299
1.4485,0.785126714517021
1.448625,0.785124697310381
1.44875,0.785122686636061
1.448875,0.785120682526519
1.449,0.785118685013963
1.449125,0.78511669413033
1.44925,0.785114709907221
1.449375,0.78511273237589
1.4495,0.785110761567236
1.449625,0.78510879751178
1.44975,0.785106840239648
1.449875,0.785104889780553
1.45,0.785102946163779
1.450125,0.785101009418149
1.45025,0.78509907957197
1.450375,0.785097156653021
1.4505,0.785095240688545
1.450625,0.785093331705231
1.45075,0.7850914297292
1.450875,0.785089534785991
1.451,0.785087646900541
1.451125,0.785085766097411
1.45125,0.785083892401774
1.451375,0.785082025839206
1.4515,0.785080166435503
1.451625,0.785078314216669
1.45175,0.785076469208889
1.451875,0.785074631438524
1.452,0.785072800932081
1.452125,0.785070977716196
1.45225,0.785069161817567
1.452375,0.785067353262949
1.4525,0.78506555207914
1.452625,0.785063758292967
1.45275,0.785061971931264
1.452875,0.78506019302086
1.453,0.785058421588556
1.453125,0.785056657661101
1.45325,0.785054901265128
1.453375,0.785053152427147
1.4535,0.785051411173535
1.453625,0.785049677530517
1.45375,0.78504795152415
1.453875,0.78504623318031
1.454,0.785044522524668
1.454125,0.785042819582672
1.45425,0.785041124379473
1.454375,0.785039436939927
1.4545,0.785037757288583
1.454625,0.785036085449665
1.45475,0.785034421447063
1.454875,0.785032765304312
1.455,0.78503111704458
1.455125,0.78502947669064
1.45525,0.785027844264808
1.455375,0.785026219788936
1.4555,0.785024603284408
1.455625,0.785022994772125
1.45575,0.785021394272493
1.455875,0.78501980180541
1.456,0.785018217390254
1.456125,0.785016641046079
1.45625,0.785015072792505
1.456375,0.785013512649524
1.4565,0.785011960637345
1.456625,0.785010416776377
1.45675,0.785008881087216
1.456875,0.78500735359063
1.457,0.785005834307541
1.457125,0.785004323259005
1.45725,0.785002820466142
1.457375,0.785001325950132
1.4575,0.784999839732213
1.457625,0.784998361833658
1.45775,0.784996892275768
1.457875,0.78499543107985
1.458,0.784993978267211
1.458125,0.784992533859121
1.45825,0.784991097876757
1.458375,0.784989670341189
1.4585,0.784988251273383
1.458625,0.784986840694179
1.45875,0.784985438624281
1.458875,0.784984045084243
1.459,0.784982660094453
1.459125,0.784981283675107
1.45925,0.784979915846143
1.459375,0.784978556627236
1.4595,0.784977206037797
1.459625,0.784975864096954
1.45975,0.784974530823544
1.459875,0.784973206236098
1.46,0.78497189035283
1.460125,0.78497058319161
1.46025,0.784969284769897
1.460375,0.784967995104736
1.4605,0.784966714212759
1.460625,0.78496544211017
1.46075,0.784964178812739
1.460875,0.784962924335785
1.461,0.784961678694169
1.461125,0.784960441902465
1.46125,0.784959213975715
1.461375,0.784957994929267
1.4615,0.78495678477864
1.461625,0.784955583539515
1.46175,0.784954391227717
1.461875,0.784953207859209
1.462,0.784952033450074
1.462125,0.784950868016494
1.46225,0.784949711574681
1.462375,0.784948564140874
1.4625,0.784947425731337
1.462625,0.784946296362349
1.46275,0.784945176050187
1.462875,0.784944064811118
1.463,0.784942962661384
1.463125,0.784941869617178
1.46325,0.784940785694576
1.463375,0.784939710909533
1.4635,0.784938645277883
1.463625,0.784937588815328
1.46375,0.784936541537422
1.463875,0.784935503459566
1.464,0.784934474596991
1.464125,0.784933454964736
1.46425,0.784932444577578
1.464375,0.784931443450029
1.4645,0.78493045159634
1.464625,0.784929469030489
1.46475,0.784928495766166
1.464875,0.78492753181677
1.465,0.784926577195394
1.465125,0.784925631914806
1.46525,0.78492469598737
1.465375,0.784923769425057
1.4655,0.784922852239444
1.465625,0.784921944441701
1.46575,0.784921046042587
1.465875,0.784920157052441
1.466,0.784919277481173
1.466125,0.784918407338401
1.46625,0.784917546634063
1.466375,0.784916695378284
1.4665,0.784915853581273
1.466625,0.784915021253307
1.46675,0.784914198404728
1.466875,0.784913385045932
1.467,0.784912581187356
1.467125,0.78491178683946
1.46725,0.784911002012655
1.467375,0.784910226717306
1.4675,0.784909460963733
1.467625,0.784908704762201
1.46775,0.784907958122913
1.467875,0.784907221055999
1.468,0.784906493571509
1.468125,0.78490577567939
1.46825,0.784905067389414
1.468375,0.784904368711183
1.4685,0.784903679654128
1.468625,0.784903000227507
1.46875,0.78490233044039
1.468875,0.784901670301655
1.469,0.784901019819978
1.469125,0.784900379003814
1.46925,0.784899747861323
1.469375,0.784899126400375
1.4695,0.784898514628556
1.469625,0.784897912553158
1.46975,0.784897320181174
1.469875,0.784896737519292
1.47,0.784896164573888
1.470125,0.784895601351002
1.47025,0.784895047856273
1.470375,0.784894504094941
1.4705,0.784893970071855
1.470625,0.784893445791466
1.47075,0.784892931257825
1.470875,0.784892426474575
1.471,0.784891931444947
1.471125,0.784891446171866
1.47125,0.784890970658397
1.471375,0.784890504907655
1.4715,0.784890048922723
1.471625,0.784889602706653
1.47175,0.784889166262453
1.471875,0.784888739593089
1.472,0.784888322701477
1.472125,0.784887915590463
1.47225,0.784887518262754
1.472375,0.784887130720929
1.4725,0.78488675296744
1.472625,0.784886385004611
1.47275,0.784886026834632
1.472875,0.784885678459555
1.473,0.784885339881291
1.473125,0.78488501110159
1.47325,0.78488469212197
1.473375,0.784884382943729
1.4735,0.784884083567952
1.473625,0.784883793995503
1.47375,0.784883514227028
1.473875,0.784883244262946
1.474,0.784882984103451
1.474125,0.784882733748489
1.47425,0.784882493197692
1.474375,0.78488226245039
1.4745,0.784882041505615
1.474625,0.784881830362102
1.47475,0.784881629018286
1.474875,0.784881437472301
1.475,0.784881255721976
1.475125,0.784881083764823
1.47525,0.784880921597962
1.475375,0.784880769218141
1.4755,0.784880626621738
1.475625,0.784880493804767
1.47575,0.784880370762876
1.475875,0.784880257491344
1.476,0.784880153985085
1.476125,0.784880060238713
1.47625,0.784879976246824
1.476375,0.784879902003941
1.4765,0.78487983750447
1.476625,0.7848797827427
1.47675,0.7848797377128
1.476875,0.784879702408823
1.477,0.784879676824705
1.477125,0.784879660954249
1.47725,0.784879654791059
1.477375,0.784879658328558
1.4775,0.784879671559994
1.477625,0.784879694478443
1.47775,0.784879727076811
1.477875,0.784879769347833
1.478,0.784879821284075
1.478125,0.784879882877921
1.47825,0.784879954121506
1.478375,0.784880035006732
1.4785,0.784880125525281
1.478625,0.784880225668615
1.47875,0.78488033542798
1.478875,0.784880454794406
1.479,0.78488058375871
1.479125,0.784880722311484
1.47925,0.78488087044303
1.479375,0.784881028143377
1.4795,0.784881195402292
1.479625,0.784881372209287
1.47975,0.784881558553618
1.479875,0.78488175442429
1.48,0.784881959810063
1.480125,0.784882174699435
1.48025,0.784882399080584
1.480375,0.784882632941384
1.4805,0.784882876269418
1.480625,0.784883129051984
1.48075,0.784883391276099
1.480875,0.784883662928504
1.481,0.784883943995669
1.481125,0.784884234463821
1.48125,0.784884534319057
1.481375,0.784884843547327
1.4815,0.784885162134421
1.481625,0.784885490065978
1.48175,0.784885827327485
1.481875,0.784886173904287
1.482,0.784886529781593
1.482125,0.78488689494446
1.48225,0.784887269377742
1.482375,0.784887653066102
1.4825,0.784888045994032
1.482625,0.784888448145857
1.48275,0.784888859505742
1.482875,0.784889280057696
1.483,0.78488970978558
1.483125,0.784890148673099
1.48325,0.784890596703741
1.483375,0.7848910538608
1.4835,0.78489152012739
1.483625,0.784891995486452
1.48375,0.784892479920763
1.483875,0.78489297341294
1.484,0.784893475945449
1.484125,0.784893987500595
1.48425,0.784894508060468
1.484375,0.784895037606964
1.4845,0.784895576121796
1.484625,0.78489612358651
1.48475,0.784896679982487
1.484875,0.784897245290953
1.485,0.784897819492983
1.485125,0.784898402569502
1.48525,0.784898994501222
1.485375,0.784899595268667
1.4855,0.78490020485219
1.485625,0.784900823231983
1.48575,0.784901450388082
1.485875,0.784902086300379
1.486,0.784902730948626
1.486125,0.784903384312433
1.48625,0.784904046371203
1.486375,0.784904717104155
1.4865,0.784905396490346
1.486625,0.784906084508678
1.48675,0.784906781137909
1.486875,0.784907486356659
1.487,0.784908200143424
1.487125,0.784908922476567
1.48725,0.784909653334267
1.487375,0.784910392694545
1.4875,0.784911140535277
1.487625,0.784911896834209
1.48775,0.784912661568964
1.487875,0.784913434717052
1.488,0.784914216255881
1.488125,0.78491500616275
1.48825,0.784915804414805
1.488375,0.784916610989056
1.4885,0.784917425862398
1.488625,0.784918249011623
1.48875,0.784919080413427
1.488875,0.784919920044424
1.489,0.784920767881153
1.489125,0.784921623900077
1.48925,0.784922488077536
1.489375,0.784923360389765
1.4895,0.784924240812919
1.489625,0.784925129323078
1.48975,0.784926025896265
1.489875,0.784926930508448
1.49,0.78492784313556
1.490125,0.784928763753487
1.49025,0.78492969233803
1.490375,0.784930628864921
1.4905,0.784931573309848
1.490625,0.784932525648462
1.49075,0.784933485856388
1.490875,0.78493445390924
1.491,0.784935429782628
1.491125,0.784936413452112
1.49125,0.78493740489298
1.491375,0.784938404080303
1.4915,0.784939410988985
1.491625,0.784940425593775
1.49175,0.784941447869277
1.491875,0.784942477789967
1.492,0.784943515330197
1.492125,0.784944560464201
1.49225,0.784945613166049
1.492375,0.784946673409669
1.4925,0.784947741168872
1.492625,0.784948816417358
1.49275,0.784949899128734
1.492875,0.784950989276524
1.493,0.78495208683418
1.493125,0.784953191775085
1.49325,0.784954304072508
1.493375,0.784955423699633
1.4935,0.784956550629572
1.493625,0.784957684835385
1.49375,0.784958826290089
1.493875,0.784959974966669
1.494,0.784961130838096
1.494125,0.784962293877322
1.49425,0.784963464057244
1.494375,0.784964641350724
1.4945,0.784965825730614
1.494625,0.784967017169765
1.49475,0.784968215641042
1.494875,0.784969421117336
1.495,0.784970633571573
1.495125,0.784971852976723
1.49525,0.784973079305754
1.495375,0.78497431253166
1.4955,0.784975552627476
1.495625,0.784976799566299
1.49575,0.784978053321292
1.495875,0.784979313865701
1.496,0.784980581172866
1.496125,0.784981855216139
1.49625,0.784983135968509
1.496375,0.784984423402686
1.4965,0.784985717491181
1.496625,0.784987018206315
1.49675,0.78498832552024
1.496875,0.784989639404945
1.497,0.784990959832276
1.497125,0.784992286773933
1.49725,0.784993620201438
1.497375,0.78499496008616
1.4975,0.784996306399332
1.497625,0.784997659112072
1.49775,0.784999018195389
1.497875,0.785000383620204
1.498,0.78500175535736
1.498125,0.785003133377629
1.49825,0.785004517651675
1.498375,0.785005908150081
1.4985,0.785007304843369
1.498625,0.785008707702015
1.49875,0.785010116696465
1.498875,0.785011531797146
1.499,0.785012952974483
1.499125,0.785014380198901
1.49925,0.785015813440796
1.499375,0.785017252670559
1.4995,0.785018697858595
1.499625,0.785020148975339
1.49975,0.78502160599127
1.499875,0.785023068876924
1.5,0.785024537602911
1.500125,0.785026012139916
1.50025,0.785027492458673
1.500375,0.785028978529985
1.5005,0.785030470324748
1.500625,0.785031967813962
1.50075,0.785033470968746
1.500875,0.785034979760351
1.501,0.785036494160176
1.501125,0.785038014139654
1.50125,0.785039539669735
1.501375,0.785041070721006
1.5015,0.785042607263786
1.501625,0.78504414926815
1.50175,0.785045696703935
1.501875,0.785047249540763
1.502,0.785048807748052
1.502125,0.785050371295025
1.50225,0.785051940150681
1.502375,0.785053514283821
1.5025,0.785055093663071
1.502625,0.785056678256897
1.50275,0.78505826803362
1.502875,0.785059862961435
1.503,0.785061463008426
1.503125,0.78506306814257
1.50325,0.785064678331721
1.503375,0.785066293543625
1.5035,0.78506791374595
1.503625,0.785069538906299
1.50375,0.785071168992226
1.503875,0.785072803971257
1.504,0.785074443810899
1.504125,0.785076088478653
1.50425,0.785077737941994
1.504375,0.785079392168389
1.5045,0.785081051125325
1.504625,0.785082714780324
1.50475,0.785084383100956
1.504875,0.78508605605486
1.505,0.785087733609758
1.505125,0.785089415733461
1.50525,0.785091102393855
1.505375,0.785092793558919
1.5055,0.785094489196749
1.505625,0.785096189275574
1.50575,0.785097893763771
1.505875,0.785099602629881
1.506,0.785101315842625
1.506125,0.785103033370764
1.50625,0.785104755182467
1.506375,0.785106481245451
1.5065,0.785108211527108
1.506625,0.785109945994515
1.50675,0.785111684614459
1.506875,0.78511342735345
1.507,0.785115174177743
1.507125,0.785116925053342
1.50725,0.785118679945991
1.507375,0.785120438821193
1.5075,0.785122201644239
1.507625,0.785123968380221
1.50775,0.785125738994056
1.507875,0.785127513450498
1.508,0.785129291714166
1.508125,0.785131073749545
1.50825,0.78513285952098
1.508375,0.785134648992698
1.5085,0.785136442128835
1.508625,0.785138238893451
1.50875,0.785140039250551
1.508875,0.785141843164102
1.509,0.785143650598057
1.509125,0.785145461516359
1.50925,0.785147275882939
1.509375,0.785149093661735
1.5095,0.785150914816718
1.509625,0.785152739311909
1.50975,0.785154567111399
1.509875,0.785156398179367
1.51,0.785158232480101
1.510125,0.785160069978005
1.51025,0.785161910637597
1.510375,0.785163754423528
1.5105,0.785165601300606
1.510625,0.785167451233815
1.51075,0.785169304188332
1.510875,0.785171160129546
1.511,0.785173019023071
1.511125,0.785174880834596
1.51125,0.785176745529145
1.511375,0.785178613071248
1.5115,0.785180483425076
1.511625,0.785182356554467
1.51175,0.785184232422941
1.511875,0.785186110993722
1.512,0.785187992229758
1.512125,0.785189876093736
1.51225,0.785191762548076
1.512375,0.785193651554958
1.5125,0.785195543076344
1.512625,0.785197437074004
1.51275,0.78519933350953
1.512875,0.785201232344364
1.513,0.785203133539813
1.513125,0.785205037057067
1.51325,0.785206942857201
1.513375,0.785208850901193
1.5135,0.785210761149956
1.513625,0.785212673564355
1.51375,0.785214588105229
1.513875,0.785216504733412
1.514,0.785218423409755
1.514125,0.785220344095141
1.51425,0.785222266750489
1.514375,0.785224191336774
1.5145,0.785226117815056
1.514625,0.785228046146497
1.51475,0.785229976292385
1.514875,0.785231908214152
1.515,0.785233841873395
1.515125,0.785235777231892
1.51525,0.785237714251609
1.515375,0.785239652894718
1.5155,0.785241593123625
1.515625,0.785243534900984
1.51575,0.785245478189723
1.515875,0.785247422953057
1.516,0.785249369154514
1.516125,0.785251316757752
1.51625,0.785253265725764
1.516375,0.785255216021055
1.5165,0.785257167605795
1.516625,0.78525912044184
1.51675,0.785261074490758
1.516875,0.785263029713845
1.517,0.785264986072151
1.517125,0.785266943526495
1.51725,0.785268902037474
1.517375,0.785270861565488
1.5175,0.785272822070763
1.517625,0.785274783513374
1.51775,0.785276745853268
1.517875,0.785278709050285
1.518,0.78528067306418
1.518125,0.785282637854644
1.51825,0.785284603381314
1.518375,0.785286569603796
1.5185,0.785288536481691
1.518625,0.785290503974614
1.51875,0.78529247204222
1.518875,0.785294440644227
1.519,0.785296409740432
1.519125,0.785298379290736
1.51925,0.785300349255155
1.519375,0.785302319593846
1.5195,0.785304290267124
1.519625,0.785306261235492
1.51975,0.785308232459654
1.519875,0.785310203900542
1.52,0.785312175519335
1.520125,0.785314147277479
1.52025,0.785316119136702
1.520375,0.785318091059034
1.5205,0.78532006300683
1.520625,0.785322034942791
1.52075,0.785324006829981
1.520875,0.78532597863185
1.521,0.78532795031225
1.521125,0.785329921835251
1.52125,0.78533189316429
1.521375,0.785333864262364
1.5215,0.785335835092184
1.521625,0.785337805616204
1.52175,0.78533977579664
1.521875,0.785341745595491
1.522,0.785343714974561
1.522125,0.785345683895481
1.52225,0.785347652319724
1.522375,0.785349620208632
1.5225,0.785351587523432
1.522625,0.785353554225267
1.52275,0.785355520275207
1.522875,0.785357485634283
1.523,0.7853594502635
1.523125,0.78536141412386
1.52325,0.785363377176389
1.523375,0.785365339382149
1.5235,0.785367300702268
1.523625,0.78536926109796
1.52375,0.785371220530544
1.523875,0.785373178961467
1.524,0.785375136352327
1.524125,0.785377092664892
1.52425,0.785379047861127
1.524375,0.785381001903208
1.5245,0.785382954753551
1.524625,0.785384906374826
1.52475,0.785386856729979
1.524875,0.785388805782256
1.525,0.785390753495218
1.525125,0.785392699832765
1.52525,0.785394644759161
1.525375,0.785396588239052
1.5255,0.785398530237482
1.525625,0.785400470719916
1.52575,0.785402409652256
1.525875,0.78540434700086
1.526,0.785406282732561
1.526125,0.785408216814472
1.52625,0.785410149213119
1.526375,0.785412079894629
1.5265,0.785414008824894
1.526625,0.785415935969591
1.52675,0.785417861294207
1.526875,0.785419784764053
1.527,0.785421706344288
1.527125,0.785423625999938
1.52725,0.785425543695926
1.527375,0.785427459397088
1.5275,0.785429373068194
1.527625,0.78543128467397
1.52775,0.785433194179112
1.527875,0.785435101548317
1.528,0.785437006746291
1.528125,0.785438909737784
1.52825,0.785440810487607
1.528375,0.785442708960661
1.5285,0.785444605121947
1.528625,0.785446498936593
1.52875,0.785448390369869
1.528875,0.785450279387208
1.529,0.785452165954228
1.529125,0.785454050036751
1.52925,0.785455931600835
1.529375,0.785457810612794
1.5295,0.785459687039209
1.529625,0.785461560846953
1.52975,0.785463432003206
1.529875,0.785465300475473
1.53,0.785467166231606
1.530125,0.78546902923982
1.53025,0.785470889468731
1.530375,0.785472746887366
1.5305,0.785474601465181
1.530625,0.785476453172076
1.53075,0.785478301978414
1.530875,0.785480147855032
1.531,0.785481990773264
1.531125,0.785483830704744
1.53125,0.78548566762054
1.531375,0.785487501491342
1.5315,0.785489332287622
1.531625,0.785491159979655
1.53175,0.785492984537533
1.531875,0.785494805931186
1.532,0.785496624130401
1.532125,0.785498439104839
1.53225,0.785500250824075
1.532375,0.785502059257608
1.5325,0.78550386437488
1.532625,0.78550566614529
1.53275,0.78550746453822
1.532875,0.785509259523044
1.533,0.785511051069155
1.533125,0.785512839145979
1.53325,0.785514623723018
1.533375,0.78551640476986
1.5335,0.785518182256195
1.533625,0.785519956151836
1.53375,0.785521726426731
1.533875,0.785523493050985
1.534,0.785525255994876
1.534125,0.785527015228877
1.53425,0.785528770723696
1.534375,0.785530522450284
1.5345,0.785532270379853
1.534625,0.785534014483893
1.53475,0.785535754734184
1.534875,0.785537491102816
1.535,0.785539223562204
1.535125,0.785540952085111
1.53525,0.785542676644684
1.535375,0.785544397214466
1.5355,0.785546113768408
1.535625,0.785547826280884
1.53575,0.785549534726706
1.535875,0.785551239081133
1.536,0.785552939319895
1.536125,0.785554635418998
1.53625,0.78555632735389
1.536375,0.785558015099642
1.5365,0.7855596986311
1.536625,0.785561377922904
1.53675,0.785563052949499
1.536875,0.785564723685156
1.537,0.785566390103984
1.537125,0.785568052179957
1.53725,0.785569709886948
1.537375,0.785571363198744
1.5375,0.785573012089058
1.537625,0.785574656531543
1.53775,0.785576296499813
1.537875,0.785577931967455
1.538,0.785579562908048
1.538125,0.785581189295183
1.53825,0.785582811102506
1.538375,0.785584428303731
1.5385,0.785586040872646
1.538625,0.785587648783137
1.53875,0.785589252009198
1.538875,0.785590850524948
1.539,0.785592444304648
1.539125,0.785594033322723
1.53925,0.785595617553804
1.539375,0.785597196972738
1.5395,0.785598771554602
1.539625,0.785600341274712
1.53975,0.785601906108643
1.539875,0.785603466032242
1.54,0.785605021021639
1.540125,0.785606571053276
1.54025,0.785608116103943
1.540375,0.785609656150792
1.5405,0.785611191171344
1.540625,0.7856127211435
1.54075,0.785614246045557
1.540875,0.785615765856219
1.541,0.785617280554611
1.541125,0.785618790120104
1.54125,0.785620294531532
1.541375,0.785621793767363
1.5415,0.785623287805837
1.541625,0.785624776624986
1.54175,0.785626260202644
1.541875,0.785627738516464
1.542,0.785629211543932
1.542125,0.785630679262387
1.54225,0.785632141649072
1.542375,0.785633598681133
1.5425,0.785635050335639
1.542625,0.78563649658959
1.54275,0.785637937419934
1.542875,0.785639372803584
1.543,0.785640802717427
1.543125,0.785642227138355
1.54325,0.785643646043302
1.543375,0.785645059409261
1.5435,0.785646467213287
1.543625,0.785647869432516
1.54375,0.785649266044178
1.543875,0.78565065702561
1.544,0.785652042354271
1.544125,0.785653422007765
1.54425,0.78565479596389
1.544375,0.785656164200642
1.5445,0.785657526696227
1.544625,0.785658883429074
1.54475,0.785660234377845
1.544875,0.785661579521451
1.545,0.785662918839066
1.545125,0.785664252310147
1.54525,0.785665579914483
1.545375,0.785666901632202
1.5455,0.785668217443775
1.545625,0.785669527330032
1.54575,0.785670831272168
1.545875,0.785672129251761
1.546,0.785673421250779
1.546125,0.785674707251423
1.54625,0.785675987235424
1.546375,0.785677261184193
1.5465,0.78567852907895
1.546625,0.785679790900737
1.54675,0.785681046630431
1.546875,0.785682296248757
1.547,0.785683539736302
1.547125,0.785684777073535
1.54725,0.785686008240859
1.547375,0.785687233218615
1.5475,0.785688451987092
1.547625,0.785689664526535
1.54775,0.785690870817166
1.547875,0.785692070839191
1.548,0.785693264572813
1.548125,0.785694451998261
1.54825,0.785695633095833
1.548375,0.785696807845906
1.5485,0.785697976228944
1.548625,0.785699138225507
1.54875,0.785700293816266
1.548875,0.785701442982015
1.549,0.785702585703685
1.549125,0.785703721962364
1.54925,0.785704851739351
1.549375,0.78570597501616
1.5495,0.785707091774525
1.549625,0.785708201996412
1.54975,0.785709305664032
1.549875,0.785710402759851
1.55,0.7857114932666
1.550125,0.785712577167302
1.55025,0.785713654445317
1.550375,0.785714725084353
1.5505,0.785715789068464
1.550625,0.78571684638206
1.55075,0.785717897009922
1.550875,0.785718940937208
1.551,0.785719978149463
1.551125,0.785721008632482
1.55125,0.785722032371703
1.551375,0.785723049352334
1.5515,0.785724059559464
1.551625,0.785725062978077
1.55175,0.78572605959306
1.551875,0.785727049389216
1.552,0.785728032351275
1.552125,0.785729008463911
1.55225,0.785729977711801
1.552375,0.785730940079624
1.5525,0.785731895552067
1.552625,0.785732844113832
1.55275,0.785733785749654
1.552875,0.785734720444305
1.553,0.785735648182606
1.553125,0.785736568949454
1.55325,0.785737482729867
1.553375,0.785738389508993
1.5535,0.785739289272112
1.553625,0.785740182004642
1.55375,0.785741067692157
1.553875,0.785741946320388
1.554,0.785742817875242
1.554125,0.785743682342814
1.55425,0.78574453970945
1.554375,0.785745389961741
1.5545,0.78574623308653
1.554625,0.785747069070918
1.55475,0.785747897902275
1.554875,0.785748719568248
1.555,0.785749534056767
1.555125,0.785750341356072
1.55525,0.785751141454758
1.555375,0.785751934341785
1.5555,0.78575272000647
1.555625,0.785753498438496
1.55575,0.785754269627922
1.555875,0.78575503356519
1.556,0.785755790241128
1.556125,0.78575653964684
1.55625,0.785757281773206
1.556375,0.785758016610982
1.5565,0.785758744150896
1.556625,0.785759464383654
1.55675,0.785760177299944
1.556875,0.785760882890451
1.557,0.785761581145857
1.557125,0.785762272056866
1.55725,0.785762955614255
1.557375,0.785763631808871
1.5575,0.785764300631638
1.557625,0.785764962073555
1.55775,0.78576561612571
1.557875,0.785766262779286
1.558,0.785766902025566
1.558125,0.785767533855954
1.55825,0.785768158262028
1.558375,0.78576877523554
1.5585,0.785769384768412
1.558625,0.785769986852747
1.55875,0.78577058148083
1.558875,0.785771168645138
1.559,0.785771748338346
1.559125,0.785772320553343
1.55925,0.785772885283292
1.559375,0.785773442521618
1.5595,0.785773992262015
1.559625,0.785774534498443
1.55975,0.78577506922514
1.559875,0.785775596436623
1.56,0.785776116127695
1.560125,0.785776628293461
1.56025,0.785777132929381
1.560375,0.78577763003127
1.5605,0.785778119595288
1.560625,0.785778601617947
1.56075,0.785779076096115
1.560875,0.785779543027018
1.561,0.785780002408242
1.561125,0.78578045423765
1.56125,0.785780898512996
1.561375,0.785781335232006
1.5615,0.78578176439244
1.561625,0.785782185992102
1.56175,0.785782600028838
1.561875,0.785783006500542
1.562,0.78578340540516
1.562125,0.785783796740705
1.56225,0.785784180505311
1.562375,0.785784556697225
1.5625,0.785784925314804
1.562625,0.785785286356517
1.56275,0.78578563982095
1.562875,0.785785985706807
1.563,0.785786324012913
1.563125,0.785786654738233
1.56325,0.785786977881919
1.563375,0.785787293443308
1.5635,0.785787601421914
1.563625,0.785787901817431
1.56375,0.785788194629735
1.563875,0.785788479858888
1.564,0.785788757505137
1.564125,0.78578902756893
1.56425,0.78578929005097
1.564375,0.785789544952205
1.5645,0.785789792273822
1.564625,0.785790032017247
1.56475,0.785790264184149
1.564875,0.785790488776439
1.565,0.785790705796271
1.565125,0.785790915246057
1.56525,0.785791117128517
1.565375,0.785791311446669
1.5655,0.785791498203825
1.565625,0.785791677403585
1.56575,0.785791849049843
1.565875,0.785792013146782
1.566,0.785792169698877
1.566125,0.785792318710832
1.56625,0.785792460187327
1.566375,0.78579259413307
1.5665,0.785792720552835
1.566625,0.78579283945146
1.56675,0.78579295083385
1.566875,0.785793054704978
1.567,0.785793151069878
1.567125,0.785793239933664
1.56725,0.785793321301577
1.567375,0.785793395178971
1.5675,0.785793461571313
1.567625,0.785793520484173
1.56775,0.785793571923229
1.567875,0.785793615894265
1.568,0.785793652403169
1.568125,0.785793681455944
1.56825,0.785793703058758
1.568375,0.785793717217935
1.5685,0.785793723939943
1.568625,0.785793723231393
1.56875,0.785793715099038
1.568875,0.785793699549771
1.569,0.785793676590626
1.569125,0.785793646228782
1.56925,0.78579360847162
1.569375,0.785793563326705
1.5695,0.78579351080178
1.569625,0.785793450904759
1.56975,0.785793383643729
1.569875,0.785793309026946
1.57,0.785793227062834
1.570125,0.78579313775999
1.57025,0.785793041127239
1.570375,0.785792937173614
1.5705,0.78579282590835
1.570625,0.78579270734088
1.57075,0.785792581480828
1.570875,0.785792448338013
1.571,0.785792307922438
1.571125,0.785792160244264
1.57125,0.785792005313686
1.571375,0.785791843140956
1.5715,0.785791673736398
1.571625,0.7857914971104
1.57175,0.785791313273417
1.571875,0.785791122235962
1.572,0.785790924008608
1.572125,0.785790718601989
1.57225,0.785790506026853
1.572375,0.785790286294046
1.5725,0.785790059414496
1.572625,0.785789825399217
1.57275,0.7857895842593
1.572875,0.78578933600591
1.573,0.785789080650281
1.573125,0.785788818203728
1.57325,0.785788548677686
1.573375,0.785788272083702
1.5735,0.785787988433417
1.573625,0.785787697738568
1.57375,0.785787400010978
1.573875,0.785787095262557
1.574,0.785786783505293
1.574125,0.78578646475126
1.57425,0.785786139012664
1.574375,0.78578580630183
1.5745,0.785785466631183
1.574625,0.785785120013252
1.57475,0.785784766460657
1.574875,0.785784405986111
1.575,0.78578403860241
1.575125,0.785783664322442
1.57525,0.785783283159231
1.575375,0.785782895125919
1.5755,0.785782500235756
1.575625,0.785782098502095
1.57575,0.785781689938383
1.575875,0.785781274558162
1.576,0.785780852375056
1.576125,0.785780423402776
1.57625,0.78577998765513
1.576375,0.785779545146017
1.5765,0.785779095889414
1.576625,0.785778639899372
1.57675,0.785778177190014
1.576875,0.785777707775523
1.577,0.785777231670142
1.577125,0.785776748888175
1.57725,0.785776259444032
1.577375,0.785775763352209
1.5775,0.785775260627278
1.577625,0.785774751283884
1.57775,0.785774235336729
1.577875,0.785773712800578
1.578,0.785773183690244
1.578125,0.785772648020596
1.57825,0.785772105806602
1.578375,0.785771557063306
1.5785,0.785771001805823
1.578625,0.785770440049327
1.57875,0.785769871809046
1.578875,0.785769297100258
1.579,0.78576871593828
1.579125,0.785768128338477
1.57925,0.785767534316298
1.579375,0.785766933887262
1.5795,0.785766327066943
1.579625,0.785765713870965
1.57975,0.785765094314994
1.579875,0.785764468414731
1.58,0.785763836185908
1.580125,0.78576319764429
1.58025,0.785762552805711
1.580375,0.785761901686063
1.5805,0.785761244301277
1.580625,0.785760580667322
1.58075,0.785759910800194
1.580875,0.785759234715908
1.581,0.785758552430496
1.581125,0.785757863960033
1.58125,0.785757169320777
1.581375,0.785756468529136
1.5815,0.785755761601635
1.581625,0.785755048554911
1.58175,0.785754329405701
1.581875,0.78575360417084
1.582,0.785752872867247
1.582125,0.785752135511937
1.58225,0.785751392122047
1.582375,0.785750642714825
1.5825,0.785749887307617
1.582625,0.785749125917853
1.58275,0.785748358563045
1.582875,0.785747585260777
1.583,0.785746806028697
1.583125,0.785746020884519
1.58325,0.785745229846057
1.583375,0.785744432931211
1.5835,0.785743630157949
1.583625,0.7857428215443
1.58375,0.785742007108348
1.583875,0.78574118686822
1.584,0.785740360842082
1.584125,0.785739529048135
1.58425,0.785738691504656
1.584375,0.785737848229975
1.5845,0.78573699924246
1.584625,0.785736144560515
1.58475,0.785735284202566
1.584875,0.785734418187053
1.585,0.785733546532425
1.585125,0.785732669257138
1.58525,0.785731786379688
1.585375,0.785730897918595
1.5855,0.78573000389239
1.585625,0.785729104319601
1.58575,0.78572819921875
1.585875,0.785727288608345
1.586,0.785726372506866
1.586125,0.785725450932825
1.58625,0.78572452390503
1.586375,0.785723591442519
1.5865,0.785722653564508
1.586625,0.785721710290386
1.58675,0.7857207616397
1.586875,0.785719807632149
1.587,0.785718848287575
1.587125,0.785717883625959
1.58725,0.785716913667456
1.587375,0.785715938432373
1.5875,0.785714957941155
1.587625,0.785713972214376
1.58775,0.785712981272727
1.587875,0.785711985137006
1.588,0.785710983828112
1.588125,0.785709977367039
1.58825,0.785708965774904
1.588375,0.785707949072934
1.5885,0.785706927282447
1.588625,0.78570590042484
1.58875,0.785704868521582
1.588875,0.7857038315942
1.589,0.785702789664272
1.589125,0.785701742753423
1.58925,0.785700690883354
1.589375,0.78569963407582
1.5895,0.785698572352619
1.589625,0.785697505735576
1.58975,0.785696434246538
1.589875,0.78569535790736
1.59,0.785694276739893
1.590125,0.785693190765987
1.59025,0.785692100007512
1.590375,0.785691004486342
1.5905,0.785689904224339
1.590625,0.78568879924334
1.59075,0.785687689565152
1.590875,0.785686575211536
1.591,0.785685456204198
1.591125,0.785684332564873
1.59125,0.785683204315689
1.591375,0.785682071479087
1.5915,0.785680934077746
1.591625,0.78567979213457
1.59175,0.78567864567268
1.591875,0.785677494715398
1.592,0.785676339286241
1.592125,0.785675179408907
1.59225,0.78567401510731
1.592375,0.785672846405551
1.5925,0.785671673327906
1.592625,0.78567049589881
1.59275,0.785669314142847
1.592875,0.785668128084738
1.593,0.785666937749323
1.593125,0.785665743161565
1.59325,0.785664544346563
1.593375,0.785663341329535
1.5935,0.785662134135802
1.593625,0.785660922790772
1.59375,0.785659707319928
1.593875,0.785658487748818
1.594,0.785657264103037
1.594125,0.785656036408225
1.59425,0.785654804690086
1.594375,0.785653568974365
1.5945,0.785652329286834
1.594625,0.785651085653277
1.59475,0.785649838099476
1.594875,0.785648586651203
1.595,0.7856473313342
1.595125,0.785646072174177
1.59525,0.785644809196831
1.595375,0.785643542427821
1.5955,0.785642271892757
1.595625,0.785640997617183
1.59575,0.785639719626564
1.595875,0.785638437946278
1.596,0.785637152601599
1.596125,0.785635863617797
1.59625,0.785634571020606
1.596375,0.785633274836117
1.5965,0.785631975090686
1.596625,0.785630671810921
1.59675,0.785629365023665
1.596875,0.785628054755987
1.597,0.785626741035162
1.597125,0.785625423888666
1.59725,0.785624103344192
1.597375,0.785622779429625
1.5975,0.785621452173026
1.597625,0.785620121602618
1.59775,0.785618787746766
1.597875,0.785617450633967
1.598,0.785616110292835
1.598125,0.785614766752088
1.59825,0.785613420040564
1.598375,0.785612070187198
1.5985,0.785610717221004
1.598625,0.785609361171057
1.59875,0.785608002066482
1.598875,0.785606639936436
1.599,0.785605274810093
1.599125,0.785603906716636
1.59925,0.785602535685265
1.599375,0.785601161745175
1.5995,0.785599784925543
1.599625,0.785598405255506
1.59975,0.785597022764152
1.599875,0.785595637480498
1.6,0.785594249433483
1.600125,0.785592858651951
1.60025,0.785591465164665
1.600375,0.78559006900028
1.6005,0.785588670187335
1.600625,0.785587268754229
1.60075,0.785585864729211
1.600875,0.785584458140366
1.601,0.785583049015598
1.601125,0.785581637382749
1.60125,0.785580223270144
1.601375,0.785578806706466
1.6015,0.785577387720652
1.601625,0.785575966341874
1.60175,0.785574542599526
1.601875,0.785573116523206
1.602,0.7855716881427
1.602125,0.785570257487974
1.60225,0.785568824589173
1.602375,0.785567389476605
1.6025,0.785565952180722
1.602625,0.785564512732099
1.60275,0.785563071161421
1.602875,0.785561627499465
1.603,0.785560181777084
1.603125,0.785558734025194
1.60325,0.785557284274779
1.603375,0.785555832556865
1.6035,0.785554378902508
1.603625,0.785552923342772
1.60375,0.785551465908712
1.603875,0.785550006631362
1.604,0.785548545541713
1.604125,0.785547082670705
1.60425,0.785545618049225
1.604375,0.785544151708087
1.6045,0.785542683678013
1.604625,0.78554121398962
1.60475,0.785539742673399
1.604875,0.785538269759702
1.605,0.785536795278725
1.605125,0.785535319260497
1.60525,0.785533841734875
1.605375,0.78553236273153
1.6055,0.785530882279927
1.605625,0.785529400409307
1.60575,0.785527917148679
1.605875,0.785526432526796
1.606,0.785524946572148
1.606125,0.785523459313089
1.60625,0.785521970778444
1.606375,0.785520480997372
1.6065,0.785518989999251
1.606625,0.785517497813661
1.60675,0.785516004470367
1.606875,0.785514509999302
1.607,0.785513014430551
1.607125,0.785511517794338
1.60725,0.78551002012102
1.607375,0.785508521441072
1.6075,0.785507021785063
1.607625,0.785505521183644
1.60775,0.785504019667525
1.607875,0.785502517267466
1.608,0.785501014014252
1.608125,0.785499509938685
1.60825,0.785498005071574
1.608375,0.78549649944372
1.6085,0.785494993085892
1.608625,0.785493486028814
1.60875,0.785491978303149
1.608875,0.78549046993948
1.609,0.785488960968293
1.609125,0.785487451419967
1.60925,0.785485941324759
1.609375,0.785484430712792
1.6095,0.785482919614036
1.609625,0.78548140805829
1.60975,0.785479896075166
1.609875,0.785478383694077
1.61,0.785476870944217
1.610125,0.785475357854549
1.61025,0.785473844453795
1.610375,0.78547233077042
1.6105,0.785470816832615
1.610625,0.785469302668282
1.61075,0.785467788305022
1.610875,0.785466273770116
1.611,0.785464759090516
1.611125,0.785463244292982
1.61125,0.785461729404732
1.611375,0.7854602144533
1.6115,0.785458699466412
1.611625,0.785457184471969
1.61175,0.785455669498032
1.611875,0.785454154572805
1.612,0.785452639724622
1.612125,0.785451124981929
1.61225,0.785449610373273
1.612375,0.785448095927287
1.6125,0.785446581672671
1.612625,0.785445067638179
1.61275,0.785443553852598
1.612875,0.785442040344735
1.613,0.7854405271434
1.613125,0.785439014277392
1.61325,0.785437501775483
1.613375,0.785435989666404
1.6135,0.785434477978827
1.613625,0.785432966741349
1.61375,0.785431455982477
1.613875,0.785429945730613
1.614,0.785428436014036
1.614125,0.785426926860888
1.61425,0.785425418299159
1.614375,0.785423910356671
1.6145,0.785422403061062
1.614625,0.785420896439773
1.61475,0.785419390520031
1.614875,0.785417885328836
1.615,0.785416380892943
1.615125,0.785414877238853
1.61525,0.785413374392789
1.615375,0.785411872380689
1.6155,0.785410371228187
1.615625,0.785408870960603
1.61575,0.785407371602928
1.615875,0.785405873179811
1.616,0.785404375715546
1.616125,0.785402879234217
1.61625,0.785401383760373
1.616375,0.785399889318877
1.6165,0.785398395934784
1.616625,0.785396903633325
1.61675,0.785395412439891
1.616875,0.78539392238002
1.617,0.785392433479381
1.617125,0.785390945763758
1.61725,0.785389459259036
1.617375,0.785387973991181
1.6175,0.78538648998623
1.617625,0.785385007270271
1.61775,0.785383525869435
1.617875,0.785382045809874
1.618,0.785380567117751
1.618125,0.78537908981922
1.61825,0.785377613940408
1.618375,0.785376139507403
1.6185,0.785374666546236
1.618625,0.785373195082871
1.61875,0.785371725143185
1.618875,0.785370256752956
1.619,0.785368789937849
1.619125,0.785367324723398
1.61925,0.785365861134987
1.619375,0.785364399197836
1.6195,0.785362938936986
1.619625,0.785361480377288
1.61975,0.785360023543388
1.619875,0.785358568459713
1.62,0.785357115150457
1.620125,0.785355663639565
1.62025,0.785354213950714
1.620375,0.785352766107296
1.6205,0.785351320132412
1.620625,0.785349876048855
1.62075,0.785348433879102
1.620875,0.785346993645296
1.621,0.785345555369237
1.621125,0.785344119072534
1.62125,0.785342684777268
1.621375,0.785341252505853
1.6215,0.78533982228091
1.621625,0.785338394125251
1.62175,0.785336968061868
1.621875,0.785335544113919
1.622,0.785334122304712
1.622125,0.785332702657688
1.62225,0.785331285196403
1.622375,0.785329869944511
1.6225,0.785328456925752
1.622625,0.785327046163939
1.62275,0.785325637682944
1.622875,0.78532423150668
1.623,0.785322827659095
1.623125,0.785321426164145
1.62325,0.785320027045777
1.623375,0.785318630327912
1.6235,0.785317236034438
1.623625,0.785315844189188
1.62375,0.785314454815934
1.623875,0.785313067938369
1.624,0.785311683580093
1.624125,0.785310301764598
1.62425,0.785308922515241
1.624375,0.78530754585523
1.6245,0.785306171807617
1.624625,0.785304800395282
1.62475,0.785303431640921
1.624875,0.785302065567031
1.625,0.7853007021959
1.625125,0.785299341549588
1.62525,0.785297983649901
1.625375,0.78529662851838
1.6255,0.785295276176291
1.625625,0.785293926644616
1.62575,0.785292579944038
1.625875,0.785291236094928
1.626,0.785289895117338
1.626125,0.785288557031142
1.62625,0.785287221856689
1.626375,0.78528588961466
1.6265,0.785284560325951
1.626625,0.785283234011656
1.62675,0.785281910693057
1.626875,0.785280590391608
1.627,0.785279273128923
1.627125,0.785277958926761
1.62725,0.785276647806993
1.627375,0.785275339791593
1.6275,0.78527403490263
1.627625,0.785272733162251
1.62775,0.785271434592667
1.627875,0.785270139216142
1.628,0.785268847054979
1.628125,0.785267558131499
1.62825,0.785266272468016
1.628375,0.785264990086821
1.6285,0.785263711010175
1.628625,0.785262435260294
1.62875,0.785261162859338
1.628875,0.785259893829393
1.629,0.785258628192463
1.629125,0.785257365970448
1.62925,0.785256107185114
1.629375,0.785254851858085
1.6295,0.785253600010829
1.629625,0.78525235166465
1.62975,0.785251106840671
1.629875,0.785249865559826
1.63,0.785248627842845
1.630125,0.785247393710234
1.63025,0.785246163182249
1.630375,0.785244936278881
1.6305,0.785243713019851
1.630625,0.7852424934246
1.63075,0.785241277512274
1.630875,0.785240065301715
1.631,0.785238856811449
1.631125,0.785237652059825
1.63125,0.785236451065621
1.631375,0.785235253847921
1.6315,0.785234060425994
1.631625,0.785232870819283
1.63175,0.785231685047396
1.631875,0.785230503130088
1.632,0.785229325087254
1.632125,0.785228150938906
1.63225,0.785226980705143
1.632375,0.78522581440614
1.6325,0.78522465206214
1.632625,0.785223493693441
1.63275,0.785222339320381
1.632875,0.78522118896333
1.633,0.785220042642672
1.633125,0.78521890037879
1.63325,0.785217762192029
1.633375,0.785216628102691
1.6335,0.785215498131018
1.633625,0.78521437229719
1.63375,0.785213250621305
1.633875,0.785212133123368
1.634,0.785211019823282
1.634125,0.785209910740825
1.63425,0.785208805895618
1.634375,0.785207705307114
1.6345,0.78520660899459
1.634625,0.785205516977138
1.63475,0.785204429273653
1.634875,0.785203345902818
1.635,0.785202266883098
1.635125,0.785201192232716
1.63525,0.785200121969622
1.635375,0.785199056111483
1.6355,0.785197994675676
1.635625,0.78519693767928
1.63575,0.785195885139067
1.635875,0.785194837071488
1.636,0.785193793492663
1.636125,0.785192754418511
1.63625,0.785191719865303
1.636375,0.785190689849543
1.6365,0.785189664387863
1.636625,0.785188643497018
1.63675,0.785187627193868
1.636875,0.785186615495369
1.637,0.785185608418563
1.637125,0.78518460598056
1.63725,0.785183608198499
1.637375,0.78518261508954
1.6375,0.785181626670864
1.637625,0.785180642959652
1.63775,0.785179663973084
1.637875,0.785178689728319
1.638,0.78517772024249
1.638125,0.785176755532683
1.63825,0.785175795615899
1.638375,0.785174840509045
1.6385,0.785173890228936
1.638625,0.785172944792273
1.63875,0.785172004215643
1.638875,0.785171068515501
1.639,0.785170137708162
1.639125,0.785169211809785
1.63925,0.78516829083633
1.639375,0.785167374803554
1.6395,0.785166463727007
1.639625,0.785165557622024
1.63975,0.785164656503708
1.639875,0.785163760386931
1.64,0.785162869286316
1.640125,0.785161983216223
1.64025,0.78516110219071
1.640375,0.785160226223527
1.6405,0.785159355328113
1.640625,0.785158489517592
1.64075,0.785157628804758
1.640875,0.785156773202072
1.641,0.78515592272165
1.641125,0.78515507737538
1.64125,0.785154237175401
1.641375,0.785153402134009
1.6415,0.785152572263562
1.641625,0.78515174757647
1.64175,0.785150928085192
1.641875,0.785150113802221
1.642,0.785149304740078
1.642125,0.785148500911296
1.64225,0.785147702328378
1.642375,0.785146909003795
1.6425,0.785146120949984
1.642625,0.785145338179337
1.64275,0.785144560704191
1.642875,0.785143788536825
1.643,0.785143021689446
1.643125,0.785142260174178
1.64325,0.785141504003012
1.643375,0.785140753187815
1.6435,0.785140007740318
1.643625,0.785139267672113
1.64375,0.785138532994643
1.643875,0.785137803719195
1.644,0.785137079856893
1.644125,0.78513636141868
1.64425,0.785135648415278
1.644375,0.785134940857184
1.6445,0.785134238754675
1.644625,0.785133542117792
1.64475,0.785132850956342
1.644875,0.785132165279884
1.645,0.785131485097727
1.645125,0.785130810418914
1.64525,0.785130141252178
1.645375,0.785129477605945
1.6455,0.785128819488332
1.645625,0.785128166907143
1.64575,0.785127519869863
1.645875,0.785126878383654
1.646,0.785126242455346
1.646125,0.785125612091535
1.64625,0.785124987298987
1.646375,0.785124368084558
1.6465,0.785123754455117
1.646625,0.78512314641754
1.64675,0.785122543978708
1.646875,0.785121947145498
1.647,0.785121355924779
1.647125,0.785120770323395
1.64725,0.785120190348126
1.647375,0.785119616005692
1.6475,0.785119047302747
1.647625,0.785118484245877
1.64775,0.785117926841595
1.647875,0.785117375096336
1.648,0.785116829016448
1.648125,0.785116288608183
1.64825,0.78511575387765
1.648375,0.785115224830824
1.6485,0.785114701473539
1.648625,0.785114183811487
1.64875,0.785113671850217
1.648875,0.785113165595122
1.649,0.785112665051442
1.649125,0.785112170224245
1.64925,0.78511168111839
1.649375,0.785111197738525
1.6495,0.785110720089094
1.649625,0.78511024817433
1.64975,0.785109781998251
1.649875,0.785109321564658
1.65,0.78510886687713
1.650125,0.785108417939014
1.65025,0.785107974753379
1.650375,0.785107537323023
1.6505,0.785107105650479
1.650625,0.785106679738006
1.65075,0.785106259587591
1.650875,0.785105845200946
1.651,0.785105436579504
1.651125,0.785105033724495
1.65125,0.785104636637261
1.651375,0.785104245319197
1.6515,0.785103859771689
1.651625,0.785103479996117
1.65175,0.785103105993851
1.651875,0.785102737766245
1.652,0.78510237531464
1.652125,0.785102018640348
1.65225,0.785101667744611
1.652375,0.785101322628611
1.6525,0.785100983293469
1.652625,0.785100649740242
1.65275,0.785100321969925
1.652875,0.785099999983445
1.653,0.785099683781659
1.653125,0.785099373365343
1.65325,0.785099068735155
1.653375,0.785098769891632
1.6535,0.785098476835204
1.653625,0.785098189566185
1.65375,0.785097908084774
1.653875,0.785097632391053
1.654,0.785097362484984
1.654125,0.785097098366399
1.65425,0.785096840034962
1.654375,0.785096587490169
1.6545,0.785096340731361
1.654625,0.785096099757716
1.65475,0.78509586456825
1.654875,0.785095635161818
1.655,0.785095411537111
1.655125,0.785095193692645
1.65525,0.785094981626724
1.655375,0.785094775337445
1.6555,0.785094574822703
1.655625,0.785094380080194
1.65575,0.785094191107412
1.655875,0.785094007901648
1.656,0.785093830459994
1.656125,0.785093658779392
1.65625,0.785093492856853
1.656375,0.785093332689418
1.6565,0.78509317827412
1.656625,0.785093029607981
1.65675,0.785092886688017
1.656875,0.785092749511233
1.657,0.785092618074627
1.657125,0.785092492375177
1.65725,0.785092372409803
1.657375,0.785092258175377
1.6575,0.785092149668727
1.657625,0.785092046886636
1.65775,0.785091949825844
1.657875,0.785091858483047
1.658,0.785091772854897
1.658125,0.785091692937993
1.65825,0.785091618728841
1.658375,0.785091550223867
1.6585,0.785091487419416
1.658625,0.785091430311757
1.65875,0.785091378897084
1.658875,0.785091333171513
1.659,0.785091293131083
1.659125,0.78509125877175
1.65925,0.785091230089347
1.659375,0.785091207079592
1.6595,0.785091189738096
1.659625,0.785091178060363
1.65975,0.785091172041789
1.659875,0.785091171677668
1.66,0.785091176963187
1.660125,0.785091187893422
1.66025,0.785091204463299
1.660375,0.785091226667603
1.6605,0.785091254500984
1.660625,0.785091287957961
1.66075,0.785091327032921
1.660875,0.785091371720123
1.661,0.785091422013697
1.661125,0.785091477907675
1.66125,0.785091539396107
1.661375,0.78509160647304
1.6615,0.785091679132502
1.661625,0.785091757368503
1.66175,0.785091841175037
1.661875,0.785091930546079
1.662,0.785092025475595
1.662125,0.785092125957525
1.66225,0.785092231985756
1.662375,0.785092343554123
1.6625,0.785092460656422
1.662625,0.785092583286411
1.66275,0.785092711437807
1.662875,0.785092845104294
1.663,0.785092984279521
1.663125,0.785093128957097
1.66325,0.785093279130551
1.663375,0.785093434793348
1.6635,0.785093595938889
1.663625,0.785093762560522
1.66375,0.785093934651535
1.663875,0.785094112205163
1.664,0.785094295214589
1.664125,0.785094483672939
1.66425,0.785094677573242
1.664375,0.785094876908445
1.6645,0.785095081671417
1.664625,0.785095291854953
1.66475,0.785095507451779
1.664875,0.785095728454547
1.665,0.785095954855847
1.665125,0.785096186648191
1.66525,0.785096423823987
1.665375,0.785096666375542
1.6655,0.785096914295076
1.665625,0.785097167574719
1.66575,0.78509742620652
1.665875,0.785097690182445
1.666,0.785097959494382
1.666125,0.785098234134146
1.66625,0.785098514093494
1.666375,0.785098799364124
1.6665,0.785099089937679
1.666625,0.785099385805748
1.66675,0.785099686959869
1.666875,0.785099993391532
1.667,0.785100305092182
1.667125,0.785100622053216
1.66725,0.785100944265945
1.667375,0.785101271721608
1.6675,0.78510160441138
1.667625,0.785101942326374
1.66775,0.785102285457647
1.667875,0.7851026337962
1.668,0.785102987332986
1.668125,0.785103346058899
1.66825,0.785103709964744
1.668375,0.785104079041252
1.6685,0.78510445327908
1.668625,0.785104832668823
1.66875,0.785105217201014
1.668875,0.785105606866127
1.669,0.785106001654583
1.669125,0.785106401556742
1.66925,0.785106806562876
1.669375,0.785107216663173
1.6695,0.785107631847755
1.669625,0.785108052106674
1.66975,0.78510847742992
1.669875,0.785108907807425
1.67,0.785109343229066
1.670125,0.785109783684661
1.67025,0.785110229163936
1.670375,0.785110679656542
1.6705,0.785111135152057
1.670625,0.785111595639995
1.67075,0.785112061109811
1.670875,0.7851125315509
1.671,0.785113006952608
1.671125,0.785113487304211
1.67125,0.78511397259483
1.671375,0.785114462813456
1.6715,0.785114957948965
1.671625,0.785115457990126
1.67175,0.785115962925604
1.671875,0.785116472743966
1.672,0.785116987433686
1.672125,0.785117506983141
1.67225,0.785118031380579
1.672375,0.785118560614139
1.6725,0.785119094671851
1.672625,0.785119633541649
1.67275,0.785120177211374
1.672875,0.78512072566878
1.673,0.785121278901535
1.673125,0.785121836897226
1.67325,0.785122399643324
1.673375,0.7851229671272
1.6735,0.785123539336134
1.673625,0.78512411625732
1.67375,0.785124697877876
1.673875,0.785125284184845
1.674,0.785125875165202
1.674125,0.785126470805854
1.67425,0.785127071093609
1.674375,0.785127676015194
1.6745,0.785128285557259
1.674625,0.785128899706387
1.67475,0.785129518449104
1.674875,0.785130141771875
1.675,0.78513076966112
1.675125,0.785131402103207
1.67525,0.785132039084426
1.675375,0.785132680591004
1.6755,0.785133326609114
1.675625,0.785133977124882
1.67575,0.785134632124395
1.675875,0.785135291593703
1.676,0.78513595551883
1.676125,0.785136623885733
1.67625,0.785137296680127
1.676375,0.785137973887523
1.6765,0.785138655493269
1.676625,0.785139341482554
1.67675,0.785140031840417
1.676875,0.785140726551754
1.677,0.785141425601323
1.677125,0.785142128973749
1.67725,0.785142836653491
1.677375,0.785143548624867
1.6775,0.785144264872055
1.677625,0.785144985379109
1.67775,0.785145710129963
1.677875,0.785146439108441
1.678,0.785147172298262
1.678125,0.785147909683041
1.67825,0.78514865124627
1.678375,0.785149396971325
1.6785,0.785150146841486
1.678625,0.785150900839942
1.67875,0.785151658949797
1.678875,0.785152421154081
1.679,0.785153187435759
1.679125,0.78515395777773
1.67925,0.785154732162806
1.679375,0.785155510573725
1.6795,0.785156292993166
1.679625,0.785157079403759
1.67975,0.785157869788087
1.679875,0.785158664128701
1.68,0.785159462408127
1.680125,0.785160264608863
1.68025,0.785161070713366
1.680375,0.785161880704059
1.6805,0.78516269456335
1.680625,0.785163512273636
1.68075,0.785164333817313
1.680875,0.785165159176785
1.681,0.785165988334475
1.681125,0.785166821272761
1.68125,0.785167657973721
1.681375,0.785168498419187
1.6815,0.785169342590802
1.681625,0.785170190470032
1.68175,0.78517104203817
1.681875,0.785171897276347
1.682,0.785172756165546
1.682125,0.7851736186866
1.68225,0.785174484820175
1.682375,0.785175354546786
1.6825,0.785176227846814
1.682625,0.785177104700509
1.68275,0.785177985088006
1.682875,0.785178868989336
1.683,0.78517975638443
1.683125,0.785180647253128
1.68325,0.78518154157516
1.683375,0.785182439330165
1.6835,0.7851833404977
1.683625,0.785184245057255
1.68375,0.785185152988261
1.683875,0.785186064270102
1.684,0.785186978882124
1.684125,0.785187896803641
1.68425,0.785188818013918
1.684375,0.785189742492189
1.6845,0.785190670217667
1.684625,0.785191601169561
1.68475,0.785192535327081
1.684875,0.785193472669451
1.685,0.785194413175918
1.685125,0.785195356825759
1.68525,0.785196303598266
1.685375,0.785197253472758
1.6855,0.785198206428601
1.685625,0.785199162445216
1.68575,0.785200121502086
1.685875,0.78520108357877
1.686,0.785202048654914
1.686125,0.785203016710172
1.68625,0.785203987723873
1.686375,0.785204961675093
1.6865,0.785205938542727
1.686625,0.785206918305499
1.68675,0.785207900941972
1.686875,0.785208886430561
1.687,0.785209874749544
1.687125,0.785210865877068
1.68725,0.785211859791136
1.687375,0.785212856469627
1.6875,0.785213855890305
1.687625,0.785214858030838
1.68775,0.785215862868804
1.687875,0.785216870381705
1.688,0.785217880546979
1.688125,0.785218893342007
1.68825,0.785219908744101
1.688375,0.785220926730522
1.6885,0.785221947278497
1.688625,0.785222970365228
1.68875,0.785223995967902
1.688875,0.785225024063709
1.689,0.785226054629849
1.689125,0.78522708764354
1.68925,0.785228123082011
1.689375,0.785229160922517
1.6895,0.785230201142354
1.689625,0.785231243718871
1.68975,0.78523228862948
1.689875,0.785233335851671
1.69,0.785234385363019
1.690125,0.785235437141194
1.69025,0.785236491163956
1.690375,0.785237547409167
1.6905,0.785238605854803
1.690625,0.785239666478971
1.69075,0.785240729259918
1.690875,0.785241794176039
1.691,0.78524286120589
1.691125,0.785243930328103
1.69125,0.785245001520975
1.691375,0.785246074762563
1.6915,0.785247150030763
1.691625,0.785248227303324
1.69175,0.785249306557856
1.691875,0.785250387771844
1.692,0.785251470922662
1.692125,0.785252555987578
1.69225,0.785253642943751
1.692375,0.785254731768247
1.6925,0.785255822438052
1.692625,0.785256914930087
1.69275,0.785258009221217
1.692875,0.785259105288267
1.693,0.785260203108032
1.693125,0.785261302657287
1.69325,0.785262403912782
1.693375,0.78526350685126
1.6935,0.785264611449471
1.693625,0.785265717684182
1.69375,0.785266825532192
1.693875,0.785267934970345
1.694,0.785269045975537
1.694125,0.785270158524732
1.69425,0.785271272594956
1.694375,0.785272388163312
1.6945,0.785273505206995
1.694625,0.785274623703305
1.69475,0.785275743629657
1.694875,0.785276864963593
1.695,0.785277987682794
1.695125,0.785279111765091
1.69525,0.785280237188461
1.695375,0.785281363931041
1.6955,0.785282491971146
1.695625,0.785283621287273
1.69575,0.785284751858118
1.695875,0.785285883662584
1.696,0.785287016679793
1.696125,0.785288150888983
1.69625,0.785289286269056
1.696375,0.785290422798677
1.6965,0.78529156045636
1.696625,0.785292699220483
1.69675,0.785293839069298
1.696875,0.785294979980944
1.697,0.785296121933459
1.697125,0.78529726490479
1.69725,0.785298408872792
1.697375,0.785299553815244
1.6975,0.785300699709863
1.697625,0.785301846534315
1.69775,0.785302994266228
1.697875,0.785304142883207
1.698,0.785305292362839
1.698125,0.78530644268271
1.69825,0.785307593820406
1.698375,0.785308745753524
1.6985,0.785309898459688
1.698625,0.785311051916563
1.69875,0.785312206101864
1.698875,0.785313360993366
1.699,0.785314516568924
1.699125,0.785315672806474
1.69925,0.785316829684043
1.699375,0.78531798717976
1.6995,0.78531914527187
1.699625,0.785320303938744
1.69975,0.785321463158891
1.699875,0.785322622910972
1.7,0.785323783173806
1.700125,0.785324943926387
1.70025,0.78532610514788
1.700375,0.785327266817644
1.7005,0.785328428915234
1.700625,0.785329591420418
1.70075,0.785330754313185
1.700875,0.785331917573754
1.701,0.785333081182589
1.701125,0.785334245120286
1.70125,0.78533540936708
1.701375,0.785336573902956
1.7015,0.78533773870774
1.701625,0.78533890376111
1.70175,0.785340069042608
1.701875,0.785341234531654
1.702,0.785342400207554
1.702125,0.785343566049512
1.70225,0.78534473203664
1.702375,0.785345898147962
1.7025,0.785347064362435
1.702625,0.785348230658959
1.70275,0.785349397016385
1.702875,0.785350563413532
1.703,0.785351729829193
1.703125,0.785352896242154
1.70325,0.785354062631192
1.703375,0.785355228975099
1.7035,0.785356395252682
1.703625,0.785357561442787
1.70375,0.785358727524299
1.703875,0.785359893476165
1.704,0.785361059277395
1.704125,0.785362224907082
1.70425,0.785363390344404
1.704375,0.785364555568643
1.7045,0.78536572055919
1.704625,0.785366885295562
1.70475,0.785368049757407
1.704875,0.785369213924521
1.705,0.785370377776856
1.705125,0.785371541294531
1.70525,0.785372704457843
1.705375,0.785373867247277
1.7055,0.785375029643517
1.705625,0.785376191627456
1.70575,0.785377353180209
1.705875,0.785378514283117
1.706,0.785379674917764
1.706125,0.785380835065858
1.70625,0.785381994708719
1.706375,0.785383153827393
1.7065,0.785384312402745
1.706625,0.785385470415473
1.70675,0.785386627846117
1.706875,0.785387784675071
1.707,0.785388940882595
1.707125,0.785390096448829
1.70725,0.785391251353797
1.707375,0.785392405577427
1.7075,0.785393559099559
1.707625,0.785394711899954
1.70775,0.785395863958312
1.707875,0.785397015254277
1.708,0.785398165767454
1.708125,0.785399315477417
1.70825,0.785400464363727
1.708375,0.785401612405936
1.7085,0.785402759583608
1.708625,0.785403905876321
1.70875,0.785405051263686
1.708875,0.785406195725356
1.709,0.785407339241034
1.709125,0.785408481790492
1.70925,0.785409623353581
1.709375,0.785410763910242
1.7095,0.785411903440517
1.709625,0.785413041924564
1.70975,0.785414179342661
1.709875,0.785415315675224
1.71,0.785416450902812
1.710125,0.785417585006144
1.71025,0.785418717966112
1.710375,0.785419849763791
1.7105,0.785420980380448
1.710625,0.785422109797554
1.71075,0.785423237996793
1.710875,0.785424364960073
1.711,0.785425490669536
1.711125,0.785426615107439
1.71125,0.785427738255645
1.711375,0.785428860095729
1.7115,0.785429980609074
1.711625,0.785431099776889
1.71175,0.785432217580214
1.711875,0.785433333999933
1.712,0.785434449016788
1.712125,0.785435562611389
1.71225,0.78543667476423
1.712375,0.785437785455704
1.7125,0.785438894666109
1.712625,0.785440002375661
1.71275,0.785441108564509
1.712875,0.785442213212743
1.713,0.785443316300405
1.713125,0.785444417807507
1.71325,0.785445517714044
1.713375,0.785446616000009
1.7135,0.785447712645401
1.713625,0.785448807630237
1.71375,0.785449900934565
1.713875,0.785450992538472
1.714,0.785452082422102
1.714125,0.785453170565661
1.71425,0.785454256949445
1.714375,0.785455341553845
1.7145,0.785456424359358
1.714625,0.785457505346597
1.71475,0.785458584496305
1.714875,0.785459661789364
1.715,0.785460737206807
1.715125,0.785461810729828
1.71525,0.785462882339808
1.715375,0.78546395201832
1.7155,0.785465019747139
1.715625,0.785466085508251
1.71575,0.785467149283867
1.715875,0.785468211056427
1.716,0.785469270808615
1.716125,0.785470328523245
1.71625,0.785471384182754
1.716375,0.785472437769314
1.7165,0.785473489264925
1.716625,0.785474538651427
1.71675,0.785475585910514
1.716875,0.785476631023738
1.717,0.785477673972528
1.717125,0.785478714738201
1.71725,0.78547975330198
1.717375,0.785480789645012
1.7175,0.785481823748368
1.717625,0.785482855593062
1.71775,0.785483885160058
1.717875,0.785484912430284
1.718,0.785485937384643
1.718125,0.785486960004027
1.71825,0.785487980269337
1.718375,0.7854889981615
1.7185,0.785490013661472
1.718625,0.785491026750249
1.71875,0.785492037408885
1.718875,0.785493045618495
1.719,0.785494051360271
1.719125,0.785495054615495
1.71925,0.785496055365564
1.719375,0.785497053591999
1.7195,0.785498049276453
1.719625,0.78549904240072
1.71975,0.785500032946748
1.719875,0.78550102089665
1.72,0.785502006232711
1.720125,0.785502988937406
1.72025,0.785503968993423
1.720375,0.785504946383672
1.7205,0.785505921091288
1.720625,0.785506893099649
1.72075,0.785507862392376
1.720875,0.785508828953349
1.721,0.785509792766715
1.721125,0.785510753816778
1.72125,0.785511712087524
1.721375,0.785512667562719
1.7215,0.785513620226003
1.721625,0.785514570060898
1.72175,0.785515517050823
1.721875,0.785516461179097
1.722,0.785517402428957
1.722125,0.785518340783566
1.72225,0.785519276226046
1.722375,0.785520208739477
1.7225,0.785521138306912
1.722625,0.785522064911386
1.72275,0.785522988535922
1.722875,0.785523909163548
1.723,0.785524826777303
1.723125,0.785525741360255
1.72325,0.785526652895523
1.723375,0.785527561366291
1.7235,0.785528466755809
1.723625,0.785529369047409
1.72375,0.78553026822451
1.723875,0.785531164270633
1.724,0.785532057169404
1.724125,0.785532946904577
1.72425,0.785533833460057
1.724375,0.785534716819906
1.7245,0.785535596968354
1.724625,0.785536473889801
1.72475,0.785537347568835
1.724875,0.785538217990234
1.725,0.785539085138979
1.725125,0.785539949000268
1.72525,0.785540809559543
1.725375,0.785541666802495
1.7255,0.785542520715072
1.725625,0.785543371283483
1.72575,0.78554421849421
1.725875,0.785545062334014
1.726,0.785545902789944
1.726125,0.785546739849236
1.72625,0.785547573498873
1.726375,0.785548403725677
1.7265,0.785549230516394
1.726625,0.785550053857699
1.72675,0.78555087373621
1.726875,0.785551690138492
1.727,0.785552503051067
1.727125,0.785553312460431
1.72725,0.785554118353077
1.727375,0.785554920715507
1.7275,0.78555571953423
1.727625,0.785556514795777
1.72775,0.785557306486706
1.727875,0.785558094593612
1.728,0.785558879103135
1.728125,0.785559660001974
1.72825,0.785560437276917
1.728375,0.785561210914846
1.7285,0.785561980902742
1.728625,0.78556274722769
1.72875,0.785563509876893
1.728875,0.785564268837673
1.729,0.785565024097486
1.729125,0.78556577564393
1.72925,0.78556652346478
1.729375,0.785567267547988
1.7295,0.785568007881688
1.729625,0.785568744454205
1.72975,0.785569477254059
1.729875,0.785570206269976
1.73,0.785570931490893
1.730125,0.785571652905968
1.73025,0.785572370504618
1.730375,0.785573084276514
1.7305,0.78557379421159
1.730625,0.785574500300042
1.73075,0.78557520253234
1.730875,0.785575900899232
1.731,0.785576595391748
1.731125,0.785577286001115
1.73125,0.78557797271836
1.731375,0.785578655534396
1.7315,0.785579334440092
1.731625,0.785580009426278
1.73175,0.785580680483755
1.731875,0.7855813476033
1.732,0.78558201077567
1.732125,0.78558266999162
1.73225,0.785583325241926
1.732375,0.785583976517396
1.7325,0.785584623808863
1.732625,0.7855852671072
1.73275,0.785585906403319
1.732875,0.785586541688184
1.733,0.78558717295281
1.733125,0.785587800188283
1.73325,0.785588423385787
1.733375,0.785589042536603
1.7335,0.785589657632117
1.733625,0.785590268663822
1.73375,0.785590875623323
1.733875,0.785591478502347
1.734,0.785592077292744
1.734125,0.785592671986501
1.73425,0.785593262575776
1.734375,0.785593849052893
1.7345,0.785594431410348
1.734625,0.785595009640814
1.73475,0.785595583737139
1.734875,0.785596153692363
1.735,0.785596719499711
1.735125,0.785597281152612
1.73525,0.785597838644727
1.735375,0.78559839196995
1.7355,0.785598941122407
1.735625,0.785599486096462
1.73575,0.785600026886717
1.735875,0.785600563488019
1.736,0.785601095895464
1.736125,0.785601624104318
1.73625,0.785602148109689
1.736375,0.785602667906589
1.7365,0.785603183490001
1.736625,0.785603694854876
1.73675,0.785604201996143
1.736875,0.785604704908709
1.737,0.785605203587466
1.737125,0.785605698027303
1.73725,0.785606188223131
1.737375,0.785606674169891
1.7375,0.785607155862544
1.737625,0.785607633296084
1.73775,0.785608106465537
1.737875,0.785608575365968
1.738,0.785609039992481
1.738125,0.785609500340235
1.73825,0.785609956404472
1.738375,0.785610408180515
1.7385,0.785610855663772
1.738625,0.785611298849735
1.73875,0.785611737733984
1.738875,0.785612172312196
1.739,0.785612602580142
1.739125,0.785613028533702
1.73925,0.785613450168893
1.739375,0.78561386748187
1.7395,0.785614280468925
1.739625,0.785614689126487
1.73975,0.785615093451127
1.739875,0.785615493439562
1.74,0.785615889088657
1.740125,0.785616280395434
1.74025,0.785616667357105
1.740375,0.785617049971068
1.7405,0.785617428234905
1.740625,0.785617802146385
1.74075,0.785618171703467
1.740875,0.7856185369043
1.741,0.785618897747225
1.741125,0.785619254230718
1.74125,0.785619606353121
1.741375,0.7856199541127
1.7415,0.785620297507686
1.741625,0.785620636536283
1.74175,0.785620971196667
1.741875,0.785621301486988
1.742,0.785621627405377
1.742125,0.785621948949949
1.74225,0.78562226611884
1.742375,0.7856225789102
1.7425,0.785622887322192
1.742625,0.785623191352996
1.74275,0.785623491000807
1.742875,0.785623786263844
1.743,0.785624077140349
1.743125,0.785624363628594
1.74325,0.785624645726915
1.743375,0.78562492343371
1.7435,0.785625196747433
1.743625,0.7856254656666
1.74375,0.785625730189785
1.743875,0.785625990315632
1.744,0.785626246042847
1.744125,0.785626497370214
1.74425,0.785626744296622
1.744375,0.785626986821064
1.7445,0.785627224942632
1.744625,0.785627458660521
1.74475,0.785627687974029
1.744875,0.785627912882558
1.745,0.785628133385618
1.745125,0.785628349482834
1.74525,0.785628561173977
1.745375,0.78562876845896
1.7455,0.785628971337835
1.745625,0.785629169810791
1.74575,0.78562936387816
1.745875,0.785629553540416
1.746,0.785629738798172
1.746125,0.785629919652144
1.74625,0.785630096102953
1.746375,0.785630268151171
1.7465,0.785630435797347
1.746625,0.785630599042012
1.74675,0.785630757885678
1.746875,0.78563091232884
1.747,0.785631062371979
1.747125,0.785631208015567
1.74725,0.7856313492601
1.747375,0.785631486106091
1.7475,0.785631618554068
1.747625,0.785631746604577
1.74775,0.78563187025818
1.747875,0.785631989515456
1.748,0.785632104377006
1.748125,0.785632214843458
1.74825,0.785632320915497
1.748375,0.785632422593862
1.7485,0.785632519879341
1.748625,0.785632612772772
1.74875,0.785632701275046
1.748875,0.785632785387106
1.749,0.785632865109947
1.749125,0.785632940444625
1.74925,0.785633011392288
1.749375,0.78563307795417
1.7495,0.785633140131587
1.749625,0.785633197925937
1.74975,0.785633251338701
1.749875,0.785633300371445
1.75,0.785633345025817
1.750125,0.785633385303559
1.75025,0.785633421206531
1.750375,0.785633452736712
1.7505,0.78563347989619
1.750625,0.785633502687166
1.75075,0.78563352111195
1.750875,0.785633535172966
1.751,0.785633544872748
1.751125,0.785633550213913
1.75125,0.785633551199055
1.751375,0.785633547830763
1.7515,0.785633540111636
1.751625,0.785633528044292
1.75175,0.785633511631357
1.751875,0.785633490875475
1.752,0.785633465779301
1.752125,0.785633436345511
1.75225,0.785633402576831
1.752375,0.785633364476028
1.7525,0.785633322045911
1.752625,0.785633275289327
1.75275,0.78563322420916
1.752875,0.785633168808334
1.753,0.78563310908981
1.753125,0.785633045056593
1.75325,0.785632976711764
1.753375,0.78563290405847
1.7535,0.785632827099919
1.753625,0.785632745839384
1.75375,0.785632660280198
1.753875,0.785632570425755
1.754,0.785632476279509
1.754125,0.785632377844981
1.75425,0.785632275125788
1.754375,0.785632168125635
1.7545,0.785632056848312
1.754625,0.78563194129769
1.75475,0.785631821477721
1.754875,0.785631697392441
1.755,0.785631569045964
1.755125,0.785631436442488
1.75525,0.785631299586327
1.755375,0.785631158481903
1.7555,0.785631013133736
1.755625,0.78563086354645
1.75575,0.785630709724762
1.755875,0.785630551673492
1.756,0.785630389397552
1.756125,0.785630222901941
1.75625,0.785630052191714
1.756375,0.785629877271986
1.7565,0.785629698147932
1.756625,0.78562951482479
1.75675,0.785629327307858
1.756875,0.785629135602489
1.757,0.785628939714096
1.757125,0.78562873964815
1.75725,0.785628535410213
1.757375,0.785628327005925
1.7575,0.785628114441003
1.757625,0.785627897721234
1.75775,0.785627676852479
1.757875,0.785627451840663
1.758,0.785627222691781
1.758125,0.785626989411898
1.75825,0.785626752007176
1.758375,0.785626510483868
1.7585,0.78562626484831
1.758625,0.785626015106919
1.75875,0.785625761266188
1.758875,0.785625503332689
1.759,0.785625241313067
1.759125,0.785624975214043
1.75925,0.785624705042445
1.759375,0.785624430805194
1.7595,0.7856241525093
1.759625,0.78562387016186
1.75975,0.785623583770053
1.759875,0.785623293341138
1.76,0.785622998882452
1.760125,0.785622700401412
1.76025,0.785622397905544
1.760375,0.785622091402469
1.7605,0.7856217808999
1.760625,0.785621466405636
1.76075,0.785621147927562
1.760875,0.785620825473643
1.761,0.78562049905192
1.761125,0.785620168670521
1.76125,0.785619834337706
1.761375,0.78561949606185
1.7615,0.785619153851437
1.761625,0.785618807715052
1.76175,0.78561845766138
1.761875,0.785618103699201
1.762,0.785617745837387
1.762125,0.785617384084905
1.76225,0.78561701845084
1.762375,0.785616648944384
1.7625,0.785616275574832
1.762625,0.785615898351575
1.76275,0.785615517284094
1.762875,0.785615132381961
1.763,0.78561474365483
1.763125,0.785614351112441
1.76325,0.785613954764645
1.763375,0.78561355462139
1.7635,0.785613150692716
1.763625,0.785612742988748
1.76375,0.785612331519693
1.763875,0.785611916295835
1.764,0.785611497327531
1.764125,0.785611074625209
1.76425,0.785610648199398
1.764375,0.785610218060709
1.7645,0.785609784219831
1.764625,0.785609346687527
1.76475,0.785608905474624
1.764875,0.785608460592016
1.765,0.785608012050649
1.765125,0.785607559861532
1.76525,0.785607104035751
1.765375,0.785606644584464
1.7655,0.785606181518889
1.765625,0.785605714850297
1.76575,0.785605244590012
1.765875,0.785604770749402
1.766,0.785604293339874
1.766125,0.785603812372899
1.76625,0.785603327860131
1.766375,0.785602839813378
1.7665,0.785602348244571
1.766625,0.785601853165768
1.76675,0.785601354589138
1.766875,0.785600852526962
1.767,0.785600346991624
1.767125,0.785599837995614
1.76725,0.785599325551544
1.767375,0.785598809672137
1.7675,0.785598290370221
1.767625,0.785597767658719
1.76775,0.785597241550643
1.767875,0.785596712059089
1.768,0.785596179197232
1.768125,0.785595642978321
1.76825,0.785595103415702
1.768375,0.785594560522804
1.7685,0.785594014313129
1.768625,0.785593464800247
1.76875,0.785592911997787
1.768875,0.785592355919433
1.769,0.785591796578916
1.769125,0.785591233990011
1.76925,0.78559066816656
1.769375,0.785590099122453
1.7695,0.785589526871625
1.769625,0.785588951428045
1.76975,0.785588372805708
1.769875,0.785587791018632
1.77,0.785587206080851
1.770125,0.785586618006409
1.77025,0.785586026809383
1.770375,0.785585432503864
1.7705,0.785584835103956
1.770625,0.78558423462376
1.77075,0.785583631077374
1.770875,0.785583024478881
1.771,0.785582414842347
1.771125,0.785581802181856
1.77125,0.785581186511701
1.771375,0.785580567846336
1.7715,0.785579946200338
1.771625,0.785579321588402
1.77175,0.785578694025331
1.771875,0.785578063526029
1.772,0.785577430105494
1.772125,0.785576793778815
1.77225,0.785576154561189
1.772375,0.785575512467905
1.7725,0.785574867514337
1.772625,0.785574219715931
1.77275,0.785573569088204
1.772875,0.785572915646731
1.773,0.785572259407137
1.773125,0.785571600385099
1.77325,0.785570938596354
1.773375,0.785570274056689
1.7735,0.785569606781933
1.773625,0.785568936787941
1.77375,0.785568264090596
1.773875,0.785567588705792
1.774,0.785566910649433
1.774125,0.785566229937426
1.77425,0.785565546585692
1.774375,0.785564860610161
1.7745,0.785564172026752
1.774625,0.78556348085137
1.77475,0.785562787099899
1.774875,0.785562090788192
1.775,0.785561391932061
1.775125,0.785560690547281
1.77525,0.785559986649591
1.775375,0.785559280254692
1.7755,0.785558571378232
1.775625,0.785557860035797
1.77575,0.785557146242905
1.775875,0.785556430015
1.776,0.785555711367441
1.776125,0.785554990315557
1.77625,0.785554266874897
1.776375,0.785553541061169
1.7765,0.785552812890194
1.776625,0.785552082377895
1.77675,0.78555134954029
1.776875,0.785550614393484
1.777,0.785549876953659
1.777125,0.785549137237072
1.77725,0.785548395260063
1.777375,0.785547651039043
1.7775,0.785546904590487
1.777625,0.785546155930917
1.77775,0.785545405076901
1.777875,0.785544652045041
1.778,0.785543896851966
1.778125,0.785543139514325
1.77825,0.785542380048799
1.778375,0.785541618472085
1.7785,0.785540854800889
1.778625,0.785540089051914
1.77875,0.785539321241853
1.778875,0.785538551387382
1.779,0.785537779505148
1.779125,0.785537005611765
1.77925,0.785536229723824
1.779375,0.785535451857881
1.7795,0.785534672030442
1.779625,0.78553389025796
1.77975,0.785533106556823
1.779875,0.785532320943348
1.78,0.78553153343377
1.780125,0.78553074404424
1.78025,0.785529952790831
1.780375,0.785529159689527
1.7805,0.78552836475621
1.780625,0.785527568006656
1.78075,0.785526769456526
1.780875,0.785525969121356
1.781,0.785525167016551
1.781125,0.785524363157453
1.78125,0.785523557559636
1.781375,0.785522750238845
1.7815,0.785521941210933
1.781625,0.785521130491853
1.78175,0.785520318097652
1.781875,0.78551950404446
1.782,0.785518688348482
1.782125,0.785517871025993
1.78225,0.785517052093344
1.782375,0.785516231566948
1.7825,0.785515409463272
1.782625,0.785514585798827
1.78275,0.78551376059016
1.782875,0.785512933853843
1.783,0.785512105606466
1.783125,0.785511275864634
1.78325,0.785510444644963
1.783375,0.785509611964079
1.7835,0.7855087778386
1.783625,0.785507942285129
1.78375,0.785507105320246
1.783875,0.7855062669605
1.784,0.785505427222398
1.784125,0.785504586122402
1.78425,0.785503743676931
1.784375,0.785502899902347
1.7845,0.785502054814951
1.784625,0.785501208430968
1.78475,0.785500360766543
1.784875,0.785499511837732
1.785,0.785498661660492
1.785125,0.785497810250675
1.78525,0.785496957624035
1.785375,0.785496103796212
1.7855,0.785495248782723
1.785625,0.78549439259896
1.78575,0.785493535260175
1.785875,0.785492676781476
1.786,0.785491817177817
1.786125,0.785490956464079
1.78625,0.785490094655405
1.786375,0.785489231767132
1.7865,0.785488367814719
1.786625,0.785487502813744
1.78675,0.785486636779892
1.786875,0.785485769728946
1.787,0.785484901676783
1.787125,0.785484032639361
1.78725,0.785483162632724
1.787375,0.785482291672993
1.7875,0.78548141977635
1.787625,0.785480546959036
1.78775,0.785479673237336
1.787875,0.785478798627573
1.788,0.785477923146101
1.788125,0.785477046809294
1.78825,0.785476169633549
1.788375,0.785475291635274
1.7885,0.785474412830879
1.788625,0.785473533236765
1.78875,0.785472652869318
1.788875,0.785471771744897
1.789,0.785470889879829
1.789125,0.785470007290398
1.78925,0.785469123992847
1.789375,0.785468240003365
1.7895,0.785467355338081
1.789625,0.785466470013052
1.78975,0.785465584044256
1.789875,0.785464697447582
1.79,0.785463810238824
1.790125,0.785462922433673
1.79025,0.785462034047714
1.790375,0.785461145096418
1.7905,0.785460255595132
1.790625,0.785459365559072
1.79075,0.785458475003313
1.790875,0.785457583942782
1.791,0.785456692392254
1.791125,0.785455800366428
1.79125,0.785454907880304
1.791375,0.785454014949103
1.7915,0.785453121588192
1.791625,0.785452227813079
1.79175,0.785451333639402
1.791875,0.78545043908292
1.792,0.785449544159507
1.792125,0.785448648885141
1.79225,0.785447753275901
1.792375,0.785446857347961
1.7925,0.785445961117574
1.792625,0.785445064601066
1.79275,0.78544416781483
1.792875,0.785443270775308
1.793,0.785442373498992
1.793125,0.785441476002409
1.79325,0.785440578302118
1.793375,0.785439680414703
1.7935,0.785438782356758
1.793625,0.785437884144882
1.79375,0.785436985795666
1.793875,0.785436087325688
1.794,0.785435188751503
1.794125,0.78543429008963
1.79425,0.785433391356553
1.794375,0.785432492568706
1.7945,0.785431593742467
1.794625,0.785430694894147
1.79475,0.785429796039981
1.794875,0.785428897196123
1.795,0.78542799837863
1.795125,0.785427099603461
1.79525,0.785426200886466
1.795375,0.785425302243378
1.7955,0.785424403689806
1.795625,0.785423505241223
1.79575,0.785422606912962
1.795875,0.785421708720204
1.796,0.785420810677972
1.796125,0.785419912801216
1.79625,0.785419015105209
1.796375,0.785418117605453
1.7965,0.785417220317615
1.796625,0.785416323257507
1.79675,0.785415426441088
1.796875,0.785414529884446
1.797,0.785413633603791
1.797125,0.785412737615449
1.79725,0.78541184193585
1.797375,0.785410946581523
1.7975,0.78541005156908
1.797625,0.785409156915212
1.79775,0.785408262636676
1.797875,0.785407368750289
1.798,0.785406475272912
1.798125,0.785405582221449
1.79825,0.785404689612829
1.798375,0.785403797464004
1.7985,0.785402905791933
1.798625,0.785402014613579
1.79875,0.785401123945891
1.798875,0.785400233805803
1.799,0.785399344210218
1.799125,0.785398455176003
1.79925,0.785397566719975
1.799375,0.785396678858892
1.7995,0.785395791609447
1.799625,0.785394904988257
1.79975,0.78539401901185
1.799875,0.785393133696664
1.8,0.785392249059028
1.800125,0.785391365115161
1.80025,0.785390481881157
1.800375,0.785389599372973
1.8005,0.785388717606428
1.800625,0.785387836597189
1.80075,0.785386956360764
1.800875,0.785386076912495
1.801,0.785385198267544
1.801125,0.78538432044099
1.80125,0.785383443448218
1.801375,0.785382567304836
1.8015,0.785381692026602
1.801625,0.785380817629409
1.80175,0.785379944129279
1.801875,0.785379071542353
1.802,0.78537819988488
1.802125,0.78537732917321
1.80225,0.785376459423777
1.802375,0.785375590653096
1.8025,0.785374722877745
1.802625,0.785373856114366
1.80275,0.785372990379646
1.802875,0.785372125690312
1.803,0.785371262063119
1.803125,0.785370399514843
1.80325,0.785369538062263
1.803375,0.785368677722154
1.8035,0.785367818511278
1.803625,0.785366960446372
1.80375,0.785366103544145
1.803875,0.785365247821259
1.804,0.785364393294326
1.804125,0.785363539979897
1.80425,0.785362687894444
1.804375,0.785361837054353
1.8045,0.785360987475917
1.804625,0.785360139175323
1.80475,0.785359292168647
1.804875,0.785358446471845
1.805,0.785357602100738
1.805125,0.78535675907101
1.80525,0.785355917398184
1.805375,0.785355077097621
1.8055,0.785354238184509
1.805625,0.785353400673856
1.80575,0.785352564580481
1.805875,0.785351729919005
1.806,0.785350896703846
1.806125,0.7853500649493
1.80625,0.78534923466994
1.806375,0.785348405880529
1.8065,0.785347578595941
1.806625,0.785346752831157
1.80675,0.785345928601254
1.806875,0.785345105921396
1.807,0.785344284806826
1.807125,0.785343465272853
1.80725,0.785342647334835
1.807375,0.785341831008175
1.8075,0.785341016308311
1.807625,0.785340203250704
1.80775,0.785339391850832
1.807875,0.785338582124182
1.808,0.785337774086236
1.808125,0.785336967752465
1.80825,0.785336163138306
1.808375,0.785335360259161
1.8085,0.785334559130382
1.808625,0.785333759767269
1.80875,0.785332962185056
1.808875,0.785332166398903
1.809,0.785331372423891
1.809125,0.785330580275005
1.80925,0.785329789967118
1.809375,0.785329001514987
1.8095,0.785328214933242
1.809625,0.785327430236377
1.80975,0.785326647438747
1.809875,0.785325866554555
1.81,0.785325087597844
1.810125,0.78532431058249
1.81025,0.785323535522178
1.810375,0.785322762430399
1.8105,0.785321991320443
1.810625,0.785321222205393
1.81075,0.785320455098117
1.810875,0.785319690011259
1.811,0.785318926957234
1.811125,0.785318165948309
1.81125,0.785317406996986
1.811375,0.785316650115911
1.8115,0.785315895317814
1.811625,0.785315142615492
1.81175,0.785314392021806
1.811875,0.785313643549673
1.812,0.785312897212056
1.812125,0.785312153021954
1.81225,0.785311410992381
1.812375,0.785310671136364
1.8125,0.785309933466934
1.812625,0.785309197997116
1.81275,0.785308464739927
1.812875,0.785307733708363
1.813,0.785307004915391
1.813125,0.785306278373942
1.81325,0.785305554096886
1.813375,0.785304832097032
1.8135,0.785304112387115
1.813625,0.785303394979794
1.81375,0.785302679887644
1.813875,0.785301967123145
1.814,0.785301256698678
1.814125,0.785300548626511
1.81425,0.785299842918783
1.814375,0.785299139587493
1.8145,0.785298438644498
1.814625,0.785297740101508
1.81475,0.785297043970076
1.814875,0.785296350261593
1.815,0.785295658987278
1.815125,0.785294970158172
1.81525,0.785294283785116
1.815375,0.785293599878743
1.8155,0.785292918449479
1.815625,0.785292239507535
1.81575,0.7852915630629
1.815875,0.785290889125337
1.816,0.785290217704376
1.816125,0.785289548809394
1.81625,0.785288882449964
1.816375,0.78528821863578
1.8165,0.785287557376595
1.816625,0.785286898682211
1.81675,0.785286242562477
1.816875,0.785285589027277
1.817,0.78528493808653
1.817125,0.785284289750174
1.81725,0.785283644028147
1.817375,0.785283000930385
1.8175,0.785282360466815
1.817625,0.785281722647351
1.81775,0.785281087481886
1.817875,0.785280454980287
1.818,0.785279825152387
1.818125,0.785279198007976
1.81825,0.785278573556779
1.818375,0.785277951808453
1.8185,0.785277332772581
1.818625,0.785276716458668
1.81875,0.785276102876137
1.818875,0.785275492034319
1.819,0.785274883942448
1.819125,0.785274278609654
1.81925,0.785273676044937
1.819375,0.785273076257166
1.8195,0.785272479255075
1.819625,0.785271885047261
1.81975,0.785271293642174
1.819875,0.785270705048113
1.82,0.785270119273223
1.820125,0.785269536325485
1.82025,0.78526895621269
1.820375,0.785268378942442
1.8205,0.78526780452215
1.820625,0.785267232959032
1.82075,0.785266664260102
1.820875,0.785266098432172
1.821,0.785265535481843
1.821125,0.78526497541558
1.82125,0.785264418240021
1.821375,0.785263863961917
1.8215,0.785263312588072
1.821625,0.785262764125337
1.82175,0.785262218580608
1.821875,0.785261675960819
1.822,0.785261136272938
1.822125,0.785260599523957
1.82225,0.78526006572087
1.822375,0.785259534870672
1.8225,0.785259006980355
1.822625,0.785258482056906
1.82275,0.785257960107298
1.822875,0.78525744113849
1.823,0.785256925157419
1.823125,0.78525641217099
1.82325,0.785255902186056
1.823375,0.785255395209414
1.8235,0.785254891247806
1.823625,0.785254390307909
1.82375,0.785253892396338
1.823875,0.785253397519636
1.824,0.78525290568427
1.824125,0.785252416896625
1.82425,0.785251931162976
1.824375,0.785251448489491
1.8245,0.785250968882229
1.824625,0.785250492347135
1.82475,0.785250018890035
1.824875,0.785249548516635
1.825,0.785249081232516
1.825125,0.785248617043123
1.82525,0.785248155953743
1.825375,0.785247697969506
1.8255,0.785247243095385
1.825625,0.785246791336188
1.82575,0.785246342696563
1.825875,0.785245897180984
1.826,0.785245454793759
1.826125,0.785245015539083
1.82625,0.78524457942131
1.826375,0.785244146444896
1.8265,0.785243716614354
1.826625,0.785243289934246
1.82675,0.785242866409181
1.826875,0.785242446043814
1.827,0.785242028842837
1.827125,0.785241614810975
1.82725,0.78524120395296
1.827375,0.785240796273532
1.8275,0.785240391777439
1.827625,0.785239990469432
1.82775,0.785239592354262
1.827875,0.785239197436675
1.828,0.78523880572141
1.828125,0.785238417213191
1.82825,0.785238031916701
1.828375,0.785237649836582
1.8285,0.785237270977436
1.828625,0.785236895343824
1.82875,0.785236522940257
1.828875,0.785236153771196
1.829,0.785235787841047
1.829125,0.785235425154155
1.82925,0.785235065714777
1.829375,0.785234709527083
1.8295,0.785234356595159
1.829625,0.785234006923001
1.82975,0.785233660514513
1.829875,0.785233317373502
1.83,0.785232977503678
1.830125,0.785232640908645
1.83025,0.785232307591876
1.830375,0.785231977556714
1.8305,0.785231650806373
1.830625,0.785231327343938
1.83075,0.785231007172359
1.830875,0.785230690294448
1.831,0.785230376712883
1.831125,0.785230066430248
1.83125,0.785229759449258
1.831375,0.78522945577271
1.8315,0.785229155403445
1.831625,0.785228858344345
1.83175,0.785228564598333
1.831875,0.785228274168364
1.832,0.785227987057431
1.832125,0.785227703268548
1.83225,0.785227422804731
1.832375,0.785227145669
1.8325,0.785226871864376
1.832625,0.785226601393882
1.83275,0.785226334260537
1.832875,0.785226070467354
1.833,0.78522581001734
1.833125,0.785225552913484
1.83325,0.785225299158734
1.833375,0.785225048755999
1.8335,0.785224801708153
1.833625,0.785224558018023
1.83375,0.785224317688399
1.833875,0.78522408072202
1.834,0.785223847121579
1.834125,0.78522361688971
1.83425,0.785223390028969
1.834375,0.785223166541831
1.8345,0.785222946430693
1.834625,0.785222729697873
1.83475,0.785222516345606
1.834875,0.785222306376042
1.835,0.785222099791244
1.835125,0.785221896593182
1.83525,0.785221696783706
1.835375,0.785221500364551
1.8355,0.785221307337336
1.835625,0.785221117703564
1.83575,0.785220931464622
1.835875,0.785220748621773
1.836,0.785220569176164
1.836125,0.785220393128854
1.83625,0.785220220480978
1.836375,0.785220051233714
1.8365,0.785219885388255
1.836625,0.785219722945805
1.83675,0.785219563907582
1.836875,0.785219408274808
1.837,0.785219256048716
1.837125,0.785219107230537
1.83725,0.785218961821479
1.837375,0.785218819822727
1.8375,0.785218681235448
1.837625,0.785218546060784
1.83775,0.785218414299858
1.837875,0.785218285953764
1.838,0.785218161023572
1.838125,0.785218039510317
1.83825,0.785217921414974
1.838375,0.785217806738466
1.8385,0.785217695481662
1.838625,0.785217587645374
1.83875,0.785217483230361
1.838875,0.785217382237321
1.839,0.785217284666896
1.839125,0.785217190519661
1.83925,0.785217099796099
1.839375,0.785217012496609
1.8395,0.785216928621504
1.839625,0.785216848171012
1.83975,0.785216771145275
1.839875,0.785216697544345
1.84,0.785216627368188
1.840125,0.785216560616673
1.84025,0.785216497289552
1.840375,0.785216437386459
1.8405,0.785216380906919
1.840625,0.78521632785034
1.84075,0.78521627821602
1.840875,0.785216232003142
1.841,0.785216189210772
1.841125,0.785216149837889
1.84125,0.78521611388348
1.841375,0.785216081346522
1.8415,0.785216052225964
1.841625,0.785216026520729
1.84175,0.785216004229711
1.841875,0.785215985351777
1.842,0.785215969885762
1.842125,0.785215957830468
1.84225,0.78521594918464
1.842375,0.785215943946966
1.8425,0.785215942116085
1.842625,0.785215943690586
1.84275,0.785215948669003
1.842875,0.785215957049823
1.843,0.785215968831478
1.843125,0.785215984012345
1.84325,0.785216002590718
1.843375,0.785216024564817
1.8435,0.78521604993279
1.843625,0.78521607869271
1.84375,0.785216110842581
1.843875,0.785216146380333
1.844,0.785216185303825
1.844125,0.785216227610837
1.84425,0.785216273299052
1.844375,0.785216322366056
1.8445,0.785216374809343
1.844625,0.785216430626319
1.84475,0.785216489814298
1.844875,0.785216552370504
1.845,0.785216618292073
1.845125,0.785216687576048
1.84525,0.785216760219355
1.845375,0.785216836218808
1.8455,0.785216915571115
1.845625,0.785216998272881
1.84575,0.785217084320604
1.845875,0.78521717371068
1.846,0.785217266439401
1.846125,0.78521736250297
1.84625,0.785217461897536
1.846375,0.785217564619193
1.8465,0.785217670663971
1.846625,0.785217780027838
1.84675,0.785217892706704
1.846875,0.785218008696417
1.847,0.78521812799277
1.847125,0.785218250591491
1.84725,0.785218376488229
1.847375,0.785218505678553
1.8475,0.785218638157961
1.847625,0.785218773921879
1.84775,0.785218912965667
1.847875,0.785219055284613
1.848,0.785219200873945
1.848125,0.785219349728817
1.84825,0.785219501844296
1.848375,0.785219657215362
1.8485,0.785219815836919
1.848625,0.785219977703792
1.84875,0.785220142810734
1.848875,0.785220311152423
1.849,0.785220482723467
1.849125,0.7852206575184
1.84925,0.785220835531662
1.849375,0.785221016757605
1.8495,0.785221201190498
1.849625,0.785221388824532
1.84975,0.785221579653819
1.849875,0.785221773672397
1.85,0.785221970874231
1.850125,0.785222171253211
1.85025,0.78522237480313
1.850375,0.785222581517695
1.8505,0.78522279139053
1.850625,0.785223004415177
1.85075,0.785223220585105
1.850875,0.785223439893705
1.851,0.7852236623343
1.851125,0.785223887900138
1.85125,0.785224116584372
1.851375,0.785224348380073
1.8515,0.78522458328023
1.851625,0.785224821277757
1.85175,0.785225062365495
1.851875,0.785225306536214
1.852,0.785225553782617
1.852125,0.785225804097341
1.85225,0.785226057472931
1.852375,0.785226313901856
1.8525,0.785226573376509
1.852625,0.785226835889215
1.85275,0.785227101432232
1.852875,0.785227369997755
1.853,0.785227641577918
1.853125,0.785227916164797
1.85325,0.785228193750386
1.853375,0.78522847432661
1.8535,0.785228757885328
1.853625,0.785229044418339
1.85375,0.785229333917386
1.853875,0.785229626374156
1.854,0.78522992178029
1.854125,0.785230220127377
1.85425,0.785230521406936
1.854375,0.78523082561043
1.8545,0.785231132729266
1.854625,0.785231442754803
1.85475,0.785231755678355
1.854875,0.785232071491196
1.855,0.785232390184562
1.855125,0.785232711749651
1.85525,0.785233036177607
1.855375,0.785233363459527
1.8555,0.785233693586469
1.855625,0.785234026549457
1.85575,0.785234362339483
1.855875,0.785234700947511
1.856,0.785235042364486
1.856125,0.785235386581311
1.85625,0.785235733588777
1.856375,0.785236083377578
1.8565,0.785236435938333
1.856625,0.785236791261585
1.85675,0.785237149337811
1.856875,0.785237510157423
1.857,0.785237873710774
1.857125,0.785238239988158
1.85725,0.785238608979792
1.857375,0.785238980675829
1.8575,0.785239355066363
1.857625,0.785239732141434
1.85775,0.785240111891033
1.857875,0.785240494305108
1.858,0.785240879373565
1.858125,0.785241267086273
1.85825,0.785241657433047
1.858375,0.785242050403657
1.8585,0.785242445987834
1.858625,0.78524284417528
1.85875,0.785243244955668
1.858875,0.785243648318648
1.859,0.785244054253854
1.859125,0.785244462750902
1.85925,0.785244873799378
1.859375,0.785245287388845
1.8595,0.785245703508852
1.859625,0.785246122148941
1.85975,0.785246543298647
1.859875,0.785246966947506
1.86,0.785247393085062
1.860125,0.785247821700864
1.86025,0.785248252784453
1.860375,0.785248686325373
1.8605,0.785249122313179
1.860625,0.785249560737438
1.86075,0.785250001587738
1.860875,0.785250444853691
1.861,0.785250890524939
1.861125,0.785251338591125
1.86125,0.785251789041761
1.861375,0.785252241866263
1.8615,0.785252697053975
1.861625,0.785253154594174
1.86175,0.785253614476078
1.861875,0.785254076688849
1.862,0.785254541221601
1.862125,0.785255008063397
1.86225,0.785255477203241
1.862375,0.785255948630086
1.8625,0.785256422332841
1.862625,0.785256898300376
1.86275,0.785257376521531
1.862875,0.785257856985118
1.863,0.785258339679926
1.863125,0.785258824594727
1.86325,0.78525931171826
1.863375,0.785259801039244
1.8635,0.785260292546383
1.863625,0.785260786228372
1.86375,0.785261282073905
1.863875,0.785261780071677
1.864,0.785262280210393
1.864125,0.785262782478767
1.86425,0.785263286865513
1.864375,0.785263793359354
1.8645,0.785264301949028
1.864625,0.785264812623296
1.86475,0.785265325370948
1.864875,0.785265840180803
1.865,0.785266357041721
1.865125,0.785266875942602
1.86525,0.785267396872376
1.865375,0.785267919820011
1.8655,0.785268444774523
1.865625,0.785268971724977
1.86575,0.785269500660499
1.865875,0.785270031570273
1.866,0.785270564443554
1.866125,0.785271099269623
1.86625,0.78527163603761
1.866375,0.785272174736533
1.8665,0.785272715355335
1.866625,0.785273257882892
1.86675,0.785273802308011
1.866875,0.785274348619446
1.867,0.785274896805896
1.867125,0.78527544685601
1.86725,0.785275998758379
1.867375,0.785276552501544
1.8675,0.785277108074003
1.867625,0.785277665464219
1.86775,0.785278224660623
1.867875,0.785278785651626
1.868,0.785279348425615
1.868125,0.785279912970965
1.86825,0.785280479276025
1.868375,0.785281047329132
1.8685,0.785281617118612
1.868625,0.785282188632794
1.86875,0.785282761860008
1.868875,0.785283336788598
1.869,0.785283913406922
1.869125,0.785284491703359
1.86925,0.785285071666299
1.869375,0.785285653284155
1.8695,0.785286236545366
1.869625,0.785286821438406
1.86975,0.785287407951789
1.869875,0.785287996074075
1.87,0.785288585793876
1.870125,0.785289177099858
1.87025,0.785289769980733
1.870375,0.785290364425272
1.8705,0.785290960422306
1.870625,0.785291557960737
1.87075,0.78529215702954
1.870875,0.785292757617771
1.871,0.785293359714569
1.871125,0.785293963309111
1.87125,0.785294568390386
1.871375,0.785295174947248
1.8715,0.785295782968455
1.871625,0.785296392442678
1.87175,0.785297003358505
1.871875,0.78529761570445
1.872,0.785298229468954
1.872125,0.785298844640396
1.87225,0.785299461207078
1.872375,0.785300079157243
1.8725,0.785300698479074
1.872625,0.785301319160709
1.87275,0.78530194119024
1.872875,0.785302564555722
1.873,0.785303189245182
1.873125,0.785303815246618
1.87325,0.785304442547997
1.873375,0.785305071137263
1.8735,0.785305701002346
1.873625,0.785306332131166
1.87375,0.785306964511641
1.873875,0.785307598131694
1.874,0.785308232979255
1.874125,0.785308869042273
1.87425,0.785309506308703
1.874375,0.78531014476652
1.8745,0.785310784403725
1.874625,0.785311425208354
1.87475,0.785312067168478
1.874875,0.785312710272215
1.875,0.785313354507733
1.875125,0.785313999863255
1.87525,0.785314646327056
1.875375,0.785315293887472
1.8755,0.785315942532902
1.875625,0.785316592251821
1.87575,0.785317243032783
1.875875,0.785317894864424
1.876,0.785318547735472
1.876125,0.785319201634689
1.87625,0.785319856550613
1.876375,0.785320512471615
1.8765,0.78532116938595
1.876625,0.785321827281761
1.87675,0.785322486147089
1.876875,0.785323145969875
1.877,0.785323806737968
1.877125,0.785324468439134
1.87725,0.785325131061047
1.877375,0.785325794591303
1.8775,0.785326459017424
1.877625,0.785327124326869
1.87775,0.785327790507036
1.877875,0.785328457545274
1.878,0.785329125428884
1.878125,0.785329794145132
1.87825,0.785330463681239
1.878375,0.785331134024395
1.8785,0.785331805161766
1.878625,0.785332477080501
1.87875,0.78533314976774
1.878875,0.785333823210616
1.879,0.785334497396268
1.879125,0.785335172311845
1.87925,0.785335847944501
1.879375,0.785336524281409
1.8795,0.785337201309768
1.879625,0.785337879016806
1.87975,0.78533855738979
1.879875,0.785339236416035
1.88,0.785339916082903
1.880125,0.785340596377817
1.88025,0.785341277288256
1.880375,0.785341958801765
1.8805,0.785342640905962
1.880625,0.785343323588545
1.88075,0.785344006837296
1.880875,0.785344690640093
1.881,0.785345374984909
1.881125,0.785346059859755
1.88125,0.785346745252398
1.881375,0.785347431150419
1.8815,0.785348117541271
1.881625,0.785348804412286
1.88175,0.785349491750679
1.881875,0.785350179543558
1.882,0.785350867777932
1.882125,0.785351556440714
1.88225,0.785352245518724
1.882375,0.785352934998698
1.8825,0.785353624867296
1.882625,0.785354315111111
1.88275,0.785355005716673
1.882875,0.785355696670459
1.883,0.785356387958899
1.883125,0.785357079568387
1.88325,0.785357771485276
1.883375,0.785358463695893
1.8835,0.785359156186545
1.883625,0.785359848943527
1.88375,0.785360541953127
1.883875,0.785361235201638
1.884,0.785361928675363
1.884125,0.785362622360621
1.88425,0.785363316243752
1.884375,0.785364010311125
1.8845,0.785364704549146
1.884625,0.785365398944266
1.88475,0.785366093482986
1.884875,0.785366788151869
1.885,0.78536748293754
1.885125,0.785368177826702
1.88525,0.78536887280613
1.885375,0.78536956786269
1.8855,0.785370262983335
1.885625,0.785370958155123
1.88575,0.785371653365215
1.885875,0.785372348600886
1.886,0.785373043849532
1.886125,0.785373739098604
1.88625,0.785374434335308
1.886375,0.785375129546672
1.8865,0.785375824719604
1.886625,0.785376519840897
1.88675,0.78537721489724
1.886875,0.785377909875224
1.887,0.785378604761349
1.887125,0.785379299542032
1.88725,0.785379994203614
1.887375,0.785380688732366
1.8875,0.785381383114497
1.887625,0.785382077336164
1.88775,0.78538277138348
1.887875,0.785383465242518
1.888,0.785384158899324
1.888125,0.785384852339921
1.88825,0.785385545550317
1.888375,0.785386238516514
1.8885,0.785386931224514
1.888625,0.785387623660329
1.88875,0.785388315809987
1.888875,0.785389007659541
1.889,0.785389699195077
1.889125,0.785390390402722
1.88925,0.785391081268648
1.889375,0.785391771779085
1.8895,0.785392461920327
1.889625,0.785393151678736
1.88975,0.785393841040756
1.889875,0.785394529992915
1.89,0.785395218521833
1.890125,0.785395906614234
1.89025,0.785396594256949
1.890375,0.785397281436926
1.8905,0.785397968141238
1.890625,0.785398654357085
1.89075,0.785399340071808
1.890875,0.785400025272891
1.891,0.785400709947966
1.891125,0.785401394084754
1.89125,0.785402077670749
1.891375,0.78540276069329
1.8915,0.785403443139621
1.891625,0.785404124996894
1.89175,0.785404806252181
1.891875,0.785405486892479
1.892,0.785406166904717
1.892125,0.785406846275769
1.89225,0.785407524992455
1.892375,0.785408203041556
1.8925,0.785408880409816
1.892625,0.785409557083955
1.89275,0.785410233050671
1.892875,0.785410908296652
1.893,0.785411582808581
1.893125,0.785412256573145
1.89325,0.785412929577047
1.893375,0.785413601807012
1.8935,0.785414273249792
1.893625,0.785414943892176
1.89375,0.785415613720999
1.893875,0.785416282723145
1.894,0.785416950885558
1.894125,0.785417618195249
1.89425,0.785418284639307
1.894375,0.785418950204907
1.8945,0.785419614879314
1.894625,0.785420278649894
1.89475,0.785420941504115
1.894875,0.785421603429562
1.895,0.785422264413937
1.895125,0.785422924445071
1.89525,0.785423583510932
1.895375,0.785424241599637
1.8955,0.785424898699452
1.895625,0.7854255547988
1.89575,0.785426209886268
1.895875,0.785426863950614
1.896,0.785427516980773
1.896125,0.785428168965786
1.89625,0.785428819894499
1.896375,0.785429469755629
1.8965,0.785430118537818
1.896625,0.785430766229643
1.89675,0.785431412819623
1.896875,0.785432058296224
1.897,0.785432702647868
1.897125,0.785433345862939
1.89725,0.785433987929796
1.897375,0.78543462883678
1.8975,0.78543526857222
1.897625,0.785435907124437
1.89775,0.785436544481754
1.897875,0.785437180632503
1.898,0.78543781556503
1.898125,0.785438449267703
1.89825,0.785439081728928
1.898375,0.785439712937152
1.8985,0.78544034288087
1.898625,0.78544097154863
1.89875,0.785441598929043
1.898875,0.785442225010785
1.899,0.785442849782609
1.899125,0.785443473233347
1.89925,0.785444095351929
1.899375,0.785444716127388
1.8995,0.785445335548858
1.899625,0.785445953605591
1.89975,0.785446570286953
1.899875,0.785447185582437
1.9,0.785447799481667
1.900125,0.785448411974405
1.90025,0.785449023050564
1.900375,0.785449632700217
1.9005,0.785450240913596
1.900625,0.785450847681099
1.90075,0.785451452993299
1.900875,0.785452056840943
1.901,0.785452659214962
1.901125,0.785453260106405
1.90125,0.785453859506139
1.901375,0.785454457404919
1.9015,0.785455053793438
1.901625,0.785455648662335
1.90175,0.785456242002198
1.901875,0.785456833803575
1.902,0.785457424056974
1.902125,0.785458012752877
1.90225,0.785458599881747
1.902375,0.785459185434041
1.9025,0.785459769400206
1.902625,0.785460351770689
1.90275,0.785460932535946
1.902875,0.78546151168644
1.903,0.785462089212653
1.903125,0.785462665105094
1.90325,0.785463239354309
1.903375,0.785463811950889
1.9035,0.785464382885476
1.903625,0.785464952148762
1.90375,0.785465519731502
1.903875,0.785466085624513
1.904,0.785466649818686
1.904125,0.785467212304988
1.90425,0.785467773074481
1.904375,0.785468332118325
1.9045,0.78546888942778
1.904625,0.785469444994212
1.90475,0.785469998809101
1.904875,0.78547055086404
1.905,0.785471101150747
1.905125,0.785471649661066
1.90525,0.785472196386987
1.905375,0.785472741320649
1.9055,0.785473284454338
1.905625,0.785473825780497
1.90575,0.785474365291728
1.905875,0.785474902980797
1.906,0.785475438840637
1.906125,0.785475972864286
1.90625,0.785476505044614
1.906375,0.785477035374376
1.9065,0.785477563846265
1.906625,0.785478090452921
1.90675,0.785478615186928
1.906875,0.785479138040825
1.907,0.785479659007109
1.907125,0.78548017807824
1.90725,0.785480695246663
1.907375,0.785481210504803
1.9075,0.785481723845074
1.907625,0.785482235259884
1.90775,0.785482744741633
1.907875,0.785483252282728
1.908,0.785483757875578
1.908125,0.785484261512611
1.90825,0.785484763186282
1.908375,0.78548526288908
1.9085,0.785485760613532
1.908625,0.785486256352204
1.90875,0.785486750097708
1.908875,0.785487241842708
1.909,0.785487731579921
1.909125,0.785488219302127
1.90925,0.785488705002186
1.909375,0.785489188673038
1.9095,0.785489670307709
1.909625,0.785490149899312
1.90975,0.785490627441053
1.909875,0.785491102926233
1.91,0.785491576348258
1.910125,0.785492047700639
1.91025,0.785492516977012
1.910375,0.785492984171144
1.9105,0.785493449276925
1.910625,0.785493912288381
1.91075,0.785494373199674
1.910875,0.785494832005105
1.911,0.785495288699117
1.911125,0.785495743276241
1.91125,0.785496195730848
1.911375,0.785496646057194
1.9115,0.785497094249473
1.911625,0.785497540301819
1.91175,0.785497984208308
1.911875,0.785498425962965
1.912,0.785498865559764
1.912125,0.785499302992641
1.91225,0.785499738255509
1.912375,0.785500171342254
1.9125,0.785500602246748
1.912625,0.785501030962843
1.91275,0.785501457484381
1.912875,0.785501881805196
1.913,0.785502303919119
1.913125,0.785502723819987
1.91325,0.785503141501656
1.913375,0.785503556958007
1.9135,0.785503970182946
1.913625,0.785504381170408
1.91375,0.785504789914362
1.913875,0.785505196408815
1.914,0.785505600647815
1.914125,0.785506002625458
1.91425,0.785506402335909
1.914375,0.785506799773399
1.9145,0.785507194932229
1.914625,0.785507587806774
1.91475,0.785507978391486
1.914875,0.785508366680899
1.915,0.785508752669628
1.915125,0.785509136352383
1.91525,0.785509517723982
1.915375,0.785509896779353
1.9155,0.785510273513538
1.915625,0.78551064792169
1.91575,0.785511019999081
1.915875,0.785511389741106
1.916,0.785511757143282
1.916125,0.785512122201201
1.91625,0.785512484910314
1.916375,0.785512845265979
1.9165,0.785513203263496
1.916625,0.785513558898111
1.91675,0.785513912165024
1.916875,0.785514263059388
1.917,0.785514611576313
1.917125,0.785514957710878
1.91725,0.785515301458141
1.917375,0.785515642813148
1.9175,0.785515981770929
1.917625,0.785516318326502
1.91775,0.78551665247488
1.917875,0.785516984211071
1.918,0.785517313530083
1.918125,0.785517640426933
1.91825,0.785517964896661
1.918375,0.785518286934337
1.9185,0.785518606535055
1.918625,0.785518923693942
1.91875,0.785519238406161
1.918875,0.785519550666909
1.919,0.785519860471429
1.919125,0.78552016781501
1.91925,0.785520472693007
1.919375,0.785520775100847
1.9195,0.785521075034021
1.919625,0.785521372488096
1.91975,0.78552166745871
1.919875,0.785521959941581
1.92,0.785522249932508
1.920125,0.785522537427377
1.92025,0.785522822422181
1.920375,0.785523104913019
1.9205,0.7855233848961
1.920625,0.785523662367738
1.92075,0.785523937324363
1.920875,0.785524209762516
1.921,0.78552447967886
1.921125,0.78552474707013
1.92125,0.785525011932964
1.921375,0.785525274263937
1.9215,0.785525534059591
1.921625,0.785525791316441
1.92175,0.785526046030977
1.921875,0.785526298199668
1.922,0.785526547818962
1.922125,0.785526794885295
1.92225,0.785527039395109
1.922375,0.785527281344851
1.9225,0.785527520730978
1.922625,0.785527757549952
1.92275,0.785527991798249
1.922875,0.78552822347236
1.923,0.785528452568793
1.923125,0.785528679084081
1.92325,0.785528903014798
1.923375,0.785529124357566
1.9235,0.785529343109045
1.923625,0.785529559265944
1.92375,0.785529772825019
1.923875,0.785529983783077
1.924,0.785530192136979
1.924125,0.785530397883646
1.92425,0.785530601020077
1.924375,0.785530801543352
1.9245,0.785530999450626
1.924625,0.785531194739138
1.92475,0.785531387406207
1.924875,0.785531577449238
1.925,0.785531764865723
1.925125,0.785531949653246
1.92525,0.785532131809506
1.925375,0.78553231133231
1.9255,0.785532488219579
1.925625,0.785532662469342
1.92575,0.785532834079746
1.925875,0.78553300304905
1.926,0.785533169375633
1.926125,0.785533333057956
1.92625,0.785533494094436
1.926375,0.785533652483466
1.9265,0.785533808223443
1.926625,0.785533961312768
1.92675,0.78553411174985
1.926875,0.785534259533105
1.927,0.785534404660962
1.927125,0.785534547131863
1.92725,0.785534686944287
1.927375,0.785534824096745
1.9275,0.785534958587782
1.927625,0.785535090415976
1.92775,0.785535219579941
1.927875,0.785535346078328
1.928,0.785535469909826
1.928125,0.785535591073171
1.92825,0.78553570956716
1.928375,0.785535825390654
1.9285,0.785535938542571
1.928625,0.785536049021894
1.92875,0.785536156827667
1.928875,0.785536261958999
1.929,0.785536364415064
1.929125,0.785536464195107
1.92925,0.785536561298464
1.929375,0.785536655724558
1.9295,0.785536747472897
1.929625,0.785536836543076
1.92975,0.78553692293478
1.929875,0.78553700664778
1.93,0.785537087681937
1.930125,0.785537166037206
1.93025,0.785537241713658
1.930375,0.785537314711472
1.9305,0.785537385030935
1.930625,0.785537452672444
1.93075,0.785537517636505
1.930875,0.785537579923733
1.931,0.785537639534852
1.931125,0.785537696470676
1.93125,0.785537750732016
1.931375,0.785537802319701
1.9315,0.785537851234588
1.931625,0.785537897477568
1.93175,0.785537941049564
1.931875,0.785537981951529
1.932,0.785538020184451
1.932125,0.785538055749354
1.93225,0.785538088647317
1.932375,0.785538118879471
1.9325,0.785538146446996
1.932625,0.785538171351122
1.93275,0.785538193593128
1.932875,0.785538213174344
1.933,0.785538230096148
1.933125,0.785538244359971
1.93325,0.78553825596732
1.933375,0.785538264919765
1.9335,0.785538271218945
1.933625,0.785538274866564
1.93375,0.78553827586439
1.933875,0.785538274214256
1.934,0.785538269918059
1.934125,0.785538262977765
1.93425,0.785538253395428
1.934375,0.78553824117318
1.9345,0.785538226313237
1.934625,0.785538208817889
1.93475,0.785538188689508
1.934875,0.785538165930539
1.935,0.785538140543508
1.935125,0.785538112531017
1.93525,0.785538081895768
1.935375,0.785538048640558
1.9355,0.785538012768269
1.935625,0.785537974281875
1.93575,0.785537933184438
1.935875,0.785537889479103
1.936,0.785537843169106
1.936125,0.785537794257752
1.93625,0.78553774274838
1.936375,0.785537688644365
1.9365,0.785537631949125
1.936625,0.785537572666122
1.93675,0.785537510798859
1.936875,0.785537446350876
1.937,0.785537379325756
1.937125,0.785537309727121
1.93725,0.785537237558653
1.937375,0.785537162824086
1.9375,0.785537085527206
1.937625,0.785537005671845
1.93775,0.785536923261882
1.937875,0.785536838301242
1.938,0.785536750793894
1.938125,0.785536660743853
1.93825,0.785536568155199
1.938375,0.785536473032066
1.9385,0.785536375378645
1.938625,0.785536275199178
1.93875,0.785536172497957
1.938875,0.785536067279323
1.939,0.785535959547664
1.939125,0.785535849307418
1.93925,0.785535736563086
1.939375,0.785535621319232
1.9395,0.785535503580475
1.939625,0.785535383351486
1.93975,0.785535260636989
1.939875,0.785535135441758
1.94,0.785535007770614
1.940125,0.78553487762843
1.94025,0.785534745020141
1.940375,0.785534609950747
1.9405,0.785534472425298
1.940625,0.785534332448902
1.94075,0.785534190026714
1.940875,0.78553404516394
1.941,0.785533897865833
1.941125,0.785533748137691
1.94125,0.78553359598486
1.941375,0.785533441412731
1.9415,0.78553328442674
1.941625,0.78553312503236
1.94175,0.785532963235102
1.941875,0.785532799040515
1.942,0.785532632454178
1.942125,0.785532463481705
1.94225,0.785532292128761
1.942375,0.785532118401052
1.9425,0.785531942304323
1.942625,0.785531763844356
1.94275,0.785531583026964
1.942875,0.785531399857993
1.943,0.785531214343316
1.943125,0.785531026488835
1.94325,0.785530836300497
1.943375,0.785530643784285
1.9435,0.785530448946218
1.943625,0.78553025179234
1.94375,0.785530052328728
1.943875,0.785529850561477
1.944,0.785529646496711
1.944125,0.785529440140571
1.94425,0.785529231499239
1.944375,0.785529020578926
1.9445,0.785528807385868
1.944625,0.785528591926325
1.94475,0.785528374206578
1.944875,0.785528154232921
1.945,0.785527932011667
1.945125,0.785527707549143
1.94525,0.785527480851704
1.945375,0.785527251925727
1.9455,0.785527020777609
1.945625,0.785526787413758
1.94575,0.785526551840596
1.945875,0.785526314064554
1.946,0.785526074092068
1.946125,0.785525831929589
1.94625,0.785525587583632
1.946375,0.785525341060764
1.9465,0.78552509236759
1.946625,0.785524841510754
1.94675,0.785524588496931
1.946875,0.785524333332828
1.947,0.785524076025179
1.947125,0.785523816580746
1.94725,0.785523555006332
1.947375,0.785523291308773
1.9475,0.785523025494935
1.947625,0.785522757571708
1.94775,0.785522487546004
1.947875,0.785522215424757
1.948,0.785521941214914
1.948125,0.785521664923439
1.94825,0.785521386557325
1.948375,0.785521106123585
1.9485,0.785520823629251
1.948625,0.785520539081365
1.94875,0.785520252486981
1.948875,0.78551996385316
1.949,0.785519673186964
1.949125,0.78551938049546
1.94925,0.78551908578573
1.949375,0.785518789064865
1.9495,0.785518490339958
1.949625,0.785518189618103
1.94975,0.78551788690639
1.949875,0.785517582211902
1.95,0.785517275541714
1.950125,0.78551696690289
1.95025,0.785516656302494
1.950375,0.785516343747589
1.9505,0.785516029245223
1.950625,0.785515712802434
1.95075,0.785515394426242
1.950875,0.785515074123646
1.951,0.785514751901624
1.951125,0.785514427767149
1.95125,0.785514101727281
1.951375,0.785513773789148
1.9515,0.785513443959924
1.951625,0.785513112246825
1.95175,0.785512778657111
1.951875,0.785512443198076
1.952,0.785512105877048
1.952125,0.78551176670139
1.95225,0.785511425678505
1.952375,0.785511082815834
1.9525,0.785510738120851
1.952625,0.785510391601056
1.95275,0.785510043263972
1.952875,0.785509693117146
1.953,0.785509341168137
1.953125,0.785508987424524
1.95325,0.78550863189391
1.953375,0.785508274583919
1.9535,0.785507915502187
1.953625,0.785507554656361
1.95375,0.785507192054095
1.953875,0.785506827703046
1.954,0.785506461610869
1.954125,0.785506093785218
1.95425,0.785505724233756
1.954375,0.785505352964146
1.9545,0.785504979984046
1.954625,0.785504605301108
1.95475,0.785504228922972
1.954875,0.785503850857262
1.955,0.785503471111584
1.955125,0.785503089693524
1.95525,0.785502706610658
1.955375,0.785502321870544
1.9555,0.785501935480719
1.955625,0.785501547448692
1.95575,0.785501157781944
1.955875,0.785500766487924
1.956,0.785500373574042
1.956125,0.785499979047701
1.95625,0.785499582916427
1.956375,0.785499185187836
1.9565,0.785498785869613
1.956625,0.785498384969503
1.95675,0.785497982495314
1.956875,0.785497578454906
1.957,0.785497172856191
1.957125,0.785496765707131
1.95725,0.785496357015745
1.957375,0.785495946790106
1.9575,0.785495535038329
1.957625,0.785495121768574
1.95775,0.785494706989034
1.957875,0.785494290707939
1.958,0.785493872933546
1.958125,0.78549345367414
1.95825,0.785493032938042
1.958375,0.785492610733598
1.9585,0.785492187069181
1.958625,0.785491761953178
1.95875,0.785491335393993
1.958875,0.785490907400037
1.959,0.78549047797973
1.959125,0.785490047141492
1.95925,0.785489614893757
1.959375,0.78548918124496
1.9595,0.785488746203538
1.959625,0.785488309777919
1.95975,0.785487871976522
1.959875,0.785487432807752
1.96,0.785486992279994
1.960125,0.785486550401616
1.96025,0.785486107180969
1.960375,0.785485662626384
1.9605,0.785485216746168
1.960625,0.785484769548596
1.96075,0.78548432104191
1.960875,0.785483871234313
1.961,0.785483420133967
1.961125,0.785482967749026
1.96125,0.785482514087802
1.961375,0.785482059158729
1.9615,0.785481602970327
1.961625,0.785481145531202
1.96175,0.785480686850039
1.961875,0.785480226935598
1.962,0.785479765796712
1.962125,0.785479303442279
1.96225,0.785478839881272
1.962375,0.785478375122731
1.9625,0.785477909175756
1.962625,0.785477442049502
1.96275,0.785476973753176
1.962875,0.785476504296032
1.963,0.785476033687362
1.963125,0.7854755619365
1.96325,0.785475089052821
1.963375,0.785474615045736
1.9635,0.785474139924687
1.963625,0.785473663699141
1.96375,0.785473186378584
1.963875,0.785472707972517
1.964,0.785472228490453
1.964125,0.785471747941909
1.96425,0.785471266336417
1.964375,0.785470783683509
1.9645,0.785470299992718
1.964625,0.785469815273571
1.96475,0.785469329535579
1.964875,0.785468842788239
1.965,0.785468355041028
1.965125,0.785467866303394
1.96525,0.785467376584769
1.965375,0.785466885894551
1.9655,0.78546639424211
1.965625,0.785465901636773
1.96575,0.785465408087825
1.965875,0.785464913604504
1.966,0.785464418195994
1.966125,0.785463921871467
1.96625,0.785463424640276
1.966375,0.785462926511912
1.9665,0.785462427495965
1.966625,0.78546192760212
1.96675,0.785461426840153
1.966875,0.785460925219923
1.967,0.785460422751368
1.967125,0.785459919444503
1.96725,0.785459415309417
1.967375,0.785458910356273
1.9675,0.785458404595297
1.967625,0.785457898036773
1.96775,0.785457390691036
1.967875,0.785456882568471
1.968,0.785456373679503
1.968125,0.785455864034594
1.96825,0.785455353644245
1.968375,0.78545484251899
1.9685,0.785454330669388
1.968625,0.785453818106015
1.96875,0.785453304839462
1.968875,0.78545279088033
1.969,0.78545227623922
1.969125,0.785451760926732
1.96925,0.785451244953463
1.969375,0.785450728330004
1.9695,0.785450211066931
1.969625,0.7854496931748
1.96975,0.785449174664138
1.969875,0.785448655545443
1.97,0.785448135829177
1.970125,0.785447615525758
1.97025,0.785447094645564
1.970375,0.785446573198924
1.9705,0.785446051196115
1.970625,0.785445528647352
1.97075,0.785445005562786
1.970875,0.785444481952498
1.971,0.785443957826493
1.971125,0.785443433194747
1.97125,0.785442908067421
1.971375,0.78544238245481
1.9715,0.785441856367304
1.971625,0.785441329815384
1.97175,0.785440802809612
1.971875,0.785440275360628
1.972,0.785439747479142
1.972125,0.785439219175933
1.97225,0.785438690461844
1.972375,0.785438161347775
1.9725,0.78543763184468
1.972625,0.785437101963558
1.97275,0.785436571715446
1.972875,0.785436041111417
1.973,0.785435510162567
1.973125,0.785434978880019
1.97325,0.785434447274912
1.973375,0.785433915358402
1.9735,0.785433383141648
1.973625,0.785432850635812
1.97375,0.785432317852049
1.973875,0.785431784801503
1.974,0.785431251495298
1.974125,0.785430717944538
1.97425,0.785430184160299
1.974375,0.785429650153625
1.9745,0.785429115935522
1.974625,0.78542858151695
1.97475,0.785428046908818
1.974875,0.785427512121978
1.975,0.785426977167222
1.975125,0.785426442055272
1.97525,0.785425906796779
1.975375,0.785425371402317
1.9755,0.785424835882379
1.975625,0.785424300247365
1.97575,0.785423764507584
1.975875,0.785423228673245
1.976,0.785422692754451
1.976125,0.785422156761249
1.97625,0.785421620703859
1.976375,0.785421084592624
1.9765,0.785420548437964
1.976625,0.78542001225037
1.97675,0.785419476040401
1.976875,0.785418939818674
1.977,0.78541840359586
1.977125,0.785417867382681
1.97725,0.7854173311899
1.977375,0.785416795028319
1.9775,0.785416258908773
1.977625,0.785415722842121
1.97775,0.78541518683924
1.977875,0.785414650911023
1.978,0.785414115068367
1.978125,0.785413579322172
1.97825,0.785413043683334
1.978375,0.785412508162739
1.9785,0.785411972771257
1.978625,0.785411437519734
1.97875,0.78541090241899
1.978875,0.78541036747981
1.979,0.785409832712938
1.979125,0.785409298129073
1.97925,0.785408763738861
1.979375,0.785408229552892
1.9795,0.785407695581691
1.979625,0.785407161835715
1.97975,0.785406628325346
1.979875,0.785406095060884
1.98,0.785405562052545
1.980125,0.785405029310452
1.98025,0.785404496844629
1.980375,0.785403964665
1.9805,0.785403432781376
1.980625,0.785402901203457
1.98075,0.785402369940825
1.980875,0.785401839002936
1.981,0.785401308399116
1.981125,0.785400778138617
1.98125,0.785400248230846
1.981375,0.78539971868532
1.9815,0.785399189511615
1.981625,0.785398660719367
1.98175,0.78539813231826
1.981875,0.785397604318024
1.982,0.78539707672843
1.982125,0.785396549559282
1.98225,0.785396022820409
1.982375,0.785395496521665
1.9825,0.785394970672919
1.982625,0.78539444528405
1.98275,0.785393920364941
1.982875,0.785393395925478
1.983,0.785392871975535
1.983125,0.785392348524978
1.98325,0.785391825583652
1.983375,0.785391303161375
1.9835,0.785390781267936
1.983625,0.78539025991309
1.98375,0.785389739106547
1.983875,0.785389218857973
1.984,0.78538869917698
1.984125,0.785388180073123
1.98425,0.785387661555889
1.984375,0.785387143634696
1.9845,0.785386626318884
1.984625,0.785386109617714
1.98475,0.785385593540359
1.984875,0.785385078095902
1.985,0.785384563293328
1.985125,0.785384049141523
1.98525,0.785383535649258
1.985375,0.785383022825194
1.9855,0.78538251067787
1.985625,0.785381999215703
1.98575,0.785381488446981
1.985875,0.78538097837986
1.986,0.785380469022359
1.986125,0.785379960382413
1.98625,0.785379452468108
1.986375,0.785378945287631
1.9865,0.785378438849229
1.986625,0.785377933161196
1.98675,0.785377428231878
1.986875,0.785376924069659
1.987,0.785376420682961
1.987125,0.785375918080239
1.98725,0.785375416269969
1.987375,0.785374915260644
1.9875,0.785374415060774
1.987625,0.785373915678874
1.98775,0.785373417123465
1.987875,0.785372919403066
1.988,0.78537242252619
1.988125,0.785371926501338
1.98825,0.785371431336987
1.988375,0.785370937041591
1.9885,0.785370443623573
1.988625,0.785369951091322
1.98875,0.785369459453186
1.988875,0.785368968717468
1.989,0.785368478892425
1.989125,0.785367989986254
1.98925,0.785367502007091
1.989375,0.785367014963
1.9895,0.785366528861975
1.989625,0.785366043711932
1.98975,0.785365559520705
1.989875,0.785365076296042
1.99,0.785364594045601
1.990125,0.785364112776942
1.99025,0.785363632497521
1.990375,0.785363153214683
1.9905,0.785362674935661
1.990625,0.785362197667572
1.99075,0.785361721417409
1.990875,0.785361246192045
1.991,0.785360771998221
1.991125,0.785360298842602
1.99125,0.785359826732008
1.991375,0.785359355673359
1.9915,0.785358885673641
1.991625,0.785358416739894
1.99175,0.785357948879213
1.991875,0.78535748209874
1.992,0.78535701640566
1.992125,0.785356551807199
1.99225,0.785356088310607
1.992375,0.785355625923162
1.9925,0.785355164652162
1.992625,0.78535470450492
1.99275,0.785354245488763
1.992875,0.785353787611024
1.993,0.78535333087904
1.993125,0.785352875300145
1.99325,0.785352420881658
1.993375,0.785351967630883
1.9935,0.785351515555102
1.993625,0.785351064661573
1.99375,0.785350614957526
1.993875,0.785350166450155
1.994,0.785349719146618
1.994125,0.78534927305403
1.99425,0.78534882817945
1.994375,0.785348384529878
1.9945,0.785347942112255
1.994625,0.785347500933457
1.99475,0.785347061000289
1.994875,0.785346622319485
1.995,0.785346184897701
1.995125,0.785345748741511
1.99525,0.785345313857393
1.995375,0.785344880251729
1.9955,0.785344447930803
1.995625,0.785344016900795
1.99575,0.785343587167777
1.995875,0.785343158737714
1.996,0.785342731616456
1.996125,0.785342305809786
1.99625,0.785341881323644
1.996375,0.78534145816407
1.9965,0.785341036337174
1.996625,0.785340615849127
1.99675,0.785340196706158
1.996875,0.785339778914548
1.997,0.785339362480631
1.997125,0.785338947410783
1.99725,0.785338533711411
1.997375,0.785338121388955
1.9975,0.785337710449878
1.997625,0.785337300900668
1.99775,0.78533689274783
1.997875,0.785336485997884
1.998,0.785336080657361
1.998125,0.785335676732794
1.99825,0.785335274230709
1.998375,0.785334873157621
1.9985,0.785334473520032
1.998625,0.785334075324425
1.99875,0.785333678577264
1.998875,0.785333283284984
1.999,0.785332889453993
1.999125,0.785332497090663
1.99925,0.785332106201315
1.999375,0.785331716792223
1.9995,0.785331328869606
1.999625,0.785330942439625
1.99975,0.785330557508383
1.999875,0.785330174081915
2,0.785329792166192
