0,0,0
0.000125,0,0
0.00025,0,0
0.000375,0,0
0.0005,0,0
0.000625,0,0
0.00075,0,0
0.000875,0,0
0.001,0,0
0.001125,0,0
0.00125,0,0
0.001375,0,0
0.0015,0,0
0.001625,0,0
0.00175,0,0
0.001875,0,0
0.002,0,0
0.002125,0,0
0.00225,0,0
0.002375,0,0
0.0025,0,0
0.002625,0,0
0.00275,0,0
0.002875,0,0
0.003,0,0
0.003125,0,0
0.00325,0,0
0.003375,0,0
0.0035,0,0
0.003625,0,0
0.00375,0,0
0.003875,0,0
0.004,0,0
0.004125,0,0
0.00425,0,0
0.004375,0,0
0.0045,0,0
0.004625,0,0
0.00475,0,0
0.004875,0,0
0.005,0,0
0.005125,0,0
0.00525,0,0
0.005375,0,0
0.0055,0,0
0.005625,0,0
0.00575,0,0
0.005875,0,0
0.006,0,0
0.006125,0,0
0.00625,0,0
0.006375,0,0
0.0065,0,0
0.006625,0,0
0.00675,0,0
0.006875,0,0
0.007,0,0
0.007125,0,0
0.00725,0,0
0.007375,0,0
0.0075,0,0
0.007625,0,0
0.00775,0,0
0.007875,0,0
0.008,0,0
0.008125,0,0
0.00825,0,0
0.008375,0,0
0.0085,0,0
0.008625,0,0
0.00875,0,0
0.008875,0,0
0.009,0,0
0.009125,0,0
0.00925,0,0
0.009375,0,0
0.0095,0,0
0.009625,0,0
0.00975,0,0
0.009875,0,0
0.01,0,0
0.010125,0,0
0.01025,0,0
0.010375,0,0
0.0105,0,0
0.010625,0,0
0.01075,0,0
0.010875,0,0
0.011,0,0.000193416078709073
0.011125,7.45733257571541e-14,0.000193416078709073
0.01125,6.89248178925671e-13,0.000193416078709073
0.011375,2.63858738556197e-12,0.000193416078709073
0.0115,6.99370682333136e-12,0.000193416078709073
0.011625,1.5100989184296e-11,0.000193416078709073
0.01175,2.8580647602947e-11,0.000193416078709073
0.011875,4.93251402271981e-11,0.000193416078709073
0.012,7.94974368906998e-11,0.000195350239496163
0.012125,1.21529884857944e-10,0.000195350239496163
0.01225,1.78125347308364e-10,0.000195350239496163
0.012375,2.52254414854531e-10,0.000195350239496163
0.0125,3.47152568971823e-10,0.000195350239496163
0.012625,4.66317716454953e-10,0.000195350239496163
0.01275,6.13507583070742e-10,0.000195350239496163
0.012875,7.92736968116192e-10,0.000195350239496163
0.013,1.00827486166486e-09,0.000197153245928181
0.013125,1.26464212152284e-09,0.000197153245928181
0.01325,1.56661127076979e-09,0.000197153245928181
0.013375,1.91920263727565e-09,0.000197153245928181
0.0135,2.32768045174043e-09,0.000197153245928181
0.013625,2.79754929564363e-09,0.000197153245928181
0.01375,3.33455042266727e-09,0.000197153245928181
0.013875,3.94465795586953e-09,0.000197153245928181
0.014,4.63407496295057e-09,0.000198373274516275
0.014125,5.40922988240829e-09,0.000198373274516275
0.01425,6.276774357934e-09,0.000198373274516275
0.014375,7.24357857204892e-09,0.000198373274516275
0.0145,8.31672652735384e-09,0.000198373274516275
0.014625,9.50351154142735e-09,0.000198373274516275
0.01475,1.08114316341942e-08,0.000198373274516275
0.014875,1.22481848105237e-08,0.000198373274516275
0.015,1.38216642408691e-08,0.000198606738139376
0.015125,1.55399534328282e-08,0.000198606738139376
0.01525,1.74113215983962e-08,0.000198606738139376
0.015375,1.9444218471369e-08,0.000198606738139376
0.0155,2.16472690459258e-08,0.000198606738139376
0.015625,2.40292682898455e-08,0.000198606738139376
0.01575,2.65991757734752e-08,0.000198606738139376
0.015875,2.93661102175852e-08,0.000198606738139376
0.016,3.23393439632887e-08,0.00152817844097328
0.016125,3.5528809995681e-08,0.00152817844097328
0.01625,3.89472711227167e-08,0.00152817844097328
0.016375,4.26098885814556e-08,0.00152817844097328
0.0165,4.65338554623494e-08,0.00152817844097328
0.016625,5.07383819965559e-08,0.00152817844097328
0.01675,5.52446797530367e-08,0.00152817844097328
0.016875,6.00759447562448e-08,0.00152817844097328
0.017,6.52573395357844e-08,0.00153890932541059
0.017125,7.08159782573882e-08,0.00153890932541059
0.01725,7.67809242260615e-08,0.00153890932541059
0.017375,8.31831653702464e-08,0.00153890932541059
0.0175,9.00555892327912e-08,0.00153890932541059
0.017625,9.74329597995762e-08,0.00153890932541059
0.01775,1.05351893331796e-07,0.00153890932541059
0.017875,1.13850833217164e-07,0.00153890932541059
0.018,1.22970023855831e-07,0.0015470892346875
0.018125,1.32751486751127e-07,0.0015470892346875
0.01825,1.432390058946e-07,0.0015470892346875
0.018375,1.54478096237045e-07,0.0015470892346875
0.0185,1.66515971661507e-07,0.0015470892346875
0.018625,1.79401514242447e-07,0.0015470892346875
0.01875,1.93185242638223e-07,0.0015470892346875
0.018875,2.07919279636046e-07,0.0015470892346875
0.019,2.23657318869002e-07,0.00154955193851068
0.019125,2.40454591674654e-07,0.00154955193851068
0.01925,2.58367836244999e-07,0.00154955193851068
0.019375,2.77455261192934e-07,0.00154955193851068
0.0195,2.97776508493412e-07,0.00154955193851068
0.019625,3.19392616352527e-07,0.00154955193851068
0.01975,3.42365981372715e-07,0.00154955193851068
0.019875,3.66760320036364e-07,0.00154955193851068
0.02,3.92640629530468e-07,0.00154353266592583
0.020125,4.20073145614497e-07,0.00154353266592583
0.02025,4.4912529235027e-07,0.00154353266592583
0.020375,4.79865643015732e-07,0.00154353266592583
0.0205,5.12363880159684e-07,0.00154353266592583
0.020625,5.46690753522066e-07,0.00154353266592583
0.02075,5.82918037442086e-07,0.00154353266592583
0.020875,6.21118487778781e-07,0.00154353266592583
0.021,6.61365798368794e-07,0.00506832289117744
0.021125,7.03735916061284e-07,0.00506832289117744
0.02125,7.48312762022867e-07,0.00506832289117744
0.021375,7.9518705853107e-07,0.00506832289117744
0.0215,8.44455327415487e-07,0.00506832289117744
0.021625,8.96219821140364e-07,0.00506832289117744
0.02175,9.50588450841125e-07,0.00506832289117744
0.021875,1.00767471136041e-06,0.00506832289117744
0.022,1.06759760333086e-06,0.0050752768512322
0.022125,1.1304815550345e-06,0.0050752768512322
0.02225,1.19645635010168e-06,0.0050752768512322
0.022375,1.26565703880631e-06,0.0050752768512322
0.0225,1.33822384695101e-06,0.0050752768512322
0.022625,1.41430208389833e-06,0.0050752768512322
0.02275,1.49404204795784e-06,0.0050752768512322
0.022875,1.5775989291866e-06,0.0050752768512322
0.023,1.66513270966171e-06,0.00506716415443787
0.023125,1.75680805815709e-06,0.00506716415443787
0.02325,1.8527942122712e-06,0.00506716415443787
0.023375,1.95326487407835e-06,0.00506716415443787
0.0235,2.0583981031037e-06,0.00506716415443787
0.023625,2.16837620493543e-06,0.00506716415443787
0.02375,2.28338561769364e-06,0.00506716415443787
0.023875,2.40361679642294e-06,0.00506716415443787
0.024,2.52926409547677e-06,0.0050355218774461
0.024125,2.66052563676245e-06,0.0050355218774461
0.02425,2.79760313655773e-06,0.0050355218774461
0.024375,2.94070179241786e-06,0.0050355218774461
0.0245,3.09003016681168e-06,0.0050355218774461
0.024625,3.24580006072793e-06,0.0050355218774461
0.02475,3.40822638572526e-06,0.0050355218774461
0.024875,3.57752703449951e-06,0.0050355218774461
0.025,3.75392275004306e-06,0.00497327663245722
0.025125,3.93763696947216e-06,0.00497327663245722
0.02525,4.12889558877833e-06,0.00497327663245722
0.025375,4.32792684814435e-06,0.00497327663245722
0.0255,4.53496121311894e-06,0.00497327663245722
0.025625,4.75023123828911e-06,0.00497327663245722
0.02575,4.97397143005223e-06,0.00497327663245722
0.025875,5.20641810856537e-06,0.00497327663245722
0.026,5.44780926895012e-06,0.011624784403574
0.026125,5.69838700638047e-06,0.011624784403574
0.02625,5.95840825627899e-06,0.011624784403574
0.026375,6.22814252434438e-06,0.011624784403574
0.0265,6.5078699407418e-06,0.011624784403574
0.026625,6.79788107453106e-06,0.011624784403574
0.02675,7.09847674265977e-06,0.011624784403574
0.026875,7.40996781363768e-06,0.011624784403574
0.027,7.73267500601089e-06,0.0115561788422677
0.027125,8.06692865530616e-06,0.0115561788422677
0.02725,8.41306839025009e-06,0.0115561788422677
0.027375,8.77144293834601e-06,0.0115561788422677
0.0275,9.14240992340396e-06,0.0115561788422677
0.027625,9.52633564034409e-06,0.0115561788422677
0.02775,9.92359482561958e-06,0.0115561788422677
0.027875,1.03345704233946e-05,0.0115561788422677
0.028,1.07596533476149e-05,0.011443615586232
0.028125,1.11992421967111e-05,0.011443615586232
0.02825,1.1653742823749e-05,0.011443615586232
0.028375,1.21235681230603e-05,0.011443615586232
0.0285,1.26091378078416e-05,0.011443615586232
0.028625,1.31108781545692e-05,0.011443615586232
0.02875,1.3629221744259e-05,0.011443615586232
0.028875,1.41646072007208e-05,0.011443615586232
0.029,1.47174789259584e-05,0.0112719616778066
0.029125,1.52882867666843e-05,0.0112719616778066
0.02925,1.58774854636842e-05,0.0112719616778066
0.029375,1.64855344345236e-05,0.0112719616778066
0.0295,1.71128975456391e-05,0.0112719616778066
0.029625,1.77600428369108e-05,0.0112719616778066
0.02975,1.84274422444434e-05,0.0112719616778066
0.029875,1.91155713217109e-05,0.0112719616778066
0.03,1.98249089592249e-05,0.0110292200410376
0.030125,2.0555937009291e-05,0.0110292200410376
0.03025,2.1309139606131e-05,0.0110292200410376
0.030375,2.20850029597798e-05,0.0110292200410376
0.0305,2.28840151372946e-05,0.0110292200410376
0.030625,2.37066657790297e-05,0.0110292200410376
0.03075,2.45534458145765e-05,0.0110292200410376
0.030875,2.54248471785262e-05,0.0110292200410376
0.031,2.63213625262138e-05,0.0215392003019723
0.031125,2.72434890018193e-05,0.0215392003019723
0.03125,2.81917451463114e-05,0.0215392003019723
0.031375,2.91666672494131e-05,0.0215392003019723
0.0315,3.01688062150608e-05,0.0215392003019723
0.031625,3.1198727209518e-05,0.0215392003019723
0.03175,3.22570093022499e-05,0.0215392003019723
0.031875,3.33442450997722e-05,0.0215392003019723
0.032,3.44610403726913e-05,0.0212444482607065
0.032125,3.56080135625094e-05,0.0212444482607065
0.03225,3.67857949135649e-05,0.0212444482607065
0.032375,3.79950261753361e-05,0.0212444482607065
0.0325,3.9236360284449e-05,0.0212444482607065
0.032625,4.05104609629858e-05,0.0212444482607065
0.03275,4.18180023115778e-05,0.0212444482607065
0.032875,4.31596683975152e-05,0.0212444482607065
0.033,4.45361528381137e-05,0.020861020968351
0.033125,4.59481582317427e-05,0.020861020968351
0.03325,4.73963951052322e-05,0.020861020968351
0.033375,4.88815816072052e-05,0.020861020968351
0.0335,5.04044431789266e-05,0.020861020968351
0.033625,5.19657121201371e-05,0.020861020968351
0.03375,5.35661271519086e-05,0.020861020968351
0.033875,5.52064329767689e-05,0.020861020968351
0.034,5.68873798363439e-05,0.0203673744904949
0.034125,5.8609722876439e-05,0.0203673744904949
0.03425,6.03742208929834e-05,0.0203673744904949
0.034375,6.21816360417662e-05,0.0203673744904949
0.0345,6.40327335226046e-05,0.0203673744904949
0.034625,6.59282811316232e-05,0.0203673744904949
0.03475,6.78690488129432e-05,0.0203673744904949
0.034875,6.98558082100307e-05,0.0203673744904949
0.035,7.18893322169549e-05,0.0197474920209258
0.035125,7.39703942908021e-05,0.0197474920209258
0.03525,7.60997669895215e-05,0.0197474920209258
0.035375,7.82782217228511e-05,0.0197474920209258
0.0355,8.05065284738944e-05,0.0197474920209258
0.035625,8.27854553577678e-05,0.0197474920209258
0.03575,8.5115768182121e-05,0.0197474920209258
0.035875,8.74982300097713e-05,0.0197474920209258
0.036,8.99336007236892e-05,0.0345375995374721
0.036125,9.24226422970341e-05,0.0345375995374721
0.03625,9.49661425565632e-05,0.0345375995374721
0.036375,9.75649100211796e-05,0.0345375995374721
0.0365,0.000100219769465524,0.0345375995374721
0.036625,0.000102931561401877,0.0345375995374721
0.03675,0.000105701141554328,0.0345375995374721
0.036875,0.000108529380325505,0.0345375995374721
0.037,0.000111417162256185,0.033802570105554
0.037125,0.000114365385194704,0.033802570105554
0.03725,0.00011737495854093,0.033802570105554
0.037375,0.000120446802921712,0.033802570105554
0.0375,0.00012358184982461,0.033802570105554
0.037625,0.000126781041031529,0.033802570105554
0.03775,0.000130045328047742,0.033802570105554
0.037875,0.000133375671526593,0.033802570105554
0.038,0.000136773040690233,0.0329256502213185
0.038125,0.000140238412408595,0.0329256502213185
0.03825,0.000143772769178738,0.0329256502213185
0.038375,0.000147377098816355,0.0329256502213185
0.0385,0.000151052394101847,0.0329256502213185
0.038625,0.00015479965219195,0.0329256502213185
0.03875,0.000158619874030067,0.0329256502213185
0.038875,0.000162514063755612,0.0329256502213185
0.039,0.000166483228112713,0.0318804536439046
0.039125,0.000170528375455608,0.0318804536439046
0.03925,0.000174650513447346,0.0318804536439046
0.039375,0.000178850648803132,0.0318804536439046
0.0395,0.000183129786983316,0.0318804536439046
0.039625,0.000187488931610733,0.0318804536439046
0.03975,0.000191929083890166,0.0318804536439046
0.039875,0.000196451242030253,0.0318804536439046
0.04,0.000201056400668156,0.0306488794433413
0.040125,0.000205745549822463,0.0306488794433413
0.04025,0.000210519672309766,0.0306488794433413
0.040375,0.000215379743573763,0.0306488794433413
0.0405,0.000220326731458267,0.0306488794433413
0.040625,0.000225361595658531,0.0306488794433413
0.04075,0.000230485287178141,0.0306488794433413
0.040875,0.000235698747791758,0.0306488794433413
0.041,0.000241002909514003,0.0497106986160268
0.041125,0.000246398701424226,0.0497106986160268
0.04125,0.000251887080328999,0.0497106986160268
0.041375,0.00025746902414866,0.0497106986160268
0.0415,0.000263145526241304,0.0497106986160268
0.041625,0.000268917594779769,0.0497106986160268
0.04175,0.000274786252121607,0.0497106986160268
0.041875,0.000280752534172382,0.0497106986160268
0.042,0.000286817489742689,0.0483004315011597
0.042125,0.000292982179355495,0.0483004315011597
0.04225,0.00029924767228482,0.0483004315011597
0.042375,0.00030561504634757,0.0483004315011597
0.0425,0.000312085387621749,0.0483004315011597
0.042625,0.000318659789786952,0.0483004315011597
0.04275,0.000325339353461908,0.0483004315011597
0.042875,0.00033212518553944,0.0483004315011597
0.043,0.000339018398519221,0.0466976345131796
0.043125,0.000346020109220719,0.0466976345131796
0.04325,0.000353131435490872,0.0466976345131796
0.043375,0.000360353496045587,0.0466976345131796
0.0435,0.000367687410232308,0.0466976345131796
0.043625,0.000375134297368004,0.0466976345131796
0.04375,0.000382695276078443,0.0466976345131796
0.043875,0.000390371463639109,0.0466976345131796
0.044,0.000398163975318126,0.0448733664312139
0.044125,0.000406073923018192,0.0448733664312139
0.04425,0.000414102411640543,0.0448733664312139
0.044375,0.000422250539020081,0.0448733664312139
0.0445,0.000430519395774913,0.0448733664312139
0.044625,0.000438910064676824,0.0448733664312139
0.04475,0.000447423620027289,0.0448733664312139
0.044875,0.000456061127039389,0.0448733664312139
0.045,0.000464823641225942,0.0428097368551648
0.045125,0.000473712206998531,0.0428097368551648
0.04525,0.000482727853693466,0.0428097368551648
0.045375,0.000491871595641178,0.0428097368551648
0.0455,0.00050114443214242,0.0428097368551648
0.045625,0.000510547346906055,0.0428097368551648
0.04575,0.000520081307496572,0.0428097368551648
0.045875,0.000529747264791612,0.0428097368551648
0.046,0.00053954615244978,0.0656532818481923
0.046125,0.000549478895196569,0.0656532818481923
0.04625,0.000559546445680057,0.0656532818481923
0.046375,0.000569749776658091,0.0656532818481923
0.0465,0.000580089874311594,0.0656532818481923
0.046625,0.000590567737615947,0.0656532818481923
0.04675,0.000601184377706476,0.0656532818481923
0.046875,0.000611940817238431,0.0656532818481923
0.047,0.000622838089741802,0.0633656394277794
0.047125,0.000633877238089333,0.0633656394277794
0.04725,0.000645059310100112,0.0633656394277794
0.047375,0.000656385358613503,0.0633656394277794
0.0475,0.000667856441447775,0.0633656394277794
0.047625,0.000679473620749908,0.0633656394277794
0.04775,0.000691237962344254,0.0633656394277794
0.047875,0.000703150535080409,0.0633656394277794
0.048,0.000715212410180669,0.0608485901991505
0.048125,0.000727424659616949,0.0608485901991505
0.04825,0.0007397883513412,0.0608485901991505
0.048375,0.000752304549439575,0.0608485901991505
0.0485,0.000764974314164787,0.0608485901991505
0.048625,0.000777798701303616,0.0608485901991505
0.04875,0.000790778761548099,0.0608485901991505
0.048875,0.00080391553987077,0.0608485901991505
0.049,0.000817210074904262,0.0580730367012674
0.049125,0.000830663397255484,0.0580730367012674
0.04925,0.000844276524354855,0.0580730367012674
0.049375,0.000858050460739598,0.0580730367012674
0.0495,0.000871986198207291,0.0580730367012674
0.049625,0.000886084715240773,0.0580730367012674
0.04975,0.000900346976441542,0.0580730367012674
0.049875,0.000914773931971943,0.0580730367012674
0.05,0.000929366517006438,0.0550233441568082
0.050125,0.000944125650016413,0.0550233441568082
0.05025,0.000959052227251913,0.0550233441568082
0.050375,0.000974147123198193,0.0550233441568082
0.0505,0.000989411190893643,0.0550233441568082
0.050625,0.00100484526145094,0.0550233441568082
0.05075,0.00102045014359129,0.0550233441568082
0.050875,0.001036226623192,0.0550233441568082
0.051,0.00105217546284758,0.080764855401905
0.051125,0.00106829741136946,0.080764855401905
0.05125,0.00108459324548172,0.080764855401905
0.051375,0.00110106376118317,0.080764855401905
0.0515,0.00111770976638004,0.080764855401905
0.051625,0.00113453208034674,0.080764855401905
0.05175,0.00115153153318133,0.080764855401905
0.051875,0.00116870896525614,0.080764855401905
0.052,0.00118606522666365,0.0774790419087118
0.052125,0.00120360117539127,0.0774790419087118
0.05225,0.00122131767138419,0.0774790419087118
0.052375,0.00123921557703125,0.0774790419087118
0.0525,0.00125729575748711,0.0774790419087118
0.052625,0.00127555908012173,0.0774790419087118
0.05275,0.0012940064139696,0.0774790419087118
0.052875,0.00131263862917917,0.0774790419087118
0.053,0.00133145659646277,0.0739490064825034
0.053125,0.00135046118518616,0.0739490064825034
0.05325,0.00136965325704597,0.0739490064825034
0.053375,0.00138903366665289,0.0739490064825034
0.0535,0.00140860326194423,0.0739490064825034
0.053625,0.00142836288366407,0.0739490064825034
0.05375,0.00144831336484843,0.0739490064825034
0.053875,0.00146845553031576,0.0739490064825034
0.054,0.00148879019616288,0.0701474207522723
0.054125,0.00150931816780111,0.0701474207522723
0.05425,0.00153004023324566,0.0701474207522723
0.054375,0.00155095716384697,0.0701474207522723
0.0545,0.00157206971484303,0.0701474207522723
0.054625,0.00159337862491241,0.0701474207522723
0.05475,0.00161488461573729,0.0701474207522723
0.054875,0.0016365883915768,0.0701474207522723
0.055,0.00165849063885083,0.0660621958957473
0.055125,0.00168059202415947,0.0660621958957473
0.05525,0.00170289318720606,0.0660621958957473
0.055375,0.00172539474172153,0.0660621958957473
0.0555,0.00174809727620082,0.0660621958957473
0.055625,0.00177100135356934,0.0660621958957473
0.05575,0.00179410751086439,0.0660621958957473
0.055875,0.00181741625893144,0.0660621958957473
0.056,0.00184092808213567,0.0936521123811778
0.056125,0.00186464344872618,0.0936521123811778
0.05625,0.00188856285570854,0.0936521123811778
0.056375,0.00191268681976974,0.0936521123811778
0.0565,0.00193701586956513,0.0936521123811778
0.056625,0.0019615505453239,0.0936521123811778
0.05675,0.00198629139844884,0.0936521123811778
0.056875,0.00201123899111079,0.0936521123811778
0.057,0.00203639389583784,0.0893597316320273
0.057125,0.00206175669344474,0.0893597316320273
0.05725,0.00208732796559122,0.0893597316320273
0.057375,0.00211310829573133,0.0893597316320273
0.0575,0.00213909826984916,0.0893597316320273
0.057625,0.00216529847605441,0.0893597316320273
0.05775,0.00219170950417758,0.0893597316320273
0.057875,0.00221833194536508,0.0893597316320273
0.058,0.00224516639167432,0.0848336696701863
0.058125,0.00227221343392408,0.0848336696701863
0.05825,0.00229947365388699,0.0848336696701863
0.058375,0.00232694762533513,0.0848336696701863
0.0585,0.00235463591486587,0.0848336696701863
0.058625,0.0023825390815308,0.0848336696701863
0.05875,0.00241065767646963,0.0848336696701863
0.058875,0.00243899224254921,0.0848336696701863
0.059,0.00246754331400778,0.0800492842486198
0.059125,0.00249631141426018,0.0800492842486198
0.05925,0.00252529704772724,0.0800492842486198
0.059375,0.00255450070102875,0.0800492842486198
0.0595,0.00258392284394908,0.0800492842486198
0.059625,0.0026135639291426,0.0800492842486198
0.05975,0.00264342439184913,0.0800492842486198
0.059875,0.00267350464961971,0.0800492842486198
0.06,0.0027038051020527,0.0749981880912315
0.060125,0.00273432612859284,0.0749981880912315
0.06025,0.00276506808002609,0.0749981880912315
0.060375,0.00279603127986466,0.0749981880912315
0.0605,0.0028272160254963,0.0749981880912315
0.060625,0.00285862258800756,0.0749981880912315
0.06075,0.0028902512120221,0.0749981880912315
0.060875,0.00292210211555392,0.0749981880912315
0.061,0.00295417548987566,0.103507244147988
0.061125,0.00298647151039401,0.103507244147988
0.06125,0.00301899038318217,0.103507244147988
0.061375,0.0030517323357667,0.103507244147988
0.0615,0.00308469760932084,0.103507244147988
0.061625,0.00311788645841913,0.103507244147988
0.06175,0.00315129915078506,0.103507244147988
0.061875,0.00318493596703197,0.103507244147988
0.062,0.00321879720039738,0.0983174599632255
0.062125,0.00325288315446982,0.0983174599632255
0.06225,0.00328719413442124,0.0983174599632255
0.062375,0.00332173044838382,0.0983174599632255
0.0625,0.00335649240856775,0.0983174599632255
0.062625,0.00339148033099938,0.0983174599632255
0.06275,0.00342669453525792,0.0983174599632255
0.062875,0.00346213534421064,0.0983174599632255
0.063,0.00349780308374681,0.092927060009363
0.063125,0.00353369808043221,0.092927060009363
0.06325,0.0035698206524236,0.092927060009363
0.063375,0.00360617111092538,0.092927060009363
0.0635,0.00364274976138264,0.092927060009363
0.063625,0.00367955690324672,0.092927060009363
0.06375,0.00371659282974478,0.092927060009363
0.063875,0.00375385782765313,0.092927060009363
0.064,0.00379135217707472,0.0873136645904804
0.064125,0.00382907614905644,0.0873136645904804
0.06425,0.00386702999619291,0.0873136645904804
0.064375,0.00390521395421376,0.0873136645904804
0.0645,0.00394362824330164,0.0873136645904804
0.064625,0.00398227306792887,0.0873136645904804
0.06475,0.00402114861670324,0.0873136645904804
0.064875,0.0040602550622229,0.0873136645904804
0.065,0.0040995925609405,0.0814714746502377
0.065125,0.00413916125078396,0.0814714746502377
0.06525,0.00417896124148282,0.0814714746502377
0.065375,0.00421899261633048,0.0814714746502377
0.0655,0.00425925543367089,0.0814714746502377
0.065625,0.0042997497268482,0.0814714746502377
0.06575,0.00434047550417047,0.0814714746502377
0.065875,0.00438143274888733,0.0814714746502377
0.066,0.00442262141918166,0.11031728437835
0.066125,0.00446404145929693,0.11031728437835
0.06625,0.00450569284674151,0.11031728437835
0.066375,0.00454757558308734,0.11031728437835
0.0665,0.00458968968619024,0.11031728437835
0.066625,0.00463203519005909,0.11031728437835
0.06675,0.0046746121447165,0.11031728437835
0.066875,0.00471742061605074,0.11031728437835
0.067,0.0047604606856594,0.104432637132277
0.067125,0.00480373244841563,0.104432637132277
0.06725,0.00484723600266928,0.104432637132277
0.067375,0.0048909714519496,0.104432637132277
0.0675,0.00493493890637275,0.104432637132277
0.067625,0.00497913848248379,0.104432637132277
0.06775,0.00502357030309549,0.104432637132277
0.067875,0.00506823449712394,0.104432637132277
0.068,0.00511313119942123,0.0983943136395163
0.068125,0.00515826054827702,0.0983943136395163
0.06825,0.00520362267536816,0.0983943136395163
0.068375,0.00524921770751601,0.0983943136395163
0.0685,0.00529504576814641,0.0983943136395163
0.068625,0.0053411069771488,0.0983943136395163
0.06875,0.00538740145073775,0.0983943136395163
0.068875,0.0054339293013167,0.0983943136395163
0.069,0.00548069063734419,0.0921805124502699
0.069125,0.00552768556080675,0.0921805124502699
0.06925,0.00557491415692597,0.0921805124502699
0.069375,0.00562237649602155,0.0921805124502699
0.0695,0.00567007263507401,0.0921805124502699
0.069625,0.0057180026176453,0.0921805124502699
0.06975,0.00576616647380708,0.0921805124502699
0.069875,0.00581456422007661,0.0921805124502699
0.07,0.00586319585936045,0.0857859003380843
0.070125,0.0059120613784402,0.0857859003380843
0.07025,0.00596116073747156,0.0857859003380843
0.070375,0.00601049387199818,0.0857859003380843
0.0705,0.00606006069466132,0.0857859003380843
0.070625,0.00610986109522454,0.0857859003380843
0.07075,0.00615989494061108,0.0857859003380843
0.070875,0.00621016207495393,0.0857859003380843
0.071,0.00626066231965845,0.114816384997819
0.071125,0.00631139548467048,0.114816384997819
0.07125,0.00636236141605077,0.114816384997819
0.071375,0.00641355998678115,0.114816384997819
0.0715,0.00646499108899972,0.114816384997819
0.071625,0.00651665463393234,0.114816384997819
0.07175,0.00656855055181372,0.114816384997819
0.071875,0.00662067879179818,0.114816384997819
0.072,0.00667303932186014,0.108483479861669
0.072125,0.0067256321262427,0.108483479861669
0.07225,0.00677845719497876,0.108483479861669
0.072375,0.00683151452578855,0.108483479861669
0.0725,0.00688480412565826,0.108483479861669
0.072625,0.00693832601073252,0.108483479861669
0.07275,0.00699208020620207,0.108483479861669
0.072875,0.00704606674618665,0.108483479861669
0.073,0.00710028567361331,0.102045371058143
0.073125,0.00715473703760768,0.102045371058143
0.07325,0.00720942088283199,0.102045371058143
0.073375,0.00726433725141077,0.102045371058143
0.0735,0.00731948618453814,0.102045371058143
0.073625,0.00737486772237661,0.102045371058143
0.07375,0.00743048190395677,0.102045371058143
0.073875,0.0074863287670778,0.102045371058143
0.074,0.00754240834820896,0.0954784562426052
0.074125,0.00759872067986,0.0954784562426052
0.07425,0.00765526577974282,0.0954784562426052
0.074375,0.00771204365277825,0.0954784562426052
0.0745,0.00776905429278361,0.0954784562426052
0.074625,0.00782629768242317,0.0954784562426052
0.07475,0.00788377379316501,0.0954784562426052
0.074875,0.00794148258524413,0.0954784562426052
0.075,0.00799942400763199,0.088775397734036
0.075125,0.00805759799542789,0.088775397734036
0.07525,0.00811600445887664,0.088775397734036
0.075375,0.00817464328550299,0.088775397734036
0.0755,0.00823351434192537,0.088775397734036
0.075625,0.00829261747390166,0.088775397734036
0.07575,0.00835195250638651,0.088775397734036
0.075875,0.00841151924360018,0.088775397734036
0.076,0.00847131746910872,0.118200235986257
0.076125,0.00853134695726051,0.118200235986257
0.07625,0.00859160752142103,0.118200235986257
0.076375,0.00865209900466673,0.118200235986257
0.0765,0.00871282127192607,0.118200235986257
0.076625,0.00877377420991999,0.118200235986257
0.07675,0.00883495772709046,0.118200235986257
0.076875,0.0088963717535172,0.118200235986257
0.077,0.00895801624082261,0.111648471549044
0.077125,0.00901989115953889,0.111648471549044
0.07725,0.00908199648827253,0.111648471549044
0.077375,0.00914433221567181,0.111648471549044
0.0775,0.00920689834206322,0.111648471549044
0.077625,0.00926969487934223,0.111648471549044
0.07775,0.00933272185085792,0.111648471549044
0.077875,0.00939597929129165,0.111648471549044
0.078,0.00945946724652954,0.105029129341956
0.078125,0.00952318577097704,0.105029129341956
0.07825,0.00958713491659209,0.105029129341956
0.078375,0.00965131473485933,0.105029129341956
0.0785,0.00971572527843556,0.105029129341956
0.078625,0.0097803666010377,0.105029129341956
0.07875,0.00984523875733025,0.105029129341956
0.078875,0.00991034180281261,0.105029129341956
0.079,0.00997567579370616,0.0983146001937138
0.079125,0.0100412407842523,0.0983146001937138
0.07925,0.0101070368156162,0.0983146001937138
0.079375,0.0101730639179227,0.0983146001937138
0.0795,0.010239322111966,0.0983146001937138
0.079625,0.0103058114091404,0.0983146001937138
0.07975,0.010372531811378,0.0983146001937138
0.079875,0.0104394833110909,0.0983146001937138
0.08,0.0105066658911191,0.0914935664074171
0.080125,0.0105740795220542,0.0914935664074171
0.08025,0.0106417241510401,0.0914935664074171
0.080375,0.0107095997039217,0.0914935664074171
0.0805,0.0107777060870648,0.0914935664074171
0.080625,0.0108460431873776,0.0914935664074171
0.08075,0.0109146108723411,0.0914935664074171
0.080875,0.0109834089900523,0.0914935664074171
0.081,0.0110524373692762,0.121719114776414
0.081125,0.0111216958311641,0.121719114776414
0.08125,0.0111911842387683,0.121719114776414
0.081375,0.0112609024874515,0.121719114776414
0.0815,0.0113308504967797,0.121719114776414
0.081625,0.0114010282104276,0.121719114776414
0.08175,0.0114714355960692,0.121719114776414
0.081875,0.0115420726452573,0.121719114776414
0.082,0.011612939373288,0.115106441693711
0.082125,0.0116840358165043,0.115106441693711
0.08225,0.0117553620213191,0.115106441693711
0.082375,0.0118269180461595,0.115106441693711
0.0825,0.0118987039630757,0.115106441693711
0.082625,0.0119707198575874,0.115106441693711
0.08275,0.0120429658285229,0.115106441693711
0.082875,0.0121154419878511,0.115106441693711
0.083,0.0121881484605071,0.108444495305272
0.083125,0.0122610853816419,0.108444495305272
0.08325,0.0123342528855365,0.108444495305272
0.083375,0.0124076511075404,0.108444495305272
0.0835,0.0124812801856774,0.108444495305272
0.083625,0.0125551402604826,0.108444495305272
0.08375,0.0126292314748378,0.108444495305272
0.083875,0.0127035539738063,0.108444495305272
0.084,0.012778107904467,0.101700427071003
0.084125,0.0128528934131466,0.101700427071003
0.08425,0.012927910634221,0.101700427071003
0.084375,0.0130031596921059,0.101700427071003
0.0845,0.0130786407029181,0.101700427071003
0.084625,0.0131543537743515,0.101700427071003
0.08475,0.0132302990055578,0.101700427071003
0.084875,0.0133064764870322,0.101700427071003
0.085,0.0133828863005047,0.0948581277775248
0.085125,0.0134595285161973,0.0948581277775248
0.08525,0.0135364031815333,0.0948581277775248
0.085375,0.0136135103232343,0.0948581277775248
0.0855,0.0136908499490876,0.0948581277775248
0.085625,0.0137684220479094,0.0948581277775248
0.08575,0.0138462265895176,0.0948581277775248
0.085875,0.013924263524715,0.0948581277775248
0.086,0.0140025327852843,0.126301616390603
0.086125,0.0140810342961157,0.126301616390603
0.08625,0.0141597680266564,0.126301616390603
0.086375,0.0142387339808704,0.126301616390603
0.0865,0.0143179321887431,0.126301616390603
0.086625,0.0143973627061191,0.126301616390603
0.08675,0.0144770256145261,0.126301616390603
0.086875,0.014556921020985,0.126301616390603
0.087,0.0146370490578063,0.119684874475764
0.087125,0.0147174098798217,0.119684874475764
0.08725,0.0147980036533297,0.119684874475764
0.087375,0.0148788305579707,0.119684874475764
0.0875,0.0149598907882644,0.119684874475764
0.087625,0.0150411845533843,0.119684874475764
0.08775,0.015122712076924,0.119684874475764
0.087875,0.0152044735966557,0.119684874475764
0.088,0.0152864693642819,0.113015884383647
0.088125,0.0153686996426085,0.113015884383647
0.08825,0.0154511646943726,0.113015884383647
0.088375,0.0155338647841084,0.113015884383647
0.0885,0.0156168001796801,0.113015884383647
0.088625,0.0156999711520432,0.113015884383647
0.08875,0.015783377975005,0.113015884383647
0.088875,0.0158670209249832,0.113015884383647
0.089,0.0159509002807643,0.106256689628637
0.089125,0.016035016320655,0.106256689628637
0.08925,0.0161193693111821,0.106256689628637
0.089375,0.0162039595090128,0.106256689628637
0.0895,0.0162887871625443,0.106256689628637
0.089625,0.0163738525117043,0.106256689628637
0.08975,0.0164591557877566,0.106256689628637
0.089875,0.0165446972131114,0.106256689628637
0.09,0.0166304770011419,0.0993869538165172
0.090125,0.016716495353357,0.0993869538165172
0.09025,0.0168027524479905,0.0993869538165172
0.090375,0.0168892484420336,0.0993869538165172
0.0905,0.0169759834729367,0.0993869538165172
0.090625,0.0170629576584992,0.0993869538165172
0.09075,0.01715017109677,0.0993869538165172
0.090875,0.0172376238659599,0.0993869538165172
0.091,0.0173253160243643,0.132326007381364
0.091125,0.0174132476229979,0.132326007381364
0.09125,0.0175014187594204,0.132326007381364
0.091375,0.0175898295671483,0.132326007381364
0.0915,0.0176784802066853,0.132326007381364
0.091625,0.017767370865283,0.132326007381364
0.09175,0.0178565017566864,0.132326007381364
0.091875,0.0179458731208663,0.132326007381364
0.092,0.0180354852237368,0.125664398784284
0.092125,0.0181253383542914,0.125664398784284
0.09225,0.0182154328133963,0.125664398784284
0.092375,0.0183057689156003,0.125664398784284
0.0925,0.0183963469906064,0.125664398784284
0.092625,0.0184871673829669,0.125664398784284
0.09275,0.0185782304517708,0.125664398784284
0.092875,0.0186695365703243,0.125664398784284
0.093,0.0187610861258234,0.118931037511554
0.093125,0.0188528795164243,0.118931037511554
0.09325,0.0189449171398873,0.118931037511554
0.093375,0.0190371993953862,0.118931037511554
0.0935,0.01912972668498,0.118931037511554
0.093625,0.0192224994132986,0.118931037511554
0.09375,0.019315517987226,0.118931037511554
0.093875,0.0194087828155834,0.118931037511554
0.094,0.0195022943088127,0.112084214208998
0.094125,0.0195960528760181,0.112084214208998
0.09425,0.0196900589134498,0.112084214208998
0.094375,0.0197843128063779,0.112084214208998
0.0945,0.0198788149306332,0.112084214208998
0.094625,0.0199735656523361,0.112084214208998
0.09475,0.0200685653276314,0.112084214208998
0.094875,0.0201638143024287,0.112084214208998
0.095,0.0202593129121501,0.105101006822939
0.095125,0.0203550614787907,0.105101006822939
0.09525,0.0204510602992558,0.105101006822939
0.095375,0.0205473096473628,0.105101006822939
0.0955,0.0206438097755093,0.105101006822939
0.095625,0.0207405609144996,0.105101006822939
0.09575,0.0208375632733831,0.105101006822939
0.095875,0.0209348170393059,0.105101006822939
0.096,0.0210323223773741,0.139582597501272
0.096125,0.0211300794438245,0.139582597501272
0.09625,0.0212280884423175,0.139582597501272
0.096375,0.0213263496127986,0.139582597501272
0.0965,0.0214248632220568,0.139582597501272
0.096625,0.0215236295634216,0.139582597501272
0.09675,0.0216226489564462,0.139582597501272
0.096875,0.0217219217465773,0.139582597501272
0.097,0.02182144830481,0.132770490378423
0.097125,0.0219212290247043,0.132770490378423
0.09725,0.0220212643108706,0.132770490378423
0.097375,0.0221215545807671,0.132770490378423
0.0975,0.0222221002661506,0.132770490378423
0.097625,0.0223229018127132,0.132770490378423
0.09775,0.0224239596797111,0.132770490378423
0.097875,0.0225252743395867,0.132770490378423
0.098,0.0226268462775843,0.125859885851063
0.098125,0.0227286759886954,0.125859885851063
0.09825,0.0228307639659573,0.125859885851063
0.098375,0.0229331107022634,0.125859885851063
0.0985,0.0230357166918301,0.125859885851063
0.098625,0.0231385824298288,0.125859885851063
0.09875,0.0232417084120189,0.125859885851063
0.098875,0.0233450951343806,0.125859885851063
0.099,0.0234487430927484,0.118807365050521
0.099125,0.0235526527797269,0.118807365050521
0.09925,0.0236568246727895,0.118807365050521
0.099375,0.023761259236173,0.118807365050521
0.0995,0.0238659569224298,0.118807365050521
0.099625,0.0239709181721141,0.118807365050521
0.09975,0.024076143413476,0.118807365050521
0.099875,0.0241816330621627,0.118807365050521
0.1,0.0242873875209279,0.111589513622898
0.100125,0.0243934071765655,0.111589513622898
0.10025,0.0244996923878271,0.111589513622898
0.100375,0.0246062434874661,0.111589513622898
0.1005,0.0247130607839365,0.111589513622898
0.100625,0.0248201445611904,0.111589513622898
0.10075,0.0249274950784888,0.111589513622898
0.100875,0.025035112570227,0.111589513622898
0.101,0.0251429972457739,0.147402357822682
0.101125,0.0252511493031336,0.147402357822682
0.10125,0.0253595689873946,0.147402357822682
0.101375,0.0254682565791464,0.147402357822682
0.1015,0.0255772123846592,0.147402357822682
0.101625,0.0256864367355564,0.147402357822682
0.10175,0.025795929988474,0.147402357822682
0.101875,0.0259056925247072,0.147402357822682
0.102,0.0260157247498433,0.140317802251639
0.102125,0.0261260270906514,0.140317802251639
0.10225,0.0262365999831014,0.140317802251639
0.102375,0.0263474438742281,0.140317802251639
0.1025,0.0264585592236376,0.140317802251639
0.102625,0.0265699465031265,0.140317802251639
0.10275,0.0266816061962952,0.140317802251639
0.102875,0.0267935387981552,0.140317802251639
0.103,0.0269057448147316,0.133111162409079
0.103125,0.0270182247598807,0.133111162409079
0.10325,0.0271309791430938,0.133111162409079
0.103375,0.0272440084713908,0.133111162409079
0.1035,0.027357313250858,0.133111162409079
0.103625,0.0274708939862741,0.133111162409079
0.10375,0.0275847511807371,0.133111162409079
0.103875,0.0276988853352936,0.133111162409079
0.104,0.0278132969485695,0.125739383749052
0.104125,0.0279279865135607,0.125739383749052
0.10425,0.0280429545052102,0.125739383749052
0.104375,0.0281582013824054,0.125739383749052
0.1045,0.0282737275896192,0.125739383749052
0.104625,0.0283895335566019,0.125739383749052
0.10475,0.0285056196980829,0.125739383749052
0.104875,0.0286219864134803,0.125739383749052
0.105,0.0287386340866202,0.118180439053501
0.105125,0.0288555630825508,0.118180439053501
0.10525,0.0289727737349155,0.118180439053501
0.105375,0.0290902663481201,0.118180439053501
0.1055,0.0292080411991403,0.118180439053501
0.105625,0.0293260985373394,0.118180439053501
0.10575,0.0294444385842999,0.118180439053501
0.105875,0.0295630615336727,0.118180439053501
0.106,0.0296819675510404,0.154889500773093
0.106125,0.0298011567879518,0.154889500773093
0.10625,0.0299206294418639,0.154889500773093
0.106375,0.0300403857443025,0.154889500773093
0.1065,0.0301604259508289,0.154889500773093
0.106625,0.03028075034074,0.154889500773093
0.10675,0.0304013592167548,0.154889500773093
0.106875,0.03052225290469,0.154889500773093
0.107,0.030643431753122,0.147441518160049
0.107125,0.0307648961301664,0.147441518160049
0.10725,0.0308866464109336,0.147441518160049
0.107375,0.0310086829795414,0.147441518160049
0.1075,0.0311310062307517,0.147441518160049
0.107625,0.0312536165696254,0.147441518160049
0.10775,0.0313765144111724,0.147441518160049
0.107875,0.0314997001799966,0.147441518160049
0.108,0.0316231743099364,0.139859268068652
0.108125,0.031746937240777,0.139859268068652
0.10825,0.0318709894054803,0.139859268068652
0.108375,0.0319953312322393,0.139859268068652
0.1085,0.0321199631461604,0.139859268068652
0.108625,0.0322448855689341,0.139859268068652
0.10875,0.032370098918509,0.139859268068652
0.108875,0.0324956036087676,0.139859268068652
0.109,0.0326214000492062,0.132101627040444
0.109125,0.0327474886416261,0.132101627040444
0.10925,0.0328738697671296,0.132101627040444
0.109375,0.0330005437882928,0.132101627040444
0.1095,0.033127511050963,0.132101627040444
0.109625,0.0332547718840072,0.132101627040444
0.10975,0.0333823265990696,0.132101627040444
0.109875,0.0335101754903401,0.132101627040444
0.11,0.0336383188343324,0.124149142584106
0.110125,0.0337667568866064,0.124149142584106
0.11025,0.0338954898685585,0.124149142584106
0.110375,0.0340245179697775,0.124149142584106
0.1105,0.0341538413500216,0.124149142584106
0.110625,0.0342834601391023,0.124149142584106
0.11075,0.0344133744367845,0.124149142584106
0.110875,0.034543584312704,0.124149142584106
0.111,0.0346740898063012,0.161187217722033
0.111125,0.0348048909410528,0.161187217722033
0.11125,0.0349359877850249,0.161187217722033
0.111375,0.0350673804390007,0.161187217722033
0.1115,0.0351990690264318,0.161187217722033
0.111625,0.0353310536932112,0.161187217722033
0.11175,0.0354633346074332,0.161187217722033
0.111875,0.0355959119591418,0.161187217722033
0.112,0.0357287859600681,0.153348145853976
0.112125,0.0358619568403328,0.153348145853976
0.11225,0.0359954248353381,0.153348145853976
0.112375,0.0361291901879799,0.153348145853976
0.1125,0.0362632531504672,0.153348145853976
0.112625,0.0363976139840558,0.153348145853976
0.11275,0.036532272958777,0.153348145853976
0.112875,0.0366672303531625,0.153348145853976
0.113,0.0368024864539656,0.145378066114179
0.113125,0.0369380415528042,0.145378066114179
0.11325,0.0370738959328369,0.145378066114179
0.113375,0.0372100498710241,0.145378066114179
0.1135,0.0373465036399957,0.145378066114179
0.113625,0.0374832575078075,0.145378066114179
0.11375,0.0376203117376989,0.145378066114179
0.113875,0.0377576665878551,0.145378066114179
0.114,0.0378953223111721,0.137238545865096
0.114125,0.0380332791518868,0.137238545865096
0.11425,0.0381715373320349,0.137238545865096
0.114375,0.0383100970538323,0.137238545865096
0.1145,0.0384489585016632,0.137238545865096
0.114625,0.0385881218419179,0.137238545865096
0.11475,0.0387275872228403,0.137238545865096
0.114875,0.0388673547743864,0.137238545865096
0.115,0.0390074246080933,0.128913003090221
0.115125,0.0391477968137481,0.128913003090221
0.11525,0.0392884714456594,0.128913003090221
0.115375,0.0394294485252233,0.128913003090221
0.1155,0.0395707280430929,0.128913003090221
0.115625,0.0397123099591564,0.128913003090221
0.11575,0.0398541942025305,0.128913003090221
0.115875,0.0399963806715725,0.128913003090221
0.116,0.0401388692339083,0.165711434331572
0.116125,0.0402816597406663,0.165711434331572
0.11625,0.0404247520867332,0.165711434331572
0.116375,0.0405681461990525,0.165711434331572
0.1165,0.0407118420267362,0.165711434331572
0.116625,0.040855839540933,0.165711434331572
0.11675,0.041000138734685,0.165711434331572
0.116875,0.0411447396227718,0.165711434331572
0.117,0.0412896422415443,0.157527450315103
0.117125,0.0414348466455898,0.157527450315103
0.11725,0.0415803528941556,0.157527450315103
0.117375,0.0417261610535673,0.157527450315103
0.1175,0.0418722711992369,0.157527450315103
0.117625,0.0420186834154937,0.157527450315103
0.11775,0.0421653977954103,0.157527450315103
0.117875,0.0423124144406246,0.157527450315103
0.118,0.042459733461157,0.149230468427962
0.118125,0.0426073549720248,0.149230468427962
0.11825,0.0427552790794792,0.149230468427962
0.118375,0.0429035058834668,0.149230468427962
0.1185,0.043052035479682,0.149230468427962
0.118625,0.0432008679594192,0.149230468427962
0.11875,0.0433500034094284,0.149230468427962
0.118875,0.0434994419117736,0.149230468427962
0.119,0.0436491835436933,0.140784641291288
0.119125,0.0437992283742089,0.140784641291288
0.11925,0.0439495764501761,0.140784641291288
0.119375,0.0441002277988592,0.140784641291288
0.1195,0.0442511824300962,0.140784641291288
0.119625,0.0444024403362321,0.140784641291288
0.11975,0.0445540014920614,0.140784641291288
0.119875,0.0447058658547807,0.140784641291288
0.12,0.044858033363952,0.132175714728668
0.120125,0.045010503938155,0.132175714728668
0.12025,0.0451632774608885,0.132175714728668
0.120375,0.0453163537833181,0.132175714728668
0.1205,0.0454697327266145,0.132175714728668
0.120625,0.0456234140820231,0.132175714728668
0.12075,0.0457773976109495,0.132175714728668
0.120875,0.0459316830450622,0.132175714728668
0.121,0.0460862700864109,0.168297924851558
0.121125,0.0462411584214889,0.168297924851558
0.12125,0.0463963477804711,0.168297924851558
0.121375,0.0465518379258172,0.168297924851558
0.1215,0.0467076286426529,0.168297924851558
0.121625,0.046863719738729,0.168297924851558
0.12175,0.0470201110443669,0.168297924851558
0.121875,0.0471768024123933,0.168297924851558
0.122,0.0473337937180611,0.159877915505405
0.122125,0.0474910848557126,0.159877915505405
0.12225,0.0476486757249033,0.159877915505405
0.122375,0.0478065662329834,0.159877915505405
0.1225,0.0479647562972547,0.159877915505405
0.122625,0.0481232458448885,0.159877915505405
0.12275,0.0482820348128375,0.159877915505405
0.122875,0.0484411231477423,0.159877915505405
0.123,0.0486005108058337,0.15137301375035
0.123125,0.0487601977495496,0.15137301375035
0.12325,0.048920183933515,0.15137301375035
0.123375,0.0490804693071516,0.15137301375035
0.1235,0.0492410538168669,0.15137301375035
0.123625,0.0494019374059885,0.15137301375035
0.12375,0.0495631200146987,0.15137301375035
0.123875,0.0497246015799731,0.15137301375035
0.124,0.049886382035519,0.142749127400589
0.124125,0.0500484613083922,0.142749127400589
0.12425,0.0502108393048341,0.142749127400589
0.124375,0.0503735159129774,0.142749127400589
0.1245,0.0505364910051343,0.142749127400589
0.124625,0.0506997644378029,0.142749127400589
0.12475,0.0508633360516833,0.142749127400589
0.124875,0.0510272056717024,0.142749127400589
0.125,0.0511913731070467,0.133993187348267
0.125125,0.0513558381478288,0.133993187348267
0.12525,0.0515206005508157,0.133993187348267
0.125375,0.0516856600422909,0.133993187348267
0.1255,0.0518510163204985,0.133993187348267
0.125625,0.0520166690557779,0.133993187348267
0.12575,0.052182617890714,0.133993187348267
0.125875,0.052348862440302,0.133993187348267
0.126,0.0525154022921281,0.169225802192774
0.126125,0.0526822370201485,0.169225802192774
0.12625,0.0528493662425314,0.169225802192774
0.126375,0.0530167896106026,0.169225802192774
0.1265,0.0531845067995239,0.169225802192774
0.126625,0.0533525175083124,0.169225802192774
0.12675,0.0535208214598468,0.169225802192774
0.126875,0.0536894184008595,0.169225802192774
0.127,0.0538583081019163,0.160714018415275
0.127125,0.0540274903541016,0.160714018415275
0.12725,0.0541969649550477,0.160714018415275
0.127375,0.054366731711601,0.160714018415275
0.1275,0.0545367904420584,0.160714018415275
0.127625,0.054707140976139,0.160714018415275
0.12775,0.0548777831549483,0.160714018415275
0.127875,0.0550487168309378,0.160714018415275
0.128,0.0552199418678569,0.15214854050309
0.128125,0.0553914581373973,0.15214854050309
0.12825,0.0555632655051221,0.15214854050309
0.128375,0.0557353638331428,0.15214854050309
0.1285,0.0559077529823713,0.15214854050309
0.128625,0.0560804328124998,0.15214854050309
0.12875,0.056253403181981,0.15214854050309
0.128875,0.0564266639480087,0.15214854050309
0.129,0.0566002149665004,0.143495772320531
0.129125,0.0567740560887429,0.143495772320531
0.12925,0.0569481871472225,0.143495772320531
0.129375,0.0571226079583792,0.143495772320531
0.1295,0.0572973183249397,0.143495772320531
0.129625,0.0574723180359605,0.143495772320531
0.12975,0.0576476068668795,0.143495772320531
0.129875,0.057823184579574,0.143495772320531
0.13,0.057999050922427,0.134742442642587
0.130125,0.0581752056270258,0.134742442642587
0.13025,0.058351648393924,0.134742442642587
0.130375,0.0585283788955322,0.134742442642587
0.1305,0.0587053967785886,0.134742442642587
0.130625,0.0588827016643193,0.134742442642587
0.13075,0.0590602931486132,0.134742442642587
0.130875,0.0592381708022105,0.134742442642587
0.131,0.0594163341709041,0.169110817998081
0.131125,0.0595947827890071,0.169110817998081
0.13125,0.0597735162357992,0.169110817998081
0.131375,0.0599525341247665,0.169110817998081
0.1315,0.060131836094531,0.169110817998081
0.131625,0.0603114218088902,0.169110817998081
0.13175,0.0604912909568426,0.169110817998081
0.131875,0.0606714432525993,0.169110817998081
0.132,0.0608518784355815,0.160651866852697
0.132125,0.0610325962671429,0.160651866852697
0.13225,0.0612135965167031,0.160651866852697
0.132375,0.0613948789644111,0.160651866852697
0.1325,0.0615764434033832,0.160651866852697
0.132625,0.061758289639688,0.160651866852697
0.13275,0.0619404174923235,0.160651866852697
0.132875,0.0621228267931883,0.160651866852697
0.133,0.062305517387045,0.15216618260236
0.133125,0.062488489128205,0.15216618260236
0.13325,0.0626717418665979,0.15216618260236
0.133375,0.0628552754504305,0.15216618260236
0.1335,0.0630390897284256,0.15216618260236
0.133625,0.0632231845498071,0.15216618260236
0.13375,0.0634075597642851,0.15216618260236
0.133875,0.0635922152220418,0.15216618260236
0.134,0.0637771507737153,0.143619374159569
0.134125,0.0639623662670901,0.143619374159569
0.13425,0.0641478615331005,0.143619374159569
0.134375,0.0643336363885514,0.143619374159569
0.1345,0.0645196906384219,0.143619374159569
0.134625,0.064706024075906,0.143619374159569
0.13475,0.0648926364824604,0.143619374159569
0.134875,0.0650795276278585,0.143619374159569
0.135,0.0652666972702507,0.134996740640198
0.135125,0.0654541451529065,0.134996740640198
0.13525,0.0656418709901837,0.134996740640198
0.135375,0.0658298744703679,0.134996740640198
0.1355,0.0660181552580979,0.134996740640198
0.135625,0.066206712994515,0.134996740640198
0.13575,0.0663955472974249,0.134996740640198
0.135875,0.0665846577614726,0.134996740640198
0.136,0.0667740439583294,0.168701640545862
0.136125,0.0669637054498877,0.168701640545862
0.13625,0.0671536418436066,0.168701640545862
0.136375,0.0673438527819453,0.168701640545862
0.1365,0.0675343379334537,0.168701640545862
0.136625,0.0677250969927967,0.168701640545862
0.13675,0.0679161296807635,0.168701640545862
0.136875,0.0681074357442624,0.168701640545862
0.137,0.0682990149563017,0.160407561353839
0.137125,0.068490867112758,0.160407561353839
0.13725,0.0686829920187609,0.160407561353839
0.137375,0.0688753894912862,0.160407561353839
0.1375,0.0690680593613295,0.160407561353839
0.137625,0.0692610014738708,0.160407561353839
0.13775,0.0694542156878316,0.160407561353839
0.137875,0.0696477018760238,0.160407561353839
0.138,0.0698414599250915,0.152103817629695
0.138125,0.0700354897322436,0.152103817629695
0.13825,0.070229791191598,0.152103817629695
0.138375,0.0704243641967586,0.152103817629695
0.1385,0.0706192086429813,0.152103817629695
0.138625,0.0708143244271335,0.152103817629695
0.13875,0.0710097114476532,0.152103817629695
0.138875,0.0712053696045081,0.152103817629695
0.139,0.0714012987991526,0.143754310757459
0.139125,0.0715974989312664,0.143754310757459
0.13925,0.0717939698850526,0.143754310757459
0.139375,0.0719907115318669,0.143754310757459
0.1395,0.0721877237324379,0.143754310757459
0.139625,0.0723850063368779,0.143754310757459
0.13975,0.0725825591846982,0.143754310757459
0.139875,0.0727803821048316,0.143754310757459
0.14,0.07297847491566,0.135342203073335
0.140125,0.0731768374218046,0.135342203073335
0.14025,0.0733754694004057,0.135342203073335
0.140375,0.0735743706038604,0.135342203073335
0.1405,0.0737735407621569,0.135342203073335
0.140625,0.0739729795829866,0.135342203073335
0.14075,0.0741726867518694,0.135342203073335
0.140875,0.0743726619322905,0.135342203073335
0.141,0.0745729047658497,0.168646131428275
0.141125,0.0747734148852626,0.168646131428275
0.14125,0.0749741919690108,0.168646131428275
0.141375,0.0751752357308642,0.168646131428275
0.1415,0.0753765459110403,0.168646131428275
0.141625,0.0755781222761903,0.168646131428275
0.14175,0.07577996461937,0.168646131428275
0.141875,0.0759820727599971,0.168646131428275
0.142,0.0761844465437934,0.16057449736612
0.142125,0.0763870858396006,0.16057449736612
0.14225,0.0765899905260908,0.16057449736612
0.142375,0.0767931604942496,0.16057449736612
0.1425,0.0769965956494518,0.16057449736612
0.142625,0.077200295911386,0.16057449736612
0.14275,0.0774042612139712,0.16057449736612
0.142875,0.077608491505267,0.16057449736612
0.143,0.0778129867473741,0.152497914213692
0.143125,0.0780177469132158,0.152497914213692
0.14325,0.0782227719732123,0.152497914213692
0.143375,0.0784280618977463,0.152497914213692
0.1435,0.078633616659226,0.152497914213692
0.143625,0.0788394362320041,0.152497914213692
0.14375,0.0790455205922952,0.152497914213692
0.143875,0.0792518697180926,0.152497914213692
0.144,0.0794584835890841,0.144378341956608
0.144125,0.0796653621834371,0.144378341956608
0.14425,0.0798725054644316,0.144378341956608
0.144375,0.0800799133829731,0.144378341956608
0.1445,0.0802875858797099,0.144378341956608
0.144625,0.0804955228849992,0.144378341956608
0.14475,0.0807037243188805,0.144378341956608
0.144875,0.0809121900910539,0.144378341956608
0.145,0.0811209201008642,0.136196829194518
0.145125,0.081329914234137,0.136196829194518
0.14525,0.0815391723497917,0.136196829194518
0.145375,0.0817486942824622,0.136196829194518
0.1455,0.0819584798447249,0.136196829194518
0.145625,0.0821685288271663,0.136196829194518
0.14575,0.082378840998463,0.136196829194518
0.145875,0.0825894161054738,0.136196829194518
0.146,0.0828002538733431,0.169305020896955
0.146125,0.0830113540183828,0.169305020896955
0.14625,0.083222716302356,0.169305020896955
0.146375,0.0834343405220177,0.169305020896955
0.1465,0.083646226500282,0.169305020896955
0.146625,0.0838583740861644,0.169305020896955
0.14675,0.0840707831547098,0.169305020896955
0.146875,0.0842834536069064,0.169305020896955
0.147,0.0844963853695853,0.161453930030139
0.147125,0.0847095783922789,0.161453930030139
0.14725,0.0849230326342501,0.161453930030139
0.147375,0.0851367480668635,0.161453930030139
0.1475,0.0853507246755593,0.161453930030139
0.147625,0.0855649624597361,0.161453930030139
0.14775,0.0857794614326256,0.161453930030139
0.147875,0.0859942216211605,0.161453930030139
0.148,0.0862092430658345,0.15359157510376
0.148125,0.0864245258175241,0.15359157510376
0.14825,0.0866400699244738,0.15359157510376
0.148375,0.086855875434652,0.15359157510376
0.1485,0.0870719423977169,0.15359157510376
0.148625,0.0872882708648934,0.15359157510376
0.14875,0.0875048608888508,0.15359157510376
0.148875,0.087721712523579,0.15359157510376
0.149,0.0879388258242642,0.14567849989266
0.149125,0.0881562008441145,0.14567849989266
0.14925,0.0883738376212906,0.14567849989266
0.149375,0.0885917361813146,0.14567849989266
0.1495,0.0888098965390921,0.14567849989266
0.149625,0.0890283186988397,0.14567849989266
0.14975,0.0892470026540184,0.14567849989266
0.149875,0.0894659483872738,0.14567849989266
0.15,0.0896851558703816,0.137694371680136
0.150125,0.0899046250611217,0.137694371680136
0.15025,0.0901243558901761,0.137694371680136
0.150375,0.0903443482636496,0.137694371680136
0.1505,0.0905646020652071,0.137694371680136
0.150625,0.0907851171561033,0.137694371680136
0.15075,0.0910058933752255,0.137694371680136
0.150875,0.0912269305391483,0.137694371680136
0.151,0.0914482284422007,0.170670363762264
0.151125,0.0916697868692597,0.170670363762264
0.15125,0.0918916056497827,0.170670363762264
0.151375,0.0921136846473544,0.170670363762264
0.1515,0.0923360237508543,0.170670363762264
0.151625,0.0925586228743659,0.170670363762264
0.15175,0.0927814819570707,0.170670363762264
0.151875,0.0930046009631297,0.170670363762264
0.152,0.0932279798815504,0.162991146190052
0.152125,0.0934516187230806,0.162991146190052
0.15225,0.093675517507487,0.162991146190052
0.152375,0.0938996762658417,0.162991146190052
0.1525,0.0941240950424196,0.162991146190052
0.152625,0.0943487738945512,0.162991146190052
0.15275,0.0945737128924677,0.162991146190052
0.152875,0.0947989121191396,0.162991146190052
0.153,0.0950243716701089,0.15528784760734
0.153125,0.0952500916503443,0.15528784760734
0.15325,0.0954760721614591,0.15528784760734
0.153375,0.0957023133039901,0.15528784760734
0.1535,0.0959288151792937,0.15528784760734
0.153625,0.0961555778893976,0.15528784760734
0.15375,0.0963826015368519,0.15528784760734
0.153875,0.09660988622458,0.15528784760734
0.154,0.096837432055731,0.147520705774612
0.154125,0.0970652391305356,0.147520705774612
0.15425,0.0972933075334537,0.147520705774612
0.154375,0.0975216373355128,0.147520705774612
0.1545,0.0977502285962685,0.147520705774612
0.154625,0.0979790813637096,0.147520705774612
0.15475,0.0982081956741694,0.147520705774612
0.154875,0.0984375715522441,0.147520705774612
0.155,0.0986672090107181,0.139669196791864
0.155125,0.098897108047468,0.139669196791864
0.15525,0.0991272686325583,0.139669196791864
0.155375,0.0993576907107002,0.139669196791864
0.1555,0.0995883742033343,0.139669196791864
0.155625,0.0998193190086414,0.139669196791864
0.15575,0.100050525001567,0.139669196791864
0.155875,0.100281992033857,0.139669196791864
0.156,0.100513719934111,0.172405077116132
0.156125,0.100745708520461,0.172405077116132
0.15625,0.1009779576542,0.172405077116132
0.156375,0.101210467229385,0.172405077116132
0.1565,0.101443237164062,0.172405077116132
0.156625,0.101676267400152,0.172405077116132
0.15675,0.101909557903342,0.172405077116132
0.156875,0.102143108662949,0.172405077116132
0.157,0.10237691969178,0.164827964148407
0.157125,0.102610991023053,0.164827964148407
0.15725,0.102845322697833,0.164827964148407
0.157375,0.103079914767281,0.164827964148407
0.1575,0.103314767294512,0.164827964148407
0.157625,0.103549880354442,0.164827964148407
0.15775,0.103785254033627,0.164827964148407
0.157875,0.104020888430093,0.164827964148407
0.158,0.104256783653167,0.157213603644659
0.158125,0.104492939820357,0.157213603644659
0.15825,0.104729357044716,0.157213603644659
0.158375,0.104966035437086,0.157213603644659
0.1585,0.105202975107968,0.157213603644659
0.158625,0.105440176167374,0.157213603644659
0.15875,0.105677638724671,0.157213603644659
0.158875,0.105915362888438,0.157213603644659
0.159,0.10615334876631,0.149523262960021
0.159125,0.106391596461871,0.149523262960021
0.15925,0.106630106061924,0.149523262960021
0.159375,0.106868877638805,0.149523262960021
0.1595,0.107107911252331,0.149523262960021
0.159625,0.1073472069497,0.149523262960021
0.15975,0.10758676476541,0.149523262960021
0.159875,0.107826584721179,0.149523262960021
0.16,0.108066666825875,0.141737485025166
0.160125,0.10830701107245,0.141737485025166
0.16025,0.108547617425147,0.141737485025166
0.160375,0.108788485821945,0.141737485025166
0.1605,0.10902961617663,0.141737485025166
0.160625,0.109271008378809,0.141737485025166
0.16075,0.109512662293948,0.141737485025166
0.160875,0.10975457776341,0.141737485025166
0.161,0.109996754604514,0.173977270847728
0.161125,0.110239192623037,0.173977270847728
0.16125,0.110481891666038,0.173977270847728
0.161375,0.110724851611626,0.173977270847728
0.1615,0.110968072360331,0.173977270847728
0.161625,0.111211553835005,0.173977270847728
0.16175,0.111455295980725,0.173977270847728
0.161875,0.111699298764675,0.173977270847728
0.162,0.111943562176019,0.166441242719252
0.162125,0.112188086222856,0.166441242719252
0.16225,0.112432870919742,0.166441242719252
0.162375,0.112677916289941,0.166441242719252
0.1625,0.112923222367292,0.166441242719252
0.162625,0.11316878919608,0.166441242719252
0.16275,0.113414616830889,0.166441242719252
0.162875,0.113660705336457,0.166441242719252
0.163,0.113907054787527,0.15886020075957
0.163125,0.114153665265764,0.15886020075957
0.16325,0.114400536847192,0.15886020075957
0.163375,0.114647669604458,0.15886020075957
0.1635,0.114895063608713,0.15886020075957
0.163625,0.115142718929488,0.15886020075957
0.16375,0.115390635634566,0.15886020075957
0.163875,0.115638813789863,0.15886020075957
0.164,0.115887253459301,0.151197599366994
0.164125,0.116135954701732,0.151197599366994
0.16425,0.116384917558291,0.151197599366994
0.164375,0.116634142054723,0.151197599366994
0.1645,0.116883628203349,0.151197599366994
0.164625,0.117133376003001,0.151197599366994
0.16475,0.117383385438969,0.151197599366994
0.164875,0.117633656482946,0.151197599366994
0.165,0.117884189092995,0.143435992659527
0.165125,0.118134983210516,0.143435992659527
0.16525,0.118386038747527,0.143435992659527
0.165375,0.118637355589131,0.143435992659527
0.1655,0.118888933595615,0.143435992659527
0.165625,0.119140772602491,0.143435992659527
0.16575,0.119392872420567,0.143435992659527
0.165875,0.119645232836018,0.143435992659527
0.166,0.119897853610481,0.174836536783766
0.166125,0.120150734493258,0.174836536783766
0.16625,0.120403875272804,0.174836536783766
0.166375,0.1206572757668,0.174836536783766
0.1665,0.120910935813776,0.174836536783766
0.166625,0.121164855273062,0.174836536783766
0.16675,0.121419034024722,0.174836536783766
0.166875,0.121673471969479,0.174836536783766
0.167,0.121928169028628,0.167313731150741
0.167125,0.12218312514104,0.167313731150741
0.16725,0.122438340250749,0.167313731150741
0.167375,0.122693814309235,0.167313731150741
0.1675,0.122949547277341,0.167313731150741
0.167625,0.123205539125178,0.167313731150741
0.16775,0.123461789832032,0.167313731150741
0.167875,0.123718299386259,0.167313731150741
0.168,0.123975067785181,0.159747148725661
0.168125,0.124232095032059,0.159747148725661
0.16825,0.124489381123598,0.159747148725661
0.168375,0.124746926052253,0.159747148725661
0.1685,0.125004729808155,0.159747148725661
0.168625,0.125262792379033,0.159747148725661
0.16875,0.12552111375014,0.159747148725661
0.168875,0.125779693904173,0.159747148725661
0.169,0.126038532821203,0.152103107726477
0.169125,0.126297630475654,0.152103107726477
0.16925,0.126556986823729,0.152103107726477
0.169375,0.126816601805789,0.152103107726477
0.1695,0.127076475348362,0.152103107726477
0.169625,0.127336607364123,0.152103107726477
0.16975,0.127596997751894,0.152103107726477
0.169875,0.127857646396643,0.152103107726477
0.17,0.128118553169491,0.144366562510962
0.170125,0.128379717924748,0.144366562510962
0.17025,0.128641140487282,0.144366562510962
0.170375,0.128902820655026,0.144366562510962
0.1705,0.129164758201121,0.144366562510962
0.170625,0.12942695287401,0.144366562510962
0.17075,0.129689404397553,0.144366562510962
0.170875,0.129952112471151,0.144366562510962
0.171,0.130215076769889,0.174575428362398
0.171125,0.130478296956331,0.174575428362398
0.17125,0.130741772730101,0.174575428362398
0.171375,0.131005503818393,0.174575428362398
0.1715,0.131269489967963,0.174575428362398
0.171625,0.131533730945133,0.174575428362398
0.17175,0.131798226535786,0.174575428362398
0.171875,0.132062976545343,0.174575428362398
0.172,0.132327980798739,0.167083074982813
0.172125,0.132593239137492,0.167083074982813
0.17225,0.132858751407397,0.167083074982813
0.172375,0.133124517460865,0.167083074982813
0.1725,0.133390537158884,0.167083074982813
0.172625,0.133656810370987,0.167083074982813
0.17275,0.133923336975214,0.167083074982813
0.172875,0.134190116858074,0.167083074982813
0.173,0.134457149914494,0.159557751434727
0.173125,0.134724436044871,0.159557751434727
0.17325,0.134991975142709,0.159557751434727
0.173375,0.135259767096963,0.159557751434727
0.1735,0.135527811794023,0.159557751434727
0.173625,0.135796109117691,0.159557751434727
0.17375,0.136064658949169,0.159557751434727
0.173875,0.136333461167042,0.159557751434727
0.174,0.136602515647261,0.151968720040155
0.174125,0.136871822260214,0.151968720040155
0.17425,0.137141380858291,0.151968720040155
0.174375,0.137411191278312,0.151968720040155
0.1745,0.137681253343578,0.151968720040155
0.174625,0.137951566863911,0.151968720040155
0.17475,0.138222131635714,0.151968720040155
0.174875,0.138492947442022,0.151968720040155
0.175,0.138764014052575,0.144303129343864
0.175125,0.139035331220934,0.144303129343864
0.17525,0.139306898672025,0.144303129343864
0.175375,0.13957871610468,0.144303129343864
0.1755,0.139850783193812,0.144303129343864
0.175625,0.140123099590572,0.144303129343864
0.17575,0.140395664922512,0.144303129343864
0.175875,0.140668478793769,0.144303129343864
0.176,0.140941540785251,0.173033283190147
0.176125,0.141214850465925,0.173033283190147
0.17625,0.141488407440026,0.173033283190147
0.176375,0.14176221133809,0.173033283190147
0.1765,0.142036261809401,0.173033283190147
0.176625,0.14231055852205,0.173033283190147
0.17675,0.142585101162992,0.173033283190147
0.176875,0.142859889438083,0.173033283190147
0.177,0.143134923072115,0.165630840063735
0.177125,0.143410201805978,0.165630840063735
0.17725,0.143685725384567,0.165630840063735
0.177375,0.143961493559145,0.165630840063735
0.1775,0.144237506089347,0.165630840063735
0.177625,0.144513762743204,0.165630840063735
0.17775,0.144790263297167,0.165630840063735
0.177875,0.145067007536125,0.165630840063735
0.178,0.145343995253421,0.158213487401505
0.178125,0.145621226248,0.158213487401505
0.17825,0.145898700312282,0.158213487401505
0.178375,0.146176417234533,0.158213487401505
0.1785,0.146454376800878,0.158213487401505
0.178625,0.146732578795336,0.158213487401505
0.17875,0.147011022999867,0.158213487401505
0.178875,0.147289709194409,0.158213487401505
0.179,0.147568637156923,0.150752990435215
0.179125,0.147847806660563,0.150752990435215
0.17925,0.148127217461515,0.150752990435215
0.179375,0.148406869301434,0.150752990435215
0.1795,0.148686761909515,0.150752990435215
0.179625,0.148966895002593,0.150752990435215
0.17975,0.149247268285243,0.150752990435215
0.179875,0.149527881449895,0.150752990435215
0.18,0.149808734176955,0.14323803303071
0.180125,0.150089826132025,0.14323803303071
0.18025,0.150371156953745,0.14323803303071
0.180375,0.150652726256338,0.14323803303071
0.1805,0.150934533631789,0.14323803303071
0.180625,0.151216578650046,0.14323803303071
0.18075,0.151498860859234,0.14323803303071
0.180875,0.151781379785873,0.14323803303071
0.181,0.152064134935117,0.170321591953718
0.181125,0.152347125801442,0.170321591953718
0.18125,0.152630351913204,0.170321591953718
0.181375,0.152913812824241,0.170321591953718
0.1815,0.153197508106798,0.170321591953718
0.181625,0.153481437351642,0.170321591953718
0.18175,0.153765600168161,0.170321591953718
0.181875,0.154049996184452,0.170321591953718
0.182,0.154334625047403,0.163095587651809
0.182125,0.154619486419972,0.163095587651809
0.18225,0.154904579969427,0.163095587651809
0.182375,0.155189905369705,0.163095587651809
0.1825,0.155475462303414,0.163095587651809
0.182625,0.155761250461901,0.163095587651809
0.18275,0.156047269545327,0.163095587651809
0.182875,0.156333519262729,0.163095587651809
0.183,0.156619999332079,0.155875789025277
0.183125,0.156906709477556,0.155875789025277
0.18325,0.157193649417786,0.155875789025277
0.183375,0.157480818868196,0.155875789025277
0.1835,0.157768217543013,0.155875789025277
0.183625,0.158055845155349,0.155875789025277
0.18375,0.158343701417278,0.155875789025277
0.183875,0.158631786039927,0.155875789025277
0.184,0.15892009873355,0.148635710484775
0.184125,0.159208639204832,0.148635710484775
0.18425,0.15949740714512,0.148635710484775
0.184375,0.15978640223283,0.148635710484775
0.1845,0.160075624135499,0.148635710484775
0.184625,0.160365072509913,0.148635710484775
0.18475,0.16065474700225,0.148635710484775
0.184875,0.160944647248222,0.148635710484775
0.185,0.161234772873226,0.141364709940732
0.185125,0.161525123489697,0.141364709940732
0.18525,0.161815698685376,0.141364709940732
0.185375,0.162106498025803,0.141364709940732
0.1855,0.16239752105646,0.141364709940732
0.185625,0.162688767302999,0.141364709940732
0.18575,0.162980236271476,0.141364709940732
0.185875,0.163271927448598,0.141364709940732
0.186,0.163563840301978,0.166772341442218
0.186125,0.163855974290198,0.166772341442218
0.18625,0.164148328904648,0.166772341442218
0.186375,0.164440903661675,0.166772341442218
0.1865,0.16473369809599,0.166772341442218
0.186625,0.165026711760797,0.166772341442218
0.18675,0.165319944227926,0.166772341442218
0.186875,0.165613395087945,0.166772341442218
0.187,0.165907063950267,0.159814713571555
0.187125,0.166200950440558,0.159814713571555
0.18725,0.166495054189443,0.159814713571555
0.187375,0.166789374834805,0.159814713571555
0.1875,0.167083912023739,0.159814713571555
0.187625,0.167378665412642,0.159814713571555
0.18775,0.167673634667314,0.159814713571555
0.187875,0.167968819463041,0.159814713571555
0.188,0.168264219484676,0.152882784673193
0.188125,0.168559834424048,0.152882784673193
0.18825,0.168855663968687,0.152882784673193
0.188375,0.169151707804115,0.152882784673193
0.1885,0.169447965615784,0.152882784673193
0.188625,0.169744437089179,0.152882784673193
0.18875,0.170041121909914,0.152882784673193
0.188875,0.170338019763838,0.152882784673193
0.189,0.170635130337131,0.145951015306744
0.189125,0.170932453313732,0.145951015306744
0.18925,0.171229988364101,0.145951015306744
0.189375,0.171527735147537,0.145951015306744
0.1895,0.171825693314156,0.145951015306744
0.189625,0.172123862505034,0.145951015306744
0.18975,0.17242224235236,0.145951015306744
0.189875,0.172720832479585,0.145951015306744
0.19,0.173019632501582,0.139008644937653
0.190125,0.173318642022133,0.139008644937653
0.19025,0.173617860622737,0.139008644937653
0.190375,0.173917287865008,0.139008644937653
0.1905,0.174216923292728,0.139008644937653
0.190625,0.174516766432081,0.139008644937653
0.19075,0.17481681679188,0.139008644937653
0.190875,0.175117073863818,0.139008644937653
0.191,0.175417537122714,0.162829285685798
0.191125,0.175718206035969,0.162829285685798
0.19125,0.176019080102795,0.162829285685798
0.191375,0.176320158846869,0.162829285685798
0.1915,0.176621441810161,0.162829285685798
0.191625,0.17692292855307,0.162829285685798
0.19175,0.177224618654552,0.162829285685798
0.191875,0.177526511712235,0.162829285685798
0.192,0.17782860734253,0.156216053033218
0.192125,0.178130905178173,0.156216053033218
0.19225,0.178433404857493,0.156216053033218
0.192375,0.178736106026606,0.156216053033218
0.1925,0.179039008341274,0.156216053033218
0.192625,0.179342111466999,0.156216053033218
0.19275,0.179645415079117,0.156216053033218
0.192875,0.179948918862885,0.156216053033218
0.193,0.180252622513559,0.149642593750054
0.193125,0.18055652573394,0.149642593750054
0.19325,0.180860628223682,0.149642593750054
0.193375,0.18116492968147,0.149642593750054
0.1935,0.181469429806853,0.149642593750054
0.193625,0.181774128300346,0.149642593750054
0.19375,0.18207902486352,0.149642593750054
0.193875,0.182384119199102,0.149642593750054
0.194,0.182689411011065,0.143083706837947
0.194125,0.182994900002192,0.143083706837947
0.19425,0.183300585863441,0.143083706837947
0.194375,0.183606468276133,0.143083706837947
0.1945,0.183912546913828,0.143083706837947
0.194625,0.184218821442449,0.143083706837947
0.19475,0.184525291520425,0.143083706837947
0.194875,0.18483195679883,0.143083706837947
0.195,0.185138816921526,0.136528009967572
0.195125,0.185445871522788,0.136528009967572
0.19525,0.185753120216726,0.136528009967572
0.195375,0.186060562599544,0.136528009967572
0.1955,0.186368198251477,0.136528009967572
0.195625,0.186676026736997,0.136528009967572
0.19575,0.186984047605024,0.136528009967572
0.195875,0.187292260389155,0.136528009967572
0.196,0.187600664607891,0.158915182142985
0.196125,0.187909259773506,0.158915182142985
0.19625,0.188218045428917,0.158915182142985
0.196375,0.188527021140769,0.158915182142985
0.1965,0.188836186493623,0.158915182142985
0.196625,0.189145541090076,0.158915182142985
0.19675,0.189455084550871,0.158915182142985
0.196875,0.189764816514998,0.158915182142985
0.197,0.190074736639783,0.152691321968033
0.197125,0.190384844598565,0.152691321968033
0.19725,0.190695140070589,0.152691321968033
0.197375,0.191005622743054,0.152691321968033
0.1975,0.191316292312852,0.152691321968033
0.197625,0.191627148486645,0.152691321968033
0.19775,0.19193819098094,0.152691321968033
0.197875,0.192249419522159,0.152691321968033
0.198,0.1925608338467,0.146513934531219
0.198125,0.192872433698611,0.146513934531219
0.19825,0.193184218819541,0.146513934531219
0.198375,0.193496188950759,0.146513934531219
0.1985,0.193808343834872,0.146513934531219
0.198625,0.194120683215902,0.146513934531219
0.19875,0.194433206839359,0.146513934531219
0.198875,0.194745914452316,0.146513934531219
0.199,0.195058805803479,0.14035791591444
0.199125,0.195371880640889,0.14035791591444
0.19925,0.195685138701921,0.14035791591444
0.199375,0.195998579715326,0.14035791591444
0.1995,0.196312203402967,0.14035791591444
0.199625,0.19662600947993,0.14035791591444
0.19975,0.196939997654637,0.14035791591444
0.199875,0.197254167628955,0.14035791591444
0.2,0.197568519098325,0.134211171023466
0.200125,0.197883051749505,0.134211171023466
0.20025,0.198197765250646,0.134211171023466
0.200375,0.19851265925339,0.134211171023466
0.2005,0.198827733394663,0.134211171023466
0.200625,0.199142987296861,0.134211171023466
0.20075,0.199458420568022,0.134211171023466
0.200875,0.19977403280203,0.134211171023466
0.201,0.200089823578802,0.15531350140463
0.201125,0.200405792472639,0.15531350140463
0.20125,0.200721939086954,0.15531350140463
0.201375,0.201038263047738,0.15531350140463
0.2015,0.201354763998061,0.15531350140463
0.201625,0.201671441598167,0.15531350140463
0.20175,0.201988295525558,0.15531350140463
0.201875,0.202305325475072,0.15531350140463
0.202,0.202622531158943,0.149487605826898
0.202125,0.202939912304612,0.149487605826898
0.20225,0.203257468645246,0.149487605826898
0.202375,0.203575199921637,0.149487605826898
0.2025,0.203893105883807,0.149487605826898
0.202625,0.204211186291067,0.149487605826898
0.20275,0.204529440912064,0.149487605826898
0.202875,0.204847869524827,0.149487605826898
0.203,0.205166471916809,0.143707770460961
0.203125,0.205485247882687,0.143707770460961
0.20325,0.205804197214943,0.143707770460961
0.203375,0.206123319705733,0.143707770460961
0.2035,0.206442615148477,0.143707770460961
0.203625,0.20676208333791,0.143707770460961
0.20375,0.207081724070131,0.143707770460961
0.203875,0.207401537142656,0.143707770460961
0.204,0.207721522354465,0.137949175184209
0.204125,0.208041679503832,0.137949175184209
0.20425,0.208362008378949,0.137949175184209
0.204375,0.208682508759821,0.137949175184209
0.2045,0.209003180419871,0.137949175184209
0.204625,0.209324023126023,0.137949175184209
0.20475,0.20964503663879,0.137949175184209
0.204875,0.209966220712362,0.137949175184209
0.205,0.210287575094702,0.132199338169699
0.205125,0.21060909952542,0.132199338169699
0.20525,0.210930793726476,0.132199338169699
0.205375,0.211252657404114,0.132199338169699
0.2055,0.211574690250537,0.132199338169699
0.205625,0.211896891944048,0.132199338169699
0.20575,0.212219262149209,0.132199338169699
0.205875,0.212541800517001,0.132199338169699
0.206,0.212864506684993,0.152098447490821
0.206125,0.213187380285193,0.152098447490821
0.20625,0.213510420976781,0.152098447490821
0.206375,0.213833628439927,0.152098447490821
0.2065,0.214157002370594,0.152098447490821
0.206625,0.214480542480603,0.152098447490821
0.20675,0.214804248497702,0.152098447490821
0.206875,0.215128120165616,0.152098447490821
0.207,0.215452157244092,0.146647833962329
0.207125,0.215776359506839,0.146647833962329
0.20725,0.216100726732631,0.146647833962329
0.207375,0.216425258707076,0.146647833962329
0.2075,0.216749955224103,0.146647833962329
0.207625,0.217074816085998,0.146647833962329
0.20775,0.217399841103437,0.146647833962329
0.207875,0.217725030095512,0.146647833962329
0.208,0.218050382889754,0.141237994465303
0.208125,0.218375899320065,0.141237994465303
0.20825,0.218701579217885,0.141237994465303
0.208375,0.219027422413927,0.141237994465303
0.2085,0.219353428739654,0.141237994465303
0.208625,0.219679598027309,0.141237994465303
0.20875,0.220005930109958,0.141237994465303
0.208875,0.220332424821513,0.141237994465303
0.209,0.220659081996776,0.135844946954362
0.209125,0.220985901469387,0.135844946954362
0.20925,0.221312883063037,0.135844946954362
0.209375,0.221640026593227,0.135844946954362
0.2095,0.221967331868759,0.135844946954362
0.209625,0.222294798691812,0.135844946954362
0.20975,0.222622426858,0.135844946954362
0.209875,0.222950216156458,0.135844946954362
0.21,0.223278166369911,0.130456455524181
0.210125,0.22360627727268,0.130456455524181
0.21025,0.223934548621955,0.130456455524181
0.210375,0.224262980159602,0.130456455524181
0.2105,0.224591571613722,0.130456455524181
0.210625,0.224920322698775,0.130456455524181
0.21075,0.225249233115722,0.130456455524181
0.210875,0.225578302552169,0.130456455524181
0.211,0.225907530682516,0.149131963624739
0.211125,0.226236917175318,0.149131963624739
0.21125,0.226566461724,0.149131963624739
0.211375,0.226896164041051,0.149131963624739
0.2115,0.227226023853133,0.149131963624739
0.211625,0.227556040901147,0.149131963624739
0.21175,0.227886214940285,0.149131963624739
0.211875,0.228216545740073,0.149131963624739
0.212,0.228547033084415,0.144016064620234
0.212125,0.228877676769645,0.144016064620234
0.21225,0.229208476596184,0.144016064620234
0.212375,0.229539432370189,0.144016064620234
0.2125,0.229870543904948,0.144016064620234
0.212625,0.230201811020913,0.144016064620234
0.21275,0.230533233545727,0.144016064620234
0.212875,0.230864811314248,0.144016064620234
0.213,0.231196544168569,0.138934222778854
0.213125,0.231528431956074,0.138934222778854
0.21325,0.231860474521138,0.138934222778854
0.213375,0.232192671706761,0.138934222778854
0.2135,0.232525023355951,0.138934222778854
0.213625,0.232857529311759,0.138934222778854
0.21375,0.23319018941731,0.138934222778854
0.213875,0.23352300351584,0.138934222778854
0.214,0.233855971450724,0.133864050410757
0.214125,0.234189093063562,0.133864050410757
0.21425,0.23452236818591,0.133864050410757
0.214375,0.234855796640945,0.133864050410757
0.2145,0.235189378244866,0.133864050410757
0.214625,0.235523112806966,0.133864050410757
0.21475,0.235857000129697,0.133864050410757
0.214875,0.236191040008751,0.133864050410757
0.215,0.236525232233129,0.128794303067836
0.215125,0.236859576583274,0.128794303067836
0.21525,0.23719407282286,0.128794303067836
0.215375,0.237528720700504,0.128794303067836
0.2155,0.237863519951231,0.128794303067836
0.215625,0.238198470296605,0.128794303067836
0.21575,0.238533571444867,0.128794303067836
0.215875,0.23886882309107,0.128794303067836
0.216,0.23920422491724,0.146124785387162
0.216125,0.239539776599205,0.146124785387162
0.21625,0.239875477835114,0.146124785387162
0.216375,0.240211328340058,0.146124785387162
0.2165,0.240547327841543,0.146124785387162
0.216625,0.240883476079559,0.146124785387162
0.21675,0.241219772806647,0.146124785387162
0.216875,0.241556217787944,0.146124785387162
0.217,0.241892810801241,0.141302463804348
0.217125,0.242229551635155,0.141302463804348
0.21725,0.242566440081281,0.141302463804348
0.217375,0.242903475935759,0.141302463804348
0.2175,0.243240659000604,0.141302463804348
0.217625,0.243577989083745,0.141302463804348
0.21775,0.243915465999074,0.141302463804348
0.217875,0.244253089566478,0.141302463804348
0.218,0.244590859611872,0.13650962638477
0.218125,0.244928775965389,0.13650962638477
0.21825,0.24526683845356,0.13650962638477
0.218375,0.245605046900875,0.13650962638477
0.2185,0.245943401131108,0.13650962638477
0.218625,0.246281900967361,0.13650962638477
0.21875,0.246620546232114,0.13650962638477
0.218875,0.246959336747277,0.13650962638477
0.219,0.247298272334242,0.131726217191139
0.219125,0.247637352812081,0.131726217191139
0.21925,0.247976577989781,0.131726217191139
0.219375,0.248315947667821,0.131726217191139
0.2195,0.248655461639519,0.131726217191139
0.219625,0.24899511969112,0.131726217191139
0.21975,0.24933492160188,0.131726217191139
0.219875,0.249674867144153,0.131726217191139
0.22,0.250014956083492,0.126942621906615
0.220125,0.250355188176893,0.126942621906615
0.22025,0.250695563165081,0.126942621906615
0.220375,0.251036080774137,0.126942621906615
0.2205,0.251376740716911,0.126942621906615
0.220625,0.251717542693162,0.126942621906615
0.22075,0.252058486389708,0.126942621906615
0.220875,0.252399571480583,0.126942621906615
0.221,0.252740797627204,0.142738235934341
0.221125,0.253082164484626,0.142738235934341
0.22125,0.253423671727565,0.142738235934341
0.221375,0.253765319045517,0.142738235934341
0.2215,0.254107106138667,0.142738235934341
0.221625,0.254449032717979,0.142738235934341
0.22175,0.254791098505282,0.142738235934341
0.221875,0.255133303233348,0.142738235934341
0.222,0.255475646645965,0.138183740614575
0.222125,0.255818128496249,0.138183740614575
0.22225,0.256160748539252,0.138183740614575
0.222375,0.256503506533478,0.138183740614575
0.2225,0.256846402242165,0.138183740614575
0.222625,0.257189435433353,0.138183740614575
0.22275,0.257532605879961,0.138183740614575
0.222875,0.257875913359847,0.138183740614575
0.223,0.258219357655874,0.13365894556805
0.223125,0.258562938554226,0.13365894556805
0.22325,0.258906655837065,0.13365894556805
0.223375,0.259250509284032,0.13365894556805
0.2235,0.25959449867353,0.13365894556805
0.223625,0.259938623782801,0.13365894556805
0.22375,0.260282884388005,0.13365894556805
0.223875,0.260627280264301,0.13365894556805
0.224,0.260971811185929,0.129146639427877
0.224125,0.26131647692455,0.129146639427877
0.22425,0.261661277241943,0.129146639427877
0.224375,0.262006211891536,0.129146639427877
0.2245,0.262351280619711,0.129146639427877
0.224625,0.262696483165912,0.129146639427877
0.22475,0.263041819262768,0.129146639427877
0.224875,0.263387288636203,0.129146639427877
0.225,0.263732891005568,0.124639192534941
0.225125,0.264078626082023,0.124639192534941
0.22525,0.264424493561296,0.124639192534941
0.225375,0.264770493125258,0.124639192534941
0.2255,0.265116624443282,0.124639192534941
0.225625,0.265462887172416,0.124639192534941
0.22575,0.265809280957551,0.124639192534941
0.225875,0.26615580543161,0.124639192534941
0.226,0.266502460215733,0.138692059859446
0.226125,0.266849244924893,0.138692059859446
0.22625,0.267196159191079,0.138692059859446
0.226375,0.267543202659009,0.138692059859446
0.2265,0.267890374982524,0.138692059859446
0.226625,0.26823767582472,0.138692059859446
0.22675,0.268585104858059,0.138692059859446
0.226875,0.268932661764491,0.138692059859446
0.227,0.269280346235557,0.134404982066767
0.227125,0.269628157970841,0.134404982066767
0.22725,0.269976096671057,0.134404982066767
0.227375,0.27032416203951,0.134404982066767
0.2275,0.270672353783349,0.134404982066767
0.227625,0.271020671613674,0.134404982066767
0.22775,0.271369115245644,0.134404982066767
0.227875,0.27171768439858,0.134404982066767
0.228,0.272066378796068,0.130153598901145
0.228125,0.272415198164422,0.130153598901145
0.22825,0.27276414222582,0.130153598901145
0.228375,0.273113210699768,0.130153598901145
0.2285,0.273462403304336,0.130153598901145
0.228625,0.273811719756281,0.130153598901145
0.22875,0.274161159771166,0.130153598901145
0.228875,0.274510723063472,0.130153598901145
0.229,0.274860409346722,0.12592370739228
0.229125,0.275210218331965,0.12592370739228
0.22925,0.27556014972098,0.12592370739228
0.229375,0.275910203207748,0.12592370739228
0.2295,0.276260378479715,0.12592370739228
0.229625,0.276610675217949,0.12592370739228
0.22975,0.276961093097281,0.12592370739228
0.229875,0.277311631786466,0.12592370739228
0.23,0.277662290948337,0.121709653373059
0.230125,0.278013070238342,0.121709653373059
0.23025,0.278363969297813,0.121709653373059
0.230375,0.278714987755482,0.121709653373059
0.2305,0.279066125228792,0.121709653373059
0.230625,0.279417381324099,0.121709653373059
0.23075,0.279768755636874,0.121709653373059
0.230875,0.280120247751915,0.121709653373059
0.231,0.280471857243566,0.133844906059045
0.231125,0.280823583680612,0.133844906059045
0.23125,0.281175426646364,0.133844906059045
0.231375,0.281527385734998,0.133844906059045
0.2315,0.281879460548506,0.133844906059045
0.231625,0.282231650696855,0.133844906059045
0.23175,0.282583955798143,0.133844906059045
0.231875,0.282936375478752,0.133844906059045
0.232,0.283288909373496,0.129851569041655
0.232125,0.283641557124222,0.129851569041655
0.23225,0.283994318373413,0.129851569041655
0.232375,0.284347192765604,0.129851569041655
0.2325,0.284700179948589,0.129851569041655
0.232625,0.28505327957357,0.129851569041655
0.23275,0.285406491295302,0.129851569041655
0.232875,0.285759814772239,0.129851569041655
0.233,0.286113249666677,0.125904855747323
0.233125,0.286466795643365,0.125904855747323
0.23325,0.286820452363196,0.125904855747323
0.233375,0.287174219484596,0.125904855747323
0.2335,0.287528096664731,0.125904855747323
0.233625,0.287882083559663,0.125904855747323
0.23375,0.288236179824505,0.125904855747323
0.233875,0.288590385113573,0.125904855747323
0.234,0.288944699080549,0.12199337884605
0.234125,0.289299121377125,0.12199337884605
0.23425,0.289653651646761,0.12199337884605
0.234375,0.290008289526097,0.12199337884605
0.2345,0.290363034646164,0.12199337884605
0.234625,0.290717886632572,0.12199337884605
0.23475,0.291072845105691,0.12199337884605
0.234875,0.291427909680839,0.12199337884605
0.235,0.291783079968471,0.11811312520929
0.235125,0.292138355572876,0.11811312520929
0.23525,0.292493736086023,0.11811312520929
0.235375,0.292849221088998,0.11811312520929
0.2355,0.29320481015326,0.11811312520929
0.235625,0.293560502840859,0.11811312520929
0.23575,0.293916298704676,0.11811312520929
0.235875,0.294272197288652,0.11811312520929
0.236,0.294628198128031,0.12822624346808
0.236125,0.2949843007535,0.12822624346808
0.23625,0.295340504707986,0.12822624346808
0.236375,0.295696809543667,0.12822624346808
0.2365,0.296053214819485,0.12822624346808
0.236625,0.29640972010134,0.12822624346808
0.23675,0.296766324962279,0.12822624346808
0.236875,0.297123028982682,0.12822624346808
0.237,0.297479831750439,0.124572760933926
0.237125,0.297836732859721,0.124572760933926
0.23725,0.298193731905173,0.124572760933926
0.237375,0.29855082848325,0.124572760933926
0.2375,0.298908022193373,0.124572760933926
0.237625,0.299265312638106,0.124572760933926
0.23775,0.299622699423339,0.124572760933926
0.237875,0.299980182158465,0.124572760933926
0.238,0.300337760456554,0.120979489403307
0.238125,0.300695433933137,0.120979489403307
0.23825,0.301053202200506,0.120979489403307
0.238375,0.301411064869024,0.120979489403307
0.2385,0.301769021548272,0.120979489403307
0.238625,0.302127071847228,0.120979489403307
0.23875,0.30248521537446,0.120979489403307
0.238875,0.302843451738309,0.120979489403307
0.239,0.303201780547073,0.117437409340436
0.239125,0.303560201407831,0.117437409340436
0.23925,0.303918713920831,0.117437409340436
0.239375,0.304277317680812,0.117437409340436
0.2395,0.304636012278145,0.117437409340436
0.239625,0.304994797299042,0.117437409340436
0.23975,0.305353672325766,0.117437409340436
0.239875,0.305712636936841,0.117437409340436
0.24,0.306071690707262,0.113943623391552
0.240125,0.306430833207364,0.113943623391552
0.24025,0.306790063997325,0.113943623391552
0.240375,0.307149382628496,0.113943623391552
0.2405,0.30750878864457,0.113943623391552
0.240625,0.307868281581824,0.113943623391552
0.24075,0.308227860969364,0.113943623391552
0.240875,0.308587526329376,0.113943623391552
0.241,0.308947277177378,0.122015688419676
0.241125,0.309307113025586,0.122015688419676
0.24125,0.309667033396383,0.122015688419676
0.241375,0.310027037819992,0.122015688419676
0.2415,0.310387125832551,0.122015688419676
0.241625,0.310747296976328,0.122015688419676
0.24175,0.311107550799934,0.122015688419676
0.241875,0.311467886858522,0.122015688419676
0.242,0.311828304713997,0.118755478311314
0.242125,0.312188803933951,0.118755478311314
0.24225,0.312549384086528,0.118755478311314
0.242375,0.312910044741656,0.118755478311314
0.2425,0.313270785472117,0.118755478311314
0.242625,0.313631605853747,0.118755478311314
0.24275,0.313992505465641,0.118755478311314
0.242875,0.314353483890348,0.118755478311314
0.243,0.314714540714066,0.115568819486205
0.243125,0.315075675525611,0.115568819486205
0.24325,0.315436887911392,0.115568819486205
0.243375,0.31579817745662,0.115568819486205
0.2435,0.316159543746359,0.115568819486205
0.243625,0.316520986365731,0.115568819486205
0.24375,0.316882504900119,0.115568819486205
0.243875,0.31724409893537,0.115568819486205
0.244,0.317605768057999,0.112448523871859
0.244125,0.317967511854186,0.112448523871859
0.24425,0.318329329904875,0.112448523871859
0.244375,0.318691221786971,0.112448523871859
0.2445,0.319053187074389,0.112448523871859
0.244625,0.319415225338267,0.112448523871859
0.24475,0.319777336147194,0.112448523871859
0.244875,0.320139519067424,0.112448523871859
0.245,0.320501773663098,0.109392271982715
0.245125,0.320864099495294,0.109392271982715
0.24525,0.321226496117245,0.109392271982715
0.245375,0.321588963075543,0.109392271982715
0.2455,0.321951499911193,0.109392271982715
0.245625,0.322314106159857,0.109392271982715
0.24575,0.3226767813521,0.109392271982715
0.245875,0.323039525013644,0.109392271982715
0.246,0.323402336665613,0.115481462762283
0.246125,0.323765215827141,0.115481462762283
0.24625,0.324128162025583,0.115481462762283
0.246375,0.324491174794828,0.115481462762283
0.2465,0.324854253673903,0.115481462762283
0.246625,0.325217398207194,0.115481462762283
0.24675,0.325580607944661,0.115481462762283
0.246875,0.325943882442056,0.115481462762283
0.247,0.32630722126113,0.112661446718324
0.247125,0.326670623968749,0.112661446718324
0.24725,0.327034090132491,0.112661446718324
0.247375,0.327397619321739,0.112661446718324
0.2475,0.327761211108646,0.112661446718324
0.247625,0.328124865068341,0.112661446718324
0.24775,0.328488580779139,0.112661446718324
0.247875,0.328852357822743,0.112661446718324
0.248,0.329216195784448,0.109925458857922
0.248125,0.329580094252286,0.109925458857922
0.24825,0.329944052812747,0.109925458857922
0.248375,0.330308071051854,0.109925458857922
0.2485,0.330672148556095,0.109925458857922
0.248625,0.331036284912629,0.109925458857922
0.24875,0.331400479709498,0.109925458857922
0.248875,0.331764732535831,0.109925458857922
0.249,0.332129042982048,0.107267690359693
0.249125,0.332493410639042,0.107267690359693
0.24925,0.332857835094033,0.107267690359693
0.249375,0.333222315931621,0.107267690359693
0.2495,0.333586852734708,0.107267690359693
0.249625,0.333951445084714,0.107267690359693
0.24975,0.334316092561794,0.107267690359693
0.249875,0.334680794745056,0.107267690359693
0.25,0.335045551212776,0.104686010893403
0.250125,0.335410361541624,0.104686010893403
0.25025,0.335775225302655,0.104686010893403
0.250375,0.336140142062354,0.104686010893403
0.2505,0.336505111383554,0.104686010893403
0.250625,0.336870132825668,0.104686010893403
0.25075,0.337235205944926,0.104686010893403
0.250875,0.337600330294612,0.104686010893403
0.251,0.337965505425299,0.108899630491417
0.251125,0.338330730886714,0.108899630491417
0.25125,0.338696006234871,0.108899630491417
0.251375,0.339061331030961,0.108899630491417
0.2515,0.339426704840451,0.108899630491417
0.251625,0.339792127233295,0.108899630491417
0.25175,0.34015759778415,0.108899630491417
0.251875,0.34052311607258,0.108899630491417
0.252,0.340888681683259,0.106549317583174
0.252125,0.341254294205272,0.106549317583174
0.25225,0.341619953228464,0.106549317583174
0.252375,0.341985658344387,0.106549317583174
0.2525,0.342351409147134,0.106549317583174
0.252625,0.342717205233537,0.106549317583174
0.25275,0.343083046203369,0.106549317583174
0.252875,0.343448931659547,0.106549317583174
0.253,0.343814861208326,0.10428905465599
0.253125,0.344180834458624,0.10428905465599
0.25325,0.344546851018515,0.10428905465599
0.253375,0.344912910496147,0.10428905465599
0.2535,0.345279012500541,0.10428905465599
0.253625,0.345645156641791,0.10428905465599
0.25375,0.346011342531262,0.10428905465599
0.253875,0.346377569781792,0.10428905465599
0.254,0.346743838007886,0.102114171165008
0.254125,0.347110146825073,0.102114171165008
0.25425,0.347476495846546,0.102114171165008
0.254375,0.347842884684046,0.102114171165008
0.2545,0.348209312948649,0.102114171165008
0.254625,0.348575780250965,0.102114171165008
0.25475,0.348942286201346,0.102114171165008
0.254875,0.349308830410086,0.102114171165008
0.255,0.349675412487627,0.100022586036681
0.255125,0.350042032043955,0.100022586036681
0.25525,0.35040868868538,0.100022586036681
0.255375,0.350775382015407,0.100022586036681
0.2555,0.351142111635507,0.100022586036681
0.255625,0.351508877145328,0.100022586036681
0.25575,0.351875678142909,0.100022586036681
0.255875,0.352242514224898,0.100022586036681
0.256,0.352609384986767,0.102478455246673
0.256125,0.35297629002397,0.102478455246673
0.25625,0.353343228936181,0.102478455246673
0.256375,0.353710201326722,0.102478455246673
0.2565,0.354077206802111,0.102478455246673
0.256625,0.354444244972262,0.102478455246673
0.25675,0.354811315450682,0.102478455246673
0.256875,0.355178417854666,0.102478455246673
0.257,0.355545551805487,0.100604802766291
0.257125,0.355912716927867,0.100604802766291
0.25725,0.356279912847092,0.100604802766291
0.257375,0.356647139189805,0.100604802766291
0.2575,0.357014395584689,0.100604802766291
0.257625,0.357381681662657,0.100604802766291
0.25775,0.357748997057049,0.100604802766291
0.257875,0.358116341403809,0.100604802766291
0.258,0.35848371434168,0.0988225571232906
0.258125,0.358851115511693,0.0988225571232906
0.25825,0.359218544554438,0.0988225571232906
0.258375,0.359586001110815,0.0988225571232906
0.2585,0.359953484822691,0.0988225571232906
0.258625,0.360320995333089,0.0988225571232906
0.25875,0.360688532286375,0.0988225571232906
0.258875,0.361056095328444,0.0988225571232906
0.259,0.361423684106899,0.0971282083624416
0.259125,0.361791298270585,0.0971282083624416
0.25925,0.362158937466998,0.0971282083624416
0.259375,0.362526601343005,0.0971282083624416
0.2595,0.362894289545482,0.0971282083624416
0.259625,0.363262001721504,0.0971282083624416
0.25975,0.36362973751853,0.0971282083624416
0.259875,0.363997496584591,0.0971282083624416
0.26,0.364365278568474,0.095519850857109
0.260125,0.364733083119291,0.095519850857109
0.26025,0.365100909884029,0.095519850857109
0.260375,0.365468758508247,0.095519850857109
0.2605,0.365836628636699,0.095519850857109
0.260625,0.366204519913526,0.095519850857109
0.26075,0.366572431982441,0.095519850857109
0.260875,0.36694036448693,0.095519850857109
0.261,0.367308317070436,0.0963084063696934
0.261125,0.367676289376858,0.0963084063696934
0.26125,0.368044281052031,0.0963084063696934
0.261375,0.368412291743664,0.0963084063696934
0.2615,0.368780321101314,0.0963084063696934
0.261625,0.369148368776572,0.0963084063696934
0.26175,0.369516434423242,0.0963084063696934
0.261875,0.369884517697525,0.0963084063696934
0.262,0.370252618258194,0.0948973614445679
0.262125,0.370620735766233,0.0948973614445679
0.26225,0.370988869882695,0.0948973614445679
0.262375,0.371357020269336,0.0948973614445679
0.2625,0.371725186589165,0.0948973614445679
0.262625,0.372093368506622,0.0948973614445679
0.26275,0.372461565687756,0.0948973614445679
0.262875,0.372829777800403,0.0948973614445679
0.263,0.373198004514359,0.0935755109590667
0.263125,0.373566245501042,0.0935755109590667
0.26325,0.373934500431506,0.0935755109590667
0.263375,0.374302768977033,0.0935755109590667
0.2635,0.374671050809657,0.0935755109590667
0.263625,0.375039345602344,0.0935755109590667
0.26375,0.375407653029165,0.0935755109590667
0.263875,0.37577597276547,0.0935755109590667
0.264,0.376144304488061,0.0923407635559884
0.264125,0.376512647874887,0.0923407635559884
0.26425,0.376881002603195,0.0923407635559884
0.264375,0.377249368350096,0.0923407635559884
0.2645,0.377617744793065,0.0923407635559884
0.264625,0.377986131610119,0.0923407635559884
0.26475,0.378354528479986,0.0923407635559884
0.264875,0.378722935082285,0.0923407635559884
0.265,0.379091351097692,0.0911917219732183
0.265125,0.379459776207671,0.0911917219732183
0.26525,0.379828210092764,0.0911917219732183
0.265375,0.380196652433132,0.0911917219732183
0.2655,0.38056510290903,0.0911917219732183
0.265625,0.380933561200982,0.0911917219732183
0.26575,0.381302026989959,0.0911917219732183
0.265875,0.381670499957549,0.0911917219732183
0.266,0.38203897978613,0.0903497669642845
0.266125,0.382407466158719,0.0903497669642845
0.26625,0.382775958757766,0.0903497669642845
0.266375,0.383144457265592,0.0903497669642845
0.2665,0.383512961364787,0.0903497669642845
0.266625,0.383881470738384,0.0903497669642845
0.26675,0.384249985070036,0.0903497669642845
0.266875,0.38461850404418,0.0903497669642845
0.267,0.384987027346217,0.0893734036624678
0.267125,0.385355554662301,0.0893734036624678
0.26725,0.385724085677915,0.0893734036624678
0.267375,0.38609262007835,0.0893734036624678
0.2675,0.386461157549139,0.0893734036624678
0.267625,0.386829697776231,0.0893734036624678
0.26775,0.38719824044616,0.0893734036624678
0.267875,0.38756678524622,0.0893734036624678
0.268,0.387935331864636,0.0884824189275558
0.268125,0.388303879990388,0.0884824189275558
0.26825,0.388672429311926,0.0884824189275558
0.268375,0.38904097951762,0.0884824189275558
0.2685,0.389409530296173,0.0884824189275558
0.268625,0.389778081336789,0.0884824189275558
0.26875,0.390146632329348,0.0884824189275558
0.268875,0.390515182964573,0.0884824189275558
0.269,0.390883732934202,0.0876765425152083
0.269125,0.391252281930845,0.0876765425152083
0.26925,0.391620829646835,0.0876765425152083
0.269375,0.391989375774652,0.0876765425152083
0.2695,0.392357920007308,0.0876765425152083
0.269625,0.392726462038515,0.0876765425152083
0.26975,0.393095001562856,0.0876765425152083
0.269875,0.393463538275954,0.0876765425152083
0.27,0.393832071874637,0.0869553137177854
0.270125,0.394200602056827,0.0869553137177854
0.27025,0.394569128520529,0.0869553137177854
0.270375,0.394937650964219,0.0869553137177854
0.2705,0.395306169087211,0.0869553137177854
0.270625,0.395674682589818,0.0869553137177854
0.27075,0.396043191173517,0.0869553137177854
0.270875,0.396411694541119,0.0869553137177854
0.271,0.396780192396926,0.0844587032735072
0.271125,0.397148684445936,0.0844587032735072
0.27125,0.397517170389916,0.0844587032735072
0.271375,0.397885649928366,0.0844587032735072
0.2715,0.398254122759351,0.0844587032735072
0.271625,0.398622588579675,0.0844587032735072
0.27175,0.398991047085057,0.0844587032735072
0.271875,0.399359497970304,0.0844587032735072
0.272,0.399727940929484,0.0838854197385394
0.272125,0.400096375655883,0.0838854197385394
0.27225,0.400464801841238,0.0838854197385394
0.272375,0.400833219176098,0.0838854197385394
0.2725,0.401201627350151,0.0838854197385394
0.272625,0.401570026052404,0.0838854197385394
0.27275,0.401938414971359,0.0838854197385394
0.272875,0.402306793795192,0.0838854197385394
0.273,0.402675162211928,0.0833942953567024
0.273125,0.403043519909432,0.0833942953567024
0.27325,0.403411866574783,0.0833942953567024
0.273375,0.403780201894602,0.0833942953567024
0.2735,0.404148525555368,0.0833942953567024
0.273625,0.404516837243593,0.0833942953567024
0.27375,0.404885136646,0.0833942953567024
0.273875,0.405253423449702,0.0833942953567024
0.274,0.40562169734238,0.0829873029024365
0.274125,0.405989958012297,0.0829873029024365
0.27425,0.406358205147818,0.0829873029024365
0.274375,0.406726438437705,0.0829873029024365
0.2745,0.407094657571408,0.0829873029024365
0.274625,0.407462862239238,0.0829873029024365
0.27475,0.407831052132543,0.0829873029024365
0.274875,0.408199226943881,0.0829873029024365
0.275,0.408567386367194,0.0826653125999811
0.275125,0.408935530097854,0.0826653125999811
0.27525,0.409303657832308,0.0826653125999811
0.275375,0.409671769268352,0.0826653125999811
0.2755,0.410039864105383,0.0826653125999811
0.275625,0.410407942044573,0.0826653125999811
0.27575,0.410776002789028,0.0826653125999811
0.275875,0.411144046043963,0.0826653125999811
0.276,0.411512071516861,0.0784417452183366
0.276125,0.41188007891601,0.0784417452183366
0.27625,0.412248067943753,0.0784417452183366
0.276375,0.412616038298003,0.0784417452183366
0.2765,0.412983989673545,0.0784417452183366
0.276625,0.413351921762218,0.0784417452183366
0.27675,0.413719834253104,0.0784417452183366
0.276875,0.414087726832712,0.0784417452183366
0.277,0.414455599185167,0.0782463715150503
0.277125,0.414823450992321,0.0782463715150503
0.27725,0.415191281933622,0.0782463715150503
0.277375,0.415559091686372,0.0782463715150503
0.2775,0.415926879925965,0.0782463715150503
0.277625,0.41629464632608,0.0782463715150503
0.27775,0.416662390558877,0.0782463715150503
0.277875,0.417030112295191,0.0782463715150503
0.278,0.41739781120472,0.0781323220017587
0.278125,0.417765486956182,0.0781323220017587
0.27825,0.418133139217319,0.0781323220017587
0.278375,0.418500767655129,0.0781323220017587
0.2785,0.418868371936091,0.0781323220017587
0.278625,0.419235951726361,0.0781323220017587
0.27875,0.419603506691964,0.0781323220017587
0.278875,0.419971036498992,0.0781323220017587
0.279,0.420338540813795,0.0781041306476845
0.279125,0.420706019303164,0.0781041306476845
0.27925,0.421073471634481,0.0781041306476845
0.279375,0.421440897475915,0.0781041306476845
0.2795,0.421808296496626,0.0781041306476845
0.279625,0.422175668366952,0.0781041306476845
0.27975,0.422543012758599,0.0781041306476845
0.279875,0.422910329344833,0.0781041306476845
0.28,0.423277617800661,0.0781642484350793
0.280125,0.423644877803047,0.0781642484350793
0.28025,0.424012109031188,0.0781642484350793
0.280375,0.424379311166683,0.0781642484350793
0.2805,0.424746483893696,0.0781642484350793
0.280625,0.425113626899134,0.0781642484350793
0.28075,0.425480739872827,0.0781642484350793
0.280875,0.425847822507701,0.0781642484350793
0.281,0.426214874499953,0.0721208658485532
0.281125,0.42658189554689,0.0721208658485532
0.28125,0.426948885337216,0.0721208658485532
0.281375,0.427315843553128,0.0721208658485532
0.2815,0.427682769872127,0.0721208658485532
0.281625,0.428049663967213,0.0721208658485532
0.28175,0.428416525507094,0.0721208658485532
0.281875,0.428783354156389,0.0721208658485532
0.282,0.429150149575836,0.0722918168167157
0.282125,0.429516911422572,0.0722918168167157
0.28225,0.429883639350616,0.0722918168167157
0.282375,0.430250333011036,0.0722918168167157
0.2825,0.430616992052108,0.0722918168167157
0.282625,0.430983616119536,0.0722918168167157
0.28275,0.431350204856668,0.0722918168167157
0.282875,0.431716757904707,0.0722918168167157
0.283,0.432083274902933,0.0725465369529949
0.283125,0.432449755489015,0.0725465369529949
0.28325,0.43281619929965,0.0725465369529949
0.283375,0.433182605970696,0.0725465369529949
0.2835,0.433548975137324,0.0725465369529949
0.283625,0.433915306434235,0.0725465369529949
0.28375,0.434281599495878,0.0725465369529949
0.283875,0.434647853956663,0.0725465369529949
0.284,0.435014069451183,0.0728922488538797
0.284125,0.43538024561456,0.0728922488538797
0.28425,0.435746382083227,0.0728922488538797
0.284375,0.436112478495031,0.0728922488538797
0.2845,0.436478534489352,0.0728922488538797
0.284625,0.436844549707318,0.0728922488538797
0.28475,0.437210523792009,0.0728922488538797
0.284875,0.437576456388667,0.0728922488538797
0.285,0.437942347144902,0.0733330266555274
0.285125,0.438308195711064,0.0733330266555274
0.28525,0.43867400174117,0.0733330266555274
0.285375,0.439039764892963,0.0733330266555274
0.2855,0.439405484827988,0.0733330266555274
0.285625,0.439771161211786,0.0733330266555274
0.28575,0.440136793714088,0.0733330266555274
0.285875,0.440502382009001,0.0733330266555274
0.286,0.440867925775194,0.065389137074509
0.286125,0.441233424693015,0.065389137074509
0.28625,0.441598878431681,0.065389137074509
0.286375,0.441964286651994,0.065389137074509
0.2865,0.442329649008671,0.065389137074509
0.286625,0.442694965150566,0.065389137074509
0.28675,0.443060234720899,0.065389137074509
0.286875,0.443425457357479,0.065389137074509
0.287,0.443790632692938,0.0659307859443793
0.287125,0.444155760355176,0.0659307859443793
0.28725,0.444520839968475,0.0659307859443793
0.287375,0.444885871153571,0.0659307859443793
0.2875,0.445250853527743,0.0659307859443793
0.287625,0.445615786705052,0.0659307859443793
0.28775,0.44598067029658,0.0659307859443793
0.287875,0.446345503910671,0.0659307859443793
0.288,0.446710287153174,0.0665617389873422
0.288125,0.447075019627925,0.0665617389873422
0.28825,0.447439700938027,0.0665617389873422
0.288375,0.447804330685889,0.0665617389873422
0.2885,0.448168908473301,0.0665617389873422
0.288625,0.448533433901674,0.0665617389873422
0.28875,0.448897906572279,0.0665617389873422
0.288875,0.449262326086491,0.0665617389873422
0.289,0.449626692046024,0.0672918166717461
0.289125,0.449991004053454,0.0672918166717461
0.28925,0.450355261713653,0.0672918166717461
0.289375,0.450719464633788,0.0672918166717461
0.2895,0.451083612423362,0.0672918166717461
0.289625,0.451447704694445,0.0672918166717461
0.28975,0.451811741061898,0.0672918166717461
0.289875,0.452175721143604,0.0672918166717461
0.29,0.452539644560692,0.0681265518439941
0.290125,0.452903510938076,0.0681265518439941
0.29025,0.453267319906046,0.0681265518439941
0.290375,0.453631071100213,0.0681265518439941
0.2905,0.4539947641615,0.0681265518439941
0.290625,0.454358398736348,0.0681265518439941
0.29075,0.454721974476917,0.0681265518439941
0.290875,0.455085491041289,0.0681265518439941
0.291,0.455448948093659,0.0582410277900858
0.291125,0.455812345300719,0.0582410277900858
0.29125,0.456175682315673,0.0582410277900858
0.291375,0.456538958781589,0.0582410277900858
0.2915,0.456902174334257,0.0582410277900858
0.291625,0.457265328602436,0.0582410277900858
0.29175,0.457628421208093,0.0582410277900858
0.291875,0.457991451766656,0.0582410277900858
0.292,0.458354419887263,0.0591709663083139
0.292125,0.458717325173377,0.0591709663083139
0.29225,0.459080167224562,0.0591709663083139
0.292375,0.459442945636444,0.0591709663083139
0.2925,0.459805660000728,0.0591709663083139
0.292625,0.46016830990545,0.0591709663083139
0.29275,0.460530894935239,0.0591709663083139
0.292875,0.460893414671579,0.0591709663083139
0.293,0.461255868693075,0.0601976923420667
0.293125,0.461618256576108,0.0601976923420667
0.29325,0.46198057789678,0.0601976923420667
0.293375,0.462342832230856,0.0601976923420667
0.2935,0.462705019153746,0.0601976923420667
0.293625,0.463067138240767,0.0601976923420667
0.29375,0.463429189067405,0.0601976923420667
0.293875,0.46379117120957,0.0601976923420667
0.294,0.464153084243858,0.0613333528184032
0.294125,0.464514927748243,0.0613333528184032
0.29425,0.464876701304193,0.0613333528184032
0.294375,0.465238404496562,0.0613333528184032
0.2945,0.465600036913533,0.0613333528184032
0.294625,0.465961598146868,0.0613333528184032
0.29475,0.466323087792144,0.0613333528184032
0.294875,0.466684505448999,0.0613333528184032
0.295,0.467045850721364,0.062584628843249
0.295125,0.467407123218185,0.062584628843249
0.29525,0.467768322555695,0.062584628843249
0.295375,0.468129448357247,0.062584628843249
0.2955,0.468490500253199,0.062584628843249
0.295625,0.468851477881122,0.062584628843249
0.29575,0.469212380886017,0.062584628843249
0.295875,0.469573208920513,0.062584628843249
0.296,0.469933961645071,0.0507703089589156
0.296125,0.47029463872362,0.0507703089589156
0.29625,0.470655239804427,0.0507703089589156
0.296375,0.471015764524061,0.0507703089589156
0.2965,0.471376212510778,0.0507703089589156
0.296625,0.471736583384779,0.0507703089589156
0.29675,0.472096876758465,0.0507703089589156
0.296875,0.472457092236699,0.0507703089589156
0.297,0.472817229417071,0.0521126696036354
0.297125,0.473177287890686,0.0521126696036354
0.29725,0.473537267244628,0.0521126696036354
0.297375,0.473897167061812,0.0521126696036354
0.2975,0.474256986920891,0.0521126696036354
0.297625,0.474616726396533,0.0521126696036354
0.29775,0.474976385059695,0.0521126696036354
0.297875,0.475335962477896,0.0521126696036354
0.298,0.475695458215495,0.053559559800935
0.298125,0.476054871834529,0.053559559800935
0.29825,0.476414202897355,0.053559559800935
0.298375,0.476773450966471,0.053559559800935
0.2985,0.477132615604402,0.053559559800935
0.298625,0.477491696373971,0.053559559800935
0.29875,0.477850692838574,0.053559559800935
0.298875,0.478209604562444,0.053559559800935
0.299,0.478568431110927,0.0551250884210644
0.299125,0.478927172051348,0.0551250884210644
0.29925,0.479285826955845,0.0551250884210644
0.299375,0.479644395401125,0.0551250884210644
0.2995,0.480002876968312,0.0551250884210644
0.299625,0.480361271243192,0.0551250884210644
0.29975,0.480719577816463,0.0551250884210644
0.299875,0.481077796283984,0.0551250884210644
0.3,0.481435926247014,0.0568167278442051
0.300125,0.481793967313102,0.0568167278442051
0.30025,0.482151919099091,0.0568167278442051
0.300375,0.48250978123081,0.0568167278442051
0.3005,0.482867553342835,0.0568167278442051
0.300625,0.483225235078712,0.0568167278442051
0.30075,0.483582826091152,0.0568167278442051
0.300875,0.483940326042244,0.0568167278442051
0.301,0.484297734603641,0.0431390016051388
0.301125,0.484655051451484,0.0431390016051388
0.30125,0.485012276244208,0.0431390016051388
0.301375,0.485369408627101,0.0431390016051388
0.3015,0.48572644823619,0.0431390016051388
0.301625,0.486083394698494,0.0431390016051388
0.30175,0.486440247632289,0.0431390016051388
0.301875,0.486797006647374,0.0431390016051388
0.302,0.487153671345341,0.0449161015200109
0.302125,0.487510241320533,0.0449161015200109
0.30225,0.487866716163233,0.0449161015200109
0.302375,0.488223095459374,0.0449161015200109
0.3025,0.488579378790341,0.0449161015200109
0.302625,0.488935565733255,0.0449161015200109
0.30275,0.489291655861242,0.0449161015200109
0.302875,0.489647648743723,0.0449161015200109
0.303,0.49000354394669,0.0468040321699879
0.303125,0.490359341033719,0.0468040321699879
0.30325,0.490715039569344,0.0468040321699879
0.303375,0.491070639118737,0.0468040321699879
0.3035,0.491426139247483,0.0468040321699879
0.303625,0.491781539521853,0.0468040321699879
0.30375,0.492136839509081,0.0468040321699879
0.303875,0.492492038777633,0.0468040321699879
0.304,0.492847136897482,0.0488185140729191
0.304125,0.493202133441153,0.0488185140729191
0.30425,0.493557027987285,0.0488185140729191
0.304375,0.493911820120257,0.0488185140729191
0.3045,0.494266509429904,0.0488185140729191
0.304625,0.494621095511766,0.0488185140729191
0.30475,0.494975577967338,0.0488185140729191
0.304875,0.495329956404309,0.0488185140729191
0.305,0.495684230436799,0.0509675125668173
0.305125,0.496038399686428,0.0509675125668173
0.30525,0.496392463786055,0.0509675125668173
0.305375,0.49674642237932,0.0509675125668173
0.3055,0.497100275120282,0.0509675125668173
0.305625,0.49745402167362,0.0509675125668173
0.30575,0.497807661714831,0.0509675125668173
0.305875,0.49816119493042,0.0509675125668173
0.306,0.498514621018082,0.0355292364368217
0.306125,0.498867939680932,0.0355292364368217
0.30625,0.499221150602414,0.0355292364368217
0.306375,0.499574253451413,0.0355292364368217
0.3065,0.4999272478866,0.0355292364368217
0.306625,0.500280133556684,0.0355292364368217
0.30675,0.500632910100667,0.0355292364368217
0.306875,0.500985577148113,0.0355292364368217
0.307,0.501338134319409,0.0377541418794717
0.307125,0.501690581226897,0.0377541418794717
0.30725,0.502042917478791,0.0377541418794717
0.307375,0.502395142678743,0.0377541418794717
0.3075,0.502747256425525,0.0377541418794717
0.307625,0.503099258313301,0.0377541418794717
0.30775,0.503451147931905,0.0377541418794717
0.307875,0.50380292486712,0.0377541418794717
0.308,0.504154588700949,0.0400935294182015
0.308125,0.50450613901281,0.0400935294182015
0.30825,0.504857575383632,0.0400935294182015
0.308375,0.505208897395401,0.0400935294182015
0.3085,0.505560104630802,0.0400935294182015
0.308625,0.50591119667349,0.0400935294182015
0.30875,0.506262173108363,0.0400935294182015
0.308875,0.506613033521824,0.0400935294182015
0.309,0.50696377750205,0.0425644875920805
0.309125,0.507314404640209,0.0425644875920805
0.30925,0.507664914534767,0.0425644875920805
0.309375,0.508015306790952,0.0425644875920805
0.3095,0.50836558102035,0.0425644875920805
0.309625,0.50871573684114,0.0425644875920805
0.30975,0.509065773878336,0.0425644875920805
0.309875,0.509415691764014,0.0425644875920805
0.31,0.509765490137544,0.04517531323276
0.310125,0.510115168646817,0.04517531323276
0.31025,0.510464726952738,0.04517531323276
0.310375,0.510814164728601,0.04517531323276
0.3105,0.511163481659592,0.04517531323276
0.310625,0.511512677442976,0.04517531323276
0.31075,0.511861751788276,0.04517531323276
0.310875,0.512210704417446,0.04517531323276
0.311,0.512559535065036,0.0280937776099607
0.311125,0.512908243471768,0.0280937776099607
0.31125,0.513256829356738,0.0280937776099607
0.311375,0.513605292423038,0.0280937776099607
0.3115,0.513953632362516,0.0280937776099607
0.311625,0.514301848856028,0.0280937776099607
0.31175,0.514649941573677,0.0280937776099607
0.311875,0.514997910175071,0.0280937776099607
0.312,0.515345754309582,0.0307659106341524
0.312125,0.515693473617635,0.0307659106341524
0.31225,0.516041067735349,0.0307659106341524
0.312375,0.51638853629396,0.0307659106341524
0.3125,0.516735878919367,0.0307659106341524
0.312625,0.517083095232399,0.0307659106341524
0.31275,0.517430184849084,0.0307659106341524
0.312875,0.517777147380916,0.0307659106341524
0.313,0.518123982435127,0.0335531220433004
0.313125,0.518470689616035,0.0335531220433004
0.31325,0.518817268529876,0.0335531220433004
0.313375,0.51916371878419,0.0335531220433004
0.3135,0.519510039987341,0.0335531220433004
0.313625,0.519856231748776,0.0335531220433004
0.31375,0.520202293679289,0.0335531220433004
0.313875,0.520548225391272,0.0335531220433004
0.314,0.520894026498977,0.0364737821236661
0.314125,0.521239696619893,0.0364737821236661
0.31425,0.521585235379779,0.0364737821236661
0.314375,0.52193064241198,0.0364737821236661
0.3145,0.522275917356883,0.0364737821236661
0.314625,0.522621059862146,0.0364737821236661
0.31475,0.522966069582921,0.0364737821236661
0.314875,0.523310946182072,0.0364737821236661
0.315,0.523655689330392,0.0395365242410214
0.315125,0.524000298707988,0.0395365242410214
0.31525,0.524344774009502,0.0395365242410214
0.315375,0.524689114943322,0.0395365242410214
0.3155,0.525033321230952,0.0395365242410214
0.315625,0.525377392607178,0.0395365242410214
0.31575,0.525721328820228,0.0395365242410214
0.315875,0.526065129631925,0.0395365242410214
0.316,0.526408794817835,0.0209196836909798
0.316125,0.526752324160224,0.0209196836909798
0.31625,0.527095717417734,0.0209196836909798
0.316375,0.527438974331467,0.0209196836909798
0.3165,0.527782094630148,0.0209196836909798
0.316625,0.528125078030356,0.0209196836909798
0.31675,0.528467924236753,0.0209196836909798
0.316875,0.528810632942335,0.0209196836909798
0.317,0.529153203828671,0.0240245045319248
0.317125,0.529495636567357,0.0240245045319248
0.31725,0.529837930825353,0.0240245045319248
0.317375,0.530180086264253,0.0240245045319248
0.3175,0.530522102539714,0.0240245045319248
0.317625,0.530863979301706,0.0240245045319248
0.31775,0.531205716194774,0.0240245045319248
0.317875,0.531547312858295,0.0240245045319248
0.318,0.531888768926739,0.0272423899612291
0.318125,0.532230084031175,0.0272423899612291
0.31825,0.532571257804801,0.0272423899612291
0.318375,0.532912289882181,0.0272423899612291
0.3185,0.53325317989864,0.0272423899612291
0.318625,0.533593927490518,0.0272423899612291
0.31875,0.533934532295415,0.0272423899612291
0.318875,0.53427499395244,0.0272423899612291
0.319,0.534615312102457,0.0305930610097256
0.319125,0.534955486389621,0.0305930610097256
0.31925,0.535295516467106,0.0305930610097256
0.319375,0.535635401996267,0.0305930610097256
0.3195,0.535975142645977,0.0305930610097256
0.319625,0.536314738092839,0.0305930610097256
0.31975,0.536654188021395,0.0305930610097256
0.319875,0.536993492124337,0.0305930610097256
0.32,0.537332650102703,0.0340856360648337
0.320125,0.537671661667422,0.0340856360648337
0.32025,0.538010526545217,0.0340856360648337
0.320375,0.538349244477672,0.0340856360648337
0.3205,0.538687815220464,0.0340856360648337
0.320625,0.539026238543518,0.0340856360648337
0.32075,0.539364514231144,0.0340856360648337
0.320875,0.539702642082178,0.0340856360648337
0.321,0.540040621910107,0.0140142675355662
0.321125,0.540378453535445,0.0140142675355662
0.32125,0.540716136753018,0.0140142675355662
0.321375,0.541053671338482,0.0140142675355662
0.3215,0.541391057053872,0.0140142675355662
0.321625,0.541728293647811,0.0140142675355662
0.32175,0.54206538085574,0.0140142675355662
0.321875,0.54240231840015,0.0140142675355662
0.322,0.542739105990814,0.0175267616609101
0.322125,0.543075743326395,0.0175267616609101
0.32225,0.543412230100437,0.0175267616609101
0.322375,0.5437485660005,0.0175267616609101
0.3225,0.544084750707468,0.0175267616609101
0.322625,0.544420783895801,0.0175267616609101
0.32275,0.544756665233778,0.0175267616609101
0.322875,0.545092394383755,0.0175267616609101
0.323,0.545427971002415,0.0211487828078921
0.323125,0.545763394742425,0.0211487828078921
0.32325,0.546098665258621,0.0211487828078921
0.323375,0.54643378220711,0.0211487828078921
0.3235,0.546768745244552,0.0211487828078921
0.323625,0.547103554028403,0.0211487828078921
0.32375,0.547438208217157,0.0211487828078921
0.323875,0.547772707470585,0.0211487828078921
0.324,0.548107051449977,0.0249015785078835
0.324125,0.548441239819826,0.0249015785078835
0.32425,0.548775272254201,0.0249015785078835
0.324375,0.549109148435784,0.0249015785078835
0.3245,0.549442868055085,0.0249015785078835
0.324625,0.549776430810647,0.0249015785078835
0.32475,0.550109836409246,0.0249015785078835
0.324875,0.550443084566093,0.0249015785078835
0.325,0.55077617500502,0.0287949807223264
0.325125,0.551109107460173,0.0287949807223264
0.32525,0.551441881682557,0.0287949807223264
0.325375,0.551774497438967,0.0287949807223264
0.3255,0.552106954511106,0.0287949807223264
0.325625,0.552439252695718,0.0287949807223264
0.32575,0.552771391804721,0.0287949807223264
0.325875,0.553103371665329,0.0287949807223264
0.326,0.553435192120166,0.00731527319414142
0.326125,0.553766853019086,0.00731527319414142
0.32625,0.554098354184132,0.00731527319414142
0.326375,0.554429695416505,0.00731527319414142
0.3265,0.554760876502464,0.00731527319414142
0.326625,0.555091897213537,0.00731527319414142
0.32675,0.555422757306747,0.00731527319414142
0.326875,0.55575345652483,0.00731527319414142
0.327,0.556083994596477,0.0112058776182066
0.327125,0.55641437123807,0.0112058776182066
0.32725,0.5567445861603,0.0112058776182066
0.327375,0.557074639067172,0.0112058776182066
0.3275,0.557404529655215,0.0112058776182066
0.327625,0.557734257613725,0.0112058776182066
0.32775,0.558063822625012,0.0112058776182066
0.327875,0.55839322436465,0.0112058776182066
0.328,0.558722462501732,0.0152022988940685
0.328125,0.559051536700664,0.0152022988940685
0.32825,0.559380446627966,0.0152022988940685
0.328375,0.559709191951252,0.0152022988940685
0.3285,0.560037772338411,0.0152022988940685
0.328625,0.560366187457852,0.0152022988940685
0.32875,0.560694436978736,0.0152022988940685
0.328875,0.561022520571224,0.0152022988940685
0.329,0.561350437906709,0.0193275177456574
0.329125,0.561678188659645,0.0193275177456574
0.32925,0.562005772514534,0.0193275177456574
0.329375,0.562333189164834,0.0193275177456574
0.3295,0.562660438312079,0.0193275177456574
0.329625,0.562987519666075,0.0193275177456574
0.32975,0.563314432945106,0.0193275177456574
0.329875,0.563641177876122,0.0193275177456574
0.33,0.563967754194931,0.0235923073907472
0.330125,0.564294161648025,0.0235923073907472
0.33025,0.564620399999733,0.0235923073907472
0.330375,0.564946469031029,0.0235923073907472
0.3305,0.565272368538541,0.0235923073907472
0.330625,0.565598098334685,0.0235923073907472
0.33075,0.565923658247784,0.0235923073907472
0.330875,0.566249048122189,0.0235923073907472
0.331,0.56657426781838,0.000720226946821945
0.331125,0.566899317204244,0.000720226946821945
0.33125,0.567224196117751,0.000720226946821945
0.331375,0.567548904374352,0.000720226946821945
0.3315,0.567873441773253,0.000720226946821945
0.331625,0.568197808097629,0.000720226946821945
0.33175,0.568522003114841,0.000720226946821945
0.331875,0.568846026576667,0.000720226946821945
0.332,0.569169878219535,0.00496125293450302
0.332125,0.569493557766404,0.00496125293450302
0.33225,0.569817064933954,0.00496125293450302
0.332375,0.570140399431487,0.00496125293450302
0.3325,0.570463560960044,0.00496125293450302
0.332625,0.570786549212652,0.00496125293450302
0.33275,0.571109363874573,0.00496125293450302
0.332875,0.571432004623562,0.00496125293450302
0.333,0.571754471130121,0.00930541227214607
0.333125,0.572076763059437,0.00930541227214607
0.33325,0.572398880078752,0.00930541227214607
0.333375,0.572720821856243,0.00930541227214607
0.3335,0.573042588060112,0.00930541227214607
0.333625,0.57336417835883,0.00930541227214607
0.33375,0.573685592421384,0.00930541227214607
0.333875,0.574006829917519,0.00930541227214607
0.334,0.574327890517982,0.0137775777529745
0.334125,0.574648773896486,0.0137775777529745
0.33425,0.574969479737269,0.0137775777529745
0.334375,0.575290007733896,0.0137775777529745
0.3345,0.575610357588292,0.0137775777529745
0.334625,0.575930529010937,0.0137775777529745
0.33475,0.576250521721078,0.0137775777529745
0.334875,0.576570335446919,0.0137775777529745
0.335,0.576889969925813,0.0183896170945465
0.335125,0.577209424906224,0.0183896170945465
0.33525,0.577528700155453,0.0183896170945465
0.335375,0.577847795458337,0.0183896170945465
0.3355,0.57816671061616,0.0183896170945465
0.335625,0.578485445446788,0.0183896170945465
0.33575,0.578803999784795,0.0183896170945465
0.335875,0.579122373481567,0.0183896170945465
0.336,0.579440566405414,-0.00587499322817024
0.336125,0.579758578432303,-0.00587499322817024
0.33625,0.580076409406251,-0.00587499322817024
0.336375,0.580394059147171,-0.00587499322817024
0.3365,0.580711527457515,-0.00587499322817024
0.336625,0.581028814122495,-0.00587499322817024
0.33675,0.581345918910305,-0.00587499322817024
0.336875,0.581662841572359,-0.00587499322817024
0.337,0.58197958184353,-0.00130433811370498
0.337125,0.582296139444166,-0.00130433811370498
0.33725,0.582612514087827,-0.00130433811370498
0.337375,0.582928705480089,-0.00130433811370498
0.3375,0.583244713317581,-0.00130433811370498
0.337625,0.583560537288242,-0.00130433811370498
0.33775,0.583876177071577,-0.00130433811370498
0.337875,0.584191632338919,-0.00130433811370498
0.338,0.584506902753699,0.00336850744964906
0.338125,0.584821987973516,0.00336850744964906
0.33825,0.585136887658056,0.00336850744964906
0.338375,0.585451601467875,0.00336850744964906
0.3385,0.585766129063408,0.00336850744964906
0.338625,0.586080470105229,0.00336850744964906
0.33875,0.586394624254299,0.00336850744964906
0.338875,0.586708591172218,0.00336850744964906
0.339,0.587022370521482,0.00817035995112068
0.339125,0.587335961967574,0.00817035995112068
0.33925,0.587649365187081,0.00817035995112068
0.339375,0.587962579866391,0.00817035995112068
0.3395,0.588275605700649,0.00817035995112068
0.339625,0.58858844239396,0.00817035995112068
0.33975,0.588901089659601,0.00817035995112068
0.339875,0.589213547220224,0.00817035995112068
0.34,0.589525814808049,0.0131142140863649
0.340125,0.589837892166965,0.0131142140863649
0.34025,0.590149779060796,0.0131142140863649
0.340375,0.590461475271905,0.0131142140863649
0.3405,0.590772980600017,0.0131142140863649
0.340625,0.591084294862359,0.0131142140863649
0.34075,0.591395417893782,0.0131142140863649
0.340875,0.591706349546877,0.0131142140863649
0.341,0.592017089692073,-0.0125401257384996
0.341125,0.592327638207848,-0.0125401257384996
0.34125,0.59263799493884,-0.0125401257384996
0.341375,0.592948159704141,-0.0125401257384996
0.3415,0.593258132304315,-0.0125401257384996
0.341625,0.593567912521625,-0.0125401257384996
0.34175,0.593877500120267,-0.0125401257384996
0.341875,0.594186894846609,-0.0125401257384996
0.342,0.594496096429448,-0.00765143333332724
0.342125,0.594805104582151,-0.00765143333332724
0.34225,0.595113919010929,-0.00765143333332724
0.342375,0.595422539413544,-0.00765143333332724
0.3425,0.595730965478277,-0.00765143333332724
0.342625,0.596039196884185,-0.00765143333332724
0.34275,0.596347233301379,-0.00765143333332724
0.342875,0.596655074391289,-0.00765143333332724
0.343,0.596962719806945,-0.00265968855277833
0.343125,0.597270169195184,-0.00265968855277833
0.34325,0.597577422205096,-0.00265968855277833
0.343375,0.597884478486722,-0.00265968855277833
0.3435,0.598191337689987,-0.00265968855277833
0.343625,0.598497999464964,-0.00265968855277833
0.34375,0.598804463462139,-0.00265968855277833
0.343875,0.59911072933267,-0.00265968855277833
0.344,0.599416796728648,0.0024637877561547
0.344125,0.599722665305332,0.0024637877561547
0.34425,0.600028334729791,0.0024637877561547
0.344375,0.600333804679516,0.0024637877561547
0.3445,0.60063907484129,0.0024637877561547
0.344625,0.600944144911406,0.0024637877561547
0.34475,0.601249014595881,0.0024637877561547
0.344875,0.601553683610665,0.0024637877561547
0.345,0.601858151681843,0.00773302023523033
0.345125,0.602162418547864,0.00773302023523033
0.34525,0.60246648396835,0.00773302023523033
0.345375,0.602770347722592,0.00773302023523033
0.3455,0.603074009608301,0.00773302023523033
0.345625,0.603377469441741,0.00773302023523033
0.34575,0.603680727057857,0.00773302023523033
0.345875,0.603983782310388,0.00773302023523033
0.346,0.604286635071975,-0.0192872118945991
0.346125,0.604589285223833,-0.0192872118945991
0.34625,0.604891732611636,-0.0192872118945991
0.346375,0.605193977054243,-0.0192872118945991
0.3465,0.605496018351087,-0.0192872118945991
0.346625,0.605797856282406,-0.0192872118945991
0.34675,0.606099490609488,-0.0192872118945991
0.346875,0.606400921074912,-0.0192872118945991
0.347,0.60670214740282,-0.014083712018326
0.347125,0.607003169301183,-0.014083712018326
0.34725,0.607303986470599,-0.014083712018326
0.347375,0.607604598602911,-0.014083712018326
0.3475,0.607905005380099,-0.014083712018326
0.347625,0.608205206474547,-0.014083712018326
0.34775,0.608505201549323,-0.014083712018326
0.347875,0.608804990258458,-0.014083712018326
0.348,0.609104572247238,-0.00877504365865146
0.348125,0.609403947154534,-0.00877504365865146
0.34825,0.609703114621786,-0.00877504365865146
0.348375,0.610002074291599,-0.00877504365865146
0.3485,0.610300825806606,-0.00877504365865146
0.348625,0.610599368809738,-0.00877504365865146
0.34875,0.610897702944494,-0.00877504365865146
0.348875,0.61119582785521,-0.00877504365865146
0.349,0.611493743187327,-0.00333086576829729
0.349125,0.611791448589756,-0.00333086576829729
0.34925,0.61208894372405,-0.00333086576829729
0.349375,0.612386228262927,-0.00333086576829729
0.3495,0.612683301889049,-0.00333086576829729
0.349625,0.612980164295252,-0.00333086576829729
0.34975,0.613276815184765,-0.00333086576829729
0.349875,0.613573254271416,-0.00333086576829729
0.35,0.613869481279846,0.0022636778044608
0.350125,0.614165495947857,0.0022636778044608
0.35025,0.614461298035765,0.0022636778044608
0.350375,0.614756887324787,0.0022636778044608
0.3505,0.615052263615708,0.0022636778044608
0.350625,0.615347426729017,0.0022636778044608
0.35075,0.615642376505025,0.0022636778044608
0.350875,0.615937112803986,0.0022636778044608
0.351,0.616231635506193,-0.0260658134625887
0.351125,0.616525944501151,-0.0260658134625887
0.35125,0.61682003964131,-0.0260658134625887
0.351375,0.617113920751206,-0.0260658134625887
0.3515,0.617407587635205,-0.0260658134625887
0.351625,0.617701040077731,-0.0260658134625887
0.35175,0.617994277843518,-0.0260658134625887
0.351875,0.618287300677855,-0.0260658134625887
0.352,0.618580108306858,-0.0205458512845773
0.352125,0.61887270043987,-0.0205458512845773
0.35225,0.619165076778774,-0.0205458512845773
0.352375,0.61945723701652,-0.0205458512845773
0.3525,0.619749180835934,-0.0205458512845773
0.352625,0.620040907909989,-0.0205458512845773
0.35275,0.620332417902094,-0.0205458512845773
0.352875,0.620623710466371,-0.0205458512845773
0.353,0.620914785247953,-0.0149183087481969
0.353125,0.621205641885446,-0.0149183087481969
0.35325,0.621496280020432,-0.0149183087481969
0.353375,0.621786699295975,-0.0149183087481969
0.3535,0.622076899355394,-0.0149183087481969
0.353625,0.622366879842546,-0.0149183087481969
0.35375,0.622656640402088,-0.0149183087481969
0.353875,0.622946180679759,-0.0149183087481969
0.354,0.623235500322641,-0.00915145859247919
0.354125,0.623524598981659,-0.00915145859247919
0.35425,0.623813476321277,-0.00915145859247919
0.354375,0.624102132017921,-0.00915145859247919
0.3545,0.624390565758674,-0.00915145859247919
0.354625,0.624678777241507,-0.00915145859247919
0.35475,0.62496676617549,-0.00915145859247919
0.354875,0.625254532281007,-0.00915145859247919
0.355,0.62554207528996,-0.0032298587331952
0.355125,0.625829394948245,-0.0032298587331952
0.35525,0.626116491025637,-0.0032298587331952
0.355375,0.626403363314071,-0.0032298587331952
0.3555,0.626690011626212,-0.0032298587331952
0.355625,0.62697643579559,-0.0032298587331952
0.35575,0.627262635676714,-0.0032298587331952
0.355875,0.627548611145178,-0.0032298587331952
0.356,0.627834362097757,-0.0327767586734801
0.356125,0.628119888441096,-0.0327767586734801
0.35625,0.62840519004345,-0.0327767586734801
0.356375,0.628690266744199,-0.0327767586734801
0.3565,0.628975118361915,-0.0327767586734801
0.356625,0.629259744694588,-0.0327767586734801
0.35675,0.629544145519874,-0.0327767586734801
0.356875,0.629828320595341,-0.0327767586734801
0.357,0.630112269658735,-0.0269386953612185
0.357125,0.630395992430506,-0.0269386953612185
0.35725,0.630679488623639,-0.0269386953612185
0.357375,0.630962757942079,-0.0269386953612185
0.3575,0.631245800079451,-0.0269386953612185
0.357625,0.631528614719334,-0.0269386953612185
0.35775,0.631811201535544,-0.0269386953612185
0.357875,0.632093560192414,-0.0269386953612185
0.358,0.632375690345086,-0.0209914027699114
0.358125,0.632657591642095,-0.0209914027699114
0.35825,0.632939263735399,-0.0209914027699114
0.358375,0.633220706278775,-0.0209914027699114
0.3585,0.633501918926511,-0.0209914027699114
0.358625,0.633782901333677,-0.0209914027699114
0.35875,0.634063653156396,-0.0209914027699114
0.358875,0.634344174052109,-0.0209914027699114
0.359,0.634624463679845,-0.014902056268788
0.359125,0.634904521702832,-0.014902056268788
0.35925,0.635184347798724,-0.014902056268788
0.359375,0.635463941657911,-0.014902056268788
0.3595,0.63574330298213,-0.014902056268788
0.359625,0.636022431484682,-0.014902056268788
0.35975,0.636301326890641,-0.014902056268788
0.359875,0.636579988937061,-0.014902056268788
0.36,0.636858417373171,-0.00865485744690718
0.360125,0.637136611962974,-0.00865485744690718
0.36025,0.637414572495651,-0.00865485744690718
0.360375,0.637692298783731,-0.00865485744690718
0.3605,0.637969790661567,-0.00865485744690718
0.360625,0.638247047985457,-0.00865485744690718
0.36075,0.638524070633743,-0.00865485744690718
0.360875,0.638800858506915,-0.00865485744690718
0.361,0.639077411527682,-0.0392989375179121
0.361125,0.639353729629233,-0.0392989375179121
0.36125,0.639629812705164,-0.0392989375179121
0.361375,0.639905660619334,-0.0392989375179121
0.3615,0.640181273214207,-0.0392989375179121
0.361625,0.64045665031108,-0.0392989375179121
0.36175,0.640731791710314,-0.0392989375179121
0.361875,0.641006697191576,-0.0392989375179121
0.362,0.641281366514102,-0.0331459442840117
0.362125,0.641555799419328,-0.0331459442840117
0.36225,0.641829995641237,-0.0331459442840117
0.362375,0.642103954904676,-0.0331459442840117
0.3625,0.642377676923984,-0.0331459442840117
0.362625,0.642651161403257,-0.0331459442840117
0.36275,0.642924408036625,-0.0331459442840117
0.362875,0.643197416508523,-0.0331459442840117
0.363,0.643470186493979,-0.0268836819981472
0.363125,0.643742717661312,-0.0268836819981472
0.36325,0.644015009682667,-0.0268836819981472
0.363375,0.644287062232305,-0.0268836819981472
0.3635,0.644558874985204,-0.0268836819981472
0.363625,0.644830447617323,-0.0268836819981472
0.36375,0.645101779805857,-0.0268836819981472
0.363875,0.645372871229502,-0.0268836819981472
0.364,0.645643721568712,-0.020478471094193
0.364125,0.645914330508423,-0.020478471094193
0.36425,0.646184697748788,-0.020478471094193
0.364375,0.646454823003377,-0.020478471094193
0.3645,0.646724705997692,-0.020478471094193
0.364625,0.646994346469374,-0.020478471094193
0.36475,0.647263744168401,-0.020478471094193
0.364875,0.647532898857283,-0.020478471094193
0.365,0.647801810311241,-0.0139143174006754
0.365125,0.648070478320921,-0.0139143174006754
0.36525,0.648338902703301,-0.0139143174006754
0.365375,0.648607083299747,-0.0139143174006754
0.3655,0.648875019974391,-0.0139143174006754
0.365625,0.649142712614232,-0.0139143174006754
0.36575,0.649410161129227,-0.0139143174006754
0.365875,0.649677365452369,-0.0139143174006754
0.366,0.649944325539748,-0.0455201967653561
0.366125,0.650211041358423,-0.0455201967653561
0.36625,0.650477512834751,-0.0455201967653561
0.366375,0.650743739864542,-0.0455201967653561
0.3665,0.651009722321639,-0.0455201967653561
0.366625,0.65127546005813,-0.0455201967653561
0.36675,0.65154095290457,-0.0455201967653561
0.366875,0.651806200670216,-0.0455201967653561
0.367,0.652071203143264,-0.0390635586095042
0.367125,0.652335960093602,-0.0390635586095042
0.36725,0.652600471283632,-0.0390635586095042
0.367375,0.652864736466483,-0.0390635586095042
0.3675,0.653128755384543,-0.0390635586095042
0.367625,0.65339252776972,-0.0390635586095042
0.36775,0.653656053343698,-0.0390635586095042
0.367875,0.653919331818203,-0.0390635586095042
0.368,0.654182362895276,-0.0324996270546567
0.368125,0.654445146270077,-0.0324996270546567
0.36825,0.654707681641903,-0.0324996270546567
0.368375,0.65496996871237,-0.0324996270546567
0.3685,0.655232007183923,-0.0324996270546567
0.368625,0.655493796760083,-0.0324996270546567
0.36875,0.655755337145698,-0.0324996270546567
0.368875,0.656016628047186,-0.0324996270546567
0.369,0.656277669172784,-0.0257940236861274
0.369125,0.656538460235376,-0.0257940236861274
0.36925,0.656799000963705,-0.0257940236861274
0.369375,0.657059291100465,-0.0257940236861274
0.3695,0.657319330400723,-0.0257940236861274
0.369625,0.657579118632109,-0.0257940236861274
0.36975,0.657838655575001,-0.0257940236861274
0.369875,0.658097941022702,-0.0257940236861274
0.37,0.658356974781612,-0.0189306220050991
0.370125,0.658615756674033,-0.0189306220050991
0.37025,0.658874286549552,-0.0189306220050991
0.370375,0.65913256428299,-0.0189306220050991
0.3705,0.659390589772679,-0.0189306220050991
0.370625,0.659648362940544,-0.0189306220050991
0.37075,0.659905883732182,-0.0189306220050991
0.370875,0.660163152116912,-0.0189306220050991
0.371,0.660420168087826,-0.051362886403902
0.371125,0.660676931649314,-0.051362886403902
0.37125,0.660933442764033,-0.051362886403902
0.371375,0.661189701363295,-0.051362886403902
0.3715,0.661445707355856,-0.051362886403902
0.371625,0.661701460628114,-0.051362886403902
0.37175,0.661956961044317,-0.051362886403902
0.371875,0.662212208446775,-0.051362886403902
0.372,0.662467202656098,-0.044622970532827
0.372125,0.662721943474028,-0.044622970532827
0.37225,0.662976430694725,-0.044622970532827
0.372375,0.663230664102867,-0.044622970532827
0.3725,0.663484643472099,-0.044622970532827
0.372625,0.663738368565275,-0.044622970532827
0.37275,0.663991839134703,-0.044622970532827
0.372875,0.664245054922399,-0.044622970532827
0.373,0.664498015660342,-0.0377796374054372
0.373125,0.664750721073378,-0.0377796374054372
0.37325,0.665003170890677,-0.0377796374054372
0.373375,0.665255364843819,-0.0377796374054372
0.3735,0.665507302665209,-0.0377796374054372
0.373625,0.665758984088313,-0.0377796374054372
0.37375,0.666010408847898,-0.0377796374054372
0.373875,0.666261576680255,-0.0377796374054372
0.374,0.66651248732344,-0.0307978696949411
0.374125,0.666763140520192,-0.0307978696949411
0.37425,0.667013536029579,-0.0307978696949411
0.374375,0.667263673624997,-0.0307978696949411
0.3745,0.667513553092495,-0.0307978696949411
0.374625,0.667763174230954,-0.0307978696949411
0.37475,0.668012536852254,-0.0307978696949411
0.374875,0.668261640781439,-0.0307978696949411
0.375,0.668510485856869,-0.0236613783241473
0.375125,0.668759071933117,-0.0236613783241473
0.37525,0.669007398892782,-0.0236613783241473
0.375375,0.669255466644335,-0.0236613783241473
0.3755,0.669503275120307,-0.0236613783241473
0.375625,0.66975082427735,-0.0236613783241473
0.37575,0.6699981140963,-0.0236613783241473
0.375875,0.670245144582208,-0.0236613783241473
0.376,0.670491915764373,-0.0567970154051435
0.376125,0.670738427683578,-0.0567970154051435
0.37625,0.670984680337884,-0.0567970154051435
0.376375,0.671230673693228,-0.0567970154051435
0.3765,0.671476407692387,-0.0567970154051435
0.376625,0.671721882255153,-0.0567970154051435
0.37675,0.671967097278531,-0.0567970154051435
0.376875,0.672212052636937,-0.0567970154051435
0.377,0.672456748182419,-0.0498018094509485
0.377125,0.672701183747579,-0.0498018094509485
0.37725,0.672945359157256,-0.0498018094509485
0.377375,0.67318927422654,-0.0498018094509485
0.3775,0.673432928759134,-0.0498018094509485
0.377625,0.673676322547582,-0.0498018094509485
0.37775,0.673919455373506,-0.0498018094509485
0.377875,0.674162327007841,-0.0498018094509485
0.378,0.674404937211082,-0.0427084050074931
0.378125,0.674647285736264,-0.0427084050074931
0.37825,0.674889372340828,-0.0427084050074931
0.378375,0.675131196784602,-0.0427084050074931
0.3785,0.675372758828147,-0.0427084050074931
0.378625,0.675614058232972,-0.0427084050074931
0.37875,0.675855094761764,-0.0427084050074931
0.378875,0.6760958681786,-0.0427084050074931
0.379,0.67633637824917,-0.0354811305367966
0.379125,0.676576624743781,-0.0354811305367966
0.37925,0.676816607449393,-0.0354811305367966
0.379375,0.677056326167519,-0.0354811305367966
0.3795,0.677295780712481,-0.0354811305367966
0.379625,0.677534970911566,-0.0354811305367966
0.37975,0.677773896605189,-0.0354811305367966
0.379875,0.678012557647032,-0.0354811305367966
0.38,0.678250953904193,-0.0281034419879389
0.380125,0.678489085260153,-0.0281034419879389
0.38025,0.678726951626976,-0.0281034419879389
0.380375,0.678964552943059,-0.0281034419879389
0.3805,0.679201889171244,-0.0281034419879389
0.380625,0.67943896029886,-0.0281034419879389
0.38075,0.679675766337772,-0.0281034419879389
0.380875,0.679912307324395,-0.0281034419879389
0.381,0.680148583319714,-0.0618382758005225
0.381125,0.680384594396263,-0.0618382758005225
0.38125,0.680620340582937,-0.0618382758005225
0.381375,0.680855821875752,-0.0618382758005225
0.3815,0.681091038246961,-0.0618382758005225
0.381625,0.681325989645216,-0.0618382758005225
0.38175,0.68156067599575,-0.0618382758005225
0.381875,0.681795097200568,-0.0618382758005225
0.382,0.682029253138652,-0.0546201243537306
0.382125,0.682263143668958,-0.0546201243537306
0.38225,0.682496768642457,-0.0546201243537306
0.382375,0.682730127900058,-0.0546201243537306
0.3825,0.68296322127091,-0.0546201243537306
0.382625,0.683196048572611,-0.0546201243537306
0.38275,0.683428609611436,-0.0546201243537306
0.382875,0.683660904182562,-0.0546201243537306
0.383,0.683892932070303,-0.0473095373897689
0.383125,0.684124693051168,-0.0473095373897689
0.38325,0.684356186906062,-0.0473095373897689
0.383375,0.684587413418201,-0.0473095373897689
0.3835,0.684818372371376,-0.0473095373897689
0.383625,0.685049063550169,-0.0473095373897689
0.38375,0.685279486740164,-0.0473095373897689
0.383875,0.685509641728153,-0.0473095373897689
0.384,0.685739528302348,-0.0398701414036008
0.384125,0.685969146255453,-0.0398701414036008
0.38425,0.686198495397043,-0.0398701414036008
0.384375,0.68642757555138,-0.0398701414036008
0.3845,0.686656386555606,-0.0398701414036008
0.384625,0.686884928259887,-0.0398701414036008
0.38475,0.68711320052756,-0.0398701414036008
0.384875,0.68734120323527,-0.0398701414036008
0.385,0.687568936273099,-0.0322850307155616
0.385125,0.687796399547607,-0.0322850307155616
0.38525,0.688023592994359,-0.0322850307155616
0.385375,0.688250516575599,-0.0322850307155616
0.3855,0.688477170278287,-0.0322850307155616
0.385625,0.688703554114141,-0.0322850307155616
0.38575,0.688929668119664,-0.0322850307155616
0.385875,0.689155512356149,-0.0322850307155616
0.386,0.689381086909683,-0.0665328821610849
0.386125,0.689606391877923,-0.0665328821610849
0.38625,0.689831427314044,-0.0665328821610849
0.386375,0.690056193237664,-0.0665328821610849
0.3865,0.690280689644071,-0.0665328821610849
0.386625,0.690504916504391,-0.0665328821610849
0.38675,0.690728873765748,-0.0665328821610849
0.386875,0.69095256135145,-0.0665328821610849
0.387,0.691175979161187,-0.0591245294118562
0.387125,0.691399127074094,-0.0591245294118562
0.38725,0.691622004961086,-0.0591245294118562
0.387375,0.691844612682727,-0.0591245294118562
0.3875,0.692066950087458,-0.0591245294118562
0.387625,0.69228901701181,-0.0591245294118562
0.38775,0.692510813280614,-0.0591245294118562
0.387875,0.692732338707226,-0.0591245294118562
0.388,0.69295359309375,-0.0516292654376272
0.388125,0.693174576234161,-0.0516292654376272
0.38825,0.6933952879268,-0.0516292654376272
0.388375,0.693615727972224,-0.0516292654376272
0.3885,0.693835896171415,-0.0516292654376272
0.388625,0.694055792325983,-0.0516292654376272
0.38875,0.694275416238375,-0.0516292654376272
0.388875,0.69449476771207,-0.0516292654376272
0.389,0.694713846551786,-0.0440099845098687
0.389125,0.694932652566612,-0.0440099845098687
0.38925,0.695151185582675,-0.0440099845098687
0.389375,0.695369445440892,-0.0440099845098687
0.3895,0.695587431995107,-0.0440099845098687
0.389625,0.695805145112225,-0.0440099845098687
0.38975,0.696022584672355,-0.0440099845098687
0.389875,0.696239750568938,-0.0440099845098687
0.39,0.696456642708861,-0.0362493469575971
0.390125,0.696673261015571,-0.0362493469575971
0.39025,0.69688960544187,-0.0362493469575971
0.390375,0.697105675967528,-0.0362493469575971
0.3905,0.697321472597267,-0.0362493469575971
0.390625,0.697536995360793,-0.0362493469575971
0.39075,0.697752244312808,-0.0362493469575971
0.390875,0.697967219533017,-0.0362493469575971
0.391,0.698181921126113,-0.070934810491374
0.391125,0.698396349208377,-0.070934810491374
0.39125,0.698610503850905,-0.070934810491374
0.391375,0.698824385090656,-0.070934810491374
0.3915,0.699037992939798,-0.070934810491374
0.391625,0.699251327385857,-0.070934810491374
0.39175,0.699464388391882,-0.070934810491374
0.391875,0.699677175896616,-0.070934810491374
0.392,0.699889689814694,-0.0633659658564724
0.392125,0.700101930039757,-0.0633659658564724
0.39225,0.700313896457049,-0.0633659658564724
0.392375,0.700525588941225,-0.0633659658564724
0.3925,0.700737007354534,-0.0633659658564724
0.392625,0.700948151547025,-0.0633659658564724
0.39275,0.701159021356753,-0.0633659658564724
0.392875,0.701369616609992,-0.0633659658564724
0.393,0.701579937121464,-0.0557149574347125
0.393125,0.701789982697507,-0.0557149574347125
0.39325,0.701999753148827,-0.0557149574347125
0.393375,0.702209248288289,-0.0557149574347125
0.3935,0.70241846792908,-0.0557149574347125
0.393625,0.702627411884911,-0.0557149574347125
0.39375,0.702836079970215,-0.0557149574347125
0.393875,0.703044472000341,-0.0557149574347125
0.394,0.703252587791751,-0.0479439762757419
0.394125,0.703460427165214,-0.0479439762757419
0.39425,0.703667989958706,-0.0479439762757419
0.394375,0.70387527602512,-0.0479439762757419
0.3945,0.704082285230343,-0.0479439762757419
0.394625,0.704289017453399,-0.0479439762757419
0.39475,0.704495472586578,-0.0479439762757419
0.394875,0.704701650535556,-0.0479439762757419
0.395,0.704907551219512,-0.040035245496697
0.395125,0.705113174574287,-0.040035245496697
0.39525,0.705318520565415,-0.040035245496697
0.395375,0.705523589185688,-0.040035245496697
0.3955,0.705728380453089,-0.040035245496697
0.395625,0.705932894410818,-0.040035245496697
0.39575,0.706137131127302,-0.040035245496697
0.395875,0.706341090696188,-0.040035245496697
0.396,0.706544773236324,-0.0750826767974992
0.396125,0.706748178878214,-0.0750826767974992
0.39625,0.706951307706643,-0.0750826767974992
0.396375,0.707154159771835,-0.0750826767974992
0.3965,0.707356735098889,-0.0750826767974992
0.396625,0.707559033687922,-0.0750826767974992
0.39675,0.70776105551423,-0.0750826767974992
0.396875,0.707962800528456,-0.0750826767974992
0.397,0.70816426865678,-0.0673780593100642
0.397125,0.708365459804081,-0.0673780593100642
0.39725,0.708566373866757,-0.0673780593100642
0.397375,0.70876701073048,-0.0673780593100642
0.3975,0.70896737026834,-0.0673780593100642
0.397625,0.709167452341047,-0.0673780593100642
0.39775,0.709367256797132,-0.0673780593100642
0.397875,0.70956678347316,-0.0673780593100642
0.398,0.709766032193946,-0.0595950923565954
0.398125,0.709965002775778,-0.0595950923565954
0.39825,0.710163695039379,-0.0595950923565954
0.398375,0.710362108807648,-0.0595950923565954
0.3985,0.710560243903789,-0.0595950923565954
0.398625,0.710758100151505,-0.0595950923565954
0.39875,0.710955677375192,-0.0595950923565954
0.398875,0.711152975400131,-0.0595950923565954
0.399,0.71134999405268,-0.0516953742361205
0.399125,0.711546733163507,-0.0516953742361205
0.39925,0.711743192580709,-0.0516953742361205
0.399375,0.711939372167462,-0.0516953742361205
0.3995,0.712135271800072,-0.0516953742361205
0.399625,0.712330891368104,-0.0516953742361205
0.39975,0.712526230774508,-0.0516953742361205
0.399875,0.712721289935737,-0.0516953742361205
0.4,0.712916068781856,-0.0436607690717814
0.400125,0.713110567259744,-0.0436607690717814
0.40025,0.713304785346325,-0.0436607690717814
0.400375,0.713498723046092,-0.0436607690717814
0.4005,0.713692380388996,-0.0436607690717814
0.400625,0.713885757430465,-0.0436607690717814
0.40075,0.714078854251412,-0.0436607690717814
0.400875,0.714271670958216,-0.0436607690717814
0.401,0.714464207682703,-0.0789829320734822
0.401125,0.714656464568482,-0.0789829320734822
0.40125,0.714848441713118,-0.0789829320734822
0.401375,0.715040139179366,-0.0789829320734822
0.4015,0.715231557004681,-0.0789829320734822
0.401625,0.715422695201351,-0.0789829320734822
0.40175,0.715613553756652,-0.0789829320734822
0.401875,0.715804132633018,-0.0789829320734822
0.402,0.715994431768213,-0.0711622317671409
0.402125,0.716184451078547,-0.0711622317671409
0.40225,0.716374190471872,-0.0711622317671409
0.402375,0.716563649845296,-0.0711622317671409
0.4025,0.716752829083297,-0.0711622317671409
0.402625,0.71694172805791,-0.0711622317671409
0.40275,0.717130346628933,-0.0711622317671409
0.402875,0.717318684644126,-0.0711622317671409
0.403,0.717506741939429,-0.0632663026381059
0.403125,0.717694518342219,-0.0632663026381059
0.40325,0.717882013684453,-0.0632663026381059
0.403375,0.718069227800368,-0.0632663026381059
0.4035,0.718256160524577,-0.0632663026381059
0.403625,0.718442811692253,-0.0632663026381059
0.40375,0.718629181139319,-0.0632663026381059
0.403875,0.718815268702636,-0.0632663026381059
0.404,0.719001074220188,-0.0552563403438442
0.404125,0.719186597534353,-0.0552563403438442
0.40425,0.719371838505193,-0.0552563403438442
0.404375,0.71955679700807,-0.0552563403438442
0.4045,0.719741472931653,-0.0552563403438442
0.404625,0.719925866178048,-0.0552563403438442
0.40475,0.720109976662912,-0.0552563403438442
0.404875,0.720293804315567,-0.0552563403438442
0.405,0.720477349079106,-0.0471139980370583
0.405125,0.720660610913619,-0.0471139980370583
0.40525,0.720843589809607,-0.0471139980370583
0.405375,0.721026285785454,-0.0471139980370583
0.4055,0.721208698885284,-0.0471139980370583
0.405625,0.721390829178975,-0.0471139980370583
0.40575,0.721572676762152,-0.0471139980370583
0.405875,0.721754241756169,-0.0471139980370583
0.406,0.721935524308073,-0.0826036615199979
0.406125,0.722116524576874,-0.0826036615199979
0.40625,0.722297242675431,-0.0826036615199979
0.406375,0.722477678681736,-0.0826036615199979
0.4065,0.722657832648456,-0.0826036615199979
0.406625,0.72283770460306,-0.0826036615199979
0.40675,0.72301729454797,-0.0826036615199979
0.406875,0.723196602460716,-0.0826036615199979
0.407,0.72337562829411,-0.074683260307144
0.407125,0.723554371979485,-0.074683260307144
0.40725,0.723732833439851,-0.074683260307144
0.407375,0.723911012587567,-0.074683260307144
0.4075,0.724088909322423,-0.074683260307144
0.407625,0.72426652353182,-0.074683260307144
0.40775,0.724443855090963,-0.074683260307144
0.407875,0.724620903863061,-0.074683260307144
0.408,0.724797669699526,-0.0666905904787838
0.408125,0.724974152443269,-0.0666905904787838
0.40825,0.725150351941987,-0.0666905904787838
0.408375,0.725326268045829,-0.0666905904787838
0.4085,0.725501900605453,-0.0666905904787838
0.408625,0.725677249472206,-0.0666905904787838
0.40875,0.725852314498302,-0.0666905904787838
0.408875,0.726027095537004,-0.0666905904787838
0.409,0.726201592442797,-0.0585866917191497
0.409125,0.726375805074693,-0.0585866917191497
0.40925,0.726549733309657,-0.0585866917191497
0.409375,0.72672337704019,-0.0585866917191497
0.4095,0.726896736172303,-0.0585866917191497
0.409625,0.727069810625631,-0.0585866917191497
0.40975,0.727242600333546,-0.0585866917191497
0.409875,0.727415105243254,-0.0585866917191497
0.41,0.727587325315893,-0.0503531940743322
0.410125,0.727759260529789,-0.0503531940743322
0.41025,0.727930910894006,-0.0503531940743322
0.410375,0.728102276445775,-0.0503531940743322
0.4105,0.728273357248324,-0.0503531940743322
0.410625,0.728444153390876,-0.0503531940743322
0.41075,0.728614664988633,-0.0503531940743322
0.410875,0.728784892182747,-0.0503531940743322
0.411,0.728954835140273,-0.0858798907005866
0.411125,0.729124494040415,-0.0858798907005866
0.41125,0.729293869016339,-0.0858798907005866
0.411375,0.729462960166456,-0.0858798907005866
0.4115,0.729631767563967,-0.0858798907005866
0.411625,0.729800291256975,-0.0858798907005866
0.41175,0.729968531268627,-0.0858798907005866
0.411875,0.730136487597258,-0.0858798907005866
0.412,0.730304160216551,-0.0778756917145901
0.412125,0.730471549078802,-0.0778756917145901
0.41225,0.730638654128196,-0.0778756917145901
0.412375,0.730805475298447,-0.0778756917145901
0.4125,0.73097201251084,-0.0778756917145901
0.412625,0.731138265674406,-0.0778756917145901
0.41275,0.731304234686098,-0.0778756917145901
0.412875,0.731469919430977,-0.0778756917145901
0.413,0.731635319782408,-0.0698026734566039
0.413125,0.731800435605368,-0.0698026734566039
0.41325,0.731965266769853,-0.0698026734566039
0.413375,0.73212981314851,-0.0698026734566039
0.4135,0.732294074614655,-0.0698026734566039
0.413625,0.732458051042444,-0.0698026734566039
0.41375,0.732621742307042,-0.0698026734566039
0.413875,0.732785148284781,-0.0698026734566039
0.414,0.732948268853333,-0.0616219870186235
0.414125,0.733111103895022,-0.0616219870186235
0.41425,0.733273653310372,-0.0616219870186235
0.414375,0.733435917015644,-0.0616219870186235
0.4145,0.733597894940782,-0.0616219870186235
0.414625,0.73375958702951,-0.0616219870186235
0.41475,0.733920993239436,-0.0616219870186235
0.414875,0.734082113542133,-0.0616219870186235
0.415,0.73424294792322,-0.0533154289532446
0.415125,0.734403496385641,-0.0533154289532446
0.41525,0.734563758963313,-0.0533154289532446
0.415375,0.734723735718521,-0.0533154289532446
0.4155,0.734883426739718,-0.0533154289532446
0.415625,0.735042832141503,-0.0533154289532446
0.41575,0.735201952064594,-0.0533154289532446
0.415875,0.735360786675786,-0.0533154289532446
0.416,0.735519336167887,-0.0887279325480047
0.416125,0.735677600745995,-0.0887279325480047
0.41625,0.735835580569482,-0.0887279325480047
0.416375,0.73599327576323,-0.0887279325480047
0.4165,0.736150686427126,-0.0887279325480047
0.416625,0.736307812636164,-0.0887279325480047
0.41675,0.736464654440566,-0.0887279325480047
0.416875,0.736621211865916,-0.0887279325480047
0.417,0.7367774849133,-0.0806583858239872
0.417125,0.736933473562585,-0.0806583858239872
0.41725,0.737089177785783,-0.0806583858239872
0.417375,0.737244597544659,-0.0806583858239872
0.4175,0.737399732788736,-0.0806583858239872
0.417625,0.737554583455453,-0.0806583858239872
0.41775,0.737709149470328,-0.0806583858239872
0.417875,0.73786343074713,-0.0806583858239872
0.418,0.738017427188051,-0.0725245287757247
0.418125,0.738171138687028,-0.0725245287757247
0.41825,0.738324565143234,-0.0725245287757247
0.418375,0.738477706458669,-0.0725245287757247
0.4185,0.738630562536147,-0.0725245287757247
0.418625,0.738783133279457,-0.0725245287757247
0.41875,0.738935418593501,-0.0725245287757247
0.418875,0.739087418384452,-0.0725245287757247
0.419,0.739239132559898,-0.0642878746590179
0.419125,0.739390561032164,-0.0642878746590179
0.41925,0.739541703731934,-0.0642878746590179
0.419375,0.739692560605754,-0.0642878746590179
0.4195,0.739843131613944,-0.0642878746590179
0.419625,0.739993416730681,-0.0642878746590179
0.41975,0.740143415944081,-0.0642878746590179
0.419875,0.740293129256269,-0.0642878746590179
0.42,0.740442556683441,-0.0559305432185958
0.420125,0.740591698259141,-0.0559305432185958
0.42025,0.74074055404798,-0.0559305432185958
0.420375,0.740889124142998,-0.0559305432185958
0.4205,0.74103740866343,-0.0559305432185958
0.420625,0.741185407754669,-0.0559305432185958
0.42075,0.741333121588221,-0.0559305432185958
0.420875,0.741480550361645,-0.0559305432185958
0.421,0.741627694298475,-0.0910638942848725
0.421125,0.741774553634583,-0.0910638942848725
0.42125,0.741921128560608,-0.0910638942848725
0.421375,0.742067419233081,-0.0910638942848725
0.4215,0.74221342578383,-0.0910638942848725
0.421625,0.742359148320061,-0.0910638942848725
0.42175,0.742504586924465,-0.0910638942848725
0.421875,0.742649741655325,-0.0910638942848725
0.422,0.742794612546649,-0.0829523290664128
0.422125,0.742939199611434,-0.0829523290664128
0.42225,0.743083502855087,-0.0829523290664128
0.422375,0.743227522272998,-0.0829523290664128
0.4225,0.743371257848515,-0.0829523290664128
0.422625,0.743514709553082,-0.0829523290664128
0.42275,0.743657877346383,-0.0829523290664128
0.422875,0.743800761176494,-0.0829523290664128
0.423,0.743943360980035,-0.0747823573582345
0.423125,0.744085676685488,-0.0747823573582345
0.42325,0.744227708226724,-0.0747823573582345
0.423375,0.744369455540565,-0.0747823573582345
0.4235,0.744510918564745,-0.0747823573582345
0.423625,0.744652097238039,-0.0747823573582345
0.42375,0.744792991500397,-0.0747823573582345
0.423875,0.744933601293072,-0.0747823573582345
0.424,0.745073926558744,-0.0665160606530597
0.424125,0.745213967244839,-0.0665160606530597
0.42425,0.745353723317175,-0.0665160606530597
0.424375,0.745493194757436,-0.0665160606530597
0.4245,0.745632381561059,-0.0665160606530597
0.424625,0.745771283737297,-0.0665160606530597
0.42475,0.745909901309277,-0.0665160606530597
0.424875,0.746048234314053,-0.0665160606530597
0.425,0.74618628280265,-0.058135983993515
0.425125,0.746324046843327,-0.058135983993515
0.42525,0.746461526535318,-0.058135983993515
0.425375,0.746598722006161,-0.058135983993515
0.4255,0.746735633409444,-0.058135983993515
0.425625,0.746872260924746,-0.058135983993515
0.42575,0.747008604757577,-0.058135983993515
0.425875,0.747144665139293,-0.058135983993515
0.426,0.747280442327002,-0.0928206291341039
0.426125,0.747415936590083,-0.0928206291341039
0.42625,0.747551148153329,-0.0928206291341039
0.426375,0.747686077207908,-0.0928206291341039
0.4265,0.747820723920632,-0.0928206291341039
0.426625,0.747955088434014,-0.0928206291341039
0.42675,0.748089170866357,-0.0928206291341039
0.426875,0.748222971311836,-0.0928206291341039
0.427,0.748356489840613,-0.0846962771379303
0.427125,0.748489726502081,-0.0846962771379303
0.42725,0.74862268133829,-0.0846962771379303
0.427375,0.748755354381489,-0.0846962771379303
0.4275,0.748887745652078,-0.0846962771379303
0.427625,0.749019855158723,-0.0846962771379303
0.42775,0.749151682898483,-0.0846962771379303
0.427875,0.749283228856931,-0.0846962771379303
0.428,0.749414493008296,-0.076520842053484
0.428125,0.749545475318748,-0.076520842053484
0.42825,0.749676175759924,-0.076520842053484
0.428375,0.749806594306457,-0.076520842053484
0.4285,0.749936730933921,-0.076520842053484
0.428625,0.750066585618933,-0.076520842053484
0.42875,0.750196158339267,-0.076520842053484
0.428875,0.75032544907396,-0.076520842053484
0.429,0.750454457803415,-0.0682571235651467
0.429125,0.750583184512696,-0.0682571235651467
0.42925,0.750711629205148,-0.0682571235651467
0.429375,0.750839791899856,-0.0682571235651467
0.4295,0.7509676726295,-0.0682571235651467
0.429625,0.751095271440406,-0.0682571235651467
0.42975,0.751222588392582,-0.0682571235651467
0.429875,0.751349623559746,-0.0682571235651467
0.43,0.751476377029352,-0.0598881360985974
0.430125,0.751602848905829,-0.0598881360985974
0.43025,0.751729039324278,-0.0598881360985974
0.430375,0.751854948447795,-0.0598881360985974
0.4305,0.751980576465186,-0.0598881360985974
0.430625,0.752105923590901,-0.0598881360985974
0.43075,0.752230990064945,-0.0598881360985974
0.430875,0.75235577615278,-0.0598881360985974
0.431,0.75248028214521,-0.0939583115691487
0.431125,0.752604508345117,-0.0939583115691487
0.43125,0.75272845501159,-0.0939583115691487
0.431375,0.752852122370676,-0.0939583115691487
0.4315,0.752975510624457,-0.0939583115691487
0.431625,0.753098619951094,-0.0939583115691487
0.43175,0.753221450504882,-0.0939583115691487
0.431875,0.753344002416326,-0.0939583115691487
0.432,0.753466275792218,-0.0858558332106238
0.432125,0.753588270718863,-0.0858558332106238
0.43225,0.753709987275437,-0.0858558332106238
0.432375,0.753831425531518,-0.0858558332106238
0.4325,0.753952585545025,-0.0858558332106238
0.432625,0.754073467362304,-0.0858558332106238
0.43275,0.754194071018233,-0.0858558332106238
0.432875,0.754314396536326,-0.0858558332106238
0.433,0.754434443928847,-0.0777107492410172
0.433125,0.754554213200063,-0.0777107492410172
0.43325,0.754673704359696,-0.0777107492410172
0.433375,0.754792917420443,-0.0777107492410172
0.4335,0.754911852395899,-0.0777107492410172
0.433625,0.755030509300647,-0.0777107492410172
0.43375,0.755148888150341,-0.0777107492410172
0.433875,0.755266988961793,-0.0777107492410172
0.434,0.755384811753056,-0.069486678619192
0.434125,0.755502356546679,-0.069486678619192
0.43425,0.75561962338324,-0.069486678619192
0.434375,0.755736612318796,-0.069486678619192
0.4345,0.755853323422732,-0.069486678619192
0.434625,0.755969756777785,-0.069486678619192
0.43475,0.756085912480059,-0.069486678619192
0.434875,0.756201790639038,-0.069486678619192
0.435,0.756317391377586,-0.0611671055941803
0.435125,0.756432714835148,-0.0611671055941803
0.43525,0.756547761181349,-0.0611671055941803
0.435375,0.756662530613307,-0.0611671055941803
0.4355,0.756777023353351,-0.0611671055941803
0.435625,0.756891239648926,-0.0611671055941803
0.43575,0.757005179772493,-0.0611671055941803
0.435875,0.757118844021409,-0.0611671055941803
0.436,0.757232232717795,-0.094466065016306
0.436125,0.757345346195552,-0.094466065016306
0.43625,0.757458184745736,-0.094466065016306
0.436375,0.757570748627041,-0.094466065016306
0.4365,0.757683038074655,-0.094466065016306
0.436625,0.75779505330028,-0.094466065016306
0.43675,0.757906794492166,-0.094466065016306
0.436875,0.758018261815167,-0.094466065016306
0.437,0.758129455410796,-0.0864238387474123
0.437125,0.758240375400401,-0.0864238387474123
0.43725,0.758351021898411,-0.0864238387474123
0.437375,0.75846139500986,-0.0864238387474123
0.4375,0.758571494828315,-0.0864238387474123
0.437625,0.758681321435949,-0.0864238387474123
0.43775,0.758790874903618,-0.0864238387474123
0.437875,0.758900155290946,-0.0864238387474123
0.438,0.759009162646412,-0.0783481856815414
0.438125,0.759117897010561,-0.0783481856815414
0.43825,0.759226358429316,-0.0783481856815414
0.438375,0.759334546951496,-0.0783481856815414
0.4385,0.759442462626744,-0.0783481856815414
0.438625,0.759550105505584,-0.0783481856815414
0.43875,0.759657475639494,-0.0783481856815414
0.438875,0.759764573080962,-0.0783481856815414
0.439,0.759871397883553,-0.0702036186705651
0.439125,0.759977950105109,-0.0702036186705651
0.43925,0.760084229821137,-0.0702036186705651
0.439375,0.760190237122255,-0.0702036186705651
0.4395,0.760295972112049,-0.0702036186705651
0.439625,0.760401434907072,-0.0702036186705651
0.43975,0.760506625636844,-0.0702036186705651
0.439875,0.760611544443841,-0.0702036186705651
0.44,0.760716191483476,-0.0619740752389441
0.440125,0.760820566927254,-0.0619740752389441
0.44025,0.760924670976194,-0.0619740752389441
0.440375,0.761028503858158,-0.0619740752389441
0.4405,0.761132065825577,-0.0619740752389441
0.440625,0.761235357155337,-0.0619740752389441
0.44075,0.76133837814866,-0.0619740752389441
0.440875,0.761441129130972,-0.0619740752389441
0.441,0.761543610451752,-0.0943549111162058
0.441125,0.761645822471889,-0.0943549111162058
0.44125,0.761747765510539,-0.0943549111162058
0.441375,0.761849439855307,-0.0943549111162058
0.4415,0.761950845770832,-0.0943549111162058
0.441625,0.762051983498793,-0.0943549111162058
0.44175,0.762152853257922,-0.0943549111162058
0.441875,0.762253455244034,-0.0943549111162058
0.442,0.762353789630069,-0.0864126844699471
0.442125,0.762453856569206,-0.0864126844699471
0.44225,0.762553656207923,-0.0864126844699471
0.442375,0.762653188683533,-0.0864126844699471
0.4425,0.762752454122117,-0.0864126844699471
0.442625,0.762851452638579,-0.0864126844699471
0.44275,0.7629501843367,-0.0864126844699471
0.442875,0.7630486493092,-0.0864126844699471
0.443,0.763146847637808,-0.0784464203467099
0.443125,0.763244779396408,-0.0784464203467099
0.44325,0.763342444664148,-0.0784464203467099
0.443375,0.763439843522981,-0.0784464203467099
0.4435,0.763536976055587,-0.0784464203467099
0.443625,0.763633842345425,-0.0784464203467099
0.44375,0.763730442476775,-0.0784464203467099
0.443875,0.763826776534779,-0.0784464203467099
0.444,0.763922844605485,-0.0704216034714029
0.444125,0.764018646778985,-0.0704216034714029
0.44425,0.76411418316258,-0.0704216034714029
0.444375,0.764209453878256,-0.0704216034714029
0.4445,0.764304459060541,-0.0704216034714029
0.444625,0.764399198856496,-0.0704216034714029
0.44475,0.76449367342569,-0.0704216034714029
0.444875,0.764587882940176,-0.0704216034714029
0.445,0.764681827584453,-0.0623226212929098
0.445125,0.764775507558549,-0.0623226212929098
0.44525,0.764868923091218,-0.0623226212929098
0.445375,0.764962074437293,-0.0623226212929098
0.4455,0.765054961875429,-0.0623226212929098
0.445625,0.765147585707974,-0.0623226212929098
0.44575,0.765239946260839,-0.0623226212929098
0.445875,0.765332043883346,-0.0623226212929098
0.446,0.765423878948071,-0.0936448390248195
0.446125,0.765515451838585,-0.0936448390248195
0.44625,0.765606762898042,-0.0936448390248195
0.446375,0.765697812439,-0.0936448390248195
0.4465,0.765788600751714,-0.0936448390248195
0.446625,0.765879128104116,-0.0936448390248195
0.44675,0.765969394741819,-0.0936448390248195
0.446875,0.766059400888118,-0.0936448390248195
0.447,0.76614914674402,-0.0858414780289813
0.447125,0.766238632491284,-0.0858414780289813
0.44725,0.766327858305229,-0.0858414780289813
0.447375,0.766416824352298,-0.0858414780289813
0.4475,0.76650553078801,-0.0858414780289813
0.447625,0.766593977756993,-0.0858414780289813
0.44775,0.766682165393016,-0.0858414780289813
0.447875,0.766770093819037,-0.0858414780289813
0.448,0.766857763147247,-0.078023298667805
0.448125,0.766945173482143,-0.078023298667805
0.44825,0.767032324933372,-0.078023298667805
0.448375,0.767119217613299,-0.078023298667805
0.4485,0.767205851634954,-0.078023298667805
0.448625,0.767292227112057,-0.078023298667805
0.44875,0.767378344159045,-0.078023298667805
0.448875,0.767464202891094,-0.078023298667805
0.449,0.767549803424144,-0.0701568667476134
0.449125,0.767635145877953,-0.0701568667476134
0.44925,0.767720230388993,-0.0701568667476134
0.449375,0.767805057107945,-0.0701568667476134
0.4495,0.767889626197593,-0.0701568667476134
0.449625,0.767973937832791,-0.0701568667476134
0.44975,0.768057992200423,-0.0701568667476134
0.449875,0.768141789499361,-0.0701568667476134
0.45,0.76822532994041,-0.0622270540447058
0.450125,0.768308613749313,-0.0622270540447058
0.45025,0.768391641179652,-0.0622270540447058
0.450375,0.768474412510243,-0.0622270540447058
0.4505,0.768556928042904,-0.0622270540447058
0.450625,0.768639188102322,-0.0622270540447058
0.45075,0.768721193035899,-0.0622270540447058
0.450875,0.768802943213596,-0.0622270540447058
0.451,0.768884439027756,-0.0923502757969277
0.451125,0.768965680881306,-0.0923502757969277
0.45125,0.769046669138283,-0.0923502757969277
0.451375,0.76912740413327,-0.0923502757969277
0.4515,0.76920788617935,-0.0923502757969277
0.451625,0.769288115568068,-0.0923502757969277
0.45175,0.769368092569416,-0.0923502757969277
0.451875,0.76944781743182,-0.0923502757969277
0.452,0.769527290382149,-0.0847222608940026
0.452125,0.769606511628663,-0.0847222608940026
0.45225,0.769685481373524,-0.0847222608940026
0.452375,0.769764199810393,-0.0847222608940026
0.4525,0.769842667122405,-0.0847222608940026
0.452625,0.769920883482185,-0.0847222608940026
0.45275,0.769998849051868,-0.0847222608940026
0.452875,0.770076563983114,-0.0847222608940026
0.453,0.770154028417143,-0.0770883097818994
0.453125,0.770231242487713,-0.0770883097818994
0.45325,0.770308206333643,-0.0770883097818994
0.453375,0.770384920096418,-0.0770883097818994
0.4535,0.77046138391817,-0.0770883097818994
0.453625,0.77053759794168,-0.0770883097818994
0.45375,0.770613562310386,-0.0770883097818994
0.453875,0.770689277168391,-0.0770883097818994
0.454,0.770764742660461,-0.0694162276408269
0.454125,0.770839958934994,-0.0694162276408269
0.45425,0.77091492615657,-0.0694162276408269
0.454375,0.770989644503499,-0.0694162276408269
0.4545,0.771064114165742,-0.0694162276408269
0.454625,0.771138335344866,-0.0694162276408269
0.45475,0.771212308253982,-0.0694162276408269
0.454875,0.771286033117691,-0.0694162276408269
0.455,0.771359510172014,-0.0616914548899381
0.455125,0.771432739667294,-0.0616914548899381
0.45525,0.771505721880755,-0.0616914548899381
0.455375,0.771578457113944,-0.0616914548899381
0.4555,0.771650945690539,-0.0616914548899381
0.455625,0.771723187956202,-0.0616914548899381
0.45575,0.771795184278416,-0.0616914548899381
0.455875,0.771866935046315,-0.0616914548899381
0.456,0.771938440670494,-0.0904683265797886
0.456125,0.77200970157172,-0.0904683265797886
0.45625,0.772080718133653,-0.0904683265797886
0.456375,0.772151490711835,-0.0904683265797886
0.4565,0.772222019641273,-0.0904683265797886
0.456625,0.772292305236385,-0.0904683265797886
0.45675,0.772362347790962,-0.0904683265797886
0.456875,0.772432147578139,-0.0904683265797886
0.457,0.772501704850383,-0.0830493712240774
0.457125,0.772571019842347,-0.0830493712240774
0.45725,0.772640092783008,-0.0830493712240774
0.457375,0.772708923893319,-0.0830493712240774
0.4575,0.772777513384217,-0.0830493712240774
0.457625,0.77284586145662,-0.0830493712240774
0.45775,0.772913968301423,-0.0830493712240774
0.457875,0.772981834099496,-0.0830493712240774
0.458,0.773049459021701,-0.0756331046743188
0.458125,0.773116843231758,-0.0756331046743188
0.45825,0.773183986898395,-0.0756331046743188
0.458375,0.773250890193004,-0.0756331046743188
0.4585,0.773317553287653,-0.0756331046743188
0.458625,0.773383976355075,-0.0756331046743188
0.45875,0.773450159568653,-0.0756331046743188
0.458875,0.773516103102402,-0.0756331046743188
0.459,0.773581807130961,-0.0681887823150867
0.459125,0.77364727183244,-0.0681887823150867
0.45925,0.773712497400585,-0.0681887823150867
0.459375,0.77377748404238,-0.0681887823150867
0.4595,0.773842231976007,-0.0681887823150867
0.459625,0.773906741430782,-0.0681887823150867
0.45975,0.773971012647079,-0.0681887823150867
0.459875,0.774035045876259,-0.0681887823150867
0.46,0.774098841380576,-0.0607025446756775
0.460125,0.774162399435979,-0.0607025446756775
0.46025,0.77422572034426,-0.0607025446756775
0.460375,0.774288804430555,-0.0607025446756775
0.4605,0.774351652041205,-0.0607025446756775
0.460625,0.774414263543591,-0.0607025446756775
0.46075,0.774476639325961,-0.0607025446756775
0.460875,0.774538779797245,-0.0607025446756775
0.461,0.774600685386855,-0.0879729555342232
0.461125,0.774662356533964,-0.0879729555342232
0.46125,0.774723793642678,-0.0879729555342232
0.461375,0.774784997090541,-0.0879729555342232
0.4615,0.774845967235685,-0.0879729555342232
0.461625,0.77490670441677,-0.0879729555342232
0.46175,0.774967208952919,-0.0879729555342232
0.461875,0.775027481143674,-0.0879729555342232
0.462,0.775087521268955,-0.0807947635387045
0.462125,0.775147329591805,-0.0807947635387045
0.46225,0.775206906370117,-0.0807947635387045
0.462375,0.775266251854327,-0.0807947635387045
0.4625,0.775325366285479,-0.0807947635387045
0.462625,0.775384249895189,-0.0807947635387045
0.46275,0.775442902905625,-0.0807947635387045
0.462875,0.775501325529483,-0.0807947635387045
0.463,0.775559517969974,-0.0736279123796995
0.463125,0.775617480423579,-0.0736279123796995
0.46325,0.775675213091765,-0.0736279123796995
0.463375,0.775732716178696,-0.0736279123796995
0.4635,0.775789989889289,-0.0736279123796995
0.463625,0.775847034429185,-0.0736279123796995
0.46375,0.775903850004704,-0.0736279123796995
0.463875,0.775960436822814,-0.0736279123796995
0.464,0.776016795091094,-0.06644336033318
0.464125,0.776072925020462,-0.06644336033318
0.46425,0.776128826836893,-0.06644336033318
0.464375,0.776184500779079,-0.06644336033318
0.4645,0.776239947096442,-0.06644336033318
0.464625,0.776295166049047,-0.06644336033318
0.46475,0.776350157907511,-0.06644336033318
0.464875,0.776404922952903,-0.06644336033318
0.465,0.776459461476642,-0.0592281110976497
0.465125,0.776513773783169,-0.0592281110976497
0.46525,0.776567860201634,-0.0592281110976497
0.465375,0.776621721083469,-0.0592281110976497
0.4655,0.776675356800301,-0.0592281110976497
0.465625,0.776728767743775,-0.0592281110976497
0.46575,0.776781954325364,-0.0592281110976497
0.465875,0.776834916976169,-0.0592281110976497
0.466,0.776887656146708,-0.0848162734920389
0.466125,0.776940172296829,-0.0848162734920389
0.46625,0.776992465853622,-0.0848162734920389
0.466375,0.777044537219371,-0.0848162734920389
0.4665,0.777096386778243,-0.0848162734920389
0.466625,0.777148014896198,-0.0848162734920389
0.46675,0.777199421920907,-0.0848162734920389
0.466875,0.777250608181684,-0.0848162734920389
0.467,0.777301573989422,-0.0779101172181735
0.467125,0.777352319639208,-0.0779101172181735
0.46725,0.777402845421577,-0.0779101172181735
0.467375,0.777453151620274,-0.0779101172181735
0.4675,0.777503238510361,-0.0779101172181735
0.467625,0.777553106358158,-0.0779101172181735
0.46775,0.777602755421197,-0.0779101172181735
0.467875,0.777652185948175,-0.0779101172181735
0.468,0.777701398178914,-0.07102437116181
0.468125,0.777750392346981,-0.07102437116181
0.46825,0.777799168690917,-0.07102437116181
0.468375,0.777847727452015,-0.07102437116181
0.4685,0.777896068872424,-0.07102437116181
0.468625,0.77794419319509,-0.07102437116181
0.46875,0.777992100663695,-0.07102437116181
0.468875,0.778039791522595,-0.07102437116181
0.469,0.778087266016757,-0.0641319706085724
0.469125,0.778134524394353,-0.0641319706085724
0.46925,0.778181566917975,-0.0641319706085724
0.469375,0.77822839386236,-0.0641319706085724
0.4695,0.778275005512462,-0.0641319706085724
0.469625,0.778321402163338,-0.0641319706085724
0.46975,0.778367584120037,-0.0641319706085724
0.469875,0.77841355169748,-0.0641319706085724
0.47,0.778459305220331,-0.057220954405756
0.470125,0.778504845025536,-0.057220954405756
0.47025,0.778550171473488,-0.057220954405756
0.470375,0.778595284945678,-0.057220954405756
0.4705,0.778640185842669,-0.057220954405756
0.470625,0.778684874583905,-0.057220954405756
0.47075,0.778729351607501,-0.057220954405756
0.470875,0.778773617370025,-0.057220954405756
0.471,0.778817672346278,-0.0809359445886424
0.471125,0.778861517019908,-0.0809359445886424
0.47125,0.778905151844373,-0.0809359445886424
0.471375,0.778948577250282,-0.0809359445886424
0.4715,0.778991793651561,-0.0809359445886424
0.471625,0.779034801445341,-0.0809359445886424
0.47175,0.779077601011847,-0.0809359445886424
0.471875,0.779120192714306,-0.0809359445886424
0.472,0.779162576898857,-0.0743345345338904
0.472125,0.77920475389702,-0.0743345345338904
0.47225,0.779246724036423,-0.0743345345338904
0.472375,0.779288487638636,-0.0743345345338904
0.4725,0.779330045017325,-0.0743345345338904
0.472625,0.779371396478172,-0.0743345345338904
0.47275,0.779412542318799,-0.0743345345338904
0.472875,0.779453482828687,-0.0743345345338904
0.473,0.779494218289113,-0.0677633974479073
0.473125,0.779534748975619,-0.0677633974479073
0.47325,0.779575075168695,-0.0677633974479073
0.473375,0.779615197151625,-0.0677633974479073
0.4735,0.779655115208652,-0.0677633974479073
0.473625,0.77969482962489,-0.0677633974479073
0.47375,0.779734340686229,-0.0677633974479073
0.473875,0.779773648679252,-0.0677633974479073
0.474,0.779812753891138,-0.0611977178124419
0.474125,0.779851656612106,-0.0611977178124419
0.47425,0.779890357146064,-0.0611977178124419
0.474375,0.779928855808415,-0.0611977178124419
0.4745,0.779967152924185,-0.0611977178124419
0.474625,0.780005248827889,-0.0611977178124419
0.47475,0.780043143863389,-0.0611977178124419
0.474875,0.780080838383752,-0.0611977178124419
0.475,0.780118332751097,-0.0546267279659514
0.475125,0.78015562733898,-0.0546267279659514
0.47525,0.780192722542977,-0.0546267279659514
0.475375,0.780229618778421,-0.0546267279659514
0.4755,0.780266316478448,-0.0546267279659514
0.475625,0.780302816093782,-0.0546267279659514
0.47575,0.780339118092513,-0.0546267279659514
0.475875,0.780375222959854,-0.0546267279659514
0.476,0.780411131197906,-0.0762660490682933
0.476125,0.780446843317055,-0.0762660490682933
0.47625,0.780482359800317,-0.0762660490682933
0.476375,0.780517681109996,-0.0762660490682933
0.4765,0.780552807693274,-0.0762660490682933
0.476625,0.78058773998207,-0.0762660490682933
0.47675,0.780622478392907,-0.0762660490682933
0.476875,0.780657023326781,-0.0762660490682933
0.477,0.780691375169049,-0.0700051270841343
0.477125,0.780725534291734,-0.0700051270841343
0.47725,0.780759501063666,-0.0700051270841343
0.477375,0.780793275848389,-0.0700051270841343
0.4775,0.780826859002376,-0.0700051270841343
0.477625,0.780860250874924,-0.0700051270841343
0.47775,0.780893451808036,-0.0700051270841343
0.477875,0.780926462136319,-0.0700051270841343
0.478,0.780959282186882,-0.0637853900876808
0.478125,0.780991912281639,-0.0637853900876808
0.47825,0.781024352747387,-0.0637853900876808
0.478375,0.781056603913727,-0.0637853900876808
0.4785,0.781088666111296,-0.0637853900876808
0.478625,0.781120539671644,-0.0637853900876808
0.47875,0.78115222492711,-0.0637853900876808
0.478875,0.781183722210706,-0.0637853900876808
0.479,0.781215031855993,-0.0575845227157965
0.479125,0.781246154199349,-0.0575845227157965
0.47925,0.781277089589993,-0.0575845227157965
0.479375,0.781307838387875,-0.0575845227157965
0.4795,0.781338400961877,-0.0575845227157965
0.479625,0.781368777689645,-0.0575845227157965
0.47975,0.781398968957424,-0.0575845227157965
0.479875,0.781428975159887,-0.0575845227157965
0.48,0.781458796699958,-0.0513930795670481
0.480125,0.781488433991019,-0.0513930795670481
0.48025,0.781517887466852,-0.0513930795670481
0.480375,0.781547157579471,-0.0513930795670481
0.4805,0.781576244797247,-0.0513930795670481
0.480625,0.781605149604671,-0.0513930795670481
0.48075,0.781633872502108,-0.0513930795670481
0.480875,0.781662414005544,-0.0513930795670481
0.481,0.781690774646319,-0.070747972165699
0.481125,0.7817189549634,-0.070747972165699
0.48125,0.781746955471437,-0.070747972165699
0.481375,0.781774776666674,-0.070747972165699
0.4815,0.781802419031911,-0.070747972165699
0.481625,0.781829883036325,-0.070747972165699
0.48175,0.78185716913531,-0.070747972165699
0.481875,0.78188427777032,-0.070747972165699
0.482,0.781911209368715,-0.064867190337909
0.482125,0.781937964345895,-0.064867190337909
0.48225,0.781964543114782,-0.064867190337909
0.482375,0.781990946083812,-0.064867190337909
0.4825,0.782017173655227,-0.064867190337909
0.482625,0.782043226224927,-0.064867190337909
0.48275,0.782069104182321,-0.064867190337909
0.482875,0.782094807910195,-0.064867190337909
0.483,0.782120337784574,-0.0590396287454073
0.483125,0.782145694176834,-0.0590396287454073
0.48325,0.782170877463109,-0.0590396287454073
0.483375,0.782195888022304,-0.0590396287454073
0.4835,0.782220726234391,-0.0590396287454073
0.483625,0.782245392480256,-0.0590396287454073
0.48375,0.782269887141544,-0.0590396287454073
0.483875,0.782294210600509,-0.0590396287454073
0.484,0.782318363239852,-0.0532456918725869
0.484125,0.782342345444807,-0.0532456918725869
0.48425,0.782366157612461,-0.0532456918725869
0.484375,0.782389800149745,-0.0532456918725869
0.4845,0.78241327347171,-0.0532456918725869
0.484625,0.782436578001332,-0.0532456918725869
0.48475,0.782459714169316,-0.0532456918725869
0.484875,0.7824826824139,-0.0532456918725869
0.485,0.782505483180645,-0.0474773504607578
0.485125,0.782528116924456,-0.0474773504607578
0.48525,0.782550584118803,-0.0474773504607578
0.485375,0.782572885253663,-0.0474773504607578
0.4855,0.782595020833733,-0.0474773504607578
0.485625,0.782616991378174,-0.0474773504607578
0.48575,0.782638797420339,-0.0474773504607578
0.485875,0.782660439507503,-0.0474773504607578
0.486,0.782681918200581,-0.0643381672269571
0.486125,0.782703234067333,-0.0643381672269571
0.48625,0.782724387654494,-0.0643381672269571
0.486375,0.782745379492865,-0.0643381672269571
0.4865,0.782766210101582,-0.0643381672269571
0.486625,0.78278687998791,-0.0643381672269571
0.48675,0.782807389647051,-0.0643381672269571
0.486875,0.782827739561947,-0.0643381672269571
0.487,0.782847930203106,-0.0588810591442762
0.487125,0.782867962030525,-0.0588810591442762
0.48725,0.782887835502453,-0.0588810591442762
0.487375,0.78290755107348,-0.0588810591442762
0.4875,0.782927109192905,-0.0588810591442762
0.487625,0.782946510304555,-0.0588810591442762
0.48775,0.782965754846605,-0.0588810591442762
0.487875,0.782984843251403,-0.0588810591442762
0.488,0.7830037759453,-0.0534902179166873
0.488125,0.78302255335056,-0.0534902179166873
0.48825,0.783041175894013,-0.0534902179166873
0.488375,0.783059644005172,-0.0534902179166873
0.4885,0.783077958114607,-0.0534902179166873
0.488625,0.783096118653764,-0.0534902179166873
0.48875,0.783114126054773,-0.0534902179166873
0.488875,0.783131980750259,-0.0534902179166873
0.489,0.783149683173154,-0.0481489576055063
0.489125,0.78316723375857,-0.0481489576055063
0.48925,0.783184632952342,-0.0481489576055063
0.489375,0.783201881209138,-0.0481489576055063
0.4895,0.783218978990816,-0.0481489576055063
0.489625,0.783235926766204,-0.0481489576055063
0.48975,0.783252725010876,-0.0481489576055063
0.489875,0.783269374206919,-0.0481489576055063
0.49,0.783285874842704,-0.042850730007827
0.490125,0.783302227414693,-0.042850730007827
0.49025,0.783318432435865,-0.042850730007827
0.490375,0.783334490433778,-0.042850730007827
0.4905,0.783350401948894,-0.042850730007827
0.490625,0.78336616753429,-0.042850730007827
0.49075,0.783381787755372,-0.042850730007827
0.490875,0.783397263189583,-0.042850730007827
0.491,0.783412594426102,-0.0570108016759783
0.491125,0.783427782060072,-0.0570108016759783
0.49125,0.783442826669135,-0.0570108016759783
0.491375,0.78345772881764,-0.0570108016759783
0.4915,0.783472489060163,-0.0570108016759783
0.491625,0.783487107941274,-0.0570108016759783
0.49175,0.78350158599531,-0.0570108016759783
0.491875,0.783515923746148,-0.0570108016759783
0.492,0.783530121706994,-0.0520239316326381
0.492125,0.783544180382091,-0.0520239316326381
0.49225,0.783558100274676,-0.0520239316326381
0.492375,0.783571881885185,-0.0520239316326381
0.4925,0.783585525709711,-0.0520239316326381
0.492625,0.783599032239785,-0.0520239316326381
0.49275,0.783612401962164,-0.0520239316326381
0.492875,0.783625635358616,-0.0520239316326381
0.493,0.783638732905719,-0.047117138901677
0.493125,0.783651695076541,-0.047117138901677
0.49325,0.783664522348471,-0.047117138901677
0.493375,0.783677215201445,-0.047117138901677
0.4935,0.783689774116425,-0.047117138901677
0.493625,0.783702199575173,-0.047117138901677
0.49375,0.783714492060027,-0.047117138901677
0.493875,0.783726652053681,-0.047117138901677
0.494,0.783738680038958,-0.0422768182087177
0.494125,0.783750576500459,-0.0422768182087177
0.49425,0.78376234193225,-0.0422768182087177
0.494375,0.783773976836099,-0.0422768182087177
0.4945,0.783785481719937,-0.0422768182087177
0.494625,0.783796857097607,-0.0422768182087177
0.49475,0.783808103488607,-0.0422768182087177
0.494875,0.783819221417835,-0.0422768182087177
0.495,0.783830211415327,-0.0374979528462705
0.495125,0.783841074017836,-0.0374979528462705
0.49525,0.783851809776383,-0.0374979528462705
0.495375,0.783862419254464,-0.0374979528462705
0.4955,0.783872903026481,-0.0374979528462705
0.495625,0.783883261677439,-0.0374979528462705
0.49575,0.783893495802639,-0.0374979528462705
0.495875,0.783903606007367,-0.0374979528462705
0.496,0.78391359290657,-0.0487549382771319
0.496125,0.783923457120199,-0.0487549382771319
0.49625,0.783933199254464,-0.0487549382771319
0.496375,0.783942819905109,-0.0487549382771319
0.4965,0.783952319660125,-0.0487549382771319
0.496625,0.783961699099492,-0.0487549382771319
0.49675,0.783970958794911,-0.0487549382771319
0.496875,0.783980099309555,-0.0487549382771319
0.497,0.783989121197815,-0.0442865441514252
0.497125,0.783998025006779,-0.0442865441514252
0.49725,0.784006811283302,-0.0442865441514252
0.497375,0.784015480572342,-0.0442865441514252
0.4975,0.784024033415519,-0.0442865441514252
0.497625,0.784032470350861,-0.0442865441514252
0.49775,0.784040791912559,-0.0442865441514252
0.497875,0.784048998630713,-0.0442865441514252
0.498,0.784057091031094,-0.0399125035552501
0.498125,0.784065069636587,-0.0399125035552501
0.49825,0.784072934974106,-0.0399125035552501
0.498375,0.784080687572957,-0.0399125035552501
0.4985,0.784088327963422,-0.0399125035552501
0.498625,0.784095856676501,-0.0399125035552501
0.49875,0.784103274243651,-0.0399125035552501
0.498875,0.784110581196529,-0.0399125035552501
0.499,0.784117778066738,-0.0356224615801237
0.499125,0.784124865387218,-0.0356224615801237
0.49925,0.784131843699014,-0.0356224615801237
0.499375,0.784138713549641,-0.0356224615801237
0.4995,0.784145475491669,-0.0356224615801237
0.499625,0.78415213008244,-0.0356224615801237
0.49975,0.784158677883784,-0.0356224615801237
0.499875,0.784165119461732,-0.0356224615801237
0.5,0.784171455386226,-0.0314129871710268
0.500125,0.784177686232458,-0.0314129871710268
0.50025,0.78418381258746,-0.0314129871710268
0.500375,0.784189835048464,-0.0314129871710268
0.5005,0.784195754221467,-0.0314129871710268
0.500625,0.78420157072091,-0.0314129871710268
0.50075,0.784207285169348,-0.0314129871710268
0.500875,0.784212898197123,-0.0314129871710268
0.501,0.784218410442026,-0.0395675211768028
0.501125,0.784223822545816,-0.0395675211768028
0.50125,0.784229135140543,-0.0395675211768028
0.501375,0.78423434885081,-0.0395675211768028
0.5015,0.784239464295641,-0.0395675211768028
0.501625,0.784244482088183,-0.0395675211768028
0.50175,0.784249402835419,-0.0395675211768028
0.501875,0.784254227137872,-0.0395675211768028
0.502,0.784258955589328,-0.0356660866736468
0.502125,0.784263588778056,-0.0356660866736468
0.50225,0.784268127292918,-0.0356660866736468
0.502375,0.784272571721847,-0.0356660866736468
0.5025,0.784276922650522,-0.0356660866736468
0.502625,0.784281180662081,-0.0356660866736468
0.50275,0.784285346336838,-0.0356660866736468
0.502875,0.784289420251997,-0.0356660866736468
0.503,0.784293402981371,-0.0318734917321695
0.503125,0.784297295096567,-0.0318734917321695
0.50325,0.784301097172915,-0.0318734917321695
0.503375,0.784304809787975,-0.0318734917321695
0.5035,0.784308433520245,-0.0318734917321695
0.503625,0.784311968948861,-0.0318734917321695
0.50375,0.78431541665331,-0.0318734917321695
0.503875,0.784318777213132,-0.0318734917321695
0.504,0.784322051207634,-0.0281828178470143
0.504125,0.784325239217019,-0.0281828178470143
0.50425,0.784328341828133,-0.0281828178470143
0.504375,0.784331359632992,-0.0281828178470143
0.5045,0.784334293227497,-0.0281828178470143
0.504625,0.784337143211117,-0.0281828178470143
0.50475,0.784339910186583,-0.0281828178470143
0.504875,0.784342594759566,-0.0281828178470143
0.505,0.784345197538369,-0.024592293817206
0.505125,0.784347719134988,-0.024592293817206
0.50525,0.784350160170678,-0.024592293817206
0.505375,0.784352521274475,-0.024592293817206
0.5055,0.784354803081914,-0.024592293817206
0.505625,0.784357006234681,-0.024592293817206
0.50575,0.784359131380272,-0.024592293817206
0.505875,0.784361179171642,-0.024592293817206
0.506,0.784363150266862,-0.0294445565733926
0.506125,0.784365045326889,-0.0294445565733926
0.50625,0.78436686500728,-0.0294445565733926
0.506375,0.78436860995939,-0.0294445565733926
0.5065,0.784370280831328,-0.0294445565733926
0.506625,0.784371878267635,-0.0294445565733926
0.50675,0.784373402908958,-0.0294445565733926
0.506875,0.784374855391728,-0.0294445565733926
0.507,0.784376236347847,-0.0261577328938856
0.507125,0.784377546405634,-0.0261577328938856
0.50725,0.784378786194893,-0.0261577328938856
0.507375,0.784379956345556,-0.0261577328938856
0.5075,0.78438105748648,-0.0261577328938856
0.507625,0.784382090245129,-0.0261577328938856
0.50775,0.784383055247249,-0.0261577328938856
0.507875,0.784383953116553,-0.0261577328938856
0.508,0.7843847844744,-0.0229943036192363
0.508125,0.784385549940696,-0.0229943036192363
0.50825,0.784386250138762,-0.0229943036192363
0.508375,0.784386885694002,-0.0229943036192363
0.5085,0.784387457232736,-0.0229943036192363
0.508625,0.784387965381879,-0.0229943036192363
0.50875,0.784388410768604,-0.0229943036192363
0.508875,0.78438879402002,-0.0229943036192363
0.509,0.784389115762846,-0.0199510020215034
0.509125,0.784389376624256,-0.0199510020215034
0.50925,0.784389577236532,-0.0199510020215034
0.509375,0.784389718235769,-0.0199510020215034
0.5095,0.784389800260725,-0.0199510020215034
0.509625,0.784389823952481,-0.0199510020215034
0.50975,0.784389789954099,-0.0199510020215034
0.509875,0.784389698910277,-0.0199510020215034
0.51,0.784389551467013,-0.0170278208748258
0.510125,0.784389348272384,-0.0170278208748258
0.51025,0.784389089980987,-0.0170278208748258
0.510375,0.784388777252662,-0.0170278208748258
0.5105,0.784388410751356,-0.0170278208748258
0.510625,0.784387991144763,-0.0170278208748258
0.51075,0.784387519103963,-0.0170278208748258
0.510875,0.784386995303058,-0.0170278208748258
0.511,0.784386420418808,-0.018572515558017
0.511125,0.784385795129671,-0.018572515558017
0.51125,0.784385120112911,-0.018572515558017
0.511375,0.784384396044728,-0.018572515558017
0.5115,0.784383623600307,-0.018572515558017
0.511625,0.784382803453466,-0.018572515558017
0.51175,0.784381936276302,-0.018572515558017
0.511875,0.784381022738835,-0.018572515558017
0.512,0.784380063508662,-0.0159486696907947
0.512125,0.784379059251614,-0.0159486696907947
0.51225,0.784378010635705,-0.0159486696907947
0.512375,0.784376918329948,-0.0159486696907947
0.5125,0.7843757830033,-0.0159486696907947
0.512625,0.784374605324304,-0.0159486696907947
0.51275,0.784373385960737,-0.0159486696907947
0.512875,0.784372125579252,-0.0159486696907947
0.513,0.784370824845028,-0.0134627141042751
0.513125,0.784369484422373,-0.0134627141042751
0.51325,0.784368104978445,-0.0134627141042751
0.513375,0.784366687182103,-0.0134627141042751
0.5135,0.784365231702889,-0.0134627141042751
0.513625,0.784363739210668,-0.0134627141042751
0.51375,0.784362210375266,-0.0134627141042751
0.513875,0.784360645866112,-0.0134627141042751
0.514,0.784359046351879,-0.0111148178454471
0.514125,0.784357412501034,-0.0111148178454471
0.51425,0.784355744985317,-0.0111148178454471
0.514375,0.784354044478642,-0.0111148178454471
0.5145,0.784352311656101,-0.0111148178454471
0.514625,0.7843505471936,-0.0111148178454471
0.51475,0.784348751767495,-0.0111148178454471
0.514875,0.78434692605422,-0.0111148178454471
0.515,0.784345070729925,-0.00890645689144445
0.515125,0.784343186470965,-0.00890645689144445
0.51525,0.784341273957144,-0.00890645689144445
0.515375,0.784339333870651,-0.00890645689144445
0.5155,0.784337366895094,-0.00890645689144445
0.515625,0.784335373715132,-0.00890645689144445
0.51575,0.784333355016097,-0.00890645689144445
0.515875,0.784331311483624,-0.00890645689144445
0.516,0.784329243803273,-0.00794959144117623
0.516125,0.784327152660531,-0.00794959144117623
0.51625,0.784325038742003,-0.00794959144117623
0.516375,0.784322902734738,-0.00794959144117623
0.5165,0.784320745325597,-0.00794959144117623
0.516625,0.784318567200881,-0.00794959144117623
0.51675,0.784316369045961,-0.00794959144117623
0.516875,0.784314151544902,-0.00794959144117623
0.517,0.784311915380098,-0.00604163533070884
0.517125,0.784309661232633,-0.00604163533070884
0.51725,0.784307389785043,-0.00604163533070884
0.517375,0.784305101720333,-0.00604163533070884
0.5175,0.784302797721105,-0.00604163533070884
0.517625,0.784300478469177,-0.00604163533070884
0.51775,0.78429814464522,-0.00604163533070884
0.517875,0.784295796928379,-0.00604163533070884
0.518,0.784293435995912,-0.00428389401505086
0.518125,0.784291062523499,-0.00428389401505086
0.51825,0.784288677187748,-0.00428389401505086
0.518375,0.784286280665276,-0.00428389401505086
0.5185,0.784283873631865,-0.00428389401505086
0.518625,0.784281456762099,-0.00428389401505086
0.51875,0.784279030728992,-0.00428389401505086
0.518875,0.78427659620362,-0.00428389401505086
0.519,0.784274153854759,-0.00267780885193292
0.519125,0.78427170434914,-0.00267780885193292
0.51925,0.784269248353717,-0.00267780885193292
0.519375,0.784266786534791,-0.00267780885193292
0.5195,0.784264319557221,-0.00267780885193292
0.519625,0.784261848084059,-0.00267780885193292
0.51975,0.784259372776188,-0.00267780885193292
0.519875,0.784256894291963,-0.00267780885193292
0.52,0.784254413286851,-0.00122438074855267
0.520125,0.784251930413636,-0.00122438074855267
0.52025,0.784249446324442,-0.00122438074855267
0.520375,0.784246961669918,-0.00122438074855267
0.5205,0.784244477098499,-0.00122438074855267
0.520625,0.784241993256042,-0.00122438074855267
0.52075,0.784239510785485,-0.00122438074855267
0.520875,0.784237030326487,-0.00122438074855267
0.521,0.784234552515087,0.00118794244352163
0.521125,0.784232077984284,0.00118794244352163
0.52125,0.784229607367645,0.00118794244352163
0.521375,0.78422714129819,0.00118794244352163
0.5215,0.784224680407404,0.00118794244352163
0.521625,0.784222225324888,0.00118794244352163
0.52175,0.784219776678007,0.00118794244352163
0.521875,0.784217335091554,0.00118794244352163
0.522,0.784214901187401,0.00234661942259836
0.522125,0.784212475584603,0.00234661942259836
0.52225,0.784210058900962,0.00234661942259836
0.522375,0.784207651752314,0.00234661942259836
0.5225,0.784205254751887,0.00234661942259836
0.522625,0.784202868509956,0.00234661942259836
0.52275,0.784200493633517,0.00234661942259836
0.522875,0.784198130725948,0.00234661942259836
0.523,0.784195780386679,0.00335324220352384
0.523125,0.784193443211255,0.00335324220352384
0.52325,0.784191119792658,0.00335324220352384
0.523375,0.78418881072066,0.00335324220352384
0.5235,0.784186516581238,0.00335324220352384
0.523625,0.784184237956246,0.00335324220352384
0.52375,0.784181975423103,0.00335324220352384
0.523875,0.784179729554472,0.00335324220352384
0.524,0.784177500917955,0.00420789238322252
0.524125,0.784175290076106,0.00420789238322252
0.52425,0.784173097587529,0.00420789238322252
0.524375,0.784170924006304,0.00420789238322252
0.5245,0.784168769881454,0.00420789238322252
0.524625,0.784166635756648,0.00420789238322252
0.52475,0.784164522169905,0.00420789238322252
0.524875,0.784162429653303,0.00420789238322252
0.525,0.78416035873269,0.00491225271063885
0.525125,0.784158309927672,0.00491225271063885
0.52525,0.784156283752485,0.00491225271063885
0.525375,0.784154280715496,0.00491225271063885
0.5255,0.784152301318736,0.00491225271063885
0.525625,0.784150346057636,0.00491225271063885
0.52575,0.784148415420751,0.00491225271063885
0.525875,0.784146509889507,0.00491225271063885
0.526,0.784144629937934,0.00773634369678618
0.526125,0.784142776033508,0.00773634369678618
0.52625,0.784140948641516,0.00773634369678618
0.526375,0.784139148223912,0.00773634369678618
0.5265,0.78413737523831,0.00773634369678618
0.526625,0.78413563013773,0.00773634369678618
0.52675,0.784133913370351,0.00773634369678618
0.526875,0.784132225379261,0.00773634369678618
0.527,0.784130566602216,0.00817539055681291
0.527125,0.784128937471569,0.00817539055681291
0.52725,0.784127338414752,0.00817539055681291
0.527375,0.784125769853901,0.00817539055681291
0.5275,0.78412423220551,0.00817539055681291
0.527625,0.784122725880202,0.00817539055681291
0.52775,0.784121251282504,0.00817539055681291
0.527875,0.784119808810629,0.00817539055681291
0.528,0.784118398856257,0.00847880362926082
0.528125,0.784117021804441,0.00847880362926082
0.52825,0.784115678033895,0.00847880362926082
0.528375,0.78411436791669,0.00847880362926082
0.5285,0.784113091817977,0.00847880362926082
0.528625,0.784111850095784,0.00847880362926082
0.52875,0.784110643100828,0.00847880362926082
0.528875,0.784109471176324,0.00847880362926082
0.529,0.7841083346578,0.00865005481458257
0.529125,0.784107233872986,0.00865005481458257
0.52925,0.784106169141918,0.00865005481458257
0.529375,0.784105140776713,0.00865005481458257
0.5295,0.784104149081359,0.00865005481458257
0.529625,0.784103194351551,0.00865005481458257
0.52975,0.784102276874538,0.00865005481458257
0.529875,0.784101396928971,0.00865005481458257
0.53,0.784100554784751,0.00869458263114007
0.530125,0.784099750702916,0.00869458263114007
0.53025,0.784098984935567,0.00869458263114007
0.530375,0.78409825772573,0.00869458263114007
0.5305,0.784097569307216,0.00869458263114007
0.530625,0.784096919904498,0.00869458263114007
0.53075,0.784096309732604,0.00869458263114007
0.530875,0.784095738996999,0.00869458263114007
0.531,0.784095207893485,0.0109714849945609
0.531125,0.784094716608982,0.0109714849945609
0.53125,0.784094265325156,0.0109714849945609
0.531375,0.784093854217607,0.0109714849945609
0.5315,0.784093483455165,0.0109714849945609
0.531625,0.784093153199803,0.0109714849945609
0.53175,0.784092863606551,0.0109714849945609
0.531875,0.784092614823407,0.0109714849945609
0.532,0.784092406991266,0.0108112747996782
0.532125,0.784092240243777,0.0108112747996782
0.53225,0.784092114707016,0.0108112747996782
0.532375,0.784092030499465,0.0108112747996782
0.5325,0.784091987731999,0.0108112747996782
0.532625,0.784091986507825,0.0108112747996782
0.53275,0.78409202692243,0.0108112747996782
0.532875,0.784092109063536,0.0108112747996782
0.533,0.784092233011052,0.0105516004204553
0.533125,0.784092398836937,0.0105516004204553
0.53325,0.784092606604739,0.0105516004204553
0.533375,0.78409285636965,0.0105516004204553
0.5335,0.784093148178545,0.0105516004204553
0.533625,0.784093482069971,0.0105516004204553
0.53375,0.784093858074123,0.0105516004204553
0.533875,0.784094276212838,0.0105516004204553
0.534,0.78409473649959,0.0101996839718166
0.534125,0.784095238939348,0.0101996839718166
0.53425,0.78409578352801,0.0101996839718166
0.534375,0.78409637025252,0.0101996839718166
0.5345,0.784096999090978,0.0101996839718166
0.534625,0.784097670012658,0.0101996839718166
0.53475,0.784098382978032,0.0101996839718166
0.534875,0.784099137938805,0.0101996839718166
0.535,0.784099934837939,0.00976430521748516
0.535125,0.784100773609536,0.00976430521748516
0.53525,0.784101654178157,0.00976430521748516
0.535375,0.784102576459023,0.00976430521748516
0.5355,0.784103540358175,0.00976430521748516
0.535625,0.78410454577254,0.00976430521748516
0.53575,0.784105592589997,0.00976430521748516
0.535875,0.784106680689446,0.00976430521748516
0.536,0.784107809940884,0.0107511182959866
0.536125,0.784108980205865,0.0107511182959866
0.53625,0.784110191339198,0.0107511182959866
0.536375,0.784111443188725,0.0107511182959866
0.5365,0.784112735595143,0.0107511182959866
0.536625,0.784114068392099,0.0107511182959866
0.53675,0.784115441406283,0.0107511182959866
0.536875,0.784116854457532,0.0107511182959866
0.537,0.784118307358929,0.010196801400045
0.537125,0.7841197999167,0.010196801400045
0.53725,0.784121331929413,0.010196801400045
0.537375,0.784122903188274,0.010196801400045
0.5375,0.784124513477392,0.010196801400045
0.537625,0.784126162573904,0.010196801400045
0.53775,0.784127850248101,0.010196801400045
0.537875,0.784129576263561,0.010196801400045
0.538,0.784131340377285,0.00959337976537027
0.538125,0.784133142339598,0.00959337976537027
0.53825,0.78413498189331,0.00959337976537027
0.538375,0.784136858774046,0.00959337976537027
0.5385,0.784138772710565,0.00959337976537027
0.538625,0.784140723424911,0.00959337976537027
0.53875,0.784142710632572,0.00959337976537027
0.538875,0.784144734042642,0.00959337976537027
0.539,0.784146793357986,0.00895082800012406
0.539125,0.78414888827516,0.00895082800012406
0.53925,0.784151018483533,0.00895082800012406
0.539375,0.784153183665663,0.00895082800012406
0.5395,0.784155383497652,0.00895082800012406
0.539625,0.784157617649329,0.00895082800012406
0.53975,0.784159885784435,0.00895082800012406
0.539875,0.784162187560817,0.00895082800012406
0.54,0.784164522630618,0.00827969675925109
0.540125,0.784166890640216,0.00827969675925109
0.54025,0.784169291229323,0.00827969675925109
0.540375,0.784171724031402,0.00827969675925109
0.5405,0.784174188674054,0.00827969675925109
0.540625,0.784176684779226,0.00827969675925109
0.54075,0.784179211963425,0.00827969675925109
0.540875,0.784181769837935,0.00827969675925109
0.541,0.784184358009035,0.00760662481995406
0.541125,0.784186976077959,0.00760662481995406
0.54125,0.784189623640017,0.00760662481995406
0.541375,0.784192300285039,0.00760662481995406
0.5415,0.784195005597782,0.00760662481995406
0.541625,0.784197739158164,0.00760662481995406
0.54175,0.7842005005415,0.00760662481995406
0.541875,0.784203289318739,0.00760662481995406
0.542,0.784206105056704,0.00691214039814459
0.542125,0.784208947318066,0.00691214039814459
0.54225,0.784211815660451,0.00691214039814459
0.542375,0.784214709636907,0.00691214039814459
0.5425,0.784217628796339,0.00691214039814459
0.542625,0.784220572683761,0.00691214039814459
0.54275,0.784223540840551,0.00691214039814459
0.542875,0.784226532804703,0.00691214039814459
0.543,0.784229548111087,0.00622284608447553
0.543125,0.784232586291443,0.00622284608447553
0.54325,0.784235646873505,0.00622284608447553
0.543375,0.78423872938149,0.00622284608447553
0.5435,0.784241833336543,0.00622284608447553
0.543625,0.784244958257001,0.00622284608447553
0.54375,0.784248103658663,0.00622284608447553
0.543875,0.784251269055059,0.00622284608447553
0.544,0.784254453957713,0.00554957402417134
0.544125,0.784257657876162,0.00554957402417134
0.54425,0.784260880317116,0.00554957402417134
0.544375,0.784264120784951,0.00554957402417134
0.5445,0.784267378782156,0.00554957402417134
0.544625,0.784270653809612,0.00554957402417134
0.54475,0.784273945366867,0.00554957402417134
0.544875,0.784277252952409,0.00554957402417134
0.545,0.784280576063944,0.0049024943875045
0.545125,0.784283914198421,0.0049024943875045
0.54525,0.78428726685125,0.0049024943875045
0.545375,0.784290633516783,0.0049024943875045
0.5455,0.784294013688764,0.0049024943875045
0.545625,0.784297406860606,0.0049024943875045
0.54575,0.784300812525672,0.0049024943875045
0.545875,0.784304230177548,0.0049024943875045
0.546,0.784307659310325,0.0026761972763811
0.546125,0.784311099418009,0.0026761972763811
0.54625,0.784314549991159,0.0026761972763811
0.546375,0.784318010517876,0.0026761972763811
0.5465,0.784321480484672,0.0026761972763811
0.546625,0.78432495937676,0.0026761972763811
0.54675,0.784328446678344,0.0026761972763811
0.546875,0.784331941872898,0.0026761972763811
0.547,0.784335444443454,0.00209213710901685
0.547125,0.784338953872666,0.00209213710901685
0.54725,0.784342469642137,0.00209213710901685
0.547375,0.78434599123289,0.00209213710901685
0.5475,0.784349518125812,0.00209213710901685
0.547625,0.784353049801938,0.00209213710901685
0.54775,0.784356585742743,0.00209213710901685
0.547875,0.784360125430422,0.00209213710901685
0.548,0.784363668348174,0.00155985189692858
0.548125,0.784367213980285,0.00155985189692858
0.54825,0.784370761811536,0.00155985189692858
0.548375,0.784374311327655,0.00155985189692858
0.5485,0.784377862015741,0.00155985189692858
0.548625,0.784381413364543,0.00155985189692858
0.54875,0.784384964864744,0.00155985189692858
0.548875,0.784388516009233,0.00155985189692858
0.549,0.784392066293387,0.0010887766610902
0.549125,0.784395615215159,0.0010887766610902
0.54925,0.784399162274584,0.0010887766610902
0.549375,0.784402706974197,0.0010887766610902
0.5495,0.784406248819428,0.0010887766610902
0.549625,0.784409787318874,0.0010887766610902
0.54975,0.784413321984563,0.0010887766610902
0.549875,0.784416852332216,0.0010887766610902
0.55,0.784420377881512,0.000686548447903782
0.550125,0.784423898156188,0.000686548447903782
0.55025,0.784427412683639,0.000686548447903782
0.550375,0.784430920995299,0.000686548447903782
0.5505,0.784434422627,0.000686548447903782
0.550625,0.78443791711922,0.000686548447903782
0.55075,0.78444140401733,0.000686548447903782
0.550875,0.784444882871836,0.000686548447903782
0.551,0.784448353238623,-0.0025427493222694
0.551125,0.784451814677938,-0.0025427493222694
0.55125,0.784455266749347,-0.0025427493222694
0.551375,0.784458709012995,-0.0025427493222694
0.5515,0.784462141030708,-0.0025427493222694
0.551625,0.784465562366237,-0.0025427493222694
0.55175,0.784468972585495,-0.0025427493222694
0.551875,0.784472371256802,-0.0025427493222694
0.552,0.78447575795112,-0.00282220644042085
0.552125,0.784479132242178,-0.00282220644042085
0.55225,0.784482493706255,-0.00282220644042085
0.552375,0.784485841922498,-0.00282220644042085
0.5525,0.784489176473226,-0.00282220644042085
0.552625,0.784492496944159,-0.00282220644042085
0.55275,0.784495802924648,-0.00282220644042085
0.552875,0.784499094007895,-0.00282220644042085
0.553,0.784502369791174,-0.00302100244962382
0.553125,0.784505629875979,-0.00302100244962382
0.55325,0.784508873867909,-0.00302100244962382
0.553375,0.784512101376945,-0.00302100244962382
0.5535,0.784515312017718,-0.00302100244962382
0.553625,0.784518505409713,-0.00302100244962382
0.55375,0.784521681177479,-0.00302100244962382
0.553875,0.784524838950824,-0.00302100244962382
0.554,0.784527978365022,-0.0031331331161259
0.554125,0.784531099060958,-0.0031331331161259
0.55425,0.78453420068514,-0.0031331331161259
0.554375,0.784537282889922,-0.0031331331161259
0.5545,0.78454034533372,-0.0031331331161259
0.554625,0.784543387681191,-0.0031331331161259
0.55475,0.784546409603415,-0.0031331331161259
0.554875,0.784549410778064,-0.0031331331161259
0.555,0.784552390889573,-0.003155107325192
0.555125,0.784555349629299,-0.003155107325192
0.55525,0.784558286695646,-0.003155107325192
0.555375,0.784561201794229,-0.003155107325192
0.5555,0.78456409463803,-0.003155107325192
0.555625,0.784566964947552,-0.003155107325192
0.55575,0.784569812450961,-0.003155107325192
0.555875,0.784572636884223,-0.003155107325192
0.556,0.784575437991244,-0.00658150841164662
0.556125,0.784578215522676,-0.00658150841164662
0.55625,0.784580969230438,-0.00658150841164662
0.556375,0.784583698868938,-0.00658150841164662
0.5565,0.784586404196112,-0.00658150841164662
0.556625,0.784589084973565,-0.00658150841164662
0.55675,0.784591740966697,-0.00658150841164662
0.556875,0.784594371944838,-0.00658150841164662
0.557,0.784596977681369,-0.00645947726064445
0.557125,0.784599557953898,-0.00645947726064445
0.55725,0.784602112544582,-0.00645947726064445
0.557375,0.784604641240201,-0.00645947726064445
0.5575,0.784607143832248,-0.00645947726064445
0.557625,0.784609620117043,-0.00645947726064445
0.55775,0.784612069895834,-0.00645947726064445
0.557875,0.784614492974916,-0.00645947726064445
0.558,0.784616889165725,-0.00625144923980911
0.558125,0.784619258285029,-0.00625144923980911
0.55825,0.784621600155356,-0.00625144923980911
0.558375,0.784623914605032,-0.00625144923980911
0.5585,0.784626201468211,-0.00625144923980911
0.558625,0.784628460584961,-0.00625144923980911
0.55875,0.784630691801353,-0.00625144923980911
0.558875,0.784632894969535,-0.00625144923980911
0.559,0.784635069947814,-0.00595606325090354
0.559125,0.78463721660084,-0.00595606325090354
0.55925,0.784639334800158,-0.00595606325090354
0.559375,0.784641424424183,-0.00595606325090354
0.5595,0.784643485358177,-0.00595606325090354
0.559625,0.784645517494311,-0.00595606325090354
0.55975,0.784647520731713,-0.00595606325090354
0.559875,0.784649494976518,-0.00595606325090354
0.56,0.784651440141915,-0.00557457235561689
0.560125,0.784653356148333,-0.00557457235561689
0.56025,0.784655242924099,-0.00557457235561689
0.560375,0.784657100405355,-0.00557457235561689
0.5605,0.784658928535975,-0.00557457235561689
0.560625,0.784660727267596,-0.00557457235561689
0.56075,0.784662496559627,-0.00557457235561689
0.560875,0.784664236379268,-0.00557457235561689
0.561,0.784665946701518,-0.00841165689167248
0.561125,0.784667627508084,-0.00841165689167248
0.56125,0.784669278782741,-0.00841165689167248
0.561375,0.784670900512239,-0.00841165689167248
0.5615,0.784672492687059,-0.00841165689167248
0.561625,0.784674055301427,-0.00841165689167248
0.56175,0.784675588353309,-0.00841165689167248
0.561875,0.78467709184442,-0.00841165689167248
0.562,0.784678565780221,-0.00790667495879662
0.562125,0.784680010170114,-0.00790667495879662
0.56225,0.784681425028258,-0.00790667495879662
0.562375,0.784682810373407,-0.00790667495879662
0.5625,0.784684166228765,-0.00790667495879662
0.562625,0.784685492621965,-0.00790667495879662
0.56275,0.784686789585062,-0.00790667495879662
0.562875,0.784688057154507,-0.00790667495879662
0.563,0.78468929537113,-0.00733390504443772
0.563125,0.784690504280336,-0.00733390504443772
0.56325,0.784691683933018,-0.00733390504443772
0.563375,0.784692834385341,-0.00733390504443772
0.5635,0.784693955698561,-0.00733390504443772
0.563625,0.784695047938987,-0.00733390504443772
0.56375,0.784696111177938,-0.00733390504443772
0.563875,0.784697145491707,-0.00733390504443772
0.564,0.784698150961511,-0.00669655959741328
0.564125,0.784699127673693,-0.00669655959741328
0.56425,0.784700075720711,-0.00669655959741328
0.564375,0.784700995200887,-0.00669655959741328
0.5645,0.78470188621817,-0.00669655959741328
0.564625,0.784702748882084,-0.00669655959741328
0.56475,0.784703583307655,-0.00669655959741328
0.564875,0.784704389615349,-0.00669655959741328
0.565,0.784705167930996,-0.00599994713968083
0.565125,0.784705918385991,-0.00599994713968083
0.56525,0.784706641118352,-0.00599994713968083
0.565375,0.784707336272419,-0.00599994713968083
0.5655,0.784708003998585,-0.00599994713968083
0.565625,0.784708644453206,-0.00599994713968083
0.56575,0.784709257798507,-0.00599994713968083
0.565875,0.784709844202491,-0.00599994713968083
0.566,0.784710403838833,-0.00772806201408045
0.566125,0.784710936886122,-0.00772806201408045
0.56625,0.784711443524922,-0.00772806201408045
0.566375,0.784711923938221,-0.00772806201408045
0.5665,0.784712378311792,-0.00772806201408045
0.566625,0.784712806834089,-0.00772806201408045
0.56675,0.784713209696146,-0.00772806201408045
0.566875,0.784713587091472,-0.00772806201408045
0.567,0.784713939215948,-0.006962913905715
0.567125,0.784714266268017,-0.006962913905715
0.56725,0.784714568449822,-0.006962913905715
0.567375,0.784714845966864,-0.006962913905715
0.5675,0.784715099027674,-0.006962913905715
0.567625,0.784715327843706,-0.006962913905715
0.56775,0.784715532629218,-0.006962913905715
0.567875,0.784715713601153,-0.006962913905715
0.568,0.784715870979024,-0.00616545495126628
0.568125,0.784716004985096,-0.00616545495126628
0.56825,0.784716115845573,-0.00616545495126628
0.568375,0.784716203790219,-0.00616545495126628
0.5685,0.784716269052019,-0.00616545495126628
0.568625,0.784716311867049,-0.00616545495126628
0.56875,0.784716332474345,-0.00616545495126628
0.568875,0.784716331115769,-0.00616545495126628
0.569,0.784716308035878,-0.00534204052189334
0.569125,0.784716263482105,-0.00534204052189334
0.56925,0.784716197705969,-0.00534204052189334
0.569375,0.784716110962677,-0.00534204052189334
0.5695,0.784716003510757,-0.00534204052189334
0.569625,0.78471587561192,-0.00534204052189334
0.56975,0.784715727530908,-0.00534204052189334
0.569875,0.784715559535349,-0.00534204052189334
0.57,0.784715371895609,-0.00450017296992256
0.570125,0.784715164884963,-0.00450017296992256
0.57025,0.784714938780825,-0.00450017296992256
0.570375,0.784714693864322,-0.00450017296992256
0.5705,0.784714430419917,-0.00450017296992256
0.570625,0.784714148735243,-0.00450017296992256
0.57075,0.784713849100948,-0.00450017296992256
0.570875,0.784713531810526,-0.00450017296992256
0.571,0.784713197160159,-0.00499187952885715
0.571125,0.784712845448358,-0.00499187952885715
0.57125,0.784712476974994,-0.00499187952885715
0.571375,0.784712092041288,-0.00499187952885715
0.5715,0.784711690949776,-0.00499187952885715
0.571625,0.784711274004146,-0.00499187952885715
0.57175,0.784710841509064,-0.00499187952885715
0.571875,0.78471039377002,-0.00499187952885715
0.572,0.784709931093149,-0.00415391993348096
0.572125,0.784709453785397,-0.00415391993348096
0.57225,0.78470896215572,-0.00415391993348096
0.572375,0.784708456514651,-0.00415391993348096
0.5725,0.784707937173908,-0.00415391993348096
0.572625,0.784707404446221,-0.00415391993348096
0.57275,0.784706858645159,-0.00415391993348096
0.572875,0.784706300084962,-0.00415391993348096
0.573,0.784705729080367,-0.00332533298324004
0.573125,0.784705145946754,-0.00332533298324004
0.57325,0.784704551001335,-0.00332533298324004
0.573375,0.784703944562711,-0.00332533298324004
0.5735,0.784703326950482,-0.00332533298324004
0.573625,0.784702698485066,-0.00332533298324004
0.57375,0.784702059487526,-0.00332533298324004
0.573875,0.784701410279393,-0.00332533298324004
0.574,0.784700751182488,-0.0025132570062852
0.574125,0.784700082519063,-0.0025132570062852
0.57425,0.784699404612948,-0.0025132570062852
0.574375,0.78469871778912,-0.0025132570062852
0.5745,0.784698022373308,-0.0025132570062852
0.574625,0.78469731869181,-0.0025132570062852
0.57475,0.784696607071315,-0.0025132570062852
0.574875,0.784695887838722,-0.0025132570062852
0.575,0.784695161320965,-0.00172491255446981
0.575125,0.784694427845132,-0.00172491255446981
0.57525,0.784693687739578,-0.00172491255446981
0.575375,0.784692941333496,-0.00172491255446981
0.5755,0.784692188956524,-0.00172491255446981
0.575625,0.784691430938564,-0.00172491255446981
0.57575,0.784690667609597,-0.00172491255446981
0.575875,0.784689899299506,-0.00172491255446981
0.576,0.784689126337891,-0.00122272580678403
0.576125,0.784688349054083,-0.00122272580678403
0.57625,0.784687567777788,-0.00122272580678403
0.576375,0.784686782838741,-0.00122272580678403
0.5765,0.784685994566397,-0.00122272580678403
0.576625,0.784685203289745,-0.00122272580678403
0.57675,0.784684409337132,-0.00122272580678403
0.576875,0.784683613036081,-0.00122272580678403
0.577,0.784682814713109,-0.000506189560015191
0.577125,0.784682014693831,-0.000506189560015191
0.57725,0.784681213303952,-0.000506189560015191
0.577375,0.784680410868859,-0.000506189560015191
0.5775,0.784679607713256,-0.000506189560015191
0.577625,0.784678804160984,-0.000506189560015191
0.57775,0.784678000534844,-0.000506189560015191
0.577875,0.784677197156417,-0.000506189560015191
0.578,0.784676394345893,0.000165623011975039
0.578125,0.784675592422153,0.000165623011975039
0.57825,0.784674791703695,0.000165623011975039
0.578375,0.784673992508248,0.000165623011975039
0.5785,0.784673195152414,0.000165623011975039
0.578625,0.784672399951504,0.000165623011975039
0.57875,0.784671607219354,0.000165623011975039
0.578875,0.784670817268164,0.000165623011975039
0.579,0.78467003040832,0.000787267103246204
0.579125,0.784669246948468,0.000787267103246204
0.57925,0.784668467196363,0.000787267103246204
0.579375,0.784667691458504,0.000787267103246204
0.5795,0.784666920039801,0.000787267103246204
0.579625,0.784666153243409,0.000787267103246204
0.57975,0.78466539137056,0.000787267103246204
0.579875,0.784664634720399,0.000787267103246204
0.58,0.784663883589825,0.00135406688210342
0.580125,0.784663138273545,0.00135406688210342
0.58025,0.784662399064842,0.00135406688210342
0.580375,0.784661666255235,0.00135406688210342
0.5805,0.784660940134172,0.00135406688210342
0.580625,0.78466022098887,0.00135406688210342
0.58075,0.784659509104158,0.00135406688210342
0.580875,0.784658804762325,0.00135406688210342
0.581,0.784658108242963,0.00236745370895399
0.581125,0.78465741982321,0.00236745370895399
0.58125,0.784656739779258,0.00236745370895399
0.581375,0.784656068385877,0.00236745370895399
0.5815,0.784655405916,0.00236745370895399
0.581625,0.78465475264057,0.00236745370895399
0.58175,0.784654108828391,0.00236745370895399
0.581875,0.784653474745983,0.00236745370895399
0.582,0.784652850657435,0.00281906499522836
0.582125,0.784652236824432,0.00281906499522836
0.58225,0.784651633506859,0.00281906499522836
0.582375,0.784651040962506,0.00281906499522836
0.5825,0.784650459446817,0.00281906499522836
0.582625,0.784649889212741,0.00281906499522836
0.58275,0.7846493305106,0.00281906499522836
0.582875,0.784648783587949,0.00281906499522836
0.583,0.784648248689446,0.00320689745005103
0.583125,0.784647726056861,0.00320689745005103
0.58325,0.784647215929586,0.00320689745005103
0.583375,0.784646718544382,0.00320689745005103
0.5835,0.784646234135142,0.00320689745005103
0.583625,0.784645762932768,0.00320689745005103
0.58375,0.784645305165043,0.00320689745005103
0.583875,0.784644861056513,0.00320689745005103
0.584,0.784644430828356,0.00352894594223551
0.584125,0.784644014698396,0.00352894594223551
0.58425,0.784643612881509,0.00352894594223551
0.584375,0.784643225589405,0.00352894594223551
0.5845,0.784642853030427,0.00352894594223551
0.584625,0.784642495409442,0.00352894594223551
0.58475,0.784642152927728,0.00352894594223551
0.584875,0.784641825782864,0.00352894594223551
0.585,0.78464151416863,0.00378438068868396
0.585125,0.784641218274997,0.00378438068868396
0.58525,0.784640938288446,0.00378438068868396
0.585375,0.784640674391787,0.00378438068868396
0.5855,0.784640426763991,0.00378438068868396
0.585625,0.7846401955801,0.00378438068868396
0.58575,0.784639981011128,0.00378438068868396
0.585875,0.784639783223976,0.00378438068868396
0.586,0.784639602381337,0.00475558569484681
0.586125,0.784639438641993,0.00475558569484681
0.58625,0.784639292162311,0.00475558569484681
0.586375,0.78463916309586,0.00475558569484681
0.5865,0.784639051593065,0.00475558569484681
0.586625,0.784638957801125,0.00475558569484681
0.58675,0.784638881863936,0.00475558569484681
0.586875,0.784638823922012,0.00475558569484681
0.587,0.784638784112405,0.00488813868442502
0.587125,0.784638762568689,0.00488813868442502
0.58725,0.784638759421102,0.00488813868442502
0.587375,0.784638774796433,0.00488813868442502
0.5875,0.784638808817921,0.00488813868442502
0.587625,0.784638861605186,0.00488813868442502
0.58775,0.784638933274169,0.00488813868442502
0.587875,0.784639023937066,0.00488813868442502
0.588,0.784639133702273,0.00495839131372343
0.588125,0.784639262674352,0.00495839131372343
0.58825,0.784639410954091,0.00495839131372343
0.588375,0.784639578638432,0.00495839131372343
0.5885,0.784639765820399,0.00495839131372343
0.588625,0.784639972589047,0.00495839131372343
0.58875,0.784640199029422,0.00495839131372343
0.588875,0.784640445222512,0.00495839131372343
0.589,0.784640711245206,0.00496827657763546
0.589125,0.784640997170259,0.00496827657763546
0.58925,0.784641303066273,0.00496827657763546
0.589375,0.784641628997655,0.00496827657763546
0.5895,0.784641975024586,0.00496827657763546
0.589625,0.784642341202991,0.00496827657763546
0.58975,0.784642727584508,0.00496827657763546
0.589875,0.784643134216467,0.00496827657763546
0.59,0.784643561141866,0.00492079575185407
0.590125,0.784644008399331,0.00492079575185407
0.59025,0.784644476023025,0.00492079575185407
0.590375,0.784644964042642,0.00492079575185407
0.5905,0.784645472483412,0.00492079575185407
0.590625,0.78464600136609,0.00492079575185407
0.59075,0.784646550706946,0.00492079575185407
0.590875,0.784647120517765,0.00492079575185407
0.591,0.784647710805839,0.00537930216080599
0.591125,0.784648321574147,0.00537930216080599
0.59125,0.784648952822108,0.00537930216080599
0.591375,0.784649604545438,0.00537930216080599
0.5915,0.784650276736032,0.00537930216080599
0.591625,0.784650969381975,0.00537930216080599
0.59175,0.784651682467546,0.00537930216080599
0.591875,0.784652415973233,0.00537930216080599
0.592,0.784653169875744,0.00523598079894265
0.592125,0.784653944147968,0.00523598079894265
0.59225,0.784654738758757,0.00523598079894265
0.592375,0.784655553672995,0.00523598079894265
0.5925,0.784656388851651,0.00523598079894265
0.592625,0.784657244251811,0.00523598079894265
0.59275,0.7846581198267,0.00523598079894265
0.592875,0.784659015525713,0.00523598079894265
0.593,0.784659931294444,0.00504992646364969
0.593125,0.784660867074646,0.00504992646364969
0.59325,0.784661822803967,0.00504992646364969
0.593375,0.784662798416039,0.00504992646364969
0.5935,0.784663793840572,0.00504992646364969
0.593625,0.784664809003395,0.00504992646364969
0.59375,0.784665843826498,0.00504992646364969
0.593875,0.784666898228083,0.00504992646364969
0.594,0.784667972122606,0.00482624801874121
0.594125,0.784669065420746,0.00482624801874121
0.59425,0.784670178029086,0.00482624801874121
0.594375,0.784671309850245,0.00482624801874121
0.5945,0.784672460782989,0.00482624801874121
0.594625,0.784673630722292,0.00482624801874121
0.59475,0.7846748195594,0.00482624801874121
0.594875,0.78467602718189,0.00482624801874121
0.595,0.784677253473736,0.0045705954974395
0.595125,0.784678498315279,0.0045705954974395
0.59525,0.784679761582878,0.0045705954974395
0.595375,0.784681043149059,0.0045705954974395
0.5955,0.784682342882662,0.0045705954974395
0.595625,0.78468366064891,0.0045705954974395
0.59575,0.784684996309494,0.0045705954974395
0.595875,0.784686349722645,0.0045705954974395
0.596,0.784687720743223,0.00423794215996929
0.596125,0.784689109222665,0.00423794215996929
0.59625,0.784690515008529,0.00423794215996929
0.596375,0.784691937944686,0.00423794215996929
0.5965,0.784693377871497,0.00423794215996929
0.596625,0.784694834625907,0.00423794215996929
0.59675,0.784696308041536,0.00423794215996929
0.596875,0.784697797948775,0.00423794215996929
0.597,0.784699304174882,0.00393658335252796
0.597125,0.784700826543963,0.00393658335252796
0.59725,0.784702364876581,0.00393658335252796
0.597375,0.784703918989954,0.00393658335252796
0.5975,0.784705488698133,0.00393658335252796
0.597625,0.784707073812117,0.00393658335252796
0.59775,0.784708674139954,0.00393658335252796
0.597875,0.784710289486849,0.00393658335252796
0.598,0.784711919655279,0.0036224816132298
0.598125,0.78471356444498,0.0036224816132298
0.59825,0.784715223652546,0.0036224816132298
0.598375,0.784716897071644,0.0036224816132298
0.5985,0.784718584493215,0.0036224816132298
0.598625,0.784720285705588,0.0036224816132298
0.59875,0.784722000494607,0.0036224816132298
0.598875,0.784723728643742,0.0036224816132298
0.599,0.784725469934218,0.00330231097318581
0.599125,0.784727224145012,0.00330231097318581
0.59925,0.78472899105245,0.00330231097318581
0.599375,0.784730770430438,0.00330231097318581
0.5995,0.784732562050671,0.00330231097318581
0.599625,0.784734365682764,0.00330231097318581
0.59975,0.784736181094376,0.00330231097318581
0.599875,0.784738008051347,0.00330231097318581
0.6,0.784739846317823,0.0029825423438941
0.600125,0.784741695656264,0.0029825423438941
0.60025,0.784743555827057,0.0029825423438941
0.600375,0.784745426588748,0.0029825423438941
0.6005,0.784747307698262,0.0029825423438941
0.600625,0.784749198911037,0.0029825423438941
0.60075,0.784751099981164,0.0029825423438941
0.600875,0.784753010661519,0.0029825423438941
0.601,0.784754930703904,0.00182698413370474
0.601125,0.784756859858736,0.00182698413370474
0.60125,0.784758797873294,0.00182698413370474
0.601375,0.78476074449223,0.00182698413370474
0.6015,0.784762699458016,0.00182698413370474
0.601625,0.784764662511095,0.00182698413370474
0.60175,0.78476663339002,0.00182698413370474
0.601875,0.784768611831609,0.00182698413370474
0.602,0.784770597571088,0.00151747250650588
0.602125,0.784772590342122,0.00151747250650588
0.60225,0.784774589876456,0.00151747250650588
0.602375,0.784776595904166,0.00151747250650588
0.6025,0.784778608153892,0.00151747250650588
0.602625,0.784780626352987,0.00151747250650588
0.60275,0.784782650227676,0.00151747250650588
0.602875,0.784784679503202,0.00151747250650588
0.603,0.784786713903985,0.00122576119950137
0.603125,0.784788753153658,0.00122576119950137
0.60325,0.784790796974747,0.00122576119950137
0.603375,0.784792845088915,0.00122576119950137
0.6035,0.784794897217198,0.00122576119950137
0.603625,0.784796953080156,0.00122576119950137
0.60375,0.78479901239803,0.00122576119950137
0.603875,0.784801074890898,0.00122576119950137
0.604,0.784803140278827,0.000958229836728589
0.604125,0.784805208281929,0.000958229836728589
0.60425,0.784807278620072,0.000958229836728589
0.604375,0.784809351013122,0.000958229836728589
0.6045,0.784811425181172,0.000958229836728589
0.604625,0.784813500844687,0.000958229836728589
0.60475,0.78481557772467,0.000958229836728589
0.604875,0.784817655542805,0.000958229836728589
0.605,0.784819734021613,0.000720331491239706
0.605125,0.784821812884516,0.000720331491239706
0.60525,0.784823891855592,0.000720331491239706
0.605375,0.784825970659806,0.000720331491239706
0.6055,0.784828049023222,0.000720331491239706
0.605625,0.784830126673153,0.000720331491239706
0.60575,0.784832203338308,0.000720331491239706
0.605875,0.784834278748942,0.000720331491239706
0.606,0.784836352637,-0.0010484727008937
0.606125,0.784838424735582,-0.0010484727008937
0.60625,0.784840494776195,-0.0010484727008937
0.606375,0.784842562489455,-0.0010484727008937
0.6065,0.784844627605717,-0.0010484727008937
0.606625,0.78484668985522,-0.0010484727008937
0.60675,0.78484874896824,-0.0010484727008937
0.606875,0.784850804675243,-0.0010484727008937
0.607,0.78485285670703,-0.00123107542276672
0.607125,0.784854904794823,-0.00123107542276672
0.60725,0.784856948670111,-0.00123107542276672
0.607375,0.78485898806486,-0.00123107542276672
0.6075,0.784861022711706,-0.00123107542276672
0.607625,0.784863052344112,-0.00123107542276672
0.60775,0.784865076696506,-0.00123107542276672
0.607875,0.784867095504435,-0.00123107542276672
0.608,0.784869108504707,-0.00137361950338747
0.608125,0.784871115435485,-0.00137361950338747
0.60825,0.784873116036191,-0.00137361950338747
0.608375,0.784875110047704,-0.00137361950338747
0.6085,0.78487709721253,-0.00137361950338747
0.608625,0.784879077274953,-0.00137361950338747
0.60875,0.784881049981168,-0.00137361950338747
0.608875,0.784883015079422,-0.00137361950338747
0.609,0.784884972320152,-0.00147157932442146
0.609125,0.784886921456084,-0.00147157932442146
0.60925,0.784888862242204,-0.00147157932442146
0.609375,0.784890794435925,-0.00147157932442146
0.6095,0.784892717797242,-0.00147157932442146
0.609625,0.784894632088865,-0.00147157932442146
0.60975,0.784896537076343,-0.00147157932442146
0.609875,0.784898432528196,-0.00147157932442146
0.61,0.784900318216034,-0.00152185370929865
0.610125,0.784902193914663,-0.00152185370929865
0.61025,0.784904059402121,-0.00152185370929865
0.610375,0.784905914459818,-0.00152185370929865
0.6105,0.784907758872659,-0.00152185370929865
0.610625,0.784909592429161,-0.00152185370929865
0.61075,0.784911414921569,-0.00152185370929865
0.610875,0.784913226145958,-0.00152185370929865
0.611,0.78491502590235,-0.00352025580401147
0.611125,0.784916813994039,-0.00352025580401147
0.61125,0.784918590224435,-0.00352025580401147
0.611375,0.784920354397793,-0.00352025580401147
0.6115,0.784922106319864,-0.00352025580401147
0.611625,0.784923845797995,-0.00352025580401147
0.61175,0.78492557264124,-0.00352025580401147
0.611875,0.784927286660466,-0.00352025580401147
0.612,0.784928987668458,-0.00349257698873512
0.612125,0.784930675480031,-0.00349257698873512
0.61225,0.784932349912182,-0.00349257698873512
0.612375,0.784934010784178,-0.00349257698873512
0.6125,0.784935657917652,-0.00349257698873512
0.612625,0.784937291136695,-0.00349257698873512
0.61275,0.78493891026796,-0.00349257698873512
0.612875,0.78494051514075,-0.00349257698873512
0.613,0.784942105587117,-0.00341631631598083
0.613125,0.784943681441976,-0.00341631631598083
0.61325,0.784945242543327,-0.00341631631598083
0.613375,0.784946788732311,-0.00341631631598083
0.6135,0.784948319853283,-0.00341631631598083
0.613625,0.784949835753889,-0.00341631631598083
0.61375,0.78495133628515,-0.00341631631598083
0.613875,0.784952821301545,-0.00341631631598083
0.614,0.784954290661082,-0.0032896981630049
0.614125,0.784955744225429,-0.0032896981630049
0.61425,0.784957181860189,-0.0032896981630049
0.614375,0.784958603434934,-0.0032896981630049
0.6145,0.784960008823238,-0.0032896981630049
0.614625,0.784961397902744,-0.0032896981630049
0.61475,0.784962770555226,-0.0032896981630049
0.614875,0.784964126666651,-0.0032896981630049
0.615,0.784965466127237,-0.00311252031041494
0.615125,0.784966788831579,-0.00311252031041494
0.61525,0.784968094678991,-0.00311252031041494
0.615375,0.784969383573499,-0.00311252031041494
0.6155,0.784970655423845,-0.00311252031041494
0.615625,0.784971910143529,-0.00311252031041494
0.61575,0.784973147650853,-0.00311252031041494
0.615875,0.784974367868958,-0.00311252031041494
0.616,0.784975570725864,-0.00490105305386859
0.616125,0.784976756153809,-0.00490105305386859
0.61625,0.784977924086362,-0.00490105305386859
0.616375,0.784979074459017,-0.00490105305386859
0.6165,0.784980207209705,-0.00490105305386859
0.616625,0.784981322278831,-0.00490105305386859
0.61675,0.784982419609308,-0.00490105305386859
0.616875,0.784983499146581,-0.00490105305386859
0.617,0.784984560838669,-0.00464951982550266
0.617125,0.784985604636278,-0.00464951982550266
0.61725,0.784986630493249,-0.00464951982550266
0.617375,0.7849876383665,-0.00464951982550266
0.6175,0.78498862821598,-0.00464951982550266
0.617625,0.784989600004693,-0.00464951982550266
0.61775,0.784990553698715,-0.00464951982550266
0.617875,0.784991489267212,-0.00464951982550266
0.618,0.784992406682456,-0.00435566778171552
0.618125,0.784993305919953,-0.00435566778171552
0.61825,0.784994186958934,-0.00435566778171552
0.618375,0.784995049782274,-0.00435566778171552
0.6185,0.784995894376415,-0.00435566778171552
0.618625,0.784996720731381,-0.00435566778171552
0.61875,0.78499752884077,-0.00435566778171552
0.618875,0.784998318701763,-0.00435566778171552
0.619,0.78499909031512,-0.00402055453146447
0.619125,0.784999843685304,-0.00402055453146447
0.61925,0.785000578821027,-0.00402055453146447
0.619375,0.785001295735138,-0.00402055453146447
0.6195,0.785001994444516,-0.00402055453146447
0.619625,0.785002674970063,-0.00402055453146447
0.61975,0.785003337336687,-0.00402055453146447
0.619875,0.785003981573283,-0.00402055453146447
0.62,0.785004607712715,-0.0036465922535967
0.620125,0.785005215791937,-0.0036465922535967
0.62025,0.785005805852584,-0.0036465922535967
0.620375,0.78500637794082,-0.0036465922535967
0.6205,0.785006932107213,-0.0036465922535967
0.620625,0.785007468406702,-0.0036465922535967
0.62075,0.785007986898558,-0.0036465922535967
0.620875,0.785008487646353,-0.0036465922535967
0.621,0.785008970717912,-0.00486648098338121
0.621125,0.785009436184807,-0.00486648098338121
0.62125,0.785009884120315,-0.00486648098338121
0.621375,0.78501031459976,-0.00486648098338121
0.6215,0.785010727700798,-0.00486648098338121
0.621625,0.785011123503372,-0.00486648098338121
0.62175,0.78501150208967,-0.00486648098338121
0.621875,0.785011863544078,-0.00486648098338121
0.622,0.785012207953132,-0.00444440767118147
0.622125,0.785012535405639,-0.00444440767118147
0.62225,0.785012845993312,-0.00444440767118147
0.622375,0.785013139810589,-0.00444440767118147
0.6225,0.785013416954468,-0.00444440767118147
0.622625,0.785013677524451,-0.00444440767118147
0.62275,0.785013921622487,-0.00444440767118147
0.622875,0.78501414935292,-0.00444440767118147
0.623,0.785014360822426,-0.00399797491397195
0.623125,0.785014556140126,-0.00399797491397195
0.62325,0.785014735418259,-0.00399797491397195
0.623375,0.785014898771973,-0.00399797491397195
0.6235,0.785015046319145,-0.00399797491397195
0.623625,0.785015178180313,-0.00399797491397195
0.62375,0.785015294478606,-0.00399797491397195
0.623875,0.785015395339675,-0.00399797491397195
0.624,0.785015480891626,-0.00353039098082019
0.624125,0.785015551265124,-0.00353039098082019
0.62425,0.785015606594084,-0.00353039098082019
0.624375,0.785015647015454,-0.00353039098082019
0.6245,0.785015672669003,-0.00353039098082019
0.624625,0.78501568369725,-0.00353039098082019
0.62475,0.785015680245377,-0.00353039098082019
0.624875,0.785015662461151,-0.00353039098082019
0.625,0.785015630494837,-0.00304571583675002
0.625125,0.785015584499303,-0.00304571583675002
0.62525,0.785015524630724,-0.00304571583675002
0.625375,0.785015451048343,-0.00304571583675002
0.6255,0.785015363914249,-0.00304571583675002
0.625625,0.785015263393284,-0.00304571583675002
0.62575,0.785015149652951,-0.00304571583675002
0.625875,0.785015022863319,-0.00304571583675002
0.626,0.785014883196926,-0.00352754012515189
0.626125,0.785014730828494,-0.00352754012515189
0.62625,0.785014565934045,-0.00352754012515189
0.626375,0.785014388690955,-0.00352754012515189
0.6265,0.785014199277982,-0.00352754012515189
0.626625,0.785013997875168,-0.00352754012515189
0.62675,0.785013784663744,-0.00352754012515189
0.626875,0.785013559826024,-0.00352754012515189
0.627,0.78501332354531,-0.00303433324675446
0.627125,0.78501307600598,-0.00303433324675446
0.62725,0.785012817394192,-0.00303433324675446
0.627375,0.785012547897632,-0.00303433324675446
0.6275,0.785012267705271,-0.00303433324675446
0.627625,0.785011977007265,-0.00303433324675446
0.62775,0.785011675994851,-0.00303433324675446
0.627875,0.785011364860237,-0.00303433324675446
0.628,0.785011043796502,-0.00254039805040988
0.628125,0.785010712997676,-0.00254039805040988
0.62825,0.785010372659445,-0.00254039805040988
0.628375,0.785010022978883,-0.00254039805040988
0.6285,0.785009664154217,-0.00254039805040988
0.628625,0.785009296384709,-0.00254039805040988
0.62875,0.785008919870555,-0.00254039805040988
0.628875,0.785008534812768,-0.00254039805040988
0.629,0.785008141413069,-0.00204986480814476
0.629125,0.785007739873967,-0.00204986480814476
0.62925,0.785007330399449,-0.00204986480814476
0.629375,0.78500691319471,-0.00204986480814476
0.6295,0.785006488465912,-0.00204986480814476
0.629625,0.785006056420069,-0.00204986480814476
0.62975,0.78500561726493,-0.00204986480814476
0.629875,0.785005171208868,-0.00204986480814476
0.63,0.785004718460762,-0.00156708815814646
0.630125,0.785004259230068,-0.00156708815814646
0.63025,0.785003793727498,-0.00156708815814646
0.630375,0.785003322164745,-0.00156708815814646
0.6305,0.785002844754242,-0.00156708815814646
0.630625,0.78500236170904,-0.00156708815814646
0.63075,0.785001873242693,-0.00156708815814646
0.630875,0.78500137956914,-0.00156708815814646
0.631,0.785000880902585,-0.00137225315771127
0.631125,0.785000377457456,-0.00137225315771127
0.63125,0.784999869448604,-0.00137225315771127
0.631375,0.784999357091126,-0.00137225315771127
0.6315,0.784998840600192,-0.00137225315771127
0.631625,0.78499832019093,-0.00137225315771127
0.63175,0.784997796078304,-0.00137225315771127
0.631875,0.784997268476998,-0.00137225315771127
0.632,0.7849967376013,-0.000921651308727497
0.632125,0.784996203665158,-0.000921651308727497
0.63225,0.7849956668828,-0.000921651308727497
0.632375,0.784995127468474,-0.000921651308727497
0.6325,0.784994585636211,-0.000921651308727497
0.632625,0.784994041599708,-0.000921651308727497
0.63275,0.784993495572211,-0.000921651308727497
0.632875,0.784992947766396,-0.000921651308727497
0.633,0.784992398394256,-0.00049246447929726
0.633125,0.784991847667148,-0.00049246447929726
0.63325,0.784991295796385,-0.00049246447929726
0.633375,0.784990742992978,-0.00049246447929726
0.6335,0.784990189467411,-0.00049246447929726
0.633625,0.784989635429525,-0.00049246447929726
0.63375,0.784989081088402,-0.00049246447929726
0.633875,0.78498852665225,-0.00049246447929726
0.634,0.784987972328294,-8.83275565521664e-05
0.634125,0.784987418322812,-8.83275565521664e-05
0.63425,0.784986864841692,-8.83275565521664e-05
0.634375,0.784986312090187,-8.83275565521664e-05
0.6345,0.784985760272695,-8.83275565521664e-05
0.634625,0.784985209592649,-8.83275565521664e-05
0.63475,0.784984660252408,-8.83275565521664e-05
0.634875,0.78498411245314,-8.83275565521664e-05
0.635,0.784983566394722,0.000287464330501645
0.635125,0.784983022275768,0.000287464330501645
0.63525,0.784982480294142,0.000287464330501645
0.635375,0.784981940646728,0.000287464330501645
0.6355,0.784981403529226,0.000287464330501645
0.635625,0.784980869136041,0.000287464330501645
0.63575,0.784980337660182,0.000287464330501645
0.635875,0.784979809293154,0.000287464330501645
0.636,0.784979284224855,0.000904797915277037
0.636125,0.784978762643714,0.000904797915277037
0.63625,0.784978244737594,0.000904797915277037
0.636375,0.784977730693499,0.000904797915277037
0.6365,0.784977220697307,0.000904797915277037
0.636625,0.784976714933664,0.000904797915277037
0.63675,0.784976213585888,0.000904797915277037
0.636875,0.784975716835867,0.000904797915277037
0.637,0.78497522486396,0.00121835753226799
0.637125,0.784974737849017,0.00121835753226799
0.63725,0.784974255968803,0.00121835753226799
0.637375,0.784973779399791,0.00121835753226799
0.6375,0.784973308316992,0.00121835753226799
0.637625,0.784972842893854,0.00121835753226799
0.63775,0.78497238330217,0.00121835753226799
0.637875,0.784971929711982,0.00121835753226799
0.638,0.784971482291492,0.00149612987350227
0.638125,0.784971041207077,0.00149612987350227
0.63825,0.784970606623653,0.00149612987350227
0.638375,0.784970178704498,0.00149612987350227
0.6385,0.78496975761109,0.00149612987350227
0.638625,0.784969343503018,0.00149612987350227
0.63875,0.7849689365379,0.00149612987350227
0.638875,0.78496853687129,0.00149612987350227
0.639,0.784968144656602,0.00173616421163836
0.639125,0.784967760045118,0.00173616421163836
0.63925,0.784967383186295,0.00173616421163836
0.639375,0.784967014227614,0.00173616421163836
0.6395,0.784966653314436,0.00173616421163836
0.639625,0.784966300589921,0.00173616421163836
0.63975,0.784965956194954,0.00173616421163836
0.639875,0.784965620268067,0.00173616421163836
0.64,0.784965292945367,0.00193719178291892
0.640125,0.784964974360541,0.00193719178291892
0.64025,0.784964664645113,0.00193719178291892
0.640375,0.784964363928308,0.00193719178291892
0.6405,0.784964072336936,0.00193719178291892
0.640625,0.784963789995318,0.00193719178291892
0.64075,0.784963517025222,0.00193719178291892
0.640875,0.7849632535458,0.00193719178291892
0.641,0.784962999673523,0.00262750035567101
0.641125,0.784962755522389,0.00262750035567101
0.64125,0.784962521204988,0.00262750035567101
0.641375,0.784962296832225,0.00262750035567101
0.6415,0.784962082513079,0.00262750035567101
0.641625,0.78496187835454,0.00262750035567101
0.64175,0.784961684461551,0.00262750035567101
0.641875,0.784961500936956,0.00262750035567101
0.642,0.784961327881438,0.00275499751705383
0.642125,0.78496116539352,0.00275499751705383
0.64225,0.784961013569716,0.00275499751705383
0.642375,0.784960872504441,0.00275499751705383
0.6425,0.784960742289928,0.00275499751705383
0.642625,0.784960623016173,0.00275499751705383
0.64275,0.784960514770894,0.00275499751705383
0.642875,0.784960417639477,0.00275499751705383
0.643,0.784960331704936,0.00284376274394659
0.643125,0.784960257047902,0.00284376274394659
0.64325,0.784960193746721,0.00284376274394659
0.643375,0.784960141877393,0.00284376274394659
0.6435,0.7849601015135,0.00284376274394659
0.643625,0.784960072726171,0.00284376274394659
0.64375,0.784960055584044,0.00284376274394659
0.643875,0.784960050153231,0.00284376274394659
0.644,0.784960056497283,0.00289413656135327
0.644125,0.784960074677174,0.00289413656135327
0.64425,0.784960104751356,0.00289413656135327
0.644375,0.784960146775711,0.00289413656135327
0.6445,0.784960200803508,0.00289413656135327
0.644625,0.784960266885375,0.00289413656135327
0.64475,0.784960345069279,0.00289413656135327
0.644875,0.784960435400495,0.00289413656135327
0.645,0.784960537921586,0.00290717993982405
0.645125,0.784960652672389,0.00290717993982405
0.64525,0.784960779690011,0.00290717993982405
0.645375,0.784960919008816,0.00290717993982405
0.6455,0.784961070660395,0.00290717993982405
0.645625,0.784961234673559,0.00290717993982405
0.64575,0.784961411074321,0.00290717993982405
0.645875,0.784961599885886,0.00290717993982405
0.646,0.78496180112864,0.00334156535278095
0.646125,0.784962014820311,0.00334156535278095
0.64625,0.784962240976671,0.00334156535278095
0.646375,0.784962479611389,0.00334156535278095
0.6465,0.784962730735914,0.00334156535278095
0.646625,0.784962994359468,0.00334156535278095
0.64675,0.78496327048904,0.00334156535278095
0.646875,0.784963559129387,0.00334156535278095
0.647,0.784963860283029,0.00329070496626024
0.647125,0.784964173950233,0.00329070496626024
0.64725,0.784964500128927,0.00329070496626024
0.647375,0.784964838814721,0.00329070496626024
0.6475,0.784965190000924,0.00329070496626024
0.647625,0.78496555367855,0.00329070496626024
0.64775,0.784965929836323,0.00329070496626024
0.647875,0.784966318460682,0.00329070496626024
0.648,0.784966719535797,0.0032096501145853
0.648125,0.784967133043543,0.0032096501145853
0.64825,0.784967558963377,0.0032096501145853
0.648375,0.784967997272382,0.0032096501145853
0.6485,0.7849684479453,0.0032096501145853
0.648625,0.784968910954545,0.0032096501145853
0.64875,0.784969386270225,0.0032096501145853
0.648875,0.784969873860157,0.0032096501145853
0.649,0.784970373689887,0.00310089558118237
0.649125,0.784970885722668,0.00310089558118237
0.64925,0.784971409919305,0.00310089558118237
0.649375,0.784971946238211,0.00310089558118237
0.6495,0.784972494635464,0.00310089558118237
0.649625,0.784973055064829,0.00310089558118237
0.64975,0.784973627477789,0.00310089558118237
0.649875,0.784974211823569,0.00310089558118237
0.65,0.784974808049172,0.0029674079203
0.650125,0.784975416099352,0.0029674079203
0.65025,0.784976035916432,0.0029674079203
0.650375,0.784976667440377,0.0029674079203
0.6505,0.784977310608867,0.0029674079203
0.650625,0.784977965357332,0.0029674079203
0.65075,0.78497863161899,0.0029674079203
0.650875,0.784979309324885,0.0029674079203
0.651,0.784979998403926,0.00293150055024651
0.651125,0.784980698782917,0.00293150055024651
0.65125,0.784981410386537,0.00293150055024651
0.651375,0.784982133137397,0.00293150055024651
0.6515,0.784982866956091,0.00293150055024651
0.651625,0.784983611761244,0.00293150055024651
0.65175,0.784984367469557,0.00293150055024651
0.651875,0.784985133995854,0.00293150055024651
0.652,0.784985911253131,0.00276039896880287
0.652125,0.78498669915254,0.00276039896880287
0.65225,0.784987497603156,0.00276039896880287
0.652375,0.784988306512088,0.00276039896880287
0.6525,0.78498912578457,0.00276039896880287
0.652625,0.784989955324022,0.00276039896880287
0.65275,0.7849907950321,0.00276039896880287
0.652875,0.784991644808752,0.00276039896880287
0.653,0.784992504552278,0.0025757285603347
0.653125,0.78499337415931,0.0025757285603347
0.65325,0.784994253524573,0.0025757285603347
0.653375,0.784995142540999,0.0025757285603347
0.6535,0.784996041099841,0.0025757285603347
0.653625,0.784996949090729,0.0025757285603347
0.65375,0.784997866401735,0.0025757285603347
0.653875,0.784998792919438,0.0025757285603347
0.654,0.784999728528981,0.00238134757487801
0.654125,0.785000673114068,0.00238134757487801
0.65425,0.785001626556704,0.00238134757487801
0.654375,0.785002588737329,0.00238134757487801
0.6545,0.785003559534931,0.00238134757487801
0.654625,0.785004538827117,0.00238134757487801
0.65475,0.785005526490183,0.00238134757487801
0.654875,0.785006522399178,0.00238134757487801
0.655,0.785007526427979,0.00218115265662667
0.655125,0.785008538449281,0.00218115265662667
0.65525,0.785009558334339,0.00218115265662667
0.655375,0.785010585953107,0.00218115265662667
0.6555,0.785011621174363,0.00218115265662667
0.655625,0.785012663865778,0.00218115265662667
0.65575,0.785013713893995,0.00218115265662667
0.655875,0.785014771124698,0.00218115265662667
0.656,0.785015835422693,0.00162225447638634
0.656125,0.785016906651761,0.00162225447638634
0.65625,0.785017984673821,0.00162225447638634
0.656375,0.785019069349188,0.00162225447638634
0.6565,0.785020160536795,0.00162225447638634
0.656625,0.785021258094273,0.00162225447638634
0.65675,0.785022361878037,0.00162225447638634
0.656875,0.785023471743358,0.00162225447638634
0.657,0.785024587544452,0.00141832937738248
0.657125,0.785025709134478,0.00141832937738248
0.65725,0.785026836365287,0.00141832937738248
0.657375,0.785027969087573,0.00141832937738248
0.6575,0.785029107151005,0.00141832937738248
0.657625,0.785030250404317,0.00141832937738248
0.65775,0.78503139869539,0.00141832937738248
0.657875,0.785032551871336,0.00141832937738248
0.658,0.785033709778584,0.00121996138060811
0.658125,0.785034872262889,0.00121996138060811
0.65825,0.785036039169093,0.00121996138060811
0.658375,0.785037210341276,0.00121996138060811
0.6585,0.785038385622892,0.00121996138060811
0.658625,0.785039564856857,0.00121996138060811
0.65875,0.785040747885638,0.00121996138060811
0.658875,0.78504193455134,0.00121996138060811
0.659,0.785043124695792,0.00103122972434448
0.659125,0.785044318160562,0.00103122972434448
0.65925,0.785045514786736,0.00103122972434448
0.659375,0.785046714415065,0.00103122972434448
0.6595,0.785047916886105,0.00103122972434448
0.659625,0.785049122040301,0.00103122972434448
0.65975,0.78505032971808,0.00103122972434448
0.659875,0.785051539759935,0.00103122972434448
0.66,0.785052752006514,0.000855782454759822
0.660125,0.785053966298642,0.000855782454759822
0.66025,0.785055182477115,0.000855782454759822
0.660375,0.785056400382849,0.000855782454759822
0.6605,0.785057619857012,0.000855782454759822
0.660625,0.785058840741108,0.000855782454759822
0.66075,0.785060062877069,0.000855782454759822
0.660875,0.785061286107338,0.000855782454759822
0.661,0.785062510274953,-0.000121257405440861
0.661125,0.785063735223262,-0.000121257405440861
0.66125,0.785064960794403,-0.000121257405440861
0.661375,0.785066186829704,-0.000121257405440861
0.6615,0.785067413170032,-0.000121257405440861
0.661625,0.785068639655882,-0.000121257405440861
0.66175,0.785069866127466,-0.000121257405440861
0.661875,0.785071092424802,-0.000121257405440861
0.662,0.785072318387806,-0.000269659604093277
0.662125,0.785073543856321,-0.000269659604093277
0.66225,0.785074768669965,-0.000269659604093277
0.662375,0.785075992668266,-0.000269659604093277
0.6625,0.785077215690794,-0.000269659604093277
0.662625,0.785078437577246,-0.000269659604093277
0.66275,0.78507965816754,-0.000269659604093277
0.662875,0.785080877301899,-0.000269659604093277
0.663,0.785082094820942,-0.00039676219852692
0.663125,0.785083310565725,-0.00039676219852692
0.66325,0.785084524377615,-0.00039676219852692
0.663375,0.785085736098424,-0.00039676219852692
0.6635,0.785086945570526,-0.00039676219852692
0.663625,0.785088152636948,-0.00039676219852692
0.66375,0.78508935714145,-0.00039676219852692
0.663875,0.785090558928618,-0.00039676219852692
0.664,0.785091757843944,-0.000499369824878686
0.664125,0.785092953733873,-0.000499369824878686
0.66425,0.785094146445721,-0.000499369824878686
0.664375,0.785095335827785,-0.000499369824878686
0.6645,0.785096521729459,-0.000499369824878686
0.664625,0.785097704001315,-0.000499369824878686
0.66475,0.785098882495181,-0.000499369824878686
0.664875,0.785100057064225,-0.000499369824878686
0.665,0.785101227563035,-0.000575079955186992
0.665125,0.785102393847662,-0.000575079955186992
0.66525,0.785103555775584,-0.000575079955186992
0.665375,0.785104713205798,-0.000575079955186992
0.6655,0.785105865998921,-0.000575079955186992
0.665625,0.785107014017262,-0.000575079955186992
0.66575,0.7851081571249,-0.000575079955186992
0.665875,0.785109295187751,-0.000575079955186992
0.666,0.785110428073647,-0.00175309502537073
0.666125,0.785111555651943,-0.00175309502537073
0.66625,0.785112677791669,-0.00175309502537073
0.666375,0.785113794361968,-0.00175309502537073
0.6665,0.785114905232485,-0.00175309502537073
0.666625,0.785116010273438,-0.00175309502537073
0.66675,0.785117109355697,-0.00175309502537073
0.666875,0.785118202350846,-0.00175309502537073
0.667,0.785119289131265,-0.00178291339472124
0.667125,0.785120369570182,-0.00178291339472124
0.66725,0.785121443541699,-0.00178291339472124
0.667375,0.785122510920868,-0.00178291339472124
0.6675,0.785123571583771,-0.00178291339472124
0.667625,0.785124625407588,-0.00178291339472124
0.66775,0.785125672270665,-0.00178291339472124
0.667875,0.785126712052578,-0.00178291339472124
0.668,0.785127744634203,-0.00178341007370991
0.668125,0.785128769897782,-0.00178341007370991
0.66825,0.785129787726981,-0.00178341007370991
0.668375,0.785130798006961,-0.00178341007370991
0.6685,0.785131800624435,-0.00178341007370991
0.668625,0.785132795467732,-0.00178341007370991
0.66875,0.785133782426858,-0.00178341007370991
0.668875,0.785134761393557,-0.00178341007370991
0.669,0.785135732261365,-0.00175300933072715
0.669125,0.785136694925683,-0.00175300933072715
0.66925,0.785137649283884,-0.00175300933072715
0.669375,0.785138595235353,-0.00175300933072715
0.6695,0.78513953268154,-0.00175300933072715
0.669625,0.785140461526005,-0.00175300933072715
0.66975,0.785141381674475,-0.00175300933072715
0.669875,0.785142293034893,-0.00175300933072715
0.67,0.785143195517463,-0.00169108465839811
0.670125,0.785144089034725,-0.00169108465839811
0.67025,0.785144973501701,-0.00169108465839811
0.670375,0.78514584883592,-0.00169108465839811
0.6705,0.785146714957443,-0.00169108465839811
0.670625,0.785147571788907,-0.00169108465839811
0.67075,0.785148419255562,-0.00169108465839811
0.670875,0.785149257285309,-0.00169108465839811
0.671,0.785150085808739,-0.00281002511140114
0.671125,0.785150904758738,-0.00281002511140114
0.67125,0.785151714068683,-0.00281002511140114
0.671375,0.785152513672841,-0.00281002511140114
0.6715,0.785153303506699,-0.00281002511140114
0.671625,0.785154083506996,-0.00281002511140114
0.67175,0.785154853611768,-0.00281002511140114
0.671875,0.785155613760375,-0.00281002511140114
0.672,0.785156363893535,-0.00269966758822877
0.672125,0.785157103953404,-0.00269966758822877
0.67225,0.785157833883787,-0.00269966758822877
0.672375,0.78515855363013,-0.00269966758822877
0.6725,0.785159263139528,-0.00269966758822877
0.672625,0.785159962360745,-0.00269966758822877
0.67275,0.78516065124425,-0.00269966758822877
0.672875,0.785161329742239,-0.00269966758822877
0.673,0.785161997808662,-0.0025613136635059
0.673125,0.785162655399301,-0.0025613136635059
0.67325,0.785163302472021,-0.0025613136635059
0.673375,0.785163938986747,-0.0025613136635059
0.6735,0.785164564905449,-0.0025613136635059
0.673625,0.785165180192163,-0.0025613136635059
0.67375,0.785165784813006,-0.0025613136635059
0.673875,0.785166378736197,-0.0025613136635059
0.674,0.785166961932071,-0.00239520042785117
0.674125,0.785167534373158,-0.00239520042785117
0.67425,0.785168096034469,-0.00239520042785117
0.674375,0.785168646893457,-0.00239520042785117
0.6745,0.785169186929979,-0.00239520042785117
0.674625,0.785169716126307,-0.00239520042785117
0.67475,0.78517023446714,-0.00239520042785117
0.674875,0.7851707419396,-0.00239520042785117
0.675,0.785171238533249,-0.00220243736095635
0.675125,0.785171724240156,-0.00220243736095635
0.67525,0.785172199055221,-0.00220243736095635
0.675375,0.785172662976114,-0.00220243736095635
0.6755,0.785173116003217,-0.00220243736095635
0.675625,0.785173558139628,-0.00220243736095635
0.67575,0.785173989391148,-0.00220243736095635
0.675875,0.785174409766283,-0.00220243736095635
0.676,0.785174819276231,-0.00303435458709413
0.676125,0.785175217934553,-0.00303435458709413
0.67625,0.785175605755804,-0.00303435458709413
0.676375,0.785175982755783,-0.00303435458709413
0.6765,0.78517634895175,-0.00303435458709413
0.676625,0.785176704362412,-0.00303435458709413
0.67675,0.785177049007915,-0.00303435458709413
0.676875,0.785177382909835,-0.00303435458709413
0.677,0.78517770609116,-0.00280602626399707
0.677125,0.785178018576373,-0.00280602626399707
0.67725,0.785178320391806,-0.00280602626399707
0.677375,0.785178611565556,-0.00280602626399707
0.6775,0.785178892127409,-0.00280602626399707
0.677625,0.785179162108819,-0.00280602626399707
0.67775,0.785179421542894,-0.00280602626399707
0.677875,0.785179670464375,-0.00280602626399707
0.678,0.785179908909617,-0.00255910342313751
0.678125,0.785180136916664,-0.00255910342313751
0.67825,0.785180354525629,-0.00255910342313751
0.678375,0.785180561778597,-0.00255910342313751
0.6785,0.785180758719532,-0.00255910342313751
0.678625,0.785180945394251,-0.00255910342313751
0.67875,0.785181121850399,-0.00255910342313751
0.678875,0.785181288137421,-0.00255910342313751
0.679,0.785181444306533,-0.00229529660907066
0.679125,0.785181590410797,-0.00229529660907066
0.67925,0.785181726505518,-0.00229529660907066
0.679375,0.78518185264813,-0.00229529660907066
0.6795,0.785181968898096,-0.00229529660907066
0.679625,0.785182075316867,-0.00229529660907066
0.67975,0.785182171967851,-0.00229529660907066
0.679875,0.785182258916376,-0.00229529660907066
0.68,0.785182336229649,-0.00201691969868785
0.680125,0.785182403976827,-0.00201691969868785
0.68025,0.785182462229434,-0.00201691969868785
0.680375,0.785182511061229,-0.00201691969868785
0.6805,0.78518255054809,-0.00201691969868785
0.680625,0.78518258076797,-0.00201691969868785
0.68075,0.785182601800849,-0.00201691969868785
0.680875,0.785182613728693,-0.00201691969868785
0.681,0.785182616635403,-0.00242806303595694
0.681125,0.785182610606609,-0.00242806303595694
0.68125,0.785182595728946,-0.00242806303595694
0.681375,0.78518257209014,-0.00242806303595694
0.6815,0.785182539779066,-0.00242806303595694
0.681625,0.785182498885697,-0.00242806303595694
0.68175,0.785182449501059,-0.00242806303595694
0.681875,0.785182391717174,-0.00242806303595694
0.682,0.785182325627016,-0.00213712852252654
0.682125,0.785182251324568,-0.00213712852252654
0.68225,0.785182168905248,-0.00213712852252654
0.682375,0.785182078465764,-0.00213712852252654
0.6825,0.785181980103982,-0.00213712852252654
0.682625,0.78518187391887,-0.00213712852252654
0.68275,0.785181760010447,-0.00213712852252654
0.682875,0.785181638479725,-0.00213712852252654
0.683,0.785181509428653,-0.00184160776909617
0.683125,0.785181372960174,-0.00184160776909617
0.68325,0.785181229178655,-0.00184160776909617
0.683375,0.78518107818973,-0.00184160776909617
0.6835,0.785180920100169,-0.00184160776909617
0.683625,0.78518075501781,-0.00184160776909617
0.68375,0.785180583051508,-0.00184160776909617
0.683875,0.785180404311066,-0.00184160776909617
0.684,0.785180218907182,-0.00154396898763554
0.684125,0.785180026951494,-0.00154396898763554
0.68425,0.785179828557012,-0.00154396898763554
0.684375,0.785179623837958,-0.00154396898763554
0.6845,0.785179412909622,-0.00154396898763554
0.684625,0.785179195888299,-0.00154396898763554
0.68475,0.785178972891223,-0.00154396898763554
0.684875,0.785178744036503,-0.00154396898763554
0.685,0.785178509443055,-0.00124691352798472
0.685125,0.785178269230652,-0.00124691352798472
0.68525,0.785178023520345,-0.00124691352798472
0.685375,0.785177772434296,-0.00124691352798472
0.6855,0.785177516095638,-0.00124691352798472
0.685625,0.7851772546284,-0.00124691352798472
0.68575,0.785176988157441,-0.00124691352798472
0.685875,0.785176716808377,-0.00124691352798472
0.686,0.785176440707516,-0.00123085586503752
0.686125,0.785176159981789,-0.00123085586503752
0.68625,0.78517587475871,-0.00123085586503752
0.686375,0.785175585166295,-0.00123085586503752
0.6865,0.785175291332993,-0.00123085586503752
0.686625,0.785174993387612,-0.00123085586503752
0.68675,0.785174691459246,-0.00123085586503752
0.686875,0.785174385677209,-0.00123085586503752
0.687,0.785174076170959,-0.000946792022015458
0.687125,0.785173763070139,-0.000946792022015458
0.68725,0.785173446504971,-0.000946792022015458
0.687375,0.785173126606093,-0.000946792022015458
0.6875,0.785172803504413,-0.000946792022015458
0.687625,0.785172477331036,-0.000946792022015458
0.68775,0.785172148217189,-0.000946792022015458
0.687875,0.785171816294156,-0.000946792022015458
0.688,0.785171481693196,-0.000672318736334565
0.688125,0.785171144545586,-0.000672318736334565
0.68825,0.785170804982994,-0.000672318736334565
0.688375,0.785170463137318,-0.000672318736334565
0.6885,0.785170119140544,-0.000672318736334565
0.688625,0.785169773124672,-0.000672318736334565
0.68875,0.785169425221642,-0.000672318736334565
0.688875,0.785169075563262,-0.000672318736334565
0.689,0.785168724281138,-0.000409804911485131
0.689125,0.785168371506699,-0.000409804911485131
0.68925,0.785168017371558,-0.000409804911485131
0.689375,0.785167662007357,-0.000409804911485131
0.6895,0.785167305545622,-0.000409804911485131
0.689625,0.785166948117692,-0.000409804911485131
0.68975,0.785166589854647,-0.000409804911485131
0.689875,0.785166230887235,-0.000409804911485131
0.69,0.785165871345804,-0.000161492772648427
0.690125,0.785165511360321,-0.000161492772648427
0.69025,0.785165151060712,-0.000161492772648427
0.690375,0.78516479057671,-0.000161492772648427
0.6905,0.785164430037718,-0.000161492772648427
0.690625,0.785164069572739,-0.000161492772648427
0.69075,0.785163709310303,-0.000161492772648427
0.690875,0.785163349378401,-0.000161492772648427
0.691,0.78516298990441,0.000166185814164539
0.691125,0.785162631015152,0.000166185814164539
0.69125,0.785162272837364,0.000166185814164539
0.691375,0.785161915497519,0.000166185814164539
0.6915,0.785161559121676,0.000166185814164539
0.691625,0.785161203835406,0.000166185814164539
0.69175,0.785160849763722,0.000166185814164539
0.691875,0.785160497031018,0.000166185814164539
0.692,0.78516014576099,0.000380960890957603
0.692125,0.785159796076663,0.000380960890957603
0.69225,0.785159448100665,0.000380960890957603
0.692375,0.7851591019551,0.000380960890957603
0.6925,0.785158757761418,0.000380960890957603
0.692625,0.785158415640353,0.000380960890957603
0.69275,0.785158075711854,0.000380960890957603
0.692875,0.785157738095021,0.000380960890957603
0.693,0.785157402908039,0.000575867100353778
0.693125,0.785157070268192,0.000575867100353778
0.69325,0.785156740292113,0.000575867100353778
0.693375,0.785156413095665,0.000575867100353778
0.6935,0.78515608879382,0.000575867100353778
0.693625,0.785155767500601,0.000575867100353778
0.69375,0.785155449329018,0.000575867100353778
0.693875,0.785155134391006,0.000575867100353778
0.694,0.785154822797365,0.000749387328434035
0.694125,0.78515451465777,0.000749387328434035
0.69425,0.78515421008099,0.000749387328434035
0.694375,0.785153909174779,0.000749387328434035
0.6945,0.785153612045768,0.000749387328434035
0.694625,0.785153318799412,0.000749387328434035
0.69475,0.785153029539926,0.000749387328434035
0.694875,0.785152744370236,0.000749387328434035
0.695,0.785152463391919,0.00090038074993349
0.695125,0.78515218670521,0.00090038074993349
0.69525,0.78515191440919,0.00090038074993349
0.695375,0.785151646601692,0.00090038074993349
0.6955,0.785151383379203,0.00090038074993349
0.695625,0.785151124836815,0.00090038074993349
0.69575,0.785150871068171,0.00090038074993349
0.695875,0.785150622165419,0.00090038074993349
0.696,0.785150378219159,0.00134407823813689
0.696125,0.785150139318571,0.00134407823813689
0.69625,0.785149905552086,0.00134407823813689
0.696375,0.785149677007204,0.00134407823813689
0.6965,0.785149453770328,0.00134407823813689
0.696625,0.785149235926713,0.00134407823813689
0.69675,0.785149023560423,0.00134407823813689
0.696875,0.785148816754284,0.00134407823813689
0.697,0.78514861558984,0.00145143740180656
0.697125,0.78514842014735,0.00145143740180656
0.69725,0.785148230505921,0.00145143740180656
0.697375,0.785148046743428,0.00145143740180656
0.6975,0.785147868936448,0.00145143740180656
0.697625,0.785147697160217,0.00145143740180656
0.69775,0.785147531488589,0.00145143740180656
0.697875,0.785147371993993,0.00145143740180656
0.698,0.785147218747402,0.00153515806774595
0.698125,0.785147071818321,0.00153515806774595
0.69825,0.785146931274887,0.00153515806774595
0.698375,0.785146797183812,0.00153515806774595
0.6985,0.785146669610318,0.00153515806774595
0.698625,0.785146548618106,0.00153515806774595
0.69875,0.78514643426932,0.00153515806774595
0.698875,0.785146326624519,0.00153515806774595
0.699,0.785146225742637,0.00159502484816223
0.699125,0.785146131680983,0.00159502484816223
0.69925,0.785146044495304,0.00159502484816223
0.699375,0.785145964239738,0.00159502484816223
0.6995,0.78514589096677,0.00159502484816223
0.699625,0.785145824727204,0.00159502484816223
0.69975,0.785145765570138,0.00159502484816223
0.699875,0.785145713542938,0.00159502484816223
0.7,0.785145668691209,0.00163127677893731
0.700125,0.785145631058795,0.00163127677893731
0.70025,0.785145600687807,0.00163127677893731
0.700375,0.785145577618595,0.00163127677893731
0.7005,0.785145561889715,0.00163127677893731
0.700625,0.785145553537912,0.00163127677893731
0.70075,0.785145552598101,0.00163127677893731
0.700875,0.785145559103347,0.00163127677893731
0.701,0.785145573084853,0.00197984886587527
0.701125,0.785145594572076,0.00197984886587527
0.70125,0.785145623593282,0.00197984886587527
0.701375,0.785145660175427,0.00197984886587527
0.7015,0.785145704344044,0.00197984886587527
0.701625,0.785145756123232,0.00197984886587527
0.70175,0.785145815535644,0.00197984886587527
0.701875,0.785145882602477,0.00197984886587527
0.702,0.785145957343457,0.00197487996170565
0.702125,0.785146039776832,0.00197487996170565
0.70225,0.78514612991935,0.00197487996170565
0.702375,0.785146227786256,0.00197487996170565
0.7025,0.785146333391285,0.00197487996170565
0.702625,0.785146446746652,0.00197487996170565
0.70275,0.785146567863054,0.00197487996170565
0.702875,0.785146696749658,0.00197487996170565
0.703,0.785146833414098,0.00194956740590383
0.703125,0.785146977862466,0.00194956740590383
0.70325,0.785147130099267,0.00194956740590383
0.703375,0.785147290127421,0.00194956740590383
0.7035,0.785147457948277,0.00194956740590383
0.703625,0.785147633561607,0.00194956740590383
0.70375,0.785147816965611,0.00194956740590383
0.703875,0.785148008156917,0.00194956740590383
0.704,0.785148207130586,0.00190503911672145
0.704125,0.7851484138801,0.00190503911672145
0.70425,0.785148628397288,0.00190503911672145
0.704375,0.785148850672352,0.00190503911672145
0.7045,0.785149080693885,0.00190503911672145
0.704625,0.785149318448875,0.00190503911672145
0.70475,0.785149563922716,0.00190503911672145
0.704875,0.785149817099219,0.00190503911672145
0.705,0.785150077960618,0.00184277644141238
0.705125,0.785150346487561,0.00184277644141238
0.70525,0.785150622659018,0.00184277644141238
0.705375,0.785150906452317,0.00184277644141238
0.7055,0.785151197843168,0.00184277644141238
0.705625,0.785151496805685,0.00184277644141238
0.70575,0.785151803312397,0.00184277644141238
0.705875,0.785152117334267,0.00184277644141238
0.706,0.785152438840708,0.0019344977086526
0.706125,0.785152767799639,0.0019344977086526
0.70625,0.785153104177651,0.0019344977086526
0.706375,0.785153447939999,0.0019344977086526
0.7065,0.785153799050598,0.0019344977086526
0.706625,0.785154157472044,0.0019344977086526
0.70675,0.785154523165633,0.0019344977086526
0.706875,0.785154896091389,0.0019344977086526
0.707,0.785155276208081,0.00184431250692977
0.707125,0.785155663473212,0.00184431250692977
0.70725,0.785156057842903,0.00184431250692977
0.707375,0.785156459271935,0.00184431250692977
0.7075,0.78515686771381,0.00184431250692977
0.707625,0.785157283120771,0.00184431250692977
0.70775,0.78515770544383,0.00184431250692977
0.707875,0.785158134632799,0.00184431250692977
0.708,0.785158570636315,0.0017426409375659
0.708125,0.785159013401832,0.0017426409375659
0.70825,0.785159462875482,0.0017426409375659
0.708375,0.785159919002142,0.0017426409375659
0.7085,0.785160381725488,0.0017426409375659
0.708625,0.785160850988029,0.0017426409375659
0.70875,0.785161326731141,0.0017426409375659
0.708875,0.785161808895096,0.0017426409375659
0.709,0.7851622974191,0.00163159965062485
0.709125,0.785162792241283,0.00163159965062485
0.70925,0.78516329329855,0.00163159965062485
0.709375,0.785163800526654,0.00163159965062485
0.7095,0.785164313860262,0.00163159965062485
0.709625,0.785164833232992,0.00163159965062485
0.70975,0.785165358577447,0.00163159965062485
0.709875,0.785165889825259,0.00163159965062485
0.71,0.785166426907121,0.00151342372366668
0.710125,0.785166969752784,0.00151342372366668
0.71025,0.785167518290902,0.00151342372366668
0.710375,0.78516807244911,0.00151342372366668
0.7105,0.785168632154096,0.00151342372366668
0.710625,0.78516919733164,0.00151342372366668
0.71075,0.785169767906659,0.00151342372366668
0.710875,0.785170343803247,0.00151342372366668
0.711,0.785170924944716,0.00128020883763549
0.711125,0.785171511253554,0.00128020883763549
0.71125,0.785172102651079,0.00128020883763549
0.711375,0.785172699057563,0.00128020883763549
0.7115,0.785173300392339,0.00128020883763549
0.711625,0.785173906573841,0.00128020883763549
0.71175,0.785174517519656,0.00128020883763549
0.711875,0.785175133146565,0.00128020883763549
0.712,0.785175753370594,0.00115366900113575
0.712125,0.785176378107011,0.00115366900113575
0.71225,0.785177007270163,0.00115366900113575
0.712375,0.785177640773568,0.00115366900113575
0.7125,0.785178278529996,0.00115366900113575
0.712625,0.785178920451518,0.00115366900113575
0.71275,0.785179566449552,0.00115366900113575
0.712875,0.785180216434919,0.00115366900113575
0.713,0.785180870317885,0.00102706598558527
0.713125,0.785181528008169,0.00102706598558527
0.71325,0.785182189414779,0.00102706598558527
0.713375,0.785182854446111,0.00102706598558527
0.7135,0.785183523010025,0.00102706598558527
0.713625,0.785184195013904,0.00102706598558527
0.71375,0.785184870364698,0.00102706598558527
0.713875,0.785185548968983,0.00102706598558527
0.714,0.785186230733007,0.000902881376523786
0.714125,0.785186915562698,0.000902881376523786
0.71425,0.785187603363508,0.000902881376523786
0.714375,0.785188294040509,0.000902881376523786
0.7145,0.785188987498479,0.000902881376523786
0.714625,0.785189683641949,0.000902881376523786
0.71475,0.785190382375261,0.000902881376523786
0.714875,0.785191083602619,0.000902881376523786
0.715,0.785191787228142,0.000783427560164625
0.715125,0.785192493155869,0.000783427560164625
0.71525,0.78519320128962,0.000783427560164625
0.715375,0.785193911533082,0.000783427560164625
0.7155,0.785194623789896,0.000783427560164625
0.715625,0.78519533796371,0.000783427560164625
0.71575,0.785196053958232,0.000783427560164625
0.715875,0.785196771677283,0.000783427560164625
0.716,0.785197491024848,0.000262055156207038
0.716125,0.785198211904926,0.000262055156207038
0.71625,0.785198934220737,0.000262055156207038
0.716375,0.785199657874929,0.000262055156207038
0.7165,0.785200382769782,0.000262055156207038
0.716625,0.785201108807256,0.000262055156207038
0.71675,0.785201835889048,0.000262055156207038
0.716875,0.785202563916648,0.000262055156207038
0.717,0.785203292791393,0.000153928633036112
0.717125,0.785204022414477,0.000153928633036112
0.71725,0.785204752686835,0.000153928633036112
0.717375,0.785205483509228,0.000153928633036112
0.7175,0.785206214782329,0.000153928633036112
0.717625,0.785206946406777,0.000153928633036112
0.71775,0.785207678283233,0.000153928633036112
0.717875,0.785208410312434,0.000153928633036112
0.718,0.78520914239525,5.61995400660976e-05
0.718125,0.785209874432698,5.61995400660976e-05
0.71825,0.78521060632584,5.61995400660976e-05
0.718375,0.785211337975865,5.61995400660976e-05
0.7185,0.785212069284172,5.61995400660976e-05
0.718625,0.785212800152424,5.61995400660976e-05
0.71875,0.785213530482603,5.61995400660976e-05
0.718875,0.78521426017706,5.61995400660976e-05
0.719,0.785214989138573,-2.89756212475986e-05
0.719125,0.785215717270364,-2.89756212475986e-05
0.71925,0.785216444476017,-2.89756212475986e-05
0.719375,0.785217170659551,-2.89756212475986e-05
0.7195,0.785217895725501,-2.89756212475986e-05
0.719625,0.785218619578968,-2.89756212475986e-05
0.71975,0.78521934212567,-2.89756212475986e-05
0.719875,0.785220063271994,-2.89756212475986e-05
0.72,0.785220782925046,-9.9859025260701e-05
0.720125,0.785221500992678,-9.9859025260701e-05
0.72025,0.785222217383414,-9.9859025260701e-05
0.720375,0.785222932006529,-9.9859025260701e-05
0.7205,0.785223644772115,-9.9859025260701e-05
0.720625,0.785224355591127,-9.9859025260701e-05
0.72075,0.785225064375434,-9.9859025260701e-05
0.720875,0.785225771037866,-9.9859025260701e-05
0.721,0.785226475492259,-0.000789238527808741
0.721125,0.785227177653236,-0.000789238527808741
0.72125,0.785227877435127,-0.000789238527808741
0.721375,0.78522857475223,-0.000789238527808741
0.7215,0.785229269519047,-0.000789238527808741
0.721625,0.785229961650327,-0.000789238527808741
0.72175,0.785230651061119,-0.000789238527808741
0.721875,0.785231337666815,-0.000789238527808741
0.722,0.785232021383198,-0.000834717668806086
0.722125,0.785232702126474,-0.000834717668806086
0.72225,0.785233379813239,-0.000834717668806086
0.722375,0.785234054360545,-0.000834717668806086
0.7225,0.785234725685955,-0.000834717668806086
0.722625,0.785235393707589,-0.000834717668806086
0.72275,0.78523605834417,-0.000834717668806086
0.722875,0.785236719515069,-0.000834717668806086
0.723,0.785237377140346,-0.000863287418562993
0.723125,0.785238031140789,-0.000863287418562993
0.72325,0.785238681437905,-0.000863287418562993
0.723375,0.785239327953975,-0.000863287418562993
0.7235,0.785239970612105,-0.000863287418562993
0.723625,0.785240609336263,-0.000863287418562993
0.72375,0.785241244051328,-0.000863287418562993
0.723875,0.785241874683122,-0.000863287418562993
0.724,0.785242501158459,-0.000873659499068349
0.724125,0.785243123405174,-0.000873659499068349
0.72425,0.78524374135215,-0.000873659499068349
0.724375,0.785244354929355,-0.000873659499068349
0.7245,0.785244964067884,-0.000873659499068349
0.724625,0.785245568700001,-0.000873659499068349
0.72475,0.785246168759165,-0.000873659499068349
0.724875,0.785246764180077,-0.000873659499068349
0.725,0.785247354898704,-0.000865103649195425
0.725125,0.785247940852326,-0.000865103649195425
0.72525,0.785248521979577,-0.000865103649195425
0.725375,0.785249098220475,-0.000865103649195425
0.7255,0.785249669516456,-0.000865103649195425
0.725625,0.785250235810398,-0.000865103649195425
0.72575,0.785250797046657,-0.000865103649195425
0.725875,0.785251353171092,-0.000865103649195425
0.726,0.785251904131094,-0.00156244830585255
0.726125,0.785252449875346,-0.00156244830585255
0.72625,0.785252990352706,-0.00156244830585255
0.726375,0.785253525512457,-0.00156244830585255
0.7265,0.785254055304522,-0.00156244830585255
0.726625,0.785254579679488,-0.00156244830585255
0.72675,0.785255098588637,-0.00156244830585255
0.726875,0.785255611983975,-0.00156244830585255
0.727,0.785256119818253,-0.00152369358849091
0.727125,0.785256622045011,-0.00152369358849091
0.72725,0.785257118618672,-0.00152369358849091
0.727375,0.785257609494545,-0.00152369358849091
0.7275,0.785258094628849,-0.00152369358849091
0.727625,0.78525857397873,-0.00152369358849091
0.72775,0.78525904750229,-0.00152369358849091
0.727875,0.785259515158606,-0.00152369358849091
0.728,0.785259976907752,-0.00146705560448498
0.728125,0.785260432710848,-0.00146705560448498
0.72825,0.785260882530166,-0.00146705560448498
0.728375,0.785261326329139,-0.00146705560448498
0.7285,0.785261764072362,-0.00146705560448498
0.728625,0.785262195725611,-0.00146705560448498
0.72875,0.785262621255862,-0.00146705560448498
0.728875,0.785263040631309,-0.00146705560448498
0.729,0.78526345382138,-0.0013923572249104
0.729125,0.785263860796781,-0.0013923572249104
0.72925,0.785264261529636,-0.0013923572249104
0.729375,0.785264655993474,-0.0013923572249104
0.7295,0.785265044163227,-0.0013923572249104
0.729625,0.785265426015239,-0.0013923572249104
0.72975,0.785265801527278,-0.0013923572249104
0.729875,0.785266170678549,-0.0013923572249104
0.73,0.785266533449705,-0.00129997555337185
0.730125,0.785266889822888,-0.00129997555337185
0.73025,0.785267239781891,-0.00129997555337185
0.730375,0.785267583312136,-0.00129997555337185
0.7305,0.785267920400657,-0.00129997555337185
0.730625,0.785268251036103,-0.00129997555337185
0.73075,0.785268575208743,-0.00129997555337185
0.730875,0.785268892910473,-0.00129997555337185
0.731,0.785269204134812,-0.00185523699546113
0.731125,0.785269508876696,-0.00185523699546113
0.73125,0.78526980713157,-0.00185523699546113
0.731375,0.785270098895559,-0.00185523699546113
0.7315,0.785270384165628,-0.00185523699546113
0.731625,0.785270662939574,-0.00185523699546113
0.73175,0.785270935216036,-0.00185523699546113
0.731875,0.785271200994488,-0.00185523699546113
0.732,0.785271460275247,-0.00173776417814647
0.732125,0.785271713059511,-0.00173776417814647
0.73225,0.785271959349557,-0.00173776417814647
0.732375,0.785272199148698,-0.00173776417814647
0.7325,0.785272432461253,-0.00173776417814647
0.732625,0.785272659292541,-0.00173776417814647
0.73275,0.78527287964888,-0.00173776417814647
0.732875,0.785273093537583,-0.00173776417814647
0.733,0.785273300966955,-0.00160679252781668
0.733125,0.785273501946333,-0.00160679252781668
0.73325,0.785273696486304,-0.00160679252781668
0.733375,0.785273884598648,-0.00160679252781668
0.7335,0.785274066296303,-0.00160679252781668
0.733625,0.785274241593353,-0.00160679252781668
0.73375,0.785274410505019,-0.00160679252781668
0.733875,0.785274573047656,-0.00160679252781668
0.734,0.785274729238735,-0.00146315135184226
0.734125,0.785274879096894,-0.00146315135184226
0.73425,0.785275022642161,-0.00146315135184226
0.734375,0.785275159895894,-0.00146315135184226
0.7345,0.785275290880731,-0.00146315135184226
0.734625,0.78527541562058,-0.00146315135184226
0.73475,0.7852755341406,-0.00146315135184226
0.734875,0.785275646467187,-0.00146315135184226
0.735,0.78527575262796,-0.00130808960178458
0.735125,0.785275852651806,-0.00130808960178458
0.73525,0.78527594656911,-0.00130808960178458
0.735375,0.785276034411697,-0.00130808960178458
0.7355,0.785276116212763,-0.00130808960178458
0.735625,0.785276192006863,-0.00130808960178458
0.73575,0.785276261829884,-0.00130808960178458
0.735875,0.785276325719028,-0.00130808960178458
0.736,0.785276383712789,-0.0016228063422004
0.736125,0.785276435850809,-0.0016228063422004
0.73625,0.785276482173338,-0.0016228063422004
0.736375,0.785276522721316,-0.0016228063422004
0.7365,0.785276557536427,-0.0016228063422004
0.736625,0.785276586661082,-0.0016228063422004
0.73675,0.785276610138392,-0.0016228063422004
0.736875,0.785276628012147,-0.0016228063422004
0.737,0.785276640326789,-0.00145528336657031
0.737125,0.785276647127455,-0.00145528336657031
0.73725,0.785276648460222,-0.00145528336657031
0.737375,0.785276644372034,-0.00145528336657031
0.7375,0.785276634910629,-0.00145528336657031
0.737625,0.78527662012451,-0.00145528336657031
0.73775,0.78527660006292,-0.00145528336657031
0.737875,0.785276574775817,-0.00145528336657031
0.738,0.785276544313841,-0.00128225520379144
0.738125,0.785276508728358,-0.00128225520379144
0.73825,0.785276468071711,-0.00128225520379144
0.738375,0.785276422397137,-0.00128225520379144
0.7385,0.785276371758691,-0.00128225520379144
0.738625,0.785276316211218,-0.00128225520379144
0.73875,0.785276255810317,-0.00128225520379144
0.738875,0.785276190612317,-0.00128225520379144
0.739,0.785276120674238,-0.00110516930197072
0.739125,0.785276046053834,-0.00110516930197072
0.73925,0.785275966809847,-0.00110516930197072
0.739375,0.785275883001917,-0.00110516930197072
0.7395,0.785275794690506,-0.00110516930197072
0.739625,0.78527570193686,-0.00110516930197072
0.73975,0.785275604802974,-0.00110516930197072
0.739875,0.785275503351561,-0.00110516930197072
0.74,0.785275397646013,-0.000925676879044855
0.740125,0.785275287750438,-0.000925676879044855
0.74025,0.785275173729916,-0.000925676879044855
0.740375,0.785275055650404,-0.000925676879044855
0.7405,0.785274933578655,-0.000925676879044855
0.740625,0.785274807582178,-0.000925676879044855
0.74075,0.7852746777292,-0.000925676879044855
0.740875,0.785274544088627,-0.000925676879044855
0.741,0.785274406730008,-0.000976142833413976
0.741125,0.785274265723473,-0.000976142833413976
0.74125,0.785274121139614,-0.000976142833413976
0.741375,0.785273973049461,-0.000976142833413976
0.7415,0.785273821524456,-0.000976142833413976
0.741625,0.785273666636412,-0.000976142833413976
0.74175,0.785273508457476,-0.000976142833413976
0.741875,0.785273347060088,-0.000976142833413976
0.742,0.78527318251694,-0.000799942452337163
0.742125,0.785273014901005,-0.000799942452337163
0.74225,0.785272844285787,-0.000799942452337163
0.742375,0.785272670745222,-0.000799942452337163
0.7425,0.78527249435359,-0.000799942452337163
0.742625,0.785272315185477,-0.000799942452337163
0.74275,0.785272133315731,-0.000799942452337163
0.742875,0.785271948819421,-0.000799942452337163
0.743,0.785271761771798,-0.000627184079937062
0.743125,0.785271572248315,-0.000627184079937062
0.74325,0.785271380324876,-0.000627184079937062
0.743375,0.785271186077732,-0.000627184079937062
0.7435,0.785270989583397,-0.000627184079937062
0.743625,0.785270790918603,-0.000627184079937062
0.74375,0.785270590160262,-0.000627184079937062
0.743875,0.785270387385419,-0.000627184079937062
0.744,0.78527018267121,-0.000459404162499948
0.744125,0.785269976094887,-0.000459404162499948
0.74425,0.785269767734049,-0.000459404162499948
0.744375,0.785269557666545,-0.000459404162499948
0.7445,0.785269345970386,-0.000459404162499948
0.744625,0.785269132723705,-0.000459404162499948
0.74475,0.785268918004709,-0.000459404162499948
0.744875,0.785268701891641,-0.000459404162499948
0.745,0.785268484462733,-0.0002981142108253
0.745125,0.785268265796226,-0.0002981142108253
0.74525,0.785268045970593,-0.0002981142108253
0.745375,0.785267825064443,-0.0002981142108253
0.7455,0.785267603156435,-0.0002981142108253
0.745625,0.785267380325233,-0.0002981142108253
0.74575,0.785267156649467,-0.0002981142108253
0.745875,0.785266932207683,-0.0002981142108253
0.746,0.785266707078308,-0.000135923618950623
0.746125,0.78526648133966,-0.000135923618950623
0.74625,0.785266255070181,-0.000135923618950623
0.746375,0.785266028348333,-0.000135923618950623
0.7465,0.785265801252518,-0.000135923618950623
0.746625,0.785265573861031,-0.000135923618950623
0.74675,0.785265346252019,-0.000135923618950623
0.746875,0.785265118503437,-0.000135923618950623
0.747,0.785264890693006,8.10625461051227e-06
0.747125,0.785264662898225,8.10625461051227e-06
0.74725,0.785264435196564,8.10625461051227e-06
0.747375,0.785264207665378,8.10625461051227e-06
0.7475,0.785263980381825,8.10625461051227e-06
0.747625,0.785263753422821,8.10625461051227e-06
0.74775,0.785263526865003,8.10625461051227e-06
0.747875,0.785263300784682,8.10625461051227e-06
0.748,0.785263075257804,0.000141484120416401
0.748125,0.78526285035996,0.000141484120416401
0.74825,0.78526262616656,0.000141484120416401
0.748375,0.785262402752754,0.000141484120416401
0.7485,0.785262180193352,0.000141484120416401
0.748625,0.785261958562785,0.000141484120416401
0.74875,0.785261737935063,0.000141484120416401
0.748875,0.785261518383734,0.000141484120416401
0.749,0.785261299981847,0.000263086610750347
0.749125,0.785261082801955,0.000263086610750347
0.74925,0.785260866916278,0.000263086610750347
0.749375,0.785260652396623,0.000263086610750347
0.7495,0.785260439314314,0.000263086610750347
0.749625,0.785260227740151,0.000263086610750347
0.74975,0.785260017744374,0.000263086610750347
0.749875,0.785259809396624,0.000263086610750347
0.75,0.785259602765904,0.000371991067752864
0.750125,0.785259397920584,0.000371991067752864
0.75025,0.785259194928545,0.000371991067752864
0.750375,0.785258993857104,0.000371991067752864
0.7505,0.785258794772949,0.000371991067752864
0.750625,0.785258597742106,0.000371991067752864
0.75075,0.785258402829901,0.000371991067752864
0.750875,0.785258210100923,0.000371991067752864
0.751,0.785258019618993,0.000640329061696256
0.751125,0.78525783144723,0.000640329061696256
0.75125,0.785257645648458,0.000640329061696256
0.751375,0.785257462285087,0.000640329061696256
0.7515,0.785257281419006,0.000640329061696256
0.751625,0.785257103111549,0.000640329061696256
0.75175,0.785256927423463,0.000640329061696256
0.751875,0.785256754414874,0.000640329061696256
0.752,0.785256584145254,0.000723709947179039
0.752125,0.785256416673422,0.000723709947179039
0.75225,0.785256252057646,0.000723709947179039
0.752375,0.785256090355588,0.000723709947179039
0.7525,0.785255931624247,0.000723709947179039
0.752625,0.785255775919931,0.000723709947179039
0.75275,0.785255623298227,0.000723709947179039
0.752875,0.785255473813964,0.000723709947179039
0.753,0.785255327521193,0.000792902286777071
0.753125,0.785255184473178,0.000792902286777071
0.75325,0.785255044722483,0.000792902286777071
0.753375,0.78525490832092,0.000792902286777071
0.7535,0.785254775319506,0.000792902286777071
0.753625,0.78525464576843,0.000792902286777071
0.75375,0.785254519717032,0.000792902286777071
0.753875,0.785254397213772,0.000792902286777071
0.754,0.785254278306207,0.000847530043282113
0.754125,0.785254163040984,0.000847530043282113
0.75425,0.785254051463908,0.000847530043282113
0.754375,0.785253943619896,0.000847530043282113
0.7545,0.785253839552941,0.000847530043282113
0.754625,0.785253739306091,0.000847530043282113
0.75475,0.785253642921419,0.000847530043282113
0.754875,0.785253550440008,0.000847530043282113
0.755,0.785253461901927,0.000887496074810031
0.755125,0.785253377346222,0.000887496074810031
0.75525,0.785253296810967,0.000887496074810031
0.755375,0.785253220333224,0.000887496074810031
0.7555,0.785253147949021,0.000887496074810031
0.755625,0.785253079693326,0.000887496074810031
0.75575,0.785253015600033,0.000887496074810031
0.755875,0.785252955701945,0.000887496074810031
0.756,0.785252900030753,0.00113505324564815
0.756125,0.785252848617118,0.00113505324564815
0.75625,0.78525280149106,0.00113505324564815
0.756375,0.785252758681865,0.00113505324564815
0.7565,0.785252720218,0.00113505324564815
0.756625,0.785252686127101,0.00113505324564815
0.75675,0.785252656435957,0.00113505324564815
0.756875,0.785252631170495,0.00113505324564815
0.757,0.785252610355768,0.00114883246147467
0.757125,0.785252594015946,0.00114883246147467
0.75725,0.785252582174324,0.00114883246147467
0.757375,0.78525257485331,0.00114883246147467
0.7575,0.785252572074404,0.00114883246147467
0.757625,0.785252573858193,0.00114883246147467
0.75775,0.785252580224332,0.00114883246147467
0.757875,0.785252591191542,0.00114883246147467
0.758,0.785252606777597,0.0011492577631977
0.758125,0.785252626999312,0.0011492577631977
0.75825,0.785252651872542,0.0011492577631977
0.758375,0.785252681412167,0.0011492577631977
0.7585,0.785252715632089,0.0011492577631977
0.758625,0.785252754545223,0.0011492577631977
0.75875,0.78525279816349,0.0011492577631977
0.758875,0.785252846497814,0.0011492577631977
0.759,0.785252899558116,0.00113678880207322
0.759125,0.7852529573533,0.00113678880207322
0.75925,0.785253019891237,0.00113678880207322
0.759375,0.785253087178757,0.00113678880207322
0.7595,0.785253159221654,0.00113678880207322
0.759625,0.785253236024686,0.00113678880207322
0.75975,0.785253317591566,0.00113678880207322
0.759875,0.785253403924967,0.00113678880207322
0.76,0.78525349502652,0.00111213177005017
0.760125,0.785253590896803,0.00111213177005017
0.76025,0.785253691535304,0.00111213177005017
0.760375,0.785253796940426,0.00111213177005017
0.7605,0.785253907109501,0.00111213177005017
0.760625,0.785254022038787,0.00111213177005017
0.76075,0.785254141723476,0.00111213177005017
0.760875,0.785254266157692,0.00111213177005017
0.761,0.785254395334502,0.00122977808296447
0.761125,0.78525452924596,0.00122977808296447
0.76125,0.785254667883309,0.00122977808296447
0.761375,0.785254811236948,0.00122977808296447
0.7615,0.785254959296407,0.00122977808296447
0.761625,0.785255112050352,0.00122977808296447
0.76175,0.785255269486593,0.00122977808296447
0.761875,0.785255431592091,0.00122977808296447
0.762,0.785255598352968,0.00118540944147943
0.762125,0.785255769754492,0.00118540944147943
0.76225,0.78525594578102,0.00118540944147943
0.762375,0.785256126416018,0.00118540944147943
0.7625,0.785256311642081,0.00118540944147943
0.762625,0.785256501440948,0.00118540944147943
0.76275,0.785256695793507,0.00118540944147943
0.762875,0.78525689467981,0.00118540944147943
0.763,0.785257098079084,0.00113227268757134
0.763125,0.785257305969722,0.00113227268757134
0.76325,0.785257518329208,0.00113227268757134
0.763375,0.785257735134148,0.00113227268757134
0.7635,0.785257956360297,0.00113227268757134
0.763625,0.785258181982574,0.00113227268757134
0.76375,0.785258411975075,0.00113227268757134
0.763875,0.785258646311088,0.00113227268757134
0.764,0.785258884963111,0.001071503371496
0.764125,0.785259127902842,0.001071503371496
0.76425,0.785259375101095,0.001071503371496
0.764375,0.785259626527838,0.001071503371496
0.7645,0.785259882152225,0.001071503371496
0.764625,0.785260141942615,0.001071503371496
0.76475,0.785260405866589,0.001071503371496
0.764875,0.785260673890969,0.001071503371496
0.765,0.785260945981837,0.00100436032748238
0.765125,0.785261222104527,0.00100436032748238
0.76525,0.785261502223538,0.00100436032748238
0.765375,0.785261786302572,0.00100436032748238
0.7655,0.785262074304576,0.00100436032748238
0.765625,0.785262366191757,0.00100436032748238
0.76575,0.785262661925613,0.00100436032748238
0.765875,0.785262961466946,0.00100436032748238
0.766,0.785263264775889,0.00093139156931141
0.766125,0.785263571811897,0.00093139156931141
0.76625,0.785263882533656,0.00093139156931141
0.766375,0.785264196899123,0.00093139156931141
0.7665,0.785264514865574,0.00093139156931141
0.766625,0.785264836389625,0.00093139156931141
0.76675,0.78526516142726,0.00093139156931141
0.766875,0.785265489933851,0.00093139156931141
0.767,0.785265821864188,0.000855693459488485
0.767125,0.785266157172472,0.000855693459488485
0.76725,0.785266495812218,0.000855693459488485
0.767375,0.785266837736305,0.000855693459488485
0.7675,0.785267182897023,0.000855693459488485
0.767625,0.7852675312461,0.000855693459488485
0.76775,0.785267882734726,0.000855693459488485
0.767875,0.785268237313587,0.000855693459488485
0.768,0.785268594932884,0.000777924675705753
0.768125,0.785268955542339,0.000777924675705753
0.76825,0.785269319091091,0.000777924675705753
0.768375,0.785269685527749,0.000777924675705753
0.7685,0.785270054800445,0.000777924675705753
0.768625,0.785270426856859,0.000777924675705753
0.76875,0.78527080164425,0.000777924675705753
0.768875,0.785271179109486,0.000777924675705753
0.769,0.785271559199072,0.000699554816794455
0.769125,0.785271941859153,0.000699554816794455
0.76925,0.785272327035408,0.000699554816794455
0.769375,0.785272714673115,0.000699554816794455
0.7695,0.785273104717195,0.000699554816794455
0.769625,0.785273497112245,0.000699554816794455
0.76975,0.78527389180257,0.000699554816794455
0.769875,0.785274288732211,0.000699554816794455
0.77,0.785274687844978,0.000622006665025445
0.770125,0.785275089084451,0.000622006665025445
0.77025,0.785275492393886,0.000622006665025445
0.770375,0.785275897716264,0.000622006665025445
0.7705,0.785276304994354,0.000622006665025445
0.770625,0.785276714170733,0.000622006665025445
0.77075,0.785277125187827,0.000622006665025445
0.770875,0.785277537987939,0.000622006665025445
0.771,0.78527795251328,0.000360349745821311
0.771125,0.7852783687059,0.000360349745821311
0.77125,0.785278786507294,0.000360349745821311
0.771375,0.785279205858515,0.000360349745821311
0.7715,0.785279626700277,0.000360349745821311
0.771625,0.785280048972989,0.000360349745821311
0.77175,0.785280472616789,0.000360349745821311
0.771875,0.785280897571576,0.000360349745821311
0.772,0.785281323777043,0.000286505121784646
0.772125,0.785281751172684,0.000286505121784646
0.77225,0.785282179697707,0.000286505121784646
0.772375,0.785282609291087,0.000286505121784646
0.7725,0.785283039891625,0.000286505121784646
0.772625,0.785283471437982,0.000286505121784646
0.77275,0.785283903868706,0.000286505121784646
0.772875,0.785284337122276,0.000286505121784646
0.773,0.785284771137127,0.000217293226714569
0.773125,0.785285205851665,0.000217293226714569
0.77325,0.785285641204183,0.000217293226714569
0.773375,0.785286077132917,0.000217293226714569
0.7735,0.785286513576101,0.000217293226714569
0.773625,0.785286950472001,0.000217293226714569
0.77375,0.785287387758946,0.000217293226714569
0.773875,0.785287825375365,0.000217293226714569
0.774,0.785288263259821,0.000154105061231297
0.774125,0.785288701351018,0.000154105061231297
0.77425,0.785289139587731,0.000154105061231297
0.774375,0.785289577908865,0.000154105061231297
0.7745,0.785290016253496,0.000154105061231297
0.774625,0.785290454560914,0.000154105061231297
0.77475,0.785290892770649,0.000154105061231297
0.774875,0.78529133082251,0.000154105061231297
0.775,0.785291768656611,9.8121943178047e-05
0.775125,0.785292206213389,9.8121943178047e-05
0.77525,0.78529264343354,9.8121943178047e-05
0.775375,0.785293080258069,9.8121943178047e-05
0.7755,0.78529351662834,9.8121943178047e-05
0.775625,0.785293952486107,9.8121943178047e-05
0.77575,0.785294387773542,9.8121943178047e-05
0.775875,0.785294822433271,9.8121943178047e-05
0.776,0.785295256408403,-0.000293285202190434
0.776125,0.785295689642408,-0.000293285202190434
0.77625,0.785296122078511,-0.000293285202190434
0.776375,0.785296553659842,-0.000293285202190434
0.7765,0.785296984329578,-0.000293285202190434
0.776625,0.785297414030969,-0.000293285202190434
0.77675,0.785297842707373,-0.000293285202190434
0.776875,0.785298270302287,-0.000293285202190434
0.777,0.785298696759377,-0.000335804421327421
0.777125,0.785299122022495,-0.000335804421327421
0.77725,0.785299546035638,-0.000335804421327421
0.777375,0.785299968742996,-0.000335804421327421
0.7775,0.785300390088992,-0.000335804421327421
0.777625,0.78530081001831,-0.000335804421327421
0.77775,0.785301228475932,-0.000335804421327421
0.777875,0.785301645407164,-0.000335804421327421
0.778,0.785302060757665,-0.000368917054118015
0.778125,0.785302474473468,-0.000368917054118015
0.77825,0.785302886500954,-0.000368917054118015
0.778375,0.785303296786889,-0.000368917054118015
0.7785,0.785303705278466,-0.000368917054118015
0.778625,0.785304111923332,-0.000368917054118015
0.77875,0.785304516669615,-0.000368917054118015
0.778875,0.785304919465957,-0.000368917054118015
0.779,0.785305320261537,-0.000391670584506798
0.779125,0.785305719006091,-0.000391670584506798
0.77925,0.785306115649905,-0.000391670584506798
0.779375,0.785306510143846,-0.000391670584506798
0.7795,0.785306902439393,-0.000391670584506798
0.779625,0.78530729248867,-0.000391670584506798
0.77975,0.785307680244465,-0.000391670584506798
0.779875,0.785308065660256,-0.000391670584506798
0.78,0.785308448690241,-0.000403430041130385
0.780125,0.785308829289352,-0.000403430041130385
0.78025,0.785309207413265,-0.000403430041130385
0.780375,0.785309583018422,-0.000403430041130385
0.7805,0.785309956062061,-0.000403430041130385
0.780625,0.785310326502238,-0.000403430041130385
0.78075,0.785310694297849,-0.000403430041130385
0.780875,0.78531105940865,-0.000403430041130385
0.781,0.785311421795281,-0.000830962653020739
0.781125,0.78531178141912,-0.000830962653020739
0.78125,0.785312138241603,-0.000830962653020739
0.781375,0.785312492224382,-0.000830962653020739
0.7815,0.785312843329461,-0.000830962653020739
0.781625,0.785313191519214,-0.000830962653020739
0.78175,0.785313536756406,-0.000830962653020739
0.781875,0.785313879004218,-0.000830962653020739
0.782,0.785314218226263,-0.000824595687795563
0.782125,0.785314554386613,-0.000824595687795563
0.78225,0.785314887449823,-0.000824595687795563
0.782375,0.785315217380954,-0.000824595687795563
0.7825,0.78531554414559,-0.000824595687795563
0.782625,0.785315867709854,-0.000824595687795563
0.78275,0.785316188040428,-0.000824595687795563
0.782875,0.785316505104573,-0.000824595687795563
0.783,0.785316818870144,-0.00080720273680135
0.783125,0.785317129305616,-0.00080720273680135
0.78325,0.78531743638013,-0.00080720273680135
0.783375,0.785317740063501,-0.00080720273680135
0.7835,0.785318040326235,-0.00080720273680135
0.783625,0.78531833713954,-0.00080720273680135
0.78375,0.785318630475344,-0.00080720273680135
0.783875,0.785318920306308,-0.00080720273680135
0.784,0.785319206605843,-0.000778476212175968
0.784125,0.785319489348134,-0.000778476212175968
0.78425,0.7853197685082,-0.000778476212175968
0.784375,0.7853200440619,-0.000778476212175968
0.7845,0.785320315985935,-0.000778476212175968
0.784625,0.785320584257862,-0.000778476212175968
0.78475,0.785320848856107,-0.000778476212175968
0.784875,0.785321109759973,-0.000778476212175968
0.785,0.785321366949651,-0.000738450959703359
0.785125,0.78532162040625,-0.000738450959703359
0.78525,0.785321870111865,-0.000738450959703359
0.785375,0.785322116049578,-0.000738450959703359
0.7855,0.785322358203455,-0.000738450959703359
0.785625,0.785322596558552,-0.000738450959703359
0.78575,0.785322831100924,-0.000738450959703359
0.785875,0.785323061817631,-0.000738450959703359
0.786,0.785323288696744,-0.00110456597274814
0.786125,0.785323511727206,-0.00110456597274814
0.78625,0.785323730898247,-0.00110456597274814
0.786375,0.785323946199493,-0.00110456597274814
0.7865,0.785324157621081,-0.00110456597274814
0.786625,0.785324365153656,-0.00110456597274814
0.78675,0.78532456878838,-0.00110456597274814
0.786875,0.785324768516938,-0.00110456597274814
0.787,0.785324964331538,-0.00104777646044107
0.787125,0.785325156224944,-0.00104777646044107
0.78725,0.785325344190566,-0.00104777646044107
0.787375,0.785325528222451,-0.00104777646044107
0.7875,0.785325708315268,-0.00104777646044107
0.787625,0.785325884464313,-0.00104777646044107
0.78775,0.785326056665508,-0.00104777646044107
0.787875,0.785326224915406,-0.00104777646044107
0.788,0.785326389211193,-0.000981709836140939
0.788125,0.785326549550712,-0.000981709836140939
0.78825,0.785326705932575,-0.000981709836140939
0.788375,0.785326858356142,-0.000981709836140939
0.7885,0.7853270068215,-0.000981709836140939
0.788625,0.785327151329467,-0.000981709836140939
0.78875,0.78532729188159,-0.000981709836140939
0.788875,0.785327428480141,-0.000981709836140939
0.789,0.785327561128118,-0.00090670687413875
0.789125,0.785327689829272,-0.00090670687413875
0.78925,0.785327814588224,-0.00090670687413875
0.789375,0.785327935410444,-0.00090670687413875
0.7895,0.785328052302219,-0.00090670687413875
0.789625,0.785328165270657,-0.00090670687413875
0.78975,0.785328274323678,-0.00090670687413875
0.789875,0.78532837947001,-0.00090670687413875
0.79,0.785328480719181,-0.000823391317171457
0.790125,0.78532857808155,-0.000823391317171457
0.79025,0.785328671568435,-0.000823391317171457
0.790375,0.785328761192076,-0.000823391317171457
0.7905,0.78532884696561,-0.000823391317171457
0.790625,0.78532892890306,-0.000823391317171457
0.79075,0.785329007019329,-0.000823391317171457
0.790875,0.785329081330186,-0.000823391317171457
0.791,0.785329151852262,-0.0010556719866083
0.791125,0.785329218602947,-0.0010556719866083
0.79125,0.785329281599999,-0.0010556719866083
0.791375,0.785329340861612,-0.0010556719866083
0.7915,0.785329396406461,-0.0010556719866083
0.791625,0.785329448253696,-0.0010556719866083
0.79175,0.785329496422932,-0.0010556719866083
0.791875,0.785329540934234,-0.0010556719866083
0.792,0.785329581808112,-0.000962082115751446
0.792125,0.78532961906554,-0.000962082115751446
0.79225,0.785329652728101,-0.000962082115751446
0.792375,0.785329682817945,-0.000962082115751446
0.7925,0.785329709357752,-0.000962082115751446
0.792625,0.785329732370715,-0.000962082115751446
0.79275,0.785329751880536,-0.000962082115751446
0.792875,0.785329767911404,-0.000962082115751446
0.793,0.785329780487985,-0.00086354745213762
0.793125,0.785329789635449,-0.00086354745213762
0.79325,0.785329795379611,-0.00086354745213762
0.793375,0.785329797746891,-0.00086354745213762
0.7935,0.785329796764272,-0.00086354745213762
0.793625,0.785329792459281,-0.00086354745213762
0.79375,0.785329784859977,-0.00086354745213762
0.793875,0.785329773994935,-0.00086354745213762
0.794,0.785329759893228,-0.00076087157309273
0.794125,0.785329742584452,-0.00076087157309273
0.79425,0.785329722098879,-0.00076087157309273
0.794375,0.785329698467402,-0.00076087157309273
0.7945,0.785329671721495,-0.00076087157309273
0.794625,0.785329641893196,-0.00076087157309273
0.79475,0.785329609015083,-0.00076087157309273
0.794875,0.785329573120262,-0.00076087157309273
0.795,0.785329534242344,-0.000655020774602879
0.795125,0.785329492415469,-0.000655020774602879
0.79525,0.785329447674459,-0.000655020774602879
0.795375,0.785329400054767,-0.000655020774602879
0.7955,0.785329349592425,-0.000655020774602879
0.795625,0.785329296324026,-0.000655020774602879
0.79575,0.785329240286703,-0.000655020774602879
0.795875,0.785329181518108,-0.000655020774602879
0.796,0.78532912005639,-0.000724992214660329
0.796125,0.785329055940147,-0.000724992214660329
0.79625,0.785328989208289,-0.000724992214660329
0.796375,0.785328919900042,-0.000724992214660329
0.7965,0.78532884805494,-0.000724992214660329
0.796625,0.785328773712805,-0.000724992214660329
0.79675,0.785328696913726,-0.000724992214660329
0.796875,0.785328617698037,-0.000724992214660329
0.797,0.785328536106292,-0.000618156936689146
0.797125,0.785328452179288,-0.000618156936689146
0.79725,0.785328365958215,-0.000618156936689146
0.797375,0.785328277484599,-0.000618156936689146
0.7975,0.785328186800252,-0.000618156936689146
0.797625,0.785328093947248,-0.000618156936689146
0.79775,0.785327998967901,-0.000618156936689146
0.797875,0.785327901904739,-0.000618156936689146
0.798,0.785327802800484,-0.000511814516324411
0.798125,0.785327701698066,-0.000511814516324411
0.79825,0.785327598640776,-0.000511814516324411
0.798375,0.785327493672208,-0.000511814516324411
0.7985,0.785327386836205,-0.000511814516324411
0.798625,0.785327278176835,-0.000511814516324411
0.79875,0.78532716773837,-0.000511814516324411
0.798875,0.785327055565256,-0.000511814516324411
0.799,0.785326941702092,-0.000406926560719689
0.799125,0.785326826193646,-0.000406926560719689
0.79925,0.785326709085002,-0.000406926560719689
0.799375,0.785326590421497,-0.000406926560719689
0.7995,0.785326470248677,-0.000406926560719689
0.799625,0.785326348612262,-0.000406926560719689
0.79975,0.785326225558128,-0.000406926560719689
0.799875,0.785326101132279,-0.000406926560719689
0.8,0.785325975380821,-0.000304475857142373
0.800125,0.785325848349975,-0.000304475857142373
0.80025,0.785325720086223,-0.000304475857142373
0.800375,0.785325590636247,-0.000304475857142373
0.8005,0.785325460046876,-0.000304475857142373
0.800625,0.785325328365061,-0.000304475857142373
0.80075,0.785325195637848,-0.000304475857142373
0.800875,0.785325061912353,-0.000304475857142373
0.801,0.785324927235735,-0.000231806826031615
0.801125,0.7853247916552,-0.000231806826031615
0.80125,0.785324655218089,-0.000231806826031615
0.801375,0.785324517971837,-0.000231806826031615
0.8015,0.785324379963919,-0.000231806826031615
0.801625,0.785324241241829,-0.000231806826031615
0.80175,0.785324101853053,-0.000231806826031615
0.801875,0.785323961845041,-0.000231806826031615
0.802,0.785323821265184,-0.000137496658266295
0.802125,0.785323680160821,-0.000137496658266295
0.80225,0.78532353857937,-0.000137496658266295
0.802375,0.78532339656827,-0.000137496658266295
0.8025,0.785323254174931,-0.000137496658266295
0.802625,0.785323111446711,-0.000137496658266295
0.80275,0.785322968430881,-0.000137496658266295
0.802875,0.785322825174609,-0.000137496658266295
0.803,0.785322681724928,-4.85407964828566e-05
0.803125,0.785322538128748,-4.85407964828566e-05
0.80325,0.785322394432972,-4.85407964828566e-05
0.803375,0.785322250684447,-4.85407964828566e-05
0.8035,0.785322106929911,-4.85407964828566e-05
0.803625,0.785321963215967,-4.85407964828566e-05
0.80375,0.785321819589061,-4.85407964828566e-05
0.803875,0.785321676095453,-4.85407964828566e-05
0.804,0.785321532781195,3.42649039600021e-05
0.804125,0.785321389692132,3.42649039600021e-05
0.80425,0.785321246874021,3.42649039600021e-05
0.804375,0.785321104372471,3.42649039600021e-05
0.8045,0.785320962232905,3.42649039600021e-05
0.804625,0.785320820500525,3.42649039600021e-05
0.80475,0.785320679220296,3.42649039600021e-05
0.804875,0.785320538436917,3.42649039600021e-05
0.805,0.785320398194798,0.00011022387383106
0.805125,0.785320258538064,0.00011022387383106
0.80525,0.785320119510658,0.00011022387383106
0.805375,0.78531998115629,0.00011022387383106
0.8055,0.785319843518393,0.00011022387383106
0.805625,0.785319706640104,0.00011022387383106
0.80575,0.785319570564232,0.00011022387383106
0.805875,0.785319435333245,0.00011022387383106
0.806,0.785319300989237,0.000267723397594435
0.806125,0.785319167573975,0.000267723397594435
0.80625,0.785319035129127,0.000267723397594435
0.806375,0.785318903696193,0.000267723397594435
0.8065,0.78531877331644,0.000267723397594435
0.806625,0.785318644030877,0.000267723397594435
0.80675,0.785318515880237,0.000267723397594435
0.806875,0.78531838890495,0.000267723397594435
0.807,0.785318263145123,0.000329253141732776
0.807125,0.785318138640542,0.000329253141732776
0.80725,0.785318015430752,0.000329253141732776
0.807375,0.785317893555012,0.000329253141732776
0.8075,0.785317773052261,0.000329253141732776
0.807625,0.785317653961097,0.000329253141732776
0.80775,0.785317536319751,0.000329253141732776
0.807875,0.785317420166072,0.000329253141732776
0.808,0.785317305537503,0.000382515009907415
0.808125,0.785317192471083,0.000382515009907415
0.80825,0.785317081003512,0.000382515009907415
0.808375,0.785316971171116,0.000382515009907415
0.8085,0.785316863009813,0.000382515009907415
0.808625,0.785316756555093,0.000382515009907415
0.80875,0.785316651841997,0.000382515009907415
0.808875,0.785316548905102,0.000382515009907415
0.809,0.785316447778499,0.000427124432164328
0.809125,0.785316348495795,0.000427124432164328
0.80925,0.785316251090162,0.000427124432164328
0.809375,0.785316155594314,0.000427124432164328
0.8095,0.785316062040468,0.000427124432164328
0.809625,0.785315970460333,0.000427124432164328
0.80975,0.785315880885092,0.000427124432164328
0.809875,0.785315793345384,0.000427124432164328
0.81,0.785315707871286,0.000462863023453666
0.810125,0.785315624492315,0.000462863023453666
0.81025,0.785315543237469,0.000462863023453666
0.810375,0.785315464135199,0.000462863023453666
0.8105,0.785315387213383,0.000462863023453666
0.810625,0.785315312499318,0.000462863023453666
0.81075,0.785315240019697,0.000462863023453666
0.810875,0.7853151698006,0.000462863023453666
0.811,0.78531510186748,0.000629126927013955
0.811125,0.785315036245212,0.000629126927013955
0.81125,0.785314972958353,0.000629126927013955
0.811375,0.785314912031077,0.000629126927013955
0.8115,0.785314853487113,0.000629126927013955
0.811625,0.785314797349741,0.000629126927013955
0.81175,0.785314743641771,0.000629126927013955
0.811875,0.785314692385534,0.000629126927013955
0.812,0.78531464360287,0.000648593712755043
0.812125,0.785314597315124,0.000648593712755043
0.81225,0.785314553543166,0.000648593712755043
0.812375,0.785314512307372,0.000648593712755043
0.8125,0.785314473627612,0.000648593712755043
0.812625,0.785314437523233,0.000648593712755043
0.81275,0.785314404013057,0.000648593712755043
0.812875,0.785314373115362,0.000648593712755043
0.813,0.785314344847879,0.000659510532092999
0.813125,0.785314319227785,0.000659510532092999
0.81325,0.785314296271709,0.000659510532092999
0.813375,0.785314275995725,0.000659510532092999
0.8135,0.785314258415334,0.000659510532092999
0.813625,0.785314243545463,0.000659510532092999
0.81375,0.785314231400452,0.000659510532092999
0.813875,0.785314221994049,0.000659510532092999
0.814,0.785314215339401,0.000662006480468759
0.814125,0.785314211449052,0.000662006480468759
0.81425,0.785314210334935,0.000662006480468759
0.814375,0.785314212008371,0.000662006480468759
0.8145,0.785314216480057,0.000662006480468759
0.814625,0.785314223760067,0.000662006480468759
0.81475,0.78531423385784,0.000662006480468759
0.814875,0.785314246782182,0.000662006480468759
0.815,0.785314262541256,0.000656376128071374
0.815125,0.785314281142581,0.000656376128071374
0.81525,0.785314302593013,0.000656376128071374
0.815375,0.785314326898751,0.000656376128071374
0.8155,0.785314354065332,0.000656376128071374
0.815625,0.785314384097625,0.000656376128071374
0.81575,0.785314416999837,0.000656376128071374
0.815875,0.785314452775504,0.000656376128071374
0.816,0.785314491427494,0.000760351693949575
0.816125,0.785314532958043,0.000760351693949575
0.81625,0.78531457736893,0.000760351693949575
0.816375,0.785314624661436,0.000760351693949575
0.8165,0.785314674836323,0.000760351693949575
0.816625,0.785314727893828,0.000760351693949575
0.81675,0.785314783833667,0.000760351693949575
0.816875,0.785314842655036,0.000760351693949575
0.817,0.785314904356609,0.000741218545206782
0.817125,0.785314968936531,0.000741218545206782
0.81725,0.785315036392392,0.000741218545206782
0.817375,0.785315106721234,0.000741218545206782
0.8175,0.785315179919552,0.000741218545206782
0.817625,0.785315255983305,0.000741218545206782
0.81775,0.785315334907913,0.000741218545206782
0.817875,0.785315416688262,0.000741218545206782
0.818,0.785315501318707,0.000715740343164369
0.818125,0.785315588793063,0.000715740343164369
0.81825,0.785315679104573,0.000715740343164369
0.818375,0.785315772245913,0.000715740343164369
0.8185,0.78531586820921,0.000715740343164369
0.818625,0.785315966986041,0.000715740343164369
0.81875,0.785316068567442,0.000715740343164369
0.818875,0.785316172943912,0.000715740343164369
0.819,0.785316280105419,0.000684502628750926
0.819125,0.785316390041393,0.000684502628750926
0.81925,0.785316502740681,0.000684502628750926
0.819375,0.785316618191565,0.000684502628750926
0.8195,0.785316736381777,0.000684502628750926
0.819625,0.785316857298505,0.000684502628750926
0.81975,0.785316980928401,0.000684502628750926
0.819875,0.785317107257589,0.000684502628750926
0.82,0.785317236271673,0.000648194859950021
0.820125,0.785317367955733,0.000648194859950021
0.82025,0.78531750229427,0.000648194859950021
0.820375,0.785317639271232,0.000648194859950021
0.8205,0.785317778870028,0.000648194859950021
0.820625,0.785317921073541,0.000648194859950021
0.82075,0.785318065864137,0.000648194859950021
0.820875,0.785318213223673,0.000648194859950021
0.821,0.785318363133513,0.000643745271640307
0.821125,0.785318515574529,0.000643745271640307
0.82125,0.785318670527113,0.000643745271640307
0.821375,0.785318827971184,0.000643745271640307
0.8215,0.785318987886202,0.000643745271640307
0.821625,0.785319150251181,0.000643745271640307
0.82175,0.785319315044699,0.000643745271640307
0.821875,0.785319482244911,0.000643745271640307
0.822,0.785319651829564,0.000600120162080318
0.822125,0.785319823775987,0.000600120162080318
0.82225,0.785319998061037,0.000600120162080318
0.822375,0.785320174661125,0.000600120162080318
0.8225,0.785320353552239,0.000600120162080318
0.822625,0.785320534709961,0.000600120162080318
0.82275,0.785320718109477,0.000600120162080318
0.822875,0.785320903725595,0.000600120162080318
0.823,0.785321091532755,0.000553986681923113
0.823125,0.785321281505028,0.000553986681923113
0.82325,0.785321473616055,0.000553986681923113
0.823375,0.785321667839078,0.000553986681923113
0.8235,0.785321864146961,0.000553986681923113
0.823625,0.785322062512214,0.000553986681923113
0.82375,0.785322262907003,0.000553986681923113
0.823875,0.785322465303165,0.000553986681923113
0.824,0.785322669672227,0.000506201517664515
0.824125,0.785322875985402,0.000506201517664515
0.82425,0.785323084213527,0.000506201517664515
0.824375,0.785323294327095,0.000506201517664515
0.8245,0.785323506296282,0.000506201517664515
0.824625,0.785323720090966,0.000506201517664515
0.82475,0.785323935680744,0.000506201517664515
0.824875,0.785324153034947,0.000506201517664515
0.825,0.785324372122659,0.000457626555757573
0.825125,0.785324592912714,0.000457626555757573
0.82525,0.785324815373635,0.000457626555757573
0.825375,0.785325039473668,0.000457626555757573
0.8255,0.785325265180807,0.000457626555757573
0.825625,0.78532549246282,0.000457626555757573
0.82575,0.78532572128726,0.000457626555757573
0.825875,0.785325951621489,0.000457626555757573
0.826,0.785326183432689,0.000334771300165475
0.826125,0.78532641668784,0.000334771300165475
0.82625,0.785326651353532,0.000334771300165475
0.826375,0.785326887396025,0.000334771300165475
0.8265,0.785327124781301,0.000334771300165475
0.826625,0.785327363475082,0.000334771300165475
0.82675,0.785327603442848,0.000334771300165475
0.826875,0.78532784464986,0.000334771300165475
0.827,0.785328087061177,0.000286400861793587
0.827125,0.785328330641655,0.000286400861793587
0.82725,0.785328575355893,0.000286400861793587
0.827375,0.78532882116826,0.000286400861793587
0.8275,0.785329068042938,0.000286400861793587
0.827625,0.785329315943931,0.000286400861793587
0.82775,0.785329564835095,0.000286400861793587
0.827875,0.785329814680151,0.000286400861793587
0.828,0.785330065442708,0.000239737989580538
0.828125,0.785330317086266,0.000239737989580538
0.82825,0.785330569574158,0.000239737989580538
0.828375,0.785330822869587,0.000239737989580538
0.8285,0.785331076935655,0.000239737989580538
0.828625,0.785331331735389,0.000239737989580538
0.82875,0.785331587231759,0.000239737989580538
0.828875,0.785331843387695,0.000239737989580538
0.829,0.785332100166115,0.000195662246097763
0.829125,0.785332357529919,0.000195662246097763
0.82925,0.785332615441948,0.000195662246097763
0.829375,0.785332873865007,0.000195662246097763
0.8295,0.785333132761908,0.000195662246097763
0.829625,0.785333392095483,0.000195662246097763
0.82975,0.785333651828606,0.000195662246097763
0.829875,0.785333911924217,0.000195662246097763
0.83,0.785334172345338,0.000154954810548621
0.830125,0.785334433055079,0.000154954810548621
0.83025,0.785334694016592,0.000154954810548621
0.830375,0.785334955193104,0.000154954810548621
0.8305,0.785335216547947,0.000154954810548621
0.830625,0.785335478044579,0.000154954810548621
0.83075,0.785335739646604,0.000154954810548621
0.830875,0.785336001317791,0.000154954810548621
0.831,0.785336263022094,-6.0126448610733e-05
0.831125,0.785336524723589,-6.0126448610733e-05
0.83125,0.785336786386141,-6.0126448610733e-05
0.831375,0.785337047973493,-6.0126448610733e-05
0.8315,0.785337309449343,-6.0126448610733e-05
0.831625,0.785337570777362,-6.0126448610733e-05
0.83175,0.78533783192122,-6.0126448610733e-05
0.831875,0.785338092844599,-6.0126448610733e-05
0.832,0.78533835351122,-9.40515834578976e-05
0.832125,0.785338613884844,-9.40515834578976e-05
0.83225,0.785338873929242,-9.40515834578976e-05
0.832375,0.785339133608223,-9.40515834578976e-05
0.8325,0.785339392885663,-9.40515834578976e-05
0.832625,0.785339651725524,-9.40515834578976e-05
0.83275,0.785339910091879,-9.40515834578976e-05
0.832875,0.785340167948925,-9.40515834578976e-05
0.833,0.785340425261009,-0.000122925901208644
0.833125,0.785340681992631,-0.000122925901208644
0.83325,0.78534093810842,-0.000122925901208644
0.833375,0.785341193573162,-0.000122925901208644
0.8335,0.785341448351825,-0.000122925901208644
0.833625,0.785341702409581,-0.000122925901208644
0.83375,0.785341955711824,-0.000122925901208644
0.833875,0.785342208224188,-0.000122925901208644
0.834,0.785342459912566,-0.000146081441328907
0.834125,0.785342710743122,-0.000146081441328907
0.83425,0.785342960682267,-0.000146081441328907
0.834375,0.785343209696689,-0.000146081441328907
0.8345,0.785343457753376,-0.000146081441328907
0.834625,0.785343704819633,-0.000146081441328907
0.83475,0.785343950863098,-0.000146081441328907
0.834875,0.785344195851766,-0.000146081441328907
0.835,0.785344439753997,-0.000163026164766354
0.835125,0.785344682538535,-0.000163026164766354
0.83525,0.785344924174493,-0.000163026164766354
0.835375,0.785345164631373,-0.000163026164766354
0.8355,0.785345403879092,-0.000163026164766354
0.835625,0.785345641887994,-0.000163026164766354
0.83575,0.785345878628868,-0.000163026164766354
0.835875,0.785346114072962,-0.000163026164766354
0.836,0.785346348191999,-0.000418486687480641
0.836125,0.785346580958094,-0.000418486687480641
0.83625,0.78534681234335,-0.000418486687480641
0.836375,0.785347042319955,-0.000418486687480641
0.8365,0.785347270860263,-0.000418486687480641
0.836625,0.785347497936814,-0.000418486687480641
0.83675,0.785347723522345,-0.000418486687480641
0.836875,0.785347947589806,-0.000418486687480641
0.837,0.785348170112378,-0.000424822938327363
0.837125,0.785348391063481,-0.000424822938327363
0.83725,0.785348610416781,-0.000424822938327363
0.837375,0.785348828146206,-0.000424822938327363
0.8375,0.785349044225964,-0.000424822938327363
0.837625,0.785349258630553,-0.000424822938327363
0.83775,0.785349471334778,-0.000424822938327363
0.837875,0.785349682313765,-0.000424822938327363
0.838,0.785349891542971,-0.000424529321778643
0.838125,0.785350098998205,-0.000424529321778643
0.83825,0.785350304655631,-0.000424529321778643
0.838375,0.785350508491793,-0.000424529321778643
0.8385,0.785350710483617,-0.000424529321778643
0.838625,0.78535091060843,-0.000424529321778643
0.83875,0.785351108843969,-0.000424529321778643
0.838875,0.785351305168395,-0.000424529321778643
0.839,0.785351499560304,-0.000417304251542615
0.839125,0.785351691998741,-0.000417304251542615
0.83925,0.785351882463222,-0.000417304251542615
0.839375,0.785352070933746,-0.000417304251542615
0.8395,0.7853522573908,-0.000417304251542615
0.839625,0.78535244181537,-0.000417304251542615
0.83975,0.785352624188955,-0.000417304251542615
0.839875,0.785352804493571,-0.000417304251542615
0.84,0.785352982711762,-0.000403052755386537
0.840125,0.785353158826619,-0.000403052755386537
0.84025,0.785353332821805,-0.000403052755386537
0.840375,0.785353504681565,-0.000403052755386537
0.8405,0.785353674390727,-0.000403052755386537
0.840625,0.785353841934709,-0.000403052755386537
0.84075,0.785354007299532,-0.000403052755386537
0.840875,0.785354170471818,-0.000403052755386537
0.841,0.785354331438804,-0.000638609344067154
0.841125,0.785354490188256,-0.000638609344067154
0.84125,0.785354646708087,-0.000638609344067154
0.841375,0.78535480098644,-0.000638609344067154
0.8415,0.785354953011758,-0.000638609344067154
0.841625,0.785355102772788,-0.000638609344067154
0.84175,0.785355250258589,-0.000638609344067154
0.841875,0.78535539545854,-0.000638609344067154
0.842,0.78535553836234,-0.00061353484797816
0.842125,0.785355678960029,-0.00061353484797816
0.84225,0.785355817242032,-0.00061353484797816
0.842375,0.785355953199158,-0.00061353484797816
0.8425,0.785356086822596,-0.00061353484797816
0.842625,0.78535621810392,-0.00061353484797816
0.84275,0.785356347035096,-0.00061353484797816
0.842875,0.785356473608485,-0.00061353484797816
0.843,0.785356597816846,-0.000582322424965172
0.843125,0.785356719653352,-0.000582322424965172
0.84325,0.785356839111646,-0.000582322424965172
0.843375,0.785356956185834,-0.000582322424965172
0.8435,0.78535707087048,-0.000582322424965172
0.843625,0.785357183160607,-0.000582322424965172
0.84375,0.7853572930517,-0.000582322424965172
0.843875,0.785357400539711,-0.000582322424965172
0.844,0.785357505621057,-0.000545074144012651
0.844125,0.785357608292637,-0.000545074144012651
0.84425,0.785357708551897,-0.000545074144012651
0.844375,0.785357806396816,-0.000545074144012651
0.8445,0.785357901825899,-0.000545074144012651
0.844625,0.785357994838174,-0.000545074144012651
0.84475,0.785358085433198,-0.000545074144012651
0.844875,0.785358173611049,-0.000545074144012651
0.845,0.785358259372334,-0.000502076998187389
0.845125,0.785358342718197,-0.000502076998187389
0.84525,0.785358423650393,-0.000502076998187389
0.845375,0.785358502171271,-0.000502076998187389
0.8455,0.785358578283764,-0.000502076998187389
0.845625,0.785358651991379,-0.000502076998187389
0.84575,0.785358723298202,-0.000502076998187389
0.845875,0.785358792208895,-0.000502076998187389
0.846,0.785358858728685,-0.000667407278202273
0.846125,0.785358922863306,-0.000667407278202273
0.84625,0.785358984618719,-0.000667407278202273
0.846375,0.785359044001164,-0.000667407278202273
0.8465,0.785359101017198,-0.000667407278202273
0.846625,0.785359155673693,-0.000667407278202273
0.84675,0.78535920797783,-0.000667407278202273
0.846875,0.7853592579371,-0.000667407278202273
0.847,0.785359305559294,-0.000616732756871452
0.847125,0.785359350852522,-0.000616732756871452
0.84725,0.78535939382529,-0.000616732756871452
0.847375,0.785359434486478,-0.000616732756871452
0.8475,0.785359472845327,-0.000616732756871452
0.847625,0.785359508911425,-0.000616732756871452
0.84775,0.785359542694711,-0.000616732756871452
0.847875,0.78535957420546,-0.000616732756871452
0.848,0.785359603454287,-0.00056216671557413
0.848125,0.785359630452153,-0.00056216671557413
0.84825,0.785359655210455,-0.00056216671557413
0.848375,0.785359677740999,-0.00056216671557413
0.8485,0.785359698055977,-0.00056216671557413
0.848625,0.785359716167966,-0.00056216671557413
0.84875,0.785359732089913,-0.00056216671557413
0.848875,0.785359745835136,-0.00056216671557413
0.849,0.785359757417309,-0.000504133311255271
0.849125,0.785359766850481,-0.000504133311255271
0.84925,0.785359774149162,-0.000504133311255271
0.849375,0.785359779328295,-0.000504133311255271
0.8495,0.785359782403236,-0.000504133311255271
0.849625,0.785359783389738,-0.000504133311255271
0.84975,0.78535978230395,-0.000504133311255271
0.849875,0.785359779162403,-0.000504133311255271
0.85,0.785359773982,-0.000443177670603837
0.850125,0.785359766780033,-0.000443177670603837
0.85025,0.785359757574272,-0.000443177670603837
0.850375,0.785359746382934,-0.000443177670603837
0.8505,0.785359733224656,-0.000443177670603837
0.850625,0.785359718118489,-0.000443177670603837
0.85075,0.785359701083881,-0.000443177670603837
0.850875,0.785359682140667,-0.000443177670603837
0.851,0.785359661309063,-0.000511900484545413
0.851125,0.785359638609622,-0.000511900484545413
0.85125,0.785359614063112,-0.000511900484545413
0.851375,0.785359587690526,-0.000511900484545413
0.8515,0.785359559513089,-0.000511900484545413
0.851625,0.785359529552247,-0.000511900484545413
0.85175,0.785359497829653,-0.000511900484545413
0.851875,0.785359464367155,-0.000511900484545413
0.852,0.785359429186789,-0.000448574105580384
0.852125,0.785359392310785,-0.000448574105580384
0.85225,0.785359353761659,-0.000448574105580384
0.852375,0.785359313562187,-0.000448574105580384
0.8525,0.785359271735368,-0.000448574105580384
0.852625,0.785359228304414,-0.000448574105580384
0.85275,0.785359183292739,-0.000448574105580384
0.852875,0.785359136723942,-0.000448574105580384
0.853,0.785359088621799,-0.000384559462481144
0.853125,0.78535903901027,-0.000384559462481144
0.85325,0.785358987913594,-0.000384559462481144
0.853375,0.785358935356251,-0.000384559462481144
0.8535,0.785358881362937,-0.000384559462481144
0.853625,0.785358825958545,-0.000384559462481144
0.85375,0.785358769168155,-0.000384559462481144
0.853875,0.785358711017019,-0.000384559462481144
0.854,0.785358651530544,-0.000320435257020666
0.854125,0.785358590734308,-0.000320435257020666
0.85425,0.785358528654146,-0.000320435257020666
0.854375,0.785358465316119,-0.000320435257020666
0.8545,0.78535840074648,-0.000320435257020666
0.854625,0.78535833497166,-0.000320435257020666
0.85475,0.785358268018253,-0.000320435257020666
0.854875,0.785358199913004,-0.000320435257020666
0.855,0.785358130682789,-0.000256816555738629
0.855125,0.785358060354629,-0.000256816555738629
0.85525,0.785357988955778,-0.000256816555738629
0.855375,0.785357916513686,-0.000256816555738629
0.8555,0.78535784305597,-0.000256816555738629
0.855625,0.785357768610394,-0.000256816555738629
0.85575,0.785357693204859,-0.000256816555738629
0.855875,0.785357616867384,-0.000256816555738629
0.856,0.785357539626091,-0.000232224538478499
0.856125,0.785357461509199,-0.000232224538478499
0.85625,0.785357382545048,-0.000232224538478499
0.856375,0.785357302762079,-0.000232224538478499
0.8565,0.785357222188807,-0.000232224538478499
0.856625,0.785357140853807,-0.000232224538478499
0.85675,0.7853570587857,-0.000232224538478499
0.856875,0.785356976013135,-0.000232224538478499
0.857,0.785356892564775,-0.000171976438727704
0.857125,0.785356808469302,-0.000171976438727704
0.85725,0.785356723755502,-0.000171976438727704
0.857375,0.78535663845223,-0.000171976438727704
0.8575,0.785356552588379,-0.000171976438727704
0.857625,0.785356466192859,-0.000171976438727704
0.85775,0.785356379294588,-0.000171976438727704
0.857875,0.785356291922471,-0.000171976438727704
0.858,0.785356204105387,-0.000114190440069544
0.858125,0.785356115872193,-0.000114190440069544
0.85825,0.785356027251806,-0.000114190440069544
0.858375,0.785355938273166,-0.000114190440069544
0.8585,0.785355848965206,-0.000114190440069544
0.858625,0.785355759356835,-0.000114190440069544
0.85875,0.785355669476923,-0.000114190440069544
0.858875,0.785355579354286,-0.000114190440069544
0.859,0.785355489017668,-5.94016685282399e-05
0.859125,0.785355398495748,-5.94016685282399e-05
0.85925,0.785355307817214,-5.94016685282399e-05
0.859375,0.78535521701073,-5.94016685282399e-05
0.8595,0.785355126104903,-5.94016685282399e-05
0.859625,0.785355035128272,-5.94016685282399e-05
0.85975,0.785354944109288,-5.94016685282399e-05
0.859875,0.785354853076302,-5.94016685282399e-05
0.86,0.785354762057545,-8.1022606987927e-06
0.860125,0.785354671081139,-8.1022606987927e-06
0.86025,0.785354580175158,-8.1022606987927e-06
0.860375,0.785354489367602,-8.1022606987927e-06
0.8605,0.785354398686367,-8.1022606987927e-06
0.860625,0.785354308159228,-8.1022606987927e-06
0.86075,0.785354217813823,-8.1022606987927e-06
0.860875,0.785354127677643,-8.1022606987927e-06
0.861,0.785354037778012,8.03474669410149e-05
0.861125,0.785353948142107,8.03474669410149e-05
0.86125,0.785353858797091,8.03474669410149e-05
0.861375,0.785353769770066,8.03474669410149e-05
0.8615,0.785353681088038,8.03474669410149e-05
0.861625,0.7853535927779,8.03474669410149e-05
0.86175,0.785353504866419,8.03474669410149e-05
0.861875,0.785353417380218,8.03474669410149e-05
0.862,0.785353330345766,0.00012381320656697
0.862125,0.785353243789378,0.00012381320656697
0.86225,0.785353157737269,0.00012381320656697
0.862375,0.785353072215531,0.00012381320656697
0.8625,0.785352987250104,0.00012381320656697
0.862625,0.785352902866762,0.00012381320656697
0.86275,0.785352819091101,0.00012381320656697
0.862875,0.785352735948522,0.00012381320656697
0.863,0.785352653464218,0.000162631454622525
0.863125,0.785352571663178,0.000162631454622525
0.86325,0.785352490570232,0.000162631454622525
0.863375,0.785352410210031,0.000162631454622525
0.8635,0.785352330607017,0.000162631454622525
0.863625,0.785352251785415,0.000162631454622525
0.86375,0.785352173769218,0.000162631454622525
0.863875,0.785352096582171,0.000162631454622525
0.864,0.785352020247763,0.0001964790915743
0.864125,0.785351944789226,0.0001964790915743
0.86425,0.785351870229574,0.0001964790915743
0.864375,0.785351796591586,0.0001964790915743
0.8645,0.785351723897778,0.0001964790915743
0.864625,0.785351652170398,0.0001964790915743
0.86475,0.785351581431407,0.0001964790915743
0.864875,0.785351511702473,0.0001964790915743
0.865,0.785351443004956,0.000225127830041879
0.865125,0.785351375359906,0.000225127830041879
0.86525,0.785351308788105,0.000225127830041879
0.865375,0.78535124331004,0.000225127830041879
0.8655,0.785351178945889,0.000225127830041879
0.865625,0.785351115715506,0.000225127830041879
0.86575,0.785351053638415,0.000225127830041879
0.865875,0.785350992733796,0.000225127830041879
0.866,0.785350933020476,0.000332671541347943
0.866125,0.785350874516962,0.000332671541347943
0.86625,0.785350817241604,0.000332671541347943
0.866375,0.785350761212555,0.000332671541347943
0.8665,0.785350706447727,0.000332671541347943
0.866625,0.785350652964787,0.000332671541347943
0.86675,0.785350600781144,0.000332671541347943
0.866875,0.785350549913941,0.000332671541347943
0.867,0.785350500380044,0.000351504057761536
0.867125,0.785350452196041,0.000351504057761536
0.86725,0.785350405378267,0.000351504057761536
0.867375,0.785350359942781,0.000351504057761536
0.8675,0.785350315905363,0.000351504057761536
0.867625,0.785350273281495,0.000351504057761536
0.86775,0.785350232086362,0.000351504057761536
0.867875,0.785350192334835,0.000351504057761536
0.868,0.785350154041472,0.000365025124945379
0.868125,0.785350117220507,0.000365025124945379
0.86825,0.785350081885871,0.000365025124945379
0.868375,0.785350048051176,0.000365025124945379
0.8685,0.785350015729706,0.000365025124945379
0.868625,0.785349984934411,0.000365025124945379
0.86875,0.785349955677896,0.000365025124945379
0.868875,0.785349927972421,0.000365025124945379
0.869,0.785349901829887,0.00037321542176234
0.869125,0.785349877261839,0.00037321542176234
0.86925,0.785349854279469,0.00037321542176234
0.869375,0.785349832893611,0.00037321542176234
0.8695,0.785349813114731,0.00037321542176234
0.869625,0.785349794952922,0.00037321542176234
0.86975,0.785349778417898,0.00037321542176234
0.869875,0.785349763518992,0.00037321542176234
0.87,0.785349750265147,0.000376162405747957
0.870125,0.785349738664917,0.000376162405747957
0.87025,0.785349728726462,0.000376162405747957
0.870375,0.785349720457548,0.000376162405747957
0.8705,0.785349713865541,0.000376162405747957
0.870625,0.785349708957402,0.000376162405747957
0.87075,0.785349705739682,0.000376162405747957
0.870875,0.785349704218525,0.000376162405747957
0.871,0.785349704399659,0.000457047223264994
0.871125,0.785349706288427,0.000457047223264994
0.87125,0.785349709889915,0.000457047223264994
0.871375,0.785349715208927,0.000457047223264994
0.8715,0.785349722249959,0.000457047223264994
0.871625,0.785349731017197,0.000457047223264994
0.87175,0.785349741514512,0.000457047223264994
0.871875,0.785349753745464,0.000457047223264994
0.872,0.785349767713297,0.000451055968727887
0.872125,0.785349783420932,0.000451055968727887
0.87225,0.785349800870963,0.000451055968727887
0.872375,0.78534982006565,0.000451055968727887
0.8725,0.785349841006924,0.000451055968727887
0.872625,0.785349863696386,0.000451055968727887
0.87275,0.785349888135305,0.000451055968727887
0.872875,0.785349914324619,0.000451055968727887
0.873,0.785349942264931,0.000440677532324437
0.873125,0.78534997195651,0.000440677532324437
0.87325,0.785350003399272,0.000440677532324437
0.873375,0.785350036592781,0.000440677532324437
0.8735,0.785350071536256,0.000440677532324437
0.873625,0.785350108228572,0.000440677532324437
0.87375,0.785350146668256,0.000440677532324437
0.873875,0.785350186853492,0.000440677532324437
0.874,0.785350228782122,0.000426190973944147
0.874125,0.785350272451643,0.000426190973944147
0.87425,0.785350317859179,0.000426190973944147
0.874375,0.785350365001496,0.000426190973944147
0.8745,0.785350413875002,0.000426190973944147
0.874625,0.785350464475749,0.000426190973944147
0.87475,0.785350516799441,0.000426190973944147
0.874875,0.785350570841431,0.000426190973944147
0.875,0.785350626596726,0.000407954478229055
0.875125,0.785350684059984,0.000407954478229055
0.87525,0.785350743225484,0.000407954478229055
0.875375,0.78535080408714,0.000407954478229055
0.8755,0.785350866638507,0.000407954478229055
0.875625,0.785350930872783,0.000407954478229055
0.87575,0.785350996782818,0.000407954478229055
0.875875,0.785351064361112,0.000407954478229055
0.876,0.785351133599827,0.000428727920180796
0.876125,0.785351204490791,0.000428727920180796
0.87625,0.785351277025545,0.000428727920180796
0.876375,0.785351351195335,0.000428727920180796
0.8765,0.785351426991115,0.000428727920180796
0.876625,0.785351504403553,0.000428727920180796
0.87675,0.785351583423031,0.000428727920180796
0.876875,0.785351664039657,0.000428727920180796
0.877,0.785351746243268,0.00040480402026675
0.877125,0.785351830023425,0.00040480402026675
0.87725,0.785351915369381,0.00040480402026675
0.877375,0.785352002270095,0.00040480402026675
0.8775,0.785352090714245,0.00040480402026675
0.877625,0.785352180690235,0.00040480402026675
0.87775,0.785352272186197,0.00040480402026675
0.877875,0.785352365190005,0.00040480402026675
0.878,0.785352459689276,0.000378603152497945
0.878125,0.785352555671369,0.000378603152497945
0.87825,0.785352653123351,0.000378603152497945
0.878375,0.78535275203201,0.000378603152497945
0.8785,0.785352852383868,0.000378603152497945
0.878625,0.785352954165195,0.000378603152497945
0.87875,0.785353057362011,0.000378603152497945
0.878875,0.785353161960095,0.000378603152497945
0.879,0.785353267944993,0.000350610009277658
0.879125,0.78535337530202,0.000350610009277658
0.87925,0.785353484016214,0.000350610009277658
0.879375,0.785353594072359,0.000350610009277658
0.8795,0.785353705455002,0.000350610009277658
0.879625,0.785353818148457,0.000350610009277658
0.87975,0.785353932136817,0.000350610009277658
0.879875,0.785354047403964,0.000350610009277658
0.88,0.785354163933573,0.000321332950926133
0.880125,0.785354281709115,0.000321332950926133
0.88025,0.785354400713819,0.000321332950926133
0.880375,0.785354520930683,0.000321332950926133
0.8805,0.7853546423425,0.000321332950926133
0.880625,0.785354764931865,0.000321332950926133
0.88075,0.785354888681181,0.000321332950926133
0.880875,0.785355013572674,0.000321332950926133
0.881,0.785355139588399,0.000269390321134299
0.881125,0.785355266710235,0.000269390321134299
0.88125,0.785355394919802,0.000269390321134299
0.881375,0.785355524198497,0.000269390321134299
0.8815,0.78535565452751,0.000269390321134299
0.881625,0.785355785887843,0.000269390321134299
0.88175,0.785355918260312,0.000269390321134299
0.881875,0.785356051625563,0.000269390321134299
0.882,0.785356185964083,0.000238909026851538
0.882125,0.785356321256197,0.000238909026851538
0.88225,0.785356457482029,0.000238909026851538
0.882375,0.785356594621526,0.000238909026851538
0.8825,0.785356732654472,0.000238909026851538
0.882625,0.785356871560506,0.000238909026851538
0.88275,0.785357011319127,0.000238909026851538
0.882875,0.785357151909709,0.000238909026851538
0.883,0.785357293311513,0.000208732700351841
0.883125,0.785357435503683,0.000208732700351841
0.88325,0.785357578465212,0.000208732700351841
0.883375,0.785357722174963,0.000208732700351841
0.8835,0.785357866611687,0.000208732700351841
0.883625,0.785358011754036,0.000208732700351841
0.88375,0.785358157580573,0.000208732700351841
0.883875,0.785358304069787,0.000208732700351841
0.884,0.785358451200103,0.00017940634084933
0.884125,0.785358598949883,0.00017940634084933
0.88425,0.78535874729739,0.00017940634084933
0.884375,0.785358896220807,0.00017940634084933
0.8845,0.785359045698263,0.00017940634084933
0.884625,0.785359195707837,0.00017940634084933
0.88475,0.785359346227578,0.00017940634084933
0.884875,0.78535949723551,0.00017940634084933
0.885,0.785359648709651,0.000151434201719926
0.885125,0.785359800628008,0.000151434201719926
0.88525,0.785359952968546,0.000151434201719926
0.885375,0.785360105709211,0.000151434201719926
0.8855,0.785360258827946,0.000151434201719926
0.885625,0.785360412302705,0.000151434201719926
0.88575,0.785360566111466,0.000151434201719926
0.885875,0.785360720232239,0.000151434201719926
0.886,0.785360874643083,3.68316649516789e-05
0.886125,0.785361029322073,3.68316649516789e-05
0.88625,0.785361184247119,3.68316649516789e-05
0.886375,0.785361339396022,3.68316649516789e-05
0.8865,0.785361494746514,3.68316649516789e-05
0.886625,0.785361650276266,3.68316649516789e-05
0.88675,0.785361805962908,3.68316649516789e-05
0.886875,0.785361961784038,3.68316649516789e-05
0.887,0.785362117717233,1.19675589962911e-05
0.887125,0.785362273740052,1.19675589962911e-05
0.88725,0.785362429830012,1.19675589962911e-05
0.887375,0.785362585964605,1.19675589962911e-05
0.8875,0.785362742121316,1.19675589962911e-05
0.887625,0.785362898277637,1.19675589962911e-05
0.88775,0.785363054411082,1.19675589962911e-05
0.887875,0.785363210499195,1.19675589962911e-05
0.888,0.785363366519565,-1.03285266707851e-05
0.888125,0.785363522449828,-1.03285266707851e-05
0.88825,0.785363678267647,-1.03285266707851e-05
0.888375,0.785363833950725,-1.03285266707851e-05
0.8885,0.78536398947683,-1.03285266707851e-05
0.888625,0.7853641448238,-1.03285266707851e-05
0.88875,0.785364299969563,-1.03285266707851e-05
0.888875,0.785364454892142,-1.03285266707851e-05
0.889,0.785364609569673,-2.96021539549197e-05
0.889125,0.785364763980404,-2.96021539549197e-05
0.88925,0.78536491810268,-2.96021539549197e-05
0.889375,0.785365071914958,-2.96021539549197e-05
0.8895,0.785365225395826,-2.96021539549197e-05
0.889625,0.785365378524013,-2.96021539549197e-05
0.88975,0.785365531278401,-2.96021539549197e-05
0.889875,0.785365683638036,-2.96021539549197e-05
0.89,0.785365835582141,-4.54932117614294e-05
0.890125,0.785365987090121,-4.54932117614294e-05
0.89025,0.785366138141545,-4.54932117614294e-05
0.890375,0.785366288716165,-4.54932117614294e-05
0.8905,0.785366438793933,-4.54932117614294e-05
0.890625,0.785366588355006,-4.54932117614294e-05
0.89075,0.785366737379762,-4.54932117614294e-05
0.890875,0.785366885848807,-4.54932117614294e-05
0.891,0.785367033742988,-0.000194876401829774
0.891125,0.785367181043345,-0.000194876401829774
0.89125,0.785367327730875,-0.000194876401829774
0.891375,0.785367473786591,-0.000194876401829774
0.8915,0.785367619191574,-0.000194876401829774
0.891625,0.78536776392698,-0.000194876401829774
0.89175,0.785367907974054,-0.000194876401829774
0.891875,0.785368051314138,-0.000194876401829774
0.892,0.785368193928681,-0.000204750522528982
0.892125,0.785368335799248,-0.000204750522528982
0.89225,0.785368476907514,-0.000204750522528982
0.892375,0.785368617235274,-0.000204750522528982
0.8925,0.785368756764457,-0.000204750522528982
0.892625,0.785368895477138,-0.000204750522528982
0.89275,0.785369033355548,-0.000204750522528982
0.892875,0.785369170382079,-0.000204750522528982
0.893,0.785369306539299,-0.000210742162054957
0.893125,0.785369441809957,-0.000210742162054957
0.89325,0.785369576176982,-0.000210742162054957
0.893375,0.785369709623497,-0.000210742162054957
0.8935,0.785369842132825,-0.000210742162054957
0.893625,0.785369973688502,-0.000210742162054957
0.89375,0.785370104274287,-0.000210742162054957
0.893875,0.785370233874166,-0.000210742162054957
0.894,0.785370362472364,-0.000212599524979399
0.894125,0.785370490053353,-0.000212599524979399
0.89425,0.785370616601855,-0.000212599524979399
0.894375,0.785370742102855,-0.000212599524979399
0.8945,0.785370866541602,-0.000212599524979399
0.894625,0.785370989903627,-0.000212599524979399
0.89475,0.785371112174741,-0.000212599524979399
0.894875,0.785371233341051,-0.000212599524979399
0.895,0.78537135338896,-0.000210192974447914
0.895125,0.785371472305179,-0.000210192974447914
0.89525,0.78537159007674,-0.000210192974447914
0.895375,0.785371706690996,-0.000210192974447914
0.8955,0.785371822135633,-0.000210192974447914
0.895625,0.785371936398671,-0.000210192974447914
0.89575,0.785372049468477,-0.000210192974447914
0.895875,0.785372161333763,-0.000210192974447914
0.896,0.785372271983599,-0.000358209683354424
0.896125,0.785372381407357,-0.000358209683354424
0.89625,0.785372489594476,-0.000358209683354424
0.896375,0.785372596534513,-0.000358209683354424
0.8965,0.785372702217192,-0.000358209683354424
0.896625,0.785372806632404,-0.000358209683354424
0.89675,0.785372909770219,-0.000358209683354424
0.896875,0.785373011620886,-0.000358209683354424
0.897,0.785373112174842,-0.000348998200704723
0.897125,0.785373211422718,-0.000348998200704723
0.89725,0.785373309355363,-0.000348998200704723
0.897375,0.785373405963841,-0.000348998200704723
0.8975,0.785373501239438,-0.000348998200704723
0.897625,0.785373595173667,-0.000348998200704723
0.89775,0.785373687758267,-0.000348998200704723
0.897875,0.785373778985213,-0.000348998200704723
0.898,0.785373868846719,-0.000335838174903477
0.898125,0.785373957335245,-0.000335838174903477
0.89825,0.785374044443527,-0.000335838174903477
0.898375,0.785374130164572,-0.000335838174903477
0.8985,0.785374214491661,-0.000335838174903477
0.898625,0.785374297418352,-0.000335838174903477
0.89875,0.785374378938483,-0.000335838174903477
0.898875,0.785374459046174,-0.000335838174903477
0.899,0.785374537735834,-0.000318724728337788
0.899125,0.785374615002167,-0.000318724728337788
0.89925,0.785374690840203,-0.000318724728337788
0.899375,0.785374765245295,-0.000318724728337788
0.8995,0.785374838213119,-0.000318724728337788
0.899625,0.785374909739675,-0.000318724728337788
0.89975,0.785374979821287,-0.000318724728337788
0.899875,0.785375048454606,-0.000318724728337788
0.9,0.785375115636612,-0.000297771057910656
0.900125,0.785375181364625,-0.000297771057910656
0.90025,0.785375245636337,-0.000297771057910656
0.900375,0.785375308449806,-0.000297771057910656
0.9005,0.785375369803457,-0.000297771057910656
0.900625,0.785375429696076,-0.000297771057910656
0.90075,0.785375488126813,-0.000297771057910656
0.900875,0.785375545095183,-0.000297771057910656
0.901,0.785375600601062,-0.000411173351422018
0.901125,0.785375654644649,-0.000411173351422018
0.90125,0.785375707226274,-0.000411173351422018
0.901375,0.785375758346438,-0.000411173351422018
0.9015,0.78537580800584,-0.000411173351422018
0.901625,0.785375856205377,-0.000411173351422018
0.90175,0.785375902946146,-0.000411173351422018
0.901875,0.78537594822944,-0.000411173351422018
0.902,0.78537599205675,-0.000384787873199659
0.902125,0.785376034429771,-0.000384787873199659
0.90225,0.78537607535045,-0.000384787873199659
0.902375,0.78537611482097,-0.000384787873199659
0.9025,0.785376152843745,-0.000384787873199659
0.902625,0.785376189421419,-0.000384787873199659
0.90275,0.785376224556864,-0.000384787873199659
0.902875,0.785376258253178,-0.000384787873199659
0.903,0.785376290513682,-0.000355548192792318
0.903125,0.785376321341931,-0.000355548192792318
0.90325,0.785376350741762,-0.000355548192792318
0.903375,0.785376378717276,-0.000355548192792318
0.9035,0.785376405272834,-0.000355548192792318
0.903625,0.785376430413051,-0.000355548192792318
0.90375,0.785376454142797,-0.000355548192792318
0.903875,0.785376476467188,-0.000355548192792318
0.904,0.785376497391589,-0.000323665957744764
0.904125,0.785376516921621,-0.000323665957744764
0.90425,0.785376535063207,-0.000323665957744764
0.904375,0.785376551822564,-0.000323665957744764
0.9045,0.785376567206187,-0.000323665957744764
0.904625,0.785376581220846,-0.000323665957744764
0.90475,0.785376593873582,-0.000323665957744764
0.904875,0.785376605171704,-0.000323665957744764
0.905,0.785376615122783,-0.000289438492953216
0.905125,0.785376623734662,-0.000289438492953216
0.90525,0.785376631015507,-0.000289438492953216
0.905375,0.785376636973792,-0.000289438492953216
0.9055,0.785376641618282,-0.000289438492953216
0.905625,0.785376644958033,-0.000289438492953216
0.90575,0.785376647002384,-0.000289438492953216
0.905875,0.785376647760948,-0.000289438492953216
0.906,0.785376647243615,-0.000347317993729093
0.906125,0.785376645460515,-0.000347317993729093
0.90625,0.785376642421923,-0.000347317993729093
0.906375,0.785376638138269,-0.000347317993729093
0.9065,0.785376632620148,-0.000347317993729093
0.906625,0.785376625878318,-0.000347317993729093
0.90675,0.785376617923685,-0.000347317993729093
0.906875,0.785376608767308,-0.000347317993729093
0.907,0.785376598420384,-0.000310604389085679
0.907125,0.78537658689426,-0.000310604389085679
0.90725,0.785376574200488,-0.000310604389085679
0.907375,0.785376560350805,-0.000310604389085679
0.9075,0.785376545357114,-0.000310604389085679
0.907625,0.785376529231484,-0.000310604389085679
0.90775,0.785376511986138,-0.000310604389085679
0.907875,0.785376493633447,-0.000310604389085679
0.908,0.785376474185927,-0.000272874903854176
0.908125,0.78537645365624,-0.000272874903854176
0.90825,0.785376432057254,-0.000272874903854176
0.908375,0.785376409402023,-0.000272874903854176
0.9085,0.785376385703768,-0.000272874903854176
0.908625,0.785376360975869,-0.000272874903854176
0.90875,0.785376335231862,-0.000272874903854176
0.908875,0.785376308485427,-0.000272874903854176
0.909,0.785376280750381,-0.00023446781863777
0.909125,0.785376252040688,-0.00023446781863777
0.90925,0.785376222370509,-0.00023446781863777
0.909375,0.785376191754187,-0.00023446781863777
0.9095,0.785376160206228,-0.00023446781863777
0.909625,0.78537612774129,-0.00023446781863777
0.90975,0.785376094374174,-0.00023446781863777
0.909875,0.785376060119824,-0.00023446781863777
0.91,0.785376024993306,-0.000195757881355675
0.910125,0.785375989009828,-0.000195757881355675
0.91025,0.785375952184782,-0.000195757881355675
0.910375,0.785375914533733,-0.000195757881355675
0.9105,0.785375876072396,-0.000195757881355675
0.910625,0.785375836816627,-0.000195757881355675
0.91075,0.785375796782414,-0.000195757881355675
0.910875,0.785375755985868,-0.000195757881355675
0.911,0.785375714443218,-0.000194648234301003
0.911125,0.785375672170795,-0.000194648234301003
0.91125,0.785375629185031,-0.000194648234301003
0.911375,0.785375585502446,-0.000194648234301003
0.9115,0.785375541139642,-0.000194648234301003
0.911625,0.78537549611329,-0.000194648234301003
0.91175,0.785375450440122,-0.000194648234301003
0.911875,0.785375404136924,-0.000194648234301003
0.912,0.785375357220522,-0.000156977979664671
0.912125,0.785375309707794,-0.000156977979664671
0.91225,0.785375261615717,-0.000156977979664671
0.912375,0.785375212961345,-0.000156977979664671
0.9125,0.785375163761797,-0.000156977979664671
0.912625,0.785375114034237,-0.000156977979664671
0.91275,0.785375063795874,-0.000156977979664671
0.912875,0.785375013063947,-0.000156977979664671
0.913,0.785374961855716,-0.00012027794939392
0.913125,0.785374910188469,-0.00012027794939392
0.91325,0.785374858079571,-0.00012027794939392
0.913375,0.785374805546443,-0.00012027794939392
0.9135,0.785374752606543,-0.00012027794939392
0.913625,0.785374699277354,-0.00012027794939392
0.91375,0.785374645576379,-0.00012027794939392
0.913875,0.785374591521128,-0.00012027794939392
0.914,0.785374537129107,-8.4894584444177e-05
0.914125,0.785374482417828,-8.4894584444177e-05
0.91425,0.78537442740485,-8.4894584444177e-05
0.914375,0.785374372107763,-8.4894584444177e-05
0.9145,0.785374316544167,-8.4894584444177e-05
0.914625,0.785374260731664,-8.4894584444177e-05
0.91475,0.785374204687845,-8.4894584444177e-05
0.914875,0.785374148430285,-8.4894584444177e-05
0.915,0.785374091976527,-5.11601895801112e-05
0.915125,0.785374035344094,-5.11601895801112e-05
0.91525,0.785373978550525,-5.11601895801112e-05
0.915375,0.785373921613363,-5.11601895801112e-05
0.9155,0.785373864550131,-5.11601895801112e-05
0.915625,0.785373807378324,-5.11601895801112e-05
0.91575,0.7853737501154,-5.11601895801112e-05
0.915875,0.785373692778771,-5.11601895801112e-05
0.916,0.785373635385791,-4.63718910448797e-06
0.916125,0.785373577953767,-4.63718910448797e-06
0.91625,0.785373520500023,-4.63718910448797e-06
0.916375,0.78537346304188,-4.63718910448797e-06
0.9165,0.785373405596628,-4.63718910448797e-06
0.916625,0.785373348181523,-4.63718910448797e-06
0.91675,0.785373290813773,-4.63718910448797e-06
0.916875,0.78537323351053,-4.63718910448797e-06
0.917,0.78537317628888,2.50270413907105e-05
0.917125,0.785373119165846,2.50270413907105e-05
0.91725,0.785373062158427,2.50270413907105e-05
0.917375,0.78537300528358,2.50270413907105e-05
0.9175,0.7853729485582,2.50270413907105e-05
0.917625,0.785372891999113,2.50270413907105e-05
0.91775,0.785372835623068,2.50270413907105e-05
0.917875,0.785372779446725,2.50270413907105e-05
0.918,0.785372723486646,5.21757266512012e-05
0.918125,0.785372667759299,5.21757266512012e-05
0.91825,0.785372612281093,5.21757266512012e-05
0.918375,0.785372557068357,5.21757266512012e-05
0.9185,0.785372502137327,5.21757266512012e-05
0.918625,0.785372447504138,5.21757266512012e-05
0.91875,0.785372393184811,5.21757266512012e-05
0.918875,0.785372339195248,5.21757266512012e-05
0.919,0.785372285551223,7.65647643160904e-05
0.919125,0.785372232268382,7.65647643160904e-05
0.91925,0.785372179362273,7.65647643160904e-05
0.919375,0.785372126848332,7.65647643160904e-05
0.9195,0.785372074741867,7.65647643160904e-05
0.919625,0.785372023058052,7.65647643160904e-05
0.91975,0.785371971811915,7.65647643160904e-05
0.919875,0.785371921018332,7.65647643160904e-05
0.92,0.785371870692018,9.80016278420722e-05
0.920125,0.785371820847531,9.80016278420722e-05
0.92025,0.785371771499291,9.80016278420722e-05
0.920375,0.785371722661577,9.80016278420722e-05
0.9205,0.785371674348501,9.80016278420722e-05
0.920625,0.785371626574012,9.80016278420722e-05
0.92075,0.785371579351879,9.80016278420722e-05
0.920875,0.78537153269569,9.80016278420722e-05
0.921,0.785371486618843,0.000164677657944806
0.921125,0.785371441134561,0.000164677657944806
0.92125,0.785371396256,0.000164677657944806
0.921375,0.785371351996216,0.000164677657944806
0.9215,0.785371308368143,0.000164677657944806
0.921625,0.785371265384584,0.000164677657944806
0.92175,0.785371223058205,0.000164677657944806
0.921875,0.785371181401527,0.000164677657944806
0.922,0.785371140426921,0.000180350876034788
0.922125,0.785371100146608,0.000180350876034788
0.92225,0.785371060572672,0.000180350876034788
0.922375,0.785371021717057,0.000180350876034788
0.9225,0.785370983591549,0.000180350876034788
0.922625,0.785370946207774,0.000180350876034788
0.92275,0.785370909577192,0.000180350876034788
0.922875,0.785370873711087,0.000180350876034788
0.923,0.785370838620563,0.000192815585565022
0.923125,0.785370804316544,0.000192815585565022
0.92325,0.785370770809787,0.000192815585565022
0.923375,0.785370738110873,0.000192815585565022
0.9235,0.785370706230197,0.000192815585565022
0.923625,0.785370675177964,0.000192815585565022
0.92375,0.785370644964181,0.000192815585565022
0.923875,0.785370615598655,0.000192815585565022
0.924,0.785370587090985,0.000202001242968472
0.924125,0.785370559450563,0.000202001242968472
0.92425,0.785370532686579,0.000202001242968472
0.924375,0.785370506808019,0.000202001242968472
0.9245,0.785370481823657,0.000202001242968472
0.924625,0.785370457742046,0.000202001242968472
0.92475,0.785370434571517,0.000202001242968472
0.924875,0.785370412320175,0.000202001242968472
0.925,0.785370390995892,0.000207903611649812
0.925125,0.785370370606308,0.000207903611649812
0.92525,0.785370351158836,0.000207903611649812
0.925375,0.785370332660654,0.000207903611649812
0.9255,0.785370315118703,0.000207903611649812
0.925625,0.78537029853968,0.000207903611649812
0.92575,0.785370282930039,0.000207903611649812
0.925875,0.785370268295984,0.000207903611649812
0.926,0.785370254643466,0.000266124240118182
0.926125,0.785370241978204,0.000266124240118182
0.92625,0.785370230305777,0.000266124240118182
0.926375,0.785370219631603,0.000266124240118182
0.9265,0.785370209960918,0.000266124240118182
0.926625,0.785370201298777,0.000266124240118182
0.92675,0.78537019365005,0.000266124240118182
0.926875,0.785370187019417,0.000266124240118182
0.927,0.785370181411368,0.000266290745628297
0.927125,0.785370176830201,0.000266290745628297
0.92725,0.785370173280019,0.000266290745628297
0.927375,0.785370170764727,0.000266290745628297
0.9275,0.785370169288031,0.000266290745628297
0.927625,0.785370168853438,0.000266290745628297
0.92775,0.785370169464249,0.000266290745628297
0.927875,0.785370171123562,0.000266290745628297
0.928,0.78537017383427,0.000263538302840953
0.928125,0.785370177599055,0.000263538302840953
0.92825,0.785370182420387,0.000263538302840953
0.928375,0.785370188300518,0.000263538302840953
0.9285,0.785370195241488,0.000263538302840953
0.928625,0.785370203245119,0.000263538302840953
0.92875,0.785370212313017,0.000263538302840953
0.928875,0.785370222446569,0.000263538302840953
0.929,0.785370233646946,0.000257984414524661
0.929125,0.785370245915095,0.000257984414524661
0.92925,0.785370259251736,0.000257984414524661
0.929375,0.785370273657356,0.000257984414524661
0.9295,0.78537028913222,0.000257984414524661
0.929625,0.785370305676361,0.000257984414524661
0.92975,0.785370323289587,0.000257984414524661
0.929875,0.785370341971478,0.000257984414524661
0.93,0.78537036172139,0.000249802749025614
0.930125,0.785370382538446,0.000249802749025614
0.93025,0.785370404421531,0.000249802749025614
0.930375,0.78537042736929,0.000249802749025614
0.9305,0.785370451380132,0.000249802749025614
0.930625,0.785370476452234,0.000249802749025614
0.93075,0.785370502583539,0.000249802749025614
0.930875,0.785370529771757,0.000249802749025614
0.931,0.785370558014372,0.000276219787127265
0.931125,0.785370587308645,0.000276219787127265
0.93125,0.785370617651668,0.000276219787127265
0.931375,0.785370649040349,0.000276219787127265
0.9315,0.785370681471416,0.000276219787127265
0.931625,0.785370714941408,0.000276219787127265
0.93175,0.785370749446688,0.000276219787127265
0.931875,0.785370784983437,0.000276219787127265
0.932,0.785370821547659,0.000263904337806463
0.932125,0.785370859135182,0.000263904337806463
0.93225,0.785370897741633,0.000263904337806463
0.932375,0.785370937362451,0.000263904337806463
0.9325,0.78537097799289,0.000263904337806463
0.932625,0.78537101962802,0.000263904337806463
0.93275,0.785371062262735,0.000263904337806463
0.932875,0.785371105891751,0.000263904337806463
0.933,0.785371150509611,0.000249776152617049
0.933125,0.785371196110684,0.000249776152617049
0.93325,0.785371242689142,0.000249776152617049
0.933375,0.785371290238971,0.000249776152617049
0.9335,0.785371338753974,0.000249776152617049
0.933625,0.785371388227781,0.000249776152617049
0.93375,0.785371438653846,0.000249776152617049
0.933875,0.785371490025455,0.000249776152617049
0.934,0.785371542335728,0.000234098956861808
0.934125,0.785371595577617,0.000234098956861808
0.93425,0.785371649743887,0.000234098956861808
0.934375,0.78537170482712,0.000234098956861808
0.9345,0.785371760819726,0.000234098956861808
0.934625,0.785371817713951,0.000234098956861808
0.93475,0.785371875501874,0.000234098956861808
0.934875,0.785371934175417,0.000234098956861808
0.935,0.785371993726348,0.000217162872182689
0.935125,0.785372054146281,0.000217162872182689
0.93525,0.785372115426647,0.000217162872182689
0.935375,0.785372177558711,0.000217162872182689
0.9355,0.78537224053358,0.000217162872182689
0.935625,0.785372304342203,0.000217162872182689
0.93575,0.785372368975385,0.000217162872182689
0.935875,0.785372434423783,0.000217162872182689
0.936,0.785372500677916,0.000200015075310903
0.936125,0.785372567728167,0.000200015075310903
0.93625,0.785372635564751,0.000200015075310903
0.936375,0.785372704177735,0.000200015075310903
0.9365,0.785372773557044,0.000200015075310903
0.936625,0.785372843692467,0.000200015075310903
0.93675,0.785372914573663,0.000200015075310903
0.936875,0.785372986190167,0.000200015075310903
0.937,0.785373058531396,0.000181529144415744
0.937125,0.785373131586647,0.000181529144415744
0.93725,0.785373205345074,0.000181529144415744
0.937375,0.785373279795698,0.000181529144415744
0.9375,0.78537335492742,0.000181529144415744
0.937625,0.785373430729028,0.000181529144415744
0.93775,0.785373507189198,0.000181529144415744
0.937875,0.785373584296509,0.000181529144415744
0.938,0.78537366203944,0.000162763871853687
0.938125,0.785373740406376,0.000162763871853687
0.93825,0.785373819385583,0.000162763871853687
0.938375,0.785373898965214,0.000162763871853687
0.9385,0.785373979133331,0.000162763871853687
0.938625,0.785374059877903,0.000162763871853687
0.93875,0.785374141186817,0.000162763871853687
0.938875,0.785374223047882,0.000162763871853687
0.939,0.785374305448841,0.000144047898659329
0.939125,0.785374388377363,0.000144047898659329
0.93925,0.785374471821027,0.000144047898659329
0.939375,0.785374555767327,0.000144047898659329
0.9395,0.785374640203691,0.000144047898659329
0.939625,0.785374725117483,0.000144047898659329
0.93975,0.785374810496015,0.000144047898659329
0.939875,0.785374896326548,0.000144047898659329
0.94,0.785374982596302,0.000125697377491716
0.940125,0.785375069292457,0.000125697377491716
0.94025,0.785375156402131,0.000125697377491716
0.940375,0.785375243912387,0.000125697377491716
0.9405,0.785375331810252,0.000125697377491716
0.940625,0.785375420082719,0.000125697377491716
0.94075,0.785375508716758,0.000125697377491716
0.940875,0.785375597699321,0.000125697377491716
0.941,0.785375687017349,6.72087240938714e-05
0.941125,0.785375776657759,6.72087240938714e-05
0.94125,0.785375866607352,6.72087240938714e-05
0.941375,0.785375956852841,6.72087240938714e-05
0.9415,0.785376047380875,6.72087240938714e-05
0.941625,0.785376138178042,6.72087240938714e-05
0.94175,0.785376229230883,6.72087240938714e-05
0.941875,0.785376320525895,6.72087240938714e-05
0.942,0.785376412049538,5.00448400050448e-05
0.942125,0.78537650378824,5.00448400050448e-05
0.94225,0.785376595728372,5.00448400050448e-05
0.942375,0.785376687856264,5.00448400050448e-05
0.9425,0.785376780158216,5.00448400050448e-05
0.942625,0.785376872620506,5.00448400050448e-05
0.94275,0.785376965229398,5.00448400050448e-05
0.942875,0.785377057971147,5.00448400050448e-05
0.943,0.78537715083201,3.40808630369266e-05
0.943125,0.785377243798246,3.40808630369266e-05
0.94325,0.785377336856099,3.40808630369266e-05
0.943375,0.785377429991806,3.40808630369266e-05
0.9435,0.785377523191616,3.40808630369266e-05
0.943625,0.785377616441789,3.40808630369266e-05
0.94375,0.785377709728612,3.40808630369266e-05
0.943875,0.785377803038401,3.40808630369266e-05
0.944,0.785377896357512,1.96165832766707e-05
0.944125,0.785377989672338,1.96165832766707e-05
0.94425,0.7853780829693,1.96165832766707e-05
0.944375,0.785378176234851,1.96165832766707e-05
0.9445,0.785378269455494,1.96165832766707e-05
0.944625,0.785378362617787,1.96165832766707e-05
0.94475,0.785378455708347,1.96165832766707e-05
0.944875,0.785378548713863,1.96165832766707e-05
0.945,0.7853786416211,6.90357364788581e-06
0.945125,0.785378734416901,6.90357364788581e-06
0.94525,0.785378827088176,6.90357364788581e-06
0.945375,0.785378919621908,6.90357364788581e-06
0.9455,0.785379012005171,6.90357364788581e-06
0.945625,0.785379104225129,6.90357364788581e-06
0.94575,0.785379196269051,6.90357364788581e-06
0.945875,0.785379288124308,6.90357364788581e-06
0.946,0.785379379778391,-7.85882544223008e-05
0.946125,0.785379471218875,-7.85882544223008e-05
0.94625,0.785379562433293,-7.85882544223008e-05
0.946375,0.785379653409165,-7.85882544223008e-05
0.9465,0.785379744134031,-7.85882544223008e-05
0.946625,0.785379834595456,-7.85882544223008e-05
0.94675,0.785379924781037,-7.85882544223008e-05
0.946875,0.785380014678411,-7.85882544223008e-05
0.947,0.785380104275262,-8.80305350390202e-05
0.947125,0.785380193559322,-8.80305350390202e-05
0.94725,0.785380282518364,-8.80305350390202e-05
0.947375,0.785380371140214,-8.80305350390202e-05
0.9475,0.785380459412755,-8.80305350390202e-05
0.947625,0.785380547323938,-8.80305350390202e-05
0.94775,0.785380634861787,-8.80305350390202e-05
0.947875,0.785380722014404,-8.80305350390202e-05
0.948,0.785380808769981,-9.52730962391542e-05
0.948125,0.785380895116797,-9.52730962391542e-05
0.94825,0.785380981043217,-9.52730962391542e-05
0.948375,0.785381066537698,-9.52730962391542e-05
0.9485,0.785381151588801,-9.52730962391542e-05
0.948625,0.785381236185192,-9.52730962391542e-05
0.94875,0.785381320315652,-9.52730962391542e-05
0.948875,0.785381403969082,-9.52730962391542e-05
0.949,0.78538148713451,-0.000100122791168959
0.949125,0.785381569801094,-0.000100122791168959
0.94925,0.785381651958118,-0.000100122791168959
0.949375,0.785381733595004,-0.000100122791168959
0.9495,0.785381814701315,-0.000100122791168959
0.949625,0.785381895266763,-0.000100122791168959
0.94975,0.785381975281212,-0.000100122791168959
0.949875,0.785382054734687,-0.000100122791168959
0.95,0.785382133617377,-0.000102456961496092
0.950125,0.785382211919637,-0.000102456961496092
0.95025,0.785382289631996,-0.000102456961496092
0.950375,0.785382366745156,-0.000102456961496092
0.9505,0.785382443250003,-0.000102456961496092
0.950625,0.785382519137605,-0.000102456961496092
0.95075,0.785382594399224,-0.000102456961496092
0.950875,0.785382669026318,-0.000102456961496092
0.951,0.785382743010543,-0.000193712706999805
0.951125,0.785382816343724,-0.000193712706999805
0.95125,0.785382889017712,-0.000193712706999805
0.951375,0.785382961024414,-0.000193712706999805
0.9515,0.785383032355823,-0.000193712706999805
0.951625,0.785383103004023,-0.000193712706999805
0.95175,0.785383172961194,-0.000193712706999805
0.951875,0.785383242219613,-0.000193712706999805
0.952,0.785383310771664,-0.00019189201699479
0.952125,0.785383378609836,-0.00019189201699479
0.95225,0.785383445726736,-0.00019189201699479
0.952375,0.785383512115089,-0.00019189201699479
0.9525,0.785383577767744,-0.00019189201699479
0.952625,0.785383642677676,-0.00019189201699479
0.95275,0.785383706837989,-0.00019189201699479
0.952875,0.785383770241924,-0.00019189201699479
0.953,0.785383832882858,-0.000187601158272256
0.953125,0.785383894754311,-0.000187601158272256
0.95325,0.785383955849959,-0.000187601158272256
0.953375,0.78538401616363,-0.000187601158272256
0.9535,0.785384075689313,-0.000187601158272256
0.953625,0.785384134421158,-0.000187601158272256
0.95375,0.785384192353477,-0.000187601158272256
0.953875,0.785384249480751,-0.000187601158272256
0.954,0.785384305797632,-0.000180794101156007
0.954125,0.785384361298945,-0.000180794101156007
0.95425,0.785384415979707,-0.000180794101156007
0.954375,0.785384469835124,-0.000180794101156007
0.9545,0.785384522860593,-0.000180794101156007
0.954625,0.785384575051703,-0.000180794101156007
0.95475,0.78538462640424,-0.000180794101156007
0.954875,0.785384676914185,-0.000180794101156007
0.955,0.785384726577721,-0.000171498619188183
0.955125,0.785384775391234,-0.000171498619188183
0.95525,0.785384823351333,-0.000171498619188183
0.955375,0.785384870454847,-0.000171498619188183
0.9555,0.785384916698826,-0.000171498619188183
0.955625,0.785384962080539,-0.000171498619188183
0.95575,0.78538500659748,-0.000171498619188183
0.955875,0.785385050247363,-0.000171498619188183
0.956,0.78538509302813,-0.000247128786984385
0.956125,0.785385134937918,-0.000247128786984385
0.95625,0.785385175974935,-0.000247128786984385
0.956375,0.785385216137491,-0.000247128786984385
0.9565,0.785385255424012,-0.000247128786984385
0.956625,0.785385293833046,-0.000247128786984385
0.95675,0.785385331363261,-0.000247128786984385
0.956875,0.785385368013446,-0.000247128786984385
0.957,0.785385403782514,-0.000234146237707681
0.957125,0.785385438669503,-0.000234146237707681
0.95725,0.785385472673604,-0.000234146237707681
0.957375,0.785385505794152,-0.000234146237707681
0.9575,0.785385538030624,-0.000234146237707681
0.957625,0.785385569382641,-0.000234146237707681
0.95775,0.785385599849969,-0.000234146237707681
0.957875,0.785385629432515,-0.000234146237707681
0.958,0.78538565813033,-0.000219168968516246
0.958125,0.785385685943613,-0.000219168968516246
0.95825,0.785385712872737,-0.000219168968516246
0.958375,0.785385738918245,-0.000219168968516246
0.9585,0.785385764080842,-0.000219168968516246
0.958625,0.785385788361396,-0.000219168968516246
0.95875,0.785385811760939,-0.000219168968516246
0.958875,0.785385834280665,-0.000219168968516246
0.959,0.78538585592193,-0.000202292630886063
0.959125,0.785385876686254,-0.000202292630886063
0.95925,0.785385896575355,-0.000202292630886063
0.959375,0.785385915591135,-0.000202292630886063
0.9595,0.78538593373568,-0.000202292630886063
0.959625,0.785385951011254,-0.000202292630886063
0.95975,0.785385967420302,-0.000202292630886063
0.959875,0.785385982965444,-0.000202292630886063
0.96,0.785385997649478,-0.000183671524839599
0.960125,0.785386011475383,-0.000183671524839599
0.96025,0.785386024446346,-0.000183671524839599
0.960375,0.785386036565758,-0.000183671524839599
0.9605,0.785386047837204,-0.000183671524839599
0.960625,0.785386058264464,-0.000183671524839599
0.96075,0.785386067851505,-0.000183671524839599
0.960875,0.785386076602486,-0.000183671524839599
0.961,0.785386084521748,-0.000228351637226583
0.961125,0.785386091613801,-0.000228351637226583
0.96125,0.785386097883243,-0.000228351637226583
0.961375,0.785386103334776,-0.000228351637226583
0.9615,0.78538610797321,-0.000228351637226583
0.961625,0.785386111803466,-0.000228351637226583
0.96175,0.785386114830568,-0.000228351637226583
0.961875,0.785386117059644,-0.000228351637226583
0.962,0.785386118495923,-0.000207608928538823
0.962125,0.785386119144738,-0.000207608928538823
0.96225,0.785386119011557,-0.000207608928538823
0.962375,0.785386118101975,-0.000207608928538823
0.9625,0.785386116421707,-0.000207608928538823
0.962625,0.785386113976579,-0.000207608928538823
0.96275,0.785386110772531,-0.000207608928538823
0.962875,0.785386106815609,-0.000207608928538823
0.963,0.785386102111966,-0.000185891101412171
0.963125,0.785386096667862,-0.000185891101412171
0.96325,0.785386090489701,-0.000185891101412171
0.963375,0.785386083584017,-0.000185891101412171
0.9635,0.785386075957466,-0.000185891101412171
0.963625,0.785386067616821,-0.000185891101412171
0.96375,0.78538605856897,-0.000185891101412171
0.963875,0.785386048820911,-0.000185891101412171
0.964,0.78538603837975,-0.00016338967993881
0.964125,0.785386027252702,-0.00016338967993881
0.96425,0.785386015447126,-0.00016338967993881
0.964375,0.785386002970516,-0.00016338967993881
0.9645,0.785385989830484,-0.00016338967993881
0.964625,0.785385976034764,-0.00016338967993881
0.96475,0.785385961591203,-0.00016338967993881
0.964875,0.785385946507755,-0.00016338967993881
0.965,0.785385930792482,-0.000140327026003227
0.965125,0.785385914453553,-0.000140327026003227
0.96525,0.785385897499279,-0.000140327026003227
0.965375,0.785385879938105,-0.000140327026003227
0.9655,0.78538586177859,-0.000140327026003227
0.965625,0.785385843029412,-0.000140327026003227
0.96575,0.785385823699357,-0.000140327026003227
0.965875,0.785385803797316,-0.000140327026003227
0.966,0.785385783332279,-0.000148737289714908
0.966125,0.785385762313328,-0.000148737289714908
0.96625,0.785385740749619,-0.000148737289714908
0.966375,0.785385718650375,-0.000148737289714908
0.9665,0.78538569602489,-0.000148737289714908
0.966625,0.785385672882517,-0.000148737289714908
0.96675,0.785385649232668,-0.000148737289714908
0.966875,0.785385625084806,-0.000148737289714908
0.967,0.785385600448441,-0.00012566473548664
0.967125,0.785385575333131,-0.00012566473548664
0.96725,0.785385549748521,-0.00012566473548664
0.967375,0.785385523704322,-0.00012566473548664
0.9675,0.785385497210305,-0.00012566473548664
0.967625,0.785385470276296,-0.00012566473548664
0.96775,0.785385442912167,-0.00012566473548664
0.967875,0.785385415127831,-0.00012566473548664
0.968,0.78538538693324,-0.000102838225197387
0.968125,0.785385358338385,-0.000102838225197387
0.96825,0.78538532935333,-0.000102838225197387
0.968375,0.785385299988197,-0.000102838225197387
0.9685,0.785385270253155,-0.000102838225197387
0.968625,0.785385240158418,-0.000102838225197387
0.96875,0.785385209714233,-0.000102838225197387
0.968875,0.785385178930877,-0.000102838225197387
0.969,0.785385147818656,-8.04757465858573e-05
0.969125,0.785385116387901,-8.04757465858573e-05
0.96925,0.785385084649,-8.04757465858573e-05
0.969375,0.785385052612391,-8.04757465858573e-05
0.9695,0.785385020288543,-8.04757465858573e-05
0.969625,0.785384987687956,-8.04757465858573e-05
0.96975,0.785384954821149,-8.04757465858573e-05
0.969875,0.785384921698662,-8.04757465858573e-05
0.97,0.785384888331043,-5.87946518891485e-05
0.970125,0.785384854728854,-5.87946518891485e-05
0.97025,0.785384820902701,-5.87946518891485e-05
0.970375,0.78538478686322,-5.87946518891485e-05
0.9705,0.785384752621066,-5.87946518891485e-05
0.970625,0.785384718186907,-5.87946518891485e-05
0.97075,0.785384683571417,-5.87946518891485e-05
0.970875,0.785384648785273,-5.87946518891485e-05
0.971,0.785384613839146,-3.63396760640072e-05
0.971125,0.785384578743706,-3.63396760640072e-05
0.97125,0.78538454350965,-3.63396760640072e-05
0.971375,0.785384508147693,-3.63396760640072e-05
0.9715,0.785384472668553,-3.63396760640072e-05
0.971625,0.785384437082947,-3.63396760640072e-05
0.97175,0.785384401401584,-3.63396760640072e-05
0.971875,0.785384365635158,-3.63396760640072e-05
0.972,0.785384329794346,-1.6644029982686e-05
0.972125,0.785384293889805,-1.6644029982686e-05
0.97225,0.785384257932201,-1.6644029982686e-05
0.972375,0.785384221932197,-1.6644029982686e-05
0.9725,0.785384185900442,-1.6644029982686e-05
0.972625,0.785384149847562,-1.6644029982686e-05
0.97275,0.78538411378416,-1.6644029982686e-05
0.972875,0.785384077720805,-1.6644029982686e-05
0.973,0.785384041668027,1.75466305379917e-06
0.973125,0.785384005636321,1.75466305379917e-06
0.97325,0.78538396963617,1.75466305379917e-06
0.973375,0.785383933678033,1.75466305379917e-06
0.9735,0.785383897772333,1.75466305379917e-06
0.973625,0.785383861929454,1.75466305379917e-06
0.97375,0.785383826159735,1.75466305379917e-06
0.973875,0.785383790473461,1.75466305379917e-06
0.974,0.785383754880863,1.86828325953273e-05
0.974125,0.785383719392113,1.86828325953273e-05
0.97425,0.785383684017352,1.86828325953273e-05
0.974375,0.785383648766672,1.86828325953273e-05
0.9745,0.785383613650114,1.86828325953273e-05
0.974625,0.785383578677657,1.86828325953273e-05
0.97475,0.785383543859213,1.86828325953273e-05
0.974875,0.785383509204625,1.86828325953273e-05
0.975,0.785383474723657,3.39933828491762e-05
0.975125,0.785383440426001,3.39933828491762e-05
0.97525,0.785383406321287,3.39933828491762e-05
0.975375,0.785383372419084,3.39933828491762e-05
0.9755,0.785383338728882,3.39933828491762e-05
0.975625,0.785383305260093,3.39933828491762e-05
0.97575,0.785383272022041,3.39933828491762e-05
0.975875,0.78538323902396,3.39933828491762e-05
0.976,0.785383206274989,7.36310326999607e-05
0.976125,0.78538317378418,7.36310326999607e-05
0.97625,0.785383141560561,7.36310326999607e-05
0.976375,0.785383109613116,7.36310326999607e-05
0.9765,0.785383077950772,7.36310326999607e-05
0.976625,0.78538304658239,7.36310326999607e-05
0.97675,0.785383015516765,7.36310326999607e-05
0.976875,0.785382984762618,7.36310326999607e-05
0.977,0.785382954328594,8.56490496598103e-05
0.977125,0.785382924223257,8.56490496598103e-05
0.97725,0.785382894455111,8.56490496598103e-05
0.977375,0.785382865032587,8.56490496598103e-05
0.9775,0.785382835964038,8.56490496598103e-05
0.977625,0.785382807257732,8.56490496598103e-05
0.97775,0.785382778921849,8.56490496598103e-05
0.977875,0.785382750964478,8.56490496598103e-05
0.978,0.78538272339361,9.57801589397671e-05
0.978125,0.785382696217136,9.57801589397671e-05
0.97825,0.785382669442866,9.57801589397671e-05
0.978375,0.785382643078515,9.57801589397671e-05
0.9785,0.785382617131699,9.57801589397671e-05
0.978625,0.785382591609931,9.57801589397671e-05
0.97875,0.785382566520614,9.57801589397671e-05
0.978875,0.785382541871043,9.57801589397671e-05
0.979,0.785382517668394,0.000103946935201186
0.979125,0.785382493919728,0.000103946935201186
0.97925,0.785382470632,0.000103946935201186
0.979375,0.785382447812052,0.000103946935201186
0.9795,0.785382425466605,0.000103946935201186
0.979625,0.78538240360226,0.000103946935201186
0.97975,0.785382382225491,0.000103946935201186
0.979875,0.785382361342642,0.000103946935201186
0.98,0.785382340959925,0.000110111748847798
0.980125,0.785382321083418,0.000110111748847798
0.98025,0.785382301719072,0.000110111748847798
0.980375,0.785382282872705,0.000110111748847798
0.9805,0.785382264550002,0.000110111748847798
0.980625,0.785382246756503,0.000110111748847798
0.98075,0.78538222949761,0.000110111748847798
0.980875,0.785382212778577,0.000110111748847798
0.981,0.785382196604511,0.00014962175858031
0.981125,0.785382180980382,0.00014962175858031
0.98125,0.785382165911089,0.00014962175858031
0.981375,0.785382151401439,0.00014962175858031
0.9815,0.78538213745614,0.00014962175858031
0.981625,0.785382124079795,0.00014962175858031
0.98175,0.7853821112769,0.00014962175858031
0.981875,0.785382099051841,0.00014962175858031
0.982,0.785382087408893,0.000152198659680839
0.982125,0.785382076352219,0.000152198659680839
0.98225,0.785382065885869,0.000152198659680839
0.982375,0.785382056013782,0.000152198659680839
0.9825,0.785382046739778,0.000152198659680839
0.982625,0.785382038067559,0.000152198659680839
0.98275,0.785382030000706,0.000152198659680839
0.982875,0.785382022542678,0.000152198659680839
0.983,0.785382015696809,0.000152891982814449
0.983125,0.785382009466308,0.000152891982814449
0.98325,0.785382003854256,0.000152891982814449
0.983375,0.785381998863607,0.000152891982814449
0.9835,0.785381994497184,0.000152891982814449
0.983625,0.78538199075768,0.000152891982814449
0.98375,0.785381987647654,0.000152891982814449
0.983875,0.785381985169532,0.000152891982814449
0.984,0.785381983325602,0.000151739695502291
0.984125,0.785381982118018,0.000151739695502291
0.98425,0.785381981548793,0.000151739695502291
0.984375,0.785381981619798,0.000151739695502291
0.9845,0.785381982332765,0.000151739695502291
0.984625,0.785381983689284,0.000151739695502291
0.98475,0.7853819856908,0.000151739695502291
0.984875,0.785381988338616,0.000151739695502291
0.985,0.785381991633892,0.000148817681553567
0.985125,0.78538199557764,0.000148817681553567
0.98525,0.785382000170722,0.000148817681553567
0.985375,0.785382005413852,0.000148817681553567
0.9855,0.785382011307591,0.000148817681553567
0.985625,0.785382017852353,0.000148817681553567
0.98575,0.785382025048398,0.000148817681553567
0.985875,0.78538203289584,0.000148817681553567
0.986,0.785382041394642,0.000172587338629665
0.986125,0.785382050544625,0.000172587338629665
0.98625,0.78538206034551,0.000172587338629665
0.986375,0.78538207079691,0.000172587338629665
0.9865,0.78538208189832,0.000172587338629665
0.986625,0.785382093649125,0.000172587338629665
0.98675,0.785382106048592,0.000172587338629665
0.986875,0.785382119095877,0.000172587338629665
0.987,0.785382132790023,0.000166796439904119
0.987125,0.785382147129957,0.000166796439904119
0.98725,0.785382162114482,0.000166796439904119
0.987375,0.785382177742283,0.000166796439904119
0.9875,0.785382194011925,0.000166796439904119
0.987625,0.785382210921853,0.000166796439904119
0.98775,0.785382228470399,0.000166796439904119
0.987875,0.785382246655776,0.000166796439904119
0.988,0.785382265476085,0.00015966770605759
0.988125,0.78538228492931,0.00015966770605759
0.98825,0.785382305013307,0.00015966770605759
0.988375,0.785382325725809,0.00015966770605759
0.9885,0.78538234706443,0.00015966770605759
0.988625,0.785382369026664,0.00015966770605759
0.98875,0.78538239160989,0.00015966770605759
0.988875,0.78538241481137,0.00015966770605759
0.989,0.78538243862825,0.000151338437602599
0.989125,0.785382463057565,0.000151338437602599
0.98925,0.785382488096218,0.000151338437602599
0.989375,0.785382513740992,0.000151338437602599
0.9895,0.785382539988549,0.000151338437602599
0.989625,0.785382566835435,0.000151338437602599
0.98975,0.785382594278082,0.000151338437602599
0.989875,0.785382622312807,0.000151338437602599
0.99,0.785382650935817,0.000141968715980838
0.990125,0.785382680143208,0.000141968715980838
0.99025,0.785382709930948,0.000141968715980838
0.990375,0.785382740294886,0.000141968715980838
0.9905,0.785382771230758,0.000141968715980838
0.990625,0.785382802734185,0.000141968715980838
0.99075,0.785382834800678,0.000141968715980838
0.990875,0.78538286742564,0.000141968715980838
0.991,0.78538290060437,0.000140475058345967
0.991125,0.785382934332065,0.000140475058345967
0.99125,0.785382968603816,0.000140475058345967
0.991375,0.785383003414619,0.000140475058345967
0.9915,0.78538303875937,0.000140475058345967
0.991625,0.785383074632874,0.000140475058345967
0.99175,0.785383111029846,0.000140475058345967
0.991875,0.785383147944912,0.000140475058345967
0.992,0.785383185372615,0.000129678302750103
0.992125,0.785383223307411,0.000129678302750103
0.99225,0.785383261743659,0.000129678302750103
0.992375,0.785383300675622,0.000129678302750103
0.9925,0.785383340097477,0.000129678302750103
0.992625,0.785383380003317,0.000129678302750103
0.99275,0.785383420387153,0.000129678302750103
0.992875,0.785383461242921,0.000129678302750103
0.993,0.785383502564482,0.000118428005644672
0.993125,0.785383544345621,0.000118428005644672
0.99325,0.785383586580036,0.000118428005644672
0.993375,0.785383629261339,0.000118428005644672
0.9935,0.785383672383069,0.000118428005644672
0.993625,0.785383715938692,0.000118428005644672
0.99375,0.785383759921603,0.000118428005644672
0.993875,0.785383804325135,0.000118428005644672
0.994,0.785383849142557,0.000106917043070604
0.994125,0.785383894367079,0.000106917043070604
0.99425,0.78538393999183,0.000106917043070604
0.994375,0.785383986009873,0.000106917043070604
0.9945,0.785384032414206,0.000106917043070604
0.994625,0.785384079197769,0.000106917043070604
0.99475,0.785384126353448,0.000106917043070604
0.994875,0.785384173874077,0.000106917043070604
0.995,0.785384221752444,9.53383042762009e-05
0.995125,0.785384269981288,9.53383042762009e-05
0.99525,0.785384318553288,9.53383042762009e-05
0.995375,0.785384367461066,9.53383042762009e-05
0.9955,0.785384416697199,9.53383042762009e-05
0.995625,0.78538446625422,9.53383042762009e-05
0.99575,0.785384516124622,9.53383042762009e-05
0.995875,0.785384566300864,9.53383042762009e-05
0.996,0.785384616775373,6.7399004069982e-05
0.996125,0.785384667540542,6.7399004069982e-05
0.99625,0.78538471858868,6.7399004069982e-05
0.996375,0.785384769912035,6.7399004069982e-05
0.9965,0.785384821502799,6.7399004069982e-05
0.996625,0.785384873353113,6.7399004069982e-05
0.99675,0.785384925455075,6.7399004069982e-05
0.996875,0.785384977800742,6.7399004069982e-05
0.997,0.785385030382134,5.60811575725924e-05
0.997125,0.785385083191236,5.60811575725924e-05
0.99725,0.785385136219979,5.60811575725924e-05
0.997375,0.785385189460257,5.60811575725924e-05
0.9975,0.785385242903925,5.60811575725924e-05
0.997625,0.78538529654281,5.60811575725924e-05
0.99775,0.785385350368713,5.60811575725924e-05
0.997875,0.785385404373414,5.60811575725924e-05
0.998,0.785385458548676,4.52476588870584e-05
0.998125,0.785385512886247,4.52476588870584e-05
0.99825,0.785385567377843,4.52476588870584e-05
0.998375,0.785385622015162,4.52476588870584e-05
0.9985,0.785385676789886,4.52476588870584e-05
0.998625,0.78538573169369,4.52476588870584e-05
0.99875,0.785385786718241,4.52476588870584e-05
0.998875,0.78538584185521,4.52476588870584e-05
0.999,0.785385897096269,3.50905082101086e-05
0.999125,0.785385952433098,3.50905082101086e-05
0.99925,0.785386007857368,3.50905082101086e-05
0.999375,0.785386063360752,3.50905082101086e-05
0.9995,0.785386118934932,3.50905082101086e-05
0.999625,0.785386174571603,3.50905082101086e-05
0.99975,0.785386230262475,3.50905082101086e-05
0.999875,0.785386285999282,3.50905082101086e-05
1,0.785386341773785,2.57786839271103e-05
1.000125,0.78538639757777,2.57786839271103e-05
1.00025,0.785386453403042,2.57786839271103e-05
1.000375,0.785386509241429,2.57786839271103e-05
1.0005,0.785386565084791,2.57786839271103e-05
1.000625,0.78538662092502,2.57786839271103e-05
1.00075,0.785386676754053,2.57786839271103e-05
1.000875,0.785386732563867,2.57786839271103e-05
1.001,0.785386788346491,-2.18185476939987e-05
1.001125,0.785386844093984,-2.18185476939987e-05
1.00125,0.785386899798372,-2.18185476939987e-05
1.001375,0.785386955451655,-2.18185476939987e-05
1.0015,0.785387011045836,-2.18185476939987e-05
1.001625,0.785387066572917,-2.18185476939987e-05
1.00175,0.785387122024908,-2.18185476939987e-05
1.001875,0.785387177393828,-2.18185476939987e-05
1.002,0.785387232671713,-2.94438391808942e-05
1.002125,0.785387287850615,-2.94438391808942e-05
1.00225,0.785387342922596,-2.94438391808942e-05
1.002375,0.785387397879733,-2.94438391808942e-05
1.0025,0.785387452714123,-2.94438391808942e-05
1.002625,0.785387507417894,-2.94438391808942e-05
1.00275,0.785387561983199,-2.94438391808942e-05
1.002875,0.78538761640223,-2.94438391808942e-05
1.003,0.785387670667218,-3.58699447224902e-05
1.003125,0.785387724770434,-3.58699447224902e-05
1.00325,0.785387778704184,-3.58699447224902e-05
1.003375,0.785387832460816,-3.58699447224902e-05
1.0035,0.785387886032725,-3.58699447224902e-05
1.003625,0.785387939412355,-3.58699447224902e-05
1.00375,0.785387992592209,-3.58699447224902e-05
1.003875,0.785388045564846,-3.58699447224902e-05
1.004,0.785388098322892,-4.09574246625191e-05
1.004125,0.785388150859035,-4.09574246625191e-05
1.00425,0.785388203166027,-4.09574246625191e-05
1.004375,0.785388255236685,-4.09574246625191e-05
1.0045,0.785388307063898,-4.09574246625191e-05
1.004625,0.785388358640633,-4.09574246625191e-05
1.00475,0.785388409959934,-4.09574246625191e-05
1.004875,0.78538846101493,-4.09574246625191e-05
1.005,0.785388511798837,-4.46063420633969e-05
1.005125,0.785388562304959,-4.46063420633969e-05
1.00525,0.785388612526689,-4.46063420633969e-05
1.005375,0.78538866245751,-4.46063420633969e-05
1.0055,0.785388712091003,-4.46063420633969e-05
1.005625,0.785388761420846,-4.46063420633969e-05
1.00575,0.785388810440822,-4.46063420633969e-05
1.005875,0.785388859144819,-4.46063420633969e-05
1.006,0.785388907526835,-9.97647936539435e-05
1.006125,0.78538895558096,-9.97647936539435e-05
1.00625,0.785389003301287,-9.97647936539435e-05
1.006375,0.785389050681935,-9.97647936539435e-05
1.0065,0.785389097717064,-9.97647936539435e-05
1.006625,0.785389144400884,-9.97647936539435e-05
1.00675,0.78538919072765,-9.97647936539435e-05
1.006875,0.785389236691671,-9.97647936539435e-05
1.007,0.785389282287314,-0.000100953700124727
1.007125,0.785389327509001,-0.000100953700124727
1.00725,0.785389372351216,-0.000100953700124727
1.007375,0.785389416808503,-0.000100953700124727
1.0075,0.785389460875476,-0.000100953700124727
1.007625,0.785389504546815,-0.000100953700124727
1.00775,0.785389547817274,-0.000100953700124727
1.007875,0.785389590681681,-0.000100953700124727
1.008,0.785389633134942,-0.000100640352102454
1.008125,0.785389675172044,-0.000100640352102454
1.00825,0.785389716788058,-0.000100640352102454
1.008375,0.785389757978141,-0.000100640352102454
1.0085,0.785389798737539,-0.000100640352102454
1.008625,0.785389839061591,-0.000100640352102454
1.00875,0.785389878945728,-0.000100640352102454
1.008875,0.78538991838548,-0.000100640352102454
1.009,0.785389957376473,-9.87701434334227e-05
1.009125,0.785389995914439,-9.87701434334227e-05
1.00925,0.785390033995212,-9.87701434334227e-05
1.009375,0.785390071614741,-9.87701434334227e-05
1.0095,0.785390108769082,-9.87701434334227e-05
1.009625,0.785390145454403,-9.87701434334227e-05
1.00975,0.785390181666989,-9.87701434334227e-05
1.009875,0.785390217403242,-9.87701434334227e-05
1.01,0.78539025265968,-9.53335590786283e-05
1.010125,0.785390287432945,-9.53335590786283e-05
1.01025,0.785390321719806,-9.53335590786283e-05
1.010375,0.785390355517163,-9.53335590786283e-05
1.0105,0.785390388822046,-9.53335590786283e-05
1.010625,0.785390421631617,-9.53335590786283e-05
1.01075,0.78539045394317,-9.53335590786283e-05
1.010875,0.785390485754134,-9.53335590786283e-05
1.011,0.785390517062076,-0.00014462469578152
1.011125,0.785390547864677,-0.00014462469578152
1.01125,0.785390578159659,-0.00014462469578152
1.011375,0.785390607944798,-0.00014462469578152
1.0115,0.785390637217942,-0.00014462469578152
1.011625,0.785390665977006,-0.00014462469578152
1.01175,0.78539069421998,-0.00014462469578152
1.011875,0.785390721944925,-0.00014462469578152
1.012,0.785390749149978,-0.000138774718303837
1.012125,0.785390775833351,-0.000138774718303837
1.01225,0.785390801993347,-0.000138774718303837
1.012375,0.785390827628354,-0.000138774718303837
1.0125,0.785390852736846,-0.000138774718303837
1.012625,0.785390877317385,-0.000138774718303837
1.01275,0.785390901368621,-0.000138774718303837
1.012875,0.785390924889293,-0.000138774718303837
1.013,0.785390947878227,-0.000131584452305449
1.013125,0.785390970334345,-0.000131584452305449
1.01325,0.785390992256672,-0.000131584452305449
1.013375,0.785391013644336,-0.000131584452305449
1.0135,0.785391034496568,-0.000131584452305449
1.013625,0.7853910548127,-0.000131584452305449
1.01375,0.785391074592166,-0.000131584452305449
1.013875,0.785391093834504,-0.000131584452305449
1.014,0.785391112539355,-0.000123089203336943
1.014125,0.785391130706463,-0.000123089203336943
1.01425,0.785391148335697,-0.000123089203336943
1.014375,0.78539116542704,-0.000123089203336943
1.0145,0.78539118198059,-0.000123089203336943
1.014625,0.785391197996563,-0.000123089203336943
1.01475,0.785391213475286,-0.000123089203336943
1.014875,0.785391228417204,-0.000123089203336943
1.015,0.785391242822873,-0.000113363263356131
1.015125,0.785391256692968,-0.000113363263356131
1.01525,0.785391270028297,-0.000113363263356131
1.015375,0.785391282829798,-0.000113363263356131
1.0155,0.785391295098533,-0.000113363263356131
1.015625,0.78539130683569,-0.000113363263356131
1.01575,0.785391318042583,-0.000113363263356131
1.015875,0.785391328720648,-0.000113363263356131
1.016,0.785391338871443,-0.000146047552313398
1.016125,0.785391348496638,-0.000146047552313398
1.01625,0.785391357597955,-0.000146047552313398
1.016375,0.785391366177181,-0.000146047552313398
1.0165,0.785391374236176,-0.000146047552313398
1.016625,0.785391381776867,-0.000146047552313398
1.01675,0.785391388801254,-0.000146047552313398
1.016875,0.785391395311404,-0.000146047552313398
1.017,0.785391401309451,-0.000134690485416351
1.017125,0.785391406797601,-0.000134690485416351
1.01725,0.785391411778146,-0.000134690485416351
1.017375,0.785391416253462,-0.000134690485416351
1.0175,0.785391420226004,-0.000134690485416351
1.017625,0.785391423698302,-0.000134690485416351
1.01775,0.785391426672966,-0.000134690485416351
1.017875,0.785391429152677,-0.000134690485416351
1.018,0.785391431140189,-0.000122533752337531
1.018125,0.785391432638333,-0.000122533752337531
1.01825,0.785391433650034,-0.000122533752337531
1.018375,0.785391434178307,-0.000122533752337531
1.0185,0.785391434226248,-0.000122533752337531
1.018625,0.785391433797038,-0.000122533752337531
1.01875,0.785391432893937,-0.000122533752337531
1.018875,0.785391431520283,-0.000122533752337531
1.019,0.785391429679491,-0.000109681249406378
1.019125,0.785391427375056,-0.000109681249406378
1.01925,0.785391424610571,-0.000109681249406378
1.019375,0.785391421389722,-0.000109681249406378
1.0195,0.785391417716282,-0.000109681249406378
1.019625,0.785391413594109,-0.000109681249406378
1.01975,0.785391409027142,-0.000109681249406378
1.019875,0.785391404019403,-0.000109681249406378
1.02,0.78539139857499,-9.62607333512498e-05
1.020125,0.785391392698083,-9.62607333512498e-05
1.02025,0.785391386392962,-9.62607333512498e-05
1.020375,0.785391379664002,-9.62607333512498e-05
1.0205,0.785391372515665,-9.62607333512498e-05
1.020625,0.785391364952498,-9.62607333512498e-05
1.02075,0.785391356979131,-9.62607333512498e-05
1.020875,0.785391348600274,-9.62607333512498e-05
1.021,0.785391339820714,-0.000107181205317551
1.021125,0.78539133064531,-0.000107181205317551
1.02125,0.785391321078968,-0.000107181205317551
1.021375,0.785391311126648,-0.000107181205317551
1.0215,0.785391300793357,-0.000107181205317551
1.021625,0.785391290084153,-0.000107181205317551
1.02175,0.785391279004138,-0.000107181205317551
1.021875,0.785391267558455,-0.000107181205317551
1.022,0.785391255752288,-9.335626846055e-05
1.022125,0.785391243590862,-9.335626846055e-05
1.02225,0.785391231079466,-9.335626846055e-05
1.022375,0.785391218223439,-9.335626846055e-05
1.0225,0.785391205028172,-9.335626846055e-05
1.022625,0.785391191499098,-9.335626846055e-05
1.02275,0.785391177641694,-9.335626846055e-05
1.022875,0.785391163461473,-9.335626846055e-05
1.023,0.785391148963985,-7.9461759257998e-05
1.023125,0.785391134154819,-7.9461759257998e-05
1.02325,0.785391119039619,-7.9461759257998e-05
1.023375,0.785391103624082,-7.9461759257998e-05
1.0235,0.785391087913946,-7.9461759257998e-05
1.023625,0.78539107191499,-7.9461759257998e-05
1.02375,0.78539105563303,-7.9461759257998e-05
1.023875,0.785391039073914,-7.9461759257998e-05
1.024,0.785391022243522,-6.56308735284591e-05
1.024125,0.785391005147766,-6.56308735284591e-05
1.02425,0.785390987792609,-6.56308735284591e-05
1.024375,0.785390970184059,-6.56308735284591e-05
1.0245,0.785390952328161,-6.56308735284591e-05
1.024625,0.785390934230994,-6.56308735284591e-05
1.02475,0.785390915898665,-6.56308735284591e-05
1.024875,0.785390897337311,-6.56308735284591e-05
1.025,0.785390878553092,-5.20015920990633e-05
1.025125,0.785390859552191,-5.20015920990633e-05
1.02525,0.785390840340837,-5.20015920990633e-05
1.025375,0.785390820925297,-5.20015920990633e-05
1.0255,0.785390801311865,-5.20015920990633e-05
1.025625,0.785390781506862,-5.20015920990633e-05
1.02575,0.78539076151663,-5.20015920990633e-05
1.025875,0.785390741347533,-5.20015920990633e-05
1.026,0.785390721005947,-4.26108069178158e-05
1.026125,0.785390700498265,-4.26108069178158e-05
1.02625,0.785390679830907,-4.26108069178158e-05
1.026375,0.785390659010314,-4.26108069178158e-05
1.0265,0.785390638042943,-4.26108069178158e-05
1.026625,0.785390616935259,-4.26108069178158e-05
1.02675,0.785390595693737,-4.26108069178158e-05
1.026875,0.785390574324855,-4.26108069178158e-05
1.027,0.785390552835092,-2.9852426974017e-05
1.027125,0.785390531230929,-2.9852426974017e-05
1.02725,0.785390509518865,-2.9852426974017e-05
1.027375,0.785390487705412,-2.9852426974017e-05
1.0275,0.785390465797085,-2.9852426974017e-05
1.027625,0.785390443800401,-2.9852426974017e-05
1.02775,0.785390421721873,-2.9852426974017e-05
1.027875,0.78539039956801,-2.9852426974017e-05
1.028,0.785390377345309,-1.77157593942557e-05
1.028125,0.785390355060259,-1.77157593942557e-05
1.02825,0.785390332719357,-1.77157593942557e-05
1.028375,0.7853903103291,-1.77157593942557e-05
1.0285,0.785390287895978,-1.77157593942557e-05
1.028625,0.785390265426472,-1.77157593942557e-05
1.02875,0.785390242927046,-1.77157593942557e-05
1.028875,0.785390220404151,-1.77157593942557e-05
1.029,0.785390197864214,-6.31898766485927e-06
1.029125,0.785390175313644,-6.31898766485927e-06
1.02925,0.785390152758844,-6.31898766485927e-06
1.029375,0.785390130206206,-6.31898766485927e-06
1.0295,0.785390107662101,-6.31898766485927e-06
1.029625,0.785390085132882,-6.31898766485927e-06
1.02975,0.785390062624874,-6.31898766485927e-06
1.029875,0.785390040144373,-6.31898766485927e-06
1.03,0.785390017697643,4.23215199985182e-06
1.030125,0.785389995290918,4.23215199985182e-06
1.03025,0.785389972930413,4.23215199985182e-06
1.030375,0.785389950622317,4.23215199985182e-06
1.0305,0.78538992837279,4.23215199985182e-06
1.030625,0.785389906187957,4.23215199985182e-06
1.03075,0.785389884073907,4.23215199985182e-06
1.030875,0.785389862036687,4.23215199985182e-06
1.031,0.785389840082301,2.6846889421127e-05
1.031125,0.785389818216712,2.6846889421127e-05
1.03125,0.785389796445881,2.6846889421127e-05
1.031375,0.785389774775753,2.6846889421127e-05
1.0315,0.785389753212248,2.6846889421127e-05
1.031625,0.785389731761259,2.6846889421127e-05
1.03175,0.785389710428646,2.6846889421127e-05
1.031875,0.785389689220237,2.6846889421127e-05
1.032,0.785389668141823,3.5579556797629e-05
1.032125,0.785389647199155,3.5579556797629e-05
1.03225,0.785389626397961,3.5579556797629e-05
1.032375,0.785389605743934,3.5579556797629e-05
1.0325,0.785389585242733,3.5579556797629e-05
1.032625,0.785389564899973,3.5579556797629e-05
1.03275,0.785389544721227,3.5579556797629e-05
1.032875,0.785389524712023,3.5579556797629e-05
1.033,0.785389504877837,4.3235697833299e-05
1.033125,0.785389485224095,4.3235697833299e-05
1.03325,0.785389465756186,4.3235697833299e-05
1.033375,0.78538944647945,4.3235697833299e-05
1.0335,0.785389427399178,4.3235697833299e-05
1.033625,0.785389408520608,4.3235697833299e-05
1.03375,0.785389389848923,4.3235697833299e-05
1.033875,0.785389371389245,4.3235697833299e-05
1.034,0.785389353146634,4.97481731755361e-05
1.034125,0.78538933512609,4.97481731755361e-05
1.03425,0.785389317332559,4.97481731755361e-05
1.034375,0.785389299770926,4.97481731755361e-05
1.0345,0.785389282446015,4.97481731755361e-05
1.034625,0.785389265362583,4.97481731755361e-05
1.03475,0.785389248525321,4.97481731755361e-05
1.034875,0.785389231938846,4.97481731755361e-05
1.035,0.785389215607705,5.50729113180547e-05
1.035125,0.785389199536369,5.50729113180547e-05
1.03525,0.785389183729242,5.50729113180547e-05
1.035375,0.785389168190659,5.50729113180547e-05
1.0355,0.785389152924876,5.50729113180547e-05
1.035625,0.785389137936075,5.50729113180547e-05
1.03575,0.785389123228358,5.50729113180547e-05
1.035875,0.785389108805743,5.50729113180547e-05
1.036,0.785389094672166,8.07132928499223e-05
1.036125,0.785389080831488,8.07132928499223e-05
1.03625,0.785389067287531,8.07132928499223e-05
1.036375,0.785389054044072,8.07132928499223e-05
1.0365,0.785389041104835,8.07132928499223e-05
1.036625,0.785389028473483,8.07132928499223e-05
1.03675,0.785389016153622,8.07132928499223e-05
1.036875,0.785389004148796,8.07132928499223e-05
1.037,0.785388992462488,8.38488129479858e-05
1.037125,0.785388981098113,8.38488129479858e-05
1.03725,0.785388970059029,8.38488129479858e-05
1.037375,0.78538895934853,8.38488129479858e-05
1.0375,0.785388948969844,8.38488129479858e-05
1.037625,0.78538893892613,8.38488129479858e-05
1.03775,0.785388929220479,8.38488129479858e-05
1.037875,0.785388919855911,8.38488129479858e-05
1.038,0.785388910835373,8.58016473025362e-05
1.038125,0.785388902161737,8.58016473025362e-05
1.03825,0.785388893837807,8.58016473025362e-05
1.038375,0.785388885866309,8.58016473025362e-05
1.0385,0.785388878249895,8.58016473025362e-05
1.038625,0.785388870991141,8.58016473025362e-05
1.03875,0.785388864092541,8.58016473025362e-05
1.038875,0.785388857556513,8.58016473025362e-05
1.039,0.785388851385389,8.65737047296472e-05
1.039125,0.785388845581424,8.65737047296472e-05
1.03925,0.785388840146787,8.65737047296472e-05
1.039375,0.785388835083565,8.65737047296472e-05
1.0395,0.785388830393761,8.65737047296472e-05
1.039625,0.785388826079291,8.65737047296472e-05
1.03975,0.785388822141985,8.65737047296472e-05
1.039875,0.785388818583585,8.65737047296472e-05
1.04,0.785388815405745,8.61915226800982e-05
1.040125,0.785388812610028,8.61915226800982e-05
1.04025,0.785388810197907,8.61915226800982e-05
1.040375,0.785388808170765,8.61915226800982e-05
1.0405,0.78538880652989,8.61915226800982e-05
1.040625,0.78538880527648,8.61915226800982e-05
1.04075,0.785388804411637,8.61915226800982e-05
1.040875,0.785388803936372,8.61915226800982e-05
1.041,0.785388803851599,0.000104761106252212
1.041125,0.785388804158147,0.000104761106252212
1.04125,0.785388804856785,0.000104761106252212
1.041375,0.785388805948221,0.000104761106252212
1.0415,0.785388807433092,0.000104761106252212
1.041625,0.785388809311967,0.000104761106252212
1.04175,0.785388811585343,0.000104761106252212
1.041875,0.78538881425365,0.000104761106252212
1.042,0.785388817317245,0.000102456046106168
1.042125,0.785388820776418,0.000102456046106168
1.04225,0.78538882463138,0.000102456046106168
1.042375,0.785388828882269,0.000102456046106168
1.0425,0.78538883352915,0.000102456046106168
1.042625,0.785388838572013,0.000102456046106168
1.04275,0.785388844010776,0.000102456046106168
1.042875,0.785388849845282,0.000102456046106168
1.043,0.7853888560753,9.92121996362442e-05
1.043125,0.785388862700526,9.92121996362442e-05
1.04325,0.785388869720575,9.92121996362442e-05
1.043375,0.785388877134985,9.92121996362442e-05
1.0435,0.785388884943216,9.92121996362442e-05
1.043625,0.785388893144651,9.92121996362442e-05
1.04375,0.785388901738597,9.92121996362442e-05
1.043875,0.785388910724285,9.92121996362442e-05
1.044,0.785388920100869,9.5096824043746e-05
1.044125,0.78538892986743,9.5096824043746e-05
1.04425,0.785388940022962,9.5096824043746e-05
1.044375,0.785388950566382,9.5096824043746e-05
1.0445,0.785388961496524,9.5096824043746e-05
1.044625,0.785388972812148,9.5096824043746e-05
1.04475,0.785388984511933,9.5096824043746e-05
1.044875,0.785388996594483,9.5096824043746e-05
1.045,0.785389009058324,9.01946907516963e-05
1.045125,0.785389021901908,9.01946907516963e-05
1.04525,0.785389035123601,9.01946907516963e-05
1.045375,0.785389048721688,9.01946907516963e-05
1.0455,0.785389062694374,9.01946907516963e-05
1.045625,0.785389077039786,9.01946907516963e-05
1.04575,0.785389091755975,9.01946907516963e-05
1.045875,0.785389106840915,9.01946907516963e-05
1.046,0.785389122292507,9.46141448964383e-05
1.046125,0.785389138108577,9.46141448964383e-05
1.04625,0.78538915428689,9.46141448964383e-05
1.046375,0.785389170825148,9.46141448964383e-05
1.0465,0.785389187720988,9.46141448964383e-05
1.046625,0.785389204971986,9.46141448964383e-05
1.04675,0.785389222575658,9.46141448964383e-05
1.046875,0.785389240529459,9.46141448964383e-05
1.047,0.785389258830788,8.8562670968911e-05
1.047125,0.785389277476986,8.8562670968911e-05
1.04725,0.785389296465324,8.8562670968911e-05
1.047375,0.785389315793013,8.8562670968911e-05
1.0475,0.7853893354572,8.8562670968911e-05
1.047625,0.785389355454978,8.8562670968911e-05
1.04775,0.785389375783379,8.8562670968911e-05
1.047875,0.78538939643938,8.8562670968911e-05
1.048,0.785389417419907,8.206603521072e-05
1.048125,0.785389438721829,8.206603521072e-05
1.04825,0.785389460341952,8.206603521072e-05
1.048375,0.785389482277024,8.206603521072e-05
1.0485,0.785389504523735,8.206603521072e-05
1.048625,0.785389527078723,8.206603521072e-05
1.04875,0.785389549938573,8.206603521072e-05
1.048875,0.785389573099819,8.206603521072e-05
1.049,0.785389596558947,7.5234368657417e-05
1.049125,0.785389620312396,7.5234368657417e-05
1.04925,0.785389644356545,7.5234368657417e-05
1.049375,0.785389668687718,7.5234368657417e-05
1.0495,0.785389693302193,7.5234368657417e-05
1.049625,0.785389718196195,7.5234368657417e-05
1.04975,0.785389743365907,7.5234368657417e-05
1.049875,0.785389768807467,7.5234368657417e-05
1.05,0.785389794516971,6.81823920809175e-05
1.050125,0.785389820490474,6.81823920809175e-05
1.05025,0.785389846723979,6.81823920809175e-05
1.050375,0.785389873213441,6.81823920809175e-05
1.0505,0.785389899954775,6.81823920809175e-05
1.050625,0.785389926943852,6.81823920809175e-05
1.05075,0.785389954176508,6.81823920809175e-05
1.050875,0.785389981648541,6.81823920809175e-05
1.051,0.785390009355717,5.61869379583149e-05
1.051125,0.785390037293765,5.61869379583149e-05
1.05125,0.785390065458361,5.61869379583149e-05
1.051375,0.785390093845134,5.61869379583149e-05
1.0515,0.785390122449674,5.61869379583149e-05
1.051625,0.78539015126753,5.61869379583149e-05
1.05175,0.785390180294215,5.61869379583149e-05
1.051875,0.785390209525209,5.61869379583149e-05
1.052,0.78539023895596,4.90002645324391e-05
1.052125,0.785390268581886,4.90002645324391e-05
1.05225,0.785390298398363,4.90002645324391e-05
1.052375,0.785390328400732,4.90002645324391e-05
1.0525,0.785390358584302,4.90002645324391e-05
1.052625,0.785390388944355,4.90002645324391e-05
1.05275,0.785390419476144,4.90002645324391e-05
1.052875,0.785390450174901,4.90002645324391e-05
1.053,0.785390481035837,4.19474807733734e-05
1.053125,0.785390512054143,4.19474807733734e-05
1.05325,0.785390543224978,4.19474807733734e-05
1.053375,0.785390574543478,4.19474807733734e-05
1.0535,0.785390606004758,4.19474807733734e-05
1.053625,0.785390637603917,4.19474807733734e-05
1.05375,0.785390669336038,4.19474807733734e-05
1.053875,0.785390701196192,4.19474807733734e-05
1.054,0.785390733179441,3.51484565016953e-05
1.054125,0.785390765280838,3.51484565016953e-05
1.05425,0.785390797495418,3.51484565016953e-05
1.054375,0.785390829818204,3.51484565016953e-05
1.0545,0.78539086224421,3.51484565016953e-05
1.054625,0.785390894768446,3.51484565016953e-05
1.05475,0.785390927385918,3.51484565016953e-05
1.054875,0.785390960091633,3.51484565016953e-05
1.055,0.785390992880599,2.87132221531261e-05
1.055125,0.785391025747831,2.87132221531261e-05
1.05525,0.785391058688335,2.87132221531261e-05
1.055375,0.78539109169712,2.87132221531261e-05
1.0555,0.785391124769199,2.87132221531261e-05
1.055625,0.785391157899591,2.87132221531261e-05
1.05575,0.785391191083327,2.87132221531261e-05
1.055875,0.785391224315449,2.87132221531261e-05
1.056,0.785391257591015,3.10227305080885e-06
1.056125,0.785391290905093,3.10227305080885e-06
1.05625,0.785391324252716,3.10227305080885e-06
1.056375,0.785391357628902,3.10227305080885e-06
1.0565,0.785391391028654,3.10227305080885e-06
1.056625,0.78539142444697,3.10227305080885e-06
1.05675,0.785391457878841,3.10227305080885e-06
1.056875,0.785391491319259,3.10227305080885e-06
1.057,0.785391524763214,-2.52544056491381e-06
1.057125,0.785391558205699,-2.52544056491381e-06
1.05725,0.785391591641699,-2.52544056491381e-06
1.057375,0.785391625066201,-2.52544056491381e-06
1.0575,0.785391658474195,-2.52544056491381e-06
1.057625,0.785391691860678,-2.52544056491381e-06
1.05775,0.785391725220655,-2.52544056491381e-06
1.057875,0.785391758549143,-2.52544056491381e-06
1.058,0.785391791841176,-7.52996942331554e-06
1.058125,0.785391825091801,-7.52996942331554e-06
1.05825,0.785391858296075,-7.52996942331554e-06
1.058375,0.785391891449072,-7.52996942331554e-06
1.0585,0.785391924545882,-7.52996942331554e-06
1.058625,0.785391957581616,-7.52996942331554e-06
1.05875,0.785391990551412,-7.52996942331554e-06
1.058875,0.785392023450429,-7.52996942331554e-06
1.059,0.785392056273861,-1.18149889292437e-05
1.059125,0.785392089016928,-1.18149889292437e-05
1.05925,0.785392121674877,-1.18149889292437e-05
1.059375,0.785392154242985,-1.18149889292437e-05
1.0595,0.785392186716562,-1.18149889292437e-05
1.059625,0.785392219090954,-1.18149889292437e-05
1.05975,0.785392251361545,-1.18149889292437e-05
1.059875,0.78539228352376,-1.18149889292437e-05
1.06,0.785392315573069,-1.53055713124207e-05
1.060125,0.785392347504983,-1.53055713124207e-05
1.06025,0.785392379315058,-1.53055713124207e-05
1.060375,0.785392410998893,-1.53055713124207e-05
1.0605,0.785392442552135,-1.53055713124207e-05
1.060625,0.785392473970481,-1.53055713124207e-05
1.06075,0.785392505249681,-1.53055713124207e-05
1.060875,0.785392536385542,-1.53055713124207e-05
1.061,0.785392567373923,-4.79118525493558e-05
1.061125,0.785392598210736,-4.79118525493558e-05
1.06125,0.785392628891885,-4.79118525493558e-05
1.061375,0.785392659413283,-4.79118525493558e-05
1.0615,0.785392689770862,-4.79118525493558e-05
1.061625,0.785392719960575,-4.79118525493558e-05
1.06175,0.785392749978401,-4.79118525493558e-05
1.061875,0.785392779820342,-4.79118525493558e-05
1.062,0.785392809482429,-4.99911949030777e-05
1.062125,0.785392838960724,-4.99911949030777e-05
1.06225,0.785392868251316,-4.99911949030777e-05
1.062375,0.785392897350325,-4.99911949030777e-05
1.0625,0.785392926253906,-4.99911949030777e-05
1.062625,0.785392954958248,-4.99911949030777e-05
1.06275,0.78539298345958,-4.99911949030777e-05
1.062875,0.78539301175417,-4.99911949030777e-05
1.063,0.785393039838328,-5.11821643872623e-05
1.063125,0.785393067708409,-5.11821643872623e-05
1.06325,0.78539309536081,-5.11821643872623e-05
1.063375,0.785393122791975,-5.11821643872623e-05
1.0635,0.785393149998398,-5.11821643872623e-05
1.063625,0.785393176976619,-5.11821643872623e-05
1.06375,0.785393203723234,-5.11821643872623e-05
1.063875,0.785393230234892,-5.11821643872623e-05
1.064,0.785393256508297,-5.143574474117e-05
1.064125,0.785393282540211,-5.143574474117e-05
1.06425,0.785393308327454,-5.143574474117e-05
1.064375,0.785393333866908,-5.143574474117e-05
1.0645,0.785393359155516,-5.143574474117e-05
1.064625,0.785393384190285,-5.143574474117e-05
1.06475,0.785393408968289,-5.143574474117e-05
1.064875,0.785393433486667,-5.143574474117e-05
1.065,0.785393457742627,-5.07298303504172e-05
1.065125,0.78539348173345,-5.07298303504172e-05
1.06525,0.785393505456485,-5.07298303504172e-05
1.065375,0.78539352890916,-5.07298303504172e-05
1.0655,0.785393552088975,-5.07298303504172e-05
1.065625,0.785393574993507,-5.07298303504172e-05
1.06575,0.785393597620412,-5.07298303504172e-05
1.065875,0.785393619967424,-5.07298303504172e-05
1.066,0.785393642032357,-8.21413912975255e-05
1.066125,0.785393663813095,-8.21413912975255e-05
1.06625,0.785393685307539,-8.21413912975255e-05
1.066375,0.785393706513623,-8.21413912975255e-05
1.0665,0.785393727429316,-8.21413912975255e-05
1.066625,0.785393748052632,-8.21413912975255e-05
1.06675,0.785393768381624,-8.21413912975255e-05
1.066875,0.785393788414387,-8.21413912975255e-05
1.067,0.785393808149062,-7.99045121419432e-05
1.067125,0.785393827583835,-7.99045121419432e-05
1.06725,0.78539384671694,-7.99045121419432e-05
1.067375,0.785393865546665,-7.99045121419432e-05
1.0675,0.785393884071347,-7.99045121419432e-05
1.067625,0.785393902289374,-7.99045121419432e-05
1.06775,0.785393920199188,-7.99045121419432e-05
1.067875,0.785393937799285,-7.99045121419432e-05
1.068,0.785393955088213,-7.67961764037595e-05
1.068125,0.785393972064579,-7.67961764037595e-05
1.06825,0.78539398872705,-7.67961764037595e-05
1.068375,0.785394005074356,-7.67961764037595e-05
1.0685,0.785394021105288,-7.67961764037595e-05
1.068625,0.785394036818699,-7.67961764037595e-05
1.06875,0.785394052213506,-7.67961764037595e-05
1.068875,0.78539406728869,-7.67961764037595e-05
1.069,0.785394082043292,-7.28228162980263e-05
1.069125,0.785394096476424,-7.28228162980263e-05
1.06925,0.785394110587268,-7.28228162980263e-05
1.069375,0.785394124375079,-7.28228162980263e-05
1.0695,0.785394137839183,-7.28228162980263e-05
1.069625,0.785394150978977,-7.28228162980263e-05
1.06975,0.785394163793931,-7.28228162980263e-05
1.069875,0.785394176283587,-7.28228162980263e-05
1.07,0.785394188447559,-6.80160970346442e-05
1.070125,0.785394200285536,-6.80160970346442e-05
1.07025,0.785394211797287,-6.80160970346442e-05
1.070375,0.785394222982666,-6.80160970346442e-05
1.0705,0.785394233841602,-6.80160970346442e-05
1.070625,0.785394244374106,-6.80160970346442e-05
1.07075,0.785394254580269,-6.80160970346442e-05
1.070875,0.78539426446026,-6.80160970346442e-05
1.071,0.785394274014327,-9.0991207933251e-05
1.071125,0.785394283242788,-9.0991207933251e-05
1.07125,0.785394292145994,-9.0991207933251e-05
1.071375,0.785394300724336,-9.0991207933251e-05
1.0715,0.785394308978246,-9.0991207933251e-05
1.071625,0.785394316908207,-9.0991207933251e-05
1.07175,0.785394324514741,-9.0991207933251e-05
1.071875,0.785394331798417,-9.0991207933251e-05
1.072,0.785394338759848,-8.50106595525129e-05
1.072125,0.785394345399693,-8.50106595525129e-05
1.07225,0.785394351718665,-8.50106595525129e-05
1.072375,0.785394357717531,-8.50106595525129e-05
1.0725,0.78539436339711,-8.50106595525129e-05
1.072625,0.78539436875827,-8.50106595525129e-05
1.07275,0.78539437380193,-8.50106595525129e-05
1.072875,0.785394378529057,-8.50106595525129e-05
1.073,0.785394382940669,-7.84289105278231e-05
1.073125,0.785394387037835,-7.84289105278231e-05
1.07325,0.785394390821683,-7.84289105278231e-05
1.073375,0.785394394293402,-7.84289105278231e-05
1.0735,0.785394397454234,-7.84289105278231e-05
1.073625,0.785394400305478,-7.84289105278231e-05
1.07375,0.785394402848488,-7.84289105278231e-05
1.073875,0.785394405084671,-7.84289105278231e-05
1.074,0.785394407015487,-7.12992974747417e-05
1.074125,0.78539440864245,-7.12992974747417e-05
1.07425,0.78539440996714,-7.12992974747417e-05
1.074375,0.7853944109912,-7.12992974747417e-05
1.0745,0.785394411716332,-7.12992974747417e-05
1.074625,0.785394412144297,-7.12992974747417e-05
1.07475,0.785394412276913,-7.12992974747417e-05
1.074875,0.785394412116055,-7.12992974747417e-05
1.075,0.785394411663653,-6.36925610320782e-05
1.075125,0.785394410921695,-6.36925610320782e-05
1.07525,0.785394409892236,-6.36925610320782e-05
1.075375,0.785394408577398,-6.36925610320782e-05
1.0755,0.785394406979363,-6.36925610320782e-05
1.075625,0.785394405100374,-6.36925610320782e-05
1.07575,0.785394402942733,-6.36925610320782e-05
1.075875,0.7853944005088,-6.36925610320782e-05
1.076,0.785394397800992,-7.39669486761234e-05
1.076125,0.785394394821775,-7.39669486761234e-05
1.07625,0.785394391573651,-7.39669486761234e-05
1.076375,0.785394388059155,-7.39669486761234e-05
1.0765,0.785394384280856,-7.39669486761234e-05
1.076625,0.785394380241362,-7.39669486761234e-05
1.07675,0.78539437594331,-7.39669486761234e-05
1.076875,0.785394371389372,-7.39669486761234e-05
1.077,0.785394366582248,-6.58754683665914e-05
1.077125,0.785394361524671,-6.58754683665914e-05
1.07725,0.785394356219416,-6.58754683665914e-05
1.077375,0.7853943506693,-6.58754683665914e-05
1.0775,0.785394344877174,-6.58754683665914e-05
1.077625,0.785394338845923,-6.58754683665914e-05
1.07775,0.785394332578466,-6.58754683665914e-05
1.077875,0.785394326077752,-6.58754683665914e-05
1.078,0.785394319346759,-5.76064822394814e-05
1.078125,0.785394312388497,-5.76064822394814e-05
1.07825,0.785394305206017,-5.76064822394814e-05
1.078375,0.78539429780241,-5.76064822394814e-05
1.0785,0.785394290180801,-5.76064822394814e-05
1.078625,0.785394282344348,-5.76064822394814e-05
1.07875,0.785394274296239,-5.76064822394814e-05
1.078875,0.785394266039692,-5.76064822394814e-05
1.079,0.785394257577952,-4.92388764428988e-05
1.079125,0.785394248914293,-4.92388764428988e-05
1.07925,0.785394240052031,-4.92388764428988e-05
1.079375,0.785394230994516,-4.92388764428988e-05
1.0795,0.785394221745131,-4.92388764428988e-05
1.079625,0.785394212307289,-4.92388764428988e-05
1.07975,0.785394202684433,-4.92388764428988e-05
1.079875,0.78539419288003,-4.92388764428988e-05
1.08,0.785394182897573,-4.0857703357137e-05
1.080125,0.78539417274058,-4.0857703357137e-05
1.08025,0.785394162412606,-4.0857703357137e-05
1.080375,0.785394151917242,-4.0857703357137e-05
1.0805,0.785394141258103,-4.0857703357137e-05
1.080625,0.785394130438834,-4.0857703357137e-05
1.08075,0.785394119463104,-4.0857703357137e-05
1.080875,0.785394108334603,-4.0857703357137e-05
1.081,0.785394097057044,-3.81352255216553e-05
1.081125,0.785394085634156,-3.81352255216553e-05
1.08125,0.785394074069694,-3.81352255216553e-05
1.081375,0.785394062367429,-3.81352255216553e-05
1.0815,0.785394050531148,-3.81352255216553e-05
1.081625,0.785394038564655,-3.81352255216553e-05
1.08175,0.785394026471763,-3.81352255216553e-05
1.081875,0.785394014256295,-3.81352255216553e-05
1.082,0.785394001922083,-3.00612488946943e-05
1.082125,0.785393989472967,-3.00612488946943e-05
1.08225,0.785393976912807,-3.00612488946943e-05
1.082375,0.785393964245478,-3.00612488946943e-05
1.0825,0.785393951474865,-3.00612488946943e-05
1.082625,0.785393938604864,-3.00612488946943e-05
1.08275,0.785393925639376,-3.00612488946943e-05
1.082875,0.785393912582305,-3.00612488946943e-05
1.083,0.785393899437559,-2.2250838232558e-05
1.083125,0.78539388620905,-2.2250838232558e-05
1.08325,0.785393872900702,-2.2250838232558e-05
1.083375,0.785393859516448,-2.2250838232558e-05
1.0835,0.785393846060226,-2.2250838232558e-05
1.083625,0.785393832535979,-2.2250838232558e-05
1.08375,0.785393818947647,-2.2250838232558e-05
1.083875,0.78539380529917,-2.2250838232558e-05
1.084,0.785393791594485,-1.47815396245411e-05
1.084125,0.785393777837524,-1.47815396245411e-05
1.08425,0.785393764032228,-1.47815396245411e-05
1.084375,0.785393750182538,-1.47815396245411e-05
1.0845,0.785393736292396,-1.47815396245411e-05
1.084625,0.785393722365738,-1.47815396245411e-05
1.08475,0.785393708406495,-1.47815396245411e-05
1.084875,0.785393694418589,-1.47815396245411e-05
1.085,0.785393680405933,-7.72592329169646e-06
1.085125,0.785393666372428,-7.72592329169646e-06
1.08525,0.785393652321977,-7.72592329169646e-06
1.085375,0.785393638258476,-7.72592329169646e-06
1.0855,0.785393624185815,-7.72592329169646e-06
1.085625,0.78539361010787,-7.72592329169646e-06
1.08575,0.785393596028507,-7.72592329169646e-06
1.085875,0.785393581951573,-7.72592329169646e-06
1.086,0.785393567880903,4.5684891489413e-06
1.086125,0.785393553820312,4.5684891489413e-06
1.08625,0.785393539773623,4.5684891489413e-06
1.086375,0.785393525744653,4.5684891489413e-06
1.0865,0.785393511737213,4.5684891489413e-06
1.086625,0.785393497755103,4.5684891489413e-06
1.08675,0.785393483802112,4.5684891489413e-06
1.086875,0.785393469882014,4.5684891489413e-06
1.087,0.785393455998567,1.06617941109367e-05
1.087125,0.785393442155513,1.06617941109367e-05
1.08725,0.785393428356586,1.06617941109367e-05
1.087375,0.785393414605507,1.06617941109367e-05
1.0875,0.785393400905982,1.06617941109367e-05
1.087625,0.785393387261701,1.06617941109367e-05
1.08775,0.785393373676331,1.06617941109367e-05
1.087875,0.78539336015352,1.06617941109367e-05
1.088,0.78539334669689,1.61627420208166e-05
1.088125,0.785393333310041,1.61627420208166e-05
1.08825,0.785393319996555,1.61627420208166e-05
1.088375,0.785393306759996,1.61627420208166e-05
1.0885,0.785393293603902,1.61627420208166e-05
1.088625,0.785393280531787,1.61627420208166e-05
1.08875,0.785393267547135,1.61627420208166e-05
1.088875,0.785393254653404,1.61627420208166e-05
1.089,0.785393241854019,2.10192725848595e-05
1.089125,0.785393229152372,2.10192725848595e-05
1.08925,0.785393216551833,2.10192725848595e-05
1.089375,0.785393204055741,2.10192725848595e-05
1.0895,0.785393191667404,2.10192725848595e-05
1.089625,0.785393179390097,2.10192725848595e-05
1.08975,0.785393167227061,2.10192725848595e-05
1.089875,0.785393155181496,2.10192725848595e-05
1.09,0.785393143256568,2.51921645086197e-05
1.090125,0.7853931314554,2.51921645086197e-05
1.09025,0.785393119781085,2.51921645086197e-05
1.090375,0.785393108236677,2.51921645086197e-05
1.0905,0.785393096825191,2.51921645086197e-05
1.090625,0.785393085549602,2.51921645086197e-05
1.09075,0.785393074412842,2.51921645086197e-05
1.090875,0.785393063417797,2.51921645086197e-05
1.091,0.78539305256731,4.12191183863804e-05
1.091125,0.78539304186418,4.12191183863804e-05
1.09125,0.785393031311194,4.12191183863804e-05
1.091375,0.785393020911111,4.12191183863804e-05
1.0915,0.785393010666665,4.12191183863804e-05
1.091625,0.785393000580558,4.12191183863804e-05
1.09175,0.785392990655462,4.12191183863804e-05
1.091875,0.785392980894013,4.12191183863804e-05
1.092,0.785392971298815,4.40911209619307e-05
1.092125,0.785392961872436,4.40911209619307e-05
1.09225,0.785392952617413,4.40911209619307e-05
1.092375,0.785392943536248,4.40911209619307e-05
1.0925,0.785392934631409,4.40911209619307e-05
1.092625,0.785392925905325,4.40911209619307e-05
1.09275,0.785392917360387,4.40911209619307e-05
1.092875,0.785392908998946,4.40911209619307e-05
1.093,0.78539290082331,4.62403638475852e-05
1.093125,0.785392892835749,4.62403638475852e-05
1.09325,0.785392885038491,4.62403638475852e-05
1.093375,0.785392877433724,4.62403638475852e-05
1.0935,0.785392870023591,4.62403638475852e-05
1.093625,0.785392862810194,4.62403638475852e-05
1.09375,0.785392855795587,4.62403638475852e-05
1.093875,0.78539284898178,4.62403638475852e-05
1.094,0.785392842370733,4.76548897259804e-05
1.094125,0.78539283596436,4.76548897259804e-05
1.09425,0.785392829764529,4.76548897259804e-05
1.094375,0.785392823773057,4.76548897259804e-05
1.0945,0.785392817991714,4.76548897259804e-05
1.094625,0.78539281242222,4.76548897259804e-05
1.09475,0.785392807066242,4.76548897259804e-05
1.094875,0.785392801925397,4.76548897259804e-05
1.095,0.785392797001247,4.83382007991692e-05
1.095125,0.785392792295301,4.83382007991692e-05
1.09525,0.785392787809017,4.83382007991692e-05
1.095375,0.785392783543796,4.83382007991692e-05
1.0955,0.785392779500985,4.83382007991692e-05
1.095625,0.785392775681877,4.83382007991692e-05
1.09575,0.785392772087706,4.83382007991692e-05
1.095875,0.78539276871965,4.83382007991692e-05
1.096,0.78539276557883,6.17397848591748e-05
1.096125,0.785392762666315,6.17397848591748e-05
1.09625,0.785392759983139,6.17397848591748e-05
1.096375,0.785392757530303,6.17397848591748e-05
1.0965,0.785392755308767,6.17397848591748e-05
1.096625,0.785392753319448,6.17397848591748e-05
1.09675,0.785392751563225,6.17397848591748e-05
1.096875,0.785392750040931,6.17397848591748e-05
1.097,0.78539274875336,6.1172696756417e-05
1.097125,0.785392747701261,6.1172696756417e-05
1.09725,0.785392746885341,6.1172696756417e-05
1.097375,0.78539274630626,6.1172696756417e-05
1.0975,0.785392745964635,6.1172696756417e-05
1.097625,0.785392745861037,6.1172696756417e-05
1.09775,0.785392745995993,6.1172696756417e-05
1.097875,0.785392746369982,6.1172696756417e-05
1.098,0.785392746983441,5.99720312732886e-05
1.098125,0.785392747836757,5.99720312732886e-05
1.09825,0.785392748930271,5.99720312732886e-05
1.098375,0.785392750264273,5.99720312732886e-05
1.0985,0.785392751839008,5.99720312732886e-05
1.098625,0.785392753654671,5.99720312732886e-05
1.09875,0.785392755711408,5.99720312732886e-05
1.098875,0.785392758009318,5.99720312732886e-05
1.099,0.785392760548451,5.8167583715583e-05
1.099125,0.785392763328807,5.8167583715583e-05
1.09925,0.785392766350337,5.8167583715583e-05
1.099375,0.785392769612937,5.8167583715583e-05
1.0995,0.785392773116454,5.8167583715583e-05
1.099625,0.785392776860685,5.8167583715583e-05
1.09975,0.785392780845375,5.8167583715583e-05
1.099875,0.78539278507022,5.8167583715583e-05
1.1,0.785392789534864,5.58017102839515e-05
1.100125,0.785392794238904,5.58017102839515e-05
1.10025,0.785392799181878,5.58017102839515e-05
1.100375,0.785392804363274,5.58017102839515e-05
1.1005,0.785392809782526,5.58017102839515e-05
1.100625,0.785392815439017,5.58017102839515e-05
1.10075,0.785392821332078,5.58017102839515e-05
1.100875,0.785392827460987,5.58017102839515e-05
1.101,0.785392833824976,6.15867192767997e-05
1.101125,0.785392840423223,6.15867192767997e-05
1.10125,0.785392847254873,6.15867192767997e-05
1.101375,0.785392854319028,6.15867192767997e-05
1.1015,0.785392861614753,6.15867192767997e-05
1.101625,0.785392869141069,6.15867192767997e-05
1.10175,0.785392876896961,6.15867192767997e-05
1.101875,0.785392884881374,6.15867192767997e-05
1.102,0.785392893093215,5.83633069799745e-05
1.102125,0.785392901531353,5.83633069799745e-05
1.10225,0.785392910194611,5.83633069799745e-05
1.102375,0.785392919081775,5.83633069799745e-05
1.1025,0.785392928191585,5.83633069799745e-05
1.102625,0.785392937522748,5.83633069799745e-05
1.10275,0.785392947073926,5.83633069799745e-05
1.102875,0.785392956843749,5.83633069799745e-05
1.103,0.785392966830805,5.47706909353394e-05
1.103125,0.785392977033647,5.47706909353394e-05
1.10325,0.785392987450784,5.47706909353394e-05
1.103375,0.785392998080686,5.47706909353394e-05
1.1035,0.785393008921782,5.47706909353394e-05
1.103625,0.785393019972464,5.47706909353394e-05
1.10375,0.785393031231087,5.47706909353394e-05
1.103875,0.785393042695969,5.47706909353394e-05
1.104,0.785393054365393,5.08697254618003e-05
1.104125,0.785393066237608,5.08697254618003e-05
1.10425,0.785393078310819,5.08697254618003e-05
1.104375,0.785393090583193,5.08697254618003e-05
1.1045,0.785393103052862,5.08697254618003e-05
1.104625,0.785393115717919,5.08697254618003e-05
1.10475,0.785393128576426,5.08697254618003e-05
1.104875,0.785393141626408,5.08697254618003e-05
1.105,0.78539315486586,4.67267557629248e-05
1.105125,0.785393168292742,4.67267557629248e-05
1.10525,0.785393181904977,4.67267557629248e-05
1.105375,0.785393195700452,4.67267557629248e-05
1.1055,0.785393209677018,4.67267557629248e-05
1.105625,0.785393223832497,4.67267557629248e-05
1.10575,0.785393238164676,4.67267557629248e-05
1.105875,0.785393252671313,4.67267557629248e-05
1.106,0.78539326735014,4.26000246177819e-05
1.106125,0.785393282198856,4.26000246177819e-05
1.10625,0.785393297215126,4.26000246177819e-05
1.106375,0.785393312396585,4.26000246177819e-05
1.1065,0.785393327740837,4.26000246177819e-05
1.106625,0.785393343245459,4.26000246177819e-05
1.10675,0.785393358907998,4.26000246177819e-05
1.106875,0.785393374725979,4.26000246177819e-05
1.107,0.785393390696901,3.81924855500186e-05
1.107125,0.78539340681824,3.81924855500186e-05
1.10725,0.785393423087439,3.81924855500186e-05
1.107375,0.785393439501918,3.81924855500186e-05
1.1075,0.785393456059067,3.81924855500186e-05
1.107625,0.785393472756257,3.81924855500186e-05
1.10775,0.785393489590836,3.81924855500186e-05
1.107875,0.78539350656013,3.81924855500186e-05
1.108,0.785393523661447,3.37637769947753e-05
1.108125,0.785393540892077,3.37637769947753e-05
1.10825,0.785393558249284,3.37637769947753e-05
1.108375,0.785393575730311,3.37637769947753e-05
1.1085,0.785393593332381,3.37637769947753e-05
1.108625,0.785393611052699,3.37637769947753e-05
1.10875,0.785393628888455,3.37637769947753e-05
1.108875,0.785393646836824,3.37637769947753e-05
1.109,0.785393664894968,2.93869335027437e-05
1.109125,0.785393683060036,2.93869335027437e-05
1.10925,0.785393701329159,2.93869335027437e-05
1.109375,0.78539371969945,2.93869335027437e-05
1.1095,0.785393738168012,2.93869335027437e-05
1.109625,0.785393756731935,2.93869335027437e-05
1.10975,0.785393775388299,2.93869335027437e-05
1.109875,0.785393794134178,2.93869335027437e-05
1.11,0.785393812966638,2.5131681916606e-05
1.110125,0.785393831882738,2.5131681916606e-05
1.11025,0.785393850879526,2.5131681916606e-05
1.110375,0.78539386995404,2.5131681916606e-05
1.1105,0.785393889103315,2.5131681916606e-05
1.110625,0.785393908324378,2.5131681916606e-05
1.11075,0.785393927614255,2.5131681916606e-05
1.110875,0.785393946969969,2.5131681916606e-05
1.111,0.785393966388547,1.19295935651983e-05
1.111125,0.78539398586701,1.19295935651983e-05
1.11125,0.785394005402356,1.19295935651983e-05
1.111375,0.785394024991568,1.19295935651983e-05
1.1115,0.785394044631615,1.19295935651983e-05
1.111625,0.785394064319456,1.19295935651983e-05
1.11175,0.785394084052043,1.19295935651983e-05
1.111875,0.78539410382632,1.19295935651983e-05
1.112,0.785394123639225,8.01447723260458e-06
1.112125,0.785394143487693,8.01447723260458e-06
1.11225,0.785394163368648,8.01447723260458e-06
1.112375,0.785394183279007,8.01447723260458e-06
1.1125,0.785394203215685,8.01447723260458e-06
1.112625,0.785394223175591,8.01447723260458e-06
1.11275,0.785394243155639,8.01447723260458e-06
1.112875,0.785394263152739,8.01447723260458e-06
1.113,0.785394283163806,4.40180502910925e-06
1.113125,0.785394303185759,4.40180502910925e-06
1.11325,0.785394323215514,4.40180502910925e-06
1.113375,0.785394343249991,4.40180502910925e-06
1.1135,0.785394363286112,4.40180502910925e-06
1.113625,0.785394383320808,4.40180502910925e-06
1.11375,0.785394403351016,4.40180502910925e-06
1.113875,0.785394423373683,4.40180502910925e-06
1.114,0.785394443385767,1.15590765570407e-06
1.114125,0.785394463384237,1.15590765570407e-06
1.11425,0.785394483366073,1.15590765570407e-06
1.114375,0.785394503328262,1.15590765570407e-06
1.1145,0.785394523267806,1.15590765570407e-06
1.114625,0.785394543181722,1.15590765570407e-06
1.11475,0.785394563067042,1.15590765570407e-06
1.114875,0.785394582920818,1.15590765570407e-06
1.115,0.78539460274012,-1.66998317141714e-06
1.115125,0.785394622522039,-1.66998317141714e-06
1.11525,0.785394642263684,-1.66998317141714e-06
1.115375,0.785394661962182,-1.66998317141714e-06
1.1155,0.785394681614681,-1.66998317141714e-06
1.115625,0.785394701218357,-1.66998317141714e-06
1.11575,0.785394720770405,-1.66998317141714e-06
1.115875,0.785394740268051,-1.66998317141714e-06
1.116,0.785394759708547,-2.04888066305601e-05
1.116125,0.785394779089167,-2.04888066305601e-05
1.11625,0.78539479840718,-2.04888066305601e-05
1.116375,0.785394817659852,-2.04888066305601e-05
1.1165,0.785394836844458,-2.04888066305601e-05
1.116625,0.785394855958282,-2.04888066305601e-05
1.11675,0.785394874998617,-2.04888066305601e-05
1.116875,0.785394893962765,-2.04888066305601e-05
1.117,0.785394912848046,-2.25339753629463e-05
1.117125,0.785394931651789,-2.25339753629463e-05
1.11725,0.785394950371337,-2.25339753629463e-05
1.117375,0.785394969004046,-2.25339753629463e-05
1.1175,0.785394987547289,-2.25339753629463e-05
1.117625,0.785395005998454,-2.25339753629463e-05
1.11775,0.785395024354951,-2.25339753629463e-05
1.117875,0.785395042614206,-2.25339753629463e-05
1.118,0.785395060773671,-2.40693485774684e-05
1.118125,0.785395078830817,-2.40693485774684e-05
1.11825,0.785395096783138,-2.40693485774684e-05
1.118375,0.78539511462815,-2.40693485774684e-05
1.1185,0.785395132363395,-2.40693485774684e-05
1.118625,0.78539514998644,-2.40693485774684e-05
1.11875,0.785395167494881,-2.40693485774684e-05
1.118875,0.785395184886341,-2.40693485774684e-05
1.119,0.785395202158475,-2.50559544054777e-05
1.119125,0.785395219308967,-2.50559544054777e-05
1.11925,0.785395236335534,-2.50559544054777e-05
1.119375,0.785395253235924,-2.50559544054777e-05
1.1195,0.785395270007917,-2.50559544054777e-05
1.119625,0.785395286649331,-2.50559544054777e-05
1.11975,0.785395303158018,-2.50559544054777e-05
1.119875,0.785395319531867,-2.50559544054777e-05
1.12,0.785395335768808,-2.54704935554106e-05
1.120125,0.785395351866806,-2.54704935554106e-05
1.12025,0.785395367823868,-2.54704935554106e-05
1.120375,0.785395383638043,-2.54704935554106e-05
1.1205,0.78539539930742,-2.54704935554106e-05
1.120625,0.785395414830132,-2.54704935554106e-05
1.12075,0.785395430204355,-2.54704935554106e-05
1.120875,0.785395445428311,-2.54704935554106e-05
1.121,0.785395460500268,-4.50526011680808e-05
1.121125,0.785395475418531,-4.50526011680808e-05
1.12125,0.785395490181415,-4.50526011680808e-05
1.121375,0.785395504787251,-4.50526011680808e-05
1.1215,0.785395519234389,-4.50526011680808e-05
1.121625,0.785395533521202,-4.50526011680808e-05
1.12175,0.785395547646087,-4.50526011680808e-05
1.121875,0.785395561607464,-4.50526011680808e-05
1.122,0.785395575403779,-4.45232906127426e-05
1.122125,0.785395589033502,-4.45232906127426e-05
1.12225,0.785395602495132,-4.45232906127426e-05
1.122375,0.785395615787196,-4.45232906127426e-05
1.1225,0.78539562890825,-4.45232906127426e-05
1.122625,0.785395641856881,-4.45232906127426e-05
1.12275,0.785395654631703,-4.45232906127426e-05
1.122875,0.785395667231365,-4.45232906127426e-05
1.123,0.785395679654547,-4.34434140943497e-05
1.123125,0.78539569189996,-4.34434140943497e-05
1.12325,0.785395703966353,-4.34434140943497e-05
1.123375,0.785395715852511,-4.34434140943497e-05
1.1235,0.785395727557254,-4.34434140943497e-05
1.123625,0.785395739079439,-4.34434140943497e-05
1.12375,0.785395750417961,-4.34434140943497e-05
1.123875,0.785395761571753,-4.34434140943497e-05
1.124,0.785395772539787,-4.18073073140927e-05
1.124125,0.785395783321075,-4.18073073140927e-05
1.12425,0.78539579391467,-4.18073073140927e-05
1.124375,0.785395804319671,-4.18073073140927e-05
1.1245,0.785395814535218,-4.18073073140927e-05
1.124625,0.785395824560495,-4.18073073140927e-05
1.12475,0.78539583439473,-4.18073073140927e-05
1.124875,0.785395844037196,-4.18073073140927e-05
1.125,0.785395853487208,-3.96252463544734e-05
1.125125,0.78539586274413,-3.96252463544734e-05
1.12525,0.785395871807373,-3.96252463544734e-05
1.125375,0.7853958806764,-3.96252463544734e-05
1.1255,0.78539588935072,-3.96252463544734e-05
1.125625,0.785395897829894,-3.96252463544734e-05
1.12575,0.785395906113529,-3.96252463544734e-05
1.125875,0.785395914201285,-3.96252463544734e-05
1.126,0.78539592209287,-5.52517872873585e-05
1.126125,0.785395929788035,-5.52517872873585e-05
1.12625,0.785395937286549,-5.52517872873585e-05
1.126375,0.785395944588207,-5.52517872873585e-05
1.1265,0.785395951692829,-5.52517872873585e-05
1.126625,0.785395958600263,-5.52517872873585e-05
1.12675,0.785395965310385,-5.52517872873585e-05
1.126875,0.7853959718231,-5.52517872873585e-05
1.127,0.785395978138339,-5.22634527530253e-05
1.127125,0.785395984256063,-5.22634527530253e-05
1.12725,0.785395990176266,-5.22634527530253e-05
1.127375,0.785395995898976,-5.22634527530253e-05
1.1275,0.785396001424253,-5.22634527530253e-05
1.127625,0.78539600675219,-5.22634527530253e-05
1.12775,0.785396011882909,-5.22634527530253e-05
1.127875,0.785396016816567,-5.22634527530253e-05
1.128,0.785396021553352,-4.8848074024184e-05
1.128125,0.785396026093484,-4.8848074024184e-05
1.12825,0.785396030437225,-4.8848074024184e-05
1.128375,0.785396034584869,-4.8848074024184e-05
1.1285,0.78539603853675,-4.8848074024184e-05
1.128625,0.785396042293238,-4.8848074024184e-05
1.12875,0.785396045854736,-4.8848074024184e-05
1.128875,0.785396049221686,-4.8848074024184e-05
1.129,0.785396052394562,-4.50309638561755e-05
1.129125,0.785396055373877,-4.50309638561755e-05
1.12925,0.785396058160185,-4.50309638561755e-05
1.129375,0.785396060754081,-4.50309638561755e-05
1.1295,0.785396063156199,-4.50309638561755e-05
1.129625,0.785396065367214,-4.50309638561755e-05
1.12975,0.785396067387838,-4.50309638561755e-05
1.129875,0.785396069218822,-4.50309638561755e-05
1.13,0.785396070860953,-4.08495924286026e-05
1.130125,0.785396072315059,-4.08495924286026e-05
1.13025,0.785396073582013,-4.08495924286026e-05
1.130375,0.785396074662731,-4.08495924286026e-05
1.1305,0.78539607555817,-4.08495924286026e-05
1.130625,0.785396076269331,-4.08495924286026e-05
1.13075,0.785396076797252,-4.08495924286026e-05
1.130875,0.785396077143013,-4.08495924286026e-05
1.131,0.785396077307733,-4.929832718638e-05
1.131125,0.785396077292567,-4.929832718638e-05
1.13125,0.78539607709869,-4.929832718638e-05
1.131375,0.785396076727301,-4.929832718638e-05
1.1315,0.785396076179623,-4.929832718638e-05
1.131625,0.785396075456903,-4.929832718638e-05
1.13175,0.78539607456041,-4.929832718638e-05
1.131875,0.785396073491437,-4.929832718638e-05
1.132,0.785396072251299,-4.46830000638413e-05
1.132125,0.785396070841332,-4.46830000638413e-05
1.13225,0.785396069262903,-4.46830000638413e-05
1.132375,0.785396067517406,-4.46830000638413e-05
1.1325,0.785396065606261,-4.46830000638413e-05
1.132625,0.785396063530912,-4.46830000638413e-05
1.13275,0.785396061292826,-4.46830000638413e-05
1.132875,0.785396058893494,-4.46830000638413e-05
1.133,0.78539605633443,-3.98786616151512e-05
1.133125,0.78539605361717,-3.98786616151512e-05
1.13325,0.785396050743279,-3.98786616151512e-05
1.133375,0.785396047714352,-3.98786616151512e-05
1.1335,0.785396044532009,-3.98786616151512e-05
1.133625,0.785396041197893,-3.98786616151512e-05
1.13375,0.785396037713674,-3.98786616151512e-05
1.133875,0.785396034081041,-3.98786616151512e-05
1.134,0.785396030301708,-3.49305323470453e-05
1.134125,0.785396026377411,-3.49305323470453e-05
1.13425,0.785396022309914,-3.49305323470453e-05
1.134375,0.785396018101011,-3.49305323470453e-05
1.1345,0.785396013752521,-3.49305323470453e-05
1.134625,0.785396009266284,-3.49305323470453e-05
1.13475,0.785396004644167,-3.49305323470453e-05
1.134875,0.785395999888056,-3.49305323470453e-05
1.135,0.78539599499986,-2.9889567394838e-05
1.135125,0.785395989981508,-2.9889567394838e-05
1.13525,0.78539598483496,-2.9889567394838e-05
1.135375,0.785395979562199,-2.9889567394838e-05
1.1355,0.785395974165236,-2.9889567394838e-05
1.135625,0.785395968646102,-2.9889567394838e-05
1.13575,0.785395963006849,-2.9889567394838e-05
1.135875,0.785395957249552,-2.9889567394838e-05
1.136,0.785395951376303,-3.02474779174898e-05
1.136125,0.785395945389212,-3.02474779174898e-05
1.13625,0.785395939290407,-3.02474779174898e-05
1.136375,0.785395933082029,-3.02474779174898e-05
1.1365,0.785395926766234,-3.02474779174898e-05
1.136625,0.785395920345191,-3.02474779174898e-05
1.13675,0.78539591382108,-3.02474779174898e-05
1.136875,0.785395907196091,-3.02474779174898e-05
1.137,0.785395900472425,-2.52511255595604e-05
1.137125,0.78539589365229,-2.52511255595604e-05
1.13725,0.785395886737914,-2.52511255595604e-05
1.137375,0.785395879731537,-2.52511255595604e-05
1.1375,0.785395872635411,-2.52511255595604e-05
1.137625,0.785395865451798,-2.52511255595604e-05
1.13775,0.78539585818297,-2.52511255595604e-05
1.137875,0.785395850831205,-2.52511255595604e-05
1.138,0.785395843398789,-2.03394886524111e-05
1.138125,0.785395835888014,-2.03394886524111e-05
1.13825,0.785395828301186,-2.03394886524111e-05
1.138375,0.785395820640624,-2.03394886524111e-05
1.1385,0.785395812908652,-2.03394886524111e-05
1.138625,0.785395805107605,-2.03394886524111e-05
1.13875,0.78539579723982,-2.03394886524111e-05
1.138875,0.785395789307641,-2.03394886524111e-05
1.139,0.785395781313415,-1.55618329219679e-05
1.139125,0.785395773259493,-1.55618329219679e-05
1.13925,0.785395765148235,-1.55618329219679e-05
1.139375,0.78539575698201,-1.55618329219679e-05
1.1395,0.785395748763192,-1.55618329219679e-05
1.139625,0.785395740494157,-1.55618329219679e-05
1.13975,0.785395732177286,-1.55618329219679e-05
1.139875,0.785395723814958,-1.55618329219679e-05
1.14,0.785395715409555,-1.09661560415734e-05
1.140125,0.785395706963456,-1.09661560415734e-05
1.14025,0.785395698479048,-1.09661560415734e-05
1.140375,0.785395689958722,-1.09661560415734e-05
1.1405,0.78539568140487,-1.09661560415734e-05
1.140625,0.785395672819883,-1.09661560415734e-05
1.14075,0.78539566420615,-1.09661560415734e-05
1.140875,0.785395655566059,-1.09661560415734e-05
1.141,0.785395646901993,-4.70230963075358e-06
1.141125,0.785395638216331,-4.70230963075358e-06
1.14125,0.785395629511459,-4.70230963075358e-06
1.141375,0.785395620789766,-4.70230963075358e-06
1.1415,0.785395612053639,-4.70230963075358e-06
1.141625,0.785395603305465,-4.70230963075358e-06
1.14175,0.785395594547626,-4.70230963075358e-06
1.141875,0.785395585782502,-4.70230963075358e-06
1.142,0.785395577012465,-5.87596606105637e-07
1.142125,0.785395568239884,-5.87596606105637e-07
1.14225,0.785395559467126,-5.87596606105637e-07
1.142375,0.785395550696557,-5.87596606105637e-07
1.1425,0.785395541930538,-5.87596606105637e-07
1.142625,0.785395533171421,-5.87596606105637e-07
1.14275,0.785395524421555,-5.87596606105637e-07
1.142875,0.785395515683276,-5.87596606105637e-07
1.143,0.785395506958914,3.21551135611121e-06
1.143125,0.785395498250785,3.21551135611121e-06
1.14325,0.785395489561202,3.21551135611121e-06
1.143375,0.785395480892471,3.21551135611121e-06
1.1435,0.785395472246889,3.21551135611121e-06
1.143625,0.785395463626738,3.21551135611121e-06
1.14375,0.785395455034294,3.21551135611121e-06
1.143875,0.785395446471813,3.21551135611121e-06
1.144,0.785395437941543,6.66935357762538e-06
1.144125,0.785395429445711,6.66935357762538e-06
1.14425,0.785395420986538,6.66935357762538e-06
1.144375,0.785395412566232,6.66935357762538e-06
1.1445,0.785395404186985,6.66935357762538e-06
1.144625,0.785395395850975,6.66935357762538e-06
1.14475,0.785395387560361,6.66935357762538e-06
1.144875,0.785395379317286,6.66935357762538e-06
1.145,0.785395371123873,9.7430637800093e-06
1.145125,0.785395362982226,9.7430637800093e-06
1.14525,0.785395354894432,9.7430637800093e-06
1.145375,0.785395346862563,9.7430637800093e-06
1.1455,0.785395338888669,9.7430637800093e-06
1.145625,0.785395330974783,9.7430637800093e-06
1.14575,0.785395323122913,9.7430637800093e-06
1.145875,0.785395315335046,9.7430637800093e-06
1.146,0.785395307613145,1.9403349233137e-05
1.146125,0.785395299959152,1.9403349233137e-05
1.14625,0.785395292375003,1.9403349233137e-05
1.146375,0.785395284862622,1.9403349233137e-05
1.1465,0.785395277423922,1.9403349233137e-05
1.146625,0.785395270060798,1.9403349233137e-05
1.14675,0.785395262775129,1.9403349233137e-05
1.146875,0.785395255568779,1.9403349233137e-05
1.147,0.785395248443593,2.17256376286888e-05
1.147125,0.785395241401395,2.17256376286888e-05
1.14725,0.785395234443998,2.17256376286888e-05
1.147375,0.785395227573195,2.17256376286888e-05
1.1475,0.78539522079076,2.17256376286888e-05
1.147625,0.785395214098449,2.17256376286888e-05
1.14775,0.785395207497995,2.17256376286888e-05
1.147875,0.785395200991111,2.17256376286888e-05
1.148,0.785395194579487,2.36182433456776e-05
1.148125,0.78539518826479,2.36182433456776e-05
1.14825,0.785395182048666,2.36182433456776e-05
1.148375,0.78539517593274,2.36182433456776e-05
1.1485,0.785395169918613,2.36182433456776e-05
1.148625,0.785395164007861,2.36182433456776e-05
1.14875,0.785395158202035,2.36182433456776e-05
1.148875,0.785395152502662,2.36182433456776e-05
1.149,0.785395146911238,2.50660241638813e-05
1.149125,0.785395141429236,2.50660241638813e-05
1.14925,0.785395136058102,2.50660241638813e-05
1.149375,0.785395130799253,2.50660241638813e-05
1.1495,0.785395125654083,2.50660241638813e-05
1.149625,0.785395120623953,2.50660241638813e-05
1.14975,0.785395115710196,2.50660241638813e-05
1.149875,0.785395110914117,2.50660241638813e-05
1.15,0.785395106236985,2.60632267875116e-05
1.150125,0.785395101680045,2.60632267875116e-05
1.15025,0.785395097244506,2.60632267875116e-05
1.150375,0.785395092931549,2.60632267875116e-05
1.1505,0.785395088742322,2.60632267875116e-05
1.150625,0.785395084677941,2.60632267875116e-05
1.15075,0.785395080739489,2.60632267875116e-05
1.150875,0.785395076928015,2.60632267875116e-05
1.151,0.785395073244535,3.52218070444182e-05
1.151125,0.785395069690031,3.52218070444182e-05
1.15125,0.785395066265471,3.52218070444182e-05
1.151375,0.785395062971802,3.52218070444182e-05
1.1515,0.785395059809947,3.52218070444182e-05
1.151625,0.785395056780808,3.52218070444182e-05
1.15175,0.78539505388526,3.52218070444182e-05
1.151875,0.785395051124155,3.52218070444182e-05
1.152,0.78539504849832,3.54280894276305e-05
1.152125,0.785395046008556,3.54280894276305e-05
1.15225,0.78539504365564,3.54280894276305e-05
1.152375,0.785395041440321,3.54280894276305e-05
1.1525,0.785395039363324,3.54280894276305e-05
1.152625,0.785395037425344,3.54280894276305e-05
1.15275,0.785395035627053,3.54280894276305e-05
1.152875,0.785395033969092,3.54280894276305e-05
1.153,0.785395032452076,3.52205766395237e-05
1.153125,0.785395031076591,3.52205766395237e-05
1.15325,0.785395029843195,3.52205766395237e-05
1.153375,0.785395028752416,3.52205766395237e-05
1.1535,0.785395027804754,3.52205766395237e-05
1.153625,0.785395027000677,3.52205766395237e-05
1.15375,0.785395026340627,3.52205766395237e-05
1.153875,0.785395025825011,3.52205766395237e-05
1.154,0.785395025454211,3.46100519314854e-05
1.154125,0.785395025228575,3.46100519314854e-05
1.15425,0.78539502514842,3.46100519314854e-05
1.154375,0.785395025214032,3.46100519314854e-05
1.1545,0.785395025425664,3.46100519314854e-05
1.154625,0.785395025783538,3.46100519314854e-05
1.15475,0.785395026287844,3.46100519314854e-05
1.154875,0.78539502693874,3.46100519314854e-05
1.155,0.785395027736352,3.36158677903303e-05
1.155125,0.785395028680774,3.36158677903303e-05
1.15525,0.785395029772064,3.36158677903303e-05
1.155375,0.785395031010248,3.36158677903303e-05
1.1555,0.785395032395318,3.36158677903303e-05
1.155625,0.785395033927232,3.36158677903303e-05
1.15575,0.785395035605915,3.36158677903303e-05
1.155875,0.78539503743126,3.36158677903303e-05
1.156,0.785395039403123,3.88889445753653e-05
1.156125,0.785395041521334,3.88889445753653e-05
1.15625,0.785395043785695,3.88889445753653e-05
1.156375,0.785395046195988,3.88889445753653e-05
1.1565,0.785395048751969,3.88889445753653e-05
1.156625,0.785395051453369,3.88889445753653e-05
1.15675,0.785395054299892,3.88889445753653e-05
1.156875,0.785395057291221,3.88889445753653e-05
1.157,0.785395060427012,3.7287787811787e-05
1.157125,0.785395063706897,3.7287787811787e-05
1.15725,0.785395067130479,3.7287787811787e-05
1.157375,0.785395070697337,3.7287787811787e-05
1.1575,0.785395074407023,3.7287787811787e-05
1.157625,0.785395078259062,3.7287787811787e-05
1.15775,0.785395082252956,3.7287787811787e-05
1.157875,0.785395086388179,3.7287787811787e-05
1.158,0.785395090664184,3.54068126515402e-05
1.158125,0.785395095080396,3.54068126515402e-05
1.15825,0.785395099636212,3.54068126515402e-05
1.158375,0.785395104331004,3.54068126515402e-05
1.1585,0.785395109164116,3.54068126515402e-05
1.158625,0.785395114134867,3.54068126515402e-05
1.15875,0.785395119242551,3.54068126515402e-05
1.158875,0.785395124486437,3.54068126515402e-05
1.159,0.785395129865769,3.32782726558723e-05
1.159125,0.785395135379765,3.32782726558723e-05
1.15925,0.785395141027619,3.32782726558723e-05
1.159375,0.785395146808493,3.32782726558723e-05
1.1595,0.785395152721528,3.32782726558723e-05
1.159625,0.785395158765836,3.32782726558723e-05
1.15975,0.785395164940506,3.32782726558723e-05
1.159875,0.785395171244603,3.32782726558723e-05
1.16,0.785395177677169,3.09393056676123e-05
1.160125,0.785395184237219,3.09393056676123e-05
1.16025,0.785395190923744,3.09393056676123e-05
1.160375,0.785395197735708,3.09393056676123e-05
1.1605,0.785395204672048,3.09393056676123e-05
1.160625,0.78539521173168,3.09393056676123e-05
1.16075,0.785395218913496,3.09393056676123e-05
1.160875,0.785395226216362,3.09393056676123e-05
1.161,0.785395233639126,3.03945685855517e-05
1.161125,0.785395241180611,3.03945685855517e-05
1.16125,0.785395248839621,3.03945685855517e-05
1.161375,0.785395256614934,3.03945685855517e-05
1.1615,0.785395264505313,3.03945685855517e-05
1.161625,0.785395272509498,3.03945685855517e-05
1.16175,0.785395280626212,3.03945685855517e-05
1.161875,0.785395288854157,3.03945685855517e-05
1.162,0.785395297192021,2.77842149505376e-05
1.162125,0.785395305638472,2.77842149505376e-05
1.16225,0.785395314192156,2.77842149505376e-05
1.162375,0.785395322851702,2.77842149505376e-05
1.1625,0.785395331615718,2.77842149505376e-05
1.162625,0.785395340482797,2.77842149505376e-05
1.16275,0.785395349451514,2.77842149505376e-05
1.162875,0.785395358520427,2.77842149505376e-05
1.163,0.785395367688081,2.50972699915148e-05
1.163125,0.785395376953005,2.50972699915148e-05
1.16325,0.785395386313708,2.50972699915148e-05
1.163375,0.785395395768684,2.50972699915148e-05
1.1635,0.785395405316409,2.50972699915148e-05
1.163625,0.785395414955346,2.50972699915148e-05
1.16375,0.785395424683944,2.50972699915148e-05
1.163875,0.785395434500637,2.50972699915148e-05
1.164,0.785395444403849,2.23770997186077e-05
1.164125,0.78539545439199,2.23770997186077e-05
1.16425,0.785395464463457,2.23770997186077e-05
1.164375,0.785395474616628,2.23770997186077e-05
1.1645,0.785395484849873,2.23770997186077e-05
1.164625,0.785395495161548,2.23770997186077e-05
1.16475,0.78539550555,2.23770997186077e-05
1.164875,0.785395516013563,2.23770997186077e-05
1.165,0.785395526550565,1.96667380019842e-05
1.165125,0.785395537159325,1.96667380019842e-05
1.16525,0.785395547838148,1.96667380019842e-05
1.165375,0.785395558585328,1.96667380019842e-05
1.1655,0.785395569399153,1.96667380019842e-05
1.165625,0.785395580277899,1.96667380019842e-05
1.16575,0.785395591219838,1.96667380019842e-05
1.165875,0.785395602223234,1.96667380019842e-05
1.166,0.785395613286347,1.32596644407096e-05
1.166125,0.785395624407428,1.32596644407096e-05
1.16625,0.785395635584715,1.32596644407096e-05
1.166375,0.78539564681643,1.32596644407096e-05
1.1665,0.785395658100786,1.32596644407096e-05
1.166625,0.785395669435987,1.32596644407096e-05
1.16675,0.785395680820226,1.32596644407096e-05
1.166875,0.785395692251691,1.32596644407096e-05
1.167,0.785395703728561,1.06553150914503e-05
1.167125,0.785395715249012,1.06553150914503e-05
1.16725,0.785395726811208,1.06553150914503e-05
1.167375,0.785395738413303,1.06553150914503e-05
1.1675,0.78539575005345,1.06553150914503e-05
1.167625,0.785395761729792,1.06553150914503e-05
1.16775,0.78539577344047,1.06553150914503e-05
1.167875,0.785395785183623,1.06553150914503e-05
1.168,0.785395796957385,8.18201659067252e-06
1.168125,0.785395808759891,8.18201659067252e-06
1.16825,0.785395820589268,8.18201659067252e-06
1.168375,0.785395832443643,8.18201659067252e-06
1.1685,0.78539584432114,8.18201659067252e-06
1.168625,0.785395856219881,8.18201659067252e-06
1.16875,0.785395868137992,8.18201659067252e-06
1.168875,0.785395880073597,8.18201659067252e-06
1.169,0.785395892024825,5.88149682412944e-06
1.169125,0.785395903989807,5.88149682412944e-06
1.16925,0.785395915966674,5.88149682412944e-06
1.169375,0.78539592795356,5.88149682412944e-06
1.1695,0.785395939948599,5.88149682412944e-06
1.169625,0.785395951949935,5.88149682412944e-06
1.16975,0.785395963955711,5.88149682412944e-06
1.169875,0.785395975964083,5.88149682412944e-06
1.17,0.785395987973209,3.79006850571101e-06
1.170125,0.785395999981257,3.79006850571101e-06
1.17025,0.785396011986402,3.79006850571101e-06
1.170375,0.785396023986823,3.79006850571101e-06
1.1705,0.78539603598071,3.79006850571101e-06
1.170625,0.785396047966259,3.79006850571101e-06
1.17075,0.78539605994168,3.79006850571101e-06
1.170875,0.785396071905192,3.79006850571101e-06
1.171,0.785396083855029,-6.7845867393432e-06
1.171125,0.785396095789432,-6.7845867393432e-06
1.17125,0.785396107706635,-6.7845867393432e-06
1.171375,0.785396119604871,-6.7845867393432e-06
1.1715,0.785396131482372,-6.7845867393432e-06
1.171625,0.785396143337373,-6.7845867393432e-06
1.17175,0.785396155168111,-6.7845867393432e-06
1.171875,0.785396166972829,-6.7845867393432e-06
1.172,0.785396178749774,-8.46351479155099e-06
1.172125,0.785396190497198,-8.46351479155099e-06
1.17225,0.785396202213355,-8.46351479155099e-06
1.172375,0.785396213896508,-8.46351479155099e-06
1.1725,0.785396225544922,-8.46351479155099e-06
1.172625,0.785396237156872,-8.46351479155099e-06
1.17275,0.785396248730642,-8.46351479155099e-06
1.172875,0.785396260264521,-8.46351479155099e-06
1.173,0.785396271756814,-9.85997979619475e-06
1.173125,0.785396283205832,-9.85997979619475e-06
1.17325,0.785396294609897,-9.85997979619475e-06
1.173375,0.785396305967343,-9.85997979619475e-06
1.1735,0.785396317276512,-9.85997979619475e-06
1.173625,0.785396328535764,-9.85997979619475e-06
1.17375,0.785396339743468,-9.85997979619475e-06
1.173875,0.78539635089801,-9.85997979619475e-06
1.174,0.785396361997791,-1.09451267888555e-05
1.174125,0.785396373041228,-1.09451267888555e-05
1.17425,0.785396384026752,-1.09451267888555e-05
1.174375,0.785396394952812,-1.09451267888555e-05
1.1745,0.785396405817873,-1.09451267888555e-05
1.174625,0.785396416620418,-1.09451267888555e-05
1.17475,0.78539642735895,-1.09451267888555e-05
1.174875,0.785396438031991,-1.09451267888555e-05
1.175,0.785396448638084,-1.16989812760218e-05
1.175125,0.785396459175792,-1.16989812760218e-05
1.17525,0.7853964696437,-1.16989812760218e-05
1.175375,0.785396480040414,-1.16989812760218e-05
1.1755,0.785396490364563,-1.16989812760218e-05
1.175625,0.785396500614797,-1.16989812760218e-05
1.17575,0.785396510789794,-1.16989812760218e-05
1.175875,0.785396520888252,-1.16989812760218e-05
1.176,0.785396530908898,-2.36477426908696e-05
1.176125,0.78539654085048,-2.36477426908696e-05
1.17625,0.785396550711746,-2.36477426908696e-05
1.176375,0.785396560491454,-2.36477426908696e-05
1.1765,0.785396570188371,-2.36477426908696e-05
1.176625,0.785396579801276,-2.36477426908696e-05
1.17675,0.785396589328961,-2.36477426908696e-05
1.176875,0.78539659877023,-2.36477426908696e-05
1.177,0.7853966081239,-2.38361437524647e-05
1.177125,0.785396617388804,-2.38361437524647e-05
1.17725,0.785396626563789,-2.38361437524647e-05
1.177375,0.785396635647714,-2.38361437524647e-05
1.1775,0.78539664463946,-2.38361437524647e-05
1.177625,0.785396653537918,-2.38361437524647e-05
1.17775,0.785396662342,-2.38361437524647e-05
1.177875,0.785396671050635,-2.38361437524647e-05
1.178,0.78539667966277,-2.36860905800054e-05
1.178125,0.785396688177371,-2.36860905800054e-05
1.17825,0.785396696593422,-2.36860905800054e-05
1.178375,0.78539670490993,-2.36860905800054e-05
1.1785,0.785396713125921,-2.36860905800054e-05
1.178625,0.785396721240443,-2.36860905800054e-05
1.17875,0.785396729252565,-2.36860905800054e-05
1.178875,0.785396737161378,-2.36860905800054e-05
1.179,0.785396744965997,-2.31881834379453e-05
1.179125,0.785396752665559,-2.31881834379453e-05
1.17925,0.785396760259226,-2.31881834379453e-05
1.179375,0.785396767746186,-2.31881834379453e-05
1.1795,0.785396775125651,-2.31881834379453e-05
1.179625,0.785396782396859,-2.31881834379453e-05
1.17975,0.785396789559073,-2.31881834379453e-05
1.179875,0.785396796611585,-2.31881834379453e-05
1.18,0.785396803553712,-2.23428625390169e-05
1.180125,0.785396810384797,-2.23428625390169e-05
1.18025,0.785396817104216,-2.23428625390169e-05
1.180375,0.78539682371137,-2.23428625390169e-05
1.1805,0.785396830205693,-2.23428625390169e-05
1.180625,0.785396836586646,-2.23428625390169e-05
1.18075,0.785396842853721,-2.23428625390169e-05
1.180875,0.785396849006439,-2.23428625390169e-05
1.181,0.785396855044353,-3.26786922642716e-05
1.181125,0.785396860967042,-3.26786922642716e-05
1.18125,0.785396866774093,-3.26786922642716e-05
1.181375,0.78539687246511,-3.26786922642716e-05
1.1815,0.785396878039709,-3.26786922642716e-05
1.181625,0.785396883497525,-3.26786922642716e-05
1.18175,0.78539688883821,-3.26786922642716e-05
1.181875,0.785396894061432,-3.26786922642716e-05
1.182,0.785396899166876,-3.12995637141582e-05
1.182125,0.785396904154245,-3.12995637141582e-05
1.18225,0.785396909023262,-3.12995637141582e-05
1.182375,0.78539691377367,-3.12995637141582e-05
1.1825,0.785396918405233,-3.12995637141582e-05
1.182625,0.785396922917732,-3.12995637141582e-05
1.18275,0.78539692731097,-3.12995637141582e-05
1.182875,0.785396931584769,-3.12995637141582e-05
1.183,0.785396935738973,-2.96295784885612e-05
1.183125,0.785396939773445,-2.96295784885612e-05
1.18325,0.785396943688071,-2.96295784885612e-05
1.183375,0.785396947482762,-2.96295784885612e-05
1.1835,0.785396951157451,-2.96295784885612e-05
1.183625,0.785396954712094,-2.96295784885612e-05
1.18375,0.785396958146668,-2.96295784885612e-05
1.183875,0.785396961461175,-2.96295784885612e-05
1.184,0.78539696465564,-2.76792027606078e-05
1.184125,0.785396967730109,-2.76792027606078e-05
1.18425,0.785396970684657,-2.76792027606078e-05
1.184375,0.785396973519383,-2.76792027606078e-05
1.1845,0.785396976234414,-2.76792027606078e-05
1.184625,0.785396978829899,-2.76792027606078e-05
1.18475,0.785396981306014,-2.76792027606078e-05
1.184875,0.785396983662961,-2.76792027606078e-05
1.185,0.785396985900964,-2.54671117825398e-05
1.185125,0.785396988020276,-2.54671117825398e-05
1.18525,0.785396990021176,-2.54671117825398e-05
1.185375,0.785396991903973,-2.54671117825398e-05
1.1855,0.785396993669004,-2.54671117825398e-05
1.185625,0.78539699531663,-2.54671117825398e-05
1.18575,0.785396996847243,-2.54671117825398e-05
1.185875,0.785396998261259,-2.54671117825398e-05
1.186,0.785396999559121,-3.18943143222193e-05
1.186125,0.785397000741296,-3.18943143222193e-05
1.18625,0.785397001808265,-3.18943143222193e-05
1.186375,0.785397002760521,-3.18943143222193e-05
1.1865,0.785397003598575,-3.18943143222193e-05
1.186625,0.785397004322955,-3.18943143222193e-05
1.18675,0.7853970049342,-3.18943143222193e-05
1.186875,0.78539700543287,-3.18943143222193e-05
1.187,0.785397005819535,-2.93395068933774e-05
1.187125,0.785397006094784,-2.93395068933774e-05
1.18725,0.785397006259223,-2.93395068933774e-05
1.187375,0.785397006313478,-2.93395068933774e-05
1.1875,0.785397006258191,-2.93395068933774e-05
1.187625,0.785397006094023,-2.93395068933774e-05
1.18775,0.785397005821648,-2.93395068933774e-05
1.187875,0.78539700544176,-2.93395068933774e-05
1.188,0.785397004955065,-2.66224268285846e-05
1.188125,0.785397004362289,-2.66224268285846e-05
1.18825,0.785397003664175,-2.66224268285846e-05
1.188375,0.785397002861489,-2.66224268285846e-05
1.1885,0.785397001955011,-2.66224268285846e-05
1.188625,0.785397000945542,-2.66224268285846e-05
1.18875,0.785396999833897,-2.66224268285846e-05
1.188875,0.785396998620911,-2.66224268285846e-05
1.189,0.785396997307432,-2.37680469779496e-05
1.189125,0.785396995894327,-2.37680469779496e-05
1.18925,0.785396994382482,-2.37680469779496e-05
1.189375,0.785396992772806,-2.37680469779496e-05
1.1895,0.785396991066223,-2.37680469779496e-05
1.189625,0.785396989263675,-2.37680469779496e-05
1.18975,0.785396987366123,-2.37680469779496e-05
1.189875,0.785396985374544,-2.37680469779496e-05
1.19,0.785396983289931,-2.08060035687229e-05
1.190125,0.785396981113293,-2.08060035687229e-05
1.19025,0.785396978845662,-2.08060035687229e-05
1.190375,0.785396976488087,-2.08060035687229e-05
1.1905,0.785396974041637,-2.08060035687229e-05
1.190625,0.785396971507398,-2.08060035687229e-05
1.19075,0.785396968886473,-2.08060035687229e-05
1.190875,0.785396966179979,-2.08060035687229e-05
1.191,0.785396963389053,-2.23298686774396e-05
1.191125,0.785396960514843,-2.23298686774396e-05
1.19125,0.785396957558509,-2.23298686774396e-05
1.191375,0.785396954521223,-2.23298686774396e-05
1.1915,0.785396951404167,-2.23298686774396e-05
1.191625,0.785396948208533,-2.23298686774396e-05
1.19175,0.785396944935523,-2.23298686774396e-05
1.191875,0.785396941586348,-2.23298686774396e-05
1.192,0.785396938162227,-1.93063395706577e-05
1.192125,0.785396934664388,-1.93063395706577e-05
1.19225,0.785396931094071,-1.93063395706577e-05
1.192375,0.785396927452528,-1.93063395706577e-05
1.1925,0.785396923741021,-1.93063395706577e-05
1.192625,0.785396919960822,-1.93063395706577e-05
1.19275,0.785396916113208,-1.93063395706577e-05
1.192875,0.785396912199467,-1.93063395706577e-05
1.193,0.785396908220894,-1.62859032038107e-05
1.193125,0.785396904178789,-1.62859032038107e-05
1.19325,0.785396900074465,-1.62859032038107e-05
1.193375,0.785396895909247,-1.62859032038107e-05
1.1935,0.785396891684464,-1.62859032038107e-05
1.193625,0.785396887401458,-1.62859032038107e-05
1.19375,0.785396883061573,-1.62859032038107e-05
1.193875,0.785396878666161,-1.62859032038107e-05
1.194,0.785396874216582,-1.32989523418091e-05
1.194125,0.785396869714199,-1.32989523418091e-05
1.19425,0.785396865160385,-1.32989523418091e-05
1.194375,0.785396860556523,-1.32989523418091e-05
1.1945,0.785396855904001,-1.32989523418091e-05
1.194625,0.785396851204214,-1.32989523418091e-05
1.19475,0.785396846458562,-1.32989523418091e-05
1.194875,0.785396841668449,-1.32989523418091e-05
1.195,0.785396836835284,-1.03762577464925e-05
1.195125,0.785396831960478,-1.03762577464925e-05
1.19525,0.785396827045452,-1.03762577464925e-05
1.195375,0.785396822091632,-1.03762577464925e-05
1.1955,0.785396817100448,-1.03762577464925e-05
1.195625,0.785396812073336,-1.03762577464925e-05
1.19575,0.785396807011734,-1.03762577464925e-05
1.195875,0.785396801917082,-1.03762577464925e-05
1.196,0.785396796790822,-7.48362628236518e-06
1.196125,0.785396791634398,-7.48362628236518e-06
1.19625,0.78539678644926,-7.48362628236518e-06
1.196375,0.785396781236861,-7.48362628236518e-06
1.1965,0.785396775998657,-7.48362628236518e-06
1.196625,0.785396770736107,-7.48362628236518e-06
1.19675,0.785396765450669,-7.48362628236518e-06
1.196875,0.785396760143802,-7.48362628236518e-06
1.197,0.785396754816964,-4.7812175623878e-06
1.197125,0.785396749471614,-4.7812175623878e-06
1.19725,0.785396744109211,-4.7812175623878e-06
1.197375,0.785396738731219,-4.7812175623878e-06
1.1975,0.7853967333391,-4.7812175623878e-06
1.197625,0.785396727934314,-4.7812175623878e-06
1.19775,0.785396722518323,-4.7812175623878e-06
1.197875,0.785396717092583,-4.7812175623878e-06
1.198,0.785396711658549,-2.23290165251155e-06
1.198125,0.785396706217672,-2.23290165251155e-06
1.19825,0.785396700771403,-2.23290165251155e-06
1.198375,0.785396695321192,-2.23290165251155e-06
1.1985,0.785396689868486,-2.23290165251155e-06
1.198625,0.785396684414731,-2.23290165251155e-06
1.19875,0.785396678961364,-2.23290165251155e-06
1.198875,0.78539667350982,-2.23290165251155e-06
1.199,0.785396668061528,1.35371926493263e-07
1.199125,0.78539666261791,1.35371926493263e-07
1.19925,0.785396657180386,1.35371926493263e-07
1.199375,0.785396651750372,1.35371926493263e-07
1.1995,0.785396646329277,1.35371926493263e-07
1.199625,0.785396640918506,1.35371926493263e-07
1.19975,0.785396635519454,1.35371926493263e-07
1.199875,0.785396630133511,1.35371926493263e-07
1.2,0.785396624762056,2.3010092696959e-06
1.200125,0.78539661940646,2.3010092696959e-06
1.20025,0.785396614068089,2.3010092696959e-06
1.200375,0.785396608748302,2.3010092696959e-06
1.2005,0.785396603448446,2.3010092696959e-06
1.200625,0.785396598169864,2.3010092696959e-06
1.20075,0.785396592913886,2.3010092696959e-06
1.200875,0.785396587681831,2.3010092696959e-06
1.201,0.785396582475006,7.90668906017557e-06
1.201125,0.785396577294712,7.90668906017557e-06
1.20125,0.785396572142244,7.90668906017557e-06
1.201375,0.785396567018894,7.90668906017557e-06
1.2015,0.78539656192595,7.90668906017557e-06
1.201625,0.785396556864691,7.90668906017557e-06
1.20175,0.785396551836389,7.90668906017557e-06
1.201875,0.785396546842307,7.90668906017557e-06
1.202,0.7853965418837,9.65189492082065e-06
1.202125,0.785396536961814,9.65189492082065e-06
1.20225,0.785396532077887,9.65189492082065e-06
1.202375,0.78539652723315,9.65189492082065e-06
1.2025,0.785396522428825,9.65189492082065e-06
1.202625,0.785396517666123,9.65189492082065e-06
1.20275,0.785396512946244,9.65189492082065e-06
1.202875,0.78539650827038,9.65189492082065e-06
1.203,0.785396503639706,1.11490270605038e-05
1.203125,0.785396499055391,1.11490270605038e-05
1.20325,0.785396494518588,1.11490270605038e-05
1.203375,0.785396490030444,1.11490270605038e-05
1.2035,0.78539648559209,1.11490270605038e-05
1.203625,0.785396481204647,1.11490270605038e-05
1.20375,0.785396476869219,1.11490270605038e-05
1.203875,0.7853964725869,1.11490270605038e-05
1.204,0.785396468358767,1.23842917431275e-05
1.204125,0.785396464185883,1.23842917431275e-05
1.20425,0.785396460069296,1.23842917431275e-05
1.204375,0.785396456010042,1.23842917431275e-05
1.2045,0.785396452009142,1.23842917431275e-05
1.204625,0.785396448067598,1.23842917431275e-05
1.20475,0.785396444186401,1.23842917431275e-05
1.204875,0.78539644036652,1.23842917431275e-05
1.205,0.78539643660891,1.33494096749624e-05
1.205125,0.785396432914508,1.33494096749624e-05
1.20525,0.785396429284234,1.33494096749624e-05
1.205375,0.785396425718991,1.33494096749624e-05
1.2055,0.785396422219665,1.33494096749624e-05
1.205625,0.785396418787122,1.33494096749624e-05
1.20575,0.785396415422211,1.33494096749624e-05
1.205875,0.785396412125761,1.33494096749624e-05
1.206,0.785396408898581,1.9344188245674e-05
1.206125,0.785396405741462,1.9344188245674e-05
1.20625,0.785396402655188,1.9344188245674e-05
1.206375,0.785396399640532,1.9344188245674e-05
1.2065,0.785396396698252,1.9344188245674e-05
1.206625,0.785396393829096,1.9344188245674e-05
1.20675,0.785396391033797,1.9344188245674e-05
1.206875,0.785396388313073,1.9344188245674e-05
1.207,0.785396385667629,1.98218699842204e-05
1.207125,0.785396383098156,1.98218699842204e-05
1.20725,0.785396380605329,1.98218699842204e-05
1.207375,0.78539637818981,1.98218699842204e-05
1.2075,0.785396375852245,1.98218699842204e-05
1.207625,0.785396373593265,1.98218699842204e-05
1.20775,0.785396371413485,1.98218699842204e-05
1.207875,0.785396369313504,1.98218699842204e-05
1.208,0.785396367293903,2.00370132035564e-05
1.208125,0.78539636535525,2.00370132035564e-05
1.20825,0.785396363498093,2.00370132035564e-05
1.208375,0.785396361722964,2.00370132035564e-05
1.2085,0.785396360030377,2.00370132035564e-05
1.208625,0.78539635842083,2.00370132035564e-05
1.20875,0.785396356894802,2.00370132035564e-05
1.208875,0.785396355452754,2.00370132035564e-05
1.209,0.785396354095128,1.99914858139375e-05
1.209125,0.78539635282235,1.99914858139375e-05
1.20925,0.785396351634824,1.99914858139375e-05
1.209375,0.785396350532936,1.99914858139375e-05
1.2095,0.785396349517053,1.99914858139375e-05
1.209625,0.785396348587522,1.99914858139375e-05
1.20975,0.785396347744672,1.99914858139375e-05
1.209875,0.785396346988811,1.99914858139375e-05
1.21,0.785396346320225,1.96927740109154e-05
1.210125,0.785396345739183,1.96927740109154e-05
1.21025,0.785396345245933,1.96927740109154e-05
1.210375,0.7853963448407,1.96927740109154e-05
1.2105,0.785396344523689,1.96927740109154e-05
1.210625,0.785396344295084,1.96927740109154e-05
1.21075,0.78539634415505,1.96927740109154e-05
1.210875,0.785396344103727,1.96927740109154e-05
1.211,0.785396344141238,2.38584230693014e-05
1.211125,0.785396344267682,2.38584230693014e-05
1.21125,0.78539634448315,2.38584230693014e-05
1.211375,0.785396344787715,2.38584230693014e-05
1.2115,0.785396345181435,2.38584230693014e-05
1.211625,0.785396345664356,2.38584230693014e-05
1.21175,0.785396346236505,2.38584230693014e-05
1.211875,0.785396346897894,2.38584230693014e-05
1.212,0.785396347648522,2.31469108791647e-05
1.212125,0.785396348488371,2.31469108791647e-05
1.21225,0.785396349417405,2.31469108791647e-05
1.212375,0.785396350435573,2.31469108791647e-05
1.2125,0.785396351542807,2.31469108791647e-05
1.212625,0.785396352739024,2.31469108791647e-05
1.21275,0.785396354024123,2.31469108791647e-05
1.212875,0.785396355397988,2.31469108791647e-05
1.213,0.785396356860486,2.22354222109557e-05
1.213125,0.785396358411469,2.22354222109557e-05
1.21325,0.78539636005077,2.22354222109557e-05
1.213375,0.785396361778205,2.22354222109557e-05
1.2135,0.785396363593574,2.22354222109557e-05
1.213625,0.785396365496659,2.22354222109557e-05
1.21375,0.785396367487226,2.22354222109557e-05
1.213875,0.785396369565024,2.22354222109557e-05
1.214,0.785396371729784,2.11401238185283e-05
1.214125,0.785396373981225,2.11401238185283e-05
1.21425,0.785396376319042,2.11401238185283e-05
1.214375,0.785396378742915,2.11401238185283e-05
1.2145,0.785396381252508,2.11401238185283e-05
1.214625,0.785396383847466,2.11401238185283e-05
1.21475,0.785396386527416,2.11401238185283e-05
1.214875,0.785396389291972,2.11401238185283e-05
1.215,0.785396392140727,1.9881005951758e-05
1.215125,0.785396395073262,1.9881005951758e-05
1.21525,0.785396398089135,1.9881005951758e-05
1.215375,0.78539640118789,1.9881005951758e-05
1.2155,0.785396404369051,1.9881005951758e-05
1.215625,0.785396407632127,1.9881005951758e-05
1.21575,0.785396410976608,1.9881005951758e-05
1.215875,0.78539641440197,1.9881005951758e-05
1.216,0.785396417907672,2.07393310209395e-05
1.216125,0.785396421493156,2.07393310209395e-05
1.21625,0.785396425157854,2.07393310209395e-05
1.216375,0.78539642890118,2.07393310209395e-05
1.2165,0.785396432722537,2.07393310209395e-05
1.216625,0.785396436621315,2.07393310209395e-05
1.21675,0.78539644059689,2.07393310209395e-05
1.216875,0.785396444648625,2.07393310209395e-05
1.217,0.785396448775873,1.92503349243113e-05
1.217125,0.785396452977973,1.92503349243113e-05
1.21725,0.785396457254249,1.92503349243113e-05
1.217375,0.785396461604013,1.92503349243113e-05
1.2175,0.785396466026563,1.92503349243113e-05
1.217625,0.785396470521186,1.92503349243113e-05
1.21775,0.785396475087155,1.92503349243113e-05
1.217875,0.785396479723733,1.92503349243113e-05
1.218,0.785396484430172,1.76763057592613e-05
1.218125,0.78539648920571,1.76763057592613e-05
1.21825,0.785396494049575,1.76763057592613e-05
1.218375,0.78539649896098,1.76763057592613e-05
1.2185,0.785396503939127,1.76763057592613e-05
1.218625,0.785396508983207,1.76763057592613e-05
1.21875,0.7853965140924,1.76763057592613e-05
1.218875,0.785396519265876,1.76763057592613e-05
1.219,0.785396524502794,1.60422847763219e-05
1.219125,0.785396529802304,1.60422847763219e-05
1.21925,0.785396535163543,1.60422847763219e-05
1.219375,0.785396540585638,1.60422847763219e-05
1.2195,0.785396546067703,1.60422847763219e-05
1.219625,0.785396551608846,1.60422847763219e-05
1.21975,0.785396557208163,1.60422847763219e-05
1.219875,0.785396562864742,1.60422847763219e-05
1.22,0.785396568577661,1.43741372038605e-05
1.220125,0.785396574345993,1.43741372038605e-05
1.22025,0.785396580168797,1.43741372038605e-05
1.220375,0.785396586045124,1.43741372038605e-05
1.2205,0.785396591974016,1.43741372038605e-05
1.220625,0.785396597954508,1.43741372038605e-05
1.22075,0.785396603985626,1.43741372038605e-05
1.220875,0.785396610066388,1.43741372038605e-05
1.221,0.785396616195809,1.15527752261444e-05
1.221125,0.785396622372894,1.15527752261444e-05
1.22125,0.785396628596638,1.15527752261444e-05
1.221375,0.785396634866026,1.15527752261444e-05
1.2215,0.785396641180035,1.15527752261444e-05
1.221625,0.785396647537634,1.15527752261444e-05
1.22175,0.785396653937785,1.15527752261444e-05
1.221875,0.785396660379444,1.15527752261444e-05
1.222,0.78539666686156,9.88396120305836e-06
1.222125,0.785396673383077,9.88396120305836e-06
1.22225,0.785396679942929,9.88396120305836e-06
1.222375,0.785396686540045,9.88396120305836e-06
1.2225,0.785396693173347,9.88396120305836e-06
1.222625,0.785396699841752,9.88396120305836e-06
1.22275,0.785396706544171,9.88396120305836e-06
1.222875,0.785396713279512,9.88396120305836e-06
1.223,0.785396720046679,8.25966082164228e-06
1.223125,0.785396726844572,8.25966082164228e-06
1.22325,0.785396733672086,8.25966082164228e-06
1.223375,0.785396740528112,8.25966082164228e-06
1.2235,0.785396747411535,8.25966082164228e-06
1.223625,0.785396754321239,8.25966082164228e-06
1.22375,0.785396761256106,8.25966082164228e-06
1.223875,0.785396768215015,8.25966082164228e-06
1.224,0.785396775196846,6.70622259192415e-06
1.224125,0.785396782200475,6.70622259192415e-06
1.22425,0.785396789224778,6.70622259192415e-06
1.224375,0.785396796268628,6.70622259192415e-06
1.2245,0.785396803330896,6.70622259192415e-06
1.224625,0.785396810410455,6.70622259192415e-06
1.22475,0.785396817506177,6.70622259192415e-06
1.224875,0.785396824616934,6.70622259192415e-06
1.225,0.785396831741604,5.2475994044648e-06
1.225125,0.785396838879061,5.2475994044648e-06
1.22525,0.785396846028184,5.2475994044648e-06
1.225375,0.78539685318785,5.2475994044648e-06
1.2255,0.785396860356938,5.2475994044648e-06
1.225625,0.785396867534332,5.2475994044648e-06
1.22575,0.785396874718917,5.2475994044648e-06
1.225875,0.785396881909583,5.2475994044648e-06
1.226,0.785396889105224,-5.06292977444732e-07
1.226125,0.785396896304737,-5.06292977444732e-07
1.22625,0.785396903507014,-5.06292977444732e-07
1.226375,0.785396910710941,-5.06292977444732e-07
1.2265,0.785396917915405,-5.06292977444732e-07
1.226625,0.785396925119291,-5.06292977444732e-07
1.22675,0.785396932321485,-5.06292977444732e-07
1.226875,0.785396939520873,-5.06292977444732e-07
1.227,0.785396946716341,-1.76030510972368e-06
1.227125,0.785396953906778,-1.76030510972368e-06
1.22725,0.785396961091071,-1.76030510972368e-06
1.227375,0.78539696826811,-1.76030510972368e-06
1.2275,0.785396975436785,-1.76030510972368e-06
1.227625,0.785396982595989,-1.76030510972368e-06
1.22775,0.785396989744618,-1.76030510972368e-06
1.227875,0.785396996881572,-1.76030510972368e-06
1.228,0.785397004005755,-2.86448701780996e-06
1.228125,0.785397011116074,-2.86448701780996e-06
1.22825,0.785397018211441,-2.86448701780996e-06
1.228375,0.785397025290772,-2.86448701780996e-06
1.2285,0.785397032352987,-2.86448701780996e-06
1.228625,0.785397039397013,-2.86448701780996e-06
1.22875,0.785397046421781,-2.86448701780996e-06
1.228875,0.785397053426231,-2.86448701780996e-06
1.229,0.78539706040931,-3.79851344714565e-06
1.229125,0.785397067369971,-3.79851344714565e-06
1.22925,0.785397074307176,-3.79851344714565e-06
1.229375,0.785397081219892,-3.79851344714565e-06
1.2295,0.785397088107096,-3.79851344714565e-06
1.229625,0.785397094967774,-3.79851344714565e-06
1.22975,0.78539710180092,-3.79851344714565e-06
1.229875,0.785397108605539,-3.79851344714565e-06
1.23,0.785397115380646,-4.54692952415071e-06
1.230125,0.785397122125268,-4.54692952415071e-06
1.23025,0.78539712883844,-4.54692952415071e-06
1.230375,0.785397135519209,-4.54692952415071e-06
1.2305,0.785397142166632,-4.54692952415071e-06
1.230625,0.785397148779782,-4.54692952415071e-06
1.23075,0.785397155357739,-4.54692952415071e-06
1.230875,0.785397161899601,-4.54692952415071e-06
1.231,0.785397168404476,-1.16792469646091e-05
1.231125,0.785397174871484,-1.16792469646091e-05
1.23125,0.785397181299747,-1.16792469646091e-05
1.231375,0.785397187688387,-1.16792469646091e-05
1.2315,0.785397194036532,-1.16792469646091e-05
1.231625,0.785397200343316,-1.16792469646091e-05
1.23175,0.78539720660788,-1.16792469646091e-05
1.231875,0.785397212829369,-1.16792469646091e-05
1.232,0.785397219006938,-1.20990719264075e-05
1.232125,0.785397225139747,-1.20990719264075e-05
1.23225,0.785397231226964,-1.20990719264075e-05
1.232375,0.785397237267765,-1.20990719264075e-05
1.2325,0.785397243261335,-1.20990719264075e-05
1.232625,0.785397249206864,-1.20990719264075e-05
1.23275,0.785397255103557,-1.20990719264075e-05
1.232875,0.785397260950623,-1.20990719264075e-05
1.233,0.785397266747285,-1.23165018741541e-05
1.233125,0.785397272492774,-1.23165018741541e-05
1.23325,0.785397278186333,-1.23165018741541e-05
1.233375,0.785397283827215,-1.23165018741541e-05
1.2335,0.785397289414684,-1.23165018741541e-05
1.233625,0.785397294948018,-1.23165018741541e-05
1.23375,0.785397300426504,-1.23165018741541e-05
1.233875,0.785397305849444,-1.23165018741541e-05
1.234,0.785397311216151,-1.23222182087556e-05
1.234125,0.785397316525954,-1.23222182087556e-05
1.23425,0.785397321778192,-1.23222182087556e-05
1.234375,0.785397326972222,-1.23222182087556e-05
1.2345,0.785397332107412,-1.23222182087556e-05
1.234625,0.785397337183147,-1.23222182087556e-05
1.23475,0.785397342198826,-1.23222182087556e-05
1.234875,0.785397347153862,-1.23222182087556e-05
1.235,0.785397352047686,-1.2112836054244e-05
1.235125,0.785397356879744,-1.2112836054244e-05
1.23525,0.785397361649499,-1.2112836054244e-05
1.235375,0.78539736635643,-1.2112836054244e-05
1.2355,0.785397371000034,-1.2112836054244e-05
1.235625,0.785397375579824,-1.2112836054244e-05
1.23575,0.785397380095333,-1.2112836054244e-05
1.235875,0.785397384546109,-1.2112836054244e-05
1.236,0.785397388931719,-1.878291331595e-05
1.236125,0.785397393251748,-1.878291331595e-05
1.23625,0.785397397505782,-1.878291331595e-05
1.236375,0.785397401693417,-1.878291331595e-05
1.2365,0.785397405814259,-1.878291331595e-05
1.236625,0.78539740986792,-1.878291331595e-05
1.23675,0.785397413854025,-1.878291331595e-05
1.236875,0.785397417772209,-1.878291331595e-05
1.237,0.785397421622114,-1.82311817090978e-05
1.237125,0.785397425403396,-1.82311817090978e-05
1.23725,0.78539742911572,-1.82311817090978e-05
1.237375,0.785397432758766,-1.82311817090978e-05
1.2375,0.785397436332222,-1.82311817090978e-05
1.237625,0.78539743983579,-1.82311817090978e-05
1.23775,0.785397443269183,-1.82311817090978e-05
1.237875,0.785397446632128,-1.82311817090978e-05
1.238,0.785397449924362,-1.74880375155644e-05
1.238125,0.785397453145636,-1.74880375155644e-05
1.23825,0.785397456295715,-1.74880375155644e-05
1.238375,0.785397459374378,-1.74880375155644e-05
1.2385,0.785397462381417,-1.74880375155644e-05
1.238625,0.785397465316639,-1.74880375155644e-05
1.23875,0.785397468179866,-1.74880375155644e-05
1.238875,0.785397470970931,-1.74880375155644e-05
1.239,0.785397473689686,-1.65565546216608e-05
1.239125,0.785397476335992,-1.65565546216608e-05
1.23925,0.785397478909731,-1.65565546216608e-05
1.239375,0.7853974814108,-1.65565546216608e-05
1.2395,0.78539748383911,-1.65565546216608e-05
1.239625,0.785397486194589,-1.65565546216608e-05
1.23975,0.785397488477181,-1.65565546216608e-05
1.239875,0.785397490686847,-1.65565546216608e-05
1.24,0.785397492823562,-1.54451927057881e-05
1.240125,0.785397494887318,-1.54451927057881e-05
1.24025,0.785397496878126,-1.54451927057881e-05
1.240375,0.785397498796014,-1.54451927057881e-05
1.2405,0.785397500641027,-1.54451927057881e-05
1.240625,0.785397502413229,-1.54451927057881e-05
1.24075,0.7853975041127,-1.54451927057881e-05
1.240875,0.785397505739537,-1.54451927057881e-05
1.241,0.785397507293856,-2.00853044650738e-05
1.241125,0.785397508775787,-2.00853044650738e-05
1.24125,0.785397510185467,-2.00853044650738e-05
1.241375,0.785397511523044,-2.00853044650738e-05
1.2415,0.785397512788676,-2.00853044650738e-05
1.241625,0.785397513982529,-2.00853044650738e-05
1.24175,0.785397515104781,-2.00853044650738e-05
1.241875,0.785397516155618,-2.00853044650738e-05
1.242,0.78539751713524,-1.87225377987387e-05
1.242125,0.785397518043852,-1.87225377987387e-05
1.24225,0.785397518881674,-1.87225377987387e-05
1.242375,0.785397519648939,-1.87225377987387e-05
1.2425,0.785397520345889,-1.87225377987387e-05
1.242625,0.785397520972778,-1.87225377987387e-05
1.24275,0.785397521529871,-1.87225377987387e-05
1.242875,0.785397522017444,-1.87225377987387e-05
1.243,0.785397522435784,-1.72343174357531e-05
1.243125,0.785397522785188,-1.72343174357531e-05
1.24325,0.785397523065968,-1.72343174357531e-05
1.243375,0.785397523278448,-1.72343174357531e-05
1.2435,0.785397523422963,-1.72343174357531e-05
1.243625,0.785397523499863,-1.72343174357531e-05
1.24375,0.785397523509506,-1.72343174357531e-05
1.243875,0.785397523452265,-1.72343174357531e-05
1.244,0.785397523328521,-1.56337983897619e-05
1.244125,0.78539752313867,-1.56337983897619e-05
1.24425,0.78539752288312,-1.56337983897619e-05
1.244375,0.785397522562293,-1.56337983897619e-05
1.2445,0.785397522176625,-1.56337983897619e-05
1.244625,0.785397521726562,-1.56337983897619e-05
1.24475,0.785397521212563,-1.56337983897619e-05
1.244875,0.785397520635101,-1.56337983897619e-05
1.245,0.785397519994659,-1.39376477216116e-05
1.245125,0.785397519291732,-1.39376477216116e-05
1.24525,0.785397518526829,-1.39376477216116e-05
1.245375,0.785397517700474,-1.39376477216116e-05
1.2455,0.785397516813205,-1.39376477216116e-05
1.245625,0.785397515865569,-1.39376477216116e-05
1.24575,0.785397514858129,-1.39376477216116e-05
1.245875,0.785397513791459,-1.39376477216116e-05
1.246,0.785397512666143,-1.56859092378854e-05
1.246125,0.785397511482778,-1.56859092378854e-05
1.24625,0.785397510241967,-1.56859092378854e-05
1.246375,0.785397508944321,-1.56859092378854e-05
1.2465,0.78539750759046,-1.56859092378854e-05
1.246625,0.785397506181011,-1.56859092378854e-05
1.24675,0.785397504716606,-1.56859092378854e-05
1.246875,0.785397503197886,-1.56859092378854e-05
1.247,0.785397501625499,-1.38985494909037e-05
1.247125,0.785397500000098,-1.38985494909037e-05
1.24725,0.785397498322347,-1.38985494909037e-05
1.247375,0.785397496592915,-1.38985494909037e-05
1.2475,0.785397494812484,-1.38985494909037e-05
1.247625,0.785397492981739,-1.38985494909037e-05
1.24775,0.785397491101373,-1.38985494909037e-05
1.247875,0.785397489172085,-1.38985494909037e-05
1.248,0.785397487194581,-1.20828589344579e-05
1.248125,0.785397485169574,-1.20828589344579e-05
1.24825,0.785397483097782,-1.20828589344579e-05
1.248375,0.785397480979936,-1.20828589344579e-05
1.2485,0.78539747881677,-1.20828589344579e-05
1.248625,0.785397476609027,-1.20828589344579e-05
1.24875,0.785397474357456,-1.20828589344579e-05
1.248875,0.785397472062812,-1.20828589344579e-05
1.249,0.785397469725852,-1.02570480313403e-05
1.249125,0.785397467347344,-1.02570480313403e-05
1.24925,0.785397464928061,-1.02570480313403e-05
1.249375,0.785397462468784,-1.02570480313403e-05
1.2495,0.785397459970299,-1.02570480313403e-05
1.249625,0.785397457433401,-1.02570480313403e-05
1.24975,0.785397454858886,-1.02570480313403e-05
1.249875,0.78539745224756,-1.02570480313403e-05
1.25,0.785397449600229,-8.44028654845146e-06
1.250125,0.785397446917707,-8.44028654845146e-06
1.25025,0.785397444200813,-8.44028654845146e-06
1.250375,0.785397441450375,-8.44028654845146e-06
1.2505,0.785397438667223,-8.44028654845146e-06
1.250625,0.785397435852194,-8.44028654845146e-06
1.25075,0.78539743300613,-8.44028654845146e-06
1.250875,0.785397430129874,-8.44028654845146e-06
1.251,0.785397427224276,-7.33203982557494e-06
1.251125,0.785397424290187,-7.33203982557494e-06
1.25125,0.785397421328464,-7.33203982557494e-06
1.251375,0.785397418339968,-7.33203982557494e-06
1.2515,0.785397415325561,-7.33203982557494e-06
1.251625,0.78539741228611,-7.33203982557494e-06
1.25175,0.785397409222485,-7.33203982557494e-06
1.251875,0.785397406135554,-7.33203982557494e-06
1.252,0.78539740302619,-5.60095600170111e-06
1.252125,0.785397399895266,-5.60095600170111e-06
1.25225,0.785397396743659,-5.60095600170111e-06
1.252375,0.785397393572247,-5.60095600170111e-06
1.2525,0.785397390381913,-5.60095600170111e-06
1.252625,0.785397387173539,-5.60095600170111e-06
1.25275,0.785397383948009,-5.60095600170111e-06
1.252875,0.785397380706206,-5.60095600170111e-06
1.253,0.785397377449015,-3.93897767080284e-06
1.253125,0.785397374177318,-3.93897767080284e-06
1.25325,0.785397370892003,-3.93897767080284e-06
1.253375,0.785397367593956,-3.93897767080284e-06
1.2535,0.785397364284065,-3.93897767080284e-06
1.253625,0.785397360963217,-3.93897767080284e-06
1.25375,0.785397357632299,-3.93897767080284e-06
1.253875,0.785397354292197,-3.93897767080284e-06
1.254,0.785397350943795,-2.36331884466649e-06
1.254125,0.785397347587974,-2.36331884466649e-06
1.25425,0.785397344225619,-2.36331884466649e-06
1.254375,0.785397340857611,-2.36331884466649e-06
1.2545,0.785397337484832,-2.36331884466649e-06
1.254625,0.785397334108162,-2.36331884466649e-06
1.25475,0.785397330728477,-2.36331884466649e-06
1.254875,0.785397327346652,-2.36331884466649e-06
1.255,0.785397323963559,-8.89710871276673e-07
1.255125,0.785397320580065,-8.89710871276673e-07
1.25525,0.785397317197038,-8.89710871276673e-07
1.255375,0.785397313815341,-8.89710871276673e-07
1.2555,0.785397310435837,-8.89710871276673e-07
1.255625,0.785397307059384,-8.89710871276673e-07
1.25575,0.785397303686836,-8.89710871276673e-07
1.255875,0.785397300319044,-8.89710871276673e-07
1.256,0.785397296956852,2.22773426151201e-06
1.256125,0.7853972936011,2.22773426151201e-06
1.25625,0.785397290252631,2.22773426151201e-06
1.256375,0.785397286912285,2.22773426151201e-06
1.2565,0.785397283580899,2.22773426151201e-06
1.256625,0.78539728025931,2.22773426151201e-06
1.25675,0.78539727694835,2.22773426151201e-06
1.256875,0.785397273648847,2.22773426151201e-06
1.257,0.785397270361626,3.475043593736e-06
1.257125,0.785397267087508,3.475043593736e-06
1.25725,0.78539726382731,3.475043593736e-06
1.257375,0.785397260581848,3.475043593736e-06
1.2575,0.785397257351933,3.475043593736e-06
1.257625,0.78539725413837,3.475043593736e-06
1.25775,0.785397250941961,3.475043593736e-06
1.257875,0.785397247763502,3.475043593736e-06
1.258,0.785397244603782,4.58383221177268e-06
1.258125,0.785397241463587,4.58383221177268e-06
1.25825,0.785397238343696,4.58383221177268e-06
1.258375,0.785397235244882,4.58383221177268e-06
1.2585,0.785397232167916,4.58383221177268e-06
1.258625,0.785397229113558,4.58383221177268e-06
1.25875,0.785397226082565,4.58383221177268e-06
1.258875,0.785397223075685,4.58383221177268e-06
1.259,0.785397220093658,5.54311743439622e-06
1.259125,0.785397217137217,5.54311743439622e-06
1.25925,0.785397214207089,5.54311743439622e-06
1.259375,0.785397211303994,5.54311743439622e-06
1.2595,0.785397208428642,5.54311743439622e-06
1.259625,0.785397205581737,5.54311743439622e-06
1.25975,0.785397202763974,5.54311743439622e-06
1.259875,0.785397199976039,5.54311743439622e-06
1.26,0.785397197218609,6.34503913310748e-06
1.260125,0.785397194492351,6.34503913310748e-06
1.26025,0.785397191797923,6.34503913310748e-06
1.260375,0.785397189135975,6.34503913310748e-06
1.2605,0.785397186507148,6.34503913310748e-06
1.260625,0.785397183912072,6.34503913310748e-06
1.26075,0.785397181351366,6.34503913310748e-06
1.260875,0.785397178825641,6.34503913310748e-06
1.261,0.785397176335495,1.01262248631058e-05
1.261125,0.785397173881517,1.01262248631058e-05
1.26125,0.785397171464291,1.01262248631058e-05
1.261375,0.785397169084397,1.01262248631058e-05
1.2615,0.785397166742408,1.01262248631058e-05
1.261625,0.785397164438889,1.01262248631058e-05
1.26175,0.785397162174399,1.01262248631058e-05
1.261875,0.785397159949489,1.01262248631058e-05
1.262,0.7853971577647,1.06354345037547e-05
1.262125,0.785397155620569,1.06354345037547e-05
1.26225,0.785397153517621,1.06354345037547e-05
1.262375,0.785397151456376,1.06354345037547e-05
1.2625,0.785397149437344,1.06354345037547e-05
1.262625,0.785397147461029,1.06354345037547e-05
1.26275,0.785397145527922,1.06354345037547e-05
1.262875,0.785397143638509,1.06354345037547e-05
1.263,0.785397141793262,1.09825324612144e-05
1.263125,0.785397139992648,1.09825324612144e-05
1.26325,0.785397138237122,1.09825324612144e-05
1.263375,0.78539713652713,1.09825324612144e-05
1.2635,0.785397134863108,1.09825324612144e-05
1.263625,0.785397133245482,1.09825324612144e-05
1.26375,0.785397131674667,1.09825324612144e-05
1.263875,0.785397130151068,1.09825324612144e-05
1.264,0.78539712867508,1.11657351894223e-05
1.264125,0.785397127247084,1.11657351894223e-05
1.26425,0.785397125867454,1.11657351894223e-05
1.264375,0.78539712453655,1.11657351894223e-05
1.2645,0.785397123254722,1.11657351894223e-05
1.264625,0.785397122022308,1.11657351894223e-05
1.26475,0.785397120839634,1.11657351894223e-05
1.264875,0.785397119707014,1.11657351894223e-05
1.265,0.785397118624751,1.11868190687133e-05
1.265125,0.785397117593136,1.11868190687133e-05
1.26525,0.785397116612445,1.11868190687133e-05
1.265375,0.785397115682944,1.11868190687133e-05
1.2655,0.785397114804885,1.11868190687133e-05
1.265625,0.785397113978509,1.11868190687133e-05
1.26575,0.785397113204043,1.11868190687133e-05
1.265875,0.785397112481701,1.11868190687133e-05
1.266,0.785397111811683,1.42201688618264e-05
1.266125,0.785397111194179,1.42201688618264e-05
1.26625,0.785397110629371,1.42201688618264e-05
1.266375,0.785397110117432,1.42201688618264e-05
1.2665,0.785397109658527,1.42201688618264e-05
1.266625,0.785397109252811,1.42201688618264e-05
1.26675,0.78539710890043,1.42201688618264e-05
1.266875,0.785397108601522,1.42201688618264e-05
1.267,0.785397108356213,1.39695146718258e-05
1.267125,0.785397108164622,1.39695146718258e-05
1.26725,0.785397108026857,1.39695146718258e-05
1.267375,0.785397107943014,1.39695146718258e-05
1.2675,0.785397107913183,1.39695146718258e-05
1.267625,0.78539710793744,1.39695146718258e-05
1.26775,0.785397108015854,1.39695146718258e-05
1.267875,0.785397108148482,1.39695146718258e-05
1.268,0.785397108335372,1.35819747745244e-05
1.268125,0.78539710857656,1.35819747745244e-05
1.26825,0.785397108872073,1.35819747745244e-05
1.268375,0.785397109221927,1.35819747745244e-05
1.2685,0.785397109626126,1.35819747745244e-05
1.268625,0.785397110084664,1.35819747745244e-05
1.26875,0.785397110597524,1.35819747745244e-05
1.268875,0.785397111164679,1.35819747745244e-05
1.269,0.785397111786091,1.30649961838237e-05
1.269125,0.78539711246171,1.30649961838237e-05
1.26925,0.785397113191477,1.30649961838237e-05
1.269375,0.785397113975319,1.30649961838237e-05
1.2695,0.785397114813152,1.30649961838237e-05
1.269625,0.785397115704883,1.30649961838237e-05
1.26975,0.785397116650405,1.30649961838237e-05
1.269875,0.785397117649602,1.30649961838237e-05
1.27,0.785397118702346,1.24288028425936e-05
1.270125,0.785397119808499,1.24288028425936e-05
1.27025,0.785397120967908,1.24288028425936e-05
1.270375,0.785397122180412,1.24288028425936e-05
1.2705,0.785397123445836,1.24288028425936e-05
1.270625,0.785397124763993,1.24288028425936e-05
1.27075,0.785397126134688,1.24288028425936e-05
1.270875,0.785397127557711,1.24288028425936e-05
1.271,0.785397129032843,1.36514728747187e-05
1.271125,0.785397130559854,1.36514728747187e-05
1.27125,0.785397132138505,1.36514728747187e-05
1.271375,0.78539713376855,1.36514728747187e-05
1.2715,0.785397135449734,1.36514728747187e-05
1.271625,0.785397137181791,1.36514728747187e-05
1.27175,0.785397138964448,1.36514728747187e-05
1.271875,0.785397140797426,1.36514728747187e-05
1.272,0.785397142680433,1.28385880380806e-05
1.272125,0.785397144613174,1.28385880380806e-05
1.27225,0.78539714659534,1.28385880380806e-05
1.272375,0.785397148626616,1.28385880380806e-05
1.2725,0.785397150706676,1.28385880380806e-05
1.272625,0.785397152835188,1.28385880380806e-05
1.27275,0.785397155011809,1.28385880380806e-05
1.272875,0.78539715723619,1.28385880380806e-05
1.273,0.785397159507974,1.19514253279272e-05
1.273125,0.785397161826796,1.19514253279272e-05
1.27325,0.785397164192279,1.19514253279272e-05
1.273375,0.785397166604041,1.19514253279272e-05
1.2735,0.78539716906169,1.19514253279272e-05
1.273625,0.785397171564826,1.19514253279272e-05
1.27375,0.78539717411304,1.19514253279272e-05
1.273875,0.785397176705917,1.19514253279272e-05
1.274,0.785397179343035,1.10039969636603e-05
1.274125,0.785397182023963,1.10039969636603e-05
1.27425,0.785397184748261,1.10039969636603e-05
1.274375,0.785397187515482,1.10039969636603e-05
1.2745,0.785397190325171,1.10039969636603e-05
1.274625,0.785397193176864,1.10039969636603e-05
1.27475,0.785397196070091,1.10039969636603e-05
1.274875,0.785397199004375,1.10039969636603e-05
1.275,0.785397201979232,1.00114263447733e-05
1.275125,0.785397204994171,1.00114263447733e-05
1.27525,0.785397208048694,1.00114263447733e-05
1.275375,0.785397211142293,1.00114263447733e-05
1.2755,0.785397214274455,1.00114263447733e-05
1.275625,0.78539721744466,1.00114263447733e-05
1.27575,0.78539722065238,1.00114263447733e-05
1.275875,0.785397223897082,1.00114263447733e-05
1.276,0.785397227178228,8.98794789491794e-06
1.276125,0.785397230495272,8.98794789491794e-06
1.27625,0.785397233847663,8.98794789491794e-06
1.276375,0.785397237234841,8.98794789491794e-06
1.2765,0.785397240656241,8.98794789491794e-06
1.276625,0.785397244111292,8.98794789491794e-06
1.27675,0.785397247599418,8.98794789491794e-06
1.276875,0.785397251120038,8.98794789491794e-06
1.277,0.785397254672564,7.95410046255519e-06
1.277125,0.785397258256406,7.95410046255519e-06
1.27725,0.785397261870966,7.95410046255519e-06
1.277375,0.785397265515641,7.95410046255519e-06
1.2775,0.785397269189822,7.95410046255519e-06
1.277625,0.785397272892898,7.95410046255519e-06
1.27775,0.78539727662425,7.95410046255519e-06
1.277875,0.785397280383257,7.95410046255519e-06
1.278,0.785397284169296,6.92464078858057e-06
1.278125,0.785397287981736,6.92464078858057e-06
1.27825,0.785397291819946,6.92464078858057e-06
1.278375,0.785397295683287,6.92464078858057e-06
1.2785,0.785397299571118,6.92464078858057e-06
1.278625,0.785397303482793,6.92464078858057e-06
1.27875,0.785397307417666,6.92464078858057e-06
1.278875,0.785397311375085,6.92464078858057e-06
1.279,0.785397315354399,5.91578631100727e-06
1.279125,0.785397319354951,5.91578631100727e-06
1.27925,0.785397323376083,5.91578631100727e-06
1.279375,0.785397327417134,5.91578631100727e-06
1.2795,0.785397331477441,5.91578631100727e-06
1.279625,0.785397335556336,5.91578631100727e-06
1.27975,0.785397339653154,5.91578631100727e-06
1.279875,0.785397343767225,5.91578631100727e-06
1.28,0.785397347897881,4.94288223706647e-06
1.280125,0.785397352044452,4.94288223706647e-06
1.28025,0.785397356206265,4.94288223706647e-06
1.280375,0.785397360382647,4.94288223706647e-06
1.2805,0.785397364572925,4.94288223706647e-06
1.280625,0.785397368776423,4.94288223706647e-06
1.28075,0.785397372992468,4.94288223706647e-06
1.280875,0.785397377220384,4.94288223706647e-06
1.281,0.7853973814595,1.93812583056217e-06
1.281125,0.785397385709142,1.93812583056217e-06
1.28125,0.785397389968632,1.93812583056217e-06
1.281375,0.785397394237288,1.93812583056217e-06
1.2815,0.785397398514428,1.93812583056217e-06
1.281625,0.785397402799367,1.93812583056217e-06
1.28175,0.785397407091418,1.93812583056217e-06
1.281875,0.785397411389895,1.93812583056217e-06
1.282,0.785397415694109,1.05714109533861e-06
1.282125,0.785397420003374,1.05714109533861e-06
1.28225,0.785397424316998,1.05714109533861e-06
1.282375,0.785397428634292,1.05714109533861e-06
1.2825,0.785397432954564,1.05714109533861e-06
1.282625,0.785397437277123,1.05714109533861e-06
1.28275,0.78539744160128,1.05714109533861e-06
1.282875,0.785397445926345,1.05714109533861e-06
1.283,0.785397450251629,2.51080646134246e-07
1.283125,0.785397454576447,2.51080646134246e-07
1.28325,0.78539745890011,2.51080646134246e-07
1.283375,0.785397463221934,2.51080646134246e-07
1.2835,0.785397467541236,2.51080646134246e-07
1.283625,0.785397471857332,2.51080646134246e-07
1.28375,0.785397476169543,2.51080646134246e-07
1.283875,0.785397480477193,2.51080646134246e-07
1.284,0.785397484779607,-4.66277957733145e-07
1.284125,0.785397489076115,-4.66277957733145e-07
1.28425,0.78539749336605,-4.66277957733145e-07
1.284375,0.785397497648744,-4.66277957733145e-07
1.2845,0.785397501923538,-4.66277957733145e-07
1.284625,0.785397506189773,-4.66277957733145e-07
1.28475,0.785397510446795,-4.66277957733145e-07
1.284875,0.785397514693956,-4.66277957733145e-07
1.285,0.785397518930611,-1.08372114002695e-06
1.285125,0.785397523156121,-1.08372114002695e-06
1.28525,0.785397527369853,-1.08372114002695e-06
1.285375,0.785397531571175,-1.08372114002695e-06
1.2855,0.785397535759465,-1.08372114002695e-06
1.285625,0.785397539934103,-1.08372114002695e-06
1.28575,0.785397544094478,-1.08372114002695e-06
1.285875,0.785397548239983,-1.08372114002695e-06
1.286,0.78539755237002,-5.24112710750887e-06
1.286125,0.785397556483994,-5.24112710750887e-06
1.28625,0.785397560581311,-5.24112710750887e-06
1.286375,0.785397564661378,-5.24112710750887e-06
1.2865,0.785397568723602,-5.24112710750887e-06
1.286625,0.785397572767394,-5.24112710750887e-06
1.28675,0.785397576792168,-5.24112710750887e-06
1.286875,0.785397580797339,-5.24112710750887e-06
1.287,0.785397584782327,-5.67402808934421e-06
1.287125,0.785397588746555,-5.67402808934421e-06
1.28725,0.785397592689451,-5.67402808934421e-06
1.287375,0.785397596610444,-5.67402808934421e-06
1.2875,0.785397600508968,-5.67402808934421e-06
1.287625,0.785397604384461,-5.67402808934421e-06
1.28775,0.785397608236367,-5.67402808934421e-06
1.287875,0.785397612064134,-5.67402808934421e-06
1.288,0.785397615867215,-5.9893829250268e-06
1.288125,0.785397619645069,-5.9893829250268e-06
1.28825,0.785397623397159,-5.9893829250268e-06
1.288375,0.785397627122956,-5.9893829250268e-06
1.2885,0.785397630821934,-5.9893829250268e-06
1.288625,0.785397634493577,-5.9893829250268e-06
1.28875,0.785397638137371,-5.9893829250268e-06
1.288875,0.785397641752813,-5.9893829250268e-06
1.289,0.785397645339405,-6.17941070504684e-06
1.289125,0.785397648896656,-6.17941070504684e-06
1.28925,0.785397652424083,-6.17941070504684e-06
1.289375,0.785397655921211,-6.17941070504684e-06
1.2895,0.785397659387573,-6.17941070504684e-06
1.289625,0.785397662822708,-6.17941070504684e-06
1.28975,0.785397666226165,-6.17941070504684e-06
1.289875,0.785397669597502,-6.17941070504684e-06
1.29,0.785397672936286,-6.23982170540595e-06
1.290125,0.785397676242091,-6.23982170540595e-06
1.29025,0.785397679514503,-6.23982170540595e-06
1.290375,0.785397682753115,-6.23982170540595e-06
1.2905,0.785397685957531,-6.23982170540595e-06
1.290625,0.785397689127365,-6.23982170540595e-06
1.29075,0.785397692262239,-6.23982170540595e-06
1.290875,0.785397695361789,-6.23982170540595e-06
1.291,0.785397698425658,-1.04462646369943e-05
1.291125,0.785397701453499,-1.04462646369943e-05
1.29125,0.785397704444968,-1.04462646369943e-05
1.291375,0.785397707399725,-1.04462646369943e-05
1.2915,0.785397710317434,-1.04462646369943e-05
1.291625,0.785397713197765,-1.04462646369943e-05
1.29175,0.785397716040393,-1.04462646369943e-05
1.291875,0.785397718845,-1.04462646369943e-05
1.292,0.785397721611273,-1.02934274578069e-05
1.292125,0.785397724338903,-1.02934274578069e-05
1.29225,0.785397727027592,-1.02934274578069e-05
1.292375,0.785397729677045,-1.02934274578069e-05
1.2925,0.785397732286975,-1.02934274578069e-05
1.292625,0.785397734857101,-1.02934274578069e-05
1.29275,0.785397737387152,-1.02934274578069e-05
1.292875,0.78539773987686,-1.02934274578069e-05
1.293,0.785397742325967,-1.00183475691366e-05
1.293125,0.785397744734222,-1.00183475691366e-05
1.29325,0.785397747101382,-1.00183475691366e-05
1.293375,0.785397749427213,-1.00183475691366e-05
1.2935,0.785397751711488,-1.00183475691366e-05
1.293625,0.785397753953989,-1.00183475691366e-05
1.29375,0.785397756154508,-1.00183475691366e-05
1.293875,0.785397758312842,-1.00183475691366e-05
1.294,0.7853977604288,-9.62076751450071e-06
1.294125,0.785397762502198,-9.62076751450071e-06
1.29425,0.785397764532864,-9.62076751450071e-06
1.294375,0.785397766520633,-9.62076751450071e-06
1.2945,0.785397768465351,-9.62076751450071e-06
1.294625,0.785397770366874,-9.62076751450071e-06
1.29475,0.785397772225067,-9.62076751450071e-06
1.294875,0.785397774039806,-9.62076751450071e-06
1.295,0.785397775810975,-9.10387300603422e-06
1.295125,0.785397777538471,-9.10387300603422e-06
1.29525,0.785397779222199,-9.10387300603422e-06
1.295375,0.785397780862076,-9.10387300603422e-06
1.2955,0.785397782458032,-9.10387300603422e-06
1.295625,0.785397784010005,-9.10387300603422e-06
1.29575,0.785397785517946,-9.10387300603422e-06
1.295875,0.785397786981814,-9.10387300603422e-06
1.296,0.785397788401583,-1.23249810434382e-05
1.296125,0.785397789777233,-1.23249810434382e-05
1.29625,0.78539779110875,-1.23249810434382e-05
1.296375,0.785397792396126,-1.23249810434382e-05
1.2965,0.785397793639359,-1.23249810434382e-05
1.296625,0.785397794838452,-1.23249810434382e-05
1.29675,0.785397795993415,-1.23249810434382e-05
1.296875,0.785397797104266,-1.23249810434382e-05
1.297,0.785397798171027,-1.16328692722959e-05
1.297125,0.785397799193728,-1.16328692722959e-05
1.29725,0.785397800172404,-1.16328692722959e-05
1.297375,0.785397801107102,-1.16328692722959e-05
1.2975,0.785397801997872,-1.16328692722959e-05
1.297625,0.785397802844773,-1.16328692722959e-05
1.29775,0.785397803647871,-1.16328692722959e-05
1.297875,0.785397804407239,-1.16328692722959e-05
1.298,0.785397805122957,-1.08498969211122e-05
1.298125,0.785397805795112,-1.08498969211122e-05
1.29825,0.7853978064238,-1.08498969211122e-05
1.298375,0.785397807009126,-1.08498969211122e-05
1.2985,0.785397807551201,-1.08498969211122e-05
1.298625,0.785397808050145,-1.08498969211122e-05
1.29875,0.785397808506086,-1.08498969211122e-05
1.298875,0.785397808919159,-1.08498969211122e-05
1.299,0.785397809289508,-9.98255408232242e-06
1.299125,0.785397809617283,-9.98255408232242e-06
1.29925,0.785397809902645,-9.98255408232242e-06
1.299375,0.785397810145762,-9.98255408232242e-06
1.2995,0.785397810346814,-9.98255408232242e-06
1.299625,0.785397810505985,-9.98255408232242e-06
1.29975,0.785397810623471,-9.98255408232242e-06
1.299875,0.785397810699473,-9.98255408232242e-06
1.3,0.785397810734203,-9.03984139649906e-06
1.300125,0.78539781072788,-9.03984139649906e-06
1.30025,0.785397810680732,-9.03984139649906e-06
1.300375,0.785397810592998,-9.03984139649906e-06
1.3005,0.785397810464924,-9.03984139649906e-06
1.300625,0.785397810296767,-9.03984139649906e-06
1.30075,0.785397810088792,-9.03984139649906e-06
1.300875,0.78539780984127,-9.03984139649906e-06
1.301,0.785397809554484,-1.06054854277462e-05
1.301125,0.785397809228722,-1.06054854277462e-05
1.30125,0.785397808864278,-1.06054854277462e-05
1.301375,0.78539780846145,-1.06054854277462e-05
1.3015,0.785397808020544,-1.06054854277462e-05
1.301625,0.785397807541867,-1.06054854277462e-05
1.30175,0.785397807025735,-1.06054854277462e-05
1.301875,0.785397806472467,-1.06054854277462e-05
1.302,0.785397805882387,-9.57553130712689e-06
1.302125,0.785397805255825,-9.57553130712689e-06
1.30225,0.785397804593114,-9.57553130712689e-06
1.302375,0.785397803894598,-9.57553130712689e-06
1.3025,0.785397803160622,-9.57553130712689e-06
1.302625,0.785397802391539,-9.57553130712689e-06
1.30275,0.785397801587705,-9.57553130712689e-06
1.302875,0.785397800749483,-9.57553130712689e-06
1.303,0.785397799877239,-8.51001004224882e-06
1.303125,0.785397798971345,-8.51001004224882e-06
1.30325,0.785397798032179,-8.51001004224882e-06
1.303375,0.785397797060124,-8.51001004224882e-06
1.3035,0.785397796055569,-8.51001004224882e-06
1.303625,0.785397795018909,-8.51001004224882e-06
1.30375,0.785397793950543,-8.51001004224882e-06
1.303875,0.785397792850875,-8.51001004224882e-06
1.304,0.785397791720312,-7.41949974580498e-06
1.304125,0.785397790559269,-7.41949974580498e-06
1.30425,0.785397789368163,-7.41949974580498e-06
1.304375,0.785397788147421,-7.41949974580498e-06
1.3045,0.785397786897472,-7.41949974580498e-06
1.304625,0.78539778561875,-7.41949974580498e-06
1.30475,0.785397784311695,-7.41949974580498e-06
1.304875,0.785397782976751,-7.41949974580498e-06
1.305,0.785397781614367,-6.31561198544655e-06
1.305125,0.785397780224993,-6.31561198544655e-06
1.30525,0.785397778809089,-6.31561198544655e-06
1.305375,0.785397777367117,-6.31561198544655e-06
1.3055,0.785397775899546,-6.31561198544655e-06
1.305625,0.785397774406848,-6.31561198544655e-06
1.30575,0.7853977728895,-6.31561198544655e-06
1.305875,0.785397771347982,-6.31561198544655e-06
1.306,0.78539776978278,-6.08417271216839e-06
1.306125,0.785397768194379,-6.08417271216839e-06
1.30625,0.785397766583272,-6.08417271216839e-06
1.306375,0.785397764949953,-6.08417271216839e-06
1.3065,0.78539776329492,-6.08417271216839e-06
1.306625,0.785397761618672,-6.08417271216839e-06
1.30675,0.785397759921711,-6.08417271216839e-06
1.306875,0.785397758204543,-6.08417271216839e-06
1.307,0.785397756467672,-5.00109062726268e-06
1.307125,0.785397754711608,-5.00109062726268e-06
1.30725,0.785397752936861,-5.00109062726268e-06
1.307375,0.785397751143946,-5.00109062726268e-06
1.3075,0.785397749333379,-5.00109062726268e-06
1.307625,0.785397747505679,-5.00109062726268e-06
1.30775,0.785397745661365,-5.00109062726268e-06
1.307875,0.785397743800959,-5.00109062726268e-06
1.308,0.785397741924982,-3.94356222208341e-06
1.308125,0.78539774003396,-3.94356222208341e-06
1.30825,0.785397738128417,-3.94356222208341e-06
1.308375,0.785397736208883,-3.94356222208341e-06
1.3085,0.785397734275886,-3.94356222208341e-06
1.308625,0.785397732329957,-3.94356222208341e-06
1.30875,0.785397730371628,-3.94356222208341e-06
1.308875,0.785397728401432,-3.94356222208341e-06
1.309,0.785397726419899,-2.92264134273259e-06
1.309125,0.785397724427564,-2.92264134273259e-06
1.30925,0.78539772242496,-2.92264134273259e-06
1.309375,0.785397720412624,-2.92264134273259e-06
1.3095,0.78539771839109,-2.92264134273259e-06
1.309625,0.785397716360896,-2.92264134273259e-06
1.30975,0.785397714322578,-2.92264134273259e-06
1.309875,0.785397712276672,-2.92264134273259e-06
1.31,0.785397710223712,-1.9488635225351e-06
1.310125,0.785397708164235,-1.9488635225351e-06
1.31025,0.785397706098775,-1.9488635225351e-06
1.310375,0.785397704027868,-1.9488635225351e-06
1.3105,0.785397701952049,-1.9488635225351e-06
1.310625,0.785397699871854,-1.9488635225351e-06
1.31075,0.785397697787815,-1.9488635225351e-06
1.310875,0.785397695700464,-1.9488635225351e-06
1.311,0.785397693610333,-3.0412711234066e-07
1.311125,0.785397691517951,-3.0412711234066e-07
1.31125,0.785397689423848,-3.0412711234066e-07
1.311375,0.785397687328555,-3.0412711234066e-07
1.3115,0.785397685232604,-3.0412711234066e-07
1.311625,0.785397683136523,-3.0412711234066e-07
1.31175,0.785397681040843,-3.0412711234066e-07
1.311875,0.78539767894609,-3.0412711234066e-07
1.312,0.785397676852791,5.53902530630114e-07
1.312125,0.78539767476147,5.53902530630114e-07
1.31225,0.785397672672652,5.53902530630114e-07
1.312375,0.78539767058686,5.53902530630114e-07
1.3125,0.785397668504616,5.53902530630114e-07
1.312625,0.78539766642644,5.53902530630114e-07
1.31275,0.785397664352849,5.53902530630114e-07
1.312875,0.785397662284361,5.53902530630114e-07
1.313,0.785397660221487,1.33767957030922e-06
1.313125,0.785397658164739,1.33767957030922e-06
1.31325,0.785397656114625,1.33767957030922e-06
1.313375,0.785397654071653,1.33767957030922e-06
1.3135,0.785397652036325,1.33767957030922e-06
1.313625,0.785397650009145,1.33767957030922e-06
1.31375,0.785397647990611,1.33767957030922e-06
1.313875,0.785397645981216,1.33767957030922e-06
1.314,0.785397643981452,2.03911040610798e-06
1.314125,0.785397641991807,2.03911040610798e-06
1.31425,0.785397640012765,2.03911040610798e-06
1.314375,0.785397638044809,2.03911040610798e-06
1.3145,0.785397636088414,2.03911040610798e-06
1.314625,0.785397634144056,2.03911040610798e-06
1.31475,0.785397632212203,2.03911040610798e-06
1.314875,0.785397630293321,2.03911040610798e-06
1.315,0.78539762838787,2.65179414065633e-06
1.315125,0.785397626496304,2.65179414065633e-06
1.31525,0.785397624619076,2.65179414065633e-06
1.315375,0.785397622756632,2.65179414065633e-06
1.3155,0.785397620909415,2.65179414065633e-06
1.315625,0.785397619077862,2.65179414065633e-06
1.31575,0.785397617262403,2.65179414065633e-06
1.315875,0.785397615463466,2.65179414065633e-06
1.316,0.785397613681471,4.95604924957291e-06
1.316125,0.785397611916832,4.95604924957291e-06
1.31625,0.785397610169963,4.95604924957291e-06
1.316375,0.785397608441277,4.95604924957291e-06
1.3165,0.785397606731179,4.95604924957291e-06
1.316625,0.785397605040075,4.95604924957291e-06
1.31675,0.785397603368365,4.95604924957291e-06
1.316875,0.785397601716444,4.95604924957291e-06
1.317,0.785397600084706,5.39771131428165e-06
1.317125,0.785397598473538,5.39771131428165e-06
1.31725,0.785397596883323,5.39771131428165e-06
1.317375,0.785397595314441,5.39771131428165e-06
1.3175,0.785397593767269,5.39771131428165e-06
1.317625,0.785397592242176,5.39771131428165e-06
1.31775,0.785397590739529,5.39771131428165e-06
1.317875,0.785397589259688,5.39771131428165e-06
1.318,0.785397587803008,5.74194452552368e-06
1.318125,0.785397586369841,5.74194452552368e-06
1.31825,0.78539758496053,5.74194452552368e-06
1.318375,0.785397583575417,5.74194452552368e-06
1.3185,0.785397582214835,5.74194452552368e-06
1.318625,0.785397580879114,5.74194452552368e-06
1.31875,0.785397579568576,5.74194452552368e-06
1.318875,0.785397578283538,5.74194452552368e-06
1.319,0.785397577024311,5.98589268588038e-06
1.319125,0.785397575791199,5.98589268588038e-06
1.31925,0.785397574584501,5.98589268588038e-06
1.319375,0.785397573404508,5.98589268588038e-06
1.3195,0.785397572251506,5.98589268588038e-06
1.319625,0.785397571125774,5.98589268588038e-06
1.31975,0.785397570027583,5.98589268588038e-06
1.319875,0.7853975689572,5.98589268588038e-06
1.32,0.785397567914882,6.12888478985335e-06
1.320125,0.785397566900879,6.12888478985335e-06
1.32025,0.785397565915436,6.12888478985335e-06
1.320375,0.785397564958789,6.12888478985335e-06
1.3205,0.785397564031166,6.12888478985335e-06
1.320625,0.785397563132791,6.12888478985335e-06
1.32075,0.785397562263876,6.12888478985335e-06
1.320875,0.785397561424629,6.12888478985335e-06
1.321,0.785397560615246,8.2186118060507e-06
1.321125,0.78539755983592,8.2186118060507e-06
1.32125,0.785397559086838,8.2186118060507e-06
1.321375,0.785397558368182,8.2186118060507e-06
1.3215,0.785397557680131,8.2186118060507e-06
1.321625,0.785397557022856,8.2186118060507e-06
1.32175,0.785397556396524,8.2186118060507e-06
1.321875,0.785397555801296,8.2186118060507e-06
1.322,0.785397555237329,8.18777409912217e-06
1.322125,0.785397554704772,8.18777409912217e-06
1.32225,0.785397554203769,8.18777409912217e-06
1.322375,0.785397553734459,8.18777409912217e-06
1.3225,0.785397553296974,8.18777409912217e-06
1.322625,0.78539755289144,8.18777409912217e-06
1.32275,0.785397552517977,8.18777409912217e-06
1.322875,0.785397552176699,8.18777409912217e-06
1.323,0.785397551867714,8.0664363370558e-06
1.323125,0.785397551591124,8.0664363370558e-06
1.32325,0.785397551347023,8.0664363370558e-06
1.323375,0.7853975511355,8.0664363370558e-06
1.3235,0.785397550956636,8.0664363370558e-06
1.323625,0.785397550810507,8.0664363370558e-06
1.32375,0.78539755069718,8.0664363370558e-06
1.323875,0.785397550616718,8.0664363370558e-06
1.324,0.785397550569176,7.85753510404877e-06
1.324125,0.785397550554602,7.85753510404877e-06
1.32425,0.785397550573036,7.85753510404877e-06
1.324375,0.785397550624512,7.85753510404877e-06
1.3245,0.785397550709058,7.85753510404877e-06
1.324625,0.785397550826692,7.85753510404877e-06
1.32475,0.785397550977428,7.85753510404877e-06
1.324875,0.78539755116127,7.85753510404877e-06
1.325,0.785397551378217,7.56592175204622e-06
1.325125,0.785397551628259,7.56592175204622e-06
1.32525,0.78539755191138,7.56592175204622e-06
1.325375,0.785397552227556,7.56592175204622e-06
1.3255,0.785397552576754,7.56592175204622e-06
1.325625,0.785397552958937,7.56592175204622e-06
1.32575,0.785397553374056,7.56592175204622e-06
1.325875,0.785397553822058,7.56592175204622e-06
1.326,0.785397554302882,8.71037664906818e-06
1.326125,0.785397554816458,8.71037664906818e-06
1.32625,0.785397555362715,8.71037664906818e-06
1.326375,0.785397555941574,8.71037664906818e-06
1.3265,0.785397556552949,8.71037664906818e-06
1.326625,0.785397557196753,8.71037664906818e-06
1.32675,0.785397557872889,8.71037664906818e-06
1.326875,0.785397558581258,8.71037664906818e-06
1.327,0.785397559321754,8.29106581622373e-06
1.327125,0.785397560094265,8.29106581622373e-06
1.32725,0.785397560898675,8.29106581622373e-06
1.327375,0.785397561734861,8.29106581622373e-06
1.3275,0.785397562602694,8.29106581622373e-06
1.327625,0.78539756350204,8.29106581622373e-06
1.32775,0.785397564432758,8.29106581622373e-06
1.327875,0.785397565394705,8.29106581622373e-06
1.328,0.785397566387729,7.81374151501952e-06
1.328125,0.785397567411675,7.81374151501952e-06
1.32825,0.78539756846638,7.81374151501952e-06
1.328375,0.785397569551676,7.81374151501952e-06
1.3285,0.78539757066739,7.81374151501952e-06
1.328625,0.785397571813343,7.81374151501952e-06
1.32875,0.78539757298935,7.81374151501952e-06
1.328875,0.785397574195221,7.81374151501952e-06
1.329,0.785397575430761,7.2859513263205e-06
1.329125,0.785397576695769,7.2859513263205e-06
1.32925,0.785397577990039,7.2859513263205e-06
1.329375,0.785397579313357,7.2859513263205e-06
1.3295,0.785397580665507,7.2859513263205e-06
1.329625,0.785397582046264,7.2859513263205e-06
1.32975,0.7853975834554,7.2859513263205e-06
1.329875,0.785397584892681,7.2859513263205e-06
1.33,0.785397586357868,6.71627141155095e-06
1.330125,0.785397587850717,6.71627141155095e-06
1.33025,0.785397589370978,6.71627141155095e-06
1.330375,0.785397590918396,6.71627141155095e-06
1.3305,0.785397592492709,6.71627141155095e-06
1.330625,0.785397594093653,6.71627141155095e-06
1.33075,0.785397595720956,6.71627141155095e-06
1.330875,0.785397597374342,6.71627141155095e-06
1.331,0.78539759905353,6.52774721316568e-06
1.331125,0.785397600758237,6.52774721316568e-06
1.33125,0.785397602488172,6.52774721316568e-06
1.331375,0.785397604243041,6.52774721316568e-06
1.3315,0.785397606022545,6.52774721316568e-06
1.331625,0.785397607826382,6.52774721316568e-06
1.33175,0.785397609654245,6.52774721316568e-06
1.331875,0.785397611505823,6.52774721316568e-06
1.332,0.785397613380804,5.90799928149708e-06
1.332125,0.785397615278868,5.90799928149708e-06
1.33225,0.785397617199694,5.90799928149708e-06
1.332375,0.785397619142956,5.90799928149708e-06
1.3325,0.785397621108323,5.90799928149708e-06
1.332625,0.785397623095462,5.90799928149708e-06
1.33275,0.785397625104035,5.90799928149708e-06
1.332875,0.785397627133702,5.90799928149708e-06
1.333,0.78539762918412,5.27669710539233e-06
1.333125,0.785397631254941,5.27669710539233e-06
1.33325,0.785397633345817,5.27669710539233e-06
1.333375,0.785397635456392,5.27669710539233e-06
1.3335,0.78539763758631,5.27669710539233e-06
1.333625,0.785397639735211,5.27669710539233e-06
1.33375,0.785397641902731,5.27669710539233e-06
1.333875,0.785397644088505,5.27669710539233e-06
1.334,0.785397646292165,4.6435706362095e-06
1.334125,0.785397648513342,4.6435706362095e-06
1.33425,0.785397650751661,4.6435706362095e-06
1.334375,0.785397653006747,4.6435706362095e-06
1.3345,0.78539765527822,4.6435706362095e-06
1.334625,0.7853976575657,4.6435706362095e-06
1.33475,0.785397659868804,4.6435706362095e-06
1.334875,0.785397662187147,4.6435706362095e-06
1.335,0.785397664520342,4.01818977062454e-06
1.335125,0.785397666868002,4.01818977062454e-06
1.33525,0.785397669229735,4.01818977062454e-06
1.335375,0.785397671605151,4.01818977062454e-06
1.3355,0.785397673993853,4.01818977062454e-06
1.335625,0.785397676395448,4.01818977062454e-06
1.33575,0.785397678809537,4.01818977062454e-06
1.335875,0.785397681235724,4.01818977062454e-06
1.336,0.785397683673609,2.53531299088519e-06
1.336125,0.785397686122794,2.53531299088519e-06
1.33625,0.785397688582875,2.53531299088519e-06
1.336375,0.785397691053446,2.53531299088519e-06
1.3365,0.785397693534101,2.53531299088519e-06
1.336625,0.785397696024429,2.53531299088519e-06
1.33675,0.78539769852402,2.53531299088519e-06
1.336875,0.785397701032462,2.53531299088519e-06
1.337,0.78539770354934,1.94387046336006e-06
1.337125,0.785397706074242,1.94387046336006e-06
1.33725,0.78539770860675,1.94387046336006e-06
1.337375,0.785397711146447,1.94387046336006e-06
1.3375,0.785397713692914,1.94387046336006e-06
1.337625,0.785397716245731,1.94387046336006e-06
1.33775,0.78539771880448,1.94387046336006e-06
1.337875,0.785397721368738,1.94387046336006e-06
1.338,0.785397723938086,1.38664116981466e-06
1.338125,0.785397726512103,1.38664116981466e-06
1.33825,0.785397729090369,1.38664116981466e-06
1.338375,0.78539773167246,1.38664116981466e-06
1.3385,0.785397734257956,1.38664116981466e-06
1.338625,0.785397736846436,1.38664116981466e-06
1.33875,0.785397739437478,1.38664116981466e-06
1.338875,0.785397742030662,1.38664116981466e-06
1.339,0.78539774462557,8.72672843104604e-07
1.339125,0.785397747221782,8.72672843104604e-07
1.33925,0.785397749818882,8.72672843104604e-07
1.339375,0.785397752416453,8.72672843104604e-07
1.3395,0.785397755014077,8.72672843104604e-07
1.339625,0.785397757611342,8.72672843104604e-07
1.33975,0.785397760207834,8.72672843104604e-07
1.339875,0.785397762803142,8.72672843104604e-07
1.34,0.785397765396857,4.0973656634449e-07
1.340125,0.785397767988572,4.0973656634449e-07
1.34025,0.785397770577881,4.0973656634449e-07
1.340375,0.785397773164382,4.0973656634449e-07
1.3405,0.785397775747673,4.0973656634449e-07
1.340625,0.785397778327355,4.0973656634449e-07
1.34075,0.785397780903033,4.0973656634449e-07
1.340875,0.785397783474312,4.0973656634449e-07
1.341,0.785397786040804,-1.95004170498672e-06
1.341125,0.785397788602121,-1.95004170498672e-06
1.34125,0.785397791157873,-1.95004170498672e-06
1.341375,0.785397793707672,-1.95004170498672e-06
1.3415,0.785397796251129,-1.95004170498672e-06
1.341625,0.785397798787857,-1.95004170498672e-06
1.34175,0.785397801317469,-1.95004170498672e-06
1.341875,0.78539780383958,-1.95004170498672e-06
1.342,0.785397806353805,-2.31351055731624e-06
1.342125,0.785397808859762,-2.31351055731624e-06
1.34225,0.785397811357069,-2.31351055731624e-06
1.342375,0.785397813845347,-2.31351055731624e-06
1.3425,0.785397816324218,-2.31351055731624e-06
1.342625,0.785397818793306,-2.31351055731624e-06
1.34275,0.785397821252236,-2.31351055731624e-06
1.342875,0.785397823700636,-2.31351055731624e-06
1.343,0.785397826138138,-2.61091584656729e-06
1.343125,0.785397828564376,-2.61091584656729e-06
1.34325,0.785397830978985,-2.61091584656729e-06
1.343375,0.785397833381604,-2.61091584656729e-06
1.3435,0.785397835771875,-2.61091584656729e-06
1.343625,0.785397838149443,-2.61091584656729e-06
1.34375,0.785397840513955,-2.61091584656729e-06
1.343875,0.785397842865064,-2.61091584656729e-06
1.344,0.785397845202425,-2.83632368987729e-06
1.344125,0.785397847525697,-2.83632368987729e-06
1.34425,0.785397849834543,-2.83632368987729e-06
1.344375,0.78539785212863,-2.83632368987729e-06
1.3445,0.785397854407628,-2.83632368987729e-06
1.344625,0.785397856671214,-2.83632368987729e-06
1.34475,0.785397858919067,-2.83632368987729e-06
1.344875,0.785397861150871,-2.83632368987729e-06
1.345,0.785397863366316,-2.98579964122071e-06
1.345125,0.785397865565095,-2.98579964122071e-06
1.34525,0.785397867746908,-2.98579964122071e-06
1.345375,0.785397869911459,-2.98579964122071e-06
1.3455,0.785397872058458,-2.98579964122071e-06
1.345625,0.785397874187618,-2.98579964122071e-06
1.34575,0.785397876298661,-2.98579964122071e-06
1.345875,0.785397878391313,-2.98579964122071e-06
1.346,0.785397880465305,-5.57969655433672e-06
1.346125,0.785397882520374,-5.57969655433672e-06
1.34625,0.785397884556259,-5.57969655433672e-06
1.346375,0.785397886572699,-5.57969655433672e-06
1.3465,0.785397888569436,-5.57969655433672e-06
1.346625,0.785397890546216,-5.57969655433672e-06
1.34675,0.785397892502787,-5.57969655433672e-06
1.346875,0.7853978944389,-5.57969655433672e-06
1.347,0.78539789635431,-5.60004701990587e-06
1.347125,0.785397898248775,-5.60004701990587e-06
1.34725,0.785397900122056,-5.60004701990587e-06
1.347375,0.785397901973918,-5.60004701990587e-06
1.3475,0.785397903804131,-5.60004701990587e-06
1.347625,0.785397905612466,-5.60004701990587e-06
1.34775,0.785397907398701,-5.60004701990587e-06
1.347875,0.785397909162617,-5.60004701990587e-06
1.348,0.785397910903998,-5.54446853709004e-06
1.348125,0.785397912622634,-5.54446853709004e-06
1.34825,0.785397914318319,-5.54446853709004e-06
1.348375,0.785397915990852,-5.54446853709004e-06
1.3485,0.785397917640036,-5.54446853709004e-06
1.348625,0.78539791926568,-5.54446853709004e-06
1.34875,0.785397920867598,-5.54446853709004e-06
1.348875,0.785397922445607,-5.54446853709004e-06
1.349,0.785397923999531,-5.41146992866907e-06
1.349125,0.785397925529199,-5.41146992866907e-06
1.34925,0.785397927034446,-5.41146992866907e-06
1.349375,0.785397928515113,-5.41146992866907e-06
1.3495,0.785397929971044,-5.41146992866907e-06
1.349625,0.785397931402093,-5.41146992866907e-06
1.34975,0.785397932808116,-5.41146992866907e-06
1.349875,0.785397934188977,-5.41146992866907e-06
1.35,0.785397935544546,-5.20170835470027e-06
1.350125,0.785397936874699,-5.20170835470027e-06
1.35025,0.785397938179319,-5.20170835470027e-06
1.350375,0.785397939458293,-5.20170835470027e-06
1.3505,0.785397940711518,-5.20170835470027e-06
1.350625,0.785397941938896,-5.20170835470027e-06
1.35075,0.785397943140335,-5.20170835470027e-06
1.350875,0.785397944315752,-5.20170835470027e-06
1.351,0.785397945465068,-7.36757660130822e-06
1.351125,0.785397946588212,-7.36757660130822e-06
1.35125,0.785397947685114,-7.36757660130822e-06
1.351375,0.785397948755708,-7.36757660130822e-06
1.3515,0.785397949799932,-7.36757660130822e-06
1.351625,0.785397950817727,-7.36757660130822e-06
1.35175,0.785397951809038,-7.36757660130822e-06
1.351875,0.785397952773815,-7.36757660130822e-06
1.352,0.78539795371201,-7.04041544674925e-06
1.352125,0.785397954623581,-7.04041544674925e-06
1.35225,0.785397955508488,-7.04041544674925e-06
1.352375,0.785397956366698,-7.04041544674925e-06
1.3525,0.785397957198183,-7.04041544674925e-06
1.352625,0.785397958002915,-7.04041544674925e-06
1.35275,0.785397958780876,-7.04041544674925e-06
1.352875,0.78539795953205,-7.04041544674925e-06
1.353,0.785397960256423,-6.65044803025766e-06
1.353125,0.785397960953991,-6.65044803025766e-06
1.35325,0.785397961624751,-6.65044803025766e-06
1.353375,0.785397962268707,-6.65044803025766e-06
1.3535,0.785397962885868,-6.65044803025766e-06
1.353625,0.785397963476246,-6.65044803025766e-06
1.35375,0.785397964039862,-6.65044803025766e-06
1.353875,0.785397964576738,-6.65044803025766e-06
1.354,0.785397965086903,-6.20055887646676e-06
1.354125,0.785397965570392,-6.20055887646676e-06
1.35425,0.785397966027243,-6.20055887646676e-06
1.354375,0.785397966457504,-6.20055887646676e-06
1.3545,0.785397966861223,-6.20055887646676e-06
1.354625,0.785397967238459,-6.20055887646676e-06
1.35475,0.785397967589272,-6.20055887646676e-06
1.354875,0.785397967913732,-6.20055887646676e-06
1.355,0.785397968211909,-5.69535779091576e-06
1.355125,0.785397968483883,-5.69535779091576e-06
1.35525,0.785397968729739,-5.69535779091576e-06
1.355375,0.785397968949567,-5.69535779091576e-06
1.3555,0.785397969143465,-5.69535779091576e-06
1.355625,0.785397969311534,-5.69535779091576e-06
1.35575,0.785397969453884,-5.69535779091576e-06
1.355875,0.785397969570628,-5.69535779091576e-06
1.356,0.785397969661887,-6.94588346691548e-06
1.356125,0.785397969727785,-6.94588346691548e-06
1.35625,0.785397969768451,-6.94588346691548e-06
1.356375,0.785397969784016,-6.94588346691548e-06
1.3565,0.785397969774614,-6.94588346691548e-06
1.356625,0.785397969740384,-6.94588346691548e-06
1.35675,0.785397969681469,-6.94588346691548e-06
1.356875,0.785397969598012,-6.94588346691548e-06
1.357,0.785397969490163,-6.36942704891715e-06
1.357125,0.785397969358073,-6.36942704891715e-06
1.35725,0.785397969201899,-6.36942704891715e-06
1.357375,0.785397969021801,-6.36942704891715e-06
1.3575,0.785397968817942,-6.36942704891715e-06
1.357625,0.78539796859049,-6.36942704891715e-06
1.35775,0.785397968339616,-6.36942704891715e-06
1.357875,0.785397968065495,-6.36942704891715e-06
1.358,0.785397967768304,-5.76051872392606e-06
1.358125,0.785397967448226,-5.76051872392606e-06
1.35825,0.785397967105445,-5.76051872392606e-06
1.358375,0.785397966740152,-5.76051872392606e-06
1.3585,0.785397966352541,-5.76051872392606e-06
1.358625,0.78539796594281,-5.76051872392606e-06
1.35875,0.785397965511158,-5.76051872392606e-06
1.358875,0.785397965057792,-5.76051872392606e-06
1.359,0.785397964582918,-5.12509280774295e-06
1.359125,0.785397964086749,-5.12509280774295e-06
1.35925,0.785397963569501,-5.12509280774295e-06
1.359375,0.785397963031393,-5.12509280774295e-06
1.3595,0.78539796247265,-5.12509280774295e-06
1.359625,0.785397961893499,-5.12509280774295e-06
1.35975,0.785397961294171,-5.12509280774295e-06
1.359875,0.785397960674901,-5.12509280774295e-06
1.36,0.785397960035928,-4.46998189368958e-06
1.360125,0.785397959377491,-4.46998189368958e-06
1.36025,0.785397958699838,-4.46998189368958e-06
1.360375,0.785397958003217,-4.46998189368958e-06
1.3605,0.785397957287882,-4.46998189368958e-06
1.360625,0.78539795655409,-4.46998189368958e-06
1.36075,0.785397955802102,-4.46998189368958e-06
1.360875,0.785397955032181,-4.46998189368958e-06
1.361,0.785397954244594,-4.61970253502898e-06
1.361125,0.78539795343961,-4.61970253502898e-06
1.36125,0.785397952617502,-4.61970253502898e-06
1.361375,0.785397951778545,-4.61970253502898e-06
1.3615,0.785397950923014,-4.61970253502898e-06
1.361625,0.78539795005119,-4.61970253502898e-06
1.36175,0.785397949163353,-4.61970253502898e-06
1.361875,0.785397948259786,-4.61970253502898e-06
1.362,0.785397947340773,-3.95753035994634e-06
1.362125,0.785397946406601,-3.95753035994634e-06
1.36225,0.785397945457559,-3.95753035994634e-06
1.362375,0.785397944493938,-3.95753035994634e-06
1.3625,0.785397943516031,-3.95753035994634e-06
1.362625,0.785397942524134,-3.95753035994634e-06
1.36275,0.785397941518543,-3.95753035994634e-06
1.362875,0.785397940499556,-3.95753035994634e-06
1.363,0.785397939467474,-3.30021838297586e-06
1.363125,0.785397938422596,-3.30021838297586e-06
1.36325,0.785397937365227,-3.30021838297586e-06
1.363375,0.785397936295672,-3.30021838297586e-06
1.3635,0.785397935214237,-3.30021838297586e-06
1.363625,0.785397934121231,-3.30021838297586e-06
1.36375,0.785397933016965,-3.30021838297586e-06
1.363875,0.785397931901747,-3.30021838297586e-06
1.364,0.785397930775891,-2.6546568486708e-06
1.364125,0.785397929639708,-2.6546568486708e-06
1.36425,0.785397928493514,-2.6546568486708e-06
1.364375,0.785397927337624,-2.6546568486708e-06
1.3645,0.785397926172355,-2.6546568486708e-06
1.364625,0.785397924998027,-2.6546568486708e-06
1.36475,0.785397923814957,-2.6546568486708e-06
1.364875,0.785397922623466,-2.6546568486708e-06
1.365,0.785397921423873,-2.0276746142409e-06
1.365125,0.7853979202165,-2.0276746142409e-06
1.36525,0.785397919001667,-2.0276746142409e-06
1.365375,0.7853979177797,-2.0276746142409e-06
1.3655,0.78539791655092,-2.0276746142409e-06
1.365625,0.785397915315652,-2.0276746142409e-06
1.36575,0.78539791407422,-2.0276746142409e-06
1.365875,0.78539791282695,-2.0276746142409e-06
1.366,0.785397911574165,-1.22159689985468e-06
1.366125,0.785397910316191,-1.22159689985468e-06
1.36625,0.785397909053352,-1.22159689985468e-06
1.366375,0.785397907785976,-1.22159689985468e-06
1.3665,0.785397906514389,-1.22159689985468e-06
1.366625,0.785397905238918,-1.22159689985468e-06
1.36675,0.785397903959892,-1.22159689985468e-06
1.366875,0.785397902677635,-1.22159689985468e-06
1.367,0.785397901392476,-6.4957214247686e-07
1.367125,0.785397900104741,-6.4957214247686e-07
1.36725,0.785397898814756,-6.4957214247686e-07
1.367375,0.785397897522848,-6.4957214247686e-07
1.3675,0.785397896229344,-6.4957214247686e-07
1.367625,0.78539789493457,-6.4957214247686e-07
1.36775,0.785397893638851,-6.4957214247686e-07
1.367875,0.785397892342514,-6.4957214247686e-07
1.368,0.78539789104588,-1.15250552994981e-07
1.368125,0.785397889749274,-1.15250552994981e-07
1.36825,0.785397888453019,-1.15250552994981e-07
1.368375,0.785397887157436,-1.15250552994981e-07
1.3685,0.785397885862846,-1.15250552994981e-07
1.368625,0.78539788456957,-1.15250552994981e-07
1.36875,0.785397883277927,-1.15250552994981e-07
1.368875,0.785397881988234,-1.15250552994981e-07
1.369,0.785397880700807,3.75710944901435e-07
1.369125,0.785397879415961,3.75710944901435e-07
1.36925,0.785397878134009,3.75710944901435e-07
1.369375,0.785397876855262,3.75710944901435e-07
1.3695,0.785397875580033,3.75710944901435e-07
1.369625,0.785397874308629,3.75710944901435e-07
1.36975,0.785397873041357,3.75710944901435e-07
1.369875,0.785397871778522,3.75710944901435e-07
1.37,0.785397870520427,8.18522087485845e-07
1.370125,0.785397869267373,8.18522087485845e-07
1.37025,0.785397868019657,8.18522087485845e-07
1.370375,0.785397866777576,8.18522087485845e-07
1.3705,0.785397865541425,8.18522087485845e-07
1.370625,0.785397864311496,8.18522087485845e-07
1.37075,0.785397863088078,8.18522087485845e-07
1.370875,0.785397861871459,8.18522087485845e-07
1.371,0.785397860661921,2.17470495623571e-06
1.371125,0.785397859459746,2.17470495623571e-06
1.37125,0.785397858265215,2.17470495623571e-06
1.371375,0.785397857078608,2.17470495623571e-06
1.3715,0.785397855900202,2.17470495623571e-06
1.371625,0.785397854730275,2.17470495623571e-06
1.37175,0.785397853569102,2.17470495623571e-06
1.371875,0.785397852416954,2.17470495623571e-06
1.372,0.785397851274103,2.52059873450137e-06
1.372125,0.785397850140816,2.52059873450137e-06
1.37225,0.785397849017361,2.52059873450137e-06
1.372375,0.785397847904003,2.52059873450137e-06
1.3725,0.785397846801002,2.52059873450137e-06
1.372625,0.78539784570862,2.52059873450137e-06
1.37275,0.785397844627114,2.52059873450137e-06
1.372875,0.785397843556739,2.52059873450137e-06
1.373,0.785397842497746,2.80957987345556e-06
1.373125,0.785397841450385,2.80957987345556e-06
1.37325,0.785397840414902,2.80957987345556e-06
1.373375,0.785397839391542,2.80957987345556e-06
1.3735,0.785397838380546,2.80957987345556e-06
1.373625,0.78539783738215,2.80957987345556e-06
1.37375,0.785397836396591,2.80957987345556e-06
1.373875,0.7853978354241,2.80957987345556e-06
1.374,0.785397834464904,3.0388658635503e-06
1.374125,0.785397833519228,3.0388658635503e-06
1.37425,0.785397832587293,3.0388658635503e-06
1.374375,0.785397831669318,3.0388658635503e-06
1.3745,0.785397830765516,3.0388658635503e-06
1.374625,0.785397829876098,3.0388658635503e-06
1.37475,0.785397829001272,3.0388658635503e-06
1.374875,0.785397828141239,3.0388658635503e-06
1.375,0.785397827296198,3.20697361455462e-06
1.375125,0.785397826466345,3.20697361455462e-06
1.37525,0.78539782565187,3.20697361455462e-06
1.375375,0.78539782485296,3.20697361455462e-06
1.3755,0.785397824069797,3.20697361455462e-06
1.375625,0.78539782330256,3.20697361455462e-06
1.37575,0.785397822551423,3.20697361455462e-06
1.375875,0.785397821816554,3.20697361455462e-06
1.376,0.78539782109812,4.58648377643788e-06
1.376125,0.785397820396279,4.58648377643788e-06
1.37625,0.785397819711192,4.58648377643788e-06
1.376375,0.785397819043014,4.58648377643788e-06
1.3765,0.785397818391899,4.58648377643788e-06
1.376625,0.785397817757997,4.58648377643788e-06
1.37675,0.785397817141455,4.58648377643788e-06
1.376875,0.785397816542418,4.58648377643788e-06
1.377,0.785397815961025,4.6463195155346e-06
1.377125,0.785397815397415,4.6463195155346e-06
1.37725,0.785397814851723,4.6463195155346e-06
1.377375,0.785397814324077,4.6463195155346e-06
1.3775,0.785397813814607,4.6463195155346e-06
1.377625,0.785397813323435,4.6463195155346e-06
1.37775,0.785397812850683,4.6463195155346e-06
1.377875,0.785397812396467,4.6463195155346e-06
1.378,0.785397811960899,4.64809816752295e-06
1.378125,0.785397811544088,4.64809816752295e-06
1.37825,0.785397811146141,4.64809816752295e-06
1.378375,0.785397810767158,4.64809816752295e-06
1.3785,0.785397810407237,4.64809816752295e-06
1.378625,0.785397810066472,4.64809816752295e-06
1.37875,0.785397809744951,4.64809816752295e-06
1.378875,0.78539780944276,4.64809816752295e-06
1.379,0.78539780915998,4.59257451313405e-06
1.379125,0.785397808896688,4.59257451313405e-06
1.37925,0.785397808652957,4.59257451313405e-06
1.379375,0.785397808428856,4.59257451313405e-06
1.3795,0.785397808224447,4.59257451313405e-06
1.379625,0.785397808039791,4.59257451313405e-06
1.37975,0.785397807874943,4.59257451313405e-06
1.379875,0.785397807729953,4.59257451313405e-06
1.38,0.785397807604868,4.48177133645507e-06
1.380125,0.78539780749973,4.48177133645507e-06
1.38025,0.785397807414575,4.48177133645507e-06
1.380375,0.785397807349435,4.48177133645507e-06
1.3805,0.785397807304338,4.48177133645507e-06
1.380625,0.785397807279307,4.48177133645507e-06
1.38075,0.78539780727436,4.48177133645507e-06
1.380875,0.785397807289511,4.48177133645507e-06
1.381,0.785397807324767,5.39972617122649e-06
1.381125,0.785397807380133,5.39972617122649e-06
1.38125,0.785397807455611,5.39972617122649e-06
1.381375,0.785397807551199,5.39972617122649e-06
1.3815,0.785397807666891,5.39972617122649e-06
1.381625,0.785397807802679,5.39972617122649e-06
1.38175,0.785397807958552,5.39972617122649e-06
1.381875,0.785397808134493,5.39972617122649e-06
1.382,0.785397808330483,5.20066746203967e-06
1.382125,0.785397808546502,5.20066746203967e-06
1.38225,0.785397808782523,5.20066746203967e-06
1.382375,0.785397809038515,5.20066746203967e-06
1.3825,0.785397809314447,5.20066746203967e-06
1.382625,0.785397809610282,5.20066746203967e-06
1.38275,0.785397809925978,5.20066746203967e-06
1.382875,0.785397810261493,5.20066746203967e-06
1.383,0.785397810616778,4.95928349816087e-06
1.383125,0.785397810991784,4.95928349816087e-06
1.38325,0.785397811386454,4.95928349816087e-06
1.383375,0.785397811800731,4.95928349816087e-06
1.3835,0.785397812234553,4.95928349816087e-06
1.383625,0.785397812687852,4.95928349816087e-06
1.38375,0.785397813160559,4.95928349816087e-06
1.383875,0.785397813652602,4.95928349816087e-06
1.384,0.785397814163902,4.67944132830441e-06
1.384125,0.78539781469438,4.67944132830441e-06
1.38425,0.785397815243951,4.67944132830441e-06
1.384375,0.785397815812526,4.67944132830441e-06
1.3845,0.785397816400014,4.67944132830441e-06
1.384625,0.785397817006317,4.67944132830441e-06
1.38475,0.785397817631338,4.67944132830441e-06
1.384875,0.785397818274971,4.67944132830441e-06
1.385,0.785397818937112,4.36583116035982e-06
1.385125,0.785397819617648,4.36583116035982e-06
1.38525,0.785397820316466,4.36583116035982e-06
1.385375,0.785397821033448,4.36583116035982e-06
1.3855,0.785397821768471,4.36583116035982e-06
1.385625,0.78539782252141,4.36583116035982e-06
1.38575,0.785397823292135,4.36583116035982e-06
1.385875,0.785397824080513,4.36583116035982e-06
1.386,0.785397824886409,4.51630003282832e-06
1.386125,0.785397825709682,4.51630003282832e-06
1.38625,0.785397826550191,4.51630003282832e-06
1.386375,0.785397827407788,4.51630003282832e-06
1.3865,0.785397828282327,4.51630003282832e-06
1.386625,0.785397829173656,4.51630003282832e-06
1.38675,0.78539783008162,4.51630003282832e-06
1.386875,0.785397831006064,4.51630003282832e-06
1.387,0.785397831946827,4.15741054908409e-06
1.387125,0.785397832903749,4.15741054908409e-06
1.38725,0.785397833876664,4.15741054908409e-06
1.387375,0.785397834865405,4.15741054908409e-06
1.3875,0.785397835869801,4.15741054908409e-06
1.387625,0.785397836889679,4.15741054908409e-06
1.38775,0.785397837924863,4.15741054908409e-06
1.387875,0.785397838975175,4.15741054908409e-06
1.388,0.785397840040434,3.78281457106486e-06
1.388125,0.785397841120459,3.78281457106486e-06
1.38825,0.785397842215064,3.78281457106486e-06
1.388375,0.785397843324059,3.78281457106486e-06
1.3885,0.785397844447255,3.78281457106486e-06
1.388625,0.785397845584459,3.78281457106486e-06
1.38875,0.785397846735475,3.78281457106486e-06
1.388875,0.785397847900105,3.78281457106486e-06
1.389,0.785397849078151,3.39819400612558e-06
1.389125,0.78539785026941,3.39819400612558e-06
1.38925,0.78539785147368,3.39819400612558e-06
1.389375,0.785397852690753,3.39819400612558e-06
1.3895,0.785397853920421,3.39819400612558e-06
1.389625,0.785397855162474,3.39819400612558e-06
1.38975,0.785397856416699,3.39819400612558e-06
1.389875,0.785397857682882,3.39819400612558e-06
1.39,0.785397858960807,3.0093620529574e-06
1.390125,0.785397860250258,3.0093620529574e-06
1.39025,0.785397861551015,3.0093620529574e-06
1.390375,0.785397862862855,3.0093620529574e-06
1.3905,0.785397864185556,3.0093620529574e-06
1.390625,0.785397865518893,3.0093620529574e-06
1.39075,0.785397866862639,3.0093620529574e-06
1.390875,0.785397868216568,3.0093620529574e-06
1.391,0.78539786958045,2.33889507602053e-06
1.391125,0.785397870954054,2.33889507602053e-06
1.39125,0.78539787233715,2.33889507602053e-06
1.391375,0.785397873729501,2.33889507602053e-06
1.3915,0.785397875130873,2.33889507602053e-06
1.391625,0.785397876541026,2.33889507602053e-06
1.39175,0.785397877959724,2.33889507602053e-06
1.391875,0.785397879386724,2.33889507602053e-06
1.392,0.785397880821785,1.95634869136076e-06
1.392125,0.785397882264666,1.95634869136076e-06
1.39225,0.785397883715122,1.95634869136076e-06
1.392375,0.785397885172906,1.95634869136076e-06
1.3925,0.785397886637774,1.95634869136076e-06
1.392625,0.785397888109476,1.95634869136076e-06
1.39275,0.785397889587764,1.95634869136076e-06
1.392875,0.785397891072389,1.95634869136076e-06
1.393,0.785397892563101,1.58695616577703e-06
1.393125,0.78539789405965,1.58695616577703e-06
1.39325,0.785397895561784,1.58695616577703e-06
1.393375,0.78539789706925,1.58695616577703e-06
1.3935,0.785397898581796,1.58695616577703e-06
1.393625,0.785397900099169,1.58695616577703e-06
1.39375,0.785397901621114,1.58695616577703e-06
1.393875,0.785397903147378,1.58695616577703e-06
1.394,0.785397904677708,1.23649512744642e-06
1.394125,0.785397906211849,1.23649512744642e-06
1.39425,0.785397907749548,1.23649512744642e-06
1.394375,0.785397909290549,1.23649512744642e-06
1.3945,0.7853979108346,1.23649512744642e-06
1.394625,0.785397912381445,1.23649512744642e-06
1.39475,0.78539791393083,1.23649512744642e-06
1.394875,0.785397915482503,1.23649512744642e-06
1.395,0.785397917036211,9.10159569963634e-07
1.395125,0.785397918591702,9.10159569963634e-07
1.39525,0.785397920148723,9.10159569963634e-07
1.395375,0.785397921707024,9.10159569963634e-07
1.3955,0.785397923266353,9.10159569963634e-07
1.395625,0.785397924826461,9.10159569963634e-07
1.39575,0.7853979263871,9.10159569963634e-07
1.395875,0.78539792794802,9.10159569963634e-07
1.396,0.785397929508976,-3.88193685277223e-07
1.396125,0.785397931069722,-3.88193685277223e-07
1.39625,0.785397932630011,-3.88193685277223e-07
1.396375,0.785397934189595,-3.88193685277223e-07
1.3965,0.785397935748227,-3.88193685277223e-07
1.396625,0.785397937305661,-3.88193685277223e-07
1.39675,0.785397938861647,-3.88193685277223e-07
1.396875,0.78539794041594,-3.88193685277223e-07
1.397,0.785397941968293,-6.63744114735901e-07
1.397125,0.78539794351846,-6.63744114735901e-07
1.39725,0.785397945066195,-6.63744114735901e-07
1.397375,0.785397946611253,-6.63744114735901e-07
1.3975,0.785397948153389,-6.63744114735901e-07
1.397625,0.785397949692359,-6.63744114735901e-07
1.39775,0.785397951227919,-6.63744114735901e-07
1.397875,0.785397952759828,-6.63744114735901e-07
1.398,0.785397954287844,-9.03605192130692e-07
1.398125,0.785397955811727,-9.03605192130692e-07
1.39825,0.78539795733124,-9.03605192130692e-07
1.398375,0.785397958846143,-9.03605192130692e-07
1.3985,0.7853979603562,-9.03605192130692e-07
1.398625,0.785397961861176,-9.03605192130692e-07
1.39875,0.785397963360839,-9.03605192130692e-07
1.398875,0.785397964854955,-9.03605192130692e-07
1.399,0.785397966343295,-1.10350939655758e-06
1.399125,0.785397967825632,-1.10350939655758e-06
1.39925,0.785397969301738,-1.10350939655758e-06
1.399375,0.78539797077139,-1.10350939655758e-06
1.3995,0.785397972234364,-1.10350939655758e-06
1.399625,0.785397973690441,-1.10350939655758e-06
1.39975,0.785397975139403,-1.10350939655758e-06
1.399875,0.785397976581033,-1.10350939655758e-06
1.4,0.78539797801512,-1.26029917593551e-06
1.400125,0.785397979441452,-1.26029917593551e-06
1.40025,0.785397980859821,-1.26029917593551e-06
1.400375,0.785397982270022,-1.26029917593551e-06
1.4005,0.785397983671853,-1.26029917593551e-06
1.400625,0.785397985065112,-1.26029917593551e-06
1.40075,0.785397986449604,-1.26029917593551e-06
1.400875,0.785397987825135,-1.26029917593551e-06
1.401,0.785397989191513,-2.8240305936437e-06
1.401125,0.785397990548551,-2.8240305936437e-06
1.40125,0.785397991896061,-2.8240305936437e-06
1.401375,0.785397993233855,-2.8240305936437e-06
1.4015,0.785397994561749,-2.8240305936437e-06
1.401625,0.785397995879557,-2.8240305936437e-06
1.40175,0.785397997187098,-2.8240305936437e-06
1.401875,0.78539799848419,-2.8240305936437e-06
1.402,0.785397999770653,-2.90488359695727e-06
1.402125,0.78539800104631,-2.90488359695727e-06
1.40225,0.785398002310985,-2.90488359695727e-06
1.402375,0.785398003564504,-2.90488359695727e-06
1.4025,0.785398004806695,-2.90488359695727e-06
1.402625,0.785398006037388,-2.90488359695727e-06
1.40275,0.785398007256416,-2.90488359695727e-06
1.402875,0.785398008463613,-2.90488359695727e-06
1.403,0.785398009658816,-2.93984321768596e-06
1.403125,0.785398010841865,-2.93984321768596e-06
1.40325,0.785398012012601,-2.93984321768596e-06
1.403375,0.785398013170869,-2.93984321768596e-06
1.4035,0.785398014316517,-2.93984321768596e-06
1.403625,0.785398015449393,-2.93984321768596e-06
1.40375,0.78539801656935,-2.93984321768596e-06
1.403875,0.785398017676246,-2.93984321768596e-06
1.404,0.785398018769936,-2.92718762613732e-06
1.404125,0.785398019850285,-2.92718762613732e-06
1.40425,0.785398020917156,-2.92718762613732e-06
1.404375,0.785398021970417,-2.92718762613732e-06
1.4045,0.78539802300994,-2.92718762613732e-06
1.404625,0.7853980240356,-2.92718762613732e-06
1.40475,0.785398025047274,-2.92718762613732e-06
1.404875,0.785398026044845,-2.92718762613732e-06
1.405,0.785398027028197,-2.86650379952847e-06
1.405125,0.78539802799722,-2.86650379952847e-06
1.40525,0.785398028951806,-2.86650379952847e-06
1.405375,0.785398029891851,-2.86650379952847e-06
1.4055,0.785398030817256,-2.86650379952847e-06
1.405625,0.785398031727926,-2.86650379952847e-06
1.40575,0.785398032623768,-2.86650379952847e-06
1.405875,0.785398033504694,-2.86650379952847e-06
1.406,0.785398034370621,-4.28338070182451e-06
1.406125,0.78539803522147,-4.28338070182451e-06
1.40625,0.78539803605716,-4.28338070182451e-06
1.406375,0.785398036877615,-4.28338070182451e-06
1.4065,0.78539803768276,-4.28338070182451e-06
1.406625,0.785398038472522,-4.28338070182451e-06
1.40675,0.785398039246831,-4.28338070182451e-06
1.406875,0.785398040005619,-4.28338070182451e-06
1.407,0.78539804074882,-4.14658545588093e-06
1.407125,0.78539804147637,-4.14658545588093e-06
1.40725,0.785398042188209,-4.14658545588093e-06
1.407375,0.78539804288428,-4.14658545588093e-06
1.4075,0.785398043564526,-4.14658545588093e-06
1.407625,0.785398044228895,-4.14658545588093e-06
1.40775,0.785398044877337,-4.14658545588093e-06
1.407875,0.785398045509806,-4.14658545588093e-06
1.408,0.785398046126256,-3.96794296084522e-06
1.408125,0.785398046726647,-3.96794296084522e-06
1.40825,0.78539804731094,-3.96794296084522e-06
1.408375,0.7853980478791,-3.96794296084522e-06
1.4085,0.785398048431094,-3.96794296084522e-06
1.408625,0.785398048966895,-3.96794296084522e-06
1.40875,0.785398049486477,-3.96794296084522e-06
1.408875,0.785398049989816,-3.96794296084522e-06
1.409,0.785398050476894,-3.748489687425e-06
1.409125,0.785398050947695,-3.748489687425e-06
1.40925,0.785398051402206,-3.748489687425e-06
1.409375,0.785398051840417,-3.748489687425e-06
1.4095,0.785398052262325,-3.748489687425e-06
1.409625,0.785398052667926,-3.748489687425e-06
1.40975,0.785398053057223,-3.748489687425e-06
1.409875,0.78539805343022,-3.748489687425e-06
1.41,0.785398053786927,-3.49041026535658e-06
1.410125,0.785398054127355,-3.49041026535658e-06
1.41025,0.785398054451521,-3.49041026535658e-06
1.410375,0.785398054759445,-3.49041026535658e-06
1.4105,0.78539805505115,-3.49041026535658e-06
1.410625,0.785398055326665,-3.49041026535658e-06
1.41075,0.785398055586022,-3.49041026535658e-06
1.410875,0.785398055829254,-3.49041026535658e-06
1.411,0.785398056056402,-4.42253482110978e-06
1.411125,0.785398056267508,-4.42253482110978e-06
1.41125,0.785398056462617,-4.42253482110978e-06
1.411375,0.785398056641773,-4.42253482110978e-06
1.4115,0.785398056805027,-4.42253482110978e-06
1.411625,0.785398056952428,-4.42253482110978e-06
1.41175,0.78539805708403,-4.42253482110978e-06
1.411875,0.785398057199889,-4.42253482110978e-06
1.412,0.785398057300062,-4.11104922212912e-06
1.412125,0.785398057384607,-4.11104922212912e-06
1.41225,0.785398057453589,-4.11104922212912e-06
1.412375,0.785398057507072,-4.11104922212912e-06
1.4125,0.785398057545124,-4.11104922212912e-06
1.412625,0.785398057567815,-4.11104922212912e-06
1.41275,0.785398057575217,-4.11104922212912e-06
1.412875,0.785398057567405,-4.11104922212912e-06
1.413,0.785398057544456,-3.77363154503482e-06
1.413125,0.78539805750645,-3.77363154503482e-06
1.41325,0.785398057453469,-3.77363154503482e-06
1.413375,0.785398057385599,-3.77363154503482e-06
1.4135,0.785398057302928,-3.77363154503482e-06
1.413625,0.785398057205546,-3.77363154503482e-06
1.41375,0.785398057093545,-3.77363154503482e-06
1.413875,0.785398056967023,-3.77363154503482e-06
1.414,0.785398056826075,-3.41347377791284e-06
1.414125,0.785398056670804,-3.41347377791284e-06
1.41425,0.785398056501312,-3.41347377791284e-06
1.414375,0.785398056317706,-3.41347377791284e-06
1.4145,0.785398056120094,-3.41347377791284e-06
1.414625,0.785398055908589,-3.41347377791284e-06
1.41475,0.785398055683304,-3.41347377791284e-06
1.414875,0.785398055444357,-3.41347377791284e-06
1.415,0.785398055191867,-3.0344711303783e-06
1.415125,0.785398054925955,-3.0344711303783e-06
1.41525,0.785398054646746,-3.0344711303783e-06
1.415375,0.785398054354368,-3.0344711303783e-06
1.4155,0.785398054048952,-3.0344711303783e-06
1.415625,0.78539805373063,-3.0344711303783e-06
1.41575,0.785398053399538,-3.0344711303783e-06
1.415875,0.785398053055815,-3.0344711303783e-06
1.416,0.7853980526996,-3.3102769544931e-06
1.416125,0.785398052331037,-3.3102769544931e-06
1.41625,0.78539805195027,-3.3102769544931e-06
1.416375,0.785398051557446,-3.3102769544931e-06
1.4165,0.785398051152711,-3.3102769544931e-06
1.416625,0.785398050736216,-3.3102769544931e-06
1.41675,0.785398050308111,-3.3102769544931e-06
1.416875,0.78539804986855,-3.3102769544931e-06
1.417,0.785398049417684,-2.91489131297325e-06
1.417125,0.785398048955671,-2.91489131297325e-06
1.41725,0.785398048482666,-2.91489131297325e-06
1.417375,0.78539804799883,-2.91489131297325e-06
1.4175,0.785398047504322,-2.91489131297325e-06
1.417625,0.785398046999304,-2.91489131297325e-06
1.41775,0.78539804648394,-2.91489131297325e-06
1.417875,0.785398045958395,-2.91489131297325e-06
1.418,0.785398045422834,-2.51573137001728e-06
1.418125,0.785398044877425,-2.51573137001728e-06
1.41825,0.785398044322337,-2.51573137001728e-06
1.418375,0.78539804375774,-2.51573137001728e-06
1.4185,0.785398043183806,-2.51573137001728e-06
1.418625,0.785398042600709,-2.51573137001728e-06
1.41875,0.785398042008624,-2.51573137001728e-06
1.418875,0.785398041407726,-2.51573137001728e-06
1.419,0.785398040798193,-2.11697016608628e-06
1.419125,0.785398040180201,-2.11697016608628e-06
1.41925,0.78539803955393,-2.11697016608628e-06
1.419375,0.785398038919562,-2.11697016608628e-06
1.4195,0.785398038277279,-2.11697016608628e-06
1.419625,0.785398037627263,-2.11697016608628e-06
1.41975,0.7853980369697,-2.11697016608628e-06
1.419875,0.785398036304773,-2.11697016608628e-06
1.42,0.78539803563267,-1.72290621594533e-06
1.420125,0.785398034953577,-1.72290621594533e-06
1.42025,0.785398034267682,-1.72290621594533e-06
1.420375,0.785398033575175,-1.72290621594533e-06
1.4205,0.785398032876245,-1.72290621594533e-06
1.420625,0.785398032171085,-1.72290621594533e-06
1.42075,0.785398031459885,-1.72290621594533e-06
1.420875,0.785398030742839,-1.72290621594533e-06
1.421,0.78539803002014,-1.37308290487127e-06
1.421125,0.78539802929198,-1.37308290487127e-06
1.42125,0.785398028558556,-1.37308290487127e-06
1.421375,0.785398027820062,-1.37308290487127e-06
1.4215,0.785398027076694,-1.37308290487127e-06
1.421625,0.785398026328648,-1.37308290487127e-06
1.42175,0.785398025576123,-1.37308290487127e-06
1.421875,0.785398024819314,-1.37308290487127e-06
1.422,0.78539802405842,-1.00198229497322e-06
1.422125,0.785398023293638,-1.00198229497322e-06
1.42225,0.785398022525165,-1.00198229497322e-06
1.422375,0.785398021753202,-1.00198229497322e-06
1.4225,0.785398020977946,-1.00198229497322e-06
1.422625,0.785398020199597,-1.00198229497322e-06
1.42275,0.785398019418355,-1.00198229497322e-06
1.422875,0.785398018634417,-1.00198229497322e-06
1.423,0.785398017847984,-6.48543813324359e-07
1.423125,0.785398017059254,-6.48543813324359e-07
1.42325,0.785398016268427,-6.48543813324359e-07
1.423375,0.7853980154757,-6.48543813324359e-07
1.4235,0.785398014681274,-6.48543813324359e-07
1.423625,0.785398013885348,-6.48543813324359e-07
1.42375,0.785398013088119,-6.48543813324359e-07
1.423875,0.785398012289787,-6.48543813324359e-07
1.424,0.785398011490548,-3.16564539548038e-07
1.424125,0.7853980106906,-3.16564539548038e-07
1.42425,0.78539800989014,-3.16564539548038e-07
1.424375,0.785398009089364,-3.16564539548038e-07
1.4245,0.785398008288469,-3.16564539548038e-07
1.424625,0.78539800748765,-3.16564539548038e-07
1.42475,0.785398006687103,-3.16564539548038e-07
1.424875,0.78539800588702,-3.16564539548038e-07
1.425,0.785398005087596,-9.43381151798204e-09
1.425125,0.785398004289023,-9.43381151798204e-09
1.42525,0.785398003491492,-9.43381151798204e-09
1.425375,0.785398002695195,-9.43381151798204e-09
1.4255,0.785398001900321,-9.43381151798204e-09
1.425625,0.785398001107059,-9.43381151798204e-09
1.42575,0.785398000315598,-9.43381151798204e-09
1.425875,0.785397999526125,-9.43381151798204e-09
1.426,0.785397998738824,7.58922197983185e-07
1.426125,0.785397997953881,7.58922197983185e-07
1.42625,0.785397997171479,7.58922197983185e-07
1.426375,0.785397996391803,7.58922197983185e-07
1.4265,0.785397995615037,7.58922197983185e-07
1.426625,0.785397994841362,7.58922197983185e-07
1.42675,0.785397994070962,7.58922197983185e-07
1.426875,0.785397993304016,7.58922197983185e-07
1.427,0.785397992540706,1.01307506189435e-06
1.427125,0.78539799178121,1.01307506189435e-06
1.42725,0.785397991025707,1.01307506189435e-06
1.427375,0.785397990274374,1.01307506189435e-06
1.4275,0.785397989527387,1.01307506189435e-06
1.427625,0.785397988784922,1.01307506189435e-06
1.42775,0.785397988047153,1.01307506189435e-06
1.427875,0.785397987314253,1.01307506189435e-06
1.428,0.785397986586393,1.23501712598653e-06
1.428125,0.785397985863743,1.23501712598653e-06
1.42825,0.785397985146472,1.23501712598653e-06
1.428375,0.785397984434747,1.23501712598653e-06
1.4285,0.785397983728734,1.23501712598653e-06
1.428625,0.785397983028598,1.23501712598653e-06
1.42875,0.785397982334501,1.23501712598653e-06
1.428875,0.785397981646605,1.23501712598653e-06
1.429,0.785397980965069,1.42245753930931e-06
1.429125,0.785397980290049,1.42245753930931e-06
1.42925,0.785397979621702,1.42245753930931e-06
1.429375,0.785397978960182,1.42245753930931e-06
1.4295,0.785397978305642,1.42245753930931e-06
1.429625,0.785397977658229,1.42245753930931e-06
1.42975,0.785397977018095,1.42245753930931e-06
1.429875,0.785397976385383,1.42245753930931e-06
1.43,0.785397975760238,1.57385235191669e-06
1.430125,0.785397975142801,1.57385235191669e-06
1.43025,0.785397974533212,1.57385235191669e-06
1.430375,0.785397973931608,1.57385235191669e-06
1.4305,0.785397973338124,1.57385235191669e-06
1.430625,0.785397972752892,1.57385235191669e-06
1.43075,0.785397972176043,1.57385235191669e-06
1.430875,0.785397971607705,1.57385235191669e-06
1.431,0.785397971048001,2.45214032593133e-06
1.431125,0.785397970497056,2.45214032593133e-06
1.43125,0.785397969954991,2.45214032593133e-06
1.431375,0.785397969421926,2.45214032593133e-06
1.4315,0.785397968897981,2.45214032593133e-06
1.431625,0.785397968383272,2.45214032593133e-06
1.43175,0.785397967877916,2.45214032593133e-06
1.431875,0.785397967382027,2.45214032593133e-06
1.432,0.785397966895715,2.53783421034957e-06
1.432125,0.785397966419093,2.53783421034957e-06
1.43225,0.785397965952267,2.53783421034957e-06
1.432375,0.785397965495344,2.53783421034957e-06
1.4325,0.78539796504843,2.53783421034957e-06
1.432625,0.785397964611627,2.53783421034957e-06
1.43275,0.785397964185034,2.53783421034957e-06
1.432875,0.785397963768752,2.53783421034957e-06
1.433,0.785397963362875,2.5873020236078e-06
1.433125,0.785397962967499,2.5873020236078e-06
1.43325,0.785397962582714,2.5873020236078e-06
1.433375,0.785397962208611,2.5873020236078e-06
1.4335,0.785397961845277,2.5873020236078e-06
1.433625,0.785397961492797,2.5873020236078e-06
1.43375,0.785397961151253,2.5873020236078e-06
1.433875,0.785397960820727,2.5873020236078e-06
1.434,0.785397960501296,2.60035374066241e-06
1.434125,0.785397960193034,2.60035374066241e-06
1.43425,0.785397959896015,2.60035374066241e-06
1.434375,0.785397959610309,2.60035374066241e-06
1.4345,0.785397959335984,2.60035374066241e-06
1.434625,0.785397959073104,2.60035374066241e-06
1.43475,0.785397958821732,2.60035374066241e-06
1.434875,0.785397958581927,2.60035374066241e-06
1.435,0.785397958353746,2.57761072180713e-06
1.435125,0.785397958137244,2.57761072180713e-06
1.43525,0.78539795793247,2.57761072180713e-06
1.435375,0.785397957739475,2.57761072180713e-06
1.4355,0.785397957558303,2.57761072180713e-06
1.435625,0.785397957388997,2.57761072180713e-06
1.43575,0.785397957231596,2.57761072180713e-06
1.435875,0.785397957086137,2.57761072180713e-06
1.436,0.785397956952654,3.2537881150283e-06
1.436125,0.785397956831179,3.2537881150283e-06
1.43625,0.78539795672174,3.2537881150283e-06
1.436375,0.785397956624365,3.2537881150283e-06
1.4365,0.785397956539081,3.2537881150283e-06
1.436625,0.785397956465909,3.2537881150283e-06
1.43675,0.785397956404872,3.2537881150283e-06
1.436875,0.78539795635599,3.2537881150283e-06
1.437,0.785397956319279,3.17217765625245e-06
1.437125,0.785397956294754,3.17217765625245e-06
1.43725,0.78539795628243,3.17217765625245e-06
1.437375,0.785397956282315,3.17217765625245e-06
1.4375,0.78539795629442,3.17217765625245e-06
1.437625,0.785397956318749,3.17217765625245e-06
1.43775,0.785397956355308,3.17217765625245e-06
1.437875,0.785397956404097,3.17217765625245e-06
1.438,0.785397956465116,3.0611383077094e-06
1.438125,0.785397956538364,3.0611383077094e-06
1.43825,0.785397956623833,3.0611383077094e-06
1.438375,0.785397956721517,3.0611383077094e-06
1.4385,0.785397956831406,3.0611383077094e-06
1.438625,0.785397956953487,3.0611383077094e-06
1.43875,0.785397957087746,3.0611383077094e-06
1.438875,0.785397957234165,3.0611383077094e-06
1.439,0.785397957392725,2.92251248849234e-06
1.439125,0.785397957563405,2.92251248849234e-06
1.43925,0.78539795774618,2.92251248849234e-06
1.439375,0.785397957941022,2.92251248849234e-06
1.4395,0.785397958147903,2.92251248849234e-06
1.439625,0.785397958366791,2.92251248849234e-06
1.43975,0.785397958597651,2.92251248849234e-06
1.439875,0.785397958840446,2.92251248849234e-06
1.44,0.785397959095138,2.75874968419922e-06
1.440125,0.785397959361685,2.75874968419922e-06
1.44025,0.785397959640042,2.75874968419922e-06
1.440375,0.785397959930163,2.75874968419922e-06
1.4405,0.785397960231998,2.75874968419922e-06
1.440625,0.785397960545495,2.75874968419922e-06
1.44075,0.7853979608706,2.75874968419922e-06
1.440875,0.785397961207256,2.75874968419922e-06
1.441,0.785397961555404,3.00811988969169e-06
1.441125,0.785397961914982,3.00811988969169e-06
1.44125,0.785397962285927,3.00811988969169e-06
1.441375,0.785397962668174,3.00811988969169e-06
1.4415,0.785397963061655,3.00811988969169e-06
1.441625,0.785397963466302,3.00811988969169e-06
1.44175,0.785397963882044,3.00811988969169e-06
1.441875,0.785397964308807,3.00811988969169e-06
1.442,0.785397964746519,2.80827321100555e-06
1.442125,0.785397965195102,2.80827321100555e-06
1.44225,0.785397965654479,2.80827321100555e-06
1.442375,0.785397966124569,2.80827321100555e-06
1.4425,0.78539796660529,2.80827321100555e-06
1.442625,0.785397967096559,2.80827321100555e-06
1.44275,0.785397967598289,2.80827321100555e-06
1.442875,0.785397968110394,2.80827321100555e-06
1.443,0.785397968632785,2.59372289012313e-06
1.443125,0.785397969165371,2.59372289012313e-06
1.44325,0.785397969708059,2.59372289012313e-06
1.443375,0.785397970260755,2.59372289012313e-06
1.4435,0.785397970823363,2.59372289012313e-06
1.443625,0.785397971395784,2.59372289012313e-06
1.44375,0.785397971977918,2.59372289012313e-06
1.443875,0.785397972569665,2.59372289012313e-06
1.444,0.785397973170922,2.36768838196145e-06
1.444125,0.785397973781584,2.36768838196145e-06
1.44425,0.785397974401545,2.36768838196145e-06
1.444375,0.785397975030697,2.36768838196145e-06
1.4445,0.78539797566893,2.36768838196145e-06
1.444625,0.785397976316132,2.36768838196145e-06
1.44475,0.785397976972192,2.36768838196145e-06
1.444875,0.785397977636995,2.36768838196145e-06
1.445,0.785397978310426,2.13360645316688e-06
1.445125,0.785397978992367,2.13360645316688e-06
1.44525,0.785397979682699,2.13360645316688e-06
1.445375,0.785397980381303,2.13360645316688e-06
1.4455,0.785397981088056,2.13360645316688e-06
1.445625,0.785397981802836,2.13360645316688e-06
1.44575,0.785397982525518,2.13360645316688e-06
1.445875,0.785397983255975,2.13360645316688e-06
1.446,0.785397983994083,1.87658077523503e-06
1.446125,0.785397984739711,1.87658077523503e-06
1.44625,0.785397985492731,1.87658077523503e-06
1.446375,0.785397986253012,1.87658077523503e-06
1.4465,0.785397987020421,1.87658077523503e-06
1.446625,0.785397987794824,1.87658077523503e-06
1.44675,0.785397988576088,1.87658077523503e-06
1.446875,0.785397989364076,1.87658077523503e-06
1.447,0.785397990158652,1.63721350426459e-06
1.447125,0.785397990959678,1.63721350426459e-06
1.44725,0.785397991767016,1.63721350426459e-06
1.447375,0.785397992580525,1.63721350426459e-06
1.4475,0.785397993400065,1.63721350426459e-06
1.447625,0.785397994225493,1.63721350426459e-06
1.44775,0.785397995056667,1.63721350426459e-06
1.447875,0.785397995893443,1.63721350426459e-06
1.448,0.785397996735676,1.40085270309386e-06
1.448125,0.785397997583223,1.40085270309386e-06
1.44825,0.785397998435938,1.40085270309386e-06
1.448375,0.785397999293673,1.40085270309386e-06
1.4485,0.785398000156281,1.40085270309386e-06
1.448625,0.785398001023614,1.40085270309386e-06
1.44875,0.785398001895523,1.40085270309386e-06
1.448875,0.78539800277186,1.40085270309386e-06
1.449,0.785398003652475,1.17109242940013e-06
1.449125,0.785398004537218,1.17109242940013e-06
1.44925,0.78539800542594,1.17109242940013e-06
1.449375,0.785398006318488,1.17109242940013e-06
1.4495,0.785398007214712,1.17109242940013e-06
1.449625,0.78539800811446,1.17109242940013e-06
1.44975,0.78539800901758,1.17109242940013e-06
1.449875,0.785398009923921,1.17109242940013e-06
1.45,0.78539801083333,9.51298976313629e-07
1.450125,0.785398011745655,9.51298976313629e-07
1.45025,0.785398012660745,9.51298976313629e-07
1.450375,0.785398013578446,9.51298976313629e-07
1.4505,0.785398014498607,9.51298976313629e-07
1.450625,0.785398015421075,9.51298976313629e-07
1.45075,0.785398016345697,9.51298976313629e-07
1.450875,0.785398017272322,9.51298976313629e-07
1.451,0.785398018200798,2.64148268979098e-07
1.451125,0.785398019130974,2.64148268979098e-07
1.45125,0.785398020062696,2.64148268979098e-07
1.451375,0.785398020995813,2.64148268979098e-07
1.4515,0.78539802193017,2.64148268979098e-07
1.451625,0.785398022865614,2.64148268979098e-07
1.45175,0.785398023801991,2.64148268979098e-07
1.451875,0.785398024739148,2.64148268979098e-07
1.452,0.785398025676931,6.8288932509979e-08
1.452125,0.785398026615184,6.8288932509979e-08
1.45225,0.785398027553756,6.8288932509979e-08
1.452375,0.785398028492491,6.8288932509979e-08
1.4525,0.785398029431235,6.8288932509979e-08
1.452625,0.785398030369835,6.8288932509979e-08
1.45275,0.785398031308137,6.8288932509979e-08
1.452875,0.785398032245987,6.8288932509979e-08
1.453,0.785398033183233,-1.09261723283796e-07
1.453125,0.785398034119722,-1.09261723283796e-07
1.45325,0.785398035055302,-1.09261723283796e-07
1.453375,0.78539803598982,-1.09261723283796e-07
1.4535,0.785398036923126,-1.09261723283796e-07
1.453625,0.785398037855068,-1.09261723283796e-07
1.45375,0.785398038785497,-1.09261723283796e-07
1.453875,0.785398039714262,-1.09261723283796e-07
1.454,0.785398040641215,-2.65563976742569e-07
1.454125,0.785398041566209,-2.65563976742569e-07
1.45425,0.785398042489095,-2.65563976742569e-07
1.454375,0.785398043409729,-2.65563976742569e-07
1.4545,0.785398044327963,-2.65563976742569e-07
1.454625,0.785398045243654,-2.65563976742569e-07
1.45475,0.785398046156658,-2.65563976742569e-07
1.454875,0.785398047066834,-2.65563976742569e-07
1.455,0.785398047974039,-3.98271140236088e-07
1.455125,0.785398048878135,-3.98271140236088e-07
1.45525,0.785398049778982,-3.98271140236088e-07
1.455375,0.785398050676444,-3.98271140236088e-07
1.4555,0.785398051570383,-3.98271140236088e-07
1.455625,0.785398052460666,-3.98271140236088e-07
1.45575,0.785398053347159,-3.98271140236088e-07
1.455875,0.78539805422973,-3.98271140236088e-07
1.456,0.78539805510825,-1.31882634026514e-06
1.456125,0.78539805598259,-1.31882634026514e-06
1.45625,0.785398056852621,-1.31882634026514e-06
1.456375,0.785398057718215,-1.31882634026514e-06
1.4565,0.785398058579243,-1.31882634026514e-06
1.456625,0.785398059435578,-1.31882634026514e-06
1.45675,0.785398060287094,-1.31882634026514e-06
1.456875,0.785398061133665,-1.31882634026514e-06
1.457,0.785398061975166,-1.40828581656618e-06
1.457125,0.785398062811474,-1.40828581656618e-06
1.45725,0.785398063642464,-1.40828581656618e-06
1.457375,0.785398064468015,-1.40828581656618e-06
1.4575,0.785398065288005,-1.40828581656618e-06
1.457625,0.785398066102314,-1.40828581656618e-06
1.45775,0.785398066910824,-1.40828581656618e-06
1.457875,0.785398067713416,-1.40828581656618e-06
1.458,0.785398068509974,-1.47078065515041e-06
1.458125,0.785398069300382,-1.47078065515041e-06
1.45825,0.785398070084526,-1.47078065515041e-06
1.458375,0.785398070862294,-1.47078065515041e-06
1.4585,0.785398071633575,-1.47078065515041e-06
1.458625,0.785398072398259,-1.47078065515041e-06
1.45875,0.785398073156238,-1.47078065515041e-06
1.458875,0.785398073907404,-1.47078065515041e-06
1.459,0.785398074651654,-1.50477976677338e-06
1.459125,0.785398075388884,-1.50477976677338e-06
1.45925,0.785398076118992,-1.50477976677338e-06
1.459375,0.785398076841879,-1.50477976677338e-06
1.4595,0.785398077557448,-1.50477976677338e-06
1.459625,0.785398078265601,-1.50477976677338e-06
1.45975,0.785398078966245,-1.50477976677338e-06
1.459875,0.785398079659287,-1.50477976677338e-06
1.46,0.785398080344639,-1.50953006829785e-06
1.460125,0.785398081022212,-1.50953006829785e-06
1.46025,0.785398081691919,-1.50953006829785e-06
1.460375,0.785398082353679,-1.50953006829785e-06
1.4605,0.785398083007408,-1.50953006829785e-06
1.460625,0.785398083653028,-1.50953006829785e-06
1.46075,0.785398084290462,-1.50953006829785e-06
1.460875,0.785398084919635,-1.50953006829785e-06
1.461,0.785398085540476,-2.4137098599572e-06
1.461125,0.785398086152914,-2.4137098599572e-06
1.46125,0.785398086756879,-2.4137098599572e-06
1.461375,0.785398087352304,-2.4137098599572e-06
1.4615,0.78539808793912,-2.4137098599572e-06
1.461625,0.785398088517263,-2.4137098599572e-06
1.46175,0.785398089086666,-2.4137098599572e-06
1.461875,0.785398089647267,-2.4137098599572e-06
1.462,0.785398090199004,-2.3705532329001e-06
1.462125,0.785398090741815,-2.3705532329001e-06
1.46225,0.785398091275643,-2.3705532329001e-06
1.462375,0.785398091800428,-2.3705532329001e-06
1.4625,0.785398092316116,-2.3705532329001e-06
1.462625,0.785398092822652,-2.3705532329001e-06
1.46275,0.785398093319983,-2.3705532329001e-06
1.462875,0.785398093808058,-2.3705532329001e-06
1.463,0.785398094286827,-2.30037287778738e-06
1.463125,0.785398094756243,-2.30037287778738e-06
1.46325,0.78539809521626,-2.30037287778738e-06
1.463375,0.785398095666834,-2.30037287778738e-06
1.4635,0.785398096107922,-2.30037287778738e-06
1.463625,0.785398096539485,-2.30037287778738e-06
1.46375,0.785398096961484,-2.30037287778738e-06
1.463875,0.785398097373883,-2.30037287778738e-06
1.464,0.785398097776647,-2.20333002983149e-06
1.464125,0.785398098169745,-2.20333002983149e-06
1.46425,0.785398098553145,-2.20333002983149e-06
1.464375,0.78539809892682,-2.20333002983149e-06
1.4645,0.785398099290744,-2.20333002983149e-06
1.464625,0.785398099644893,-2.20333002983149e-06
1.46475,0.785398099989246,-2.20333002983149e-06
1.464875,0.785398100323783,-2.20333002983149e-06
1.465,0.785398100648487,-2.08032901579021e-06
1.465125,0.785398100963344,-2.08032901579021e-06
1.46525,0.785398101268341,-2.08032901579021e-06
1.465375,0.785398101563468,-2.08032901579021e-06
1.4655,0.785398101848718,-2.08032901579021e-06
1.465625,0.785398102124084,-2.08032901579021e-06
1.46575,0.785398102389566,-2.08032901579021e-06
1.465875,0.785398102645161,-2.08032901579021e-06
1.466,0.785398102890873,-2.74239605745441e-06
1.466125,0.785398103126705,-2.74239605745441e-06
1.46625,0.785398103352662,-2.74239605745441e-06
1.466375,0.785398103568752,-2.74239605745441e-06
1.4665,0.785398103774982,-2.74239605745441e-06
1.466625,0.785398103971361,-2.74239605745441e-06
1.46675,0.785398104157901,-2.74239605745441e-06
1.466875,0.785398104334612,-2.74239605745441e-06
1.467,0.78539810450151,-2.58157640336932e-06
1.467125,0.785398104658608,-2.58157640336932e-06
1.46725,0.785398104805925,-2.58157640336932e-06
1.467375,0.785398104943477,-2.58157640336932e-06
1.4675,0.785398105071285,-2.58157640336932e-06
1.467625,0.785398105189372,-2.58157640336932e-06
1.46775,0.785398105297759,-2.58157640336932e-06
1.467875,0.785398105396472,-2.58157640336932e-06
1.468,0.785398105485536,-2.40156037949006e-06
1.468125,0.785398105564981,-2.40156037949006e-06
1.46825,0.785398105634835,-2.40156037949006e-06
1.468375,0.785398105695131,-2.40156037949006e-06
1.4685,0.785398105745901,-2.40156037949006e-06
1.468625,0.78539810578718,-2.40156037949006e-06
1.46875,0.785398105819006,-2.40156037949006e-06
1.468875,0.785398105841417,-2.40156037949006e-06
1.469,0.785398105854453,-2.20397188711269e-06
1.469125,0.785398105858155,-2.20397188711269e-06
1.46925,0.785398105852568,-2.20397188711269e-06
1.469375,0.785398105837737,-2.20397188711269e-06
1.4695,0.78539810581371,-2.20397188711269e-06
1.469625,0.785398105780536,-2.20397188711269e-06
1.46975,0.785398105738266,-2.20397188711269e-06
1.469875,0.785398105686954,-2.20397188711269e-06
1.47,0.785398105626654,-1.99095077475992e-06
1.470125,0.785398105557422,-1.99095077475992e-06
1.47025,0.785398105479317,-1.99095077475992e-06
1.470375,0.7853981053924,-1.99095077475992e-06
1.4705,0.785398105296732,-1.99095077475992e-06
1.470625,0.785398105192379,-1.99095077475992e-06
1.47075,0.785398105079406,-1.99095077475992e-06
1.470875,0.78539810495788,-1.99095077475992e-06
1.471,0.785398104827873,-2.27281654138061e-06
1.471125,0.785398104689455,-2.27281654138061e-06
1.47125,0.785398104542698,-2.27281654138061e-06
1.471375,0.785398104387675,-2.27281654138061e-06
1.4715,0.785398104224463,-2.27281654138061e-06
1.471625,0.785398104053135,-2.27281654138061e-06
1.47175,0.78539810387377,-2.27281654138061e-06
1.471875,0.785398103686445,-2.27281654138061e-06
1.472,0.785398103491238,-2.04261652812332e-06
1.472125,0.785398103288231,-2.04261652812332e-06
1.47225,0.785398103077504,-2.04261652812332e-06
1.472375,0.785398102859141,-2.04261652812332e-06
1.4725,0.785398102633224,-2.04261652812332e-06
1.472625,0.785398102399839,-2.04261652812332e-06
1.47275,0.785398102159072,-2.04261652812332e-06
1.472875,0.78539810191101,-2.04261652812332e-06
1.473,0.785398101655741,-1.8059934824803e-06
1.473125,0.785398101393353,-1.8059934824803e-06
1.47325,0.785398101123938,-1.8059934824803e-06
1.473375,0.785398100847587,-1.8059934824803e-06
1.4735,0.785398100564392,-1.8059934824803e-06
1.473625,0.785398100274447,-1.8059934824803e-06
1.47375,0.785398099977847,-1.8059934824803e-06
1.473875,0.785398099674689,-1.8059934824803e-06
1.474,0.785398099365067,-1.56540090339549e-06
1.474125,0.785398099049081,-1.56540090339549e-06
1.47425,0.785398098726828,-1.56540090339549e-06
1.474375,0.785398098398409,-1.56540090339549e-06
1.4745,0.785398098063924,-1.56540090339549e-06
1.474625,0.785398097723477,-1.56540090339549e-06
1.47475,0.785398097377169,-1.56540090339549e-06
1.474875,0.785398097025104,-1.56540090339549e-06
1.475,0.785398096667388,-1.32347005608491e-06
1.475125,0.785398096304125,-1.32347005608491e-06
1.47525,0.785398095935421,-1.32347005608491e-06
1.475375,0.785398095561386,-1.32347005608491e-06
1.4755,0.785398095182126,-1.32347005608491e-06
1.475625,0.785398094797751,-1.32347005608491e-06
1.47575,0.785398094408373,-1.32347005608491e-06
1.475875,0.7853980940141,-1.32347005608491e-06
1.476,0.785398093615046,-1.2074760300196e-06
1.476125,0.785398093211322,-1.2074760300196e-06
1.47625,0.785398092803041,-1.2074760300196e-06
1.476375,0.785398092390317,-1.2074760300196e-06
1.4765,0.785398091973264,-1.2074760300196e-06
1.476625,0.785398091551997,-1.2074760300196e-06
1.47675,0.785398091126631,-1.2074760300196e-06
1.476875,0.785398090697281,-1.2074760300196e-06
1.477,0.785398090264064,-9.726527340083e-07
1.477125,0.785398089827096,-9.726527340083e-07
1.47725,0.785398089386493,-9.726527340083e-07
1.477375,0.785398088942375,-9.726527340083e-07
1.4775,0.785398088494857,-9.726527340083e-07
1.477625,0.785398088044059,-9.726527340083e-07
1.47775,0.785398087590098,-9.726527340083e-07
1.477875,0.785398087133095,-9.726527340083e-07
1.478,0.785398086673167,-7.4499737666195e-07
1.478125,0.785398086210434,-7.4499737666195e-07
1.47825,0.785398085745016,-7.4499737666195e-07
1.478375,0.785398085277031,-7.4499737666195e-07
1.4785,0.785398084806601,-7.4499737666195e-07
1.478625,0.785398084333845,-7.4499737666195e-07
1.47875,0.785398083858884,-7.4499737666195e-07
1.478875,0.785398083381838,-7.4499737666195e-07
1.479,0.785398082902828,-5.26974380431897e-07
1.479125,0.785398082421973,-5.26974380431897e-07
1.47925,0.785398081939395,-5.26974380431897e-07
1.479375,0.785398081455213,-5.26974380431897e-07
1.4795,0.785398080969548,-5.26974380431897e-07
1.479625,0.785398080482522,-5.26974380431897e-07
1.47975,0.785398079994254,-5.26974380431897e-07
1.479875,0.785398079504864,-5.26974380431897e-07
1.48,0.785398079014473,-3.20883343378958e-07
1.480125,0.785398078523201,-3.20883343378958e-07
1.48025,0.785398078031166,-3.20883343378958e-07
1.480375,0.785398077538488,-3.20883343378958e-07
1.4805,0.785398077045288,-3.20883343378958e-07
1.480625,0.785398076551683,-3.20883343378958e-07
1.48075,0.785398076057793,-3.20883343378958e-07
1.480875,0.785398075563735,-3.20883343378958e-07
1.481,0.785398075069629,9.51589902584179e-08
1.481125,0.78539807457559,9.51589902584179e-08
1.48125,0.785398074081737,9.51589902584179e-08
1.481375,0.785398073588186,9.51589902584179e-08
1.4815,0.785398073095057,9.51589902584179e-08
1.481625,0.785398072602465,9.51589902584179e-08
1.48175,0.785398072110528,9.51589902584179e-08
1.481875,0.785398071619363,9.51589902584179e-08
1.482,0.785398071129085,2.7358898333333e-07
1.482125,0.78539807063981,2.7358898333333e-07
1.48225,0.785398070151655,2.7358898333333e-07
1.482375,0.785398069664733,2.7358898333333e-07
1.4825,0.785398069179161,2.7358898333333e-07
1.482625,0.785398068695052,2.7358898333333e-07
1.48275,0.785398068212521,2.7358898333333e-07
1.482875,0.785398067731681,2.7358898333333e-07
1.483,0.785398067252643,4.34459552014386e-07
1.483125,0.785398066775522,4.34459552014386e-07
1.48325,0.785398066300427,4.34459552014386e-07
1.483375,0.78539806582747,4.34459552014386e-07
1.4835,0.785398065356761,4.34459552014386e-07
1.483625,0.78539806488841,4.34459552014386e-07
1.48375,0.785398064422525,4.34459552014386e-07
1.483875,0.785398063959214,4.34459552014386e-07
1.484,0.785398063498584,5.7604632411029e-07
1.484125,0.785398063040742,5.7604632411029e-07
1.48425,0.785398062585792,5.7604632411029e-07
1.484375,0.78539806213384,5.7604632411029e-07
1.4845,0.785398061684988,5.7604632411029e-07
1.484625,0.785398061239339,5.7604632411029e-07
1.48475,0.785398060796995,5.7604632411029e-07
1.484875,0.785398060358056,5.7604632411029e-07
1.485,0.785398059922622,6.9703779922335e-07
1.485125,0.785398059490789,6.9703779922335e-07
1.48525,0.785398059062657,6.9703779922335e-07
1.485375,0.785398058638319,6.9703779922335e-07
1.4855,0.785398058217872,6.9703779922335e-07
1.485625,0.785398057801408,6.9703779922335e-07
1.48575,0.785398057389021,6.9703779922335e-07
1.485875,0.7853980569808,6.9703779922335e-07
1.486,0.785398056576835,1.23792241863494e-06
1.486125,0.785398056177215,1.23792241863494e-06
1.48625,0.785398055782027,1.23792241863494e-06
1.486375,0.785398055391359,1.23792241863494e-06
1.4865,0.785398055005296,1.23792241863494e-06
1.486625,0.785398054623925,1.23792241863494e-06
1.48675,0.78539805424733,1.23792241863494e-06
1.486875,0.785398053875596,1.23792241863494e-06
1.487,0.785398053508804,1.32010395730907e-06
1.487125,0.785398053147036,1.32010395730907e-06
1.48725,0.785398052790374,1.32010395730907e-06
1.487375,0.785398052438896,1.32010395730907e-06
1.4875,0.785398052092683,1.32010395730907e-06
1.487625,0.785398051751811,1.32010395730907e-06
1.48775,0.785398051416357,1.32010395730907e-06
1.487875,0.785398051086397,1.32010395730907e-06
1.488,0.785398050762004,1.38028286590055e-06
1.488125,0.785398050443252,1.38028286590055e-06
1.48825,0.785398050130212,1.38028286590055e-06
1.488375,0.785398049822955,1.38028286590055e-06
1.4885,0.78539804952155,1.38028286590055e-06
1.488625,0.785398049226064,1.38028286590055e-06
1.48875,0.785398048936565,1.38028286590055e-06
1.488875,0.785398048653118,1.38028286590055e-06
1.489,0.785398048375786,1.41794582872163e-06
1.489125,0.785398048104632,1.41794582872163e-06
1.48925,0.785398047839716,1.41794582872163e-06
1.489375,0.785398047581097,1.41794582872163e-06
1.4895,0.785398047328834,1.41794582872163e-06
1.489625,0.785398047082983,1.41794582872163e-06
1.48975,0.785398046843599,1.41794582872163e-06
1.489875,0.785398046610734,1.41794582872163e-06
1.49,0.785398046384441,1.43308271971362e-06
1.490125,0.785398046164769,1.43308271971362e-06
1.49025,0.785398045951766,1.43308271971362e-06
1.490375,0.785398045745479,1.43308271971362e-06
1.4905,0.785398045545953,1.43308271971362e-06
1.490625,0.785398045353231,1.43308271971362e-06
1.49075,0.785398045167354,1.43308271971362e-06
1.490875,0.785398044988361,1.43308271971362e-06
1.491,0.785398044816292,1.90354842747016e-06
1.491125,0.785398044651181,1.90354842747016e-06
1.49125,0.785398044493064,1.90354842747016e-06
1.491375,0.785398044341976,1.90354842747016e-06
1.4915,0.785398044197949,1.90354842747016e-06
1.491625,0.785398044061015,1.90354842747016e-06
1.49175,0.785398043931206,1.90354842747016e-06
1.491875,0.785398043808549,1.90354842747016e-06
1.492,0.785398043693074,1.8805920482557e-06
1.492125,0.785398043584807,1.8805920482557e-06
1.49225,0.785398043483775,1.8805920482557e-06
1.492375,0.78539804339,1.8805920482557e-06
1.4925,0.785398043303506,1.8805920482557e-06
1.492625,0.785398043224314,1.8805920482557e-06
1.49275,0.785398043152445,1.8805920482557e-06
1.492875,0.785398043087917,1.8805920482557e-06
1.493,0.785398043030747,1.83792748762733e-06
1.493125,0.785398042980953,1.83792748762733e-06
1.49325,0.785398042938547,1.83792748762733e-06
1.493375,0.785398042903543,1.83792748762733e-06
1.4935,0.785398042875952,1.83792748762733e-06
1.493625,0.785398042855786,1.83792748762733e-06
1.49375,0.785398042843051,1.83792748762733e-06
1.493875,0.785398042837755,1.83792748762733e-06
1.494,0.785398042839904,1.77633047522579e-06
1.494125,0.785398042849502,1.77633047522579e-06
1.49425,0.78539804286655,1.77633047522579e-06
1.494375,0.785398042891051,1.77633047522579e-06
1.4945,0.785398042923003,1.77633047522579e-06
1.494625,0.785398042962403,1.77633047522579e-06
1.49475,0.785398043009248,1.77633047522579e-06
1.494875,0.785398043063533,1.77633047522579e-06
1.495,0.785398043125249,1.69700042535868e-06
1.495125,0.78539804319439,1.69700042535868e-06
1.49525,0.785398043270943,1.69700042535868e-06
1.495375,0.785398043354897,1.69700042535868e-06
1.4955,0.785398043446239,1.69700042535868e-06
1.495625,0.785398043544952,1.69700042535868e-06
1.49575,0.785398043651021,1.69700042535868e-06
1.495875,0.785398043764425,1.69700042535868e-06
1.496,0.785398043885146,1.9400574147632e-06
1.496125,0.78539804401316,1.9400574147632e-06
1.49625,0.785398044148446,1.9400574147632e-06
1.496375,0.785398044290978,1.9400574147632e-06
1.4965,0.785398044440733,1.9400574147632e-06
1.496625,0.785398044597683,1.9400574147632e-06
1.49675,0.7853980447618,1.9400574147632e-06
1.496875,0.785398044933057,1.9400574147632e-06
1.497,0.785398045111422,1.83402313315855e-06
1.497125,0.785398045296866,1.83402313315855e-06
1.49725,0.785398045489354,1.83402313315855e-06
1.497375,0.785398045688854,1.83402313315855e-06
1.4975,0.785398045895331,1.83402313315855e-06
1.497625,0.785398046108748,1.83402313315855e-06
1.49775,0.785398046329068,1.83402313315855e-06
1.497875,0.785398046556252,1.83402313315855e-06
1.498,0.785398046790261,1.71607894989496e-06
1.498125,0.785398047031054,1.71607894989496e-06
1.49825,0.785398047278589,1.71607894989496e-06
1.498375,0.785398047532821,1.71607894989496e-06
1.4985,0.785398047793707,1.71607894989496e-06
1.498625,0.785398048061201,1.71607894989496e-06
1.49875,0.785398048335255,1.71607894989496e-06
1.498875,0.785398048615821,1.71607894989496e-06
1.499,0.785398048902851,1.58798522218149e-06
1.499125,0.785398049196292,1.58798522218149e-06
1.49925,0.785398049496094,1.58798522218149e-06
1.499375,0.785398049802204,1.58798522218149e-06
1.4995,0.785398050114567,1.58798522218149e-06
1.499625,0.785398050433128,1.58798522218149e-06
1.49975,0.785398050757831,1.58798522218149e-06
1.499875,0.785398051088618,1.58798522218149e-06
1.5,0.78539805142543,1.4517148663296e-06
1.500125,0.785398051768207,1.4517148663296e-06
1.50025,0.785398052116889,1.4517148663296e-06
1.500375,0.785398052471413,1.4517148663296e-06
1.5005,0.785398052831716,1.4517148663296e-06
1.500625,0.785398053197734,1.4517148663296e-06
1.50075,0.785398053569402,1.4517148663296e-06
1.500875,0.785398053946652,1.4517148663296e-06
1.501,0.785398054329418,1.39093716283493e-06
1.501125,0.785398054717631,1.39093716283493e-06
1.50125,0.785398055111221,1.39093716283493e-06
1.501375,0.78539805551012,1.39093716283493e-06
1.5015,0.785398055914254,1.39093716283493e-06
1.501625,0.785398056323553,1.39093716283493e-06
1.50175,0.785398056737942,1.39093716283493e-06
1.501875,0.78539805715735,1.39093716283493e-06
1.502,0.7853980575817,1.24583168378419e-06
1.502125,0.785398058010919,1.24583168378419e-06
1.50225,0.785398058444929,1.24583168378419e-06
1.502375,0.785398058883654,1.24583168378419e-06
1.5025,0.785398059327017,1.24583168378419e-06
1.502625,0.785398059774937,1.24583168378419e-06
1.50275,0.785398060227338,1.24583168378419e-06
1.502875,0.785398060684138,1.24583168378419e-06
1.503,0.785398061145256,1.09939048610318e-06
1.503125,0.785398061610613,1.09939048610318e-06
1.50325,0.785398062080126,1.09939048610318e-06
1.503375,0.785398062553713,1.09939048610318e-06
1.5035,0.78539806303129,1.09939048610318e-06
1.503625,0.785398063512773,1.09939048610318e-06
1.50375,0.785398063998079,1.09939048610318e-06
1.503875,0.785398064487122,1.09939048610318e-06
1.504,0.785398064979817,9.53792482594604e-07
1.504125,0.785398065476078,9.53792482594604e-07
1.50425,0.785398065975819,9.53792482594604e-07
1.504375,0.785398066478953,9.53792482594604e-07
1.5045,0.785398066985393,9.53792482594604e-07
1.504625,0.78539806749505,9.53792482594604e-07
1.50475,0.785398068007838,9.53792482594604e-07
1.504875,0.785398068523666,9.53792482594604e-07
1.505,0.785398069042446,8.11159556961448e-07
1.505125,0.785398069564089,8.11159556961448e-07
1.50525,0.785398070088507,8.11159556961448e-07
1.505375,0.785398070615608,8.11159556961448e-07
1.5055,0.785398071145302,8.11159556961448e-07
1.505625,0.7853980716775,8.11159556961448e-07
1.50575,0.785398072212111,8.11159556961448e-07
1.505875,0.785398072749044,8.11159556961448e-07
1.506,0.785398073288208,4.6601495869454e-07
1.506125,0.785398073829512,4.6601495869454e-07
1.50625,0.785398074372865,4.6601495869454e-07
1.506375,0.785398074918175,4.6601495869454e-07
1.5065,0.785398075465349,4.6601495869454e-07
1.506625,0.785398076014294,4.6601495869454e-07
1.50675,0.785398076564917,4.6601495869454e-07
1.506875,0.785398077117126,4.6601495869454e-07
1.507,0.785398077670825,3.33175257714133e-07
1.507125,0.785398078225923,3.33175257714133e-07
1.50725,0.785398078782324,3.33175257714133e-07
1.507375,0.785398079339936,3.33175257714133e-07
1.5075,0.785398079898662,3.33175257714133e-07
1.507625,0.78539808045841,3.33175257714133e-07
1.50775,0.785398081019083,3.33175257714133e-07
1.507875,0.785398081580589,3.33175257714133e-07
1.508,0.785398082142832,2.09046166526968e-07
1.508125,0.785398082705718,2.09046166526968e-07
1.50825,0.785398083269153,2.09046166526968e-07
1.508375,0.785398083833043,2.09046166526968e-07
1.5085,0.785398084397292,2.09046166526968e-07
1.508625,0.785398084961807,2.09046166526968e-07
1.50875,0.785398085526493,2.09046166526968e-07
1.508875,0.785398086091258,2.09046166526968e-07
1.509,0.785398086656007,9.5583961767099e-08
1.509125,0.785398087220647,9.5583961767099e-08
1.50925,0.785398087785085,9.5583961767099e-08
1.509375,0.78539808834923,9.5583961767099e-08
1.5095,0.785398088912987,9.5583961767099e-08
1.509625,0.785398089476266,9.5583961767099e-08
1.50975,0.785398090038974,9.5583961767099e-08
1.509875,0.78539809060102,9.5583961767099e-08
1.51,0.785398091162315,-5.55623260973439e-09
1.510125,0.785398091722767,-5.55623260973439e-09
1.51025,0.785398092282288,-5.55623260973439e-09
1.510375,0.785398092840788,-5.55623260973439e-09
1.5105,0.785398093398179,-5.55623260973439e-09
1.510625,0.785398093954373,-5.55623260973439e-09
1.51075,0.785398094509283,-5.55623260973439e-09
1.510875,0.785398095062823,-5.55623260973439e-09
1.511,0.785398095614906,-5.33514356397824e-07
1.511125,0.785398096165448,-5.33514356397824e-07
1.51125,0.785398096714364,-5.33514356397824e-07
1.511375,0.785398097261568,-5.33514356397824e-07
1.5115,0.785398097806975,-5.33514356397824e-07
1.511625,0.785398098350502,-5.33514356397824e-07
1.51175,0.785398098892062,-5.33514356397824e-07
1.511875,0.785398099431572,-5.33514356397824e-07
1.512,0.785398099968949,-6.10932805076906e-07
1.512125,0.785398100504109,-6.10932805076906e-07
1.51225,0.785398101036968,-6.10932805076906e-07
1.512375,0.785398101567446,-6.10932805076906e-07
1.5125,0.785398102095459,-6.10932805076906e-07
1.512625,0.785398102620925,-6.10932805076906e-07
1.51275,0.785398103143764,-6.10932805076906e-07
1.512875,0.785398103663896,-6.10932805076906e-07
1.513,0.78539810418124,-6.7299378913053e-07
1.513125,0.785398104695717,-6.7299378913053e-07
1.51325,0.785398105207249,-6.7299378913053e-07
1.513375,0.785398105715757,-6.7299378913053e-07
1.5135,0.785398106221166,-6.7299378913053e-07
1.513625,0.785398106723397,-6.7299378913053e-07
1.51375,0.785398107222376,-6.7299378913053e-07
1.513875,0.785398107718029,-6.7299378913053e-07
1.514,0.78539810821028,-7.18487378797541e-07
1.514125,0.785398108699058,-7.18487378797541e-07
1.51425,0.78539810918429,-7.18487378797541e-07
1.514375,0.785398109665904,-7.18487378797541e-07
1.5145,0.785398110143832,-7.18487378797541e-07
1.514625,0.785398110618003,-7.18487378797541e-07
1.51475,0.785398111088351,-7.18487378797541e-07
1.514875,0.785398111554807,-7.18487378797541e-07
1.515,0.785398112017305,-7.46654045028503e-07
1.515125,0.785398112475783,-7.46654045028503e-07
1.51525,0.785398112930174,-7.46654045028503e-07
1.515375,0.785398113380418,-7.46654045028503e-07
1.5155,0.785398113826454,-7.46654045028503e-07
1.515625,0.78539811426822,-7.46654045028503e-07
1.51575,0.78539811470566,-7.46654045028503e-07
1.515875,0.785398115138714,-7.46654045028503e-07
1.516,0.785398115567329,-1.31026304416439e-06
1.516125,0.785398115991448,-1.31026304416439e-06
1.51625,0.785398116411018,-1.31026304416439e-06
1.516375,0.785398116825983,-1.31026304416439e-06
1.5165,0.785398117236292,-1.31026304416439e-06
1.516625,0.785398117641891,-1.31026304416439e-06
1.51675,0.785398118042729,-1.31026304416439e-06
1.516875,0.785398118438753,-1.31026304416439e-06
1.517,0.785398118829915,-1.30911341606985e-06
1.517125,0.785398119216163,-1.30911341606985e-06
1.51725,0.785398119597449,-1.30911341606985e-06
1.517375,0.785398119973726,-1.30911341606985e-06
1.5175,0.785398120344946,-1.30911341606985e-06
1.517625,0.785398120711064,-1.30911341606985e-06
1.51775,0.785398121072032,-1.30911341606985e-06
1.517875,0.785398121427809,-1.30911341606985e-06
1.518,0.78539812177835,-1.29100102821438e-06
1.518125,0.785398122123612,-1.29100102821438e-06
1.51825,0.785398122463556,-1.29100102821438e-06
1.518375,0.78539812279814,-1.29100102821438e-06
1.5185,0.785398123127326,-1.29100102821438e-06
1.518625,0.785398123451075,-1.29100102821438e-06
1.51875,0.785398123769351,-1.29100102821438e-06
1.518875,0.785398124082119,-1.29100102821438e-06
1.519,0.785398124389343,-1.2557263006214e-06
1.519125,0.785398124690991,-1.2557263006214e-06
1.51925,0.78539812498703,-1.2557263006214e-06
1.519375,0.78539812527743,-1.2557263006214e-06
1.5195,0.785398125562162,-1.2557263006214e-06
1.519625,0.785398125841197,-1.2557263006214e-06
1.51975,0.785398126114509,-1.2557263006214e-06
1.519875,0.785398126382072,-1.2557263006214e-06
1.52,0.785398126643862,-1.2035584628881e-06
1.520125,0.785398126899857,-1.2035584628881e-06
1.52025,0.785398127150035,-1.2035584628881e-06
1.520375,0.785398127394377,-1.2035584628881e-06
1.5205,0.785398127632864,-1.2035584628881e-06
1.520625,0.785398127865479,-1.2035584628881e-06
1.52075,0.785398128092208,-1.2035584628881e-06
1.520875,0.785398128313037,-1.2035584628881e-06
1.521,0.785398128527952,-1.65668441715874e-06
1.521125,0.785398128736944,-1.65668441715874e-06
1.52125,0.785398128940001,-1.65668441715874e-06
1.521375,0.785398129137115,-1.65668441715874e-06
1.5215,0.785398129328276,-1.65668441715874e-06
1.521625,0.785398129513477,-1.65668441715874e-06
1.52175,0.78539812969271,-1.65668441715874e-06
1.521875,0.785398129865969,-1.65668441715874e-06
1.522,0.785398130033249,-1.57884764503732e-06
1.522125,0.785398130194545,-1.57884764503732e-06
1.52225,0.785398130349855,-1.57884764503732e-06
1.522375,0.785398130499176,-1.57884764503732e-06
1.5225,0.785398130642507,-1.57884764503732e-06
1.522625,0.785398130779846,-1.57884764503732e-06
1.52275,0.785398130911196,-1.57884764503732e-06
1.522875,0.785398131036558,-1.57884764503732e-06
1.523,0.785398131155934,-1.48752388617894e-06
1.523125,0.785398131269328,-1.48752388617894e-06
1.52325,0.785398131376745,-1.48752388617894e-06
1.523375,0.785398131478192,-1.48752388617894e-06
1.5235,0.785398131573674,-1.48752388617894e-06
1.523625,0.785398131663201,-1.48752388617894e-06
1.52375,0.785398131746783,-1.48752388617894e-06
1.523875,0.785398131824428,-1.48752388617894e-06
1.524,0.78539813189615,-1.38347341037994e-06
1.524125,0.78539813196196,-1.38347341037994e-06
1.52425,0.785398132021873,-1.38347341037994e-06
1.524375,0.785398132075904,-1.38347341037994e-06
1.5245,0.785398132124069,-1.38347341037994e-06
1.524625,0.785398132166387,-1.38347341037994e-06
1.52475,0.785398132202876,-1.38347341037994e-06
1.524875,0.785398132233555,-1.38347341037994e-06
1.525,0.785398132258447,-1.26781795772514e-06
1.525125,0.785398132277574,-1.26781795772514e-06
1.52525,0.785398132290959,-1.26781795772514e-06
1.525375,0.785398132298628,-1.26781795772514e-06
1.5255,0.785398132300607,-1.26781795772514e-06
1.525625,0.785398132296923,-1.26781795772514e-06
1.52575,0.785398132287606,-1.26781795772514e-06
1.525875,0.785398132272685,-1.26781795772514e-06
1.526,0.785398132252192,-1.50775419703866e-06
1.526125,0.78539813222616,-1.50775419703866e-06
1.52625,0.785398132194621,-1.50775419703866e-06
1.526375,0.78539813215761,-1.50775419703866e-06
1.5265,0.785398132115161,-1.50775419703866e-06
1.526625,0.785398132067309,-1.50775419703866e-06
1.52675,0.785398132014091,-1.50775419703866e-06
1.526875,0.785398131955544,-1.50775419703866e-06
1.527,0.785398131891705,-1.37746726887778e-06
1.527125,0.785398131822612,-1.37746726887778e-06
1.52725,0.785398131748306,-1.37746726887778e-06
1.527375,0.785398131668825,-1.37746726887778e-06
1.5275,0.785398131584212,-1.37746726887778e-06
1.527625,0.785398131494508,-1.37746726887778e-06
1.52775,0.785398131399754,-1.37746726887778e-06
1.527875,0.785398131299996,-1.37746726887778e-06
1.528,0.785398131195276,-1.24081094286236e-06
1.528125,0.78539813108564,-1.24081094286236e-06
1.52825,0.785398130971133,-1.24081094286236e-06
1.528375,0.785398130851801,-1.24081094286236e-06
1.5285,0.785398130727692,-1.24081094286236e-06
1.528625,0.785398130598855,-1.24081094286236e-06
1.52875,0.785398130465338,-1.24081094286236e-06
1.528875,0.78539813032719,-1.24081094286236e-06
1.529,0.785398130184463,-1.09918149484494e-06
1.529125,0.785398130037206,-1.09918149484494e-06
1.52925,0.785398129885474,-1.09918149484494e-06
1.529375,0.785398129729317,-1.09918149484494e-06
1.5295,0.78539812956879,-1.09918149484494e-06
1.529625,0.785398129403947,-1.09918149484494e-06
1.52975,0.785398129234843,-1.09918149484494e-06
1.529875,0.785398129061535,-1.09918149484494e-06
1.53,0.785398128884078,-9.54144791583375e-07
1.530125,0.785398128702531,-9.54144791583375e-07
1.53025,0.78539812851695,-9.54144791583375e-07
1.530375,0.785398128327396,-9.54144791583375e-07
1.5305,0.785398128133927,-9.54144791583375e-07
1.530625,0.785398127936604,-9.54144791583375e-07
1.53075,0.785398127735489,-9.54144791583375e-07
1.530875,0.785398127530643,-9.54144791583375e-07
1.531,0.785398127322128,-9.47817327776558e-07
1.531125,0.785398127110007,-9.47817327776558e-07
1.53125,0.785398126894344,-9.47817327776558e-07
1.531375,0.785398126675202,-9.47817327776558e-07
1.5315,0.785398126452647,-9.47817327776558e-07
1.531625,0.785398126226743,-9.47817327776558e-07
1.53175,0.785398125997555,-9.47817327776558e-07
1.531875,0.785398125765149,-9.47817327776558e-07
1.532,0.785398125529592,-8.02735843332766e-07
1.532125,0.785398125290949,-8.02735843332766e-07
1.53225,0.785398125049287,-8.02735843332766e-07
1.532375,0.785398124804674,-8.02735843332766e-07
1.5325,0.785398124557178,-8.02735843332766e-07
1.532625,0.785398124306867,-8.02735843332766e-07
1.53275,0.785398124053809,-8.02735843332766e-07
1.532875,0.785398123798073,-8.02735843332766e-07
1.533,0.785398123539729,-6.5966913849038e-07
1.533125,0.785398123278844,-6.5966913849038e-07
1.53325,0.78539812301549,-6.5966913849038e-07
1.533375,0.785398122749736,-6.5966913849038e-07
1.5335,0.785398122481653,-6.5966913849038e-07
1.533625,0.785398122211311,-6.5966913849038e-07
1.53375,0.785398121938781,-6.5966913849038e-07
1.533875,0.785398121664134,-6.5966913849038e-07
1.534,0.785398121387442,-5.20169370517489e-07
1.534125,0.785398121108776,-5.20169370517489e-07
1.53425,0.785398120828207,-5.20169370517489e-07
1.534375,0.785398120545808,-5.20169370517489e-07
1.5345,0.78539812026165,-5.20169370517489e-07
1.534625,0.785398119975806,-5.20169370517489e-07
1.53475,0.785398119688349,-5.20169370517489e-07
1.534875,0.78539811939935,-5.20169370517489e-07
1.535,0.785398119108883,-3.85744176759762e-07
1.535125,0.785398118817019,-3.85744176759762e-07
1.53525,0.785398118523833,-3.85744176759762e-07
1.535375,0.785398118229395,-3.85744176759762e-07
1.5355,0.78539811793378,-3.85744176759762e-07
1.535625,0.78539811763706,-3.85744176759762e-07
1.53575,0.785398117339308,-3.85744176759762e-07
1.535875,0.785398117040598,-3.85744176759762e-07
1.536,0.785398116741001,-1.73482256503368e-07
1.536125,0.785398116440591,-1.73482256503368e-07
1.53625,0.78539811613944,-1.73482256503368e-07
1.536375,0.785398115837622,-1.73482256503368e-07
1.5365,0.78539811553521,-1.73482256503368e-07
1.536625,0.785398115232276,-1.73482256503368e-07
1.53675,0.785398114928894,-1.73482256503368e-07
1.536875,0.785398114625138,-1.73482256503368e-07
1.537,0.785398114321079,-5.26015435788116e-08
1.537125,0.78539811401679,-5.26015435788116e-08
1.53725,0.785398113712345,-5.26015435788116e-08
1.537375,0.785398113407816,-5.26015435788116e-08
1.5375,0.785398113103276,-5.26015435788116e-08
1.537625,0.785398112798798,-5.26015435788116e-08
1.53775,0.785398112494453,-5.26015435788116e-08
1.537875,0.785398112190314,-5.26015435788116e-08
1.538,0.785398111886453,5.91560719318383e-08
1.538125,0.785398111582942,5.91560719318383e-08
1.53825,0.785398111279851,5.91560719318383e-08
1.538375,0.785398110977252,5.91560719318383e-08
1.5385,0.785398110675217,5.91560719318383e-08
1.538625,0.785398110373815,5.91560719318383e-08
1.53875,0.785398110073118,5.91560719318383e-08
1.538875,0.785398109773195,5.91560719318383e-08
1.539,0.785398109474116,1.60566388190027e-07
1.539125,0.78539810917595,1.60566388190027e-07
1.53925,0.785398108878766,1.60566388190027e-07
1.539375,0.785398108582632,1.60566388190027e-07
1.5395,0.785398108287618,1.60566388190027e-07
1.539625,0.785398107993789,1.60566388190027e-07
1.53975,0.785398107701214,1.60566388190027e-07
1.539875,0.785398107409959,1.60566388190027e-07
1.54,0.785398107120091,2.50622537971809e-07
1.540125,0.785398106831674,2.50622537971809e-07
1.54025,0.785398106544774,2.50622537971809e-07
1.540375,0.785398106259455,2.50622537971809e-07
1.5405,0.785398105975781,2.50622537971809e-07
1.540625,0.785398105693816,2.50622537971809e-07
1.54075,0.785398105413622,2.50622537971809e-07
1.540875,0.785398105135262,2.50622537971809e-07
1.541,0.785398104858796,5.72951202151975e-07
1.541125,0.785398104584285,5.72951202151975e-07
1.54125,0.785398104311791,5.72951202151975e-07
1.541375,0.785398104041372,5.72951202151975e-07
1.5415,0.785398103773089,5.72951202151975e-07
1.541625,0.785398103507002,5.72951202151975e-07
1.54175,0.785398103243169,5.72951202151975e-07
1.541875,0.785398102981649,5.72951202151975e-07
1.542,0.785398102722501,6.40743647211169e-07
1.542125,0.785398102465781,6.40743647211169e-07
1.54225,0.785398102211546,6.40743647211169e-07
1.542375,0.785398101959854,6.40743647211169e-07
1.5425,0.78539810171076,6.40743647211169e-07
1.542625,0.78539810146432,6.40743647211169e-07
1.54275,0.785398101220589,6.40743647211169e-07
1.542875,0.785398100979621,6.40743647211169e-07
1.543,0.785398100741469,6.95537788233775e-07
1.543125,0.785398100506186,6.95537788233775e-07
1.54325,0.785398100273825,6.95537788233775e-07
1.543375,0.785398100044438,6.95537788233775e-07
1.5435,0.785398099818075,6.95537788233775e-07
1.543625,0.785398099594786,6.95537788233775e-07
1.54375,0.785398099374622,6.95537788233775e-07
1.543875,0.78539809915763,6.95537788233775e-07
1.544,0.785398098943859,7.36784166791468e-07
1.544125,0.785398098733356,7.36784166791468e-07
1.54425,0.785398098526167,7.36784166791468e-07
1.544375,0.785398098322337,7.36784166791468e-07
1.5445,0.785398098121912,7.36784166791468e-07
1.544625,0.785398097924934,7.36784166791468e-07
1.54475,0.785398097731447,7.36784166791468e-07
1.544875,0.785398097541493,7.36784166791468e-07
1.545,0.785398097355114,7.64235979297505e-07
1.545125,0.785398097172348,7.64235979297505e-07
1.54525,0.785398096993235,7.64235979297505e-07
1.545375,0.785398096817814,7.64235979297505e-07
1.5455,0.785398096646121,7.64235979297505e-07
1.545625,0.785398096478193,7.64235979297505e-07
1.54575,0.785398096314065,7.64235979297505e-07
1.545875,0.785398096153772,7.64235979297505e-07
1.546,0.785398095997345,1.07771082660233e-06
1.546125,0.785398095844819,1.07771082660233e-06
1.54625,0.785398095696223,1.07771082660233e-06
1.546375,0.78539809555159,1.07771082660233e-06
1.5465,0.78539809541095,1.07771082660233e-06
1.546625,0.785398095274333,1.07771082660233e-06
1.54675,0.785398095141767,1.07771082660233e-06
1.546875,0.785398095013281,1.07771082660233e-06
1.547,0.785398094888903,1.08118067565788e-06
1.547125,0.78539809476866,1.08118067565788e-06
1.54725,0.785398094652577,1.08118067565788e-06
1.547375,0.78539809454068,1.08118067565788e-06
1.5475,0.785398094432994,1.08118067565788e-06
1.547625,0.785398094329542,1.08118067565788e-06
1.54775,0.785398094230348,1.08118067565788e-06
1.547875,0.785398094135432,1.08118067565788e-06
1.548,0.785398094044818,1.07186323925134e-06
1.548125,0.785398093958524,1.07186323925134e-06
1.54825,0.785398093876571,1.07186323925134e-06
1.548375,0.785398093798977,1.07186323925134e-06
1.5485,0.78539809372576,1.07186323925134e-06
1.548625,0.785398093656937,1.07186323925134e-06
1.54875,0.785398093592524,1.07186323925134e-06
1.548875,0.785398093532536,1.07186323925134e-06
1.549,0.785398093476986,1.05000445674098e-06
1.549125,0.785398093425889,1.05000445674098e-06
1.54925,0.785398093379256,1.05000445674098e-06
1.549375,0.785398093337098,1.05000445674098e-06
1.5495,0.785398093299426,1.05000445674098e-06
1.549625,0.785398093266249,1.05000445674098e-06
1.54975,0.785398093237575,1.05000445674098e-06
1.549875,0.785398093213411,1.05000445674098e-06
1.55,0.785398093193764,1.01613383383823e-06
1.550125,0.785398093178638,1.01613383383823e-06
1.55025,0.785398093168039,1.01613383383823e-06
1.550375,0.785398093161968,1.01613383383823e-06
1.5505,0.785398093160429,1.01613383383823e-06
1.550625,0.785398093163421,1.01613383383823e-06
1.55075,0.785398093170946,1.01613383383823e-06
1.550875,0.785398093183002,1.01613383383823e-06
1.551,0.785398093199586,1.21522073835564e-06
1.551125,0.785398093220695,1.21522073835564e-06
1.55125,0.785398093246326,1.21522073835564e-06
1.551375,0.785398093276475,1.21522073835564e-06
1.5515,0.785398093311136,1.21522073835564e-06
1.551625,0.785398093350302,1.21522073835564e-06
1.55175,0.785398093393968,1.21522073835564e-06
1.551875,0.785398093442125,1.21522073835564e-06
1.552,0.785398093494766,1.16256840016075e-06
1.552125,0.785398093551882,1.16256840016075e-06
1.55225,0.785398093613462,1.16256840016075e-06
1.552375,0.785398093679497,1.16256840016075e-06
1.5525,0.785398093749974,1.16256840016075e-06
1.552625,0.785398093824881,1.16256840016075e-06
1.55275,0.785398093904206,1.16256840016075e-06
1.552875,0.785398093987935,1.16256840016075e-06
1.553,0.785398094076054,1.10102049073433e-06
1.553125,0.785398094168546,1.10102049073433e-06
1.55325,0.785398094265396,1.10102049073433e-06
1.553375,0.785398094366586,1.10102049073433e-06
1.5535,0.7853980944721,1.10102049073433e-06
1.553625,0.785398094581919,1.10102049073433e-06
1.55375,0.785398094696022,1.10102049073433e-06
1.553875,0.78539809481439,1.10102049073433e-06
1.554,0.785398094937002,1.03149697040131e-06
1.554125,0.785398095063836,1.03149697040131e-06
1.55425,0.785398095194869,1.03149697040131e-06
1.554375,0.785398095330079,1.03149697040131e-06
1.5545,0.78539809546944,1.03149697040131e-06
1.554625,0.785398095612928,1.03149697040131e-06
1.55475,0.785398095760517,1.03149697040131e-06
1.554875,0.785398095912179,1.03149697040131e-06
1.555,0.785398096067889,9.55092678324461e-07
1.555125,0.785398096227617,9.55092678324461e-07
1.55525,0.785398096391334,9.55092678324461e-07
1.555375,0.785398096559011,9.55092678324461e-07
1.5555,0.785398096730616,9.55092678324461e-07
1.555625,0.785398096906119,9.55092678324461e-07
1.55575,0.785398097085487,9.55092678324461e-07
1.555875,0.785398097268686,9.55092678324461e-07
1.556,0.785398097455684,9.77121559775017e-07
1.556125,0.785398097646446,9.77121559775017e-07
1.55625,0.785398097840936,9.77121559775017e-07
1.556375,0.785398098039119,9.77121559775017e-07
1.5565,0.785398098240959,9.77121559775017e-07
1.556625,0.785398098446418,9.77121559775017e-07
1.55675,0.78539809865546,9.77121559775017e-07
1.556875,0.785398098868045,9.77121559775017e-07
1.557,0.785398099084136,8.91969328451746e-07
1.557125,0.785398099303693,8.91969328451746e-07
1.55725,0.785398099526676,8.91969328451746e-07
1.557375,0.785398099753045,8.91969328451746e-07
1.5575,0.785398099982759,8.91969328451746e-07
1.557625,0.785398100215776,8.91969328451746e-07
1.55775,0.785398100452055,8.91969328451746e-07
1.557875,0.785398100691552,8.91969328451746e-07
1.558,0.785398100934225,8.04053798310645e-07
1.558125,0.785398101180029,8.04053798310645e-07
1.55825,0.785398101428922,8.04053798310645e-07
1.558375,0.785398101680857,8.04053798310645e-07
1.5585,0.785398101935791,8.04053798310645e-07
1.558625,0.785398102193676,8.04053798310645e-07
1.55875,0.785398102454468,8.04053798310645e-07
1.558875,0.785398102718119,8.04053798310645e-07
1.559,0.785398102984583,7.14661267223975e-07
1.559125,0.785398103253812,7.14661267223975e-07
1.55925,0.785398103525758,7.14661267223975e-07
1.559375,0.785398103800372,7.14661267223975e-07
1.5595,0.785398104077607,7.14661267223975e-07
1.559625,0.785398104357412,7.14661267223975e-07
1.55975,0.785398104639739,7.14661267223975e-07
1.559875,0.785398104924536,7.14661267223975e-07
1.56,0.785398105211755,6.25094176965932e-07
1.560125,0.785398105501343,6.25094176965932e-07
1.56025,0.785398105793252,6.25094176965932e-07
1.560375,0.785398106087428,6.25094176965932e-07
1.5605,0.78539810638382,6.25094176965932e-07
1.560625,0.785398106682377,6.25094176965932e-07
1.56075,0.785398106983046,6.25094176965932e-07
1.560875,0.785398107285774,6.25094176965932e-07
1.561,0.785398107590508,4.64803100252032e-07
1.561125,0.785398107897196,4.64803100252032e-07
1.56125,0.785398108205785,4.64803100252032e-07
1.561375,0.785398108516219,4.64803100252032e-07
1.5615,0.785398108828446,4.64803100252032e-07
1.561625,0.78539810914241,4.64803100252032e-07
1.56175,0.785398109458057,4.64803100252032e-07
1.561875,0.785398109775332,4.64803100252032e-07
1.562,0.785398110094179,3.78042414275992e-07
1.562125,0.785398110414543,3.78042414275992e-07
1.56225,0.785398110736369,3.78042414275992e-07
1.562375,0.7853981110596,3.78042414275992e-07
1.5625,0.78539811138418,3.78042414275992e-07
1.562625,0.785398111710053,3.78042414275992e-07
1.56275,0.785398112037162,3.78042414275992e-07
1.562875,0.78539811236545,3.78042414275992e-07
1.563,0.785398112694862,2.94922058734688e-07
1.563125,0.785398113025339,2.94922058734688e-07
1.56325,0.785398113356826,2.94922058734688e-07
1.563375,0.785398113689264,2.94922058734688e-07
1.5635,0.785398114022597,2.94922058734688e-07
1.563625,0.785398114356768,2.94922058734688e-07
1.56375,0.785398114691719,2.94922058734688e-07
1.563875,0.785398115027393,2.94922058734688e-07
1.564,0.785398115363732,2.16705792671837e-07
1.564125,0.785398115700681,2.16705792671837e-07
1.56425,0.78539811603818,2.16705792671837e-07
1.564375,0.785398116376174,2.16705792671837e-07
1.5645,0.785398116714605,2.16705792671837e-07
1.564625,0.785398117053417,2.16705792671837e-07
1.56475,0.785398117392551,2.16705792671837e-07
1.564875,0.785398117731953,2.16705792671837e-07
1.565,0.785398118071564,1.44515467533978e-07
1.565125,0.785398118411329,1.44515467533978e-07
1.56525,0.785398118751192,1.44515467533978e-07
1.565375,0.785398119091096,1.44515467533978e-07
1.5655,0.785398119430985,1.44515467533978e-07
1.565625,0.785398119770804,1.44515467533978e-07
1.56575,0.785398120110498,1.44515467533978e-07
1.565875,0.785398120450011,1.44515467533978e-07
1.566,0.78539812078929,-1.49302040832068e-07
1.566125,0.785398121128278,-1.49302040832068e-07
1.56625,0.785398121466922,-1.49302040832068e-07
1.566375,0.785398121805166,-1.49302040832068e-07
1.5665,0.785398122142957,-1.49302040832068e-07
1.566625,0.785398122480239,-1.49302040832068e-07
1.56675,0.785398122816957,-1.49302040832068e-07
1.566875,0.785398123153058,-1.49302040832068e-07
1.567,0.785398123488486,-2.0908627104655e-07
1.567125,0.785398123823189,-2.0908627104655e-07
1.56725,0.78539812415711,-2.0908627104655e-07
1.567375,0.785398124490198,-2.0908627104655e-07
1.5675,0.785398124822397,-2.0908627104655e-07
1.567625,0.785398125153654,-2.0908627104655e-07
1.56775,0.785398125483916,-2.0908627104655e-07
1.567875,0.78539812581313,-2.0908627104655e-07
1.568,0.785398126141243,-2.60436957609391e-07
1.568125,0.785398126468202,-2.60436957609391e-07
1.56825,0.785398126793956,-2.60436957609391e-07
1.568375,0.785398127118452,-2.60436957609391e-07
1.5685,0.785398127441639,-2.60436957609391e-07
1.568625,0.785398127763466,-2.60436957609391e-07
1.56875,0.785398128083881,-2.60436957609391e-07
1.568875,0.785398128402835,-2.60436957609391e-07
1.569,0.785398128720278,-3.02463133454904e-07
1.569125,0.785398129036159,-3.02463133454904e-07
1.56925,0.785398129350431,-3.02463133454904e-07
1.569375,0.785398129663043,-3.02463133454904e-07
1.5695,0.785398129973949,-3.02463133454904e-07
1.569625,0.785398130283101,-3.02463133454904e-07
1.56975,0.785398130590451,-3.02463133454904e-07
1.569875,0.785398130895954,-3.02463133454904e-07
1.57,0.785398131199563,-3.3452688111972e-07
1.570125,0.785398131501233,-3.3452688111972e-07
1.57025,0.785398131800919,-3.3452688111972e-07
1.570375,0.785398132098578,-3.3452688111972e-07
1.5705,0.785398132394166,-3.3452688111972e-07
1.570625,0.785398132687641,-3.3452688111972e-07
1.57075,0.785398132978959,-3.3452688111972e-07
1.570875,0.785398133268081,-3.3452688111972e-07
1.571,0.785398133554965,-6.7778662472372e-07
1.571125,0.785398133839572,-6.7778662472372e-07
1.57125,0.785398134121861,-6.7778662472372e-07
1.571375,0.785398134401794,-6.7778662472372e-07
1.5715,0.78539813467933,-6.7778662472372e-07
1.571625,0.785398134954431,-6.7778662472372e-07
1.57175,0.785398135227058,-6.7778662472372e-07
1.571875,0.785398135497173,-6.7778662472372e-07
1.572,0.785398135764739,-6.92413851874183e-07
1.572125,0.785398136029718,-6.92413851874183e-07
1.57225,0.785398136292072,-6.92413851874183e-07
1.572375,0.785398136551767,-6.92413851874183e-07
1.5725,0.785398136808765,-6.92413851874183e-07
1.572625,0.785398137063032,-6.92413851874183e-07
1.57275,0.785398137314532,-6.92413851874183e-07
1.572875,0.785398137563231,-6.92413851874183e-07
1.573,0.785398137809095,-6.96680029445852e-07
1.573125,0.785398138052091,-6.96680029445852e-07
1.57325,0.785398138292187,-6.96680029445852e-07
1.573375,0.785398138529349,-6.96680029445852e-07
1.5735,0.785398138763547,-6.96680029445852e-07
1.573625,0.78539813899475,-6.96680029445852e-07
1.57375,0.785398139222927,-6.96680029445852e-07
1.573875,0.78539813944805,-6.96680029445852e-07
1.574,0.785398139670089,-6.90280129888945e-07
1.574125,0.785398139889016,-6.90280129888945e-07
1.57425,0.785398140104804,-6.90280129888945e-07
1.574375,0.785398140317426,-6.90280129888945e-07
1.5745,0.785398140526857,-6.90280129888945e-07
1.574625,0.785398140733071,-6.90280129888945e-07
1.57475,0.785398140936043,-6.90280129888945e-07
1.574875,0.785398141135751,-6.90280129888945e-07
1.575,0.785398141332172,-6.73197724591997e-07
1.575125,0.785398141525283,-6.73197724591997e-07
1.57525,0.785398141715064,-6.73197724591997e-07
1.575375,0.785398141901494,-6.73197724591997e-07
1.5755,0.785398142084554,-6.73197724591997e-07
1.575625,0.785398142264227,-6.73197724591997e-07
1.57575,0.785398142440493,-6.73197724591997e-07
1.575875,0.785398142613337,-6.73197724591997e-07
1.576,0.785398142782743,-9.73952076445935e-07
1.576125,0.785398142948696,-9.73952076445935e-07
1.57625,0.785398143111181,-9.73952076445935e-07
1.576375,0.785398143270185,-9.73952076445935e-07
1.5765,0.785398143425693,-9.73952076445935e-07
1.576625,0.785398143577692,-9.73952076445935e-07
1.57675,0.78539814372617,-9.73952076445935e-07
1.576875,0.785398143871115,-9.73952076445935e-07
1.577,0.785398144012515,-9.4003941458939e-07
1.577125,0.785398144150359,-9.4003941458939e-07
1.57725,0.785398144284637,-9.4003941458939e-07
1.577375,0.785398144415338,-9.4003941458939e-07
1.5775,0.785398144542454,-9.4003941458939e-07
1.577625,0.785398144665977,-9.4003941458939e-07
1.57775,0.785398144785898,-9.4003941458939e-07
1.577875,0.785398144902209,-9.4003941458939e-07
1.578,0.785398145014905,-8.97021094390048e-07
1.578125,0.785398145123979,-8.97021094390048e-07
1.57825,0.785398145229426,-8.97021094390048e-07
1.578375,0.785398145331241,-8.97021094390048e-07
1.5785,0.78539814542942,-8.97021094390048e-07
1.578625,0.785398145523961,-8.97021094390048e-07
1.57875,0.78539814561486,-8.97021094390048e-07
1.578875,0.785398145702116,-8.97021094390048e-07
1.579,0.785398145785727,-8.45203713667335e-07
1.579125,0.785398145865693,-8.45203713667335e-07
1.57925,0.785398145942016,-8.45203713667335e-07
1.579375,0.785398146014694,-8.45203713667335e-07
1.5795,0.785398146083732,-8.45203713667335e-07
1.579625,0.785398146149131,-8.45203713667335e-07
1.57975,0.785398146210896,-8.45203713667335e-07
1.579875,0.785398146269029,-8.45203713667335e-07
1.58,0.785398146323537,-7.85138136021674e-07
1.580125,0.785398146374425,-7.85138136021674e-07
1.58025,0.785398146421701,-7.85138136021674e-07
1.580375,0.78539814646537,-7.85138136021674e-07
1.5805,0.785398146505443,-7.85138136021674e-07
1.580625,0.785398146541928,-7.85138136021674e-07
1.58075,0.785398146574834,-7.85138136021674e-07
1.580875,0.785398146604174,-7.85138136021674e-07
1.581,0.785398146629959,-9.70969559658775e-07
1.581125,0.785398146652201,-9.70969559658775e-07
1.58125,0.785398146670913,-9.70969559658775e-07
1.581375,0.785398146686109,-9.70969559658775e-07
1.5815,0.785398146697801,-9.70969559658775e-07
1.581625,0.785398146706005,-9.70969559658775e-07
1.58175,0.785398146710735,-9.70969559658775e-07
1.581875,0.785398146712007,-9.70969559658775e-07
1.582,0.785398146709836,-8.99657549979056e-07
1.582125,0.785398146704239,-8.99657549979056e-07
1.58225,0.785398146695232,-8.99657549979056e-07
1.582375,0.785398146682834,-8.99657549979056e-07
1.5825,0.785398146667061,-8.99657549979056e-07
1.582625,0.785398146647933,-8.99657549979056e-07
1.58275,0.785398146625469,-8.99657549979056e-07
1.582875,0.785398146599688,-8.99657549979056e-07
1.583,0.78539814657061,-8.23044348058128e-07
1.583125,0.785398146538257,-8.23044348058128e-07
1.58325,0.785398146502648,-8.23044348058128e-07
1.583375,0.785398146463807,-8.23044348058128e-07
1.5835,0.785398146421755,-8.23044348058128e-07
1.583625,0.785398146376516,-8.23044348058128e-07
1.58375,0.785398146328112,-8.23044348058128e-07
1.583875,0.785398146276569,-8.23044348058128e-07
1.584,0.78539814622191,-7.41894738313185e-07
1.584125,0.78539814616416,-7.41894738313185e-07
1.58425,0.785398146103346,-7.41894738313185e-07
1.584375,0.785398146039494,-7.41894738313185e-07
1.5845,0.78539814597263,-7.41894738313185e-07
1.584625,0.785398145902782,-7.41894738313185e-07
1.58475,0.785398145829979,-7.41894738313185e-07
1.584875,0.785398145754248,-7.41894738313185e-07
1.585,0.785398145675618,-6.57112835392646e-07
1.585125,0.78539814559412,-6.57112835392646e-07
1.58525,0.785398145509783,-6.57112835392646e-07
1.585375,0.785398145422638,-6.57112835392646e-07
1.5855,0.785398145332717,-6.57112835392646e-07
1.585625,0.785398145240052,-6.57112835392646e-07
1.58575,0.785398145144675,-6.57112835392646e-07
1.585875,0.785398145046618,-6.57112835392646e-07
1.586,0.785398144945916,-6.94541860134298e-07
1.586125,0.785398144842602,-6.94541860134298e-07
1.58625,0.785398144736711,-6.94541860134298e-07
1.586375,0.785398144628278,-6.94541860134298e-07
1.5865,0.785398144517336,-6.94541860134298e-07
1.586625,0.785398144403923,-6.94541860134298e-07
1.58675,0.785398144288072,-6.94541860134298e-07
1.586875,0.785398144169821,-6.94541860134298e-07
1.587,0.785398144049206,-6.0702637232254e-07
1.587125,0.785398143926263,-6.0702637232254e-07
1.58725,0.785398143801029,-6.0702637232254e-07
1.587375,0.785398143673541,-6.0702637232254e-07
1.5875,0.785398143543838,-6.0702637232254e-07
1.587625,0.785398143411957,-6.0702637232254e-07
1.58775,0.785398143277936,-6.0702637232254e-07
1.587875,0.785398143141815,-6.0702637232254e-07
1.588,0.785398143003631,-5.19242736427444e-07
1.588125,0.785398142863424,-5.19242736427444e-07
1.58825,0.785398142721233,-5.19242736427444e-07
1.588375,0.785398142577098,-5.19242736427444e-07
1.5885,0.785398142431059,-5.19242736427444e-07
1.588625,0.785398142283156,-5.19242736427444e-07
1.58875,0.78539814213343,-5.19242736427444e-07
1.588875,0.785398141981921,-5.19242736427444e-07
1.589,0.78539814182867,-4.32141005504685e-07
1.589125,0.785398141673719,-4.32141005504685e-07
1.58925,0.785398141517109,-4.32141005504685e-07
1.589375,0.785398141358881,-4.32141005504685e-07
1.5895,0.785398141199078,-4.32141005504685e-07
1.589625,0.785398141037741,-4.32141005504685e-07
1.58975,0.785398140874913,-4.32141005504685e-07
1.589875,0.785398140710637,-4.32141005504685e-07
1.59,0.785398140544954,-3.46680295068982e-07
1.590125,0.785398140377909,-3.46680295068982e-07
1.59025,0.785398140209542,-3.46680295068982e-07
1.590375,0.785398140039899,-3.46680295068982e-07
1.5905,0.785398139869022,-3.46680295068982e-07
1.590625,0.785398139696955,-3.46680295068982e-07
1.59075,0.785398139523741,-3.46680295068982e-07
1.590875,0.785398139349424,-3.46680295068982e-07
1.591,0.785398139174048,-2.47626362423651e-07
1.591125,0.785398138997657,-2.47626362423651e-07
1.59125,0.785398138820294,-2.47626362423651e-07
1.591375,0.785398138642004,-2.47626362423651e-07
1.5915,0.785398138462831,-2.47626362423651e-07
1.591625,0.78539813828282,-2.47626362423651e-07
1.59175,0.785398138102015,-2.47626362423651e-07
1.591875,0.785398137920461,-2.47626362423651e-07
1.592,0.785398137738201,-1.68148137318226e-07
1.592125,0.785398137555281,-1.68148137318226e-07
1.59225,0.785398137371746,-1.68148137318226e-07
1.592375,0.785398137187639,-1.68148137318226e-07
1.5925,0.785398137003006,-1.68148137318226e-07
1.592625,0.785398136817891,-1.68148137318226e-07
1.59275,0.78539813663234,-1.68148137318226e-07
1.592875,0.785398136446396,-1.68148137318226e-07
1.593,0.785398136260105,-9.30976404794791e-08
1.593125,0.785398136073511,-9.30976404794791e-08
1.59325,0.785398135886658,-9.30976404794791e-08
1.593375,0.785398135699591,-9.30976404794791e-08
1.5935,0.785398135512355,-9.30976404794791e-08
1.593625,0.785398135324994,-9.30976404794791e-08
1.59375,0.785398135137552,-9.30976404794791e-08
1.593875,0.785398134950074,-9.30976404794791e-08
1.594,0.785398134762603,-2.33071056209785e-08
1.594125,0.785398134575183,-2.33071056209785e-08
1.59425,0.785398134387858,-2.33071056209785e-08
1.594375,0.785398134200672,-2.33071056209785e-08
1.5945,0.785398134013668,-2.33071056209785e-08
1.594625,0.785398133826889,-2.33071056209785e-08
1.59475,0.78539813364038,-2.33071056209785e-08
1.594875,0.785398133454181,-2.33071056209785e-08
1.595,0.785398133268337,4.04981076723809e-08
1.595125,0.78539813308289,4.04981076723809e-08
1.59525,0.785398132897881,4.04981076723809e-08
1.595375,0.785398132713353,4.04981076723809e-08
1.5955,0.785398132529348,4.04981076723809e-08
1.595625,0.785398132345906,4.04981076723809e-08
1.59575,0.78539813216307,4.04981076723809e-08
1.595875,0.785398131980881,4.04981076723809e-08
1.596,0.785398131799378,2.25985700626979e-07
1.596125,0.785398131618602,2.25985700626979e-07
1.59625,0.785398131438593,2.25985700626979e-07
1.596375,0.785398131259392,2.25985700626979e-07
1.5965,0.785398131081038,2.25985700626979e-07
1.596625,0.785398130903571,2.25985700626979e-07
1.59675,0.785398130727032,2.25985700626979e-07
1.596875,0.785398130551458,2.25985700626979e-07
1.597,0.78539813037689,2.77443508851606e-07
1.597125,0.785398130203367,2.77443508851606e-07
1.59725,0.785398130030926,2.77443508851606e-07
1.597375,0.785398129859607,2.77443508851606e-07
1.5975,0.785398129689447,2.77443508851606e-07
1.597625,0.785398129520485,2.77443508851606e-07
1.59775,0.785398129352759,2.77443508851606e-07
1.597875,0.785398129186305,2.77443508851606e-07
1.598,0.785398129021161,3.21450504998974e-07
1.598125,0.785398128857363,3.21450504998974e-07
1.59825,0.785398128694948,3.21450504998974e-07
1.598375,0.785398128533951,3.21450504998974e-07
1.5985,0.785398128374408,3.21450504998974e-07
1.598625,0.785398128216355,3.21450504998974e-07
1.59875,0.785398128059827,3.21450504998974e-07
1.598875,0.785398127904857,3.21450504998974e-07
1.599,0.78539812775148,3.57535000337804e-07
1.599125,0.78539812759973,3.57535000337804e-07
1.59925,0.785398127449639,3.57535000337804e-07
1.599375,0.785398127301241,3.57535000337804e-07
1.5995,0.785398127154568,3.57535000337804e-07
1.599625,0.785398127009652,3.57535000337804e-07
1.59975,0.785398126866523,3.57535000337804e-07
1.599875,0.785398126725213,3.57535000337804e-07
1.6,0.785398126585753,3.85401618590091e-07
1.600125,0.785398126448172,3.85401618590091e-07
1.60025,0.785398126312499,3.85401618590091e-07
1.600375,0.785398126178762,3.85401618590091e-07
1.6005,0.785398126046992,3.85401618590091e-07
1.600625,0.785398125917214,3.85401618590091e-07
1.60075,0.785398125789457,3.85401618590091e-07
1.600875,0.785398125663746,3.85401618590091e-07
1.601,0.785398125540107,5.86872643831303e-07
1.601125,0.785398125418567,5.86872643831303e-07
1.60125,0.78539812529915,5.86872643831303e-07
1.601375,0.78539812518188,5.86872643831303e-07
1.6015,0.785398125066783,5.86872643831303e-07
1.601625,0.785398124953883,5.86872643831303e-07
1.60175,0.785398124843202,5.86872643831303e-07
1.601875,0.785398124734765,5.86872643831303e-07
1.602,0.785398124628595,6.00033763173684e-07
1.602125,0.785398124524713,6.00033763173684e-07
1.60225,0.785398124423143,6.00033763173684e-07
1.602375,0.785398124323905,6.00033763173684e-07
1.6025,0.78539812422702,6.00033763173684e-07
1.602625,0.78539812413251,6.00033763173684e-07
1.60275,0.785398124040395,6.00033763173684e-07
1.602875,0.785398123950694,6.00033763173684e-07
1.603,0.785398123863426,6.05130861581705e-07
1.603125,0.785398123778611,6.05130861581705e-07
1.60325,0.785398123696266,6.05130861581705e-07
1.603375,0.78539812361641,6.05130861581705e-07
1.6035,0.785398123539059,6.05130861581705e-07
1.603625,0.785398123464231,6.05130861581705e-07
1.60375,0.785398123391941,6.05130861581705e-07
1.603875,0.785398123322205,6.05130861581705e-07
1.604,0.785398123255037,6.02169799836662e-07
1.604125,0.785398123190454,6.02169799836662e-07
1.60425,0.785398123128467,6.02169799836662e-07
1.604375,0.785398123069091,6.02169799836662e-07
1.6045,0.785398123012338,6.02169799836662e-07
1.604625,0.785398122958221,6.02169799836662e-07
1.60475,0.785398122906751,6.02169799836662e-07
1.604875,0.785398122857938,6.02169799836662e-07
1.605,0.785398122811793,5.91339726258822e-07
1.605125,0.785398122768326,5.91339726258822e-07
1.60525,0.785398122727545,5.91339726258822e-07
1.605375,0.78539812268946,5.91339726258822e-07
1.6055,0.785398122654077,5.91339726258822e-07
1.605625,0.785398122621403,5.91339726258822e-07
1.60575,0.785398122591446,5.91339726258822e-07
1.605875,0.785398122564211,5.91339726258822e-07
1.606,0.785398122539702,7.4010010242715e-07
1.606125,0.785398122517924,7.4010010242715e-07
1.60625,0.785398122498882,7.4010010242715e-07
1.606375,0.785398122482579,7.4010010242715e-07
1.6065,0.785398122469018,7.4010010242715e-07
1.606625,0.785398122458202,7.4010010242715e-07
1.60675,0.785398122450133,7.4010010242715e-07
1.606875,0.785398122444814,7.4010010242715e-07
1.607,0.785398122442244,7.16565345608837e-07
1.607125,0.785398122442426,7.16565345608837e-07
1.60725,0.78539812244536,7.16565345608837e-07
1.607375,0.785398122451045,7.16565345608837e-07
1.6075,0.785398122459482,7.16565345608837e-07
1.607625,0.785398122470668,7.16565345608837e-07
1.60775,0.785398122484603,7.16565345608837e-07
1.607875,0.785398122501284,7.16565345608837e-07
1.608,0.785398122520708,6.86738273460711e-07
1.608125,0.785398122542873,6.86738273460711e-07
1.60825,0.785398122567775,6.86738273460711e-07
1.608375,0.78539812259541,6.86738273460711e-07
1.6085,0.785398122625773,6.86738273460711e-07
1.608625,0.785398122658859,6.86738273460711e-07
1.60875,0.785398122694661,6.86738273460711e-07
1.608875,0.785398122733175,6.86738273460711e-07
1.609,0.785398122774393,6.51070241349096e-07
1.609125,0.785398122818308,6.51070241349096e-07
1.60925,0.785398122864912,6.51070241349096e-07
1.609375,0.785398122914196,6.51070241349096e-07
1.6095,0.785398122966153,6.51070241349096e-07
1.609625,0.785398123020771,6.51070241349096e-07
1.60975,0.785398123078041,6.51070241349096e-07
1.609875,0.785398123137953,6.51070241349096e-07
1.61,0.785398123200496,6.1014391401768e-07
1.610125,0.785398123265657,6.1014391401768e-07
1.61025,0.785398123333425,6.1014391401768e-07
1.610375,0.785398123403786,6.1014391401768e-07
1.6105,0.785398123476729,6.1014391401768e-07
1.610625,0.785398123552238,6.1014391401768e-07
1.61075,0.785398123630299,6.1014391401768e-07
1.610875,0.785398123710898,6.1014391401768e-07
1.611,0.785398123794019,6.59033296937773e-07
1.611125,0.785398123879645,6.59033296937773e-07
1.61125,0.785398123967762,6.59033296937773e-07
1.611375,0.785398124058351,6.59033296937773e-07
1.6115,0.785398124151395,6.59033296937773e-07
1.611625,0.785398124246878,6.59033296937773e-07
1.61175,0.785398124344782,6.59033296937773e-07
1.611875,0.785398124445086,6.59033296937773e-07
1.612,0.785398124547775,6.10818327473136e-07
1.612125,0.785398124652827,6.10818327473136e-07
1.61225,0.785398124760224,6.10818327473136e-07
1.612375,0.785398124869945,6.10818327473136e-07
1.6125,0.78539812498197,6.10818327473136e-07
1.612625,0.785398125096279,6.10818327473136e-07
1.61275,0.785398125212851,6.10818327473136e-07
1.612875,0.785398125331663,6.10818327473136e-07
1.613,0.785398125452694,5.59752242066607e-07
1.613125,0.785398125575922,5.59752242066607e-07
1.61325,0.785398125701325,5.59752242066607e-07
1.613375,0.785398125828878,5.59752242066607e-07
1.6135,0.78539812595856,5.59752242066607e-07
1.613625,0.785398126090345,5.59752242066607e-07
1.61375,0.78539812622421,5.59752242066607e-07
1.613875,0.785398126360132,5.59752242066607e-07
1.614,0.785398126498083,5.06572696104486e-07
1.614125,0.785398126638041,5.06572696104486e-07
1.61425,0.785398126779979,5.06572696104486e-07
1.614375,0.785398126923872,5.06572696104486e-07
1.6145,0.785398127069692,5.06572696104486e-07
1.614625,0.785398127217415,5.06572696104486e-07
1.61475,0.785398127367012,5.06572696104486e-07
1.614875,0.785398127518458,5.06572696104486e-07
1.615,0.785398127671723,4.52058042779152e-07
1.615125,0.785398127826782,4.52058042779152e-07
1.61525,0.785398127983605,4.52058042779152e-07
1.615375,0.785398128142165,4.52058042779152e-07
1.6155,0.785398128302432,4.52058042779152e-07
1.615625,0.785398128464379,4.52058042779152e-07
1.61575,0.785398128627975,4.52058042779152e-07
1.615875,0.785398128793191,4.52058042779152e-07
1.616,0.785398128959997,3.87305577174079e-07
1.616125,0.785398129128364,3.87305577174079e-07
1.61625,0.785398129298262,3.87305577174079e-07
1.616375,0.785398129469659,3.87305577174079e-07
1.6165,0.785398129642525,3.87305577174079e-07
1.616625,0.785398129816829,3.87305577174079e-07
1.61675,0.78539812999254,3.87305577174079e-07
1.616875,0.785398130169627,3.87305577174079e-07
1.617,0.785398130348057,3.32477552051571e-07
1.617125,0.785398130527798,3.32477552051571e-07
1.61725,0.785398130708819,3.32477552051571e-07
1.617375,0.785398130891088,3.32477552051571e-07
1.6175,0.785398131074572,3.32477552051571e-07
1.617625,0.785398131259237,3.32477552051571e-07
1.61775,0.785398131445052,3.32477552051571e-07
1.617875,0.785398131631983,3.32477552051571e-07
1.618,0.785398131819998,2.78769273628789e-07
1.618125,0.785398132009062,2.78769273628789e-07
1.61825,0.785398132199143,2.78769273628789e-07
1.618375,0.785398132390206,2.78769273628789e-07
1.6185,0.785398132582219,2.78769273628789e-07
1.618625,0.785398132775147,2.78769273628789e-07
1.61875,0.785398132968957,2.78769273628789e-07
1.618875,0.785398133163614,2.78769273628789e-07
1.619,0.785398133359084,2.26975345819381e-07
1.619125,0.785398133555333,2.26975345819381e-07
1.61925,0.785398133752328,2.26975345819381e-07
1.619375,0.785398133950034,2.26975345819381e-07
1.6195,0.785398134148415,2.26975345819381e-07
1.619625,0.785398134347439,2.26975345819381e-07
1.61975,0.785398134547071,2.26975345819381e-07
1.619875,0.785398134747276,2.26975345819381e-07
1.62,0.78539813494802,1.77831637997423e-07
1.620125,0.785398135149268,1.77831637997423e-07
1.62025,0.785398135350987,1.77831637997423e-07
1.620375,0.785398135553141,1.77831637997423e-07
1.6205,0.785398135755698,1.77831637997423e-07
1.620625,0.785398135958621,1.77831637997423e-07
1.62075,0.785398136161878,1.77831637997423e-07
1.620875,0.785398136365433,1.77831637997423e-07
1.621,0.785398136569253,2.02161474257212e-08
1.621125,0.785398136773305,2.02161474257212e-08
1.62125,0.785398136977553,2.02161474257212e-08
1.621375,0.785398137181963,2.02161474257212e-08
1.6215,0.785398137386502,2.02161474257212e-08
1.621625,0.785398137591135,2.02161474257212e-08
1.62175,0.785398137795828,2.02161474257212e-08
1.621875,0.785398138000545,2.02161474257212e-08
1.622,0.785398138205254,-2.28587472125569e-08
1.622125,0.78539813840992,-2.28587472125569e-08
1.62225,0.785398138614508,-2.28587472125569e-08
1.622375,0.785398138818985,-2.28587472125569e-08
1.6225,0.785398139023315,-2.28587472125569e-08
1.622625,0.785398139227465,-2.28587472125569e-08
1.62275,0.785398139431401,-2.28587472125569e-08
1.622875,0.785398139635089,-2.28587472125569e-08
1.623,0.785398139838495,-6.15107923866647e-08
1.623125,0.785398140041586,-6.15107923866647e-08
1.62325,0.785398140244326,-6.15107923866647e-08
1.623375,0.785398140446684,-6.15107923866647e-08
1.6235,0.785398140648626,-6.15107923866647e-08
1.623625,0.785398140850118,-6.15107923866647e-08
1.62375,0.785398141051127,-6.15107923866647e-08
1.623875,0.785398141251621,-6.15107923866647e-08
1.624,0.785398141451566,-9.51153944273307e-08
1.624125,0.785398141650931,-9.51153944273307e-08
1.62425,0.785398141849683,-9.51153944273307e-08
1.624375,0.785398142047789,-9.51153944273307e-08
1.6245,0.785398142245219,-9.51153944273307e-08
1.624625,0.785398142441941,-9.51153944273307e-08
1.62475,0.785398142637922,-9.51153944273307e-08
1.624875,0.785398142833133,-9.51153944273307e-08
1.625,0.785398143027542,-1.23185106156701e-07
1.625125,0.785398143221119,-1.23185106156701e-07
1.62525,0.785398143413834,-1.23185106156701e-07
1.625375,0.785398143605657,-1.23185106156701e-07
1.6255,0.785398143796559,-1.23185106156701e-07
1.625625,0.78539814398651,-1.23185106156701e-07
1.62575,0.785398144175481,-1.23185106156701e-07
1.625875,0.785398144363444,-1.23185106156701e-07
1.626,0.785398144550371,-3.27304609354791e-07
1.626125,0.785398144736234,-3.27304609354791e-07
1.62625,0.785398144921005,-3.27304609354791e-07
1.626375,0.785398145104658,-3.27304609354791e-07
1.6265,0.785398145287163,-3.27304609354791e-07
1.626625,0.785398145468495,-3.27304609354791e-07
1.62675,0.785398145648625,-3.27304609354791e-07
1.626875,0.785398145827527,-3.27304609354791e-07
1.627,0.785398146005174,-3.45315017092556e-07
1.627125,0.78539814618154,-3.45315017092556e-07
1.62725,0.785398146356598,-3.45315017092556e-07
1.627375,0.785398146530322,-3.45315017092556e-07
1.6275,0.785398146702687,-3.45315017092556e-07
1.627625,0.785398146873666,-3.45315017092556e-07
1.62775,0.785398147043235,-3.45315017092556e-07
1.627875,0.785398147211368,-3.45315017092556e-07
1.628,0.785398147378042,-3.57169664022332e-07
1.628125,0.78539814754323,-3.57169664022332e-07
1.62825,0.78539814770691,-3.57169664022332e-07
1.628375,0.785398147869058,-3.57169664022332e-07
1.6285,0.78539814802965,-3.57169664022332e-07
1.628625,0.785398148188663,-3.57169664022332e-07
1.62875,0.785398148346074,-3.57169664022332e-07
1.628875,0.785398148501861,-3.57169664022332e-07
1.629,0.785398148656003,-3.62572811868235e-07
1.629125,0.785398148808477,-3.62572811868235e-07
1.62925,0.785398148959262,-3.62572811868235e-07
1.629375,0.785398149108338,-3.62572811868235e-07
1.6295,0.785398149255685,-3.62572811868235e-07
1.629625,0.785398149401282,-3.62572811868235e-07
1.62975,0.78539814954511,-3.62572811868235e-07
1.629875,0.785398149687151,-3.62572811868235e-07
1.63,0.785398149827385,-3.61402051274023e-07
1.630125,0.785398149965794,-3.61402051274023e-07
1.63025,0.785398150102362,-3.61402051274023e-07
1.630375,0.785398150237071,-3.61402051274023e-07
1.6305,0.785398150369904,-3.61402051274023e-07
1.630625,0.785398150500846,-3.61402051274023e-07
1.63075,0.785398150629881,-3.61402051274023e-07
1.630875,0.785398150756994,-3.61402051274023e-07
1.631,0.785398150882171,-5.55725673536829e-07
1.631125,0.785398151005397,-5.55725673536829e-07
1.63125,0.78539815112666,-5.55725673536829e-07
1.631375,0.785398151245944,-5.55725673536829e-07
1.6315,0.785398151363238,-5.55725673536829e-07
1.631625,0.785398151478529,-5.55725673536829e-07
1.63175,0.785398151591802,-5.55725673536829e-07
1.631875,0.785398151703047,-5.55725673536829e-07
1.632,0.785398151812251,-5.43849271246397e-07
1.632125,0.785398151919402,-5.43849271246397e-07
1.63225,0.785398152024489,-5.43849271246397e-07
1.632375,0.785398152127501,-5.43849271246397e-07
1.6325,0.785398152228428,-5.43849271246397e-07
1.632625,0.785398152327258,-5.43849271246397e-07
1.63275,0.785398152423983,-5.43849271246397e-07
1.632875,0.785398152518593,-5.43849271246397e-07
1.633,0.785398152611078,-5.26024692391667e-07
1.633125,0.785398152701429,-5.26024692391667e-07
1.63325,0.785398152789639,-5.26024692391667e-07
1.633375,0.7853981528757,-5.26024692391667e-07
1.6335,0.785398152959604,-5.26024692391667e-07
1.633625,0.785398153041343,-5.26024692391667e-07
1.63375,0.785398153120912,-5.26024692391667e-07
1.633875,0.785398153198304,-5.26024692391667e-07
1.634,0.785398153273513,-5.02335388758578e-07
1.634125,0.785398153346534,-5.02335388758578e-07
1.63425,0.785398153417363,-5.02335388758578e-07
1.634375,0.785398153485995,-5.02335388758578e-07
1.6345,0.785398153552425,-5.02335388758578e-07
1.634625,0.785398153616651,-5.02335388758578e-07
1.63475,0.785398153678671,-5.02335388758578e-07
1.634875,0.78539815373848,-5.02335388758578e-07
1.635,0.785398153796078,-4.73024947989215e-07
1.635125,0.785398153851464,-4.73024947989215e-07
1.63525,0.785398153904635,-4.73024947989215e-07
1.635375,0.785398153955593,-4.73024947989215e-07
1.6355,0.785398154004337,-4.73024947989215e-07
1.635625,0.785398154050867,-4.73024947989215e-07
1.63575,0.785398154095186,-4.73024947989215e-07
1.635875,0.785398154137295,-4.73024947989215e-07
1.636,0.785398154177196,-6.08516849427589e-07
1.636125,0.785398154214892,-6.08516849427589e-07
1.63625,0.785398154250387,-6.08516849427589e-07
1.636375,0.785398154283683,-6.08516849427589e-07
1.6365,0.785398154314784,-6.08516849427589e-07
1.636625,0.785398154343694,-6.08516849427589e-07
1.63675,0.785398154370417,-6.08516849427589e-07
1.636875,0.785398154394959,-6.08516849427589e-07
1.637,0.785398154417323,-5.71099759869074e-07
1.637125,0.785398154437516,-5.71099759869074e-07
1.63725,0.785398154455542,-5.71099759869074e-07
1.637375,0.785398154471408,-5.71099759869074e-07
1.6375,0.785398154485121,-5.71099759869074e-07
1.637625,0.785398154496686,-5.71099759869074e-07
1.63775,0.785398154506111,-5.71099759869074e-07
1.637875,0.785398154513403,-5.71099759869074e-07
1.638,0.78539815451857,-5.29658138010773e-07
1.638125,0.78539815452162,-5.29658138010773e-07
1.63825,0.785398154522562,-5.29658138010773e-07
1.638375,0.785398154521404,-5.29658138010773e-07
1.6385,0.785398154518156,-5.29658138010773e-07
1.638625,0.785398154512828,-5.29658138010773e-07
1.63875,0.785398154505428,-5.29658138010773e-07
1.638875,0.785398154495969,-5.29658138010773e-07
1.639,0.78539815448446,-4.84590977271141e-07
1.639125,0.785398154470912,-4.84590977271141e-07
1.63925,0.785398154455338,-4.84590977271141e-07
1.639375,0.785398154437749,-4.84590977271141e-07
1.6395,0.785398154418157,-4.84590977271141e-07
1.639625,0.785398154396575,-4.84590977271141e-07
1.63975,0.785398154373017,-4.84590977271141e-07
1.639875,0.785398154347495,-4.84590977271141e-07
1.64,0.785398154320024,-4.36402643978935e-07
1.640125,0.785398154290617,-4.36402643978935e-07
1.64025,0.785398154259291,-4.36402643978935e-07
1.640375,0.785398154226058,-4.36402643978935e-07
1.6405,0.785398154190936,-4.36402643978935e-07
1.640625,0.78539815415394,-4.36402643978935e-07
1.64075,0.785398154115087,-4.36402643978935e-07
1.640875,0.785398154074392,-4.36402643978935e-07
1.641,0.785398154031873,-4.8493313379536e-07
1.641125,0.785398153987547,-4.8493313379536e-07
1.64125,0.785398153941433,-4.8493313379536e-07
1.641375,0.785398153893547,-4.8493313379536e-07
1.6415,0.785398153843908,-4.8493313379536e-07
1.641625,0.785398153792534,-4.8493313379536e-07
1.64175,0.785398153739444,-4.8493313379536e-07
1.641875,0.785398153684657,-4.8493313379536e-07
1.642,0.785398153628191,-4.33449804429542e-07
1.642125,0.785398153570066,-4.33449804429542e-07
1.64225,0.785398153510302,-4.33449804429542e-07
1.642375,0.785398153448918,-4.33449804429542e-07
1.6425,0.785398153385935,-4.33449804429542e-07
1.642625,0.785398153321372,-4.33449804429542e-07
1.64275,0.78539815325525,-4.33449804429542e-07
1.642875,0.78539815318759,-4.33449804429542e-07
1.643,0.785398153118413,-3.80877863233824e-07
1.643125,0.78539815304774,-3.80877863233824e-07
1.64325,0.785398152975593,-3.80877863233824e-07
1.643375,0.785398152901993,-3.80877863233824e-07
1.6435,0.785398152826961,-3.80877863233824e-07
1.643625,0.785398152750521,-3.80877863233824e-07
1.64375,0.785398152672695,-3.80877863233824e-07
1.643875,0.785398152593504,-3.80877863233824e-07
1.644,0.785398152512972,-3.27782299423522e-07
1.644125,0.785398152431122,-3.27782299423522e-07
1.64425,0.785398152347976,-3.27782299423522e-07
1.644375,0.785398152263559,-3.27782299423522e-07
1.6445,0.785398152177893,-3.27782299423522e-07
1.644625,0.785398152091003,-3.27782299423522e-07
1.64475,0.785398152002912,-3.27782299423522e-07
1.644875,0.785398151913644,-3.27782299423522e-07
1.645,0.785398151823225,-2.7475637059104e-07
1.645125,0.785398151731678,-2.7475637059104e-07
1.64525,0.785398151639027,-2.7475637059104e-07
1.645375,0.785398151545299,-2.7475637059104e-07
1.6455,0.785398151450517,-2.7475637059104e-07
1.645625,0.785398151354707,-2.7475637059104e-07
1.64575,0.785398151257895,-2.7475637059104e-07
1.645875,0.785398151160105,-2.7475637059104e-07
1.646,0.785398151061364,-2.35520722140887e-07
1.646125,0.785398150961696,-2.35520722140887e-07
1.64625,0.785398150861129,-2.35520722140887e-07
1.646375,0.785398150759687,-2.35520722140887e-07
1.6465,0.785398150657398,-2.35520722140887e-07
1.646625,0.785398150554286,-2.35520722140887e-07
1.64675,0.78539815045038,-2.35520722140887e-07
1.646875,0.785398150345704,-2.35520722140887e-07
1.647,0.785398150240285,-1.84636298189887e-07
1.647125,0.785398150134151,-1.84636298189887e-07
1.64725,0.785398150027327,-1.84636298189887e-07
1.647375,0.78539814991984,-1.84636298189887e-07
1.6475,0.785398149811717,-1.84636298189887e-07
1.647625,0.785398149702985,-1.84636298189887e-07
1.64775,0.785398149593671,-1.84636298189887e-07
1.647875,0.785398149483801,-1.84636298189887e-07
1.648,0.785398149373403,-1.35673157981443e-07
1.648125,0.785398149262504,-1.35673157981443e-07
1.64825,0.785398149151131,-1.35673157981443e-07
1.648375,0.78539814903931,-1.35673157981443e-07
1.6485,0.785398148927069,-1.35673157981443e-07
1.648625,0.785398148814435,-1.35673157981443e-07
1.64875,0.785398148701435,-1.35673157981443e-07
1.648875,0.785398148588096,-1.35673157981443e-07
1.649,0.785398148474446,-8.91775065064259e-08
1.649125,0.785398148360511,-8.91775065064259e-08
1.64925,0.785398148246318,-8.91775065064259e-08
1.649375,0.785398148131895,-8.91775065064259e-08
1.6495,0.785398148017268,-8.91775065064259e-08
1.649625,0.785398147902464,-8.91775065064259e-08
1.64975,0.785398147787511,-8.91775065064259e-08
1.649875,0.785398147672435,-8.91775065064259e-08
1.65,0.785398147557263,-4.56484682795637e-08
1.650125,0.785398147442021,-4.56484682795637e-08
1.65025,0.785398147326737,-4.56484682795637e-08
1.650375,0.785398147211437,-4.56484682795637e-08
1.6505,0.785398147096147,-4.56484682795637e-08
1.650625,0.785398146980894,-4.56484682795637e-08
1.65075,0.785398146865704,-4.56484682795637e-08
1.650875,0.785398146750603,-4.56484682795637e-08
1.651,0.785398146635618,5.68917834117081e-08
1.651125,0.785398146520773,5.68917834117081e-08
1.65125,0.785398146406096,5.68917834117081e-08
1.651375,0.785398146291612,5.68917834117081e-08
1.6515,0.785398146177347,5.68917834117081e-08
1.651625,0.785398146063327,5.68917834117081e-08
1.65175,0.785398145949577,5.68917834117081e-08
1.651875,0.785398145836124,5.68917834117081e-08
1.652,0.785398145722992,9.3852987864031e-08
1.652125,0.785398145610207,9.3852987864031e-08
1.65225,0.785398145497796,9.3852987864031e-08
1.652375,0.785398145385782,9.3852987864031e-08
1.6525,0.785398145274191,9.3852987864031e-08
1.652625,0.785398145163048,9.3852987864031e-08
1.65275,0.785398145052379,9.3852987864031e-08
1.652875,0.785398144942207,9.3852987864031e-08
1.653,0.785398144832558,1.26689585122875e-07
1.653125,0.785398144723455,1.26689585122875e-07
1.65325,0.785398144614924,1.26689585122875e-07
1.653375,0.785398144506989,1.26689585122875e-07
1.6535,0.785398144399672,1.26689585122875e-07
1.653625,0.785398144292999,1.26689585122875e-07
1.65375,0.785398144186993,1.26689585122875e-07
1.653875,0.785398144081677,1.26689585122875e-07
1.654,0.785398143977075,1.55037556612544e-07
1.654125,0.785398143873208,1.55037556612544e-07
1.65425,0.785398143770102,1.55037556612544e-07
1.654375,0.785398143667776,1.55037556612544e-07
1.6545,0.785398143566255,1.55037556612544e-07
1.654625,0.78539814346556,1.55037556612544e-07
1.65475,0.785398143365713,1.55037556612544e-07
1.654875,0.785398143266736,1.55037556612544e-07
1.655,0.78539814316865,1.7863198929165e-07
1.655125,0.785398143071475,1.7863198929165e-07
1.65525,0.785398142975233,1.7863198929165e-07
1.655375,0.785398142879944,1.7863198929165e-07
1.6555,0.785398142785628,1.7863198929165e-07
1.655625,0.785398142692306,1.7863198929165e-07
1.65575,0.785398142599996,1.7863198929165e-07
1.655875,0.785398142508718,1.7863198929165e-07
1.656,0.785398142418491,3.0397159854447e-07
1.656125,0.785398142329334,3.0397159854447e-07
1.65625,0.785398142241265,3.0397159854447e-07
1.656375,0.785398142154302,3.0397159854447e-07
1.6565,0.785398142068465,3.0397159854447e-07
1.656625,0.785398141983769,3.0397159854447e-07
1.65675,0.785398141900234,3.0397159854447e-07
1.656875,0.785398141817878,3.0397159854447e-07
1.657,0.785398141736716,3.18785507910181e-07
1.657125,0.785398141656767,3.18785507910181e-07
1.65725,0.785398141578048,3.18785507910181e-07
1.657375,0.785398141500574,3.18785507910181e-07
1.6575,0.785398141424363,3.18785507910181e-07
1.657625,0.78539814134943,3.18785507910181e-07
1.65775,0.785398141275792,3.18785507910181e-07
1.657875,0.785398141203463,3.18785507910181e-07
1.658,0.78539814113246,3.28650036192432e-07
1.658125,0.785398141062797,3.28650036192432e-07
1.65825,0.78539814099449,3.28650036192432e-07
1.658375,0.785398140927552,3.28650036192432e-07
1.6585,0.785398140861998,3.28650036192432e-07
1.658625,0.785398140797841,3.28650036192432e-07
1.65875,0.785398140735096,3.28650036192432e-07
1.658875,0.785398140673774,3.28650036192432e-07
1.659,0.785398140613891,3.33479745591144e-07
1.659125,0.785398140555457,3.33479745591144e-07
1.65925,0.785398140498485,3.33479745591144e-07
1.659375,0.785398140442988,3.33479745591144e-07
1.6595,0.785398140388975,3.33479745591144e-07
1.659625,0.78539814033646,3.33479745591144e-07
1.65975,0.785398140285452,3.33479745591144e-07
1.659875,0.785398140235963,3.33479745591144e-07
1.66,0.785398140188001,3.33304026902318e-07
1.660125,0.785398140141578,3.33304026902318e-07
1.66025,0.785398140096701,3.33304026902318e-07
1.660375,0.785398140053381,3.33304026902318e-07
1.6605,0.785398140011626,3.33304026902318e-07
1.660625,0.785398139971443,3.33304026902318e-07
1.66075,0.785398139932842,3.33304026902318e-07
1.660875,0.785398139895828,3.33304026902318e-07
1.661,0.78539813986041,4.37997484301863e-07
1.661125,0.785398139826593,4.37997484301863e-07
1.66125,0.785398139794384,4.37997484301863e-07
1.661375,0.785398139763789,4.37997484301863e-07
1.6615,0.785398139734815,4.37997484301863e-07
1.661625,0.785398139707466,4.37997484301863e-07
1.66175,0.785398139681748,4.37997484301863e-07
1.661875,0.785398139657666,4.37997484301863e-07
1.662,0.785398139635225,4.29501085647332e-07
1.662125,0.78539813961443,4.29501085647332e-07
1.66225,0.785398139595284,4.29501085647332e-07
1.662375,0.785398139577791,4.29501085647332e-07
1.6625,0.785398139561956,4.29501085647332e-07
1.662625,0.785398139547781,4.29501085647332e-07
1.66275,0.785398139535269,4.29501085647332e-07
1.662875,0.785398139524424,4.29501085647332e-07
1.663,0.785398139515246,4.16732448155007e-07
1.663125,0.78539813950774,4.16732448155007e-07
1.66325,0.785398139501905,4.16732448155007e-07
1.663375,0.785398139497744,4.16732448155007e-07
1.6635,0.785398139495257,4.16732448155007e-07
1.663625,0.785398139494445,4.16732448155007e-07
1.66375,0.78539813949531,4.16732448155007e-07
1.663875,0.78539813949785,4.16732448155007e-07
1.664,0.785398139502065,3.99891780428256e-07
1.664125,0.785398139507956,3.99891780428256e-07
1.66425,0.78539813951552,3.99891780428256e-07
1.664375,0.785398139524757,3.99891780428256e-07
1.6645,0.785398139535665,3.99891780428256e-07
1.664625,0.785398139548242,3.99891780428256e-07
1.66475,0.785398139562485,3.99891780428256e-07
1.664875,0.785398139578392,3.99891780428256e-07
1.665,0.78539813959596,3.79272192604043e-07
1.665125,0.785398139615185,3.79272192604043e-07
1.66525,0.785398139636064,3.79272192604043e-07
1.665375,0.785398139658592,3.79272192604043e-07
1.6655,0.785398139682764,3.79272192604043e-07
1.665625,0.785398139708577,3.79272192604043e-07
1.66575,0.785398139736024,3.79272192604043e-07
1.665875,0.785398139765101,3.79272192604043e-07
1.666,0.7853981397958,4.2978522630103e-07
1.666125,0.785398139828116,4.2978522630103e-07
1.66625,0.785398139862043,4.2978522630103e-07
1.666375,0.785398139897573,4.2978522630103e-07
1.6665,0.785398139934699,4.2978522630103e-07
1.666625,0.785398139973414,4.2978522630103e-07
1.66675,0.78539814001371,4.2978522630103e-07
1.666875,0.78539814005558,4.2978522630103e-07
1.667,0.785398140099016,4.03621265762719e-07
1.667125,0.785398140144009,4.03621265762719e-07
1.66725,0.78539814019055,4.03621265762719e-07
1.667375,0.785398140238631,4.03621265762719e-07
1.6675,0.785398140288242,4.03621265762719e-07
1.667625,0.785398140339374,4.03621265762719e-07
1.66775,0.785398140392018,4.03621265762719e-07
1.667875,0.785398140446163,4.03621265762719e-07
1.668,0.785398140501799,3.75040928888604e-07
1.668125,0.785398140558916,3.75040928888604e-07
1.66825,0.785398140617503,3.75040928888604e-07
1.668375,0.785398140677549,3.75040928888604e-07
1.6685,0.785398140739042,3.75040928888604e-07
1.668625,0.785398140801972,3.75040928888604e-07
1.66875,0.785398140866326,3.75040928888604e-07
1.668875,0.785398140932092,3.75040928888604e-07
1.669,0.785398140999259,3.44453313310913e-07
1.669125,0.785398141067814,3.44453313310913e-07
1.66925,0.785398141137743,3.44453313310913e-07
1.669375,0.785398141209034,3.44453313310913e-07
1.6695,0.785398141281673,3.44453313310913e-07
1.669625,0.785398141355648,3.44453313310913e-07
1.66975,0.785398141430944,3.44453313310913e-07
1.669875,0.785398141507547,3.44453313310913e-07
1.67,0.785398141585443,3.12310530351367e-07
1.670125,0.785398141664617,3.12310530351367e-07
1.67025,0.785398141745056,3.12310530351367e-07
1.670375,0.785398141826743,3.12310530351367e-07
1.6705,0.785398141909664,3.12310530351367e-07
1.670625,0.785398141993803,3.12310530351367e-07
1.67075,0.785398142079145,3.12310530351367e-07
1.670875,0.785398142165673,3.12310530351367e-07
1.671,0.785398142253373,2.93909186480449e-07
1.671125,0.785398142342226,2.93909186480449e-07
1.67125,0.785398142432218,2.93909186480449e-07
1.671375,0.785398142523331,2.93909186480449e-07
1.6715,0.785398142615549,2.93909186480449e-07
1.671625,0.785398142708853,2.93909186480449e-07
1.67175,0.785398142803229,2.93909186480449e-07
1.671875,0.785398142898657,2.93909186480449e-07
1.672,0.78539814299512,2.60315977692754e-07
1.672125,0.785398143092601,2.60315977692754e-07
1.67225,0.785398143191082,2.60315977692754e-07
1.672375,0.785398143290545,2.60315977692754e-07
1.6725,0.785398143390972,2.60315977692754e-07
1.672625,0.785398143492343,2.60315977692754e-07
1.67275,0.785398143594642,2.60315977692754e-07
1.672875,0.785398143697848,2.60315977692754e-07
1.673,0.785398143801945,2.2670276993594e-07
1.673125,0.785398143906911,2.2670276993594e-07
1.67325,0.785398144012729,2.2670276993594e-07
1.673375,0.78539814411938,2.2670276993594e-07
1.6735,0.785398144226844,2.2670276993594e-07
1.673625,0.785398144335101,2.2670276993594e-07
1.67375,0.785398144444132,2.2670276993594e-07
1.673875,0.785398144553919,2.2670276993594e-07
1.674,0.78539814466444,1.93556349610261e-07
1.674125,0.785398144775676,1.93556349610261e-07
1.67425,0.785398144887608,1.93556349610261e-07
1.674375,0.785398145000215,1.93556349610261e-07
1.6745,0.785398145113477,1.93556349610261e-07
1.674625,0.785398145227374,1.93556349610261e-07
1.67475,0.785398145341886,1.93556349610261e-07
1.674875,0.785398145456993,1.93556349610261e-07
1.675,0.785398145572674,1.6134565242304e-07
1.675125,0.785398145688909,1.6134565242304e-07
1.67525,0.785398145805677,1.6134565242304e-07
1.675375,0.785398145922959,1.6134565242304e-07
1.6755,0.785398146040733,1.6134565242304e-07
1.675625,0.785398146158979,1.6134565242304e-07
1.67575,0.785398146277677,1.6134565242304e-07
1.675875,0.785398146396805,1.6134565242304e-07
1.676,0.785398146516344,8.07759946152783e-08
1.676125,0.785398146636273,8.07759946152783e-08
1.67625,0.78539814675657,8.07759946152783e-08
1.676375,0.785398146877215,8.07759946152783e-08
1.6765,0.785398146998188,8.07759946152783e-08
1.676625,0.785398147119467,8.07759946152783e-08
1.67675,0.785398147241031,8.07759946152783e-08
1.676875,0.785398147362859,8.07759946152783e-08
1.677,0.785398147484931,5.1229193765921e-08
1.677125,0.785398147607224,5.1229193765921e-08
1.67725,0.785398147729719,5.1229193765921e-08
1.677375,0.785398147852393,5.1229193765921e-08
1.6775,0.785398147975226,5.1229193765921e-08
1.677625,0.785398148098197,5.1229193765921e-08
1.67775,0.785398148221284,5.1229193765921e-08
1.677875,0.785398148344466,5.1229193765921e-08
1.678,0.785398148467722,2.38579997653782e-08
1.678125,0.785398148591031,2.38579997653782e-08
1.67825,0.785398148714371,2.38579997653782e-08
1.678375,0.785398148837723,2.38579997653782e-08
1.6785,0.785398148961064,2.38579997653782e-08
1.678625,0.785398149084375,2.38579997653782e-08
1.67875,0.785398149207633,2.38579997653782e-08
1.678875,0.785398149330818,2.38579997653782e-08
1.679,0.785398149453909,-9.16048779100053e-10
1.679125,0.785398149576886,-9.16048779100053e-10
1.67925,0.785398149699728,-9.16048779100053e-10
1.679375,0.785398149822414,-9.16048779100053e-10
1.6795,0.785398149944924,-9.16048779100053e-10
1.679625,0.785398150067238,-9.16048779100053e-10
1.67975,0.785398150189335,-9.16048779100053e-10
1.679875,0.785398150311196,-9.16048779100053e-10
1.68,0.7853981504328,-2.27423749496322e-08
1.680125,0.785398150554128,-2.27423749496322e-08
1.68025,0.785398150675159,-2.27423749496322e-08
1.680375,0.785398150795874,-2.27423749496322e-08
1.6805,0.785398150916255,-2.27423749496322e-08
1.680625,0.785398151036281,-2.27423749496322e-08
1.68075,0.785398151155933,-2.27423749496322e-08
1.680875,0.785398151275193,-2.27423749496322e-08
1.681,0.785398151394042,-1.41037505878043e-07
1.681125,0.785398151512461,-1.41037505878043e-07
1.68125,0.785398151630432,-1.41037505878043e-07
1.681375,0.785398151747935,-1.41037505878043e-07
1.6815,0.785398151864954,-1.41037505878043e-07
1.681625,0.785398151981468,-1.41037505878043e-07
1.68175,0.785398152097461,-1.41037505878043e-07
1.681875,0.785398152212913,-1.41037505878043e-07
1.682,0.785398152327806,-1.57259021234962e-07
1.682125,0.785398152442122,-1.57259021234962e-07
1.68225,0.785398152555844,-1.57259021234962e-07
1.682375,0.785398152668954,-1.57259021234962e-07
1.6825,0.785398152781433,-1.57259021234962e-07
1.682625,0.785398152893264,-1.57259021234962e-07
1.68275,0.78539815300443,-1.57259021234962e-07
1.682875,0.785398153114913,-1.57259021234962e-07
1.683,0.785398153224696,-1.69930510280898e-07
1.683125,0.785398153333762,-1.69930510280898e-07
1.68325,0.785398153442095,-1.69930510280898e-07
1.683375,0.785398153549677,-1.69930510280898e-07
1.6835,0.785398153656492,-1.69930510280898e-07
1.683625,0.785398153762524,-1.69930510280898e-07
1.68375,0.785398153867756,-1.69930510280898e-07
1.683875,0.785398153972173,-1.69930510280898e-07
1.684,0.785398154075759,-1.78807845385692e-07
1.684125,0.785398154178498,-1.78807845385692e-07
1.68425,0.785398154280375,-1.78807845385692e-07
1.684375,0.785398154381375,-1.78807845385692e-07
1.6845,0.785398154481483,-1.78807845385692e-07
1.684625,0.785398154580684,-1.78807845385692e-07
1.68475,0.785398154678965,-1.78807845385692e-07
1.684875,0.785398154776311,-1.78807845385692e-07
1.685,0.785398154872708,-1.83748321801191e-07
1.685125,0.785398154968142,-1.83748321801191e-07
1.68525,0.785398155062601,-1.83748321801191e-07
1.685375,0.785398155156071,-1.83748321801191e-07
1.6855,0.785398155248539,-1.83748321801191e-07
1.685625,0.785398155339993,-1.83748321801191e-07
1.68575,0.785398155430421,-1.83748321801191e-07
1.685875,0.785398155519812,-1.83748321801191e-07
1.686,0.785398155608152,-3.06231638209397e-07
1.686125,0.785398155695432,-3.06231638209397e-07
1.68625,0.785398155781639,-3.06231638209397e-07
1.686375,0.785398155866764,-3.06231638209397e-07
1.6865,0.785398155950794,-3.06231638209397e-07
1.686625,0.78539815603372,-3.06231638209397e-07
1.68675,0.78539815611553,-3.06231638209397e-07
1.686875,0.785398156196214,-3.06231638209397e-07
1.687,0.785398156275762,-3.04552186022596e-07
1.687125,0.785398156354163,-3.04552186022596e-07
1.68725,0.785398156431409,-3.04552186022596e-07
1.687375,0.785398156507489,-3.04552186022596e-07
1.6875,0.785398156582394,-3.04552186022596e-07
1.687625,0.785398156656114,-3.04552186022596e-07
1.68775,0.785398156728641,-3.04552186022596e-07
1.687875,0.785398156799966,-3.04552186022596e-07
1.688,0.78539815687008,-2.99099055870224e-07
1.688125,0.785398156938975,-2.99099055870224e-07
1.68825,0.785398157006642,-2.99099055870224e-07
1.688375,0.785398157073075,-2.99099055870224e-07
1.6885,0.785398157138264,-2.99099055870224e-07
1.688625,0.785398157202204,-2.99099055870224e-07
1.68875,0.785398157264886,-2.99099055870224e-07
1.688875,0.785398157326304,-2.99099055870224e-07
1.689,0.785398157386452,-2.8985693500253e-07
1.689125,0.785398157445323,-2.8985693500253e-07
1.68925,0.785398157502911,-2.8985693500253e-07
1.689375,0.78539815755921,-2.8985693500253e-07
1.6895,0.785398157614215,-2.8985693500253e-07
1.689625,0.785398157667922,-2.8985693500253e-07
1.68975,0.785398157720324,-2.8985693500253e-07
1.689875,0.785398157771418,-2.8985693500253e-07
1.69,0.785398157821199,-2.76912697263409e-07
1.690125,0.785398157869664,-2.76912697263409e-07
1.69025,0.785398157916808,-2.76912697263409e-07
1.690375,0.785398157962629,-2.76912697263409e-07
1.6905,0.785398158007123,-2.76912697263409e-07
1.690625,0.785398158050289,-2.76912697263409e-07
1.69075,0.785398158092123,-2.76912697263409e-07
1.690875,0.785398158132624,-2.76912697263409e-07
1.691,0.785398158171791,-3.71468742990534e-07
1.691125,0.785398158209621,-3.71468742990534e-07
1.69125,0.785398158246114,-3.71468742990534e-07
1.691375,0.785398158281268,-3.71468742990534e-07
1.6915,0.785398158315084,-3.71468742990534e-07
1.691625,0.78539815834756,-3.71468742990534e-07
1.69175,0.785398158378696,-3.71468742990534e-07
1.691875,0.785398158408492,-3.71468742990534e-07
1.692,0.785398158436947,-3.52945022593225e-07
1.692125,0.785398158464062,-3.52945022593225e-07
1.69225,0.785398158489838,-3.52945022593225e-07
1.692375,0.785398158514274,-3.52945022593225e-07
1.6925,0.785398158537373,-3.52945022593225e-07
1.692625,0.785398158559134,-3.52945022593225e-07
1.69275,0.78539815857956,-3.52945022593225e-07
1.692875,0.785398158598652,-3.52945022593225e-07
1.693,0.785398158616411,-3.31542341323183e-07
1.693125,0.78539815863284,-3.31542341323183e-07
1.69325,0.785398158647941,-3.31542341323183e-07
1.693375,0.785398158661716,-3.31542341323183e-07
1.6935,0.785398158674169,-3.31542341323183e-07
1.693625,0.785398158685302,-3.31542341323183e-07
1.69375,0.785398158695118,-3.31542341323183e-07
1.693875,0.785398158703621,-3.31542341323183e-07
1.694,0.785398158710815,-3.07455039443458e-07
1.694125,0.785398158716704,-3.07455039443458e-07
1.69425,0.785398158721291,-3.07455039443458e-07
1.694375,0.785398158724582,-3.07455039443458e-07
1.6945,0.785398158726581,-3.07455039443458e-07
1.694625,0.785398158727294,-3.07455039443458e-07
1.69475,0.785398158726725,-3.07455039443458e-07
1.694875,0.78539815872488,-3.07455039443458e-07
1.695,0.785398158721765,-2.80952882684715e-07
1.695125,0.785398158717387,-2.80952882684715e-07
1.69525,0.78539815871175,-2.80952882684715e-07
1.695375,0.785398158704864,-2.80952882684715e-07
1.6955,0.785398158696733,-2.80952882684715e-07
1.695625,0.785398158687365,-2.80952882684715e-07
1.69575,0.785398158676768,-2.80952882684715e-07
1.695875,0.78539815866495,-2.80952882684715e-07
1.696,0.785398158651918,-3.26103186517359e-07
1.696125,0.785398158637681,-3.26103186517359e-07
1.69625,0.785398158622247,-3.26103186517359e-07
1.696375,0.785398158605624,-3.26103186517359e-07
1.6965,0.785398158587822,-3.26103186517359e-07
1.696625,0.78539815856885,-3.26103186517359e-07
1.69675,0.785398158548715,-3.26103186517359e-07
1.696875,0.785398158527428,-3.26103186517359e-07
1.697,0.785398158504998,-2.96639577058884e-07
1.697125,0.785398158481435,-2.96639577058884e-07
1.69725,0.785398158456748,-2.96639577058884e-07
1.697375,0.785398158430946,-2.96639577058884e-07
1.6975,0.785398158404041,-2.96639577058884e-07
1.697625,0.785398158376043,-2.96639577058884e-07
1.69775,0.785398158346961,-2.96639577058884e-07
1.697875,0.785398158316807,-2.96639577058884e-07
1.698,0.785398158285592,-2.65955680807166e-07
1.698125,0.785398158253325,-2.65955680807166e-07
1.69825,0.785398158220018,-2.65955680807166e-07
1.698375,0.785398158185683,-2.65955680807166e-07
1.6985,0.785398158150331,-2.65955680807166e-07
1.698625,0.785398158113974,-2.65955680807166e-07
1.69875,0.785398158076622,-2.65955680807166e-07
1.698875,0.785398158038289,-2.65955680807166e-07
1.699,0.785398157998987,-2.34377274689268e-07
1.699125,0.785398157958727,-2.34377274689268e-07
1.69925,0.785398157917522,-2.34377274689268e-07
1.699375,0.785398157875384,-2.34377274689268e-07
1.6995,0.785398157832327,-2.34377274689268e-07
1.699625,0.785398157788363,-2.34377274689268e-07
1.69975,0.785398157743505,-2.34377274689268e-07
1.699875,0.785398157697767,-2.34377274689268e-07
1.7,0.785398157651162,-2.02261262375186e-07
1.700125,0.785398157603703,-2.02261262375186e-07
1.70025,0.785398157555403,-2.02261262375186e-07
1.700375,0.785398157506278,-2.02261262375186e-07
1.7005,0.78539815745634,-2.02261262375186e-07
1.700625,0.785398157405604,-2.02261262375186e-07
1.70075,0.785398157354085,-2.02261262375186e-07
1.700875,0.785398157301795,-2.02261262375186e-07
1.701,0.785398157248751,-1.92512176255855e-07
1.701125,0.785398157194966,-1.92512176255855e-07
1.70125,0.785398157140456,-1.92512176255855e-07
1.701375,0.785398157085234,-1.92512176255855e-07
1.7015,0.785398157029317,-1.92512176255855e-07
1.701625,0.785398156972719,-1.92512176255855e-07
1.70175,0.785398156915455,-1.92512176255855e-07
1.701875,0.78539815685754,-1.92512176255855e-07
1.702,0.78539815679899,-1.60734710227602e-07
1.702125,0.78539815673982,-1.60734710227602e-07
1.70225,0.785398156680045,-1.60734710227602e-07
1.702375,0.785398156619681,-1.60734710227602e-07
1.7025,0.785398156558743,-1.60734710227602e-07
1.702625,0.785398156497248,-1.60734710227602e-07
1.70275,0.78539815643521,-1.60734710227602e-07
1.702875,0.785398156372646,-1.60734710227602e-07
1.703,0.785398156309572,-1.29613268419738e-07
1.703125,0.785398156246003,-1.29613268419738e-07
1.70325,0.785398156181955,-1.29613268419738e-07
1.703375,0.785398156117444,-1.29613268419738e-07
1.7035,0.785398156052487,-1.29613268419738e-07
1.703625,0.785398155987099,-1.29613268419738e-07
1.70375,0.785398155921297,-1.29613268419738e-07
1.703875,0.785398155855097,-1.29613268419738e-07
1.704,0.785398155788515,-9.94954822781256e-08
1.704125,0.785398155721567,-9.94954822781256e-08
1.70425,0.785398155654269,-9.94954822781256e-08
1.704375,0.785398155586639,-9.94954822781256e-08
1.7045,0.785398155518691,-9.94954822781256e-08
1.704625,0.785398155450443,-9.94954822781256e-08
1.70475,0.785398155381911,-9.94954822781256e-08
1.704875,0.785398155313111,-9.94954822781256e-08
1.705,0.78539815524406,-7.07125158870945e-08
1.705125,0.785398155174774,-7.07125158870945e-08
1.70525,0.785398155105268,-7.07125158870945e-08
1.705375,0.785398155035561,-7.07125158870945e-08
1.7055,0.785398154965668,-7.07125158870945e-08
1.705625,0.785398154895605,-7.07125158870945e-08
1.70575,0.785398154825389,-7.07125158870945e-08
1.705875,0.785398154755035,-7.07125158870945e-08
1.706,0.785398154684561,-1.68094404842271e-08
1.706125,0.785398154613983,-1.68094404842271e-08
1.70625,0.785398154543316,-1.68094404842271e-08
1.706375,0.785398154472577,-1.68094404842271e-08
1.7065,0.785398154401783,-1.68094404842271e-08
1.706625,0.785398154330949,-1.68094404842271e-08
1.70675,0.785398154260092,-1.68094404842271e-08
1.706875,0.785398154189228,-1.68094404842271e-08
1.707,0.785398154118374,8.67093752880722e-09
1.707125,0.785398154047545,8.67093752880722e-09
1.70725,0.785398153976758,8.67093752880722e-09
1.707375,0.785398153906028,8.67093752880722e-09
1.7075,0.785398153835373,8.67093752880722e-09
1.707625,0.785398153764807,8.67093752880722e-09
1.70775,0.785398153694347,8.67093752880722e-09
1.707875,0.78539815362401,8.67093752880722e-09
1.708,0.78539815355381,3.19647319233604e-08
1.708125,0.785398153483764,3.19647319233604e-08
1.70825,0.785398153413887,3.19647319233604e-08
1.708375,0.785398153344195,3.19647319233604e-08
1.7085,0.785398153274704,3.19647319233604e-08
1.708625,0.785398153205429,3.19647319233604e-08
1.70875,0.785398153136386,3.19647319233604e-08
1.708875,0.78539815306759,3.19647319233604e-08
1.709,0.785398152999057,5.28089445979886e-08
1.709125,0.785398152930801,5.28089445979886e-08
1.70925,0.785398152862837,5.28089445979886e-08
1.709375,0.785398152795182,5.28089445979886e-08
1.7095,0.785398152727849,5.28089445979886e-08
1.709625,0.785398152660853,5.28089445979886e-08
1.70975,0.785398152594209,5.28089445979886e-08
1.709875,0.785398152527931,5.28089445979886e-08
1.71,0.785398152462034,7.09939325193613e-08
1.710125,0.785398152396532,7.09939325193613e-08
1.71025,0.78539815233144,7.09939325193613e-08
1.710375,0.78539815226677,7.09939325193613e-08
1.7105,0.785398152202537,7.09939325193613e-08
1.710625,0.785398152138755,7.09939325193613e-08
1.71075,0.785398152075437,7.09939325193613e-08
1.710875,0.785398152012596,7.09939325193613e-08
1.711,0.785398151950246,1.4654985492937e-07
1.711125,0.785398151888399,1.4654985492937e-07
1.71125,0.785398151827069,1.4654985492937e-07
1.711375,0.785398151766268,1.4654985492937e-07
1.7115,0.78539815170601,1.4654985492937e-07
1.711625,0.785398151646307,1.4654985492937e-07
1.71175,0.785398151587172,1.4654985492937e-07
1.711875,0.785398151528616,1.4654985492937e-07
1.712,0.785398151470654,1.59638497251786e-07
1.712125,0.785398151413296,1.59638497251786e-07
1.71225,0.785398151356555,1.59638497251786e-07
1.712375,0.785398151300443,1.59638497251786e-07
1.7125,0.785398151244972,1.59638497251786e-07
1.712625,0.785398151190153,1.59638497251786e-07
1.71275,0.785398151135999,1.59638497251786e-07
1.712875,0.78539815108252,1.59638497251786e-07
1.713,0.785398151029729,1.69771156762527e-07
1.713125,0.785398150977636,1.69771156762527e-07
1.71325,0.785398150926252,1.69771156762527e-07
1.713375,0.785398150875588,1.69771156762527e-07
1.7135,0.785398150825654,1.69771156762527e-07
1.713625,0.785398150776462,1.69771156762527e-07
1.71375,0.785398150728022,1.69771156762527e-07
1.713875,0.785398150680344,1.69771156762527e-07
1.714,0.785398150633437,1.76842212998881e-07
1.714125,0.785398150587312,1.76842212998881e-07
1.71425,0.785398150541978,1.76842212998881e-07
1.714375,0.785398150497445,1.76842212998881e-07
1.7145,0.785398150453721,1.76842212998881e-07
1.714625,0.785398150410816,1.76842212998881e-07
1.71475,0.785398150368739,1.76842212998881e-07
1.714875,0.785398150327498,1.76842212998881e-07
1.715,0.785398150287102,1.80815865502147e-07
1.715125,0.785398150247559,1.80815865502147e-07
1.71525,0.785398150208876,1.80815865502147e-07
1.715375,0.785398150171062,1.80815865502147e-07
1.7155,0.785398150134123,1.80815865502147e-07
1.715625,0.785398150098068,1.80815865502147e-07
1.71575,0.785398150062903,1.80815865502147e-07
1.715875,0.785398150028635,1.80815865502147e-07
1.716,0.785398149995271,2.51286493269743e-07
1.716125,0.785398149962817,2.51286493269743e-07
1.71625,0.785398149931278,2.51286493269743e-07
1.716375,0.785398149900662,2.51286493269743e-07
1.7165,0.785398149870974,2.51286493269743e-07
1.716625,0.78539814984222,2.51286493269743e-07
1.71675,0.785398149814406,2.51286493269743e-07
1.716875,0.785398149787536,2.51286493269743e-07
1.717,0.785398149761617,2.49964288064131e-07
1.717125,0.785398149736654,2.49964288064131e-07
1.71725,0.78539814971265,2.49964288064131e-07
1.717375,0.785398149689612,2.49964288064131e-07
1.7175,0.785398149667544,2.49964288064131e-07
1.717625,0.785398149646449,2.49964288064131e-07
1.71775,0.785398149626333,2.49964288064131e-07
1.717875,0.7853981496072,2.49964288064131e-07
1.718,0.785398149589052,2.45837167555248e-07
1.718125,0.785398149571895,2.45837167555248e-07
1.71825,0.785398149555731,2.45837167555248e-07
1.718375,0.785398149540563,2.45837167555248e-07
1.7185,0.785398149526395,2.45837167555248e-07
1.718625,0.78539814951323,2.45837167555248e-07
1.71875,0.78539814950107,2.45837167555248e-07
1.718875,0.785398149489918,2.45837167555248e-07
1.719,0.785398149479775,2.38977619536666e-07
1.719125,0.785398149470644,2.38977619536666e-07
1.71925,0.785398149462528,2.38977619536666e-07
1.719375,0.785398149455426,2.38977619536666e-07
1.7195,0.785398149449341,2.38977619536666e-07
1.719625,0.785398149444273,2.38977619536666e-07
1.71975,0.785398149440225,2.38977619536666e-07
1.719875,0.785398149437195,2.38977619536666e-07
1.72,0.785398149435186,2.29521024684258e-07
1.720125,0.785398149434197,2.29521024684258e-07
1.72025,0.785398149434228,2.29521024684258e-07
1.720375,0.785398149435279,2.29521024684258e-07
1.7205,0.785398149437349,2.29521024684258e-07
1.720625,0.785398149440438,2.29521024684258e-07
1.72075,0.785398149444545,2.29521024684258e-07
1.720875,0.785398149449668,2.29521024684258e-07
1.721,0.785398149455807,2.7204604654499e-07
1.721125,0.785398149462959,2.7204604654499e-07
1.72125,0.785398149471123,2.7204604654499e-07
1.721375,0.785398149480297,2.7204604654499e-07
1.7215,0.785398149490479,2.7204604654499e-07
1.721625,0.785398149501667,2.7204604654499e-07
1.72175,0.785398149513858,2.7204604654499e-07
1.721875,0.785398149527049,2.7204604654499e-07
1.722,0.785398149541239,2.58613456768598e-07
1.722125,0.785398149556424,2.58613456768598e-07
1.72225,0.7853981495726,2.58613456768598e-07
1.722375,0.785398149589765,2.58613456768598e-07
1.7225,0.785398149607916,2.58613456768598e-07
1.722625,0.785398149627048,2.58613456768598e-07
1.72275,0.785398149647158,2.58613456768598e-07
1.722875,0.785398149668242,2.58613456768598e-07
1.723,0.785398149690296,2.43326042421307e-07
1.723125,0.785398149713316,2.43326042421307e-07
1.72325,0.785398149737296,2.43326042421307e-07
1.723375,0.785398149762233,2.43326042421307e-07
1.7235,0.785398149788122,2.43326042421307e-07
1.723625,0.785398149814957,2.43326042421307e-07
1.72375,0.785398149842734,2.43326042421307e-07
1.723875,0.785398149871447,2.43326042421307e-07
1.724,0.78539814990109,2.26401498380525e-07
1.724125,0.785398149931659,2.26401498380525e-07
1.72425,0.785398149963146,2.26401498380525e-07
1.724375,0.785398149995547,2.26401498380525e-07
1.7245,0.785398150028854,2.26401498380525e-07
1.724625,0.785398150063062,2.26401498380525e-07
1.72475,0.785398150098164,2.26401498380525e-07
1.724875,0.785398150134152,2.26401498380525e-07
1.725,0.785398150171021,2.08094165871218e-07
1.725125,0.785398150208763,2.08094165871218e-07
1.72525,0.785398150247371,2.08094165871218e-07
1.725375,0.785398150286837,2.08094165871218e-07
1.7255,0.785398150327155,2.08094165871218e-07
1.725625,0.785398150368315,2.08094165871218e-07
1.72575,0.78539815041031,2.08094165871218e-07
1.725875,0.785398150453133,2.08094165871218e-07
1.726,0.785398150496774,2.09995006590704e-07
1.726125,0.785398150541226,2.09995006590704e-07
1.72625,0.785398150586479,2.09995006590704e-07
1.726375,0.785398150632526,2.09995006590704e-07
1.7265,0.785398150679358,2.09995006590704e-07
1.726625,0.785398150726964,2.09995006590704e-07
1.72675,0.785398150775338,2.09995006590704e-07
1.726875,0.785398150824468,2.09995006590704e-07
1.727,0.785398150874347,1.90041081301414e-07
1.727125,0.785398150924964,1.90041081301414e-07
1.72725,0.78539815097631,1.90041081301414e-07
1.727375,0.785398151028376,1.90041081301414e-07
1.7275,0.785398151081151,1.90041081301414e-07
1.727625,0.785398151134626,1.90041081301414e-07
1.72775,0.785398151188791,1.90041081301414e-07
1.727875,0.785398151243635,1.90041081301414e-07
1.728,0.785398151299149,1.69638225868642e-07
1.728125,0.785398151355322,1.69638225868642e-07
1.72825,0.785398151412144,1.69638225868642e-07
1.728375,0.785398151469604,1.69638225868642e-07
1.7285,0.785398151527691,1.69638225868642e-07
1.728625,0.785398151586396,1.69638225868642e-07
1.72875,0.785398151645706,1.69638225868642e-07
1.728875,0.785398151705611,1.69638225868642e-07
1.729,0.7853981517661,1.49076899971946e-07
1.729125,0.785398151827163,1.49076899971946e-07
1.72925,0.785398151888786,1.49076899971946e-07
1.729375,0.785398151950961,1.49076899971946e-07
1.7295,0.785398152013675,1.49076899971946e-07
1.729625,0.785398152076916,1.49076899971946e-07
1.72975,0.785398152140673,1.49076899971946e-07
1.729875,0.785398152204935,1.49076899971946e-07
1.73,0.78539815226969,1.28647972399758e-07
1.730125,0.785398152334926,1.28647972399758e-07
1.73025,0.785398152400632,1.28647972399758e-07
1.730375,0.785398152466795,1.28647972399758e-07
1.7305,0.785398152533404,1.28647972399758e-07
1.730625,0.785398152600447,1.28647972399758e-07
1.73075,0.785398152667911,1.28647972399758e-07
1.730875,0.785398152735786,1.28647972399758e-07
1.731,0.785398152804057,9.02432219478857e-08
1.731125,0.785398152872714,9.02432219478857e-08
1.73125,0.785398152941744,9.02432219478857e-08
1.731375,0.785398153011135,9.02432219478857e-08
1.7315,0.785398153080874,9.02432219478857e-08
1.731625,0.785398153150949,9.02432219478857e-08
1.73175,0.785398153221348,9.02432219478857e-08
1.731875,0.785398153292058,9.02432219478857e-08
1.732,0.785398153363066,7.07466125319178e-08
1.732125,0.78539815343436,7.07466125319178e-08
1.73225,0.785398153505927,7.07466125319178e-08
1.732375,0.785398153577754,7.07466125319178e-08
1.7325,0.785398153649829,7.07466125319178e-08
1.732625,0.785398153722139,7.07466125319178e-08
1.73275,0.785398153794671,7.07466125319178e-08
1.732875,0.785398153867412,7.07466125319178e-08
1.733,0.78539815394035,5.22161647405552e-08
1.733125,0.785398154013471,5.22161647405552e-08
1.73325,0.785398154086763,5.22161647405552e-08
1.733375,0.785398154160213,5.22161647405552e-08
1.7335,0.785398154233808,5.22161647405552e-08
1.733625,0.785398154307534,5.22161647405552e-08
1.73375,0.78539815438138,5.22161647405552e-08
1.733875,0.785398154455333,5.22161647405552e-08
1.734,0.785398154529379,3.49274998914748e-08
1.734125,0.785398154603505,3.49274998914748e-08
1.73425,0.7853981546777,3.49274998914748e-08
1.734375,0.785398154751949,3.49274998914748e-08
1.7345,0.785398154826241,3.49274998914748e-08
1.734625,0.785398154900563,3.49274998914748e-08
1.73475,0.785398154974901,3.49274998914748e-08
1.734875,0.785398155049244,3.49274998914748e-08
1.735,0.785398155123578,1.91218641810627e-08
1.735125,0.785398155197892,1.91218641810627e-08
1.73525,0.785398155272172,1.91218641810627e-08
1.735375,0.785398155346406,1.91218641810627e-08
1.7355,0.785398155420582,1.91218641810627e-08
1.735625,0.785398155494687,1.91218641810627e-08
1.73575,0.78539815556871,1.91218641810627e-08
1.735875,0.785398155642638,1.91218641810627e-08
1.736,0.785398155716458,-4.74688764760066e-08
1.736125,0.785398155790159,-4.74688764760066e-08
1.73625,0.785398155863729,-4.74688764760066e-08
1.736375,0.785398155937156,-4.74688764760066e-08
1.7365,0.785398156010427,-4.74688764760066e-08
1.736625,0.785398156083531,-4.74688764760066e-08
1.73675,0.785398156156455,-4.74688764760066e-08
1.736875,0.785398156229188,-4.74688764760066e-08
1.737,0.785398156301718,-6.02821692034276e-08
1.737125,0.785398156374032,-6.02821692034276e-08
1.73725,0.78539815644612,-6.02821692034276e-08
1.737375,0.785398156517968,-6.02821692034276e-08
1.7375,0.785398156589566,-6.02821692034276e-08
1.737625,0.785398156660902,-6.02821692034276e-08
1.73775,0.785398156731963,-6.02821692034276e-08
1.737875,0.785398156802739,-6.02821692034276e-08
1.738,0.785398156873218,-7.11165878610951e-08
1.738125,0.785398156943388,-7.11165878610951e-08
1.73825,0.785398157013238,-7.11165878610951e-08
1.738375,0.785398157082757,-7.11165878610951e-08
1.7385,0.785398157151934,-7.11165878610951e-08
1.738625,0.785398157220757,-7.11165878610951e-08
1.73875,0.785398157289216,-7.11165878610951e-08
1.738875,0.7853981573573,-7.11165878610951e-08
1.739,0.785398157424997,-7.97873880273977e-08
1.739125,0.785398157492297,-7.97873880273977e-08
1.73925,0.78539815755919,-7.97873880273977e-08
1.739375,0.785398157625665,-7.97873880273977e-08
1.7395,0.785398157691712,-7.97873880273977e-08
1.739625,0.785398157757321,-7.97873880273977e-08
1.73975,0.785398157822481,-7.97873880273977e-08
1.739875,0.785398157887182,-7.97873880273977e-08
1.74,0.785398157951415,-8.61674815100705e-08
1.740125,0.78539815801517,-8.61674815100705e-08
1.74025,0.785398158078437,-8.61674815100705e-08
1.740375,0.785398158141208,-8.61674815100705e-08
1.7405,0.785398158203473,-8.61674815100705e-08
1.740625,0.785398158265222,-8.61674815100705e-08
1.74075,0.785398158326447,-8.61674815100705e-08
1.740875,0.785398158387139,-8.61674815100705e-08
1.741,0.78539815844729,-1.61545231477518e-07
1.741125,0.785398158506892,-1.61545231477518e-07
1.74125,0.785398158565934,-1.61545231477518e-07
1.741375,0.785398158624411,-1.61545231477518e-07
1.7415,0.785398158682312,-1.61545231477518e-07
1.741625,0.785398158739631,-1.61545231477518e-07
1.74175,0.785398158796358,-1.61545231477518e-07
1.741875,0.785398158852487,-1.61545231477518e-07
1.742,0.785398158908009,-1.63944760104815e-07
1.742125,0.785398158962916,-1.63944760104815e-07
1.74225,0.7853981590172,-1.63944760104815e-07
1.742375,0.785398159070855,-1.63944760104815e-07
1.7425,0.785398159123872,-1.63944760104815e-07
1.742625,0.785398159176245,-1.63944760104815e-07
1.74275,0.785398159227966,-1.63944760104815e-07
1.742875,0.785398159279028,-1.63944760104815e-07
1.743,0.785398159329424,-1.64015073645664e-07
1.743125,0.785398159379147,-1.64015073645664e-07
1.74325,0.785398159428191,-1.64015073645664e-07
1.743375,0.785398159476549,-1.64015073645664e-07
1.7435,0.785398159524214,-1.64015073645664e-07
1.743625,0.785398159571181,-1.64015073645664e-07
1.74375,0.785398159617443,-1.64015073645664e-07
1.743875,0.785398159662994,-1.64015073645664e-07
1.744,0.785398159707829,-1.61705665537498e-07
1.744125,0.785398159751942,-1.61705665537498e-07
1.74425,0.785398159795327,-1.61705665537498e-07
1.744375,0.785398159837979,-1.61705665537498e-07
1.7445,0.785398159879893,-1.61705665537498e-07
1.744625,0.785398159921064,-1.61705665537498e-07
1.74475,0.785398159961488,-1.61705665537498e-07
1.744875,0.785398160001159,-1.61705665537498e-07
1.745,0.785398160040074,-1.57029606019311e-07
1.745125,0.785398160078227,-1.57029606019311e-07
1.74525,0.785398160115616,-1.57029606019311e-07
1.745375,0.785398160152236,-1.57029606019311e-07
1.7455,0.785398160188083,-1.57029606019311e-07
1.745625,0.785398160223155,-1.57029606019311e-07
1.74575,0.785398160257447,-1.57029606019311e-07
1.745875,0.785398160290957,-1.57029606019311e-07
1.746,0.785398160323683,-2.20769534316144e-07
1.746125,0.78539816035562,-2.20769534316144e-07
1.74625,0.785398160386768,-2.20769534316144e-07
1.746375,0.785398160417123,-2.20769534316144e-07
1.7465,0.785398160446682,-2.20769534316144e-07
1.746625,0.785398160475445,-2.20769534316144e-07
1.74675,0.785398160503408,-2.20769534316144e-07
1.746875,0.78539816053057,-2.20769534316144e-07
1.747,0.785398160556929,-2.12391566173244e-07
1.747125,0.785398160582482,-2.12391566173244e-07
1.74725,0.785398160607229,-2.12391566173244e-07
1.747375,0.785398160631168,-2.12391566173244e-07
1.7475,0.785398160654298,-2.12391566173244e-07
1.747625,0.785398160676617,-2.12391566173244e-07
1.74775,0.785398160698124,-2.12391566173244e-07
1.747875,0.785398160718819,-2.12391566173244e-07
1.748,0.785398160738701,-2.02042114561726e-07
1.748125,0.785398160757768,-2.02042114561726e-07
1.74825,0.785398160776021,-2.02042114561726e-07
1.748375,0.78539816079346,-2.02042114561726e-07
1.7485,0.785398160810083,-2.02042114561726e-07
1.748625,0.785398160825892,-2.02042114561726e-07
1.74875,0.785398160840886,-2.02042114561726e-07
1.748875,0.785398160855065,-2.02042114561726e-07
1.749,0.785398160868431,-1.89805757873865e-07
1.749125,0.785398160880983,-1.89805757873865e-07
1.74925,0.785398160892722,-1.89805757873865e-07
1.749375,0.78539816090365,-1.89805757873865e-07
1.7495,0.785398160913768,-1.89805757873865e-07
1.749625,0.785398160923076,-1.89805757873865e-07
1.74975,0.785398160931577,-1.89805757873865e-07
1.749875,0.785398160939272,-1.89805757873865e-07
1.75,0.785398160946163,-1.7581889206689e-07
1.750125,0.785398160952252,-1.7581889206689e-07
1.75025,0.78539816095754,-1.7581889206689e-07
1.750375,0.785398160962032,-1.7581889206689e-07
1.7505,0.785398160965728,-1.7581889206689e-07
1.750625,0.785398160968632,-1.7581889206689e-07
1.75075,0.785398160970746,-1.7581889206689e-07
1.750875,0.785398160972074,-1.7581889206689e-07
1.751,0.785398160972619,-2.12493302333659e-07
1.751125,0.785398160972385,-2.12493302333659e-07
1.75125,0.785398160971374,-2.12493302333659e-07
1.751375,0.785398160969591,-2.12493302333659e-07
1.7515,0.785398160967039,-2.12493302333659e-07
1.751625,0.785398160963723,-2.12493302333659e-07
1.75175,0.785398160959645,-2.12493302333659e-07
1.751875,0.78539816095481,-2.12493302333659e-07
1.752,0.785398160949223,-1.9616085047117e-07
1.752125,0.785398160942888,-1.9616085047117e-07
1.75225,0.785398160935808,-1.9616085047117e-07
1.752375,0.785398160927989,-1.9616085047117e-07
1.7525,0.785398160919435,-1.9616085047117e-07
1.752625,0.785398160910151,-1.9616085047117e-07
1.75275,0.785398160900142,-1.9616085047117e-07
1.752875,0.785398160889413,-1.9616085047117e-07
1.753,0.785398160877968,-1.78758955433991e-07
1.753125,0.785398160865814,-1.78758955433991e-07
1.75325,0.785398160852956,-1.78758955433991e-07
1.753375,0.785398160839398,-1.78758955433991e-07
1.7535,0.785398160825148,-1.78758955433991e-07
1.753625,0.785398160810209,-1.78758955433991e-07
1.75375,0.785398160794589,-1.78758955433991e-07
1.753875,0.785398160778293,-1.78758955433991e-07
1.754,0.785398160761327,-1.60468949139767e-07
1.754125,0.785398160743697,-1.60468949139767e-07
1.75425,0.78539816072541,-1.60468949139767e-07
1.754375,0.785398160706472,-1.60468949139767e-07
1.7545,0.78539816068689,-1.60468949139767e-07
1.754625,0.78539816066667,-1.60468949139767e-07
1.75475,0.785398160645819,-1.60468949139767e-07
1.754875,0.785398160624345,-1.60468949139767e-07
1.755,0.785398160602253,-1.41499389186144e-07
1.755125,0.785398160579551,-1.41499389186144e-07
1.75525,0.785398160556247,-1.41499389186144e-07
1.755375,0.785398160532348,-1.41499389186144e-07
1.7555,0.78539816050786,-1.41499389186144e-07
1.755625,0.785398160482793,-1.41499389186144e-07
1.75575,0.785398160457153,-1.41499389186144e-07
1.755875,0.785398160430949,-1.41499389186144e-07
1.756,0.785398160404187,-1.44740998602176e-07
1.756125,0.785398160376877,-1.44740998602176e-07
1.75625,0.785398160349026,-1.44740998602176e-07
1.756375,0.785398160320643,-1.44740998602176e-07
1.7565,0.785398160291736,-1.44740998602176e-07
1.756625,0.785398160262312,-1.44740998602176e-07
1.75675,0.785398160232381,-1.44740998602176e-07
1.756875,0.785398160201951,-1.44740998602176e-07
1.757,0.78539816017103,-1.2537373519309e-07
1.757125,0.785398160139627,-1.2537373519309e-07
1.75725,0.785398160107751,-1.2537373519309e-07
1.757375,0.78539816007541,-1.2537373519309e-07
1.7575,0.785398160042613,-1.2537373519309e-07
1.757625,0.785398160009368,-1.2537373519309e-07
1.75775,0.785398159975686,-1.2537373519309e-07
1.757875,0.785398159941575,-1.2537373519309e-07
1.758,0.785398159907043,-1.06075387393821e-07
1.758125,0.7853981598721,-1.06075387393821e-07
1.75825,0.785398159836755,-1.06075387393821e-07
1.758375,0.785398159801018,-1.06075387393821e-07
1.7585,0.785398159764896,-1.06075387393821e-07
1.758625,0.785398159728401,-1.06075387393821e-07
1.75875,0.785398159691541,-1.06075387393821e-07
1.758875,0.785398159654325,-1.06075387393821e-07
1.759,0.785398159616762,-8.70609639470088e-08
1.759125,0.785398159578864,-8.70609639470088e-08
1.75925,0.785398159540638,-8.70609639470088e-08
1.759375,0.785398159502094,-8.70609639470088e-08
1.7595,0.785398159463242,-8.70609639470088e-08
1.759625,0.785398159424093,-8.70609639470088e-08
1.75975,0.785398159384654,-8.70609639470088e-08
1.759875,0.785398159344936,-8.70609639470088e-08
1.76,0.785398159304949,-6.85434383611475e-08
1.760125,0.785398159264703,-6.85434383611475e-08
1.76025,0.785398159224207,-6.85434383611475e-08
1.760375,0.785398159183471,-6.85434383611475e-08
1.7605,0.785398159142505,-6.85434383611475e-08
1.760625,0.785398159101318,-6.85434383611475e-08
1.76075,0.785398159059921,-6.85434383611475e-08
1.760875,0.785398159018324,-6.85434383611475e-08
1.761,0.785398158976536,-4.21342818765042e-08
1.761125,0.785398158934567,-4.21342818765042e-08
1.76125,0.785398158892427,-4.21342818765042e-08
1.761375,0.785398158850127,-4.21342818765042e-08
1.7615,0.785398158807675,-4.21342818765042e-08
1.761625,0.785398158765083,-4.21342818765042e-08
1.76175,0.78539815872236,-4.21342818765042e-08
1.761875,0.785398158679516,-4.21342818765042e-08
1.762,0.78539815863656,-2.51417076738671e-08
1.762125,0.785398158593505,-2.51417076738671e-08
1.76225,0.785398158550358,-2.51417076738671e-08
1.762375,0.78539815850713,-2.51417076738671e-08
1.7625,0.785398158463831,-2.51417076738671e-08
1.762625,0.785398158420472,-2.51417076738671e-08
1.76275,0.785398158377062,-2.51417076738671e-08
1.762875,0.785398158333611,-2.51417076738671e-08
1.763,0.785398158290129,-9.24211913504332e-09
1.763125,0.785398158246626,-9.24211913504332e-09
1.76325,0.785398158203112,-9.24211913504332e-09
1.763375,0.785398158159597,-9.24211913504332e-09
1.7635,0.78539815811609,-9.24211913504332e-09
1.763625,0.785398158072603,-9.24211913504332e-09
1.76375,0.785398158029143,-9.24211913504332e-09
1.763875,0.785398157985723,-9.24211913504332e-09
1.764,0.78539815794235,5.38321774812367e-09
1.764125,0.785398157899035,5.38321774812367e-09
1.76425,0.785398157855787,5.38321774812367e-09
1.764375,0.785398157812617,5.38321774812367e-09
1.7645,0.785398157769533,5.38321774812367e-09
1.764625,0.785398157726545,5.38321774812367e-09
1.76475,0.785398157683664,5.38321774812367e-09
1.764875,0.785398157640897,5.38321774812367e-09
1.765,0.785398157598255,1.85801687651617e-08
1.765125,0.785398157555747,1.85801687651617e-08
1.76525,0.785398157513382,1.85801687651617e-08
1.765375,0.78539815747117,1.85801687651617e-08
1.7655,0.785398157429119,1.85801687651617e-08
1.765625,0.785398157387239,1.85801687651617e-08
1.76575,0.785398157345538,1.85801687651617e-08
1.765875,0.785398157304026,1.85801687651617e-08
1.766,0.785398157262711,6.265922705847e-08
1.766125,0.785398157221602,6.265922705847e-08
1.76625,0.785398157180708,6.265922705847e-08
1.766375,0.785398157140037,6.265922705847e-08
1.7665,0.785398157099599,6.265922705847e-08
1.766625,0.785398157059402,6.265922705847e-08
1.76675,0.785398157019454,6.265922705847e-08
1.766875,0.785398156979764,6.265922705847e-08
1.767,0.78539815694034,7.29911269950735e-08
1.767125,0.785398156901191,7.29911269950735e-08
1.76725,0.785398156862326,7.29911269950735e-08
1.767375,0.785398156823752,7.29911269950735e-08
1.7675,0.785398156785478,7.29911269950735e-08
1.767625,0.785398156747511,7.29911269950735e-08
1.76775,0.785398156709861,7.29911269950735e-08
1.767875,0.785398156672535,7.29911269950735e-08
1.768,0.785398156635541,8.16080735645832e-08
1.768125,0.785398156598886,8.16080735645832e-08
1.76825,0.785398156562579,8.16080735645832e-08
1.768375,0.785398156526628,8.16080735645832e-08
1.7685,0.785398156491039,8.16080735645832e-08
1.768625,0.785398156455821,8.16080735645832e-08
1.76875,0.785398156420981,8.16080735645832e-08
1.768875,0.785398156386526,8.16080735645832e-08
1.769,0.785398156352464,8.84143716849317e-08
1.769125,0.785398156318801,8.84143716849317e-08
1.76925,0.785398156285544,8.84143716849317e-08
1.769375,0.785398156252702,8.84143716849317e-08
1.7695,0.785398156220279,8.84143716849317e-08
1.769625,0.785398156188284,8.84143716849317e-08
1.76975,0.785398156156722,8.84143716849317e-08
1.769875,0.785398156125601,8.84143716849317e-08
1.77,0.785398156094926,9.33555024892958e-08
1.770125,0.785398156064703,9.33555024892958e-08
1.77025,0.78539815603494,9.33555024892958e-08
1.770375,0.785398156005641,9.33555024892958e-08
1.7705,0.785398155976813,9.33555024892958e-08
1.770625,0.785398155948461,9.33555024892958e-08
1.77075,0.785398155920592,9.33555024892958e-08
1.770875,0.78539815589321,9.33555024892958e-08
1.771,0.78539815586632,1.39091545907901e-07
1.771125,0.785398155839929,1.39091545907901e-07
1.77125,0.78539815581404,1.39091545907901e-07
1.771375,0.78539815578866,1.39091545907901e-07
1.7715,0.785398155763793,1.39091545907901e-07
1.771625,0.785398155739444,1.39091545907901e-07
1.77175,0.785398155715618,1.39091545907901e-07
1.771875,0.785398155692319,1.39091545907901e-07
1.772,0.785398155669553,1.40751132514677e-07
1.772125,0.785398155647323,1.40751132514677e-07
1.77225,0.785398155625634,1.40751132514677e-07
1.772375,0.785398155604491,1.40751132514677e-07
1.7725,0.785398155583897,1.40751132514677e-07
1.772625,0.785398155563857,1.40751132514677e-07
1.77275,0.785398155544375,1.40751132514677e-07
1.772875,0.785398155525454,1.40751132514677e-07
1.773,0.785398155507099,1.40622644678053e-07
1.773125,0.785398155489313,1.40622644678053e-07
1.77325,0.785398155472099,1.40622644678053e-07
1.773375,0.785398155455462,1.40622644678053e-07
1.7735,0.785398155439404,1.40622644678053e-07
1.773625,0.785398155423928,1.40622644678053e-07
1.77375,0.785398155409038,1.40622644678053e-07
1.773875,0.785398155394737,1.40622644678053e-07
1.774,0.785398155381027,1.38718461920676e-07
1.774125,0.785398155367911,1.38718461920676e-07
1.77425,0.785398155355392,1.38718461920676e-07
1.774375,0.785398155343472,1.38718461920676e-07
1.7745,0.785398155332153,1.38718461920676e-07
1.774625,0.785398155321438,1.38718461920676e-07
1.77475,0.785398155311329,1.38718461920676e-07
1.774875,0.785398155301826,1.38718461920676e-07
1.775,0.785398155292933,1.350920428944e-07
1.775125,0.785398155284651,1.350920428944e-07
1.77525,0.78539815527698,1.350920428944e-07
1.775375,0.785398155269923,1.350920428944e-07
1.7755,0.785398155263481,1.350920428944e-07
1.775625,0.785398155257655,1.350920428944e-07
1.77575,0.785398155252445,1.350920428944e-07
1.775875,0.785398155247852,1.350920428944e-07
1.776,0.785398155243877,1.67426199789545e-07
1.776125,0.785398155240521,1.67426199789545e-07
1.77625,0.785398155237783,1.67426199789545e-07
1.776375,0.785398155235663,1.67426199789545e-07
1.7765,0.785398155234163,1.67426199789545e-07
1.776625,0.785398155233282,1.67426199789545e-07
1.77675,0.78539815523302,1.67426199789545e-07
1.776875,0.785398155233377,1.67426199789545e-07
1.777,0.785398155234352,1.61069356598935e-07
1.777125,0.785398155235946,1.61069356598935e-07
1.77725,0.785398155238157,1.61069356598935e-07
1.777375,0.785398155240986,1.61069356598935e-07
1.7775,0.785398155244431,1.61069356598935e-07
1.777625,0.785398155248492,1.61069356598935e-07
1.77775,0.785398155253168,1.61069356598935e-07
1.777875,0.785398155258457,1.61069356598935e-07
1.778,0.785398155264359,1.53375141152897e-07
1.778125,0.785398155270873,1.53375141152897e-07
1.77825,0.785398155277997,1.53375141152897e-07
1.778375,0.785398155285729,1.53375141152897e-07
1.7785,0.785398155294068,1.53375141152897e-07
1.778625,0.785398155303012,1.53375141152897e-07
1.77875,0.78539815531256,1.53375141152897e-07
1.778875,0.78539815532271,1.53375141152897e-07
1.779,0.785398155333459,1.44453134994932e-07
1.779125,0.785398155344805,1.44453134994932e-07
1.77925,0.785398155356746,1.44453134994932e-07
1.779375,0.78539815536928,1.44453134994932e-07
1.7795,0.785398155382405,1.44453134994932e-07
1.779625,0.785398155396116,1.44453134994932e-07
1.77975,0.785398155410412,1.44453134994932e-07
1.779875,0.785398155425291,1.44453134994932e-07
1.78,0.785398155440748,1.34441027382482e-07
1.780125,0.785398155456781,1.34441027382482e-07
1.78025,0.785398155473386,1.34441027382482e-07
1.780375,0.785398155490561,1.34441027382482e-07
1.7805,0.785398155508301,1.34441027382482e-07
1.780625,0.785398155526603,1.34441027382482e-07
1.78075,0.785398155545464,1.34441027382482e-07
1.780875,0.785398155564879,1.34441027382482e-07
1.781,0.785398155584845,1.43556751938923e-07
1.781125,0.785398155605358,1.43556751938923e-07
1.78125,0.785398155626413,1.43556751938923e-07
1.781375,0.785398155648007,1.43556751938923e-07
1.7815,0.785398155670134,1.43556751938923e-07
1.781625,0.785398155692791,1.43556751938923e-07
1.78175,0.785398155715974,1.43556751938923e-07
1.781875,0.785398155739676,1.43556751938923e-07
1.782,0.785398155763895,1.32092209198652e-07
1.782125,0.785398155788625,1.32092209198652e-07
1.78225,0.785398155813862,1.32092209198652e-07
1.782375,0.785398155839599,1.32092209198652e-07
1.7825,0.785398155865834,1.32092209198652e-07
1.782625,0.78539815589256,1.32092209198652e-07
1.78275,0.785398155919772,1.32092209198652e-07
1.782875,0.785398155947466,1.32092209198652e-07
1.783,0.785398155975635,1.20089792295095e-07
1.783125,0.785398156004275,1.20089792295095e-07
1.78325,0.785398156033379,1.20089792295095e-07
1.783375,0.785398156062944,1.20089792295095e-07
1.7835,0.785398156092962,1.20089792295095e-07
1.783625,0.785398156123428,1.20089792295095e-07
1.78375,0.785398156154337,1.20089792295095e-07
1.783875,0.785398156185682,1.20089792295095e-07
1.784,0.785398156217457,1.07718014358525e-07
1.784125,0.785398156249658,1.07718014358525e-07
1.78425,0.785398156282277,1.07718014358525e-07
1.784375,0.785398156315308,1.07718014358525e-07
1.7845,0.785398156348746,1.07718014358525e-07
1.784625,0.785398156382584,1.07718014358525e-07
1.78475,0.785398156416815,1.07718014358525e-07
1.784875,0.785398156451434,1.07718014358525e-07
1.785,0.785398156486434,9.51525524300043e-08
1.785125,0.785398156521808,9.51525524300043e-08
1.78525,0.78539815655755,9.51525524300043e-08
1.785375,0.785398156593653,9.51525524300043e-08
1.7855,0.78539815663011,9.51525524300043e-08
1.785625,0.785398156666916,9.51525524300043e-08
1.78575,0.785398156704062,9.51525524300043e-08
1.785875,0.785398156741542,9.51525524300043e-08
1.786,0.785398156779349,7.88797427143721e-08
1.786125,0.785398156817477,7.88797427143721e-08
1.78625,0.785398156855917,7.88797427143721e-08
1.786375,0.785398156894664,7.88797427143721e-08
1.7865,0.78539815693371,7.88797427143721e-08
1.786625,0.785398156973047,7.88797427143721e-08
1.78675,0.78539815701267,7.88797427143721e-08
1.786875,0.785398157052569,7.88797427143721e-08
1.787,0.785398157092739,6.64351742703172e-08
1.787125,0.785398157133171,6.64351742703172e-08
1.78725,0.785398157173859,6.64351742703172e-08
1.787375,0.785398157214794,6.64351742703172e-08
1.7875,0.785398157255971,6.64351742703172e-08
1.787625,0.785398157297379,6.64351742703172e-08
1.78775,0.785398157339014,6.64351742703172e-08
1.787875,0.785398157380866,6.64351742703172e-08
1.788,0.785398157422929,5.43394900372298e-08
1.788125,0.785398157465194,5.43394900372298e-08
1.78825,0.785398157507655,5.43394900372298e-08
1.788375,0.785398157550302,5.43394900372298e-08
1.7885,0.78539815759313,5.43394900372298e-08
1.788625,0.785398157636129,5.43394900372298e-08
1.78875,0.785398157679293,5.43394900372298e-08
1.788875,0.785398157722614,5.43394900372298e-08
1.789,0.785398157766083,4.27678972940344e-08
1.789125,0.785398157809694,4.27678972940344e-08
1.78925,0.785398157853438,4.27678972940344e-08
1.789375,0.785398157897308,4.27678972940344e-08
1.7895,0.785398157941295,4.27678972940344e-08
1.789625,0.785398157985393,4.27678972940344e-08
1.78975,0.785398158029593,4.27678972940344e-08
1.789875,0.785398158073888,4.27678972940344e-08
1.79,0.78539815811827,3.18806493293732e-08
1.790125,0.785398158162731,3.18806493293732e-08
1.79025,0.785398158207263,3.18806493293732e-08
1.790375,0.785398158251859,3.18806493293732e-08
1.7905,0.785398158296511,3.18806493293732e-08
1.790625,0.785398158341211,3.18806493293732e-08
1.79075,0.785398158385953,3.18806493293732e-08
1.790875,0.785398158430727,3.18806493293732e-08
1.791,0.785398158475527,-4.32336236816853e-09
1.791125,0.785398158520344,-4.32336236816853e-09
1.79125,0.785398158565172,-4.32336236816853e-09
1.791375,0.785398158610003,-4.32336236816853e-09
1.7915,0.785398158654828,-4.32336236816853e-09
1.791625,0.785398158699641,-4.32336236816853e-09
1.79175,0.785398158744434,-4.32336236816853e-09
1.791875,0.785398158789199,-4.32336236816853e-09
1.792,0.785398158833928,-1.37019614786145e-08
1.792125,0.785398158878615,-1.37019614786145e-08
1.79225,0.78539815892325,-1.37019614786145e-08
1.792375,0.785398158967828,-1.37019614786145e-08
1.7925,0.785398159012339,-1.37019614786145e-08
1.792625,0.785398159056778,-1.37019614786145e-08
1.79275,0.785398159101135,-1.37019614786145e-08
1.792875,0.785398159145404,-1.37019614786145e-08
1.793,0.785398159189577,-2.20224579406512e-08
1.793125,0.785398159233647,-2.20224579406512e-08
1.79325,0.785398159277606,-2.20224579406512e-08
1.793375,0.785398159321447,-2.20224579406512e-08
1.7935,0.785398159365163,-2.20224579406512e-08
1.793625,0.785398159408746,-2.20224579406512e-08
1.79375,0.785398159452189,-2.20224579406512e-08
1.793875,0.785398159495485,-2.20224579406512e-08
1.794,0.785398159538627,-2.91528006961814e-08
1.794125,0.785398159581607,-2.91528006961814e-08
1.79425,0.785398159624419,-2.91528006961814e-08
1.794375,0.785398159667055,-2.91528006961814e-08
1.7945,0.785398159709509,-2.91528006961814e-08
1.794625,0.785398159751774,-2.91528006961814e-08
1.79475,0.785398159793843,-2.91528006961814e-08
1.794875,0.785398159835709,-2.91528006961814e-08
1.795,0.785398159877365,-3.49926218243132e-08
1.795125,0.785398159918806,-3.49926218243132e-08
1.79525,0.785398159960024,-3.49926218243132e-08
1.795375,0.785398160001013,-3.49926218243132e-08
1.7955,0.785398160041766,-3.49926218243132e-08
1.795625,0.785398160082278,-3.49926218243132e-08
1.79575,0.785398160122542,-3.49926218243132e-08
1.795875,0.785398160162551,-3.49926218243132e-08
1.796,0.785398160202301,-8.02752670113023e-08
1.796125,0.785398160241785,-8.02752670113023e-08
1.79625,0.785398160280997,-8.02752670113023e-08
1.796375,0.785398160319931,-8.02752670113023e-08
1.7965,0.785398160358581,-8.02752670113023e-08
1.796625,0.785398160396942,-8.02752670113023e-08
1.79675,0.785398160435007,-8.02752670113023e-08
1.796875,0.785398160472771,-8.02752670113023e-08
1.797,0.785398160510228,-8.37907145154641e-08
1.797125,0.785398160547373,-8.37907145154641e-08
1.79725,0.7853981605842,-8.37907145154641e-08
1.797375,0.785398160620704,-8.37907145154641e-08
1.7975,0.785398160656878,-8.37907145154641e-08
1.797625,0.785398160692718,-8.37907145154641e-08
1.79775,0.785398160728219,-8.37907145154641e-08
1.797875,0.785398160763374,-8.37907145154641e-08
1.798,0.785398160798179,-8.59072695593836e-08
1.798125,0.785398160832629,-8.59072695593836e-08
1.79825,0.785398160866718,-8.59072695593836e-08
1.798375,0.785398160900442,-8.59072695593836e-08
1.7985,0.785398160933796,-8.59072695593836e-08
1.798625,0.785398160966775,-8.59072695593836e-08
1.79875,0.785398160999374,-8.59072695593836e-08
1.798875,0.785398161031589,-8.59072695593836e-08
1.799,0.785398161063414,-8.65692254457748e-08
1.799125,0.785398161094847,-8.65692254457748e-08
1.79925,0.785398161125881,-8.65692254457748e-08
1.799375,0.785398161156514,-8.65692254457748e-08
1.7995,0.78539816118674,-8.65692254457748e-08
1.799625,0.785398161216556,-8.65692254457748e-08
1.79975,0.785398161245958,-8.65692254457748e-08
1.799875,0.785398161274941,-8.65692254457748e-08
1.8,0.785398161303503,-8.57594566929779e-08
1.800125,0.785398161331639,-8.57594566929779e-08
1.80025,0.785398161359346,-8.57594566929779e-08
1.800375,0.785398161386621,-8.57594566929779e-08
1.8005,0.78539816141346,-8.57594566929779e-08
1.800625,0.78539816143986,-8.57594566929779e-08
1.80075,0.785398161465818,-8.57594566929779e-08
1.800875,0.785398161491331,-8.57594566929779e-08
1.801,0.785398161516396,-1.27483149845828e-07
1.801125,0.785398161541011,-1.27483149845828e-07
1.80125,0.785398161565172,-1.27483149845828e-07
1.801375,0.785398161588878,-1.27483149845828e-07
1.8015,0.785398161612125,-1.27483149845828e-07
1.801625,0.785398161634911,-1.27483149845828e-07
1.80175,0.785398161657235,-1.27483149845828e-07
1.801875,0.785398161679092,-1.27483149845828e-07
1.802,0.785398161700482,-1.24293083203222e-07
1.802125,0.785398161721401,-1.24293083203222e-07
1.80225,0.785398161741848,-1.24293083203222e-07
1.802375,0.785398161761821,-1.24293083203222e-07
1.8025,0.785398161781318,-1.24293083203222e-07
1.802625,0.785398161800337,-1.24293083203222e-07
1.80275,0.785398161818876,-1.24293083203222e-07
1.802875,0.785398161836933,-1.24293083203222e-07
1.803,0.785398161854508,-1.19799556174734e-07
1.803125,0.785398161871597,-1.19799556174734e-07
1.80325,0.7853981618882,-1.19799556174734e-07
1.803375,0.785398161904316,-1.19799556174734e-07
1.8035,0.785398161919944,-1.19799556174734e-07
1.803625,0.785398161935081,-1.19799556174734e-07
1.80375,0.785398161949728,-1.19799556174734e-07
1.803875,0.785398161963882,-1.19799556174734e-07
1.804,0.785398161977544,-1.14031496278911e-07
1.804125,0.785398161990713,-1.14031496278911e-07
1.80425,0.785398162003388,-1.14031496278911e-07
1.804375,0.785398162015568,-1.14031496278911e-07
1.8045,0.785398162027253,-1.14031496278911e-07
1.804625,0.785398162038442,-1.14031496278911e-07
1.80475,0.785398162049136,-1.14031496278911e-07
1.804875,0.785398162059335,-1.14031496278911e-07
1.805,0.785398162069038,-1.07052267028115e-07
1.805125,0.785398162078245,-1.07052267028115e-07
1.80525,0.785398162086957,-1.07052267028115e-07
1.805375,0.785398162095174,-1.07052267028115e-07
1.8055,0.785398162102897,-1.07052267028115e-07
1.805625,0.785398162110126,-1.07052267028115e-07
1.80575,0.785398162116861,-1.07052267028115e-07
1.805875,0.785398162123105,-1.07052267028115e-07
1.806,0.785398162128856,-1.34618028175611e-07
1.806125,0.785398162134118,-1.34618028175611e-07
1.80625,0.78539816213889,-1.34618028175611e-07
1.806375,0.785398162143174,-1.34618028175611e-07
1.8065,0.785398162146972,-1.34618028175611e-07
1.806625,0.785398162150283,-1.34618028175611e-07
1.80675,0.785398162153111,-1.34618028175611e-07
1.806875,0.785398162155456,-1.34618028175611e-07
1.807,0.785398162157319,-1.2591369465275e-07
1.807125,0.785398162158703,-1.2591369465275e-07
1.80725,0.785398162159609,-1.2591369465275e-07
1.807375,0.785398162160039,-1.2591369465275e-07
1.8075,0.785398162159994,-1.2591369465275e-07
1.807625,0.785398162159477,-1.2591369465275e-07
1.80775,0.785398162158489,-1.2591369465275e-07
1.807875,0.785398162157033,-1.2591369465275e-07
1.808,0.78539816215511,-1.1637295289366e-07
1.808125,0.785398162152724,-1.1637295289366e-07
1.80825,0.785398162149875,-1.1637295289366e-07
1.808375,0.785398162146567,-1.1637295289366e-07
1.8085,0.785398162142803,-1.1637295289366e-07
1.808625,0.785398162138583,-1.1637295289366e-07
1.80875,0.785398162133912,-1.1637295289366e-07
1.808875,0.785398162128792,-1.1637295289366e-07
1.809,0.785398162123226,-1.06092446832767e-07
1.809125,0.785398162117217,-1.06092446832767e-07
1.80925,0.785398162110766,-1.06092446832767e-07
1.809375,0.785398162103879,-1.06092446832767e-07
1.8095,0.785398162096557,-1.06092446832767e-07
1.809625,0.785398162088804,-1.06092446832767e-07
1.80975,0.785398162080624,-1.06092446832767e-07
1.809875,0.785398162072018,-1.06092446832767e-07
1.81,0.785398162062992,-9.51901707300281e-08
1.810125,0.785398162053549,-9.51901707300281e-08
1.81025,0.785398162043692,-9.51901707300281e-08
1.810375,0.785398162033424,-9.51901707300281e-08
1.8105,0.785398162022751,-9.51901707300281e-08
1.810625,0.785398162011675,-9.51901707300281e-08
1.81075,0.7853981620002,-9.51901707300281e-08
1.810875,0.785398161988331,-9.51901707300281e-08
1.811,0.785398161976072,-1.02946265480253e-07
1.811125,0.785398161963427,-1.02946265480253e-07
1.81125,0.785398161950399,-1.02946265480253e-07
1.811375,0.785398161936995,-1.02946265480253e-07
1.8115,0.785398161923217,-1.02946265480253e-07
1.811625,0.78539816190907,-1.02946265480253e-07
1.81175,0.785398161894559,-1.02946265480253e-07
1.811875,0.785398161879688,-1.02946265480253e-07
1.812,0.785398161864461,-9.14341646861307e-08
1.812125,0.785398161848884,-9.14341646861307e-08
1.81225,0.785398161832961,-9.14341646861307e-08
1.812375,0.785398161816696,-9.14341646861307e-08
1.8125,0.785398161800095,-9.14341646861307e-08
1.812625,0.785398161783162,-9.14341646861307e-08
1.81275,0.785398161765902,-9.14341646861307e-08
1.812875,0.78539816174832,-9.14341646861307e-08
1.813,0.785398161730421,-7.97572717686639e-08
1.813125,0.78539816171221,-7.97572717686639e-08
1.81325,0.785398161693692,-7.97572717686639e-08
1.813375,0.785398161674872,-7.97572717686639e-08
1.8135,0.785398161655755,-7.97572717686639e-08
1.813625,0.785398161636346,-7.97572717686639e-08
1.81375,0.785398161616651,-7.97572717686639e-08
1.813875,0.785398161596675,-7.97572717686639e-08
1.814,0.785398161576423,-6.80448617769168e-08
1.814125,0.7853981615559,-6.80448617769168e-08
1.81425,0.785398161535113,-6.80448617769168e-08
1.814375,0.785398161514065,-6.80448617769168e-08
1.8145,0.785398161492764,-6.80448617769168e-08
1.814625,0.785398161471214,-6.80448617769168e-08
1.81475,0.78539816144942,-6.80448617769168e-08
1.814875,0.785398161427389,-6.80448617769168e-08
1.815,0.785398161405127,-5.64300499302739e-08
1.815125,0.785398161382637,-5.64300499302739e-08
1.81525,0.785398161359928,-5.64300499302739e-08
1.815375,0.785398161337003,-5.64300499302739e-08
1.8155,0.785398161313869,-5.64300499302739e-08
1.815625,0.785398161290531,-5.64300499302739e-08
1.81575,0.785398161266996,-5.64300499302739e-08
1.815875,0.785398161243269,-5.64300499302739e-08
1.816,0.785398161219356,-4.48983160788184e-08
1.816125,0.785398161195264,-4.48983160788184e-08
1.81625,0.785398161170996,-4.48983160788184e-08
1.816375,0.785398161146561,-4.48983160788184e-08
1.8165,0.785398161121963,-4.48983160788184e-08
1.816625,0.785398161097209,-4.48983160788184e-08
1.81675,0.785398161072304,-4.48983160788184e-08
1.816875,0.785398161047255,-4.48983160788184e-08
1.817,0.785398161022067,-3.38856422718201e-08
1.817125,0.785398160996748,-3.38856422718201e-08
1.81725,0.785398160971301,-3.38856422718201e-08
1.817375,0.785398160945735,-3.38856422718201e-08
1.8175,0.785398160920054,-3.38856422718201e-08
1.817625,0.785398160894265,-3.38856422718201e-08
1.81775,0.785398160868374,-3.38856422718201e-08
1.817875,0.785398160842387,-3.38856422718201e-08
1.818,0.78539816081631,-2.33720043170094e-08
1.818125,0.785398160790149,-2.33720043170094e-08
1.81825,0.785398160763911,-2.33720043170094e-08
1.818375,0.7853981607376,-2.33720043170094e-08
1.8185,0.785398160711225,-2.33720043170094e-08
1.818625,0.785398160684789,-2.33720043170094e-08
1.81875,0.785398160658301,-2.33720043170094e-08
1.818875,0.785398160631765,-2.33720043170094e-08
1.819,0.785398160605188,-1.34777726069531e-08
1.819125,0.785398160578575,-1.34777726069531e-08
1.81925,0.785398160551934,-1.34777726069531e-08
1.819375,0.785398160525269,-1.34777726069531e-08
1.8195,0.785398160498588,-1.34777726069531e-08
1.819625,0.785398160471895,-1.34777726069531e-08
1.81975,0.785398160445197,-1.34777726069531e-08
1.819875,0.7853981604185,-1.34777726069531e-08
1.82,0.78539816039181,-4.31065187320596e-09
1.820125,0.785398160365133,-4.31065187320596e-09
1.82025,0.785398160338475,-4.31065187320596e-09
1.820375,0.785398160311841,-4.31065187320596e-09
1.8205,0.785398160285237,-4.31065187320596e-09
1.820625,0.78539816025867,-4.31065187320596e-09
1.82075,0.785398160232145,-4.31065187320596e-09
1.820875,0.785398160205668,-4.31065187320596e-09
1.821,0.785398160179244,2.04835306461134e-08
1.821125,0.78539816015288,2.04835306461134e-08
1.82125,0.785398160126581,2.04835306461134e-08
1.821375,0.785398160100352,2.04835306461134e-08
1.8215,0.7853981600742,2.04835306461134e-08
1.821625,0.78539816004813,2.04835306461134e-08
1.82175,0.785398160022147,2.04835306461134e-08
1.821875,0.785398159996258,2.04835306461134e-08
1.822,0.785398159970468,2.81006307339831e-08
1.822125,0.785398159944783,2.81006307339831e-08
1.82225,0.785398159919207,2.81006307339831e-08
1.822375,0.785398159893747,2.81006307339831e-08
1.8225,0.785398159868408,2.81006307339831e-08
1.822625,0.785398159843195,2.81006307339831e-08
1.82275,0.785398159818115,2.81006307339831e-08
1.822875,0.785398159793172,2.81006307339831e-08
1.823,0.785398159768371,3.47548139288767e-08
1.823125,0.785398159743719,3.47548139288767e-08
1.82325,0.785398159719219,3.47548139288767e-08
1.823375,0.785398159694879,3.47548139288767e-08
1.8235,0.785398159670702,3.47548139288767e-08
1.823625,0.785398159646694,3.47548139288767e-08
1.82375,0.78539815962286,3.47548139288767e-08
1.823875,0.785398159599205,3.47548139288767e-08
1.824,0.785398159575734,4.0369999219887e-08
1.824125,0.785398159552452,4.0369999219887e-08
1.82425,0.785398159529364,4.0369999219887e-08
1.824375,0.785398159506474,4.0369999219887e-08
1.8245,0.785398159483789,4.0369999219887e-08
1.824625,0.785398159461311,4.0369999219887e-08
1.82475,0.785398159439046,4.0369999219887e-08
1.824875,0.785398159416999,4.0369999219887e-08
1.825,0.785398159395174,4.48935949893951e-08
1.825125,0.785398159373576,4.48935949893951e-08
1.82525,0.785398159352209,4.48935949893951e-08
1.825375,0.785398159331076,4.48935949893951e-08
1.8255,0.785398159310184,4.48935949893951e-08
1.825625,0.785398159289535,4.48935949893951e-08
1.82575,0.785398159269134,4.48935949893951e-08
1.825875,0.785398159248985,4.48935949893951e-08
1.826,0.785398159229092,7.36330720174941e-08
1.826125,0.785398159209459,7.36330720174941e-08
1.82625,0.78539815919009,7.36330720174941e-08
1.826375,0.785398159170988,7.36330720174941e-08
1.8265,0.785398159152157,7.36330720174941e-08
1.826625,0.785398159133602,7.36330720174941e-08
1.82675,0.785398159115326,7.36330720174941e-08
1.826875,0.785398159097332,7.36330720174941e-08
1.827,0.785398159079624,7.61764321266571e-08
1.827125,0.785398159062206,7.61764321266571e-08
1.82725,0.785398159045081,7.61764321266571e-08
1.827375,0.785398159028252,7.61764321266571e-08
1.8275,0.785398159011724,7.61764321266571e-08
1.827625,0.785398158995498,7.61764321266571e-08
1.82775,0.785398158979579,7.61764321266571e-08
1.827875,0.78539815896397,7.61764321266571e-08
1.828,0.785398158948674,7.76108125083288e-08
1.828125,0.785398158933694,7.76108125083288e-08
1.82825,0.785398158919033,7.76108125083288e-08
1.828375,0.785398158904693,7.76108125083288e-08
1.8285,0.785398158890678,7.76108125083288e-08
1.828625,0.785398158876991,7.76108125083288e-08
1.82875,0.785398158863634,7.76108125083288e-08
1.828875,0.78539815885061,7.76108125083288e-08
1.829,0.785398158837921,7.79238990958805e-08
1.829125,0.785398158825571,7.79238990958805e-08
1.82925,0.78539815881356,7.79238990958805e-08
1.829375,0.785398158801893,7.79238990958805e-08
1.8295,0.78539815879057,7.79238990958805e-08
1.829625,0.785398158779595,7.79238990958805e-08
1.82975,0.785398158768969,7.79238990958805e-08
1.829875,0.785398158758694,7.79238990958805e-08
1.83,0.785398158748772,7.71293770122823e-08
1.830125,0.785398158739206,7.71293770122823e-08
1.83025,0.785398158729996,7.71293770122823e-08
1.830375,0.785398158721145,7.71293770122823e-08
1.8305,0.785398158712654,7.71293770122823e-08
1.830625,0.785398158704524,7.71293770122823e-08
1.83075,0.785398158696758,7.71293770122823e-08
1.830875,0.785398158689356,7.71293770122823e-08
1.831,0.785398158682319,1.00186235865397e-07
1.831125,0.785398158675649,1.00186235865397e-07
1.83125,0.785398158669347,1.00186235865397e-07
1.831375,0.785398158663413,1.00186235865397e-07
1.8315,0.78539815865785,1.00186235865397e-07
1.831625,0.785398158652656,1.00186235865397e-07
1.83175,0.785398158647835,1.00186235865397e-07
1.831875,0.785398158643386,1.00186235865397e-07
1.832,0.78539815863931,9.75807577228436e-08
1.832125,0.785398158635607,9.75807577228436e-08
1.83225,0.785398158632279,9.75807577228436e-08
1.832375,0.785398158629326,9.75807577228436e-08
1.8325,0.785398158626748,9.75807577228436e-08
1.832625,0.785398158624546,9.75807577228436e-08
1.83275,0.78539815862272,9.75807577228436e-08
1.832875,0.78539815862127,9.75807577228436e-08
1.833,0.785398158620196,9.40536841753243e-08
1.833125,0.785398158619499,9.40536841753243e-08
1.83325,0.785398158619179,9.40536841753243e-08
1.833375,0.785398158619236,9.40536841753243e-08
1.8335,0.785398158619668,9.40536841753243e-08
1.833625,0.785398158620478,9.40536841753243e-08
1.83375,0.785398158621663,9.40536841753243e-08
1.833875,0.785398158623224,9.40536841753243e-08
1.834,0.78539815862516,8.96557300815132e-08
1.834125,0.785398158627471,8.96557300815132e-08
1.83425,0.785398158630157,8.96557300815132e-08
1.834375,0.785398158633216,8.96557300815132e-08
1.8345,0.785398158636648,8.96557300815132e-08
1.834625,0.785398158640453,8.96557300815132e-08
1.83475,0.785398158644629,8.96557300815132e-08
1.834875,0.785398158649175,8.96557300815132e-08
1.835,0.785398158654091,8.44578064176345e-08
1.835125,0.785398158659374,8.44578064176345e-08
1.83525,0.785398158665025,8.44578064176345e-08
1.835375,0.785398158671042,8.44578064176345e-08
1.8355,0.785398158677424,8.44578064176345e-08
1.835625,0.785398158684169,8.44578064176345e-08
1.83575,0.785398158691275,8.44578064176345e-08
1.835875,0.785398158698741,8.44578064176345e-08
1.836,0.785398158706566,9.47130855055013e-08
1.836125,0.785398158714747,9.47130855055013e-08
1.83625,0.785398158723283,9.47130855055013e-08
1.836375,0.785398158732173,9.47130855055013e-08
1.8365,0.785398158741413,9.47130855055013e-08
1.836625,0.785398158751003,9.47130855055013e-08
1.83675,0.78539815876094,9.47130855055013e-08
1.836875,0.785398158771222,9.47130855055013e-08
1.837,0.785398158781848,8.83737809109918e-08
1.837125,0.785398158792814,8.83737809109918e-08
1.83725,0.785398158804119,8.83737809109918e-08
1.837375,0.78539815881576,8.83737809109918e-08
1.8375,0.785398158827736,8.83737809109918e-08
1.837625,0.785398158840043,8.83737809109918e-08
1.83775,0.785398158852679,8.83737809109918e-08
1.837875,0.785398158865642,8.83737809109918e-08
1.838,0.785398158878929,8.15511896865813e-08
1.838125,0.785398158892538,8.15511896865813e-08
1.83825,0.785398158906465,8.15511896865813e-08
1.838375,0.785398158920708,8.15511896865813e-08
1.8385,0.785398158935265,8.15511896865813e-08
1.838625,0.785398158950133,8.15511896865813e-08
1.83875,0.785398158965307,8.15511896865813e-08
1.838875,0.785398158980787,8.15511896865813e-08
1.839,0.785398158996568,7.43400263850681e-08
1.839125,0.785398159012647,7.43400263850681e-08
1.83925,0.785398159029022,7.43400263850681e-08
1.839375,0.78539815904569,7.43400263850681e-08
1.8395,0.785398159062646,7.43400263850681e-08
1.839625,0.785398159079888,7.43400263850681e-08
1.83975,0.785398159097413,7.43400263850681e-08
1.839875,0.785398159115216,7.43400263850681e-08
1.84,0.785398159133296,6.6843497106072e-08
1.840125,0.785398159151647,6.6843497106072e-08
1.84025,0.785398159170267,6.6843497106072e-08
1.840375,0.785398159189153,6.6843497106072e-08
1.8405,0.785398159208299,6.6843497106072e-08
1.840625,0.785398159227704,6.6843497106072e-08
1.84075,0.785398159247363,6.6843497106072e-08
1.840875,0.785398159267272,6.6843497106072e-08
1.841,0.785398159287428,6.1540312260847e-08
1.841125,0.785398159307826,6.1540312260847e-08
1.84125,0.785398159328464,6.1540312260847e-08
1.841375,0.785398159349336,6.1540312260847e-08
1.8415,0.785398159370439,6.1540312260847e-08
1.841625,0.785398159391769,6.1540312260847e-08
1.84175,0.785398159413323,6.1540312260847e-08
1.841875,0.785398159435095,6.1540312260847e-08
1.842,0.785398159457082,5.38361465809489e-08
1.842125,0.78539815947928,5.38361465809489e-08
1.84225,0.785398159501684,5.38361465809489e-08
1.842375,0.78539815952429,5.38361465809489e-08
1.8425,0.785398159547095,5.38361465809489e-08
1.842625,0.785398159570093,5.38361465809489e-08
1.84275,0.785398159593281,5.38361465809489e-08
1.842875,0.785398159616654,5.38361465809489e-08
1.843,0.785398159640208,4.61895080128054e-08
1.843125,0.785398159663939,4.61895080128054e-08
1.84325,0.785398159687842,4.61895080128054e-08
1.843375,0.785398159711912,4.61895080128054e-08
1.8435,0.785398159736146,4.61895080128054e-08
1.843625,0.785398159760538,4.61895080128054e-08
1.84375,0.785398159785085,4.61895080128054e-08
1.843875,0.785398159809781,4.61895080128054e-08
1.844,0.785398159834623,3.87088607030916e-08
1.844125,0.785398159859606,3.87088607030916e-08
1.84425,0.785398159884725,3.87088607030916e-08
1.844375,0.785398159909975,3.87088607030916e-08
1.8445,0.785398159935352,3.87088607030916e-08
1.844625,0.785398159960852,3.87088607030916e-08
1.84475,0.78539815998647,3.87088607030916e-08
1.844875,0.785398160012201,3.87088607030916e-08
1.845,0.78539816003804,3.14974797595116e-08
1.845125,0.785398160063984,3.14974797595116e-08
1.84525,0.785398160090026,3.14974797595116e-08
1.845375,0.785398160116164,3.14974797595116e-08
1.8455,0.785398160142391,3.14974797595116e-08
1.845625,0.785398160168704,3.14974797595116e-08
1.84575,0.785398160195098,3.14974797595116e-08
1.845875,0.785398160221567,3.14974797595116e-08
1.846,0.785398160248108,1.26712772397404e-08
1.846125,0.785398160274716,1.26712772397404e-08
1.84625,0.785398160301386,1.26712772397404e-08
1.846375,0.785398160328114,1.26712772397404e-08
1.8465,0.785398160354894,1.26712772397404e-08
1.846625,0.785398160381722,1.26712772397404e-08
1.84675,0.785398160408593,1.26712772397404e-08
1.846875,0.785398160435503,1.26712772397404e-08
1.847,0.785398160462447,6.15724363362347e-09
1.847125,0.78539816048942,6.15724363362347e-09
1.84725,0.785398160516417,6.15724363362347e-09
1.847375,0.785398160543434,6.15724363362347e-09
1.8475,0.785398160570466,6.15724363362347e-09
1.847625,0.785398160597508,6.15724363362347e-09
1.84775,0.785398160624556,6.15724363362347e-09
1.847875,0.785398160651604,6.15724363362347e-09
1.848,0.785398160678648,1.78396404318899e-10
1.848125,0.785398160705684,1.78396404318899e-10
1.84825,0.785398160732707,1.78396404318899e-10
1.848375,0.785398160759711,1.78396404318899e-10
1.8485,0.785398160786693,1.78396404318899e-10
1.848625,0.785398160813647,1.78396404318899e-10
1.84875,0.78539816084057,1.78396404318899e-10
1.848875,0.785398160867455,1.78396404318899e-10
1.849,0.7853981608943,-5.17478520180287e-09
1.849125,0.785398160921099,-5.17478520180287e-09
1.84925,0.785398160947848,-5.17478520180287e-09
1.849375,0.785398160974541,-5.17478520180287e-09
1.8495,0.785398161001176,-5.17478520180287e-09
1.849625,0.785398161027747,-5.17478520180287e-09
1.84975,0.785398161054249,-5.17478520180287e-09
1.849875,0.785398161080679,-5.17478520180287e-09
1.85,0.785398161107031,-9.82850534182803e-09
1.850125,0.785398161133303,-9.82850534182803e-09
1.85025,0.785398161159488,-9.82850534182803e-09
1.850375,0.785398161185584,-9.82850534182803e-09
1.8505,0.785398161211585,-9.82850534182803e-09
1.850625,0.785398161237488,-9.82850534182803e-09
1.85075,0.785398161263288,-9.82850534182803e-09
1.850875,0.785398161288981,-9.82850534182803e-09
1.851,0.785398161314564,-3.63477277882941e-08
1.851125,0.785398161340032,-3.63477277882941e-08
1.85125,0.785398161365381,-3.63477277882941e-08
1.851375,0.785398161390607,-3.63477277882941e-08
1.8515,0.785398161415706,-3.63477277882941e-08
1.851625,0.785398161440674,-3.63477277882941e-08
1.85175,0.785398161465507,-3.63477277882941e-08
1.851875,0.785398161490202,-3.63477277882941e-08
1.852,0.785398161514753,-3.96877458303989e-08
1.852125,0.785398161539158,-3.96877458303989e-08
1.85225,0.785398161563413,-3.96877458303989e-08
1.852375,0.785398161587513,-3.96877458303989e-08
1.8525,0.785398161611455,-3.96877458303989e-08
1.852625,0.785398161635235,-3.96877458303989e-08
1.85275,0.785398161658849,-3.96877458303989e-08
1.852875,0.785398161682294,-3.96877458303989e-08
1.853,0.785398161705566,-4.22114067719721e-08
1.853125,0.785398161728661,-4.22114067719721e-08
1.85325,0.785398161751575,-4.22114067719721e-08
1.853375,0.785398161774306,-4.22114067719721e-08
1.8535,0.785398161796849,-4.22114067719721e-08
1.853625,0.785398161819202,-4.22114067719721e-08
1.85375,0.78539816184136,-4.22114067719721e-08
1.853875,0.78539816186332,-4.22114067719721e-08
1.854,0.78539816188508,-4.38700933407142e-08
1.854125,0.785398161906635,-4.38700933407142e-08
1.85425,0.785398161927983,-4.38700933407142e-08
1.854375,0.785398161949119,-4.38700933407142e-08
1.8545,0.785398161970042,-4.38700933407142e-08
1.854625,0.785398161990748,-4.38700933407142e-08
1.85475,0.785398162011235,-4.38700933407142e-08
1.854875,0.785398162031498,-4.38700933407142e-08
1.855,0.785398162051535,-4.46380054209536e-08
1.855125,0.785398162071344,-4.46380054209536e-08
1.85525,0.785398162090922,-4.46380054209536e-08
1.855375,0.785398162110265,-4.46380054209536e-08
1.8555,0.785398162129372,-4.46380054209536e-08
1.855625,0.78539816214824,-4.46380054209536e-08
1.85575,0.785398162166866,-4.46380054209536e-08
1.855875,0.785398162185247,-4.46380054209536e-08
1.856,0.785398162203382,-7.12408299179643e-08
1.856125,0.785398162221269,-7.12408299179643e-08
1.85625,0.785398162238904,-7.12408299179643e-08
1.856375,0.785398162256286,-7.12408299179643e-08
1.8565,0.785398162273412,-7.12408299179643e-08
1.856625,0.78539816229028,-7.12408299179643e-08
1.85675,0.785398162306889,-7.12408299179643e-08
1.856875,0.785398162323235,-7.12408299179643e-08
1.857,0.785398162339318,-7.05214554879212e-08
1.857125,0.785398162355134,-7.05214554879212e-08
1.85725,0.785398162370683,-7.05214554879212e-08
1.857375,0.785398162385961,-7.05214554879212e-08
1.8575,0.785398162400968,-7.05214554879212e-08
1.857625,0.785398162415701,-7.05214554879212e-08
1.85775,0.785398162430159,-7.05214554879212e-08
1.857875,0.78539816244434,-7.05214554879212e-08
1.858,0.785398162458242,-6.89660640782942e-08
1.858125,0.785398162471864,-6.89660640782942e-08
1.85825,0.785398162485203,-6.89660640782942e-08
1.858375,0.785398162498259,-6.89660640782942e-08
1.8585,0.785398162511031,-6.89660640782942e-08
1.858625,0.785398162523516,-6.89660640782942e-08
1.85875,0.785398162535714,-6.89660640782942e-08
1.858875,0.785398162547622,-6.89660640782942e-08
1.859,0.785398162559241,-6.65776483430204e-08
1.859125,0.785398162570568,-6.65776483430204e-08
1.85925,0.785398162581604,-6.65776483430204e-08
1.859375,0.785398162592346,-6.65776483430204e-08
1.8595,0.785398162602793,-6.65776483430204e-08
1.859625,0.785398162612946,-6.65776483430204e-08
1.85975,0.785398162622802,-6.65776483430204e-08
1.859875,0.785398162632362,-6.65776483430204e-08
1.86,0.785398162641625,-6.33814380660384e-08
1.860125,0.785398162650589,-6.33814380660384e-08
1.86025,0.785398162659255,-6.33814380660384e-08
1.860375,0.785398162667622,-6.33814380660384e-08
1.8605,0.78539816267569,-6.33814380660384e-08
1.860625,0.785398162683457,-6.33814380660384e-08
1.86075,0.785398162690925,-6.33814380660384e-08
1.860875,0.785398162698093,-6.33814380660384e-08
1.861,0.78539816270496,-8.30408017434542e-08
1.861125,0.785398162711528,-8.30408017434542e-08
1.86125,0.785398162717794,-8.30408017434542e-08
1.861375,0.785398162723761,-8.30408017434542e-08
1.8615,0.785398162729428,-8.30408017434542e-08
1.861625,0.785398162734794,-8.30408017434542e-08
1.86175,0.785398162739861,-8.30408017434542e-08
1.861875,0.785398162744628,-8.30408017434542e-08
1.862,0.785398162749095,-7.86390672712836e-08
1.862125,0.785398162753264,-7.86390672712836e-08
1.86225,0.785398162757133,-7.86390672712836e-08
1.862375,0.785398162760705,-7.86390672712836e-08
1.8625,0.785398162763979,-7.86390672712836e-08
1.862625,0.785398162766955,-7.86390672712836e-08
1.86275,0.785398162769634,-7.86390672712836e-08
1.862875,0.785398162772018,-7.86390672712836e-08
1.863,0.785398162774105,-7.3626760949356e-08
1.863125,0.785398162775898,-7.3626760949356e-08
1.86325,0.785398162777397,-7.3626760949356e-08
1.863375,0.785398162778603,-7.3626760949356e-08
1.8635,0.785398162779516,-7.3626760949356e-08
1.863625,0.785398162780138,-7.3626760949356e-08
1.86375,0.78539816278047,-7.3626760949356e-08
1.863875,0.785398162780512,-7.3626760949356e-08
1.864,0.785398162780266,-6.80524654862146e-08
1.864125,0.785398162779732,-6.80524654862146e-08
1.86425,0.785398162778913,-6.80524654862146e-08
1.864375,0.785398162777808,-6.80524654862146e-08
1.8645,0.785398162776421,-6.80524654862146e-08
1.864625,0.785398162774751,-6.80524654862146e-08
1.86475,0.785398162772801,-6.80524654862146e-08
1.864875,0.785398162770571,-6.80524654862146e-08
1.865,0.785398162768064,-6.19804206069903e-08
1.865125,0.785398162765281,-6.19804206069903e-08
1.86525,0.785398162762224,-6.19804206069903e-08
1.865375,0.785398162758894,-6.19804206069903e-08
1.8655,0.785398162755293,-6.19804206069903e-08
1.865625,0.785398162751423,-6.19804206069903e-08
1.86575,0.785398162747286,-6.19804206069903e-08
1.865875,0.785398162742884,-6.19804206069903e-08
1.866,0.785398162738219,-7.02446891473719e-08
1.866125,0.785398162733292,-7.02446891473719e-08
1.86625,0.785398162728107,-7.02446891473719e-08
1.866375,0.785398162722664,-7.02446891473719e-08
1.8665,0.785398162716967,-7.02446891473719e-08
1.866625,0.785398162711017,-7.02446891473719e-08
1.86675,0.785398162704817,-7.02446891473719e-08
1.866875,0.785398162698369,-7.02446891473719e-08
1.867,0.785398162691675,-6.35835395165833e-08
1.867125,0.785398162684738,-6.35835395165833e-08
1.86725,0.785398162677559,-6.35835395165833e-08
1.867375,0.785398162670142,-6.35835395165833e-08
1.8675,0.785398162662489,-6.35835395165833e-08
1.867625,0.785398162654602,-6.35835395165833e-08
1.86775,0.785398162646484,-6.35835395165833e-08
1.867875,0.785398162638138,-6.35835395165833e-08
1.868,0.785398162629565,-5.66961764833984e-08
1.868125,0.785398162620769,-5.66961764833984e-08
1.86825,0.785398162611753,-5.66961764833984e-08
1.868375,0.785398162602518,-5.66961764833984e-08
1.8685,0.785398162593068,-5.66961764833984e-08
1.868625,0.785398162583406,-5.66961764833984e-08
1.86875,0.785398162573534,-5.66961764833984e-08
1.868875,0.785398162563455,-5.66961764833984e-08
1.869,0.785398162553172,-4.96580595672814e-08
1.869125,0.785398162542688,-4.96580595672814e-08
1.86925,0.785398162532006,-4.96580595672814e-08
1.869375,0.785398162521128,-4.96580595672814e-08
1.8695,0.785398162510059,-4.96580595672814e-08
1.869625,0.7853981624988,-4.96580595672814e-08
1.86975,0.785398162487356,-4.96580595672814e-08
1.869875,0.785398162475728,-4.96580595672814e-08
1.87,0.785398162463921,-4.25501256124755e-08
1.870125,0.785398162451937,-4.25501256124755e-08
1.87025,0.78539816243978,-4.25501256124755e-08
1.870375,0.785398162427452,-4.25501256124755e-08
1.8705,0.785398162414957,-4.25501256124755e-08
1.870625,0.785398162402299,-4.25501256124755e-08
1.87075,0.78539816238948,-4.25501256124755e-08
1.870875,0.785398162376504,-4.25501256124755e-08
1.871,0.785398162363374,-3.86200346798183e-08
1.871125,0.785398162350094,-3.86200346798183e-08
1.87125,0.785398162336667,-3.86200346798183e-08
1.871375,0.785398162323097,-3.86200346798183e-08
1.8715,0.785398162309386,-3.86200346798183e-08
1.871625,0.785398162295539,-3.86200346798183e-08
1.87175,0.785398162281558,-3.86200346798183e-08
1.871875,0.785398162267448,-3.86200346798183e-08
1.872,0.785398162253212,-3.16664156612415e-08
1.872125,0.785398162238853,-3.16664156612415e-08
1.87225,0.785398162224374,-3.16664156612415e-08
1.872375,0.785398162209781,-3.16664156612415e-08
1.8725,0.785398162195075,-3.16664156612415e-08
1.872625,0.785398162180261,-3.16664156612415e-08
1.87275,0.785398162165342,-3.16664156612415e-08
1.872875,0.785398162150321,-3.16664156612415e-08
1.873,0.785398162135203,-2.49047964644385e-08
1.873125,0.785398162119992,-2.49047964644385e-08
1.87325,0.785398162104689,-2.49047964644385e-08
1.873375,0.7853981620893,-2.49047964644385e-08
1.8735,0.785398162073829,-2.49047964644385e-08
1.873625,0.785398162058277,-2.49047964644385e-08
1.87375,0.78539816204265,-2.49047964644385e-08
1.873875,0.785398162026951,-2.49047964644385e-08
1.874,0.785398162011183,-1.84126110559983e-08
1.874125,0.785398161995351,-1.84126110559983e-08
1.87425,0.785398161979457,-1.84126110559983e-08
1.874375,0.785398161963507,-1.84126110559983e-08
1.8745,0.785398161947502,-1.84126110559983e-08
1.874625,0.785398161931448,-1.84126110559983e-08
1.87475,0.785398161915347,-1.84126110559983e-08
1.874875,0.785398161899204,-1.84126110559983e-08
1.875,0.785398161883021,-1.22622326119522e-08
1.875125,0.785398161866803,-1.22622326119522e-08
1.87525,0.785398161850554,-1.22622326119522e-08
1.875375,0.785398161834277,-1.22622326119522e-08
1.8755,0.785398161817975,-1.22622326119522e-08
1.875625,0.785398161801653,-1.22622326119522e-08
1.87575,0.785398161785314,-1.22622326119522e-08
1.875875,0.785398161768961,-1.22622326119522e-08
1.876,0.785398161752598,1.08385598901108e-09
1.876125,0.78539816173623,1.08385598901108e-09
1.87625,0.785398161719859,1.08385598901108e-09
1.876375,0.785398161703489,1.08385598901108e-09
1.8765,0.785398161687123,1.08385598901108e-09
1.876625,0.785398161670766,1.08385598901108e-09
1.87675,0.785398161654421,1.08385598901108e-09
1.876875,0.785398161638091,1.08385598901108e-09
1.877,0.78539816162178,6.436486417454e-09
1.877125,0.785398161605492,6.436486417454e-09
1.87725,0.785398161589231,6.436486417454e-09
1.877375,0.785398161572999,6.436486417454e-09
1.8775,0.7853981615568,6.436486417454e-09
1.877625,0.785398161540638,6.436486417454e-09
1.87775,0.785398161524517,6.436486417454e-09
1.877875,0.78539816150844,6.436486417454e-09
1.878,0.78539816149241,1.1269380788382e-08
1.878125,0.785398161476431,1.1269380788382e-08
1.87825,0.785398161460506,1.1269380788382e-08
1.878375,0.78539816144464,1.1269380788382e-08
1.8785,0.785398161428834,1.1269380788382e-08
1.878625,0.785398161413093,1.1269380788382e-08
1.87875,0.78539816139742,1.1269380788382e-08
1.878875,0.785398161381819,1.1269380788382e-08
1.879,0.785398161366292,1.55264671010813e-08
1.879125,0.785398161350843,1.55264671010813e-08
1.87925,0.785398161335476,1.55264671010813e-08
1.879375,0.785398161320193,1.55264671010813e-08
1.8795,0.785398161304998,1.55264671010813e-08
1.879625,0.785398161289894,1.55264671010813e-08
1.87975,0.785398161274884,1.55264671010813e-08
1.879875,0.785398161259972,1.55264671010813e-08
1.88,0.78539816124516,1.91645620847689e-08
1.880125,0.785398161230451,1.91645620847689e-08
1.88025,0.78539816121585,1.91645620847689e-08
1.880375,0.785398161201357,1.91645620847689e-08
1.8805,0.785398161186977,1.91645620847689e-08
1.880625,0.785398161172713,1.91645620847689e-08
1.88075,0.785398161158567,1.91645620847689e-08
1.880875,0.785398161144543,1.91645620847689e-08
1.881,0.785398161130642,3.66780081641112e-08
1.881125,0.785398161116868,3.66780081641112e-08
1.88125,0.785398161103224,3.66780081641112e-08
1.881375,0.785398161089712,3.66780081641112e-08
1.8815,0.785398161076335,3.66780081641112e-08
1.881625,0.785398161063096,3.66780081641112e-08
1.88175,0.785398161049997,3.66780081641112e-08
1.881875,0.785398161037042,3.66780081641112e-08
1.882,0.785398161024232,3.91536798009181e-08
1.882125,0.785398161011571,3.91536798009181e-08
1.88225,0.78539816099906,3.91536798009181e-08
1.882375,0.785398160986703,3.91536798009181e-08
1.8825,0.785398160974502,3.91536798009181e-08
1.882625,0.78539816096246,3.91536798009181e-08
1.88275,0.785398160950578,3.91536798009181e-08
1.882875,0.785398160938859,3.91536798009181e-08
1.883,0.785398160927306,4.09599151967824e-08
1.883125,0.785398160915922,4.09599151967824e-08
1.88325,0.785398160904707,4.09599151967824e-08
1.883375,0.785398160893665,4.09599151967824e-08
1.8835,0.785398160882798,4.09599151967824e-08
1.883625,0.785398160872107,4.09599151967824e-08
1.88375,0.785398160861596,4.09599151967824e-08
1.883875,0.785398160851266,4.09599151967824e-08
1.884,0.785398160841119,4.20771356945307e-08
1.884125,0.785398160831158,4.20771356945307e-08
1.88425,0.785398160821383,4.20771356945307e-08
1.884375,0.785398160811798,4.20771356945307e-08
1.8845,0.785398160802404,4.20771356945307e-08
1.884625,0.785398160793203,4.20771356945307e-08
1.88475,0.785398160784197,4.20771356945307e-08
1.884875,0.785398160775386,4.20771356945307e-08
1.885,0.785398160766775,4.25017378305024e-08
1.885125,0.785398160758362,4.25017378305024e-08
1.88525,0.785398160750152,4.25017378305024e-08
1.885375,0.785398160742144,4.25017378305024e-08
1.8855,0.78539816073434,4.25017378305024e-08
1.885625,0.785398160726742,4.25017378305024e-08
1.88575,0.785398160719352,4.25017378305024e-08
1.885875,0.785398160712169,4.25017378305024e-08
1.886,0.785398160705197,5.8194847366998e-08
1.886125,0.785398160698435,5.8194847366998e-08
1.88625,0.785398160691886,5.8194847366998e-08
1.886375,0.78539816068555,5.8194847366998e-08
1.8865,0.785398160679429,5.8194847366998e-08
1.886625,0.785398160673523,5.8194847366998e-08
1.88675,0.785398160667834,5.8194847366998e-08
1.886875,0.785398160662362,5.8194847366998e-08
1.887,0.785398160657109,5.74538136945111e-08
1.887125,0.785398160652075,5.74538136945111e-08
1.88725,0.785398160647262,5.74538136945111e-08
1.887375,0.785398160642671,5.74538136945111e-08
1.8875,0.785398160638301,5.74538136945111e-08
1.887625,0.785398160634154,5.74538136945111e-08
1.88775,0.785398160630231,5.74538136945111e-08
1.887875,0.785398160626532,5.74538136945111e-08
1.888,0.785398160623059,5.61001451782745e-08
1.888125,0.785398160619811,5.61001451782745e-08
1.88825,0.785398160616789,5.61001451782745e-08
1.888375,0.785398160613994,5.61001451782745e-08
1.8885,0.785398160611426,5.61001451782745e-08
1.888625,0.785398160609085,5.61001451782745e-08
1.88875,0.785398160606973,5.61001451782745e-08
1.888875,0.785398160605089,5.61001451782745e-08
1.889,0.785398160603434,5.41539806233627e-08
1.889125,0.785398160602007,5.41539806233627e-08
1.88925,0.78539816060081,5.41539806233627e-08
1.889375,0.785398160599842,5.41539806233627e-08
1.8895,0.785398160599103,5.41539806233627e-08
1.889625,0.785398160598593,5.41539806233627e-08
1.88975,0.785398160598313,5.41539806233627e-08
1.889875,0.785398160598262,5.41539806233627e-08
1.89,0.785398160598441,5.16493011319569e-08
1.890125,0.785398160598848,5.16493011319569e-08
1.89025,0.785398160599485,5.16493011319569e-08
1.890375,0.78539816060035,5.16493011319569e-08
1.8905,0.785398160601443,5.16493011319569e-08
1.890625,0.785398160602765,5.16493011319569e-08
1.89075,0.785398160604313,5.16493011319569e-08
1.890875,0.785398160606089,5.16493011319569e-08
1.891,0.785398160608092,6.05951168064738e-08
1.891125,0.78539816061032,6.05951168064738e-08
1.89125,0.785398160612774,6.05951168064738e-08
1.891375,0.785398160615453,6.05951168064738e-08
1.8915,0.785398160618356,6.05951168064738e-08
1.891625,0.785398160621482,6.05951168064738e-08
1.89175,0.785398160624831,6.05951168064738e-08
1.891875,0.785398160628402,6.05951168064738e-08
1.892,0.785398160632194,5.72538021586974e-08
1.892125,0.785398160636206,5.72538021586974e-08
1.89225,0.785398160640438,5.72538021586974e-08
1.892375,0.785398160644888,5.72538021586974e-08
1.8925,0.785398160649556,5.72538021586974e-08
1.892625,0.78539816065444,5.72538021586974e-08
1.89275,0.785398160659539,5.72538021586974e-08
1.892875,0.785398160664853,5.72538021586974e-08
1.893,0.785398160670381,5.35292532322931e-08
1.893125,0.78539816067612,5.35292532322931e-08
1.89325,0.78539816068207,5.35292532322931e-08
1.893375,0.785398160688231,5.35292532322931e-08
1.8935,0.785398160694599,5.35292532322931e-08
1.893625,0.785398160701175,5.35292532322931e-08
1.89375,0.785398160707956,5.35292532322931e-08
1.893875,0.785398160714943,5.35292532322931e-08
1.894,0.785398160722132,4.94727152132817e-08
1.894125,0.785398160729522,4.94727152132817e-08
1.89425,0.785398160737113,4.94727152132817e-08
1.894375,0.785398160744903,4.94727152132817e-08
1.8945,0.785398160752889,4.94727152132817e-08
1.894625,0.785398160761071,4.94727152132817e-08
1.89475,0.785398160769447,4.94727152132817e-08
1.894875,0.785398160778015,4.94727152132817e-08
1.895,0.785398160786773,4.51429994603403e-08
1.895125,0.78539816079572,4.51429994603403e-08
1.89525,0.785398160804854,4.51429994603403e-08
1.895375,0.785398160814173,4.51429994603403e-08
1.8955,0.785398160823675,4.51429994603403e-08
1.895625,0.785398160833358,4.51429994603403e-08
1.89575,0.785398160843221,4.51429994603403e-08
1.895875,0.785398160853261,4.51429994603403e-08
1.896,0.785398160863477,4.48152124720841e-08
1.896125,0.785398160873866,4.48152124720841e-08
1.89625,0.785398160884427,4.48152124720841e-08
1.896375,0.785398160895157,4.48152124720841e-08
1.8965,0.785398160906054,4.48152124720841e-08
1.896625,0.785398160917116,4.48152124720841e-08
1.89675,0.785398160928341,4.48152124720841e-08
1.896875,0.785398160939727,4.48152124720841e-08
1.897,0.785398160951271,4.01868065858651e-08
1.897125,0.785398160962972,4.01868065858651e-08
1.89725,0.785398160974826,4.01868065858651e-08
1.897375,0.785398160986832,4.01868065858651e-08
1.8975,0.785398160998988,4.01868065858651e-08
1.897625,0.785398161011291,4.01868065858651e-08
1.89775,0.785398161023738,4.01868065858651e-08
1.897875,0.785398161036328,4.01868065858651e-08
1.898,0.785398161049057,3.54960039757069e-08
1.898125,0.785398161061925,3.54960039757069e-08
1.89825,0.785398161074927,3.54960039757069e-08
1.898375,0.785398161088062,3.54960039757069e-08
1.8985,0.785398161101327,3.54960039757069e-08
1.898625,0.785398161114719,3.54960039757069e-08
1.89875,0.785398161128237,3.54960039757069e-08
1.898875,0.785398161141877,3.54960039757069e-08
1.899,0.785398161155637,3.08082106333387e-08
1.899125,0.785398161169514,3.08082106333387e-08
1.89925,0.785398161183507,3.08082106333387e-08
1.899375,0.785398161197611,3.08082106333387e-08
1.8995,0.785398161211825,3.08082106333387e-08
1.899625,0.785398161226146,3.08082106333387e-08
1.89975,0.785398161240571,3.08082106333387e-08
1.899875,0.785398161255098,3.08082106333387e-08
1.9,0.785398161269723,2.61881662776332e-08
1.900125,0.785398161284445,2.61881662776332e-08
1.90025,0.78539816129926,2.61881662776332e-08
1.900375,0.785398161314167,2.61881662776332e-08
1.9005,0.785398161329161,2.61881662776332e-08
1.900625,0.78539816134424,2.61881662776332e-08
1.90075,0.785398161359402,2.61881662776332e-08
1.900875,0.785398161374644,2.61881662776332e-08
1.901,0.785398161389962,1.69907559927247e-08
1.901125,0.785398161405355,1.69907559927247e-08
1.90125,0.78539816142082,1.69907559927247e-08
1.901375,0.785398161436353,1.69907559927247e-08
1.9015,0.785398161451952,1.69907559927247e-08
1.901625,0.785398161467614,1.69907559927247e-08
1.90175,0.785398161483336,1.69907559927247e-08
1.901875,0.785398161499115,1.69907559927247e-08
1.902,0.785398161514949,1.26453623452192e-08
1.902125,0.785398161530835,1.26453623452192e-08
1.90225,0.785398161546769,1.26453623452192e-08
1.902375,0.78539816156275,1.26453623452192e-08
1.9025,0.785398161578773,1.26453623452192e-08
1.902625,0.785398161594836,1.26453623452192e-08
1.90275,0.785398161610937,1.26453623452192e-08
1.902875,0.785398161627072,1.26453623452192e-08
1.903,0.785398161643238,8.54898327401407e-09
1.903125,0.785398161659433,8.54898327401407e-09
1.90325,0.785398161675654,8.54898327401407e-09
1.903375,0.785398161691897,8.54898327401407e-09
1.9035,0.785398161708161,8.54898327401407e-09
1.903625,0.785398161724441,8.54898327401407e-09
1.90375,0.785398161740736,8.54898327401407e-09
1.903875,0.785398161757042,8.54898327401407e-09
1.904,0.785398161773356,4.76153249436118e-09
1.904125,0.785398161789675,4.76153249436118e-09
1.90425,0.785398161805998,4.76153249436118e-09
1.904375,0.78539816182232,4.76153249436118e-09
1.9045,0.785398161838639,4.76153249436118e-09
1.904625,0.785398161854952,4.76153249436118e-09
1.90475,0.785398161871257,4.76153249436118e-09
1.904875,0.78539816188755,4.76153249436118e-09
1.905,0.785398161903829,1.33463548192252e-09
1.905125,0.785398161920091,1.33463548192252e-09
1.90525,0.785398161936333,1.33463548192252e-09
1.905375,0.785398161952552,1.33463548192252e-09
1.9055,0.785398161968746,1.33463548192252e-09
1.905625,0.785398161984912,1.33463548192252e-09
1.90575,0.785398162001047,1.33463548192252e-09
1.905875,0.785398162017149,1.33463548192252e-09
1.906,0.785398162033214,-1.37640151928668e-08
1.906125,0.785398162049241,-1.37640151928668e-08
1.90625,0.785398162065227,-1.37640151928668e-08
1.906375,0.785398162081168,-1.37640151928668e-08
1.9065,0.785398162097062,-1.37640151928668e-08
1.906625,0.785398162112908,-1.37640151928668e-08
1.90675,0.785398162128701,-1.37640151928668e-08
1.906875,0.78539816214444,-1.37640151928668e-08
1.907,0.785398162160121,-1.6476718937814e-08
1.907125,0.785398162175743,-1.6476718937814e-08
1.90725,0.785398162191303,-1.6476718937814e-08
1.907375,0.785398162206797,-1.6476718937814e-08
1.9075,0.785398162222224,-1.6476718937814e-08
1.907625,0.785398162237581,-1.6476718937814e-08
1.90775,0.785398162252865,-1.6476718937814e-08
1.907875,0.785398162268074,-1.6476718937814e-08
1.908,0.785398162283205,-1.87280333481575e-08
1.908125,0.785398162298257,-1.87280333481575e-08
1.90825,0.785398162313226,-1.87280333481575e-08
1.908375,0.785398162328109,-1.87280333481575e-08
1.9085,0.785398162342906,-1.87280333481575e-08
1.908625,0.785398162357613,-1.87280333481575e-08
1.90875,0.785398162372227,-1.87280333481575e-08
1.908875,0.785398162386747,-1.87280333481575e-08
1.909,0.78539816240117,-2.04799633175902e-08
1.909125,0.785398162415494,-2.04799633175902e-08
1.90925,0.785398162429716,-2.04799633175902e-08
1.909375,0.785398162443835,-2.04799633175902e-08
1.9095,0.785398162457848,-2.04799633175902e-08
1.909625,0.785398162471753,-2.04799633175902e-08
1.90975,0.785398162485548,-2.04799633175902e-08
1.909875,0.785398162499231,-2.04799633175902e-08
1.91,0.785398162512799,-2.17076340940811e-08
1.910125,0.78539816252625,-2.17076340940811e-08
1.91025,0.785398162539584,-2.17076340940811e-08
1.910375,0.785398162552796,-2.17076340940811e-08
1.9105,0.785398162565887,-2.17076340940811e-08
1.910625,0.785398162578853,-2.17076340940811e-08
1.91075,0.785398162591692,-2.17076340940811e-08
1.910875,0.785398162604404,-2.17076340940811e-08
1.911,0.785398162616986,-3.82542705615958e-08
1.911125,0.785398162629436,-3.82542705615958e-08
1.91125,0.785398162641753,-3.82542705615958e-08
1.911375,0.785398162653935,-3.82542705615958e-08
1.9115,0.78539816266598,-3.82542705615958e-08
1.911625,0.785398162677887,-3.82542705615958e-08
1.91175,0.785398162689653,-3.82542705615958e-08
1.911875,0.785398162701278,-3.82542705615958e-08
1.912,0.785398162712759,-3.85780701513587e-08
1.912125,0.785398162724095,-3.85780701513587e-08
1.91225,0.785398162735285,-3.85780701513587e-08
1.912375,0.785398162746326,-3.85780701513587e-08
1.9125,0.785398162757218,-3.85780701513587e-08
1.912625,0.785398162767958,-3.85780701513587e-08
1.91275,0.785398162778546,-3.85780701513587e-08
1.912875,0.785398162788979,-3.85780701513587e-08
1.913,0.785398162799257,-3.83804310365955e-08
1.913125,0.785398162809379,-3.83804310365955e-08
1.91325,0.785398162819341,-3.83804310365955e-08
1.913375,0.785398162829145,-3.83804310365955e-08
1.9135,0.785398162838787,-3.83804310365955e-08
1.913625,0.785398162848267,-3.83804310365955e-08
1.91375,0.785398162857584,-3.83804310365955e-08
1.913875,0.785398162866736,-3.83804310365955e-08
1.914,0.785398162875723,-3.76539748033853e-08
1.914125,0.785398162884543,-3.76539748033853e-08
1.91425,0.785398162893195,-3.76539748033853e-08
1.914375,0.785398162901678,-3.76539748033853e-08
1.9145,0.785398162909992,-3.76539748033853e-08
1.914625,0.785398162918134,-3.76539748033853e-08
1.91475,0.785398162926105,-3.76539748033853e-08
1.914875,0.785398162933903,-3.76539748033853e-08
1.915,0.785398162941528,-3.64053081865983e-08
1.915125,0.785398162948978,-3.64053081865983e-08
1.91525,0.785398162956254,-3.64053081865983e-08
1.915375,0.785398162963354,-3.64053081865983e-08
1.9155,0.785398162970277,-3.64053081865983e-08
1.915625,0.785398162977023,-3.64053081865983e-08
1.91575,0.785398162983592,-3.64053081865983e-08
1.915875,0.785398162989983,-3.64053081865983e-08
1.916,0.785398162996196,-4.98814216125162e-08
1.916125,0.785398163002229,-4.98814216125162e-08
1.91625,0.785398163008084,-4.98814216125162e-08
1.916375,0.785398163013758,-4.98814216125162e-08
1.9165,0.785398163019252,-4.98814216125162e-08
1.916625,0.785398163024566,-4.98814216125162e-08
1.91675,0.785398163029699,-4.98814216125162e-08
1.916875,0.785398163034651,-4.98814216125162e-08
1.917,0.785398163039421,-4.78227936054475e-08
1.917125,0.78539816304401,-4.78227936054475e-08
1.91725,0.785398163048418,-4.78227936054475e-08
1.917375,0.785398163052643,-4.78227936054475e-08
1.9175,0.785398163056686,-4.78227936054475e-08
1.917625,0.785398163060547,-4.78227936054475e-08
1.91775,0.785398163064226,-4.78227936054475e-08
1.917875,0.785398163067723,-4.78227936054475e-08
1.918,0.785398163071037,-4.5339558499313e-08
1.918125,0.785398163074169,-4.5339558499313e-08
1.91825,0.785398163077119,-4.5339558499313e-08
1.918375,0.785398163079886,-4.5339558499313e-08
1.9185,0.785398163082472,-4.5339558499313e-08
1.918625,0.785398163084876,-4.5339558499313e-08
1.91875,0.785398163087098,-4.5339558499313e-08
1.918875,0.785398163089138,-4.5339558499313e-08
1.919,0.785398163090998,-4.24540518663834e-08
1.919125,0.785398163092677,-4.24540518663834e-08
1.91925,0.785398163094175,-4.24540518663834e-08
1.919375,0.785398163095493,-4.24540518663834e-08
1.9195,0.785398163096631,-4.24540518663834e-08
1.919625,0.78539816309759,-4.24540518663834e-08
1.91975,0.785398163098371,-4.24540518663834e-08
1.919875,0.785398163098973,-4.24540518663834e-08
1.92,0.785398163099397,-3.91995624792557e-08
1.920125,0.785398163099644,-3.91995624792557e-08
1.92025,0.785398163099715,-3.91995624792557e-08
1.920375,0.78539816309961,-3.91995624792557e-08
1.9205,0.785398163099329,-3.91995624792557e-08
1.920625,0.785398163098875,-3.91995624792557e-08
1.92075,0.785398163098247,-3.91995624792557e-08
1.920875,0.785398163097446,-3.91995624792557e-08
1.921,0.785398163096474,-4.63399944966714e-08
1.921125,0.78539816309533,-4.63399944966714e-08
1.92125,0.785398163094017,-4.63399944966714e-08
1.921375,0.785398163092534,-4.63399944966714e-08
1.9215,0.785398163090884,-4.63399944966714e-08
1.921625,0.785398163089066,-4.63399944966714e-08
1.92175,0.785398163087083,-4.63399944966714e-08
1.921875,0.785398163084934,-4.63399944966714e-08
1.922,0.785398163082622,-4.26015817981151e-08
1.922125,0.785398163080147,-4.26015817981151e-08
1.92225,0.78539816307751,-4.26015817981151e-08
1.922375,0.785398163074712,-4.26015817981151e-08
1.9225,0.785398163071755,-4.26015817981151e-08
1.922625,0.78539816306864,-4.26015817981151e-08
1.92275,0.785398163065368,-4.26015817981151e-08
1.922875,0.785398163061941,-4.26015817981151e-08
1.923,0.785398163058359,-3.86508923910856e-08
1.923125,0.785398163054624,-3.86508923910856e-08
1.92325,0.785398163050737,-3.86508923910856e-08
1.923375,0.7853981630467,-3.86508923910856e-08
1.9235,0.785398163042513,-3.86508923910856e-08
1.923625,0.785398163038179,-3.86508923910856e-08
1.92375,0.785398163033699,-3.86508923910856e-08
1.923875,0.785398163029074,-3.86508923910856e-08
1.924,0.785398163024306,-3.45305425804824e-08
1.924125,0.785398163019396,-3.45305425804824e-08
1.92425,0.785398163014346,-3.45305425804824e-08
1.924375,0.785398163009157,-3.45305425804824e-08
1.9245,0.785398163003831,-3.45305425804824e-08
1.924625,0.78539816299837,-3.45305425804824e-08
1.92475,0.785398162992774,-3.45305425804824e-08
1.924875,0.785398162987047,-3.45305425804824e-08
1.925,0.785398162981188,-3.02883720712474e-08
1.925125,0.785398162975201,-3.02883720712474e-08
1.92525,0.785398162969087,-3.02883720712474e-08
1.925375,0.785398162962848,-3.02883720712474e-08
1.9255,0.785398162956484,-3.02883720712474e-08
1.925625,0.785398162949999,-3.02883720712474e-08
1.92575,0.785398162943394,-3.02883720712474e-08
1.925875,0.785398162936671,-3.02883720712474e-08
1.926,0.785398162929832,-2.99246106321963e-08
1.926125,0.785398162922878,-2.99246106321963e-08
1.92625,0.785398162915811,-2.99246106321963e-08
1.926375,0.785398162908634,-2.99246106321963e-08
1.9265,0.785398162901348,-2.99246106321963e-08
1.926625,0.785398162893955,-2.99246106321963e-08
1.92675,0.785398162886458,-2.99246106321963e-08
1.926875,0.785398162878858,-2.99246106321963e-08
1.927,0.785398162871156,-2.564217385082e-08
1.927125,0.785398162863356,-2.564217385082e-08
1.92725,0.785398162855459,-2.564217385082e-08
1.927375,0.785398162847468,-2.564217385082e-08
1.9275,0.785398162839383,-2.564217385082e-08
1.927625,0.785398162831208,-2.564217385082e-08
1.92775,0.785398162822944,-2.564217385082e-08
1.927875,0.785398162814593,-2.564217385082e-08
1.928,0.785398162806158,-2.14038623697399e-08
1.928125,0.78539816279764,-2.14038623697399e-08
1.92825,0.785398162789042,-2.14038623697399e-08
1.928375,0.785398162780366,-2.14038623697399e-08
1.9285,0.785398162771614,-2.14038623697399e-08
1.928625,0.785398162762788,-2.14038623697399e-08
1.92875,0.785398162753889,-2.14038623697399e-08
1.928875,0.785398162744922,-2.14038623697399e-08
1.929,0.785398162735886,-1.72580690855715e-08
1.929125,0.785398162726786,-1.72580690855715e-08
1.92925,0.785398162717622,-1.72580690855715e-08
1.929375,0.785398162708397,-1.72580690855715e-08
1.9295,0.785398162699114,-1.72580690855715e-08
1.929625,0.785398162689773,-1.72580690855715e-08
1.92975,0.785398162680379,-1.72580690855715e-08
1.929875,0.785398162670932,-1.72580690855715e-08
1.93,0.785398162661435,-1.3251861409591e-08
1.930125,0.785398162651891,-1.3251861409591e-08
1.93025,0.785398162642301,-1.3251861409591e-08
1.930375,0.785398162632667,-1.3251861409591e-08
1.9305,0.785398162622993,-1.3251861409591e-08
1.930625,0.785398162613279,-1.3251861409591e-08
1.93075,0.785398162603529,-1.3251861409591e-08
1.930875,0.785398162593744,-1.3251861409591e-08
1.931,0.785398162583927,-6.47523505931918e-09
1.931125,0.78539816257408,-6.47523505931918e-09
1.93125,0.785398162564206,-6.47523505931918e-09
1.931375,0.785398162554305,-6.47523505931918e-09
1.9315,0.785398162544382,-6.47523505931918e-09
1.931625,0.785398162534437,-6.47523505931918e-09
1.93175,0.785398162524473,-6.47523505931918e-09
1.931875,0.785398162514493,-6.47523505931918e-09
1.932,0.785398162504499,-2.85105318249577e-09
1.932125,0.785398162494492,-2.85105318249577e-09
1.93225,0.785398162484476,-2.85105318249577e-09
1.932375,0.785398162474452,-2.85105318249577e-09
1.9325,0.785398162464422,-2.85105318249577e-09
1.932625,0.78539816245439,-2.85105318249577e-09
1.93275,0.785398162444356,-2.85105318249577e-09
1.932875,0.785398162434323,-2.85105318249577e-09
1.933,0.785398162424294,5.0672174171781e-10
1.933125,0.785398162414271,5.0672174171781e-10
1.93325,0.785398162404256,5.0672174171781e-10
1.933375,0.785398162394251,5.0672174171781e-10
1.9335,0.785398162384258,5.0672174171781e-10
1.933625,0.785398162374279,5.0672174171781e-10
1.93375,0.785398162364317,5.0672174171781e-10
1.933875,0.785398162354374,5.0672174171781e-10
1.934,0.785398162344452,3.55885747916892e-09
1.934125,0.785398162334553,3.55885747916892e-09
1.93425,0.785398162324679,3.55885747916892e-09
1.934375,0.785398162314833,3.55885747916892e-09
1.9345,0.785398162305016,3.55885747916892e-09
1.934625,0.785398162295231,3.55885747916892e-09
1.93475,0.785398162285479,3.55885747916892e-09
1.934875,0.785398162275763,3.55885747916892e-09
1.935,0.785398162266085,6.27285324382056e-09
1.935125,0.785398162256447,6.27285324382056e-09
1.93525,0.78539816224685,6.27285324382056e-09
1.935375,0.785398162237298,6.27285324382056e-09
1.9355,0.785398162227791,6.27285324382056e-09
1.935625,0.785398162218332,6.27285324382056e-09
1.93575,0.785398162208923,6.27285324382056e-09
1.935875,0.785398162199565,6.27285324382056e-09
1.936,0.785398162190262,1.66179651039404e-08
1.936125,0.785398162181013,1.66179651039404e-08
1.93625,0.785398162171823,1.66179651039404e-08
1.936375,0.785398162162691,1.66179651039404e-08
1.9365,0.785398162153621,1.66179651039404e-08
1.936625,0.785398162144613,1.66179651039404e-08
1.93675,0.785398162135671,1.66179651039404e-08
1.936875,0.785398162126795,1.66179651039404e-08
1.937,0.785398162117988,1.86700441085125e-08
1.937125,0.785398162109251,1.86700441085125e-08
1.93725,0.785398162100586,1.86700441085125e-08
1.937375,0.785398162091995,1.86700441085125e-08
1.9375,0.78539816208348,1.86700441085125e-08
1.937625,0.785398162075043,1.86700441085125e-08
1.93775,0.785398162066684,1.86700441085125e-08
1.937875,0.785398162058407,1.86700441085125e-08
1.938,0.785398162050212,2.03292392402394e-08
1.938125,0.785398162042101,2.03292392402394e-08
1.93825,0.785398162034076,2.03292392402394e-08
1.938375,0.785398162026139,2.03292392402394e-08
1.9385,0.785398162018291,2.03292392402394e-08
1.938625,0.785398162010533,2.03292392402394e-08
1.93875,0.785398162002868,2.03292392402394e-08
1.938875,0.785398161995297,2.03292392402394e-08
1.939,0.785398161987822,2.1576475883249e-08
1.939125,0.785398161980443,2.1576475883249e-08
1.93925,0.785398161973162,2.1576475883249e-08
1.939375,0.785398161965982,2.1576475883249e-08
1.9395,0.785398161958903,2.1576475883249e-08
1.939625,0.785398161951926,2.1576475883249e-08
1.93975,0.785398161945053,2.1576475883249e-08
1.939875,0.785398161938286,2.1576475883249e-08
1.94,0.785398161931626,2.24022100763026e-08
1.940125,0.785398161925073,2.24022100763026e-08
1.94025,0.78539816191863,2.24022100763026e-08
1.940375,0.785398161912298,2.24022100763026e-08
1.9405,0.785398161906077,2.24022100763026e-08
1.940625,0.785398161899969,2.24022100763026e-08
1.94075,0.785398161893975,2.24022100763026e-08
1.940875,0.785398161888096,2.24022100763026e-08
1.941,0.785398161882333,3.26915905320846e-08
1.941125,0.785398161876688,3.26915905320846e-08
1.94125,0.785398161871161,3.26915905320846e-08
1.941375,0.785398161865753,3.26915905320846e-08
1.9415,0.785398161860465,3.26915905320846e-08
1.941625,0.785398161855299,3.26915905320846e-08
1.94175,0.785398161850255,3.26915905320846e-08
1.941875,0.785398161845334,3.26915905320846e-08
1.942,0.785398161840537,3.27873744772596e-08
1.942125,0.785398161835866,3.27873744772596e-08
1.94225,0.78539816183132,3.27873744772596e-08
1.942375,0.785398161826901,3.27873744772596e-08
1.9425,0.785398161822609,3.27873744772596e-08
1.942625,0.785398161818446,3.27873744772596e-08
1.94275,0.785398161814412,3.27873744772596e-08
1.942875,0.785398161810508,3.27873744772596e-08
1.943,0.785398161806734,3.24882554852001e-08
1.943125,0.785398161803092,3.24882554852001e-08
1.94325,0.785398161799581,3.24882554852001e-08
1.943375,0.785398161796203,3.24882554852001e-08
1.9435,0.785398161792959,3.24882554852001e-08
1.943625,0.785398161789848,3.24882554852001e-08
1.94375,0.785398161786871,3.24882554852001e-08
1.943875,0.78539816178403,3.24882554852001e-08
1.944,0.785398161781324,3.1799513074616e-08
1.944125,0.785398161778754,3.1799513074616e-08
1.94425,0.78539816177632,3.1799513074616e-08
1.944375,0.785398161774023,3.1799513074616e-08
1.9445,0.785398161771863,3.1799513074616e-08
1.944625,0.78539816176984,3.1799513074616e-08
1.94475,0.785398161767956,3.1799513074616e-08
1.944875,0.785398161766209,3.1799513074616e-08
1.945,0.785398161764601,3.07355678295408e-08
1.945125,0.785398161763132,3.07355678295408e-08
1.94525,0.785398161761801,3.07355678295408e-08
1.945375,0.785398161760609,3.07355678295408e-08
1.9455,0.785398161759557,3.07355678295408e-08
1.945625,0.785398161758643,3.07355678295408e-08
1.94575,0.785398161757869,3.07355678295408e-08
1.945875,0.785398161757234,3.07355678295408e-08
1.946,0.785398161756739,3.76825766042834e-08
1.946125,0.785398161756383,3.76825766042834e-08
1.94625,0.785398161756166,3.76825766042834e-08
1.946375,0.785398161756089,3.76825766042834e-08
1.9465,0.78539816175615,3.76825766042834e-08
1.946625,0.78539816175635,3.76825766042834e-08
1.94675,0.78539816175669,3.76825766042834e-08
1.946875,0.785398161757168,3.76825766042834e-08
1.947,0.785398161757784,3.60345667893374e-08
1.947125,0.785398161758539,3.60345667893374e-08
1.94725,0.785398161759432,3.60345667893374e-08
1.947375,0.785398161760462,3.60345667893374e-08
1.9475,0.78539816176163,3.60345667893374e-08
1.947625,0.785398161762936,3.60345667893374e-08
1.94775,0.785398161764378,3.60345667893374e-08
1.947875,0.785398161765957,3.60345667893374e-08
1.948,0.785398161767672,3.41041858963479e-08
1.948125,0.785398161769523,3.41041858963479e-08
1.94825,0.785398161771509,3.41041858963479e-08
1.948375,0.785398161773631,3.41041858963479e-08
1.9485,0.785398161775886,3.41041858963479e-08
1.948625,0.785398161778276,3.41041858963479e-08
1.94875,0.785398161780799,3.41041858963479e-08
1.948875,0.785398161783455,3.41041858963479e-08
1.949,0.785398161786243,3.19178209152158e-08
1.949125,0.785398161789163,3.19178209152158e-08
1.94925,0.785398161792213,3.19178209152158e-08
1.949375,0.785398161795395,3.19178209152158e-08
1.9495,0.785398161798706,3.19178209152158e-08
1.949625,0.785398161802146,3.19178209152158e-08
1.94975,0.785398161805714,3.19178209152158e-08
1.949875,0.78539816180941,3.19178209152158e-08
1.95,0.785398161813233,2.95078115726705e-08
1.950125,0.785398161817182,2.95078115726705e-08
1.95025,0.785398161821256,2.95078115726705e-08
1.950375,0.785398161825454,2.95078115726705e-08
1.9505,0.785398161829775,2.95078115726705e-08
1.950625,0.785398161834219,2.95078115726705e-08
1.95075,0.785398161838785,2.95078115726705e-08
1.950875,0.785398161843471,2.95078115726705e-08
1.951,0.785398161848277,3.1088544233695e-08
1.951125,0.785398161853201,3.1088544233695e-08
1.95125,0.785398161858243,3.1088544233695e-08
1.951375,0.785398161863402,3.1088544233695e-08
1.9515,0.785398161868676,3.1088544233695e-08
1.951625,0.785398161874065,3.1088544233695e-08
1.95175,0.785398161879566,3.1088544233695e-08
1.951875,0.78539816188518,3.1088544233695e-08
1.952,0.785398161890905,2.83940357986828e-08
1.952125,0.78539816189674,2.83940357986828e-08
1.95225,0.785398161902684,2.83940357986828e-08
1.952375,0.785398161908735,2.83940357986828e-08
1.9525,0.785398161914893,2.83940357986828e-08
1.952625,0.785398161921156,2.83940357986828e-08
1.95275,0.785398161927522,2.83940357986828e-08
1.952875,0.785398161933992,2.83940357986828e-08
1.953,0.785398161940563,2.56019054496223e-08
1.953125,0.785398161947233,2.56019054496223e-08
1.95325,0.785398161954003,2.56019054496223e-08
1.953375,0.78539816196087,2.56019054496223e-08
1.9535,0.785398161967833,2.56019054496223e-08
1.953625,0.785398161974891,2.56019054496223e-08
1.95375,0.785398161982042,2.56019054496223e-08
1.953875,0.785398161989286,2.56019054496223e-08
1.954,0.785398161996619,2.27505275084992e-08
1.954125,0.785398162004043,2.27505275084992e-08
1.95425,0.785398162011554,2.27505275084992e-08
1.954375,0.785398162019151,2.27505275084992e-08
1.9545,0.785398162026833,2.27505275084992e-08
1.954625,0.785398162034598,2.27505275084992e-08
1.95475,0.785398162042446,2.27505275084992e-08
1.954875,0.785398162050374,2.27505275084992e-08
1.955,0.785398162058381,1.98794157019265e-08
1.955125,0.785398162066465,1.98794157019265e-08
1.95525,0.785398162074625,1.98794157019265e-08
1.955375,0.785398162082859,1.98794157019265e-08
1.9555,0.785398162091166,1.98794157019265e-08
1.955625,0.785398162099545,1.98794157019265e-08
1.95575,0.785398162107993,1.98794157019265e-08
1.955875,0.785398162116509,1.98794157019265e-08
1.956,0.785398162125091,1.58131158800972e-08
1.956125,0.785398162133739,1.58131158800972e-08
1.95625,0.785398162142449,1.58131158800972e-08
1.956375,0.785398162151221,1.58131158800972e-08
1.9565,0.785398162160053,1.58131158800972e-08
1.956625,0.785398162168944,1.58131158800972e-08
1.95675,0.785398162177891,1.58131158800972e-08
1.956875,0.785398162186893,1.58131158800972e-08
1.957,0.785398162195948,1.30109604968364e-08
1.957125,0.785398162205055,1.30109604968364e-08
1.95725,0.785398162214212,1.30109604968364e-08
1.957375,0.785398162223417,1.30109604968364e-08
1.9575,0.785398162232669,1.30109604968364e-08
1.957625,0.785398162241965,1.30109604968364e-08
1.95775,0.785398162251305,1.30109604968364e-08
1.957875,0.785398162260686,1.30109604968364e-08
1.958,0.785398162270107,1.03084173277127e-08
1.958125,0.785398162279565,1.03084173277127e-08
1.95825,0.78539816228906,1.03084173277127e-08
1.958375,0.78539816229859,1.03084173277127e-08
1.9585,0.785398162308152,1.03084173277127e-08
1.958625,0.785398162317745,1.03084173277127e-08
1.95875,0.785398162327367,1.03084173277127e-08
1.958875,0.785398162337017,1.03084173277127e-08
1.959,0.785398162346692,7.74400327907597e-09
1.959125,0.785398162356392,7.74400327907597e-09
1.95925,0.785398162366114,7.74400327907597e-09
1.959375,0.785398162375856,7.74400327907597e-09
1.9595,0.785398162385617,7.74400327907597e-09
1.959625,0.785398162395395,7.74400327907597e-09
1.95975,0.785398162405189,7.74400327907597e-09
1.959875,0.785398162414996,7.74400327907597e-09
1.96,0.785398162424814,5.35247533455096e-09
1.960125,0.785398162434643,5.35247533455096e-09
1.96025,0.78539816244448,5.35247533455096e-09
1.960375,0.785398162454324,5.35247533455096e-09
1.9605,0.785398162464173,5.35247533455096e-09
1.960625,0.785398162474025,5.35247533455096e-09
1.96075,0.785398162483878,5.35247533455096e-09
1.960875,0.785398162493731,5.35247533455096e-09
1.961,0.785398162503582,-2.96484149796813e-09
1.961125,0.78539816251343,-2.96484149796813e-09
1.96125,0.785398162523272,-2.96484149796813e-09
1.961375,0.785398162533108,-2.96484149796813e-09
1.9615,0.785398162542934,-2.96484149796813e-09
1.961625,0.785398162552751,-2.96484149796813e-09
1.96175,0.785398162562555,-2.96484149796813e-09
1.961875,0.785398162572345,-2.96484149796813e-09
1.962,0.78539816258212,-4.98709154942007e-09
1.962125,0.785398162591879,-4.98709154942007e-09
1.96225,0.785398162601618,-4.98709154942007e-09
1.962375,0.785398162611337,-4.98709154942007e-09
1.9625,0.785398162621033,-4.98709154942007e-09
1.962625,0.785398162630706,-4.98709154942007e-09
1.96275,0.785398162640354,-4.98709154942007e-09
1.962875,0.785398162649974,-4.98709154942007e-09
1.963,0.785398162659566,-6.7583260983235e-09
1.963125,0.785398162669127,-6.7583260983235e-09
1.96325,0.785398162678657,-6.7583260983235e-09
1.963375,0.785398162688153,-6.7583260983235e-09
1.9635,0.785398162697613,-6.7583260983235e-09
1.963625,0.785398162707037,-6.7583260983235e-09
1.96375,0.785398162716423,-6.7583260983235e-09
1.963875,0.785398162725768,-6.7583260983235e-09
1.964,0.785398162735072,-8.25078792552322e-09
1.964125,0.785398162744334,-8.25078792552322e-09
1.96425,0.78539816275355,-8.25078792552322e-09
1.964375,0.785398162762721,-8.25078792552322e-09
1.9645,0.785398162771844,-8.25078792552322e-09
1.964625,0.785398162780917,-8.25078792552322e-09
1.96475,0.785398162789941,-8.25078792552322e-09
1.964875,0.785398162798912,-8.25078792552322e-09
1.965,0.78539816280783,-9.44402465787191e-09
1.965125,0.785398162816693,-9.44402465787191e-09
1.96525,0.7853981628255,-9.44402465787191e-09
1.965375,0.785398162834249,-9.44402465787191e-09
1.9655,0.785398162842939,-9.44402465787191e-09
1.965625,0.785398162851568,-9.44402465787191e-09
1.96575,0.785398162860136,-9.44402465787191e-09
1.965875,0.785398162868641,-9.44402465787191e-09
1.966,0.785398162877082,-1.94871035065189e-08
1.966125,0.785398162885457,-1.94871035065189e-08
1.96625,0.785398162893765,-1.94871035065189e-08
1.966375,0.785398162902006,-1.94871035065189e-08
1.9665,0.785398162910176,-1.94871035065189e-08
1.966625,0.785398162918277,-1.94871035065189e-08
1.96675,0.785398162926305,-1.94871035065189e-08
1.966875,0.785398162934261,-1.94871035065189e-08
1.967,0.785398162942142,-2.01464362449178e-08
1.967125,0.785398162949948,-2.01464362449178e-08
1.96725,0.785398162957677,-2.01464362449178e-08
1.967375,0.785398162965328,-2.01464362449178e-08
1.9675,0.785398162972901,-2.01464362449178e-08
1.967625,0.785398162980394,-2.01464362449178e-08
1.96775,0.785398162987805,-2.01464362449178e-08
1.967875,0.785398162995135,-2.01464362449178e-08
1.968,0.78539816300238,-2.04892633377122e-08
1.968125,0.785398163009542,-2.04892633377122e-08
1.96825,0.785398163016618,-2.04892633377122e-08
1.968375,0.785398163023608,-2.04892633377122e-08
1.9685,0.78539816303051,-2.04892633377122e-08
1.968625,0.785398163037323,-2.04892633377122e-08
1.96875,0.785398163044048,-2.04892633377122e-08
1.968875,0.785398163050681,-2.04892633377122e-08
1.969,0.785398163057224,-2.05054583179094e-08
1.969125,0.785398163063674,-2.05054583179094e-08
1.96925,0.785398163070031,-2.05054583179094e-08
1.969375,0.785398163076294,-2.05054583179094e-08
1.9695,0.785398163082462,-2.05054583179094e-08
1.969625,0.785398163088535,-2.05054583179094e-08
1.96975,0.785398163094511,-2.05054583179094e-08
1.969875,0.785398163100389,-2.05054583179094e-08
1.97,0.78539816310617,-2.01934694910347e-08
1.970125,0.785398163111852,-2.01934694910347e-08
1.97025,0.785398163117435,-2.01934694910347e-08
1.970375,0.785398163122917,-2.01934694910347e-08
1.9705,0.785398163128299,-2.01934694910347e-08
1.970625,0.785398163133579,-2.01934694910347e-08
1.97075,0.785398163138757,-2.01934694910347e-08
1.970875,0.785398163143833,-2.01934694910347e-08
1.971,0.785398163148806,-2.91370811045321e-08
1.971125,0.785398163153675,-2.91370811045321e-08
1.97125,0.78539816315844,-2.91370811045321e-08
1.971375,0.7853981631631,-2.91370811045321e-08
1.9715,0.785398163167656,-2.91370811045321e-08
1.971625,0.785398163172106,-2.91370811045321e-08
1.97175,0.785398163176449,-2.91370811045321e-08
1.971875,0.785398163180687,-2.91370811045321e-08
1.972,0.785398163184817,-2.82984574259217e-08
1.972125,0.785398163188841,-2.82984574259217e-08
1.97225,0.785398163192756,-2.82984574259217e-08
1.972375,0.785398163196564,-2.82984574259217e-08
1.9725,0.785398163200264,-2.82984574259217e-08
1.972625,0.785398163203854,-2.82984574259217e-08
1.97275,0.785398163207336,-2.82984574259217e-08
1.972875,0.785398163210709,-2.82984574259217e-08
1.973,0.785398163213972,-2.71755040083972e-08
1.973125,0.785398163217126,-2.71755040083972e-08
1.97325,0.785398163220169,-2.71755040083972e-08
1.973375,0.785398163223103,-2.71755040083972e-08
1.9735,0.785398163225926,-2.71755040083972e-08
1.973625,0.785398163228639,-2.71755040083972e-08
1.97375,0.785398163231241,-2.71755040083972e-08
1.973875,0.785398163233732,-2.71755040083972e-08
1.974,0.785398163236113,-2.57769098039538e-08
1.974125,0.785398163238383,-2.57769098039538e-08
1.97425,0.785398163240542,-2.57769098039538e-08
1.974375,0.78539816324259,-2.57769098039538e-08
1.9745,0.785398163244526,-2.57769098039538e-08
1.974625,0.785398163246353,-2.57769098039538e-08
1.97475,0.785398163248068,-2.57769098039538e-08
1.974875,0.785398163249672,-2.57769098039538e-08
1.975,0.785398163251166,-2.4118749266344e-08
1.975125,0.785398163252549,-2.4118749266344e-08
1.97525,0.785398163253822,-2.4118749266344e-08
1.975375,0.785398163254984,-2.4118749266344e-08
1.9755,0.785398163256037,-2.4118749266344e-08
1.975625,0.785398163256979,-2.4118749266344e-08
1.97575,0.785398163257812,-2.4118749266344e-08
1.975875,0.785398163258536,-2.4118749266344e-08
1.976,0.785398163259151,-2.96840070107449e-08
1.976125,0.785398163259657,-2.96840070107449e-08
1.97625,0.785398163260055,-2.96840070107449e-08
1.976375,0.785398163260345,-2.96840070107449e-08
1.9765,0.785398163260527,-2.96840070107449e-08
1.976625,0.785398163260602,-2.96840070107449e-08
1.97675,0.78539816326057,-2.96840070107449e-08
1.976875,0.785398163260432,-2.96840070107449e-08
1.977,0.785398163260187,-2.76616091374337e-08
1.977125,0.785398163259838,-2.76616091374337e-08
1.97725,0.785398163259383,-2.76616091374337e-08
1.977375,0.785398163258823,-2.76616091374337e-08
1.9775,0.78539816325816,-2.76616091374337e-08
1.977625,0.785398163257393,-2.76616091374337e-08
1.97775,0.785398163256522,-2.76616091374337e-08
1.977875,0.78539816325555,-2.76616091374337e-08
1.978,0.785398163254475,-2.54671231793301e-08
1.978125,0.785398163253299,-2.54671231793301e-08
1.97825,0.785398163252022,-2.54671231793301e-08
1.978375,0.785398163250646,-2.54671231793301e-08
1.9785,0.785398163249169,-2.54671231793301e-08
1.978625,0.785398163247594,-2.54671231793301e-08
1.97875,0.785398163245921,-2.54671231793301e-08
1.978875,0.78539816324415,-2.54671231793301e-08
1.979,0.785398163242283,-2.31236885740999e-08
1.979125,0.785398163240319,-2.31236885740999e-08
1.97925,0.785398163238261,-2.31236885740999e-08
1.979375,0.785398163236107,-2.31236885740999e-08
1.9795,0.78539816323386,-2.31236885740999e-08
1.979625,0.78539816323152,-2.31236885740999e-08
1.97975,0.785398163229088,-2.31236885740999e-08
1.979875,0.785398163226564,-2.31236885740999e-08
1.98,0.78539816322395,-2.06587267179953e-08
1.980125,0.785398163221247,-2.06587267179953e-08
1.98025,0.785398163218454,-2.06587267179953e-08
1.980375,0.785398163215574,-2.06587267179953e-08
1.9805,0.785398163212607,-2.06587267179953e-08
1.980625,0.785398163209554,-2.06587267179953e-08
1.98075,0.785398163206416,-2.06587267179953e-08
1.980875,0.785398163203194,-2.06587267179953e-08
1.981,0.785398163199889,-2.17292762933527e-08
1.981125,0.785398163196502,-2.17292762933527e-08
1.98125,0.785398163193033,-2.17292762933527e-08
1.981375,0.785398163189485,-2.17292762933527e-08
1.9815,0.785398163185858,-2.17292762933527e-08
1.981625,0.785398163182153,-2.17292762933527e-08
1.98175,0.785398163178371,-2.17292762933527e-08
1.981875,0.785398163174513,-2.17292762933527e-08
1.982,0.78539816317058,-1.91572110185888e-08
1.982125,0.785398163166574,-1.91572110185888e-08
1.98225,0.785398163162495,-1.91572110185888e-08
1.982375,0.785398163158345,-1.91572110185888e-08
1.9825,0.785398163154124,-1.91572110185888e-08
1.982625,0.785398163149835,-1.91572110185888e-08
1.98275,0.785398163145477,-1.91572110185888e-08
1.982875,0.785398163141052,-1.91572110185888e-08
1.983,0.785398163136562,-1.65660011740192e-08
1.983125,0.785398163132007,-1.65660011740192e-08
1.98325,0.785398163127389,-1.65660011740192e-08
1.983375,0.785398163122708,-1.65660011740192e-08
1.9835,0.785398163117967,-1.65660011740192e-08
1.983625,0.785398163113166,-1.65660011740192e-08
1.98375,0.785398163108306,-1.65660011740192e-08
1.983875,0.785398163103389,-1.65660011740192e-08
1.984,0.785398163098416,-1.39850552654458e-08
1.984125,0.785398163093388,-1.39850552654458e-08
1.98425,0.785398163088306,-1.39850552654458e-08
1.984375,0.785398163083172,-1.39850552654458e-08
1.9845,0.785398163077986,-1.39850552654458e-08
1.984625,0.785398163072751,-1.39850552654458e-08
1.98475,0.785398163067468,-1.39850552654458e-08
1.984875,0.785398163062137,-1.39850552654458e-08
1.985,0.78539816305676,-1.14441036662793e-08
1.985125,0.785398163051338,-1.14441036662793e-08
1.98525,0.785398163045874,-1.14441036662793e-08
1.985375,0.785398163040366,-1.14441036662793e-08
1.9855,0.785398163034819,-1.14441036662793e-08
1.985625,0.785398163029231,-1.14441036662793e-08
1.98575,0.785398163023606,-1.14441036662793e-08
1.985875,0.785398163017944,-1.14441036662793e-08
1.986,0.785398163012246,-8.29263627752038e-09
1.986125,0.785398163006514,-8.29263627752038e-09
1.98625,0.785398163000749,-8.29263627752038e-09
1.986375,0.785398162994953,-8.29263627752038e-09
1.9865,0.785398162989127,-8.29263627752038e-09
1.986625,0.785398162983272,-8.29263627752038e-09
1.98675,0.785398162977389,-8.29263627752038e-09
1.986875,0.785398162971481,-8.29263627752038e-09
1.987,0.785398162965547,-5.91365582451414e-09
1.987125,0.785398162959591,-5.91365582451414e-09
1.98725,0.785398162953612,-5.91365582451414e-09
1.987375,0.785398162947613,-5.91365582451414e-09
1.9875,0.785398162941594,-5.91365582451414e-09
1.987625,0.785398162935558,-5.91365582451414e-09
1.98775,0.785398162929505,-5.91365582451414e-09
1.987875,0.785398162923437,-5.91365582451414e-09
1.988,0.785398162917355,-3.66131754002328e-09
1.988125,0.785398162911261,-3.66131754002328e-09
1.98825,0.785398162905156,-3.66131754002328e-09
1.988375,0.785398162899041,-3.66131754002328e-09
1.9885,0.785398162892918,-3.66131754002328e-09
1.988625,0.785398162886787,-3.66131754002328e-09
1.98875,0.785398162880651,-3.66131754002328e-09
1.988875,0.785398162874511,-3.66131754002328e-09
1.989,0.785398162868368,-1.56200030900379e-09
1.989125,0.785398162862224,-1.56200030900379e-09
1.98925,0.785398162856079,-1.56200030900379e-09
1.989375,0.785398162849936,-1.56200030900379e-09
1.9895,0.785398162843795,-1.56200030900379e-09
1.989625,0.785398162837658,-1.56200030900379e-09
1.98975,0.785398162831526,-1.56200030900379e-09
1.989875,0.7853981628254,-1.56200030900379e-09
1.99,0.785398162819282,3.61196007010361e-10
1.990125,0.785398162813174,3.61196007010361e-10
1.99025,0.785398162807075,3.61196007010361e-10
1.990375,0.785398162800989,3.61196007010361e-10
1.9905,0.785398162794915,3.61196007010361e-10
1.990625,0.785398162788856,3.61196007010361e-10
1.99075,0.785398162782813,3.61196007010361e-10
1.990875,0.785398162776786,3.61196007010361e-10
1.991,0.785398162770777,6.26884854491862e-09
1.991125,0.785398162764788,6.26884854491862e-09
1.99125,0.785398162758819,6.26884854491862e-09
1.991375,0.785398162752872,6.26884854491862e-09
1.9915,0.785398162746948,6.26884854491862e-09
1.991625,0.785398162741049,6.26884854491862e-09
1.99175,0.785398162735175,6.26884854491862e-09
1.991875,0.785398162729328,6.26884854491862e-09
1.992,0.785398162723509,7.82832292984533e-09
1.992125,0.785398162717719,7.82832292984533e-09
1.99225,0.785398162711959,7.82832292984533e-09
1.992375,0.785398162706231,7.82832292984533e-09
1.9925,0.785398162700536,7.82832292984533e-09
1.992625,0.785398162694875,7.82832292984533e-09
1.99275,0.785398162689249,7.82832292984533e-09
1.992875,0.785398162683659,7.82832292984533e-09
1.993,0.785398162678107,9.16426391763709e-09
1.993125,0.785398162672594,9.16426391763709e-09
1.99325,0.78539816266712,9.16426391763709e-09
1.993375,0.785398162661688,9.16426391763709e-09
1.9935,0.785398162656297,9.16426391763709e-09
1.993625,0.78539816265095,9.16426391763709e-09
1.99375,0.785398162645646,9.16426391763709e-09
1.993875,0.785398162640388,9.16426391763709e-09
1.994,0.785398162635177,1.02609461835265e-08
1.994125,0.785398162630013,1.02609461835265e-08
1.99425,0.785398162624897,1.02609461835265e-08
1.994375,0.785398162619832,1.02609461835265e-08
1.9945,0.785398162614816,1.02609461835265e-08
1.994625,0.785398162609852,1.02609461835265e-08
1.99475,0.785398162604941,1.02609461835265e-08
1.994875,0.785398162600084,1.02609461835265e-08
1.995,0.78539816259528,1.11081545232164e-08
1.995125,0.785398162590533,1.11081545232164e-08
1.99525,0.785398162585841,1.11081545232164e-08
1.995375,0.785398162581208,1.11081545232164e-08
1.9955,0.785398162576632,1.11081545232164e-08
1.995625,0.785398162572115,1.11081545232164e-08
1.99575,0.785398162567658,1.11081545232164e-08
1.995875,0.785398162563262,1.11081545232164e-08
1.996,0.785398162558928,1.76389843221828e-08
1.996125,0.785398162554656,1.76389843221828e-08
1.99625,0.785398162550447,1.76389843221828e-08
1.996375,0.785398162546303,1.76389843221828e-08
1.9965,0.785398162542223,1.76389843221828e-08
1.996625,0.785398162538209,1.76389843221828e-08
1.99675,0.785398162534261,1.76389843221828e-08
1.996875,0.785398162530381,1.76389843221828e-08
1.997,0.785398162526568,1.80410657289232e-08
1.997125,0.785398162522824,1.80410657289232e-08
1.99725,0.785398162519149,1.80410657289232e-08
1.997375,0.785398162515544,1.80410657289232e-08
1.9975,0.78539816251201,1.80410657289232e-08
1.997625,0.785398162508547,1.80410657289232e-08
1.99775,0.785398162505156,1.80410657289232e-08
1.997875,0.785398162501838,1.80410657289232e-08
1.998,0.785398162498594,1.81956351554087e-08
1.998125,0.785398162495423,1.81956351554087e-08
1.99825,0.785398162492326,1.81956351554087e-08
1.998375,0.785398162489305,1.81956351554087e-08
1.9985,0.78539816248636,1.81956351554087e-08
1.998625,0.785398162483491,1.81956351554087e-08
1.99875,0.785398162480698,1.81956351554087e-08
1.998875,0.785398162477983,1.81956351554087e-08
1.999,0.785398162475346,1.81014961157824e-08
1.999125,0.785398162472787,1.81014961157824e-08
1.99925,0.785398162470306,1.81014961157824e-08
1.999375,0.785398162467905,1.81014961157824e-08
1.9995,0.785398162465584,1.81014961157824e-08
1.999625,0.785398162463343,1.81014961157824e-08
1.99975,0.785398162461182,1.81014961157824e-08
1.999875,0.785398162459102,1.81014961157824e-08
2,0.785398162457103,1.77632974651126e-08
