0,3.70163735311227e-32
0.030517578125,0.000943648025201405
0.06103515625,0.000934843469922337
0.091552734375,0.000921924814134245
0.1220703125,0.000907311351519716
0.152587890625,0.000893980532434933
0.18310546875,0.000885102949562388
0.213623046875,0.000883638127783417
0.244140625,0.00089193976063478
0.274658203125,0.000911425703748723
0.30517578125,0.000942367571381539
0.335693359375,0.000983845114046646
0.3662109375,0.00103389016891924
0.396728515625,0.00108981506065688
0.42724609375,0.00114868516689314
0.457763671875,0.00120786126208514
0.48828125,0.00126551291843444
0.518798828125,0.00132099707437367
0.54931640625,0.00137501160644804
0.579833984375,0.00142947253686101
0.6103515625,0.00148712014494578
0.640869140625,0.00155092241304641
0.67138671875,0.00162339916372121
0.701904296875,0.00170602136998693
0.732421875,0.00179883621165235
0.762939453125,0.00190042583483472
0.79345703125,0.00200823236382323
0.823974609375,0.00211919048671785
0.8544921875,0.00223052343664023
0.885009765625,0.00234050364946698
0.91552734375,0.00244897294914885
0.946044921875,0.00255746654959216
0.9765625,0.00266888149447441
1.007080078125,0.00278675159729889
1.03759765625,0.0029143049904562
1.068115234375,0.00305355392214224
1.0986328125,0.00320467505959292
1.129150390625,0.00336587342640879
1.15966796875,0.0035337977787729
1.190185546875,0.00370442020633675
1.220703125,0.00387415221357604
1.251220703125,0.00404088546898135
1.28173828125,0.00420464745177234
1.312255859375,0.00436765642994724
1.3427734375,0.0045337251843219
1.373291015625,0.00470715421653853
1.40380859375,0.00489141677391905
1.434326171875,0.00508801911214537
1.46484375,0.00529588873834509
1.495361328125,0.00551150353410732
1.52587890625,0.00572976065935834
1.556396484375,0.00594535724870118
1.5869140625,0.00615428491552081
1.617431640625,0.00635498308980917
1.64794921875,0.00654877755547082
1.678466796875,0.00673943362523625
1.708984375,0.00693192092446772
1.739501953125,0.00713073919848811
1.77001953125,0.0073383103488692
1.800537109375,0.00755394594599432
1.8310546875,0.00777374184008932
1.861572265625,0.00799147354679359
1.89208984375,0.00820025019253729
1.922607421875,0.00839443104607021
1.953125,0.008571202323785
1.983642578125,0.00873129542587932
2.01416015625,0.00887858320933913
2.044677734375,0.00901864470256266
2.0751953125,0.00915672786073528
2.105712890625,0.00929575428138979
2.13623046875,0.00943502075890823
2.166748046875,0.0095700482943133
2.197265625,0.00969366693837374
2.227783203125,0.00979801898018834
2.25830078125,0.00987684721709351
2.288818359375,0.0099273190497047
2.3193359375,0.00995076880773924
2.349853515625,0.00995208493870738
2.38037109375,0.00993791747026435
2.410888671875,0.00991428514870332
2.44140625,0.00988438150437054
2.471923828125,0.00984733208085439
2.50244140625,0.00979834890434771
2.532958984375,0.00973025869580424
2.5634765625,0.00963590758029506
2.593994140625,0.00951063067651231
2.62451171875,0.00935393568412041
2.655029296875,0.00916980751848335
2.685546875,0.00896551308933373
2.716064453125,0.00874931109322909
2.74658203125,0.00852786457051083
2.777099609375,0.00830427103022592
2.8076171875,0.00807741612090943
2.838134765625,0.00784289055835338
2.86865234375,0.00759514832659542
2.899169921875,0.00733013034974768
2.9296875,0.00704739933358705
2.960205078125,0.00675100087715043
2.99072265625,0.00644872736964851
3.021240234375,0.0061500488760837
3.0517578125,0.00586347304076276
3.082275390625,0.00559431438075766
3.11279296875,0.00534370483648889
3.143310546875,0.00510921152687961
3.173828125,0.00488681558107357
3.204345703125,0.00467348040010766
3.23486328125,0.004469303049765
3.265380859375,0.00427839541707002
3.2958984375,0.00410813088511791
3.326416015625,0.00396703228788602
3.35693359375,0.00386211838953477
3.387451171875,0.00379675268074973
3.41796875,0.0037698511836867
3.448486328125,0.00377677173575727
3.47900390625,0.00381153097197372
3.509521484375,0.00386944849851147
3.5400390625,0.00394912557505003
3.570556640625,0.00405291693331722
3.60107421875,0.00418565948227961
3.631591796875,0.00435214130928261
3.662109375,0.00455433545769304
3.692626953125,0.00478955421868745
3.72314453125,0.0050503328500612
3.753662109375,0.00532615481675698
3.7841796875,0.00560636300534039
3.814697265625,0.00588308291543195
3.84521484375,0.00615294178628641
3.875732421875,0.00641683791533956
3.90625,0.00667781687590248
3.936767578125,0.00693791905143321
3.96728515625,0.00719533251401205
3.997802734375,0.0074431042421344
4.0283203125,0.00767004477988491
4.058837890625,0.00786355008409946
4.08935546875,0.00801323889980971
4.119873046875,0.00811392116134389
4.150390625,0.00816665239552506
4.180908203125,0.00817741024247236
4.21142578125,0.00815393236069381
4.241943359375,0.00810205437662708
4.2724609375,0.00802312941389106
4.302978515625,0.00791367369135296
4.33349609375,0.00776743696261786
4.364013671875,0.0075790400309184
4.39453125,0.00734761493278366
4.425048828125,0.00707884669145809
4.45556640625,0.00678448260810872
4.486083984375,0.00647946842476842
4.5166015625,0.00617791407723026
4.547119140625,0.00588961930159842
4.57763671875,0.00561865210963532
4.608154296875,0.00536456153598898
4.638671875,0.00512561752231685
4.669189453125,0.00490253942658628
4.69970703125,0.00470093212575009
4.730224609375,0.00453122079446286
4.7607421875,0.00440601822556563
4.791259765625,0.00433605473084309
4.82177734375,0.00432649647104703
4.852294921875,0.0043753352980762
4.8828125,0.00447459863834339
4.913330078125,0.00461382087710834
4.94384765625,0.00478414689583098
4.974365234375,0.00498111794241145
5.0048828125,0.00520479387051098
5.035400390625,0.00545713099612874
5.06591796875,0.00573787449750597
5.096435546875,0.00604099444069045
5.126953125,0.00635350643556446
5.157470703125,0.00665743025204965
5.18798828125,0.00693415165633674
5.218505859375,0.00716927165878048
5.2490234375,0.00735573976840689
5.279541015625,0.00749383976660349
5.31005859375,0.0075880860110473
5.340576171875,0.00764258705234596
5.37109375,0.00765720676666816
5.401611328125,0.00762649986494601
5.43212890625,0.00754205882252854
5.462646484375,0.00739721906473169
5.4931640625,0.00719185445103465
5.523681640625,0.00693487514400217
5.55419921875,0.0066431020123102
5.584716796875,0.00633693814854591
5.615234375,0.0060348307206578
5.645751953125,0.00574912231387135
5.67626953125,0.00548520308628609
5.706787109375,0.00524421321770003
5.7373046875,0.00502773453348588
5.767822265625,0.0048418719992431
5.79833984375,0.00469841138861345
5.828857421875,0.00461223154000758
5.859375,0.0045961045016936
5.889892578125,0.00465543012499319
5.92041015625,0.00478557287677874
5.950927734375,0.00497320019402941
5.9814453125,0.00520099418291346
6.011962890625,0.00545336651656692
6.04248046875,0.00572027731388869
6.072998046875,0.00599725297129973
6.103515625,0.00628172687509461
6.134033203125,0.00656783531196402
6.16455078125,0.00684271268943732
6.195068359375,0.00708662280745518
6.2255859375,0.00727726774028264
6.256103515625,0.00739636775961184
6.28662109375,0.00743530946315034
6.317138671875,0.00739704210060283
6.34765625,0.00729330485705254
6.378173828125,0.00713870202228758
6.40869140625,0.00694480134842439
6.439208984375,0.0067173936878266
6.4697265625,0.00645830052444342
6.500244140625,0.00617057345102912
6.53076171875,0.00586397978777887
6.561279296875,0.00555740460562012
6.591796875,0.00527641119525223
6.622314453125,0.00504683909460436
6.65283203125,0.00488753735968688
6.683349609375,0.0048058810799676
6.7138671875,0.00479825544120888
6.744384765625,0.00485499062621892
6.77490234375,0.00496679037803453
6.805419921875,0.00512890353401976
6.8359375,0.00534062812788916
6.866455078125,0.00560049141523751
6.89697265625,0.00590006545745634
6.927490234375,0.0062203416320396
6.9580078125,0.0065332913700278
6.988525390625,0.00680836758996516
7.01904296875,0.00702086807135015
7.049560546875,0.00715793126879279
7.080078125,0.00721917946101692
7.110595703125,0.00721200247460385
7.14111328125,0.00714449436979123
7.171630859375,0.00702035431666427
7.2021484375,0.0068388416724783
7.232666015625,0.00659980001344683
7.26318359375,0.00631061601241063
7.293701171875,0.00599062814791941
7.32421875,0.00566980271625872
7.354736328125,0.00538174579865199
7.38525390625,0.00515443155384258
7.415771484375,0.0050034246370095
7.4462890625,0.00493097890946772
7.476806640625,0.0049309861865238
7.50732421875,0.00499634115308941
7.537841796875,0.00512394341558462
7.568359375,0.00531412948833393
7.598876953125,0.00556491081878186
7.62939453125,0.0058648225963992
7.659912109375,0.00618933353932387
7.6904296875,0.00650385019746278
7.720947265625,0.00677246204944173
7.75146484375,0.0069680634051019
7.781982421875,0.00707853539742388
7.8125,0.00710593055384293
7.843017578125,0.0070597490303389
7.87353515625,0.00694889234176
7.904052734375,0.00677753600969217
7.9345703125,0.00654751617148558
7.965087890625,0.00626548582136175
7.99560546875,0.00594978821423876
8.026123046875,0.0056318566313108
8.056640625,0.00535016225799219
8.087158203125,0.00513934150458267
8.11767578125,0.00502024157952641
8.148193359375,0.00499621023925078
8.1787109375,0.00505720862136595
8.209228515625,0.00518857363231214
8.23974609375,0.00537852938939796
8.270263671875,0.00561963177733985
8.30078125,0.00590357657538857
8.331298828125,0.00621347976946286
8.36181640625,0.00651976557338302
8.392333984375,0.00678375331786332
8.4228515625,0.00696814045885019
8.453369140625,0.00704897982889043
8.48388671875,0.00702248483042743
8.514404296875,0.00690299458253292
8.544921875,0.00671382691157491
8.575439453125,0.00647704427395207
8.60595703125,0.0062085094250744
8.636474609375,0.0059207358986689
8.6669921875,0.00563048638557208
8.697509765625,0.00536457008094136
8.72802734375,0.00515827047484045
8.758544921875,0.0050457504753429
8.7890625,0.00504739204730986
8.819580078125,0.00516152472730935
8.85009765625,0.00536558599203618
8.880615234375,0.00562593470214972
8.9111328125,0.00591016743802711
8.941650390625,0.00619450829827783
8.97216796875,0.00646256991753427
9.002685546875,0.00669800486141876
9.033203125,0.00687799278251595
9.063720703125,0.00697400354373627
9.09423828125,0.00696107725506817
9.124755859375,0.00683050380315849
9.1552734375,0.00659772509148966
9.185791015625,0.00629979730374755
9.21630859375,0.00598327077354073
9.246826171875,0.00568944991586187
9.27734375,0.00544544696001221
9.307861328125,0.00526517836160954
9.33837890625,0.00515741737974487
9.368896484375,0.00513316850478172
9.3994140625,0.00520545666241107
9.429931640625,0.00538060862075893
9.46044921875,0.0056469945471549
9.490966796875,0.00596996948587103
9.521484375,0.00629822287910785
9.552001953125,0.00657922689732615
9.58251953125,0.0067752478909561
9.613037109375,0.00687094138990252
9.6435546875,0.00686931722364907
9.674072265625,0.00678078069424518
9.70458984375,0.0066143387916941
9.735107421875,0.00637770268977667
9.765625,0.00608561590679723
9.796142578125,0.00576875362051594
9.82666015625,0.00547425354739849
9.857177734375,0.00525452258200173
9.8876953125,0.00514948627550546
9.918212890625,0.00517266116789835
9.94873046875,0.00530935814386099
9.979248046875,0.00552729916260904
10.009765625,0.00579173284710543
10.040283203125,0.00607478323849953
10.07080078125,0.0063540020993161
10.101318359375,0.00660397908858779
10.1318359375,0.00679062874140489
10.162353515625,0.00687590443354944
10.19287109375,0.00683243065665466
10.223388671875,0.00665910271202925
10.25390625,0.00638663091726743
10.284423828125,0.00606817915225073
10.31494140625,0.00576028313423849
10.345458984375,0.00550567953761693
10.3759765625,0.0053276534359975
10.406494140625,0.00523652935384872
10.43701171875,0.00523985824519255
10.467529296875,0.00534570843738607
10.498046875,0.00555495461557941
10.528564453125,0.00584851228067397
10.55908203125,0.00618107100449118
10.589599609375,0.00648931916657397
10.6201171875,0.00671232939560666
10.650634765625,0.00681253420229837
10.68115234375,0.00678481401496652
10.711669921875,0.00664955443104511
10.7421875,0.00643679455098808
10.772705078125,0.00617407786463619
10.80322265625,0.00588608998119056
10.833740234375,0.00560331189133023
10.8642578125,0.00536855248379701
10.894775390625,0.005231302847692
10.92529296875,0.00522978826053028
10.955810546875,0.00537151888779067
10.986328125,0.00562610280968586
11.016845703125,0.00593628861053522
11.04736328125,0.00624047137635212
11.077880859375,0.006492180957784
11.1083984375,0.00666548616956148
11.138916015625,0.0067470119611991
11.16943359375,0.00672580527588437
11.199951171875,0.00659295799132871
11.23046875,0.0063531372617456
11.260986328125,0.0060381356981146
11.29150390625,0.0057085217716248
11.322021484375,0.0054373231232185
11.3525390625,0.0052834364543439
11.383056640625,0.00527098214681756
11.41357421875,0.00538694113648082
11.444091796875,0.00559601794804593
11.474609375,0.00585954878138035
11.505126953125,0.00614424866901483
11.53564453125,0.00641730075520812
11.566162109375,0.00663748638255676
11.5966796875,0.00675628489174459
11.627197265625,0.006734208963394
11.65771484375,0.00656324533992258
11.688232421875,0.00627854764885997
11.71875,0.00594861721909965
11.749267578125,0.00564866904647448
11.77978515625,0.00543413996452977
11.810302734375,0.00533017729203367
11.8408203125,0.00533941768294317
11.871337890625,0.0054559158514368
11.90185546875,0.00566999781168597
11.932373046875,0.0059595615922632
11.962890625,0.0062782717040299
11.993408203125,0.00655664701264375
12.02392578125,0.00672266131333728
12.054443359375,0.0067317449982522
12.0849609375,0.00658645411610791
12.115478515625,0.00633235922214222
12.14599609375,0.00603411918219844
12.176513671875,0.00574970725146252
12.20703125,0.0055195845188806
12.237548828125,0.00537264786084019
12.26806640625,0.00533549060249332
12.298583984375,0.00542964820061413
12.3291015625,0.00565476309852679
12.359619140625,0.00597187990426798
12.39013671875,0.00630509268158118
12.420654296875,0.00656687483483727
12.451171875,0.00669322513164741
12.481689453125,0.00666602292623294
12.51220703125,0.00650969558859887
12.542724609375,0.00626927189346277
12.5732421875,0.0059897811612533
12.603759765625,0.00571173515568691
12.63427734375,0.00547943799245897
12.664794921875,0.00534510563343674
12.6953125,0.00535540585720229
12.725830078125,0.00552508132502112
12.75634765625,0.00581803298804809
12.786865234375,0.00615429546085108
12.8173828125,0.00644221159989466
12.847900390625,0.00661521747421912
12.87841796875,0.0066496563325445
12.908935546875,0.00655664834401755
12.939453125,0.0063622186449058
12.969970703125,0.00609651599706483
13.00048828125,0.00579954421728697
13.031005859375,0.00553076158706722
13.0615234375,0.00536301249846085
13.092041015625,0.00535501978405488
13.12255859375,0.00551868039483222
13.153076171875,0.00580661643557457
13.18359375,0.00613198178863976
13.214111328125,0.00640756721878668
13.24462890625,0.00657706441195571
13.275146484375,0.00662061983490117
13.3056640625,0.00654051864420394
13.336181640625,0.00634859650569452
13.36669921875,0.00607023571601143
13.397216796875,0.00575788943769303
13.427734375,0.00549232638349289
13.458251953125,0.00535792556547239
13.48876953125,0.00540278397539742
13.519287109375,0.00561189291090387
13.5498046875,0.00591448689415374
13.580322265625,0.00622019505603569
13.61083984375,0.0064567639061529
13.641357421875,0.0065847738255458
13.671875,0.0065885885233104
13.702392578125,0.00646424967134763
13.73291015625,0.00622335517389251
13.763427734375,0.00590956651579867
13.7939453125,0.00560476525400792
13.824462890625,0.0054063261561732
13.85498046875,0.00538294770699267
13.885498046875,0.00553921301226352
13.916015625,0.00581557211547897
13.946533203125,0.00612259212948485
13.97705078125,0.00638174883733988
14.007568359375,0.00654439568509418
14.0380859375,0.00658524430283272
14.068603515625,0.00649137931691794
14.09912109375,0.00626774294112247
14.129638671875,0.0059560315480522
14.16015625,0.00564193094548106
14.190673828125,0.00543021077631692
14.22119140625,0.00539609047443796
14.251708984375,0.00554647430124669
14.2822265625,0.00582019654740543
14.312744140625,0.00612504898054393
14.34326171875,0.00638061618257425
14.373779296875,0.00653694016709927
14.404296875,0.00656717486237682
14.434814453125,0.00645799883136251
14.46533203125,0.00621833999726145
14.495849609375,0.00589930745246587
14.5263671875,0.00559688233403932
14.556884765625,0.00541891178073075
14.58740234375,0.00543159592646373
14.617919921875,0.00562426140087277
14.6484375,0.00591945228473444
14.678955078125,0.00621810156974323
14.70947265625,0.00644269524869481
14.739990234375,0.00655040477712099
14.7705078125,0.00652195843484997
14.801025390625,0.00635441513053434
14.83154296875,0.0060739464915229
14.862060546875,0.00575278281552206
14.892578125,0.00549945504310847
14.923095703125,0.00541276205526855
14.95361328125,0.00552748760321025
14.984130859375,0.00579427893699323
15.0146484375,0.00611003941718328
15.045166015625,0.00637305119340622
15.07568359375,0.00652030669293964
15.106201171875,0.00652849613262036
15.13671875,0.00639782996537609
15.167236328125,0.00614903534902398
15.19775390625,0.00583815293476616
15.228271484375,0.00556207259823571
15.2587890625,0.00542832065347602
15.289306640625,0.00549828757502066
15.31982421875,0.00574653429968412
15.350341796875,0.00607218304523209
15.380859375,0.00635512255248237
15.411376953125,0.00651257985602973
15.44189453125,0.00651764373641046
15.472412109375,0.00638227338246573
15.5029296875,0.00613853563173176
15.533447265625,0.00584103323347967
15.56396484375,0.00557615627300224
15.594482421875,0.00544553439462307
15.625,0.00551602452124921
15.655517578125,0.00577084929223451
15.68603515625,0.00610764583581973
15.716552734375,0.00639238206951124
15.7470703125,0.00652888392415077
15.777587890625,0.00649270843793422
15.80810546875,0.00631582278059791
15.838623046875,0.00605366143001804
15.869140625,0.00577105037109582
15.899658203125,0.00554710691041619
15.93017578125,0.00546740921314906
15.960693359375,0.00558432388989365
15.9912109375,0.00587043475079722
16.021728515625,0.00621320529084413
16.05224609375,0.00646945282620621
16.082763671875,0.00654306543381196
16.11328125,0.00642686681404115
16.143798828125,0.00618426530075316
16.17431640625,0.00590104735974567
16.204833984375,0.00565445854345767
16.2353515625,0.00551185668575981
16.265869140625,0.00552979106459392
16.29638671875,0.00572707382398109
16.326904296875,0.00604874786123322
16.357421875,0.0063673812817979
16.387939453125,0.00654254698107773
16.41845703125,0.00650138033727199
16.448974609375,0.00627640224818126
16.4794921875,0.00597351491530772
16.510009765625,0.00570547902367663
16.54052734375,0.00554817445485891
16.571044921875,0.00553898782738063
16.6015625,0.00568714797970617
16.632080078125,0.00596338321313887
16.66259765625,0.00628027489893958
16.693115234375,0.00650632169585954
16.7236328125,0.00653052027191509
16.754150390625,0.00633539175310462
16.78466796875,0.00601398028347317
16.815185546875,0.00571202015355059
16.845703125,0.00554419528348277
16.876220703125,0.00555050099726567
16.90673828125,0.00570955402506622
16.937255859375,0.00596939166076796
16.9677734375,0.00625628182587575
16.998291015625,0.00647104428514685
17.02880859375,0.00651292755662264
17.059326171875,0.00633975112215771
17.08984375,0.00601607305680378
17.120361328125,0.00569237142064678
17.15087890625,0.00551787112688519
17.181396484375,0.00555526898207531
17.2119140625,0.00576326246586173
17.242431640625,0.00604490687943994
17.27294921875,0.00630328670332971
17.303466796875,0.00646094684629528
17.333984375,0.00645870786888685
17.364501953125,0.00627423443285021
17.39501953125,0.0059599922651653
17.425537109375,0.00565006119022528
17.4560546875,0.00549832180437079
17.486572265625,0.00558179276523381
17.51708984375,0.00585026552054385
17.547607421875,0.00616621402741076
17.578125,0.00639458863880705
17.608642578125,0.00646401307214424
17.63916015625,0.00636715457266653
17.669677734375,0.00613680593841153
17.7001953125,0.00584200824552815
17.730712890625,0.00559412682630656
17.76123046875,0.00551641598376306
17.791748046875,0.00566872084635363
17.822265625,0.00598784738088038
17.852783203125,0.00631193241073298
17.88330078125,0.00648172507263056
17.913818359375,0.00643481412454899
17.9443359375,0.0062193026557949
17.974853515625,0.00593777631386878
18.00537109375,0.00569107810771878
18.035888671875,0.00556191610609011
18.06640625,0.00561064072919603
18.096923828125,0.00584388379356183
18.12744140625,0.00617543823366191
18.157958984375,0.00644266825379394
18.1884765625,0.00649908627332373
18.218994140625,0.00631579851715065
18.24951171875,0.00599981587745255
18.280029296875,0.00571398142841267
18.310546875,0.0055762723346114
18.341064453125,0.0056200327903227
18.37158203125,0.00581604457156049
18.402099609375,0.00609785466917355
18.4326171875,0.00636240105836926
18.463134765625,0.00648378804389563
18.49365234375,0.00637752111428044
18.524169921875,0.00607759740853837
18.5546875,0.00574107030450016
18.585205078125,0.00555134668632446
18.61572265625,0.00559663729485087
18.646240234375,0.00582829772046622
18.6767578125,0.00611946495835717
18.707275390625,0.00634881282549247
18.73779296875,0.00643727794354398
18.768310546875,0.00634699035726133
18.798828125,0.00609415884516872
18.829345703125,0.00577721106078974
18.85986328125,0.00555948800022325
18.890380859375,0.00557514115665921
18.9208984375,0.00582439813072693
18.951416015625,0.00616252156956809
18.98193359375,0.00640249800680545
19.012451171875,0.00643749574910187
19.04296875,0.0062802755604094
19.073486328125,0.00601697037464928
19.10400390625,0.00575225629368443
19.134521484375,0.00559080728717876
19.1650390625,0.00562017926424357
19.195556640625,0.0058566085555916
19.22607421875,0.00619482474470739
19.256591796875,0.00644381165686139
19.287109375,0.00645330305820308
19.317626953125,0.00622511777513986
19.34814453125,0.00590383656926235
19.378662109375,0.00566299344708677
19.4091796875,0.00560100533294668
19.439697265625,0.00572286167756905
19.47021484375,0.00597369986183578
19.500732421875,0.00625682123220504
19.53125,0.00643987268408963
19.561767578125,0.00640556183566369
19.59228515625,0.00614491543082833
19.622802734375,0.00579966858482849
19.6533203125,0.00557941830375095
19.683837890625,0.00560970243353631
19.71435546875,0.00585043488899366
19.744873046875,0.00615023858552249
19.775390625,0.00636137771515715
19.805908203125,0.00640430077910516
19.83642578125,0.00626554952431345
19.866943359375,0.00599217761972393
19.8974609375,0.00570428808679281
19.927978515625,0.00556674375864304
19.95849609375,0.00568479420510039
19.989013671875,0.00600228520116871
20.01953125,0.00632131689809425
20.050048828125,0.00644765390358034
20.08056640625,0.00632791245415926
20.111083984375,0.00605778160352659
20.1416015625,0.0057862030665233
20.172119140625,0.00563095564740431
20.20263671875,0.00565734504213071
20.233154296875,0.0058702812091196
20.263671875,0.00618353561550462
20.294189453125,0.0064226856803857
20.32470703125,0.00642408328074323
20.355224609375,0.00617152419544656
20.3857421875,0.00582839490491433
20.416259765625,0.00561380954473193
20.44677734375,0.00563959340867357
20.477294921875,0.00585881529149041
20.5078125,0.00613885589819077
20.538330078125,0.00634950228339275
20.56884765625,0.00639602052276408
20.599365234375,0.0062372927403088
20.6298828125,0.00593120944291069
20.660400390625,0.00564991193796846
20.69091796875,0.00558556518023044
20.721435546875,0.00579416806357762
20.751953125,0.00613464619622855
20.782470703125,0.00638072195480068
20.81298828125,0.00639578478551878
20.843505859375,0.00620386629404548
20.8740234375,0.00592734882938571
20.904541015625,0.00569979502279946
20.93505859375,0.00562923282481248
20.965576171875,0.0057722813096087
20.99609375,0.00607800856676147
21.026611328125,0.0063679246428185
21.05712890625,0.00643846700928642
21.087646484375,0.00623007748053024
21.1181640625,0.0058900230932413
21.148681640625,0.00565023410754072
21.17919921875,0.00564487778853126
21.209716796875,0.00584338438551153
21.240234375,0.00611924233357626
21.270751953125,0.00633658197472178
21.30126953125,0.00638582067702527
21.331787109375,0.00621693482839631
21.3623046875,0.00590103551015315
21.392822265625,0.00563605844327033
21.42333984375,0.00561848390885567
21.453857421875,0.0058703402100769
21.484375,0.00620779706144175
21.514892578125,0.00639813749029924
21.54541015625,0.00634119501018436
21.575927734375,0.00610475648922766
21.6064453125,0.00583276128802104
21.636962890625,0.00566051891850054
21.66748046875,0.00568318714734055
21.697998046875,0.00591553510739394
21.728515625,0.00623754929041745
21.759033203125,0.00642926418264552
21.78955078125,0.00633606485360743
21.820068359375,0.00601928009121753
21.8505859375,0.00571465162285867
21.881103515625,0.00562896477401338
21.91162109375,0.00578785861526772
21.942138671875,0.00606417779482789
21.97265625,0.00629870407245645
22.003173828125,0.00637366715363039
22.03369140625,0.00623646792656677
22.064208984375,0.00594071097196566
22.0947265625,0.00566777534055831
22.125244140625,0.00562644587006299
22.15576171875,0.00586776780154192
22.186279296875,0.00621301734522281
22.216796875,0.00640316278534331
22.247314453125,0.00632058421836344
22.27783203125,0.00605510835477326
22.308349609375,0.00578877040876705
22.3388671875,0.00566500434016641
22.369384765625,0.00574621623170537
22.39990234375,0.00600381069865485
22.430419921875,0.00629607388557064
22.4609375,0.006413920889737
22.491455078125,0.00624266823319167
22.52197265625,0.00589719272045862
22.552490234375,0.0056462738579648
22.5830078125,0.00567400171612042
22.613525390625,0.00593147903298935
22.64404296875,0.00621779489316848
22.674560546875,0.00635794094631796
22.705078125,0.00628924259128489
22.735595703125,0.0060505547542038
22.76611328125,0.00576948702405143
22.796630859375,0.00563471545978377
22.8271484375,0.00577454321898655
22.857666015625,0.00611054713326589
22.88818359375,0.00638119926298159
22.918701171875,0.0063695553460405
22.94921875,0.00610166452369671
22.979736328125,0.00579966895994451
23.01025390625,0.00566946013170303
23.040771484375,0.00576563854097234
23.0712890625,0.00601352735635152
23.101806640625,0.00627269558488059
23.13232421875,0.00637837916249075
23.162841796875,0.00622707632120263
23.193359375,0.00589805382863336
23.223876953125,0.00564541585753862
23.25439453125,0.00568543018659954
23.284912109375,0.0059823491257474
23.3154296875,0.00628492818650423
23.345947265625,0.00636954284053294
23.37646484375,0.00621060544648296
23.406982421875,0.00593975895159445
23.4375,0.00572309384428964
23.468017578125,0.00569220500937238
23.49853515625,0.00589250014397868
23.529052734375,0.00621128902116415
23.5595703125,0.00640264799698613
23.590087890625,0.0062882542992564
23.62060546875,0.00595303044167756
23.651123046875,0.00568268952119231
23.681640625,0.00568857874568804
23.712158203125,0.00593172601495015
23.74267578125,0.00620969734347581
23.773193359375,0.00634312932948528
23.8037109375,0.00626146014376809
23.834228515625,0.0060059445398684
23.86474609375,0.00573360610038927
23.895263671875,0.00566017645284185
23.92578125,0.00587997800290836
23.956298828125,0.00622757249063013
23.98681640625,0.00640067492050088
24.017333984375,0.00625579847759982
24.0478515625,0.00593844779114936
24.078369140625,0.00571234585370414
24.10888671875,0.0057213248898857
24.139404296875,0.00592955925423747
24.169921875,0.00619860573088477
24.200439453125,0.00635543940491051
24.23095703125,0.00626559378707842
24.261474609375,0.00596063726585211
24.2919921875,0.00568144575475672
24.322509765625,0.00568545152075864
24.35302734375,0.00597640261081535
24.383544921875,0.00628853963868412
24.4140625,0.00636044001070625
24.444580078125,0.00616901836864043
24.47509765625,0.00588924180271695
24.505615234375,0.00571420025779878
24.5361328125,0.00575202275610005
24.566650390625,0.00599402348722693
24.59716796875,0.00628348504650767
24.627685546875,0.00637642544683054
24.658203125,0.00615957421719289
24.688720703125,0.00581123472750993
24.71923828125,0.00565176345121181
24.749755859375,0.00581454693486164
24.7802734375,0.00612895541488749
24.810791015625,0.0063269576581005
24.84130859375,0.00628378038574836
24.871826171875,0.00605509966510461
24.90234375,0.00579534962774035
24.932861328125,0.00568971932268604
24.96337890625,0.00585181815320909
24.993896484375,0.00618181604880421
25.0244140625,0.00638810307613192
25.054931640625,0.00626343913098375
25.08544921875,0.0059237912312927
25.115966796875,0.00569028576298232
25.146484375,0.005751528029589
25.177001953125,0.00601577936783747
25.20751953125,0.0062602074222745
25.238037109375,0.00632050371475848
25.2685546875,0.00615536748089336
25.299072265625,0.00586484361325433
25.32958984375,0.0056777772584264
25.360107421875,0.00578874700581738
25.390625,0.00612674829440195
25.421142578125,0.0063728003952645
25.45166015625,0.00628961910191879
25.482177734375,0.00597573142287325
25.5126953125,0.00573156767857152
25.543212890625,0.00574327748529264
25.57373046875,0.00596459686441695
25.604248046875,0.0062224509416879
25.634765625,0.00633355773976254
25.665283203125,0.00619057377621011
25.69580078125,0.0058767159614563
25.726318359375,0.00567014913316429
25.7568359375,0.00579255209846096
25.787353515625,0.00613790723086706
25.81787109375,0.0063629077087272
25.848388671875,0.00626431068658095
25.87890625,0.00596924406812555
25.909423828125,0.0057483374385176
25.93994140625,0.00575661028765433
25.970458984375,0.00597039127460463
26.0009765625,0.00623828136131923
26.031494140625,0.00634391357512487
26.06201171875,0.00615830405378934
26.092529296875,0.0058217284686978
26.123046875,0.00566743135991834
26.153564453125,0.00586283236341016
26.18408203125,0.00620355081307024
26.214599609375,0.00635092747860819
26.2451171875,0.00619777586871103
26.275634765625,0.00591702291905924
26.30615234375,0.00574006759857278
26.336669921875,0.00579013588741139
26.3671875,0.00604091523480932
26.397705078125,0.00630351818731435
26.42822265625,0.00632314460706491
26.458740234375,0.00604135497105357
26.4892578125,0.00572848146452967
26.519775390625,0.00571388432104166
26.55029296875,0.00600268143295752
26.580810546875,0.00628586584099559
26.611328125,0.00630654162897223
26.641845703125,0.00608821025242099
26.67236328125,0.00583128146781321
26.702880859375,0.005731580811445
26.7333984375,0.00588148885279411
26.763916015625,0.0061846362705405
26.79443359375,0.00636110059777289
26.824951171875,0.00620228042617167
26.85546875,0.00585147200758964
26.885986328125,0.00568233515421775
26.91650390625,0.00586319997955764
26.947021484375,0.00618026384595638
26.9775390625,0.00632198953147211
27.008056640625,0.00619556277928676
27.03857421875,0.00593366741301493
27.069091796875,0.00574447067902342
27.099609375,0.00579497115024195
27.130126953125,0.00607854635153137
27.16064453125,0.00633896251639868
27.191162109375,0.00628490495026528
27.2216796875,0.00595159261804948
27.252197265625,0.00570172050627781
27.28271484375,0.00579539655080974
27.313232421875,0.00610148065352321
27.34375,0.00630316252536418
27.374267578125,0.006243548841568
27.40478515625,0.00600028157220038
27.435302734375,0.00577164261287326
27.4658203125,0.00576192021185394
27.496337890625,0.00602077404032116
27.52685546875,0.00631427499885625
27.557373046875,0.00631346492662397
27.587890625,0.00599858154134964
27.618408203125,0.00572129865969647
27.64892578125,0.0057774543775067
27.679443359375,0.0060712213714038
27.7099609375,0.00628926638971121
27.740478515625,0.00625373645893004
27.77099609375,0.00601989063051529
27.801513671875,0.00578168354686993
27.83203125,0.00575949133810929
27.862548828125,0.00601715172796346
27.89306640625,0.00631359859509899
27.923583984375,0.00630783472330102
27.9541015625,0.0059883402062251
27.984619140625,0.00572153915035089
28.01513671875,0.00579494963684725
28.045654296875,0.00609093192506875
28.076171875,0.00629233888222912
28.106689453125,0.00623620302960892
28.13720703125,0.00599288187246133
28.167724609375,0.00576837392811797
28.1982421875,0.00578307954322405
28.228759765625,0.00606696382936854
28.25927734375,0.00633591334376627
28.289794921875,0.00626643820678283
28.3203125,0.00592425215810124
28.350830078125,0.00571077675058534
28.38134765625,0.00585213671049837
28.411865234375,0.00615469349882404
28.4423828125,0.00630093695211098
28.472900390625,0.00618347136407094
28.50341796875,0.00592318789670398
28.533935546875,0.00574797770601373
28.564453125,0.00584858465387547
28.594970703125,0.00616496575879034
28.62548828125,0.00635346082383798
28.656005859375,0.00616930627210113
28.6865234375,0.00582117443669267
28.717041015625,0.00572375632433257
28.74755859375,0.00596411007614418
28.778076171875,0.00624256525694999
28.80859375,0.0062814619748857
28.839111328125,0.00607959537557555
28.86962890625,0.00582912032055311
28.900146484375,0.0057615574203256
28.9306640625,0.005978913693285
28.961181640625,0.0062821997638153
28.99169921875,0.00631072060735732
29.022216796875,0.00600159853840581
29.052734375,0.00572718231487917
29.083251953125,0.00581459303897654
29.11376953125,0.00612894986125538
29.144287109375,0.00630271609018634
29.1748046875,0.00618746655051241
29.205322265625,0.00592786758225924
29.23583984375,0.00576479214616329
29.266357421875,0.00586549497183616
29.296875,0.00616562895937627
29.327392578125,0.00634022820408697
29.35791015625,0.00614865863785523
29.388427734375,0.0058036378841986
29.4189453125,0.00573670265858993
29.449462890625,0.00601604611390705
29.47998046875,0.00628290403438911
29.510498046875,0.00625168116330164
29.541015625,0.00600183306886067
29.571533203125,0.00579373962878063
29.60205078125,0.00581984602271618
29.632568359375,0.00607762646202873
29.6630859375,0.00631402245114145
29.693603515625,0.00622921561036087
29.72412109375,0.00588715230368527
29.754638671875,0.00571467737390302
29.78515625,0.00593445426264422
29.815673828125,0.00625338319441806
29.84619140625,0.00628801636971977
29.876708984375,0.00604428812796308
29.9072265625,0.00581221623044761
29.937744140625,0.00581033177570021
29.96826171875,0.0060387379311708
29.998779296875,0.00628287440993563
30.029296875,0.00625435084186593
30.059814453125,0.00593922669123435
30.09033203125,0.00571890235785848
30.120849609375,0.00589390873766814
30.1513671875,0.00623638851434117
30.181884765625,0.00630745870387285
30.21240234375,0.00605616939360339
30.242919921875,0.00580928371987869
30.2734375,0.0058167937153637
30.303955078125,0.0060448115289838
30.33447265625,0.0062697632940681
30.364990234375,0.00624251630580567
30.3955078125,0.0059476155583946
30.426025390625,0.00572884493293172
30.45654296875,0.00589506218408733
30.487060546875,0.00624386057293438
30.517578125,0.00631244732270463
30.548095703125,0.0060351699610902
30.57861328125,0.005787087185215
30.609130859375,0.0058380627772689
30.6396484375,0.00608857078119612
30.670166015625,0.0062735695814121
30.70068359375,0.00620075620794962
30.731201171875,0.00591523730976413
30.76171875,0.00574215045195921
30.792236328125,0.00593887374534046
30.82275390625,0.00627568480798431
30.853271484375,0.00629453524740924
30.8837890625,0.00597692486197421
30.914306640625,0.00575794113543751
30.94482421875,0.00588747574874359
30.975341796875,0.00616270996397559
31.005859375,0.00627519102353856
31.036376953125,0.00612394161480232
31.06689453125,0.00585643331302842
31.097412109375,0.00577528041762808
31.1279296875,0.0060266536617755
31.158447265625,0.00631517754832912
31.18896484375,0.00623468376994249
31.219482421875,0.00588427143633482
31.25,0.00574874281119412
31.280517578125,0.00598316556992446
31.31103515625,0.00624914560895486
31.341552734375,0.00624115145521265
31.3720703125,0.0060076058680704
31.402587890625,0.00580299525268738
31.43310546875,0.00585649877847481
31.463623046875,0.00614741059222086
31.494140625,0.00632410873455237
31.524658203125,0.00611389682776186
31.55517578125,0.0057836957542254
31.585693359375,0.00580143521338338
31.6162109375,0.00612814289456463
31.646728515625,0.0063039537384992
31.67724609375,0.00613558243445103
31.707763671875,0.00587263639448682
31.73828125,0.00580861176272928
31.768798828125,0.0060032285346953
31.79931640625,0.00625664049239132
31.829833984375,0.00625062150437347
31.8603515625,0.00594210989576523
31.890869140625,0.00573889849608441
31.92138671875,0.00595117058419339
31.951904296875,0.00627876282696285
31.982421875,0.00625875816257918
32.012939453125,0.00595629006135208
32.04345703125,0.00578938109580769
32.073974609375,0.00592645095345477
32.1044921875,0.00617975038360108
32.135009765625,0.00627054878722239
32.16552734375,0.00607162714913257
32.196044921875,0.00579510552899087
32.2265625,0.00582998718327008
32.257080078125,0.00617042500194622
32.28759765625,0.00632880374470505
32.318115234375,0.00607142809455596
32.3486328125,0.00578711446118089
32.379150390625,0.0058586786614389
32.40966796875,0.00613918711747651
32.440185546875,0.00626835849299265
32.470703125,0.00612195566634821
32.501220703125,0.0058650517696707
32.53173828125,0.00580405702026149
32.562255859375,0.00606455986346694
32.5927734375,0.00631846008221912
32.623291015625,0.00617469436616897
32.65380859375,0.00582635448132775
32.684326171875,0.005793162948467
32.71484375,0.00609978745430491
32.745361328125,0.00628886149437411
32.77587890625,0.00614185627482788
32.806396484375,0.00588630890832803
32.8369140625,0.00581969155866859
32.867431640625,0.00602328086755115
32.89794921875,0.00627325111525816
32.928466796875,0.00621755489679103
32.958984375,0.00588482051363343
32.989501953125,0.00576181026539279
33.02001953125,0.00605197805368833
33.050537109375,0.00631146308968428
33.0810546875,0.00616825353161422
33.111572265625,0.00587174757161629
33.14208984375,0.00582339912737407
33.172607421875,0.00603979032367803
33.203125,0.0062498990370861
33.233642578125,0.0062010089988757
33.26416015625,0.00591674324771093
33.294677734375,0.00577361186371592
33.3251953125,0.0060239684188866
33.355712890625,0.00631512237389134
33.38623046875,0.00619012710762079
33.416748046875,0.00585053852977386
33.447265625,0.00581056540257204
33.477783203125,0.00608168542777523
33.50830078125,0.00626379430555314
33.538818359375,0.00615351886386561
33.5693359375,0.00590118413875074
33.599853515625,0.00581228282901437
33.63037109375,0.00604121319953734
33.660888671875,0.00630221889233351
33.69140625,0.00617983646610869
33.721923828125,0.00583174564567679
33.75244140625,0.00580691980700203
33.782958984375,0.00613204065776439
33.8134765625,0.00629345498434104
33.843994140625,0.00609243653371958
33.87451171875,0.00585062850797261
33.905029296875,0.0058658093021284
33.935546875,0.00610545047756091
33.966064453125,0.00627917177706419
33.99658203125,0.00612167691610413
34.027099609375,0.00581415520829602
34.0576171875,0.00583977941991023
34.088134765625,0.00618955938655778
34.11865234375,0.00630464302050144
34.149169921875,0.00601610931556947
34.1796875,0.00579625255644986
34.210205078125,0.0059401111003022
34.24072265625,0.00619708112118804
34.271240234375,0.00623706381261895
34.3017578125,0.00601906372354968
34.332275390625,0.00580837150437869
34.36279296875,0.00592510043889572
34.393310546875,0.00624731143772822
34.423828125,0.00626531278131676
34.454345703125,0.00592245487079892
34.48486328125,0.00577696998499311
34.515380859375,0.00604723548564404
34.5458984375,0.00627913857014786
34.576416015625,0.00615347148344242
34.60693359375,0.00589694614779465
34.637451171875,0.00584446437204424
34.66796875,0.00605902675520231
34.698486328125,0.0062757011883254
34.72900390625,0.00615669522112262
34.759521484375,0.00583347548406605
34.7900390625,0.00583128341588836
34.820556640625,0.00617905147737195
34.85107421875,0.0062998472160655
34.881591796875,0.00601618432625943
34.912109375,0.00580727111427116
34.942626953125,0.00595511215326368
34.97314453125,0.00620274544058464
35.003662109375,0.00622673226555323
35.0341796875,0.00599464918820109
35.064697265625,0.00580544224775865
35.09521484375,0.00597446861900968
35.125732421875,0.00628349400289144
35.15625,0.00621212110990369
35.186767578125,0.00585911125654472
35.21728515625,0.0058203868255337
35.247802734375,0.00613385895507993
35.2783203125,0.00627490747084829
35.308837890625,0.0060727150492245
35.33935546875,0.00585424206850848
35.369873046875,0.00590068502881638
35.400390625,0.00615761166609581
35.430908203125,0.00627355917555858
35.46142578125,0.00602507720752276
35.491943359375,0.00577905659165942
35.5224609375,0.00597418787469548
35.552978515625,0.00629272788991594
35.58349609375,0.00619098862328866
35.614013671875,0.00587062464954514
35.64453125,0.00585327629223337
35.675048828125,0.00610983889143636
35.70556640625,0.00625099477196874
35.736083984375,0.0061030176917305
35.7666015625,0.00585605711109178
35.797119140625,0.00587790638228171
35.82763671875,0.00619079717586796
35.858154296875,0.00628766507705869
35.888671875,0.00596803602262445
35.919189453125,0.00578190930393448
35.94970703125,0.00604487391673271
35.980224609375,0.00628264679997592
36.0107421875,0.00613215396421565
36.041259765625,0.00587941207673213
36.07177734375,0.00588215835100669
36.102294921875,0.00611844313833894
36.1328125,0.00626709954525863
36.163330078125,0.00607138984650364
36.19384765625,0.00580155675569373
36.224365234375,0.00593961778398134
36.2548828125,0.0062769824293937
36.285400390625,0.00621372665024985
36.31591796875,0.00587592852171431
36.346435546875,0.00585000170189748
36.376953125,0.00612661629613634
36.407470703125,0.00625025574448132
36.43798828125,0.00607569946216021
36.468505859375,0.00585644602554758
36.4990234375,0.00591426590695129
36.529541015625,0.00620946480565362
36.56005859375,0.00625970039120548
36.590576171875,0.0059300705880935
36.62109375,0.00579789808556921
36.651611328125,0.00610795678636111
36.68212890625,0.00629477530873132
36.712646484375,0.00606184007993271
36.7431640625,0.00584134779047373
36.773681640625,0.00595175380651586
36.80419921875,0.00619249688871179
36.834716796875,0.0062230652177473
36.865234375,0.005971391874914
36.895751953125,0.00581302660969584
36.92626953125,0.00606281165130724
36.956787109375,0.00631211131731812
36.9873046875,0.00609069409207297
37.017822265625,0.00580119756195331
37.04833984375,0.00595875335274229
37.078857421875,0.00624354012410293
37.109375,0.00618669348192381
37.139892578125,0.00593361606435311
37.17041015625,0.00586459438714592
37.200927734375,0.00607734053348715
37.2314453125,0.00627186272692823
37.261962890625,0.00609739623355161
37.29248046875,0.00580833343296296
37.322998046875,0.00594692118618605
37.353515625,0.00628074473662336
37.384033203125,0.00618969836673634
37.41455078125,0.00586657308002643
37.445068359375,0.00588638769841068
37.4755859375,0.00615726475351709
37.506103515625,0.0062340997478809
37.53662109375,0.0060310877454552
37.567138671875,0.00584462757017297
37.59765625,0.00598670935081834
37.628173828125,0.00627071236162259
37.65869140625,0.00617503852251895
37.689208984375,0.00583477304257724
37.7197265625,0.00589322317358581
37.750244140625,0.00623579945908771
37.78076171875,0.00622444950580202
37.811279296875,0.00592842955770585
37.841796875,0.00586812549407722
37.872314453125,0.0060910409038428
37.90283203125,0.0062455022975679
37.933349609375,0.00609315339098739
37.9638671875,0.00584138629648099
37.994384765625,0.00594458854293268
38.02490234375,0.00626938911952625
38.055419921875,0.00619786344884994
38.0859375,0.00584970959232911
38.116455078125,0.00589032309884141
38.14697265625,0.00620992423872132
38.177490234375,0.00622167374223438
38.2080078125,0.00596328895444203
38.238525390625,0.00586820125368345
38.26904296875,0.00606203645620527
38.299560546875,0.00625757195299714
38.330078125,0.0061080020614569
38.360595703125,0.00582545036969471
38.39111328125,0.00595569749128825
38.421630859375,0.00628526015570587
38.4521484375,0.00617057455735439
38.482666015625,0.00584608753579482
38.51318359375,0.00592319625848005
38.543701171875,0.00620604691682441
38.57421875,0.00620298863894934
38.604736328125,0.00596608288503199
38.63525390625,0.0058672793721313
38.665771484375,0.00608023037152731
38.6962890625,0.00627849022690503
38.726806640625,0.0060642753992559
38.75732421875,0.00580345447789803
38.787841796875,0.00602548074367794
38.818359375,0.00630091022899756
38.848876953125,0.00609748068356395
38.87939453125,0.00584121166365718
38.909912109375,0.00598156727386098
38.9404296875,0.00621749098626193
38.970947265625,0.0061738137584514
39.00146484375,0.0059309192638367
39.031982421875,0.00587719709739438
39.0625,0.00615639249951769
39.093017578125,0.00627496339143957
39.12353515625,0.0059583258827979
39.154052734375,0.00582124577888754
39.1845703125,0.006143578403423
39.215087890625,0.00627438492507393
39.24560546875,0.00599614122843232
39.276123046875,0.00585988786239121
39.306640625,0.00605878892838419
39.337158203125,0.00623635851095375
39.36767578125,0.00611318756204066
39.398193359375,0.00586462334774698
39.4287109375,0.00594933400995008
39.459228515625,0.00626544641799369
39.48974609375,0.00618085195181519
39.520263671875,0.00583948303270407
39.55078125,0.0059348740981402
39.581298828125,0.00625110628083132
39.61181640625,0.00617372878641329
39.642333984375,0.00590680766981426
39.6728515625,0.00591992698686118
39.703369140625,0.00615467081139135
39.73388671875,0.00623067608325864
39.764404296875,0.0059858440701294
39.794921875,0.00583934741226094
39.825439453125,0.00612493939714976
39.85595703125,0.00629451253269927
39.886474609375,0.00598086894920891
39.9169921875,0.00583075240430676
39.947509765625,0.00612605459306428
39.97802734375,0.00625472719033741
40.008544921875,0.00602266707662109
40.0390625,0.00587661096048085
40.069580078125,0.00603782541882813
40.10009765625,0.00624509567419125
40.130615234375,0.00611824051155613
40.1611328125,0.00584138526878941
40.191650390625,0.00598412356993657
40.22216796875,0.00629501438543304
40.252685546875,0.00611946496074132
40.283203125,0.005829211123557
40.313720703125,0.00600794700910379
40.34423828125,0.00625145407466831
40.374755859375,0.00612105002372921
40.4052734375,0.00589970834761021
40.435791015625,0.00595381855561097
40.46630859375,0.00620440050792093
40.496826171875,0.00620388573248521
40.52734375,0.00589405908979796
40.557861328125,0.0058968916252898
40.58837890625,0.00624726417970954
40.618896484375,0.00620572261128872
40.6494140625,0.00587022044841906
40.679931640625,0.0059366266020102
40.71044921875,0.00621670870982154
40.740966796875,0.0061771133981518
40.771484375,0.00594016067396909
40.802001953125,0.00591197134798061
40.83251953125,0.006158877167937
40.863037109375,0.00624402662499618
40.8935546875,0.00594424227578817
40.924072265625,0.00585828872639583
40.95458984375,0.00620396353770203
40.985107421875,0.00624423804342309
41.015625,0.00590691746685206
41.046142578125,0.00590712872960526
41.07666015625,0.00618830770889617
41.107177734375,0.00619961126430784
41.1376953125,0.00596799694132342
41.168212890625,0.00589766354821855
41.19873046875,0.00613460636999906
41.229248046875,0.00625756682520417
41.259765625,0.00596673539453274
41.290283203125,0.00584909913369629
41.32080078125,0.00618922168499866
41.351318359375,0.00625145780824946
41.3818359375,0.00591867084130795
41.412353515625,0.00590595485897797
41.44287109375,0.00618172097899748
41.473388671875,0.00620081862387025
41.50390625,0.00597223998186872
41.534423828125,0.00589875955548951
41.56494140625,0.00614003060454725
41.595458984375,0.00625573137417763
41.6259765625,0.00595456149822737
41.656494140625,0.00586042761914268
41.68701171875,0.00620807502224174
41.717529296875,0.00623366218832549
41.748046875,0.00590295030782249
41.778564453125,0.00592861237039448
41.80908203125,0.00619769662604707
41.839599609375,0.00618362137209021
41.8701171875,0.0059526852671433
41.900634765625,0.00591536576945217
41.93115234375,0.0061744926256245
41.961669921875,0.00623408044788475
41.9921875,0.00591146319476799
42.022705078125,0.00589997752720437
42.05322265625,0.00625209979495506
42.083740234375,0.00618301787394873
42.1142578125,0.0058712407011303
42.144775390625,0.00598138372615851
42.17529296875,0.00622531778973869
42.205810546875,0.00614085491297202
42.236328125,0.00591858368274329
42.266845703125,0.00595979003637746
42.29736328125,0.00622643409387415
42.327880859375,0.00617464403737679
42.3583984375,0.00585675913667453
42.388916015625,0.00598599273736563
42.41943359375,0.00629381015044264
42.449951171875,0.00608719118025948
42.48046875,0.00585313776923135
42.510986328125,0.00607101546440399
42.54150390625,0.00623854348189512
42.572021484375,0.00606433564830524
42.6025390625,0.00589496279794711
42.633056640625,0.00604655840283192
42.66357421875,0.00626264042437154
42.694091796875,0.00606171167132149
42.724609375,0.00583681986121636
42.755126953125,0.00612396711326793
42.78564453125,0.0062804553435432
42.816162109375,0.00595567220831336
42.8466796875,0.00589592347574375
42.877197265625,0.00618118953020786
42.90771484375,0.00619789367614202
42.938232421875,0.00596625605805575
42.96875,0.00592477164267249
42.999267578125,0.00616551099533428
43.02978515625,0.00622589679153517
43.060302734375,0.00591936868831219
43.0908203125,0.00591709449804746
43.121337890625,0.00626431104596443
43.15185546875,0.00615764112642048
43.182373046875,0.00585508315462566
43.212890625,0.006032624679124
43.243408203125,0.00624761794195053
43.27392578125,0.00607972506614076
43.304443359375,0.00590395835503045
43.3349609375,0.00604062367269591
43.365478515625,0.0062471116510662
43.39599609375,0.00607793377906318
43.426513671875,0.00584868966234837
43.45703125,0.00611393430998934
43.487548828125,0.00628357557763322
43.51806640625,0.00595148376746847
43.548583984375,0.00589953582228306
43.5791015625,0.00620788394140687
43.609619140625,0.00618153278257887
43.64013671875,0.00593834080593655
43.670654296875,0.00596187173630873
43.701171875,0.00619303451527887
43.731689453125,0.00618257505984519
43.76220703125,0.0058981884214054
43.792724609375,0.00597286250559601
43.8232421875,0.00628736809727755
43.853759765625,0.00609170322859889
43.88427734375,0.00584384724863207
43.914794921875,0.00611599074016392
43.9453125,0.00624814396208969
43.975830078125,0.0059934575734912
44.00634765625,0.00592188646740593
44.036865234375,0.00613587363840539
44.0673828125,0.00621910080221561
44.097900390625,0.00597696806276744
44.12841796875,0.00590316904512489
44.158935546875,0.00622362673499781
44.189453125,0.00619760989471614
44.219970703125,0.00585868286401081
44.25048828125,0.00602058599129427
44.281005859375,0.0062753269243738
44.3115234375,0.00605216425512223
44.342041015625,0.00589991783401729
44.37255859375,0.0060989487786041
44.403076171875,0.00622364068523533
44.43359375,0.0060313745630039
44.464111328125,0.00589061693413922
44.49462890625,0.00615677271357116
44.525146484375,0.0062481493984165
44.5556640625,0.00590347084021501
44.586181640625,0.0059525424373149
44.61669921875,0.00627528062590732
44.647216796875,0.00610196000461761
44.677734375,0.00588513020485417
44.708251953125,0.00608058057771966
44.73876953125,0.00622477542082324
44.769287109375,0.00605119405757097
44.7998046875,0.00590159765654969
44.830322265625,0.00611910695158378
44.86083984375,0.00625780481442589
44.891357421875,0.00594227818212138
44.921875,0.00591946760304415
44.952392578125,0.00626688321951095
44.98291015625,0.00613298214041226
45.013427734375,0.00587272631007285
45.0439453125,0.00607825217270325
45.074462890625,0.00623153273486089
45.10498046875,0.00604305075385519
45.135498046875,0.00591591381879349
45.166015625,0.00611592291106442
45.196533203125,0.00624530710294364
45.22705078125,0.00595772037566466
45.257568359375,0.00591745181181658
45.2880859375,0.00626458338398642
45.318603515625,0.00613849062155136
45.34912109375,0.00586084786728849
45.379638671875,0.00609476458782284
45.41015625,0.00623996537337269
45.440673828125,0.00601301516441428
45.47119140625,0.00593173175935208
45.501708984375,0.00614102023907884
45.5322265625,0.00621811863606081
45.562744140625,0.00594866193606529
45.59326171875,0.00594336464798904
45.623779296875,0.00627198014016237
45.654296875,0.00611357966329764
45.684814453125,0.00585335337819816
45.71533203125,0.00613484940232541
45.745849609375,0.00623797078991868
45.7763671875,0.00596511377914795
45.806884765625,0.00596040375967166
45.83740234375,0.00618310693368557
45.867919921875,0.00617151085477191
45.8984375,0.00592658491919528
45.928955078125,0.00599863734922403
45.95947265625,0.00627892833034174
45.989990234375,0.00605623074012043
46.0205078125,0.00586398747103037
46.051025390625,0.00619758798440345
46.08154296875,0.00620686095310336
46.112060546875,0.00590963487394768
46.142578125,0.00601891121049633
46.173095703125,0.00622205575504297
46.20361328125,0.00609708918662208
46.234130859375,0.00591575032112304
46.2646484375,0.00608222603637424
46.295166015625,0.00626153646209752
46.32568359375,0.00597543969880253
46.356201171875,0.00591536704396173
46.38671875,0.00626517707487466
46.417236328125,0.00612791002147395
46.44775390625,0.00587414405048323
46.478271484375,0.00611609519055287
46.5087890625,0.00622379326939715
46.539306640625,0.00600018427478966
46.56982421875,0.00595021609186516
46.600341796875,0.00617421953503951
46.630859375,0.00619177629456388
46.661376953125,0.00590454970343559
46.69189453125,0.0060237490053928
46.722412109375,0.00629409324329403
46.7529296875,0.00600316670608705
46.783447265625,0.00590439514281568
46.81396484375,0.00622872462137925
46.844482421875,0.00615063045927238
46.875,0.00592136484680571
46.905517578125,0.00605239257923931
46.93603515625,0.00622234101251528
46.966552734375,0.00606707043146966
46.9970703125,0.00590255203340279
47.027587890625,0.00616557077962418
47.05810546875,0.00622944080776808
47.088623046875,0.00588591283434714
47.119140625,0.00603341686932224
47.149658203125,0.00628327077036139
47.18017578125,0.00600390661080801
47.210693359375,0.00593559986439519
47.2412109375,0.00618754085304234
47.271728515625,0.00616364276066067
47.30224609375,0.00595026077067649
47.332763671875,0.00601184787160947
47.36328125,0.00625197620352048
47.393798828125,0.00606531736647642
47.42431640625,0.00587939645202958
47.454833984375,0.00621398888834303
47.4853515625,0.00619262359509819
47.515869140625,0.00587880624176925
47.54638671875,0.00608476852050675
47.576904296875,0.00623870758443854
47.607421875,0.00600823656509492
47.637939453125,0.00595776899281235
47.66845703125,0.00617236009125005
47.698974609375,0.00618176121300392
47.7294921875,0.00591640033577774
47.760009765625,0.00604060125815349
47.79052734375,0.00628771357898964
47.821044921875,0.00598054887660818
47.8515625,0.00593125606906743
47.882080078125,0.00626082130647622
47.91259765625,0.00610277937507763
47.943115234375,0.00591440294649507
47.9736328125,0.00612160051429823
48.004150390625,0.00620633953626633
48.03466796875,0.0059993042992773
48.065185546875,0.00595824239615127
48.095703125,0.00623207808083278
48.126220703125,0.00613107841383805
48.15673828125,0.00586811546033431
48.187255859375,0.0061682606238193
48.2177734375,0.00622875143410166
48.248291015625,0.00590104485827698
48.27880859375,0.0060532102518747
48.309326171875,0.00623798309490836
48.33984375,0.00603558914313073
48.370361328125,0.00595158772907383
48.40087890625,0.0061607079314758
48.431396484375,0.0061943458639957
48.4619140625,0.00591757412191093
48.492431640625,0.00604558649373185
48.52294921875,0.00628786968695241
48.553466796875,0.00596764958795209
48.583984375,0.00595444578441853
48.614501953125,0.00626552355823042
48.64501953125,0.00607684750749281
48.675537109375,0.00592929848290565
48.7060546875,0.00614364289661943
48.736572265625,0.00619330419641129
48.76708984375,0.00597485899818946
48.797607421875,0.00599240466703123
48.828125,0.00626022991215331
48.858642578125,0.00606207884259188
48.88916015625,0.00589232216267431
48.919677734375,0.00624069255776943
48.9501953125,0.00614934991745044
48.980712890625,0.00589053802192618
49.01123046875,0.00613853342821531
49.041748046875,0.00620547630263848
49.072265625,0.00598007197668368
49.102783203125,0.0060010459592124
49.13330078125,0.00621731715233045
49.163818359375,0.00610845761358223
49.1943359375,0.00589640519711254
49.224853515625,0.00618344290722025
49.25537109375,0.00621012571459007
49.285888671875,0.00587815210869778
49.31640625,0.0061099403401059
49.346923828125,0.00624450770492906
49.37744140625,0.00595717100108022
49.407958984375,0.0060149866735445
49.4384765625,0.00621369496132156
49.468994140625,0.00609470654667184
49.49951171875,0.00593170254820866
49.530029296875,0.00614778689466956
49.560546875,0.00622142007082274
49.591064453125,0.00589893579764675
49.62158203125,0.00607585390994413
49.652099609375,0.00627671246461028
49.6826171875,0.00594197798082632
49.713134765625,0.00601105192258284
49.74365234375,0.00624485786936639
49.774169921875,0.00605323902967222
49.8046875,0.00595807489761112
49.835205078125,0.00615898216978483
49.86572265625,0.0061863733611984
49.896240234375,0.00592768247401129
49.9267578125,0.00606933768956705
49.957275390625,0.00627619647975299
49.98779296875,0.00594003443148639
50.018310546875,0.00600605434829897
50.048828125,0.00627935071167371
50.079345703125,0.00601035930152086
50.10986328125,0.00596881229426142
50.140380859375,0.00620474130677491
50.1708984375,0.00612620909947841
50.201416015625,0.00594614031917014
50.23193359375,0.00610336235028177
50.262451171875,0.00623936798376248
50.29296875,0.00594024898655631
50.323486328125,0.00602503577116168
50.35400390625,0.00629107340329556
50.384521484375,0.005971410407469
50.4150390625,0.00598347340628979
50.445556640625,0.00625672087874693
50.47607421875,0.00605489421967518
50.506591796875,0.00596067779262545
50.537109375,0.00616681391068851
50.567626953125,0.0061711316214432
50.59814453125,0.00594087683417651
50.628662109375,0.00607849856729293
50.6591796875,0.00626474969724643
50.689697265625,0.00593669630626018
50.72021484375,0.00602483822821701
50.750732421875,0.00628509091593101
50.78125,0.0059788486840858
50.811767578125,0.00599429927968959
50.84228515625,0.0062319544567905
50.872802734375,0.00607673787214267
50.9033203125,0.00595939852318833
50.933837890625,0.00615439143949199
50.96435546875,0.00619209629360469
50.994873046875,0.00592022571358715
51.025390625,0.00609927224124249
51.055908203125,0.00626280928594561
51.08642578125,0.00591303928345036
51.116943359375,0.00606649723347985
51.1474609375,0.00626025053070109
51.177978515625,0.00597108822520079
51.20849609375,0.00602207876662306
51.239013671875,0.00621612493967447
51.26953125,0.00607883855893969
51.300048828125,0.00595225286141666
51.33056640625,0.00618226319309254
51.361083984375,0.00617582754471124
51.3916015625,0.00589261178610767
51.422119140625,0.00616847183880991
51.45263671875,0.00621514366230984
51.483154296875,0.00589425015680392
51.513671875,0.00613582139124921
51.544189453125,0.00621157299596399
51.57470703125,0.00596346246282371
51.605224609375,0.00605543820868767
51.6357421875,0.00621644676846237
51.666259765625,0.0060482712343561
51.69677734375,0.00595773948570859
51.727294921875,0.00624567823373179
51.7578125,0.00609501708849907
51.788330078125,0.00590569896286676
51.81884765625,0.00625485109002578
51.849365234375,0.00611003293170093
51.8798828125,0.0059217785154969
51.910400390625,0.0061994007702353
51.94091796875,0.00614509840969413
51.971435546875,0.00596143374988379
52.001953125,0.00610172735621936
52.032470703125,0.00621940286309031
52.06298828125,0.0059716073507901
52.093505859375,0.00603069627365139
52.1240234375,0.00628274092519268
52.154541015625,0.00596145255751287
52.18505859375,0.0060157612786821
52.215576171875,0.00627809742040171
52.24609375,0.00598858765539371
52.276611328125,0.00601215430953663
52.30712890625,0.00622186690283939
52.337646484375,0.00607337343925289
52.3681640625,0.00596864472563888
52.398681640625,0.00618437138503779
52.42919921875,0.00615990204222312
52.459716796875,0.00590577442456587
52.490234375,0.0061912939975187
52.520751953125,0.00618736903781885
52.55126953125,0.00589105096847033
52.581787109375,0.0061879708286528
52.6123046875,0.00617558856522588
52.642822265625,0.00594102146740478
52.67333984375,0.00612410780229179
52.703857421875,0.00619492803456489
52.734375,0.00599251398278143
52.764892578125,0.00603595861464917
52.79541015625,0.00625704841580918
52.825927734375,0.00599290843986441
52.8564453125,0.00599825162332587
52.886962890625,0.00629212559947459
52.91748046875,0.00597923351196172
52.947998046875,0.00601296521603367
52.978515625,0.00625584344335579
53.009033203125,0.00602048449613856
53.03955078125,0.00600671452224396
53.070068359375,0.00620291791988466
53.1005859375,0.00610465281810724
53.131103515625,0.00594742804823098
53.16162109375,0.00620428894456915
53.192138671875,0.00615050542376431
53.22265625,0.00589890108537412
53.253173828125,0.00623355874748677
53.28369140625,0.00613527689799947
53.314208984375,0.00591992314584046
53.3447265625,0.00620974190770488
53.375244140625,0.00613349448246813
53.40576171875,0.00596565292541522
53.436279296875,0.00613397000581277
53.466796875,0.00619380180236046
53.497314453125,0.00595782243507705
53.52783203125,0.00609293930229393
53.558349609375,0.00625326440952874
53.5888671875,0.00591563176834305
53.619384765625,0.00611497562451596
53.64990234375,0.00624118824914463
53.680419921875,0.0059250663101538
53.7109375,0.0061204216336373
53.741455078125,0.0062031209046296
53.77197265625,0.00598929347216406
53.802490234375,0.00605929569262391
53.8330078125,0.0062253365119076
53.863525390625,0.0060178348196611
53.89404296875,0.00600220471848837
53.924560546875,0.00628216326997629
53.955078125,0.00598376849616408
53.985595703125,0.00601801354152727
54.01611328125,0.0062790388593197
54.046630859375,0.00597415993606281
54.0771484375,0.00604861086251886
54.107666015625,0.00622456717294413
54.13818359375,0.00603342082173428
54.168701171875,0.00601154263800853
54.19921875,0.00621944349693798
54.229736328125,0.00607790994680049
54.26025390625,0.00595270708419967
54.290771484375,0.00627171326833316
54.3212890625,0.00604766716062164
54.351806640625,0.00596408046397565
54.38232421875,0.0062789871140204
54.412841796875,0.00602112086038627
54.443359375,0.0060095824944721
54.473876953125,0.00622172981277824
54.50439453125,0.0060690246707354
54.534912109375,0.0059897407096301
54.5654296875,0.00620475274249215
54.595947265625,0.0061161133411627
54.62646484375,0.00593305917446734
54.656982421875,0.00625667448804687
54.6875,0.00608365151420574
54.718017578125,0.00594394537864835
54.74853515625,0.00627105237556987
54.779052734375,0.0060458594935661
54.8095703125,0.00599693035571475
54.840087890625,0.00621517613262576
54.87060546875,0.00608615787608234
54.901123046875,0.00598323921364368
54.931640625,0.00619895703813619
54.962158203125,0.00612805805418859
54.99267578125,0.00592925679017724
55.023193359375,0.00625524845542534
55.0537109375,0.0060866154993598
55.084228515625,0.00594675660313959
55.11474609375,0.00626950967109372
55.145263671875,0.00604419958616247
55.17578125,0.00600339809340371
55.206298828125,0.00621374888668925
55.23681640625,0.0060835988407056
55.267333984375,0.00598593561927977
55.2978515625,0.00620813573726362
55.328369140625,0.00611307147034248
55.35888671875,0.00593801396044746
55.389404296875,0.00626990493717872
55.419921875,0.00605675721006714
55.450439453125,0.00597204361461751
55.48095703125,0.00627268367109633
55.511474609375,0.00601877405999444
55.5419921875,0.00602845664935595
55.572509765625,0.00621553897458884
55.60302734375,0.00606222947782599
55.633544921875,0.00600073525786097
55.6640625,0.00622829702288019
55.694580078125,0.00606963285724688
55.72509765625,0.00596940070657126
55.755615234375,0.0062878708979136
55.7861328125,0.00599863662432377
55.816650390625,0.00602894894563352
55.84716796875,0.00626428546300853
55.877685546875,0.00597950681004137
55.908203125,0.00607608070259867
55.938720703125,0.00620913263332539
55.96923828125,0.00602630751642704
55.999755859375,0.00603824836627479
56.0302734375,0.00624254882796607
56.060791015625,0.00600262584708086
56.09130859375,0.00604092868323541
56.121826171875,0.00627866895728975
56.15234375,0.00593272653788845
56.182861328125,0.00612347513265017
56.21337890625,0.00621737508782924
56.243896484375,0.00595093949803673
56.2744140625,0.00614413828807074
56.304931640625,0.00617640953359595
56.33544921875,0.00599141897262439
56.365966796875,0.00610723280357061
56.396484375,0.00621916168754047
56.427001953125,0.00594061245282695
56.45751953125,0.00615597832301084
56.488037109375,0.00620236256551475
56.5185546875,0.00590913169580904
56.549072265625,0.00623187974052115
56.57958984375,0.00611390792881377
56.610107421875,0.00597337995432283
56.640625,0.00620753307368921
56.671142578125,0.00610570031391333
56.70166015625,0.00599099154646983
56.732177734375,0.00619178086176078
56.7626953125,0.00612895425662755
56.793212890625,0.00594552349919841
56.82373046875,0.00626599549961392
56.854248046875,0.00605183112977484
56.884765625,0.00599149364486511
56.915283203125,0.0062785081584676
56.94580078125,0.00598726208551432
56.976318359375,0.00607388147314612
57.0068359375,0.00621283852261841
57.037353515625,0.0060202633459748
57.06787109375,0.00605948013400728
57.098388671875,0.00622929319933463
57.12890625,0.00599834621141571
57.159423828125,0.00606972306590089
57.18994140625,0.00626129587420059
57.220458984375,0.00591950203235405
57.2509765625,0.00617346669876301
57.281494140625,0.00617899286522448
57.31201171875,0.00594622010282213
57.342529296875,0.00620242928481636
57.373046875,0.00612217271612362
57.403564453125,0.00599455175101718
57.43408203125,0.00617367905046749
57.464599609375,0.00614692679252794
57.4951171875,0.00595146170326427
57.525634765625,0.00624181216301531
57.55615234375,0.00608350017385129
57.586669921875,0.00597319044220928
57.6171875,0.00628749745752015
57.647705078125,0.00598648528710905
57.67822265625,0.00607723793476049
57.708740234375,0.00621881148024245
57.7392578125,0.00600424152597122
57.769775390625,0.00608795002906766
57.80029296875,0.00621088908926567
57.830810546875,0.00599604338715132
57.861328125,0.00609593358673586
57.891845703125,0.00623913564197063
57.92236328125,0.00591778957096885
57.952880859375,0.00620800486099026
57.9833984375,0.0061435789068274
58.013916015625,0.0059536883379474
58.04443359375,0.00624184818721511
58.074951171875,0.00606816449325837
58.10546875,0.00602341783838762
58.135986328125,0.00620315682328128
58.16650390625,0.00608356363061842
58.197021484375,0.00599993256775892
58.2275390625,0.00625940091423227
58.258056640625,0.00600815755108685
58.28857421875,0.00605666797838569
58.319091796875,0.00626678202730135
58.349609375,0.0059288057988364
58.380126953125,0.00617657884075309
58.41064453125,0.00616019306059917
58.441162109375,0.00598119989260238
58.4716796875,0.00617643353409088
58.502197265625,0.00614016831817969
58.53271484375,0.00598416208899301
58.563232421875,0.00619886696269989
58.59375,0.00612236521586092
58.624267578125,0.00595940066727156
58.65478515625,0.00628813409070451
58.685302734375,0.0059953042369376
58.7158203125,0.00607232117958564
58.746337890625,0.0062394654262762
58.77685546875,0.00596725557465552
58.807373046875,0.00614416241353429
58.837890625,0.00617146777242051
58.868408203125,0.00599894344630019
58.89892578125,0.00613958353330167
58.929443359375,0.00618729177485163
58.9599609375,0.00594105717230978
58.990478515625,0.00624027688292742
59.02099609375,0.00608870941408036
59.051513671875,0.00598627574304714
59.08203125,0.00627949670265657
59.112548828125,0.00598280933105846
59.14306640625,0.00610563923749451
59.173583984375,0.00619729308324489
59.2041015625,0.00600791931390521
59.234619140625,0.00611169504626396
59.26513671875,0.0062035005186983
59.295654296875,0.0059641687065289
59.326171875,0.00618091028412976
59.356689453125,0.00615892409705671
59.38720703125,0.00594154892899696
59.417724609375,0.00628360300054771
59.4482421875,0.00601432414967922
59.478759765625,0.00606717630306975
59.50927734375,0.00622308558680514
59.539794921875,0.00600386159431225
59.5703125,0.00610926535215821
59.600830078125,0.00619692959443092
59.63134765625,0.00599052682092226
59.661865234375,0.00614380739294764
59.6923828125,0.00619121844557607
59.722900390625,0.00593107533424919
59.75341796875,0.0062714293076571
59.783935546875,0.00604284441122328
59.814453125,0.00603890428548042
59.844970703125,0.00624576908273141
59.87548828125,0.0059904190329695
59.906005859375,0.00612164322079397
59.9365234375,0.00618468038991391
59.967041015625,0.0060038273010894
59.99755859375,0.00613626945408738
60.028076171875,0.00619113357383511
60.05859375,0.00593970293767189
60.089111328125,0.0062606268520874
60.11962890625,0.00605447957865813
60.150146484375,0.00602880584323113
60.1806640625,0.00626118446152674
60.211181640625,0.00597069074728498
60.24169921875,0.0061456263351938
60.272216796875,0.00616858705789802
60.302734375,0.00600575458204158
60.333251953125,0.00615260680382488
60.36376953125,0.00616691747568862
60.394287109375,0.00595928606992194
60.4248046875,0.0062579086448645
60.455322265625,0.00604361663318941
60.48583984375,0.00604246500894686
60.516357421875,0.00626372606459065
60.546875,0.00594803492614098
60.577392578125,0.0061828777008888
60.60791015625,0.00614064241344526
60.638427734375,0.00600831001537588
60.6689453125,0.00618200643507834
60.699462890625,0.00612344033357806
60.72998046875,0.00599224578038277
60.760498046875,0.00625737378053053
60.791015625,0.00601351664413482
60.821533203125,0.00608368423861568
60.85205078125,0.00624344350244838
60.882568359375,0.00593212126975531
60.9130859375,0.00623156396681527
60.943603515625,0.00609095896683344
60.97412109375,0.00602952925498334
61.004638671875,0.00620750354724652
61.03515625,0.00606712671629637
61.065673828125,0.0060464485804563
61.09619140625,0.00624210430647224
61.126708984375,0.0059792160637758
61.1572265625,0.00614970619337791
61.187744140625,0.0061880379358149
61.21826171875,0.00594324154139059
61.248779296875,0.00627617495890361
61.279296875,0.0060192150123748
61.309814453125,0.00608712865116248
61.34033203125,0.00620314716580859
61.370849609375,0.00601695731799657
61.4013671875,0.00612198688866663
61.431884765625,0.00619192981367778
61.46240234375,0.00596989458754581
61.492919921875,0.00622002677274363
61.5234375,0.00609590628804778
61.553955078125,0.00600608276504037
61.58447265625,0.00628184918386716
61.614990234375,0.00595035194829571
61.6455078125,0.00618118560509571
61.676025390625,0.00614268255693992
61.70654296875,0.00601050897993955
61.737060546875,0.00619261655873996
61.767578125,0.00610450932282965
61.798095703125,0.00601773161327153
61.82861328125,0.00624980978408241
61.859130859375,0.00599837286642428
61.8896484375,0.00612346318243796
61.920166015625,0.00620950352083083
61.95068359375,0.00594068204940902
61.981201171875,0.00626832450807987
62.01171875,0.0060318103844825
62.042236328125,0.00608358166175869
62.07275390625,0.00620131286901828
62.103271484375,0.00602388955650716
62.1337890625,0.00612047106194184
62.164306640625,0.00619392147110143
62.19482421875,0.00596574540117245
62.225341796875,0.0062394833500848
62.255859375,0.00606603761487922
62.286376953125,0.00604153303040781
62.31689453125,0.00626225890121313
62.347412109375,0.00594692887089787
62.3779296875,0.00621109931386491
62.408447265625,0.00610742342837026
62.43896484375,0.00603341837131076
62.469482421875,0.00620132174354305
62.5,0.00607411494488382
62.530517578125,0.00605116107845142
62.56103515625,0.00624886955408672
62.591552734375,0.00595413935665136
62.6220703125,0.0062107882997114
62.652587890625,0.00611622048140169
62.68310546875,0.00600433905499672
62.713623046875,0.00626580900133019
62.744140625,0.00598159967326785
62.774658203125,0.00615752164263254
62.80517578125,0.00615423398465763
62.835693359375,0.00601726993240475
62.8662109375,0.00618355733347904
62.896728515625,0.00611697626110157
62.92724609375,0.00600817745576405
62.957763671875,0.00627681011564468
62.98828125,0.00595180143257069
63.018798828125,0.00619815484109155
63.04931640625,0.00613081511945944
63.079833984375,0.00600490959182373
63.1103515625,0.00624579491113074
63.140869140625,0.00601751035903578
63.17138671875,0.00611975709946898
63.201904296875,0.00618319923305141
63.232421875,0.0060062374482388
63.262939453125,0.00618117456070625
63.29345703125,0.00612930111102534
63.323974609375,0.00599710409012256
63.3544921875,0.00628656080540056
63.385009765625,0.00594524012976992
63.41552734375,0.00620850451935957
63.446044921875,0.00611515636864653
63.4765625,0.00602786774017355
63.507080078125,0.00622004111573817
63.53759765625,0.00604367707801308
63.568115234375,0.00609717783374051
63.5986328125,0.00620610490383675
63.629150390625,0.00598259294325815
63.65966796875,0.00621152881740502
63.690185546875,0.00609750480464902
63.720703125,0.00602747385985994
63.751220703125,0.00626936929876529
63.78173828125,0.00594542200633353
63.812255859375,0.00622730971982346
63.8427734375,0.00608631220069709
63.873291015625,0.00605652940351193
63.90380859375,0.00620316242416832
63.934326171875,0.00604818211984669
63.96484375,0.00610055685925734
63.995361328125,0.00621187372656439
64.02587890625,0.00595734904874811
64.056396484375,0.00626586163177994
64.0869140625,0.00602375063667836
64.117431640625,0.00610653705749551
64.14794921875,0.0062081416366498
64.178466796875,0.00597586749985523
64.208984375,0.0062305577425269
64.239501953125,0.00606399211756401
64.27001953125,0.00607750976637886
64.300537109375,0.00620575864304178
64.3310546875,0.00601659144301144
64.361572265625,0.00615515796513529
64.39208984375,0.00616088507556793
64.422607421875,0.00598125792222366
64.453125,0.00629051918411186
64.483642578125,0.00595321202565544
64.51416015625,0.00620610013491248
64.544677734375,0.00611188007590594
64.5751953125,0.00604159790730543
64.605712890625,0.00621026671964065
64.63623046875,0.00604855158720135
64.666748046875,0.00610419020398115
64.697265625,0.00620362093944946
64.727783203125,0.00597301050063433
64.75830078125,0.00625147761972651
64.788818359375,0.00603539846138207
64.8193359375,0.00610303863743267
64.849853515625,0.0062119322806975
64.88037109375,0.00596925327624817
64.910888671875,0.00625057556595752
64.94140625,0.00603586704964996
64.971923828125,0.0061104891074277
65.00244140625,0.00618496751126211
65.032958984375,0.00601820940401033
65.0634765625,0.0061794220414393
65.093994140625,0.00612261124303616
65.12451171875,0.00601975982240683
65.155029296875,0.0062746347271436
65.185546875,0.00593868676178373
65.216064453125,0.00625327107768282
65.24658203125,0.00605336897666042
65.277099609375,0.00609138347792082
65.3076171875,0.00619620579868202
65.338134765625,0.00602258170503374
65.36865234375,0.00616455760600902
65.399169921875,0.00613874813066262
65.4296875,0.00601418720807528
65.460205078125,0.00626138381470853
65.49072265625,0.00597303892721986
65.521240234375,0.00620370035238149
65.5517578125,0.00611126870954423
65.582275390625,0.00603711490600274
65.61279296875,0.00624427211711368
65.643310546875,0.00598513697406048
65.673828125,0.00619778242859551
65.704345703125,0.0061066361566225
65.73486328125,0.00605126887453374
65.765380859375,0.00621804158370012
65.7958984375,0.00602137164526013
65.826416015625,0.00615400532176814
65.85693359375,0.00615888983846772
65.887451171875,0.00599523025506923
65.91796875,0.00628224173652527
65.948486328125,0.00595253052738947
65.97900390625,0.00623015388799542
66.009521484375,0.00607713402021276
66.0400390625,0.00607974204396284
66.070556640625,0.00619519028431823
66.10107421875,0.00603730063655565
66.131591796875,0.0061464905417107
66.162109375,0.00615946855310499
66.192626953125,0.00599787563212486
66.22314453125,0.00628150483164672
66.253662109375,0.00594924610877375
66.2841796875,0.00623999558438308
66.314697265625,0.00606704282271733
66.34521484375,0.00608724201627763
66.375732421875,0.00620019140033738
66.40625,0.00601828340895178
66.436767578125,0.00618120417495058
66.46728515625,0.00611548052618349
66.497802734375,0.00604249932592915
66.5283203125,0.00624565731591282
66.558837890625,0.00597000286730145
66.58935546875,0.00623544790320385
66.619873046875,0.00606268986399308
66.650390625,0.00609215120350179
66.680908203125,0.00620928654495001
66.71142578125,0.00599028636103875
66.741943359375,0.00623270677277809
66.7724609375,0.00604950312284947
66.802978515625,0.00611221429702471
66.83349609375,0.00618757243484414
66.864013671875,0.00600528262503504
66.89453125,0.00622689136463847
66.925048828125,0.00604971804379165
66.95556640625,0.00611434619437887
66.986083984375,0.00619588175358854
67.0166015625,0.00598279420374389
67.047119140625,0.0062712877565204
67.07763671875,0.00598605903828506
67.108154296875,0.00619103459772202
67.138671875,0.0061140888719601
67.169189453125,0.00605705138649307
67.19970703125,0.00620909854157969
67.230224609375,0.0060326631846392
67.2607421875,0.00615573125342011
67.291259765625,0.00614885196719293
67.32177734375,0.00601524303342667
67.352294921875,0.00627137172549195
67.3828125,0.00594961230506188
67.413330078125,0.0062606188979748
67.44384765625,0.00603169216754694
67.474365234375,0.00613252221823045
67.5048828125,0.00616390065645804
67.535400390625,0.00603642329394457
67.56591796875,0.00619375286128478
67.596435546875,0.00608230887617629
67.626953125,0.00608762883187181
67.657470703125,0.00621804074484441
67.68798828125,0.00596533717961677
67.718505859375,0.00629185241475578
67.7490234375,0.00596262122366391
67.779541015625,0.00622328231670503
67.81005859375,0.0060806856860136
67.840576171875,0.00608988732628752
67.87109375,0.00618841962537086
67.901611328125,0.00603839748250997
67.93212890625,0.00616859851588061
67.962646484375,0.00612387926365588
67.9931640625,0.00604408764809701
68.023681640625,0.00625298659060838
68.05419921875,0.00594953384843474
68.084716796875,0.00628758940143035
68.115234375,0.00598513745293602
68.145751953125,0.00619227195330636
68.17626953125,0.00611185909779682
68.206787109375,0.0060687692354983
68.2373046875,0.00619608576317319
68.267822265625,0.00604618151987107
68.29833984375,0.00615097893386928
68.328857421875,0.0061467124933336
68.359375,0.00602463309172986
68.389892578125,0.00626584393794674
68.42041015625,0.00594715901959666
68.450927734375,0.00628224360079304
68.4814453125,0.00599648079179142
68.511962890625,0.00618075050279446
68.54248046875,0.00612144862782666
68.572998046875,0.00606458085303728
68.603515625,0.00619651901912057
68.634033203125,0.0060494340013794
68.66455078125,0.00614807858231079
68.695068359375,0.0061491089963194
68.7255859375,0.0060251914638985
68.756103515625,0.00626490775506577
68.78662109375,0.00594833638020021
68.817138671875,0.00628452300360088
68.84765625,0.00599109749572
68.878173828125,0.00619038775132076
68.90869140625,0.00611113794946245
68.939208984375,0.00607365908517995
68.9697265625,0.00619378889137792
69.000244140625,0.00604483727754637
69.03076171875,0.00616208950325031
69.061279296875,0.00612957065735304
69.091796875,0.00604749204508065
69.122314453125,0.00624728607097396
69.15283203125,0.00595757782818205
69.183349609375,0.00628858290162854
69.2138671875,0.00597516591302339
69.244384765625,0.0062160457378093
69.27490234375,0.00608380004149432
69.305419921875,0.00609594654039405
69.3359375,0.00618560094803158
69.366455078125,0.00603554145488945
69.39697265625,0.00619119931207615
69.427490234375,0.00608628399435812
69.4580078125,0.00609864721379906
69.488525390625,0.00620009880549176
69.51904296875,0.00599249550719079
69.549560546875,0.00627450272339524
69.580078125,0.00596761845712035
69.610595703125,0.00624314706615788
69.64111328125,0.00604710740729858
69.671630859375,0.00613167558158493
69.7021484375,0.00616475118825846
69.732666015625,0.00603294610710814
69.76318359375,0.00622386771904454
69.793701171875,0.00602650989493279
69.82421875,0.00617939521735234
69.854736328125,0.00611253813353255
69.88525390625,0.00607377012315103
69.915771484375,0.00621430349322676
69.9462890625,0.00599921016659778
69.976806640625,0.00624373026536923
70.00732421875,0.00602079425467905
70.037841796875,0.00617342927455614
70.068359375,0.00612456357180988
70.098876953125,0.00605677483280967
70.12939453125,0.00623110432261929
70.159912109375,0.00598266723163329
70.1904296875,0.00626062298176561
70.220947265625,0.00600418410648733
70.25146484375,0.00619569674329248
70.281982421875,0.00609840532468215
70.3125,0.00609278845198912
70.343017578125,0.00618693257113807
70.37353515625,0.00603612758845214
70.404052734375,0.00619809647782549
70.4345703125,0.00607217704463419
70.465087890625,0.00612129104101737
70.49560546875,0.00617545597459718
70.526123046875,0.00601294134160373
70.556640625,0.00626989047424374
70.587158203125,0.00595227227583604
70.61767578125,0.00628697470751048
70.648193359375,0.00598223688922507
70.6787109375,0.00621590256882331
70.709228515625,0.00607954985090816
70.73974609375,0.00610940486886029
70.770263671875,0.00617390237814218
70.80078125,0.00604338368417102
70.831298828125,0.00619993262734567
70.86181640625,0.00606176858917376
70.892333984375,0.00614335367271931
70.9228515625,0.00614657299265384
70.953369140625,0.00604918741269293
70.98388671875,0.00623282679849455
71.014404296875,0.00598839744632014
71.044921875,0.00625548884260327
71.075439453125,0.00600806690321032
71.10595703125,0.00619422658717376
71.136474609375,0.00609992626738269
71.1669921875,0.0060857021702673
71.197509765625,0.00620752192270062
71.22802734375,0.00599701361841012
71.258544921875,0.00626524608596829
71.2890625,0.0059802910104506
71.319580078125,0.00624174555807395
71.35009765625,0.00603944033716184
71.380615234375,0.00615900295211572
71.4111328125,0.00612987550054106
71.441650390625,0.00607594924917244
71.47216796875,0.00618934016707562
71.502685546875,0.00604903244513534
71.533203125,0.00617831521306179
71.563720703125,0.00609615449956348
71.59423828125,0.00610407788805008
71.624755859375,0.00618662158125683
71.6552734375,0.006014503209859
71.685791015625,0.00626198371845384
71.71630859375,0.00596721825794596
71.746826171875,0.00627311449981779
71.77734375,0.00599422759913692
71.807861328125,0.00620987047111603
71.83837890625,0.0060834462168622
71.868896484375,0.00610583015137829
71.8994140625,0.00618713534149833
71.929931640625,0.00601685240519216
71.96044921875,0.00625082490852159
71.990966796875,0.00598780919964703
72.021484375,0.00624481410364772
72.052001953125,0.00602762735892856
72.08251953125,0.00617995869898043
72.113037109375,0.00610634168874171
72.1435546875,0.00609955219576389
72.174072265625,0.00617422510425654
72.20458984375,0.00605319516470661
72.235107421875,0.00619073012910749
72.265625,0.00606837574952612
72.296142578125,0.00614663421607007
72.32666015625,0.00613581150978524
72.357177734375,0.00606785828338592
72.3876953125,0.00621592201930203
72.418212890625,0.00600013082256994
72.44873046875,0.00626164490665085
72.479248046875,0.00598379018228434
72.509765625,0.00624421657695991
72.540283203125,0.00603245131218985
72.57080078125,0.0061679460581823
72.601318359375,0.00612635052472946
72.6318359375,0.00606697960164114
72.662353515625,0.00622303361022301
72.69287109375,0.00598704353025329
72.723388671875,0.00627911786647936
72.75390625,0.00596254428151948
72.784423828125,0.00627162142551689
72.81494140625,0.00600071156931139
72.845458984375,0.00620820314861932
72.8759765625,0.00607986159638908
72.906494140625,0.00612182700746137
72.93701171875,0.00616141453575776
72.967529296875,0.00605342963431771
72.998046875,0.00620892687852571
73.028564453125,0.0060318978596255
73.05908203125,0.00620481994599548
73.089599609375,0.00606128571379955
73.1201171875,0.00615731651020053
73.150634765625,0.00612082302276837
73.18115234375,0.00609504353120672
73.211669921875,0.00617659691967117
73.2421875,0.00605245299415345
73.272705078125,0.00619841083132984
73.30322265625,0.00605319132331536
73.333740234375,0.00617367234142358
73.3642578125,0.00609915766265672
73.394775390625,0.00611242551774983
73.42529296875,0.00617004836655923
73.455810546875,0.00604213191938018
73.486328125,0.00623313138029077
73.516845703125,0.00599521245799344
73.54736328125,0.00625829312186676
73.577880859375,0.00599497436422994
73.6083984375,0.006231308155378
73.638916015625,0.00604572278012396
73.66943359375,0.0061596360660184
73.699951171875,0.006130874273634
73.73046875,0.00606886712923458
73.760986328125,0.00621959996374062
73.79150390625,0.00599210154472867
73.822021484375,0.00627911509428085
73.8525390625,0.00595711169546137
73.883056640625,0.00628749710617284
73.91357421875,0.0059763223019465
73.944091796875,0.00624182493812432
73.974609375,0.00604293520884433
74.005126953125,0.00615858772558428
74.03564453125,0.00613401541885476
74.066162109375,0.00606671260551016
74.0966796875,0.00621900388004774
74.127197265625,0.00599655360559883
74.15771484375,0.00627048548137716
74.188232421875,0.00596939595926456
74.21875,0.00627341950643952
74.249267578125,0.00599115981215268
74.27978515625,0.00622963591691221
74.310302734375,0.0060518407175826
74.3408203125,0.00615616880703815
74.371337890625,0.00613003412072583
74.40185546875,0.00607838191010028
74.432373046875,0.00620049076243352
74.462890625,0.00602082116475523
74.493408203125,0.00624217090920522
74.52392578125,0.00599935387847329
74.554443359375,0.00624443525498815
74.5849609375,0.00601718245210491
74.615478515625,0.0062096316055414
74.64599609375,0.00606541992978039
74.676513671875,0.00615140068289651
74.70703125,0.00612717632411654
74.737548828125,0.00608943223585983
74.76806640625,0.00618327856998254
74.798583984375,0.00604269012956057
74.8291015625,0.00621783255427853
74.859619140625,0.00602362860875475
74.89013671875,0.00622232652757297
74.920654296875,0.00603529012464606
74.951171875,0.0061974512829129
74.981689453125,0.00607175377285606
75.01220703125,0.00615226602618296
75.042724609375,0.00612104124345361
75.0732421875,0.00610097615065349
75.103759765625,0.00616900442567463
75.13427734375,0.00605838205321636
75.164794921875,0.00620298267906575
75.1953125,0.00603559565824663
75.225830078125,0.00621460633868983
75.25634765625,0.00603745096064227
75.286865234375,0.0062014824751058
75.3173828125,0.00606215578179673
75.347900390625,0.00616753657758746
75.37841796875,0.00610269937006095
75.408935546875,0.00612183916993307
75.439453125,0.00614902300522542
75.469970703125,0.00607611528479123
75.50048828125,0.00619019320420846
75.531005859375,0.00604167945602098
75.5615234375,0.00621638345816077
75.592041015625,0.00602679989652753
75.62255859375,0.00622075873850154
75.653076171875,0.00603518123986948
75.68359375,0.00620113807407989
75.714111328125,0.00606559468797743
75.74462890625,0.00616091780454377
75.775146484375,0.0061122356675659
75.8056640625,0.0061086905487095
75.836181640625,0.00616550059878439
75.86669921875,0.00605644918219878
75.897216796875,0.00621332163229004
75.927734375,0.00601687193459725
75.958251953125,0.00624340059187047
75.98876953125,0.00600045739849907
76.019287109375,0.00624628493233362
76.0498046875,0.00601309669001158
76.080322265625,0.00621847759383134
76.11083984375,0.00605436779053679
76.141357421875,0.00616431486740806
76.171875,0.00611680502392743
76.202392578125,0.0060956290910425
76.23291015625,0.00618661300507693
76.263427734375,0.00602908622843608
76.2939453125,0.00624631084855848
76.324462890625,0.00598196985933727
76.35498046875,0.00627920959116123
76.385498046875,0.00596759959671005
76.416015625,0.00627459514298278
76.446533203125,0.00599152230485533
76.47705078125,0.00623170153226401
76.507568359375,0.00604941126460969
76.5380859375,0.00616069394515256
76.568603515625,0.00612742722727179
76.59912109375,0.00608000770030612
76.629638671875,0.00620544090300309
76.66015625,0.00601088691968563
76.690673828125,0.006262703298518
76.72119140625,0.00597101978094366
76.751708984375,0.00628438671864506
76.7822265625,0.00596935810420497
76.812744140625,0.006266564283502
76.84326171875,0.00600368856190075
76.873779296875,0.00621741048148126
76.904296875,0.00606167851792294
76.934814453125,0.00615387504843034
76.96533203125,0.00612517715067815
76.995849609375,0.00609512502713817
77.0263671875,0.00617654162904074
77.056884765625,0.00605553329651101
77.08740234375,0.00620482941916814
77.117919921875,0.00604011384305181
77.1484375,0.00620933417742919
77.178955078125,0.0060440979189583
77.20947265625,0.00619869662240162
77.239990234375,0.00605653269654792
77.2705078125,0.00618572469011926
77.301025390625,0.00606620480900457
77.33154296875,0.00618028415242142
77.362060546875,0.0060673539883242
77.392578125,0.00618385831179844
77.423095703125,0.00606269679144505
77.45361328125,0.00618871408846358
77.484130859375,0.00606221830164135
77.5146484375,0.00618226579460926
77.545166015625,0.00607788841212625
77.57568359375,0.00615447339922091
77.606201171875,0.00611646617791596
77.63671875,0.00610447493144534
77.667236328125,0.0061739562801135
77.69775390625,0.00604297121693251
77.728271484375,0.00623505816520908
77.7587890625,0.00598890992155677
77.789306640625,0.00627874123372209
77.81982421875,0.00596171937155432
77.850341796875,0.00628776749242224
77.880859375,0.00597251036330757
77.911376953125,0.00625741852529009
77.94189453125,0.00601839167841745
77.972412109375,0.00619858523536067
78.0029296875,0.00608294603780106
78.033447265625,0.00613310967882212
78.06396484375,0.00614323638634468
78.094482421875,0.00608343545784189
78.125,0.00618043531784914
78.155517578125,0.00606185977932843
78.18603515625,0.00618886464329837
78.216552734375,0.00606509131992799
78.2470703125,0.00617841647601614
78.277587890625,0.00607710698759641
78.30810546875,0.00616845073257008
78.338623046875,0.00607890068885036
78.369140625,0.00617601453044804
78.399658203125,0.00605995101462248
78.43017578125,0.0062049208003159
78.460693359375,0.00602509932858372
78.4912109375,0.00624233645841705
78.521728515625,0.00599273145013704
78.55224609375,0.00626550502636425
78.582763671875,0.00598475456632287
78.61328125,0.00625516671432387
78.643798828125,0.00601359303447606
78.67431640625,0.00620782845614645
78.704833984375,0.00607366174071055
78.7353515625,0.00613923112206717
78.765869140625,0.00614287042313085
78.79638671875,0.00607636687478525
78.826904296875,0.00619418936423681
78.857421875,0.0060423557623229
78.887939453125,0.00621104594282629
78.91845703125,0.00604314196258359
78.948974609375,0.00619722575494518
78.9794921875,0.00606428792953306
79.010009765625,0.00617453433231617
79.04052734375,0.00608026617226172
79.071044921875,0.00616882052797394
79.1015625,0.00607093758323542
79.132080078125,0.00619272531083043
79.16259765625,0.00603506929054074
79.193115234375,0.00623642711836229
79.2236328125,0.00599203480820148
79.254150390625,0.00627314039064583
79.28466796875,0.00596992228816017
79.315185546875,0.00627655005855493
79.345703125,0.00598708546658837
79.376220703125,0.00623894169935614
79.40673828125,0.00603907836036483
79.437255859375,0.00617754133871958
79.4677734375,0.00610022457536473
79.498291015625,0.00612399469941655
79.52880859375,0.00613978765331279
79.559326171875,0.00610342754636696
79.58984375,0.00614253822934664
79.620361328125,0.00611726107415101
79.65087890625,0.00611954801648086
79.681396484375,0.00614210838940386
79.7119140625,0.00610084426344003
79.742431640625,0.00614628554848925
79.77294921875,0.0061140115794614
79.803466796875,0.00611287746893235
79.833984375,0.00616346949648865
79.864501953125,0.00605291851637783
79.89501953125,0.00622582344144333
79.925537109375,0.00599854280911909
79.9560546875,0.00626582058358172
79.986572265625,0.00598016211992354
80.01708984375,0.00626216175508855
80.047607421875,0.00600388424693807
80.078125,0.00622408041415775
80.108642578125,0.00604620074237737
80.13916015625,0.00618535985212969
80.169677734375,0.00607091034571124
80.2001953125,0.00617911068018815
80.230712890625,0.00605648059475186
80.26123046875,0.0062119761723995
80.291748046875,0.00601318143337639
80.322265625,0.0062581172855026
80.352783203125,0.00597598862802373
80.38330078125,0.00627883158673649
80.413818359375,0.00597753631783818
80.4443359375,0.00625337272715187
80.474853515625,0.00602167287160896
80.50537109375,0.0061965445454297
80.535888671875,0.00607907256632346
80.56640625,0.0061479917124109
80.596923828125,0.00610975849492041
80.62744140625,0.00614058175239898
80.657958984375,0.00609547399250115
80.6884765625,0.00617312697153845
80.718994140625,0.00605546414770716
80.74951171875,0.00621053879262688
80.780029296875,0.00603143971184023
80.810546875,0.00621262826370092
80.841064453125,0.00605278109030965
80.87158203125,0.00616837538054368
80.902099609375,0.00611075342120316
80.9326171875,0.00610643885911403
80.963134765625,0.00616457523824633
80.99365234375,0.00607162987920955
81.024169921875,0.00617578037782278
81.0546875,0.00608630165782617
81.085205078125,0.00614208830681961
81.11572265625,0.0061300277756545
81.146240234375,0.00610060107397851
81.1767578125,0.00615655834328857
81.207275390625,0.00609582183295573
81.23779296875,0.00613461746579529
81.268310546875,0.00613961592834592
81.298828125,0.00607671245986574
81.329345703125,0.00619928059107452
81.35986328125,0.00602903892587721
81.390380859375,0.00622616530197262
81.4208984375,0.00602992254142082
81.451416015625,0.00620030715353964
81.48193359375,0.00607394684280448
81.512451171875,0.00615005041448904
81.54296875,0.00611569929283098
81.573486328125,0.0061268526951092
81.60400390625,0.00611149028632608
81.634521484375,0.00615706489923315
81.6650390625,0.00606104568739934
81.695556640625,0.00621588685508051
81.72607421875,0.00600904414882982
81.756591796875,0.00624980864416587
81.787109375,0.00600309892023871
81.817626953125,0.00622795854190768
81.84814453125,0.00604724848342519
81.878662109375,0.00617318071200495
81.9091796875,0.00609664974531924
81.939697265625,0.00614102977248521
81.97021484375,0.00610069631872247
82.000732421875,0.00616524374767493
82.03125,0.00605356802010765
82.061767578125,0.00622312316301041
82.09228515625,0.00600141911303334
82.122802734375,0.00625693934023968
82.1533203125,0.00599685582755039
82.183837890625,0.0062320192654568
82.21435546875,0.00604506826588072
82.244873046875,0.00617319547647948
82.275390625,0.00609706765410029
82.305908203125,0.00614069280704016
82.33642578125,0.00609925925324495
82.366943359375,0.00616801053259507
82.3974609375,0.00604971848427955
82.427978515625,0.00622576924491267
82.45849609375,0.00600173678508896
82.489013671875,0.0062512022823132
82.51953125,0.00600845295876316
82.550048828125,0.00621453793697008
82.58056640625,0.00606561327918439
82.611083984375,0.00615207477327627
82.6416015625,0.00611457616024595
82.672119140625,0.00612843295846627
82.70263671875,0.00610496416812477
82.733154296875,0.00616637102572216
82.763671875,0.00605048170990317
82.794189453125,0.00622045199664207
82.82470703125,0.00601552859144777
82.855224609375,0.00622581044350901
82.8857421875,0.0060445517742811
82.916259765625,0.00617042953372344
82.94677734375,0.00611136890482117
82.977294921875,0.00611010751829932
83.0078125,0.00614697144944028
83.038330078125,0.00610663588787182
83.06884765625,0.00611736678151329
83.099365234375,0.00615700878570717
83.1298828125,0.00606377314063945
83.160400390625,0.0061952257861315
83.19091796875,0.00605679857027174
83.221435546875,0.00616758354301588
83.251953125,0.00611457326232646
83.282470703125,0.00609604535541121
83.31298828125,0.00617988157721412
83.343505859375,0.00605423889160004
83.3740234375,0.0061859825063117
83.404541015625,0.00608115146672243
83.43505859375,0.0061360971867162
83.465576171875,0.00613360795942753
83.49609375,0.00610131840628391
83.526611328125,0.00613653524795367
83.55712890625,0.00613604892171905
83.587646484375,0.00607369878892926
83.6181640625,0.00621090007258461
83.648681640625,0.00600923683896205
83.67919921875,0.00624638462224114
83.709716796875,0.00601067165529785
83.740234375,0.00620980341619882
83.770751953125,0.00606530539272641
83.80126953125,0.00615698973701487
83.831787109375,0.00609447572960713
83.8623046875,0.00616420385261364
83.892822265625,0.00605148589498073
83.92333984375,0.00623191003289984
83.953857421875,0.00598202496630934
83.984375,0.0062818912767043
84.014892578125,0.00596831487245504
84.04541015625,0.00625513170559344
84.075927734375,0.0060244401512005
84.1064453125,0.0061880883581737
84.136962890625,0.00607675113447079
84.16748046875,0.00616739594877793
84.197998046875,0.00605820088941014
84.228515625,0.00621757427934664
84.259033203125,0.00599691407480742
84.28955078125,0.00626707516346305
84.320068359375,0.00598146444775552
84.3505859375,0.00624067048115238
84.381103515625,0.00604437503773366
84.41162109375,0.0061596588360671
84.442138671875,0.00611701438483037
84.47265625,0.00611560431488233
84.503173828125,0.006119558568953
84.53369140625,0.0061484890773184
84.564208984375,0.00606888256123192
84.5947265625,0.00619164636722824
84.625244140625,0.0060573942530157
84.65576171875,0.0061613175052391
84.686279296875,0.00612699438019276
84.716796875,0.0060724913164261
84.747314453125,0.00620886260981698
84.77783203125,0.00602115288405161
84.808349609375,0.00621560723381838
84.8388671875,0.00605302465374439
84.869384765625,0.00616227129676544
84.89990234375,0.00609940023666894
84.930419921875,0.00614643492968789
84.9609375,0.0060731985940519
84.991455078125,0.00621045085536811
85.02197265625,0.00599386681934407
85.052490234375,0.00627843954247153
85.0830078125,0.00596289624606119
85.113525390625,0.0062614884203617
85.14404296875,0.00602000744927574
85.174560546875,0.00618504866037663
85.205078125,0.00608473150444368
85.235595703125,0.00615398360512218
85.26611328125,0.00607174785640576
85.296630859375,0.00620079152787238
85.3271484375,0.00601628641180436
85.357666015625,0.00623657860811568
85.38818359375,0.00602416389746113
85.418701171875,0.00618099549773191
85.44921875,0.00611463141463819
85.479736328125,0.00608345238548786
85.51025390625,0.00618783378046794
85.540771484375,0.00605345708141238
85.5712890625,0.00617048745190071
85.601806640625,0.0060988631773899
85.63232421875,0.00612524431826136
85.662841796875,0.00611455771508531
85.693359375,0.00615570158777114
85.723876953125,0.0060435846454725
85.75439453125,0.00624576364483734
85.784912109375,0.00596830032894885
85.8154296875,0.0062791816625322
85.845947265625,0.00598800825132988
85.87646484375,0.00621545351610288
85.906982421875,0.00606643152967328
85.9375,0.00615317608700141
85.968017578125,0.00608678856659671
85.99853515625,0.0061778510545647
86.029052734375,0.00603431292293779
86.0595703125,0.00622732976742851
86.090087890625,0.00602087965084921
86.12060546875,0.00618906258857379
86.151123046875,0.00610713084517868
86.181640625,0.0060812998587259
86.212158203125,0.0062007633400745
86.24267578125,0.00602986937529965
86.273193359375,0.00619790685571223
86.3037109375,0.00607142900380035
86.334228515625,0.00614678379134272
86.36474609375,0.00609703055911351
86.395263671875,0.00616785720283992
86.42578125,0.00603200624295087
86.456298828125,0.00625376443354786
86.48681640625,0.0059631960255197
86.517333984375,0.00627540773349119
86.5478515625,0.00600100984651429
86.578369140625,0.00619129283106396
86.60888671875,0.00609712667411481
86.639404296875,0.00611823290124906
86.669921875,0.00612119272552832
86.700439453125,0.00614087299373167
86.73095703125,0.00607559892824172
86.761474609375,0.00617269954016928
86.7919921875,0.00608947835500621
86.822509765625,0.00610503955274699
86.85302734375,0.00619545504296179
86.883544921875,0.00599830627615224
86.9140625,0.00626468528585813
86.944580078125,0.00598851587394988
86.97509765625,0.006217873242911
87.005615234375,0.00606082908404137
87.0361328125,0.00615743608253211
87.066650390625,0.0060774698620235
87.09716796875,0.00618975760650516
87.127685546875,0.00601802622151802
87.158203125,0.00623887824277529
87.188720703125,0.0060169113393537
87.21923828125,0.0061784838832347
87.249755859375,0.00612568768336329
87.2802734375,0.00605881164483548
87.310791015625,0.00621314439860587
87.34130859375,0.00602858118669567
87.371826171875,0.00618614964593931
87.40234375,0.00608136723235644
87.432861328125,0.00614726338648949
87.46337890625,0.00607435413040106
87.493896484375,0.00620525107803905
87.5244140625,0.00599165363126308
87.554931640625,0.0062718814446196
87.58544921875,0.00598057107442375
87.615966796875,0.00621488214621262
87.646484375,0.00608717892555442
87.677001953125,0.00609934636048087
87.70751953125,0.0061662996548596
87.738037109375,0.00607778193378709
87.7685546875,0.00613705572795136
87.799072265625,0.00612083319840049
87.82958984375,0.00612246408376566
87.860107421875,0.00608128845951539
87.890625,0.00621190366678614
87.921142578125,0.00597897934827701
87.95166015625,0.00628145753441374
87.982177734375,0.00597692251655106
88.0126953125,0.00621352320653703
88.043212890625,0.00608301297170431
88.07373046875,0.0061150984091542
88.104248046875,0.00613248237658175
88.134765625,0.00612228972892805
88.165283203125,0.00609185097664027
88.19580078125,0.00615155244325017
88.226318359375,0.00611338654174954
88.2568359375,0.00607030538847695
88.287353515625,0.00623051098639921
88.31787109375,0.00596718555924789
88.348388671875,0.00627483837078501
88.37890625,0.00599901135004002
88.409423828125,0.00618560208911351
88.43994140625,0.00609723126320283
88.470458984375,0.00612322555591072
88.5009765625,0.00610061062570063
88.531494140625,0.00616151789208811
88.56201171875,0.00606408837770743
88.592529296875,0.00615194175795801
88.623046875,0.00614035396484552
88.653564453125,0.00603023357591564
88.68408203125,0.00625991151549881
88.714599609375,0.00596486523820788
88.7451171875,0.0062453897468578
88.775634765625,0.00604280181262533
88.80615234375,0.00614851551941306
88.836669921875,0.00610562709547719
88.8671875,0.00614341163150003
88.897705078125,0.0060663545096168
88.92822265625,0.00618193664389959
88.958740234375,0.00607731956047224
88.9892578125,0.00610247381718696
89.019775390625,0.00620570928704845
89.05029296875,0.00597879625942444
89.080810546875,0.00627090017354549
89.111328125,0.0059962700739598
89.141845703125,0.00618802622068812
89.17236328125,0.00609170724879814
89.202880859375,0.00612987455903774
89.2333984375,0.00608880454802091
89.263916015625,0.00617207169526431
89.29443359375,0.00605740541559911
89.324951171875,0.00614669965875173
89.35546875,0.0061540331724334
89.385986328125,0.0060119712062832
89.41650390625,0.00626887686803677
89.447021484375,0.00596936579714135
89.4775390625,0.00622433284011267
89.508056640625,0.00606744611759939
89.53857421875,0.00612862066050504
89.569091796875,0.00611046527554016
89.599609375,0.00614532948206104
89.630126953125,0.00606845257612281
89.66064453125,0.00615761305145966
89.691162109375,0.00612513049922951
89.7216796875,0.00603950232419617
89.752197265625,0.00625706045141053
89.78271484375,0.00595831429768537
89.813232421875,0.00624844220973532
89.84375,0.00604632434518052
89.874267578125,0.00613128782362876
89.90478515625,0.00612877549326403
89.935302734375,0.00611390495147815
89.9658203125,0.00609576857192586
89.996337890625,0.0061442267373124
90.02685546875,0.00612046499875906
90.057373046875,0.00605121010013839
90.087890625,0.00624778189928859
90.118408203125,0.0059562154639097
90.14892578125,0.00625764291733957
90.179443359375,0.00603891177678043
90.2099609375,0.00612537264244504
90.240478515625,0.00615117375337437
90.27099609375,0.00607905014437784
90.301513671875,0.00613069557611686
90.33203125,0.00611768957566465
90.362548828125,0.0061319607553636
90.39306640625,0.00604974675536534
90.423583984375,0.0062423379012624
90.4541015625,0.00596218320721431
90.484619140625,0.00624850289110954
90.51513671875,0.00605364917751192
90.545654296875,0.00610020561361355
90.576171875,0.00618545906798989
90.606689453125,0.00603973939960181
90.63720703125,0.00616648844165267
90.667724609375,0.00609016619922734
90.6982421875,0.00614611611252284
90.728759765625,0.00604690805632351
90.75927734375,0.00623178665142588
90.789794921875,0.00598338433156282
90.8203125,0.00621439624385939
90.850830078125,0.00609660461045325
90.88134765625,0.00605187792900305
90.911865234375,0.00623073903426521
90.9423828125,0.00600313866138746
90.972900390625,0.00618988637539724
91.00341796875,0.00607883306622075
91.033935546875,0.00614476130436398
91.064453125,0.00605948642170694
91.094970703125,0.00620255763806066
91.12548828125,0.00602906875069988
91.156005859375,0.00615190487992048
91.1865234375,0.00616393725937443
91.217041015625,0.00599218073715309
91.24755859375,0.00626809315085181
91.278076171875,0.00599231167089251
91.30859375,0.00617729714103979
91.339111328125,0.00610444223821836
91.36962890625,0.00611175642794547
91.400146484375,0.00609834926004871
91.4306640625,0.00615008453461094
91.461181640625,0.00609564335651065
91.49169921875,0.00607552072820661
91.522216796875,0.00622930123300703
91.552734375,0.00595674882421376
91.583251953125,0.00625915792071379
91.61376953125,0.00603977246743956
91.644287109375,0.00610852057022137
91.6748046875,0.00617257427052791
91.705322265625,0.00605391739676583
91.73583984375,0.00614773082116383
91.766357421875,0.00609759743491728
91.796875,0.00615138946593712
91.827392578125,0.00602685996596595
91.85791015625,0.00624417071409766
91.888427734375,0.00599211935663198
91.9189453125,0.00617215947356268
91.949462890625,0.00615195805854352
91.97998046875,0.00600485068815594
92.010498046875,0.00624068762496465
92.041015625,0.0060233982110606
92.071533203125,0.00615528270457918
92.10205078125,0.00609415003519671
92.132568359375,0.00614992971497917
92.1630859375,0.00604852348152672
92.193603515625,0.00617799940223789
92.22412109375,0.00610330385585277
92.254638671875,0.00603900123994456
92.28515625,0.00626014766406861
92.315673828125,0.00595715180966976
92.34619140625,0.00621862561050945
92.376708984375,0.0060896173619259
92.4072265625,0.00608014039364749
92.437744140625,0.00615545709812419
92.46826171875,0.00609461503409621
92.498779296875,0.00611749862479928
92.529296875,0.00608228249284137
92.559814453125,0.00620298966317615
92.59033203125,0.0059767476779947
92.620849609375,0.00624247289248475
92.6513671875,0.0060572750614623
92.681884765625,0.00607142649697651
92.71240234375,0.0062256015103457
92.742919921875,0.00599396140985937
92.7734375,0.00618970016219133
92.803955078125,0.00608215391476196
92.83447265625,0.00613239288152251
92.864990234375,0.0060673787761535
92.8955078125,0.00618086476694301
92.926025390625,0.00606635701387181
92.95654296875,0.00608566081430211
92.987060546875,0.00622885681419663
93.017578125,0.00595186926644914
93.048095703125,0.00624728829526761
93.07861328125,0.00605959034715281
93.109130859375,0.00608601236155004
93.1396484375,0.00617191155235365
93.170166015625,0.00606870113688253
93.20068359375,0.00612877158369501
93.231201171875,0.00608857891401457
93.26171875,0.00618220418964836
93.292236328125,0.0059932622875735
93.32275390625,0.00623176287127304
93.353271484375,0.00606155878300795
93.3837890625,0.00606038786036521
93.414306640625,0.00624183641530904
93.44482421875,0.00597529723585333
93.475341796875,0.00619627709638198
93.505859375,0.00609003900000838
93.536376953125,0.00610791288537424
93.56689453125,0.00609781601809136
93.597412109375,0.00614469135236521
93.6279296875,0.00610063975012401
93.658447265625,0.00605241113346479
93.68896484375,0.00624608928330455
93.719482421875,0.00595745622122965
93.75,0.0062095112210579
93.780517578125,0.00611609165785597
93.81103515625,0.00602616813048622
93.841552734375,0.00621404066536166
93.8720703125,0.00604457789343157
93.902587890625,0.00613814267962925
93.93310546875,0.00608308973515793
93.963623046875,0.00617261188378238
93.994140625,0.00602900286440315
94.024658203125,0.00615547016646074
94.05517578125,0.00615819790652388
94.085693359375,0.00597587580237995
94.1162109375,0.00627168967259314
94.146728515625,0.00600709799094113
94.17724609375,0.00612171956596164
94.207763671875,0.00616528066447288
94.23828125,0.00605076102200195
94.268798828125,0.00613930006883977
94.29931640625,0.00609345500226056
94.329833984375,0.00616016955853587
94.3603515625,0.0060087440779226
94.390869140625,0.00622411965611248
94.42138671875,0.00605896895862276
94.451904296875,0.00605503493237029
94.482421875,0.00625067581148667
94.512939453125,0.00596485288321917
94.54345703125,0.00619046753970082
94.573974609375,0.00610795245251007
94.6044921875,0.00607822476300399
94.635009765625,0.00612471985772076
94.66552734375,0.00611426314063004
94.696044921875,0.00612870071376091
94.7265625,0.00602562937416758
94.757080078125,0.00624549507278927
94.78759765625,0.00599477853747988
94.818115234375,0.00613108129337717
94.8486328125,0.00619910326617497
94.879150390625,0.00596925793269683
94.90966796875,0.00621965441991406
94.940185546875,0.00607029171037181
94.970703125,0.00610228341506109
95.001220703125,0.00610931820036529
95.03173828125,0.00613271231703587
95.062255859375,0.00609875626194345
95.0927734375,0.00605203578209254
95.123291015625,0.00624111337046086
95.15380859375,0.0059654250885455
95.184326171875,0.00617898952623041
95.21484375,0.0061555329750097
95.245361328125,0.00598712937908246
95.27587890625,0.00622457179679846
95.306396484375,0.00605374088114795
95.3369140625,0.00611515156434094
95.367431640625,0.00609865965815679
95.39794921875,0.00614496279583599
95.428466796875,0.00607934281606975
95.458984375,0.00606963304815729
95.489501953125,0.00623369226705435
95.52001953125,0.00595523318669795
95.550537109375,0.00619856342393465
95.5810546875,0.00613510047689773
95.611572265625,0.00599797666262324
95.64208984375,0.00622074526768199
95.672607421875,0.00605151527379159
95.703125,0.00611816875511229
95.733642578125,0.00609205402969846
95.76416015625,0.00615187489655778
95.794677734375,0.00607272349887805
95.8251953125,0.0060702421639887
95.855712890625,0.00623553141846608
95.88623046875,0.00595345592856305
95.916748046875,0.0061940282615562
95.947265625,0.00614061837684405
95.977783203125,0.0059953860683784
96.00830078125,0.00621439257971119
96.038818359375,0.00605905501543216
96.0693359375,0.00611463323863814
96.099853515625,0.00608733645292472
96.13037109375,0.00615365509475956
96.160888671875,0.00608093709313325
96.19140625,0.00605117178575208
96.221923828125,0.00624761559890847
96.25244140625,0.00596127565214979
96.282958984375,0.0061643788071423
96.3134765625,0.00617024528354524
96.343994140625,0.00598368222257246
96.37451171875,0.00620222673604971
96.405029296875,0.00607579017076616
96.435546875,0.00610745569107409
96.466064453125,0.00608384634962297
96.49658203125,0.00614661457173276
96.527099609375,0.00610792926539187
96.5576171875,0.00601522059654495
96.588134765625,0.00625837460465653
96.61865234375,0.00599203439028329
96.649169921875,0.00610522943830416
96.6796875,0.00621523628940953
96.710205078125,0.00597778116115265
96.74072265625,0.00617454810241437
96.771240234375,0.00610188552055166
96.8017578125,0.00609948444564062
96.832275390625,0.00608441590633347
96.86279296875,0.00612319422304273
96.893310546875,0.00615442960801696
96.923828125,0.00597798173126447
96.954345703125,0.00624163511217091
96.98486328125,0.00606344853783989
97.015380859375,0.0060223734588138
97.0458984375,0.0062505269409638
97.076416015625,0.00600209941966969
97.10693359375,0.0061234190977224
97.137451171875,0.00613200963368853
97.16796875,0.00609363499030466
97.198486328125,0.00609577451108194
97.22900390625,0.00607915120412547
97.259521484375,0.00620421632442908
97.2900390625,0.00597574280734661
97.320556640625,0.00616635841986532
97.35107421875,0.0061731495042247
97.381591796875,0.00595336631441799
97.412109375,0.00623209895023433
97.442626953125,0.0060755203005695
97.47314453125,0.00605901524543375
97.503662109375,0.00615045849706794
97.5341796875,0.00609104589510629
97.564697265625,0.00612240669482329
97.59521484375,0.00603107769205632
97.625732421875,0.00621237102450879
97.65625,0.00605055318892568
97.686767578125,0.00603666746956881
97.71728515625,0.0062624425327983
97.747802734375,0.00596989531239272
97.7783203125,0.0061289901532192
97.808837890625,0.00617481093412438
97.83935546875,0.00602274098149766
97.869873046875,0.00613842128763718
97.900390625,0.00608964257763972
97.930908203125,0.006149919564227
97.96142578125,0.00602818965140409
97.991943359375,0.00613191559303605
98.0224609375,0.00618651988490386
98.052978515625,0.0059447364576172
98.08349609375,0.00622505867751975
98.114013671875,0.00610868746667326
98.14453125,0.00599610209152264
98.175048828125,0.00621280011925595
98.20556640625,0.00606076554797831
98.236083984375,0.00609936713326901
98.2666015625,0.00609015223255482
98.297119140625,0.00613760186956924
98.32763671875,0.00610919406853505
98.358154296875,0.00600460918457859
98.388671875,0.0062485750717192
98.419189453125,0.00602560085811971
98.44970703125,0.00604360455787901
98.480224609375,0.00625010770502413
98.5107421875,0.0059870457046857
98.541259765625,0.00612001544241749
98.57177734375,0.00614495738912431
98.602294921875,0.00607337657154573
98.6328125,0.00610347213117377
98.663330078125,0.006070520913281
98.69384765625,0.00619767861454437
98.724365234375,0.00600039008342955
98.7548828125,0.00610745499688248
98.785400390625,0.00622549118428027
98.81591796875,0.005941007432422
98.846435546875,0.00617740949662844
98.876953125,0.00614980957642893
98.907470703125,0.00600593934512021
98.93798828125,0.00615666543185518
98.968505859375,0.00609072730871555
98.9990234375,0.00612588394823009
99.029541015625,0.00604090667122522
99.06005859375,0.00613230047709716
99.090576171875,0.00617430831747951
99.12109375,0.00594832195808549
99.151611328125,0.00621587447491823
99.18212890625,0.00612396627306086
99.212646484375,0.00597159519259955
99.2431640625,0.00622011307003146
99.273681640625,0.00607138449447881
99.30419921875,0.00607129564364845
99.334716796875,0.00611468897868447
99.365234375,0.006108913241555
99.395751953125,0.00613229808760266
99.42626953125,0.00599528191223702
99.456787109375,0.00620873292036198
99.4873046875,0.00610221487732028
99.517822265625,0.00596907236956997
99.54833984375,0.00625712623305206
99.578857421875,0.0060460104285359
99.609375,0.00603727527086202
99.639892578125,0.00618941081384581
99.67041015625,0.00606144488245643
99.700927734375,0.00610627788735158
99.7314453125,0.00606235163552948
99.761962890625,0.00616054816571554
99.79248046875,0.00610022413507995
99.822998046875,0.00598740220124317
99.853515625,0.00625290132281558
99.884033203125,0.00604261566242041
99.91455078125,0.00601189330582553
99.945068359375,0.00624463014706404
99.9755859375,0.00602310605919826
100.006103515625,0.00608070658085568
100.03662109375,0.00613816773888452
100.067138671875,0.00609361037366692
100.09765625,0.00610739989961684
100.128173828125,0.0060255950804625
100.15869140625,0.00620754926312116
100.189208984375,0.00606792840612607
100.2197265625,0.00599234652900676
100.250244140625,0.00626461514144132
100.28076171875,0.00602065687691642
100.311279296875,0.0060392889014827
100.341796875,0.00621084695898781
100.372314453125,0.00604012097308364
100.40283203125,0.00609674369790211
100.433349609375,0.00608933007952996
100.4638671875,0.00613568655710229
100.494384765625,0.00610254682569281
100.52490234375,0.00599497040027099
100.555419921875,0.00623621976825874
100.5859375,0.00606159941864297
100.616455078125,0.00598715997107525
100.64697265625,0.00625491798854021
100.677490234375,0.0060347175029469
100.7080078125,0.00604671175619947
100.738525390625,0.00616956492277617
100.76904296875,0.00607363374062762
100.799560546875,0.00610714754770593
100.830078125,0.00604126639103992
100.860595703125,0.0061651961775972
100.89111328125,0.00611963085972674
100.921630859375,0.00595963001556755
100.9521484375,0.0062376483067398
100.982666015625,0.00609178272001247
101.01318359375,0.00597126627455788
101.043701171875,0.00622369240283532
101.07421875,0.00607210843053782
101.104736328125,0.00605244352230596
101.13525390625,0.00612104492997803
101.165771484375,0.00609833222305738
101.1962890625,0.00613773540395964
101.226806640625,0.00599595767412472
101.25732421875,0.00615750472551244
101.287841796875,0.00617285182117799
101.318359375,0.00593157292156085
101.348876953125,0.00619546255162359
101.37939453125,0.00615063738044715
101.409912109375,0.00596843619318724
101.4404296875,0.00616677787856006
101.470947265625,0.00610666054714948
101.50146484375,0.00608017712199211
101.531982421875,0.00607764395436937
101.5625,0.00608205706102507
101.593017578125,0.00619448220969803
101.62353515625,0.00598415235729961
101.654052734375,0.00608825797536923
101.6845703125,0.00624167368399373
101.715087890625,0.00595158210436908
101.74560546875,0.00610455127202375
101.776123046875,0.00619898358344247
101.806640625,0.00600839493737795
101.837158203125,0.00610480556327339
101.86767578125,0.00610085208510276
101.898193359375,0.00612494297447438
101.9287109375,0.00608305599531449
101.959228515625,0.00601033437614197
101.98974609375,0.0062295495567733
102.020263671875,0.00605665843081467
102.05078125,0.00597727329415703
102.081298828125,0.00625426172323392
102.11181640625,0.00605041633960251
102.142333984375,0.00601346713115526
102.1728515625,0.006181065929456
102.203369140625,0.00607608808399985
102.23388671875,0.00609307705464592
102.264404296875,0.00605443373678573
102.294921875,0.00612056877345147
102.325439453125,0.00616939559812518
102.35595703125,0.00595146184926073
102.386474609375,0.00615286578675975
102.4169921875,0.00619922597577585
102.447509765625,0.00593362199288369
102.47802734375,0.00614820736919922
102.508544921875,0.00616620952729527
102.5390625,0.00601150484694771
102.569580078125,0.00610926841078888
102.60009765625,0.00608985052653387
102.630615234375,0.00613904942663001
102.6611328125,0.00606375960749146
102.691650390625,0.00601354483346822
102.72216796875,0.00623919955877165
102.752685546875,0.00604141846913295
102.783203125,0.00598085245802403
102.813720703125,0.00625032469318338
102.84423828125,0.00605251790432557
102.874755859375,0.0060137848142917
102.9052734375,0.0061664166357243
102.935791015625,0.00608342877636019
102.96630859375,0.00609957924394314
102.996826171875,0.00604124466614852
103.02734375,0.00610861945075752
103.057861328125,0.00619146762019902
103.08837890625,0.00595215986320368
103.118896484375,0.00611076421585165
103.1494140625,0.00623100844362773
103.179931640625,0.00595054163816142
103.21044921875,0.00609600564823725
103.240966796875,0.00618579658800171
103.271484375,0.00603159172709712
103.302001953125,0.00608901890594098
103.33251953125,0.00607605295788169
103.363037109375,0.00613942426979032
103.3935546875,0.00610708120158453
103.424072265625,0.00596656427030335
103.45458984375,0.00620434388979689
103.485107421875,0.00613742476326694
103.515625,0.00592730246078716
103.546142578125,0.00619118809527644
103.57666015625,0.00614427556543011
103.607177734375,0.00598787218454022
103.6376953125,0.00612371328804291
103.668212890625,0.00610223866131549
103.69873046875,0.00611395272308934
103.729248046875,0.0060616767482977
103.759765625,0.00602558340856826
103.790283203125,0.00622469500511101
103.82080078125,0.00604818793337574
103.851318359375,0.00596653129731989
103.8818359375,0.00624752511386099
103.912353515625,0.00607487411120106
103.94287109375,0.00597975209227595
103.973388671875,0.00617349251198676
104.00390625,0.00609552106740149
104.034423828125,0.00607526183674939
104.06494140625,0.00606447364027571
104.095458984375,0.00607379892103029
104.1259765625,0.0061976787172247
104.156494140625,0.00600085274362854
104.18701171875,0.00602233255543721
104.217529296875,0.0062598260295692
104.248046875,0.00601462789905859
104.278564453125,0.00599735923747235
104.30908203125,0.00621328085795805
104.339599609375,0.00606770134578614
104.3701171875,0.00604740087606598
104.400634765625,0.00609385888198059
104.43115234375,0.00609340131273986
104.461669921875,0.00615749167123261
104.4921875,0.00599351605957473
104.522705078125,0.00606336617107871
104.55322265625,0.00624718704357051
104.583740234375,0.00597988621179036
104.6142578125,0.00601851893570897
104.644775390625,0.00623788847014973
104.67529296875,0.00603834662847897
104.705810546875,0.00603010263043213
104.736328125,0.0061304094209518
104.766845703125,0.00609185382728065
104.79736328125,0.00612104860090396
104.827880859375,0.0060108905005983
104.8583984375,0.00608087600520573
104.888916015625,0.00622746251651191
104.91943359375,0.00597131790204078
104.949951171875,0.00602693784261667
104.98046875,0.00625211744434769
105.010986328125,0.00602176110267048
105.04150390625,0.00601246143196655
105.072021484375,0.00616460619413726
105.1025390625,0.00608471006203907
105.133056640625,0.00608879355739505
105.16357421875,0.00603997845734087
105.194091796875,0.00608044401089622
105.224609375,0.006207208684925
105.255126953125,0.00598520255390334
105.28564453125,0.00601688443148961
105.316162109375,0.00625845303405292
105.3466796875,0.00602752668948468
105.377197265625,0.00598488992622112
105.40771484375,0.00619021756169037
105.438232421875,0.0060880736210492
105.46875,0.00605445723303374
105.499267578125,0.00607109736919859
105.52978515625,0.00607466171198081
105.560302734375,0.00618308907104955
105.5908203125,0.00601785845667251
105.621337890625,0.0059932239806583
105.65185546875,0.00625080335669666
105.682373046875,0.00606236858914087
105.712890625,0.00594735389564733
105.743408203125,0.00619578672520684
105.77392578125,0.00611570588539808
105.804443359375,0.00601616405219566
105.8349609375,0.00609172234385151
105.865478515625,0.00607896858681388
105.89599609375,0.00614945957718117
105.926513671875,0.00606173554683038
105.95703125,0.00597164390207871
105.987548828125,0.00621632107650736
106.01806640625,0.00612512316419984
106.048583984375,0.00591632423361263
106.0791015625,0.00616282166023421
106.109619140625,0.00617124869419501
106.14013671875,0.00598762523554969
106.170654296875,0.00608303502937035
106.201171875,0.00610378801423406
106.231689453125,0.00611044134921338
106.26220703125,0.00609893562024779
106.292724609375,0.00597449152103795
106.3232421875,0.00614792958274935
106.353759765625,0.00619491683225807
106.38427734375,0.00592505581450148
106.414794921875,0.00607936875904859
106.4453125,0.00623216401870923
106.475830078125,0.0060019135167647
106.50634765625,0.00603159481260323
106.536865234375,0.00613764818386549
106.5673828125,0.00608948446754814
106.597900390625,0.00610554676266543
106.62841796875,0.00601322974476715
106.658935546875,0.00606450612108292
106.689453125,0.00622696545754413
106.719970703125,0.00600214106855247
106.75048828125,0.00597038385410548
106.781005859375,0.00624133653252432
106.8115234375,0.006087980426505
106.842041015625,0.0059615159086827
106.87255859375,0.00613516608857756
106.903076171875,0.0061149898131022
106.93359375,0.0060796259953989
106.964111328125,0.00606338229695115
106.99462890625,0.00601490476466797
107.025146484375,0.00618202134416716
107.0556640625,0.00612524932040015
107.086181640625,0.00591497536196499
107.11669921875,0.00614480913981808
107.147216796875,0.00621202528505443
107.177734375,0.00595444138030434
107.208251953125,0.00605214603951708
107.23876953125,0.00616736214303379
107.269287109375,0.00607054771177017
107.2998046875,0.00607416395602582
107.330322265625,0.0060315721437729
107.36083984375,0.00608627370461991
107.391357421875,0.00620095535539375
107.421875,0.00598852055731628
107.452392578125,0.00598424910726539
107.48291015625,0.00624847414027339
107.513427734375,0.00607947883909242
107.5439453125,0.00594118941029484
107.574462890625,0.00614837970972406
107.60498046875,0.00613182372891666
107.635498046875,0.0060480276545365
107.666015625,0.00606607084508776
107.696533203125,0.00603422765221443
107.72705078125,0.00615392139194418
107.757568359375,0.00613712153404053
107.7880859375,0.00592483304778002
107.818603515625,0.00610536536551055
107.84912109375,0.00623872802994694
107.879638671875,0.00596997724664509
107.91015625,0.00600508192611274
107.940673828125,0.00618844073491769
107.97119140625,0.00608228424178016
108.001708984375,0.00604702560457484
108.0322265625,0.0060568238495296
108.062744140625,0.00606018837365555
108.09326171875,0.00618290634354848
108.123779296875,0.00605608541350129
108.154296875,0.00593437724687407
108.184814453125,0.00619543455094136
108.21533203125,0.00617281289522678
108.245849609375,0.00592301954085779
108.2763671875,0.00607713169266578
108.306884765625,0.0061835059503368
108.33740234375,0.00604907800173175
108.367919921875,0.00605305252743518
108.3984375,0.00604983117101921
108.428955078125,0.00608979843344087
108.45947265625,0.00618107810522571
108.489990234375,0.00599640413572206
108.5205078125,0.00597358323780177
108.551025390625,0.00623833614614855
108.58154296875,0.00610713786892661
108.612060546875,0.00591842719148248
108.642578125,0.0061248595123782
108.673095703125,0.0061634282971171
108.70361328125,0.00603494499161982
108.734130859375,0.00605723131006484
108.7646484375,0.00604503948841315
108.795166015625,0.00611184921896904
108.82568359375,0.00616928133209292
108.856201171875,0.0059633903163059
108.88671875,0.00600743358064418
108.917236328125,0.00625148802122158
108.94775390625,0.00606642519007312
108.978271484375,0.00592666226155254
109.0087890625,0.00614549475908005
109.039306640625,0.00614763181138374
109.06982421875,0.00603312474794707
109.100341796875,0.00605776246736907
109.130859375,0.00603977357255225
109.161376953125,0.00612330185124179
109.19189453125,0.0061633630266208
109.222412109375,0.00594959734262595
109.2529296875,0.00601960000579587
109.283447265625,0.00625339010359081
109.31396484375,0.00605527799119475
109.344482421875,0.0059303827649978
109.375,0.00614474524317318
109.405517578125,0.00614266131520511
109.43603515625,0.00603854802986284
109.466552734375,0.00605650847651717
109.4970703125,0.00603133099452045
109.527587890625,0.00612300558934789
109.55810546875,0.00617079982653824
109.588623046875,0.00595072380010838
109.619140625,0.00600514365096004
109.649658203125,0.00625046859960746
109.68017578125,0.00607325917833864
109.710693359375,0.00592661411546617
109.7412109375,0.00612525680430206
109.771728515625,0.00614674123790054
109.80224609375,0.00605007042391853
109.832763671875,0.00605723394283121
109.86328125,0.00601949302518446
109.893798828125,0.00610713872724095
109.92431640625,0.0061908243404118
109.954833984375,0.00597196037343783
109.9853515625,0.0059661473128846
110.015869140625,0.00623441934497394
110.04638671875,0.00611929650377462
110.076904296875,0.00592536781871572
110.107421875,0.00608592604738467
110.137939453125,0.00615178262284251
110.16845703125,0.00606796031923774
110.198974609375,0.00606497941948289
110.2294921875,0.00600973428360508
110.260009765625,0.00606971516139914
110.29052734375,0.00621101971331522
110.321044921875,0.00602595520122203
110.3515625,0.00591699789522568
110.382080078125,0.0061849603648961
110.41259765625,0.0061839316152033
110.443115234375,0.00594821935946578
110.4736328125,0.00602978342152767
110.504150390625,0.00614374883287338
110.53466796875,0.00608876309010557
110.565185546875,0.00608313495835452
110.595703125,0.00601604378613019
110.626220703125,0.00601168130696965
110.65673828125,0.00620259458227456
110.687255859375,0.00611818211130015
110.7177734375,0.00589492828683683
110.748291015625,0.00608485979573636
110.77880859375,0.00623406040409119
110.809326171875,0.00601793348483848
110.83984375,0.00597750328123255
110.870361328125,0.00610868905490275
110.90087890625,0.00610049313916969
110.931396484375,0.00610526671077503
110.9619140625,0.0060555783409949
110.992431640625,0.00595898942258358
111.02294921875,0.0061301349591629
111.053466796875,0.00621667911672519
111.083984375,0.00595434275340468
111.114501953125,0.00595623281430549
111.14501953125,0.00621071676546627
111.175537109375,0.00612709623492117
111.2060546875,0.0059721506032726
111.236572265625,0.00605133279580719
111.26708984375,0.00608753681850495
111.297607421875,0.00610763790566513
111.328125,0.0061233272307596
111.358642578125,0.00596971868646394
111.38916015625,0.0059982736271506
111.419677734375,0.0062332958169456
111.4501953125,0.00611001087720263
111.480712890625,0.00589374933774552
111.51123046875,0.00607949600561881
111.541748046875,0.00620203334765231
111.572265625,0.00604494531270319
111.602783203125,0.00601305713374619
111.63330078125,0.00605440177413689
111.663818359375,0.00606643255857856
111.6943359375,0.00615969148268712
111.724853515625,0.00608135211332077
111.75537109375,0.00591192456833703
111.785888671875,0.00609319245602431
111.81640625,0.00624648426872973
111.846923828125,0.00600401703717513
111.87744140625,0.00593010285384907
111.907958984375,0.00614160636752256
111.9384765625,0.00614255394499579
111.968994140625,0.0060419641262521
111.99951171875,0.00604350976598015
112.030029296875,0.00601270794507452
112.060546875,0.0060878824037704
112.091064453125,0.00619864579239134
112.12158203125,0.00601349714734004
112.152099609375,0.0059081293012945
112.1826171875,0.00616664575219192
112.213134765625,0.00620607745017786
112.24365234375,0.00596034615585988
112.274169921875,0.00598472762883073
112.3046875,0.00613372070852796
112.335205078125,0.00610402227735388
112.36572265625,0.00608130021739259
112.396240234375,0.00603874929400652
112.4267578125,0.00597002363008708
112.457275390625,0.00612649804873121
112.48779296875,0.00621252591031221
112.518310546875,0.00596496617715974
112.548828125,0.00592708501523405
112.579345703125,0.00619087189081006
112.60986328125,0.00616548794686964
112.640380859375,0.00597078117427749
112.6708984375,0.00601602416056893
112.701416015625,0.00609012978116695
112.73193359375,0.00609449600282123
112.762451171875,0.00613015571123673
112.79296875,0.00602191100213956
112.823486328125,0.00593508775624526
112.85400390625,0.00614973075229664
112.884521484375,0.00621949558664269
112.9150390625,0.00595351726540353
112.945556640625,0.00593921000168151
112.97607421875,0.00617255926341573
113.006591796875,0.00614374431327869
113.037109375,0.00601213862325261
113.067626953125,0.00602867925430213
113.09814453125,0.00603381190029693
113.128662109375,0.00608915253792317
113.1591796875,0.00617941950987101
113.189697265625,0.00602316255889109
113.22021484375,0.00590179057020684
113.250732421875,0.00613745573941179
113.28125,0.00623032651632898
113.311767578125,0.00598152810027908
113.34228515625,0.00594213648804071
113.372802734375,0.00612359350975921
113.4033203125,0.00612744198458163
113.433837890625,0.00606802502179574
113.46435546875,0.00604996235880602
113.494873046875,0.00597817470775155
113.525390625,0.00605699740084645
113.555908203125,0.00622025036634275
113.58642578125,0.00606582985680022
113.616943359375,0.00587848461409107
113.6474609375,0.00608042438406692
113.677978515625,0.00623068443573095
113.70849609375,0.00604332897935799
113.739013671875,0.00595891871786901
113.76953125,0.00606113232635343
113.800048828125,0.00608811523959973
113.83056640625,0.0061145434494264
113.861083984375,0.00610683947943318
113.8916015625,0.00595158833008934
113.922119140625,0.00598068636276526
113.95263671875,0.00622034410289223
113.983154296875,0.00615168497516582
114.013671875,0.00589985708616798
114.044189453125,0.00599356194805604
114.07470703125,0.00618683723340417
114.105224609375,0.0061092151442809
114.1357421875,0.00601615198249625
114.166259765625,0.00602642099391071
114.19677734375,0.00601439414267136
114.227294921875,0.0061035441379718
114.2578125,0.00618973679683482
114.288330078125,0.00600410220639237
114.31884765625,0.00589208203177718
114.349365234375,0.00613387746386202
114.3798828125,0.00622975506531845
114.410400390625,0.00599851219693056
114.44091796875,0.00593886794811913
114.471435546875,0.0060892470008369
114.501953125,0.00611649952962824
114.532470703125,0.00609243445984426
114.56298828125,0.0060732831175916
114.593505859375,0.00596228811021908
114.6240234375,0.00599877239004109
114.654541015625,0.00621251710466553
114.68505859375,0.00614749205606765
114.715576171875,0.00589372398267581
114.74609375,0.00597770141666873
114.776611328125,0.00620090443995678
114.80712890625,0.0061266684827329
114.837646484375,0.00598948125027159
114.8681640625,0.00601553651644229
114.898681640625,0.0060381763278141
114.92919921875,0.00608734579346073
114.959716796875,0.00617146201655573
114.990234375,0.00604210107141143
115.020751953125,0.00588736279318173
115.05126953125,0.00607394280822727
115.081787109375,0.00625015496459363
115.1123046875,0.00605425853571602
115.142822265625,0.00590408678052937
115.17333984375,0.00605113752962845
115.203857421875,0.00614129484272684
115.234375,0.00609002886865774
115.264892578125,0.00606974060838795
115.29541015625,0.00600135622161731
115.325927734375,0.00596059738578151
115.3564453125,0.00613734002079588
115.386962890625,0.00621695306950681
115.41748046875,0.00597675447368213
115.447998046875,0.00588613480500112
115.478515625,0.00612526217829297
115.509033203125,0.00620316540634154
115.53955078125,0.00603093735736716
115.570068359375,0.00597886669041375
115.6005859375,0.00603339860332816
115.631103515625,0.006053865964484
115.66162109375,0.00613347226270232
115.692138671875,0.00614080812219264
115.72265625,0.00594742649706094
115.753173828125,0.00592098864850317
115.78369140625,0.00617676045137614
115.814208984375,0.00621359420351007
115.8447265625,0.00596540398915563
115.875244140625,0.00592625531986004
115.90576171875,0.00609772937553268
115.936279296875,0.00613067431022387
115.966796875,0.00608187769140747
115.997314453125,0.00605963143868089
116.02783203125,0.00597141378889334
116.058349609375,0.00597848056911321
116.0888671875,0.00617987759063598
116.119384765625,0.00619075635404069
116.14990234375,0.00593232310884215
116.180419921875,0.00590556343902832
116.2109375,0.00614979327022441
116.241455078125,0.00618566004698721
116.27197265625,0.00602200487013483
116.302490234375,0.00598634916508553
116.3330078125,0.00602309875083557
116.363525390625,0.00604420335931621
116.39404296875,0.00614328845003135
116.424560546875,0.00614807038045775
116.455078125,0.00594196519157454
116.485595703125,0.00590720442478699
116.51611328125,0.00616270694603321
116.546630859375,0.00622239165694936
116.5771484375,0.0059892196644174
116.607666015625,0.00592063611683941
116.63818359375,0.0060657914057909
116.668701171875,0.00611747760844658
116.69921875,0.00609750877113974
116.729736328125,0.00608610804240706
116.76025390625,0.00597854160777794
116.790771484375,0.00593426622330708
116.8212890625,0.00613476200193703
116.851806640625,0.00623372725087382
116.88232421875,0.00600177720713501
116.912841796875,0.00587069591911605
116.943359375,0.00606672717764663
116.973876953125,0.00619050655424895
117.00439453125,0.00608202930829213
117.034912109375,0.00600838395411364
117.0654296875,0.00600523667570024
117.095947265625,0.00599270125921728
117.12646484375,0.00609373438925732
117.156982421875,0.00620390624569725
117.1875,0.00604801129895404
117.218017578125,0.00586114988342978
117.24853515625,0.00601745745897346
117.279052734375,0.00623215307664696
117.3095703125,0.00612275890353882
117.340087890625,0.00594432182389503
117.37060546875,0.00598224160351744
117.401123046875,0.00606301442330724
117.431640625,0.00608750740692567
117.462158203125,0.00613690459450486
117.49267578125,0.0060820116269339
117.523193359375,0.00590937716794724
117.5537109375,0.00595447137063509
117.584228515625,0.00620368341734603
117.61474609375,0.0061984561146249
117.645263671875,0.00594682729529305
117.67578125,0.00590874669506171
117.706298828125,0.00608647572574163
117.73681640625,0.00614059277081222
117.767333984375,0.00608560344617669
117.7978515625,0.00605774012979473
117.828369140625,0.00598155912630981
117.85888671875,0.00594250154422431
117.889404296875,0.00611301762299284
117.919921875,0.00623480808407915
117.950439453125,0.00603678570760975
117.98095703125,0.00585546371240846
118.011474609375,0.00601352802982698
118.0419921875,0.00619774897364109
118.072509765625,0.00612056868284304
118.10302734375,0.00600158824896426
118.133544921875,0.00599579731147105
118.1640625,0.00599424003627637
118.194580078125,0.0060445878658525
118.22509765625,0.00617976997141982
118.255615234375,0.00613973736797335
118.2861328125,0.00590818242024552
118.316650390625,0.00589672169253069
118.34716796875,0.00615125337145858
118.377685546875,0.0062202695101567
118.408203125,0.00602411685465819
118.438720703125,0.00593222187585856
118.46923828125,0.00601307417085172
118.499755859375,0.00606506886020642
118.5302734375,0.00610422331085778
118.560791015625,0.0061467305960309
118.59130859375,0.00603117024663331
118.621826171875,0.00587636903724012
118.65234375,0.00599914699693318
118.682861328125,0.00623333237654978
118.71337890625,0.00616387092687509
118.743896484375,0.00592540816363387
118.7744140625,0.0059219928705436
118.804931640625,0.00607984582506176
118.83544921875,0.00612318794380505
118.865966796875,0.0060974005606243
118.896484375,0.00607650867373712
118.927001953125,0.00597312072377773
118.95751953125,0.00591290107914853
118.988037109375,0.00608791575646131
119.0185546875,0.00624721652467761
119.049072265625,0.00608375595198836
119.07958984375,0.00586563634810746
119.110107421875,0.00595424060012275
119.140625,0.00614973472282785
119.171142578125,0.00614559122342484
119.20166015625,0.00605248075673745
119.232177734375,0.00601628053347099
119.2626953125,0.00596747911422691
119.293212890625,0.00596984391441933
119.32373046875,0.00613404077329285
119.354248046875,0.00622162334142696
119.384765625,0.006021048710418
119.415283203125,0.00584416246691239
119.44580078125,0.00599477516552087
119.476318359375,0.00620001021513572
119.5068359375,0.00614524113824205
119.537353515625,0.00600078883418139
119.56787109375,0.00597733479532405
119.598388671875,0.00599078081591806
119.62890625,0.00601987889267305
119.659423828125,0.00614266737631958
119.68994140625,0.00618548253113655
119.720458984375,0.00598963831416207
119.7509765625,0.00584429530392594
119.781494140625,0.00601935066464324
119.81201171875,0.00622855686844204
119.842529296875,0.00614396928120356
119.873046875,0.00595990803058817
119.903564453125,0.00594993619515297
119.93408203125,0.00602016463417436
119.964599609375,0.00605826286687847
119.9951171875,0.00613031800235961
120.025634765625,0.00615249357583051
120.05615234375,0.00598665040147968
120.086669921875,0.00585359018203032
120.1171875,0.00601791075529546
120.147705078125,0.0062380413489031
120.17822265625,0.00615767779944918
120.208740234375,0.00593922200835261
120.2392578125,0.00592075882315041
120.269775390625,0.00603846526546281
120.30029296875,0.00609059008603845
120.330810546875,0.0061138220128442
120.361328125,0.00612381516186664
120.391845703125,0.00600247043988283
120.42236328125,0.0058700435828406
120.452880859375,0.00599139786284714
120.4833984375,0.00622542991003973
120.513916015625,0.00619073764208921
120.54443359375,0.00594894815837596
120.574951171875,0.00588488297625994
120.60546875,0.00603046418741835
120.635986328125,0.00611958626976014
120.66650390625,0.00610881062063885
120.697021484375,0.006097578882655
120.7275390625,0.00602402964043317
120.758056640625,0.00589822292718348
120.78857421875,0.00595109949019758
120.819091796875,0.00618173311633189
120.849609375,0.00623136753668304
120.880126953125,0.00600112055045573
120.91064453125,0.00585520261621882
120.941162109375,0.00598381045648444
120.9716796875,0.00613368778311361
121.002197265625,0.00612694014584504
121.03271484375,0.00607982331179816
121.063232421875,0.00603721406061496
121.09375,0.00593909652883524
121.124267578125,0.00591871584049836
121.15478515625,0.0061030237794573
121.185302734375,0.00624892872912324
121.2158203125,0.00609627457407329
121.246337890625,0.00586612355808466
121.27685546875,0.00590392490470014
121.307373046875,0.00610358266757803
121.337890625,0.00616210229058227
121.368408203125,0.00608921882674884
121.39892578125,0.00603762578831167
121.429443359375,0.00598026391088671
121.4599609375,0.00591710366675304
121.490478515625,0.00600791606169064
121.52099609375,0.00620604060317862
121.551513671875,0.00619992176879274
121.58203125,0.00595534739082598
121.612548828125,0.00583790845248349
121.64306640625,0.00600435171732014
121.673583984375,0.00617098474570028
121.7041015625,0.00613865866272315
121.734619140625,0.00604723124000682
121.76513671875,0.00600338476598896
121.795654296875,0.00594773979956172
121.826171875,0.0059407595267713
121.856689453125,0.00609588436170725
121.88720703125,0.00623790724058484
121.917724609375,0.00611157943755629
121.9482421875,0.00587016159444445
121.978759765625,0.00587185609993602
122.00927734375,0.00608721714595523
122.039794921875,0.00618835722143278
122.0703125,0.00610336089182898
122.100830078125,0.00601891498586625
122.13134765625,0.00598156205161958
122.161865234375,0.00593539987039112
122.1923828125,0.00597637269312447
122.222900390625,0.00615359945120542
122.25341796875,0.00622997606670861
122.283935546875,0.00603826936471491
122.314453125,0.00583507201232236
122.344970703125,0.00591514375772724
122.37548828125,0.00613333353307052
122.406005859375,0.00618302853458049
122.4365234375,0.00607879347332463
122.467041015625,0.00600573277602377
122.49755859375,0.00596917762945118
122.528076171875,0.00593061615255759
122.55859375,0.0060011943136875
122.589111328125,0.00618239629762195
122.61962890625,0.00621663264760493
122.650146484375,0.00599886209100144
122.6806640625,0.0058250582027053
122.711181640625,0.00593886431394718
122.74169921875,0.00614815611591792
122.772216796875,0.00617559144020348
122.802734375,0.00607163610609091
122.833251953125,0.00600529118210979
122.86376953125,0.00596349674104815
122.894287109375,0.00592352849629762
122.9248046875,0.00600466936417417
122.955322265625,0.00619021035078373
122.98583984375,0.006217144997863
123.016357421875,0.00599582350951502
123.046875,0.00582392289220398
123.077392578125,0.00593375083157842
123.10791015625,0.0061382219865397
123.138427734375,0.00617281475245099
123.1689453125,0.0060814375448757
123.199462890625,0.00601751596594829
123.22998046875,0.00596612433499728
123.260498046875,0.00591149429864962
123.291015625,0.00598226775782921
123.321533203125,0.00617726787699293
123.35205078125,0.00623460883181739
123.382568359375,0.0060303588162133
123.4130859375,0.00583269877761139
123.443603515625,0.00590208126787149
123.47412109375,0.00610252374616701
123.504638671875,0.00616883400441552
123.53515625,0.00610364884807616
123.565673828125,0.0060444331178881
123.59619140625,0.00598442119952983
123.626708984375,0.0059021698516514
123.6572265625,0.00593460469703715
123.687744140625,0.00613234170458713
123.71826171875,0.00625469077646216
123.748779296875,0.00610305552795417
123.779296875,0.00586951114830784
123.809814453125,0.00585896689006369
123.84033203125,0.00603649050660632
123.870849609375,0.00614708446919022
123.9013671875,0.00612597732326506
123.931884765625,0.00608406651274938
123.96240234375,0.00602819225508244
123.992919921875,0.00591637209577166
124.0234375,0.00587657375336807
124.053955078125,0.0060409131976484
124.08447265625,0.00624164685917274
124.114990234375,0.00619855862064639
124.1455078125,0.0059599312845836
124.176025390625,0.00584027012938823
124.20654296875,0.0059479438727787
124.237060546875,0.00608793326099142
124.267578125,0.00612408522009844
124.298095703125,0.00611917987802079
124.32861328125,0.00609593230396954
124.359130859375,0.00598176219250317
124.3896484375,0.00585142605955863
124.420166015625,0.00591232700625414
124.45068359375,0.00614780133269083
124.481201171875,0.00626178159948704
124.51171875,0.0061055130216836
124.542236328125,0.00589805435378341
124.57275390625,0.00587958900596866
124.603271484375,0.00599265632743244
124.6337890625,0.00607167767391705
124.664306640625,0.00611186286747434
124.69482421875,0.00615131707503392
124.725341796875,0.0061001816067511
124.755859375,0.00592286166744086
124.786376953125,0.00581882385685016
124.81689453125,0.00596519665424216
124.847412109375,0.00620239778365002
124.8779296875,0.00623394986503364
124.908447265625,0.0060517180656322
124.93896484375,0.00590604623322383
124.969482421875,0.00591656865728816
125,0.00598000462610837
125.030517578125,0.00603284972865323
125.06103515625,0.00612207309315293
125.091552734375,0.00619496503174981
125.1220703125,0.0061014138985729
125.152587890625,0.00588362118545775
125.18310546875,0.00580826608240935
125.213623046875,0.00599016068872481
125.244140625,0.0062025988469365
125.274658203125,0.00620300994163986
125.30517578125,0.00605260821673426
125.335693359375,0.00595133573425595
125.3662109375,0.00593517182794037
125.396728515625,0.00593469305051443
125.42724609375,0.00598339178526232
125.457763671875,0.00612950222104948
125.48828125,0.00623568131341006
125.518798828125,0.0061229176504094
125.54931640625,0.00588327839926693
125.579833984375,0.00580502961835198
125.6103515625,0.00597131335989025
125.640869140625,0.00615862857847625
125.67138671875,0.00617699488547938
125.701904296875,0.00609042487814578
125.732421875,0.00602193899668156
125.762939453125,0.00595897157136604
125.79345703125,0.00588549219694359
125.823974609375,0.00591448320586704
125.8544921875,0.00610106077549003
125.885009765625,0.00625904773691478
125.91552734375,0.00617576579643585
125.946044921875,0.00593502628320854
125.9765625,0.00581866195610888
126.007080078125,0.00592242200511431
126.03759765625,0.00607475592910486
126.068115234375,0.0061306181567478
126.0986328125,0.00612844047848695
126.129150390625,0.0061133174592911
126.15966796875,0.00602500527670376
126.190185546875,0.00587228308322635
126.220703125,0.00583218832163044
126.251220703125,0.00601078563479221
126.28173828125,0.00623032263983943
126.312255859375,0.00623597872748471
126.3427734375,0.00604048584402108
126.373291015625,0.00588319149037203
126.40380859375,0.00589082529733174
126.434326171875,0.00597065256347826
126.46484375,0.00603280948846789
126.495361328125,0.0061082837805674
126.52587890625,0.00618855304911737
126.556396484375,0.00614725998447181
126.5869140625,0.0059493708109426
126.617431640625,0.00579220175253392
126.64794921875,0.00587430242503083
126.678466796875,0.00610890563150218
126.708984375,0.00623282492888308
126.739501953125,0.00615280567674029
126.77001953125,0.00601456625230708
126.800537109375,0.00594588735878034
126.8310546875,0.0059193029589173
126.861572265625,0.0059070473461769
126.89208984375,0.00598253135043357
126.922607421875,0.00615631431959261
126.953125,0.00625588071551442
126.983642578125,0.00612851760462921
127.01416015625,0.00588801985436259
127.044677734375,0.005796209731699
127.0751953125,0.00592648500835211
127.105712890625,0.00610024086888352
127.13623046875,0.00615814070495644
127.166748046875,0.00613053193848127
127.197265625,0.00609275744784453
127.227783203125,0.00601746353801827
127.25830078125,0.00588614181577283
127.288818359375,0.00582419672456963
127.3193359375,0.00595891487023728
127.349853515625,0.00619047023638516
127.38037109375,0.00626998231800622
127.410888671875,0.00611639705820613
127.44140625,0.00591386319846845
127.471923828125,0.00585544664491405
127.50244140625,0.00592414900130454
127.532958984375,0.00600167295904041
127.5634765625,0.00606703747538022
127.593994140625,0.00615542517228863
127.62451171875,0.00619989522256021
127.655029296875,0.00608701276496167
127.685546875,0.00587148769033784
127.716064453125,0.00577682947479726
127.74658203125,0.00591904528451089
127.777099609375,0.00614446354958971
127.8076171875,0.00622711487960232
127.838134765625,0.00613929659804743
127.86865234375,0.0060220459657761
127.899169921875,0.00595619932378711
127.9296875,0.00590606199648764
127.960205078125,0.00587459908847378
127.99072265625,0.00595162583955142
128.021240234375,0.00614211530812376
128.0517578125,0.00627126354855195
128.082275390625,0.00617769259201292
128.11279296875,0.00594172962779803
128.143310546875,0.00580246756232599
128.173828125,0.00586707659851649
128.204345703125,0.00601693998097834
128.23486328125,0.006107997532702
128.265380859375,0.00613710071748307
128.2958984375,0.00615200971143018
128.326416015625,0.00611281762145623
128.35693359375,0.00596640588178241
128.387451171875,0.0058067590964195
128.41796875,0.00581623268429507
128.448486328125,0.00602289740969498
128.47900390625,0.0062288617673504
128.509521484375,0.00623988661795035
128.5400390625,0.00608656926739458
128.570556640625,0.00594396504746689
128.60107421875,0.00589822276186827
128.631591796875,0.00590011898446094
128.662109375,0.00592008586472265
128.692626953125,0.00601127435161454
128.72314453125,0.00617236226363161
128.753662109375,0.00626021486375761
128.7841796875,0.00614504706798969
128.814697265625,0.00590795737193587
128.84521484375,0.00577600528228281
128.875732421875,0.00585821306438007
128.90625,0.0060370461355555
128.936767578125,0.00614473726204484
128.96728515625,0.00615435660748922
128.997802734375,0.00613371687125224
129.0283203125,0.00608906947515883
129.058837890625,0.00597146567808631
129.08935546875,0.00582473322001989
129.119873046875,0.00580216052158021
129.150390625,0.00597554840923908
129.180908203125,0.00620318177721486
129.21142578125,0.00627182902107882
129.241943359375,0.00614025107014562
129.2724609375,0.0059625718993149
129.302978515625,0.00588092383044161
129.33349609375,0.00588674216952208
129.364013671875,0.00591381261373809
129.39453125,0.00597291060769606
129.425048828125,0.00610416389208608
129.45556640625,0.00623925581981757
129.486083984375,0.00622775933755701
129.5166015625,0.00603235747159108
129.547119140625,0.00581681109596585
129.57763671875,0.00577615785200809
129.608154296875,0.00591998906506497
129.638671875,0.00608881668246164
129.669189453125,0.00616004174338031
129.69970703125,0.0061546835119564
129.730224609375,0.00613127667586687
129.7607421875,0.00606929663520849
129.791259765625,0.00593189322263675
129.82177734375,0.00579486136773484
129.852294921875,0.00580765209216708
129.8828125,0.00600307815850426
129.913330078125,0.00622001717910289
129.94384765625,0.00626900938384726
129.974365234375,0.00613685436003761
130.0048828125,0.00597168296370731
130.035400390625,0.00589090413375344
130.06591796875,0.00587959409691938
130.096435546875,0.00588745178885838
130.126953125,0.00593958875531064
130.157470703125,0.00607915793332349
130.18798828125,0.00623828397042541
130.218505859375,0.00626219907678336
130.2490234375,0.0060918312202026
130.279541015625,0.00586241838175014
130.31005859375,0.00576857814833824
130.340576171875,0.0058583906194651
130.37109375,0.00601241788038527
130.401611328125,0.00611051310144224
130.43212890625,0.00614888195890278
130.462646484375,0.00617044180595098
130.4931640625,0.00615013577235223
130.523681640625,0.00602792367516028
130.55419921875,0.0058425598151609
130.584716796875,0.00574877327687314
130.615234375,0.00585527070395413
130.645751953125,0.00608383712711143
130.67626953125,0.00624225105846201
130.706787109375,0.00622689753859624
130.7373046875,0.00610487878488142
130.767822265625,0.00599444975411951
130.79833984375,0.00592633170005751
130.828857421875,0.00586610321398857
130.859375,0.00583068767653764
130.889892578125,0.0058995685778416
130.92041015625,0.00608785017857448
130.950927734375,0.00626789982417753
130.9814453125,0.00627832970923463
131.011962890625,0.00610283335209149
131.04248046875,0.00589308755857564
131.072998046875,0.00580450470694524
131.103515625,0.00584981048134835
131.134033203125,0.00593777102501303
131.16455078125,0.00601394337226677
131.195068359375,0.00610156763993949
131.2255859375,0.00620457212783357
131.256103515625,0.00623980398144099
131.28662109375,0.00612244521494396
131.317138671875,0.00590054736273456
131.34765625,0.00574480197322314
131.378173828125,0.00578069046912977
131.40869140625,0.00596063500685159
131.439208984375,0.00612879753777497
131.4697265625,0.00618947045660985
131.500244140625,0.00617146147067619
131.53076171875,0.00613410950642521
131.561279296875,0.00606980292040716
131.591796875,0.00594272449732149
131.622314453125,0.00579654739854197
131.65283203125,0.00575680154827459
131.683349609375,0.00589607133405162
131.7138671875,0.00612777382494112
131.744384765625,0.00627508948267182
131.77490234375,0.00624429683480235
131.805419921875,0.0061004367926406
131.8359375,0.00596842750770958
131.866455078125,0.00589789261952722
131.89697265625,0.00585662021996534
131.927490234375,0.00583245548262959
131.9580078125,0.00588041314587521
131.988525390625,0.00603894377371418
132.01904296875,0.00623217185625219
132.049560546875,0.00630893545065904
132.080078125,0.0061944269339846
132.110595703125,0.00597606219931227
132.14111328125,0.00581686618674622
132.171630859375,0.00579786271926723
132.2021484375,0.00587032558701079
132.232666015625,0.00595307551353241
132.26318359375,0.00603212960037104
132.293701171875,0.00613625604543962
132.32421875,0.00624045446400456
132.354736328125,0.00624946078380365
132.38525390625,0.00610368566132196
132.415771484375,0.00587733155620479
132.4462890625,0.00573260102212025
132.476806640625,0.00576771643931506
132.50732421875,0.00592970658716491
132.537841796875,0.00608638880830289
132.568359375,0.00616279658834665
132.598876953125,0.00618186967526813
132.62939453125,0.00618231516118115
132.659912109375,0.0061419700123529
132.6904296875,0.0060156040402238
132.720947265625,0.00583390982121016
132.75146484375,0.00571977101500243
132.781982421875,0.00577820246112827
132.8125,0.00598061296825812
132.843017578125,0.0061823582041238
132.87353515625,0.00625859831433672
132.904052734375,0.0062066128444588
132.9345703125,0.00610948467984598
132.965087890625,0.00602412468407795
132.99560546875,0.00593716345722222
133.026123046875,0.00583173038025016
133.056640625,0.00576026111667545
133.087158203125,0.00581145646831545
133.11767578125,0.00600013884785098
133.148193359375,0.0062172677242167
133.1787109375,0.00631458264194749
133.209228515625,0.00623892698947434
133.23974609375,0.00607009263158242
133.270263671875,0.00592736251898961
133.30078125,0.00585832809924286
133.331298828125,0.00583198596841022
133.36181640625,0.00582312013929022
133.392333984375,0.00586582557919803
133.4228515625,0.0060023764354682
133.453369140625,0.00619450331475859
133.48388671875,0.00632001418361804
133.514404296875,0.00627783692539346
133.544921875,0.00609029548688675
133.575439453125,0.00588668577773982
133.60595703125,0.00578451437355088
133.636474609375,0.00579755138324796
133.6669921875,0.00586180305738536
133.697509765625,0.00593109816333413
133.72802734375,0.00602033684439984
133.758544921875,0.00614999625723426
133.7890625,0.00627340186945456
133.819580078125,0.00629185711307685
133.85009765625,0.00615411886444872
133.880615234375,0.00592801350674093
133.9111328125,0.0057552800138175
133.941650390625,0.00573060342639045
133.97216796875,0.00583076663174423
134.002685546875,0.0059619000509384
134.033203125,0.00606120464344196
134.063720703125,0.00613678693176684
134.09423828125,0.00621207480441354
134.124755859375,0.00625749612132889
134.1552734375,0.00620408591692652
134.185791015625,0.00602989079662412
134.21630859375,0.00581566359174712
134.246826171875,0.00569437380966432
134.27734375,0.00573827453755033
134.307861328125,0.00589998015058813
134.33837890625,0.00606653446264544
134.368896484375,0.00616372053587291
134.3994140625,0.00619959639487563
134.429931640625,0.00621262621288972
134.46044921875,0.00619955071675544
134.490966796875,0.00611530937931813
134.521484375,0.00594560869305823
134.552001953125,0.00576130149067677
134.58251953125,0.00567957783860576
134.613037109375,0.00576239985866346
134.6435546875,0.00595710462037477
134.674072265625,0.00614251166592363
134.70458984375,0.00623241081795256
134.735107421875,0.00623080564280143
134.765625,0.00619138473242148
134.796142578125,0.00613955401621699
134.82666015625,0.0060504492774398
134.857177734375,0.00590466824708666
134.8876953125,0.00574939628835215
134.918212890625,0.00568362461182628
134.94873046875,0.00577210783923132
134.979248046875,0.00597640379742991
135.009765625,0.00617849303005354
135.040283203125,0.00627645771577304
135.07080078125,0.00625745120361094
135.101318359375,0.00618056989194438
135.1318359375,0.00609920046503447
135.162353515625,0.00601245189279409
135.19287109375,0.00589521024976642
135.223388671875,0.00576387595078682
135.25390625,0.00569355758436207
135.284423828125,0.00575738821702745
135.31494140625,0.00594809486970205
135.345458984375,0.00616691399335552
135.3759765625,0.00629737324876792
135.406494140625,0.00629389304580224
135.43701171875,0.00620106546179647
135.467529296875,0.00609257386053328
135.498046875,0.00599991372594326
135.528564453125,0.00590482638110418
135.55908203125,0.00579485197949949
135.589599609375,0.0057111265656982
135.6201171875,0.00572716278232229
135.650634765625,0.00587511945661351
135.68115234375,0.00609715143067629
135.711669921875,0.00627768175889497
135.7421875,0.00633049626617686
135.772705078125,0.00625866915470189
135.80322265625,0.006133515456501
135.833740234375,0.00602049547867021
135.8642578125,0.00592985294954367
135.894775390625,0.00583767338211748
135.92529296875,0.00574541423876544
135.955810546875,0.0057054951415559
135.986328125,0.00577891331939932
136.016845703125,0.00596620732268579
136.04736328125,0.00618539221881696
136.077880859375,0.00632552999405957
136.1083984375,0.00632883304819858
136.138916015625,0.00622552802170406
136.16943359375,0.00609285556177298
136.199951171875,0.00598358987782789
136.23046875,0.00589525125296881
136.260986328125,0.00580454628406879
136.29150390625,0.00572244328705359
136.322021484375,0.00570504483025591
136.3525390625,0.00580370490663445
136.383056640625,0.0060037731474511
136.41357421875,0.00621673469394729
136.444091796875,0.00633943960995441
136.474609375,0.00632823910873211
136.505126953125,0.00622123557573104
136.53564453125,0.00609243554548648
136.566162109375,0.0059862340203418
136.5966796875,0.00589549327048968
136.627197265625,0.00579866219593593
136.65771484375,0.00571051652340514
136.688232421875,0.0056883667003669
136.71875,0.00578268631468936
136.749267578125,0.00597978661477989
136.77978515625,0.00619529952924477
136.810302734375,0.00632966600576638
136.8408203125,0.00633755489802141
136.871337890625,0.00625012603030627
136.90185546875,0.00613428292660847
136.932373046875,0.00603177690088659
136.962890625,0.00593648911929592
136.993408203125,0.00582703400024244
137.02392578125,0.00571580002913902
137.054443359375,0.0056597492181581
137.0849609375,0.0057173720237808
137.115478515625,0.00589107098398619
137.14599609375,0.00611107314949583
137.176513671875,0.00627941559234725
137.20703125,0.00633686560969613
137.237548828125,0.00629497478317417
137.26806640625,0.00620880001784205
137.298583984375,0.00612062458530212
137.3291015625,0.00602926706072522
137.359619140625,0.00591148558326666
137.39013671875,0.00576982643535881
137.420654296875,0.00565534296319002
137.451171875,0.00563818983008522
137.481689453125,0.00575005677866429
137.51220703125,0.00595100074280492
137.542724609375,0.0061524608513991
137.5732421875,0.00627777335878025
137.603759765625,0.0063084408986155
137.63427734375,0.00627889377403974
137.664794921875,0.00623010513391888
137.6953125,0.00616860230885457
137.725830078125,0.0060692923352259
137.75634765625,0.00591696045965404
137.786865234375,0.00574367009687538
137.8173828125,0.00562254261955316
137.847900390625,0.00561901845188961
137.87841796875,0.00574076900342892
137.908935546875,0.00593004960312363
137.939453125,0.00610530789926141
137.969970703125,0.0062161591333745
138.00048828125,0.00626583227234152
138.031005859375,0.0062860247865011
138.0615234375,0.00629202087556272
138.092041015625,0.0062620747513852
138.12255859375,0.00616067604181642
138.153076171875,0.00598346330983654
138.18359375,0.00578052270924586
138.214111328125,0.00563341954069859
138.24462890625,0.00560247460673974
138.275146484375,0.00568751068732014
138.3056640625,0.00583397157056295
138.336181640625,0.0059774290799955
138.36669921875,0.0060875896652323
138.397216796875,0.00617563541715517
138.427734375,0.00626270775341677
138.458251953125,0.006341908414929
138.48876953125,0.00637096979666371
138.519287109375,0.00630421773469488
138.5498046875,0.00613638746437219
138.580322265625,0.00591914234352756
138.61083984375,0.00573385175193695
138.641357421875,0.00564126583396251
138.671875,0.0056480156314859
138.702392578125,0.00571510542939755
138.73291015625,0.00579802799038769
138.763427734375,0.00588255821729484
138.7939453125,0.00598613217662776
138.824462890625,0.00612608898056764
138.85498046875,0.00628540375355604
138.885498046875,0.0064087174434938
138.916015625,0.00643506494892777
138.946533203125,0.00634170154109492
138.97705078125,0.00616317004374507
139.007568359375,0.00596971739286404
139.0380859375,0.00582222963684737
139.068603515625,0.00573922557550983
139.09912109375,0.00570019801575423
139.129638671875,0.00567879630576475
139.16015625,0.00567507395535982
139.190673828125,0.00571825656311031
139.22119140625,0.00583766646775696
139.251708984375,0.0060271791077795
139.2822265625,0.00623468517095033
139.312744140625,0.00638769066550047
139.34326171875,0.00643654607381273
139.373779296875,0.00638234960444162
139.404296875,0.00626891770858299
139.434814453125,0.00614687184149428
139.46533203125,0.00603934372841597
139.495849609375,0.00593593142143903
139.5263671875,0.00581733184400602
139.556884765625,0.00568769154409813
139.58740234375,0.00558575999822019
139.617919921875,0.00556381644445502
139.6484375,0.00565014222295789
139.678955078125,0.00582471879102715
139.70947265625,0.00602781056934188
139.739990234375,0.00619545886684023
139.7705078125,0.00629526184358903
139.801025390625,0.00633636541996198
139.83154296875,0.00634843873105843
139.862060546875,0.00634866846825542
139.892578125,0.00632432675726056
139.923095703125,0.0062449568138635
139.95361328125,0.00609386064982746
139.984130859375,0.00589280292367716
140.0146484375,0.00569893689162651
140.045166015625,0.00557460459098828
140.07568359375,0.00555172923784721
140.106201171875,0.00561665692538225
140.13671875,0.00572560592455399
140.167236328125,0.00583779195928492
140.19775390625,0.00594065756782067
140.228271484375,0.00604883921771794
140.2587890625,0.00617952476556723
140.289306640625,0.00632524309296486
140.31982421875,0.00644685587140037
140.350341796875,0.00649360482391884
140.380859375,0.00643598717072776
140.411376953125,0.00628713252769665
140.44189453125,0.00609673389331847
140.472412109375,0.00592184408507852
140.5029296875,0.00579559759886589
140.533447265625,0.00571573727908743
140.56396484375,0.00565948074037283
140.594482421875,0.00561156253094196
140.625,0.00558298335073464
140.655517578125,0.00560573760443649
140.68603515625,0.00570741558862042
140.716552734375,0.00588500432438263
140.7470703125,0.00609804646538508
140.777587890625,0.00628717788438015
140.80810546875,0.00640559282098339
140.838623046875,0.00644177195456299
140.869140625,0.00641839356061826
140.899658203125,0.00636962946900082
140.93017578125,0.00631426908771647
140.960693359375,0.00624436692205989
140.9912109375,0.00613707764828376
141.021728515625,0.00598006503998686
141.05224609375,0.00579093613066315
141.082763671875,0.00561556772937459
141.11328125,0.00550550925417001
141.143798828125,0.00548969146431817
141.17431640625,0.00555971648585922
141.204833984375,0.00567837827619943
141.2353515625,0.00580483958170568
141.265869140625,0.00591863730035354
141.29638671875,0.00602618831253692
141.326904296875,0.00614635454773262
141.357421875,0.00628658020992868
141.387939453125,0.00642760473380713
141.41845703125,0.00652842494719545
141.448974609375,0.00654871807521589
141.4794921875,0.00647358378952295
141.510009765625,0.00632376190094319
141.54052734375,0.00614441942551029
141.571044921875,0.00598011906554932
141.6015625,0.00585264428533228
141.632080078125,0.00575590094716302
141.66259765625,0.00567009492851451
141.693115234375,0.00558421410654169
141.7236328125,0.0055105011836808
141.754150390625,0.00548052591033557
141.78466796875,0.00552536809714891
141.815185546875,0.0056534095303406
141.845703125,0.00584091414880823
141.876220703125,0.00604199644660306
141.90673828125,0.0062116863404334
141.937255859375,0.0063272869163703
141.9677734375,0.00639465792883442
141.998291015625,0.00643627033638461
142.02880859375,0.00646991069192073
142.059326171875,0.00649278699343588
142.08984375,0.00648178034078836
142.120361328125,0.00640957069003377
142.15087890625,0.00626573912667177
142.181396484375,0.00606867139819594
142.2119140625,0.00586014835263132
142.242431640625,0.00568577114440615
142.27294921875,0.00557342001214709
142.303466796875,0.00552298546644139
142.333984375,0.00551315293709731
142.364501953125,0.00552005412806751
142.39501953125,0.00553523251818969
142.425537109375,0.00557122498871069
142.4560546875,0.00565138505581217
142.486572265625,0.00579087355832476
142.51708984375,0.00598141180537615
142.547607421875,0.00618992659679899
142.578125,0.00637234720967501
142.608642578125,0.00649426973121598
142.63916015625,0.00654599860157927
142.669677734375,0.00654313062240273
142.7001953125,0.00651291106606447
142.730712890625,0.00647530853013113
142.76123046875,0.00643072858771213
142.791748046875,0.00636181947723099
142.822265625,0.00624785633971074
142.852783203125,0.00608236112218706
142.88330078125,0.00588271199990428
142.913818359375,0.00568555016149435
142.9443359375,0.00553055310150361
142.974853515625,0.00544218572518622
143.00537109375,0.00542012412575842
143.035888671875,0.00544365381862726
143.06640625,0.00548688508590956
143.096923828125,0.00553527126881449
143.12744140625,0.00559342610297996
143.157958984375,0.00567976070475187
143.1884765625,0.00581154326743256
143.218994140625,0.00598973429194199
143.24951171875,0.00619299294503872
143.280029296875,0.00638468815846529
143.310546875,0.00652899798750794
143.341064453125,0.00660686535171229
143.37158203125,0.00662277000782869
143.402099609375,0.00659874122366083
143.4326171875,0.00655946432245534
143.463134765625,0.00651736041414363
143.49365234375,0.00646628554282881
143.524169921875,0.00638727002366475
143.5546875,0.00626264129355779
143.585205078125,0.00609006592199033
143.61572265625,0.00588821572911342
143.646240234375,0.00569068856206871
143.6767578125,0.00553156873023681
143.707275390625,0.00543070292820203
143.73779296875,0.00538678385718096
143.768310546875,0.00538178206139756
143.798828125,0.00539383140716637
143.829345703125,0.00541102439991625
143.85986328125,0.00543827480797382
143.890380859375,0.00549351272643429
143.9208984375,0.00559558130125287
143.951416015625,0.00575085115441919
143.98193359375,0.00594620535679772
144.012451171875,0.00615241604061954
144.04296875,0.00633613958922628
144.073486328125,0.00647404320737202
144.10400390625,0.00656150517780084
144.134521484375,0.00661140595251196
144.1650390625,0.00664397458664591
144.195556640625,0.00667345989097123
144.22607421875,0.00669897228602674
144.256591796875,0.00670441959618785
144.287109375,0.00666744142038985
144.317626953125,0.00657239024578658
144.34814453125,0.00642030765598837
144.378662109375,0.00623055190483708
144.4091796875,0.00603324397798941
144.439697265625,0.0058565512191444
144.47021484375,0.00571544903086991
144.500732421875,0.00560767021667903
144.53125,0.00551865314204958
144.561767578125,0.00543255624492427
144.59228515625,0.0053433193028794
144.622802734375,0.00525988533486795
144.6533203125,0.00520289330281402
144.683837890625,0.00519466990772275
144.71435546875,0.0052478140397147
144.744873046875,0.00535831756259615
144.775390625,0.00550673837570987
144.805908203125,0.00566675915911317
144.83642578125,0.00581671164409043
144.866943359375,0.0059482253249345
144.8974609375,0.00606773595550242
144.927978515625,0.00619029059982367
144.95849609375,0.00632899157818013
144.989013671875,0.00648556043489151
145.01953125,0.0066468449731963
145.050048828125,0.00678903453698745
145.08056640625,0.00688747186519676
145.111083984375,0.00692719818710106
145.1416015625,0.0069090752873501
145.172119140625,0.006848577102804
145.20263671875,0.00676796734872254
145.233154296875,0.00668577219116634
145.263671875,0.00660867401581462
145.294189453125,0.00652965621170721
145.32470703125,0.00643311582963742
145.355224609375,0.00630428260497212
145.3857421875,0.00613827232576035
145.416259765625,0.00594438515616694
145.44677734375,0.00574363407171607
145.477294921875,0.00556076260297602
145.5078125,0.00541460026239409
145.538330078125,0.00531130103439094
145.56884765625,0.00524353967773604
145.599365234375,0.00519586004481518
145.6298828125,0.00515347587244332
145.660400390625,0.00511027605310936
145.69091796875,0.0050722695281725
145.721435546875,0.00505493562473694
145.751953125,0.00507583540455506
145.782470703125,0.00514602745837813
145.81298828125,0.00526432299883827
145.843505859375,0.0054170282858014
145.8740234375,0.00558324610227952
145.904541015625,0.0057432539796374
145.93505859375,0.00588611422968818
145.965576171875,0.00601308890903902
145.99609375,0.00613539844658951
146.026611328125,0.00626744769063115
146.05712890625,0.00641866758015113
146.087646484375,0.0065876894970235
146.1181640625,0.00676146414919647
146.148681640625,0.00691969096280095
146.17919921875,0.00704256178699584
146.209716796875,0.00711839074307584
146.240234375,0.00714780692131272
146.270751953125,0.00714274309238868
146.30126953125,0.00712074514719712
146.331787109375,0.00709713833127116
146.3623046875,0.00707845417586301
146.392822265625,0.00705990473350464
146.42333984375,0.00702789343866711
146.453857421875,0.00696637958175516
146.484375,0.00686430195015218
146.514892578125,0.00672088549896923
146.54541015625,0.00654662708708407
146.575927734375,0.00635963009074637
146.6064453125,0.0061789166777557
146.636962890625,0.00601756543144432
146.66748046875,0.00587851577549605
146.697998046875,0.00575469086179759
146.728515625,0.00563325166925123
146.759033203125,0.0055020908791278
146.78955078125,0.00535580594630456
146.820068359375,0.00519868802855357
146.8505859375,0.00504356482143579
146.881103515625,0.00490707389454327
146.91162109375,0.00480339202791723
146.942138671875,0.00473902278278607
146.97265625,0.00471074321445678
147.003173828125,0.00470746918808343
147.03369140625,0.0047151879815026
147.064208984375,0.00472288663964071
147.0947265625,0.00472705397623235
147.125244140625,0.00473296815026322
147.15576171875,0.00475231660785058
147.186279296875,0.00479817680271751
147.216796875,0.00487942074905751
147.247314453125,0.00499679510690236
147.27783203125,0.00514222114498888
147.308349609375,0.00530155700141941
147.3388671875,0.00545969702942111
147.369384765625,0.00560598458188562
147.39990234375,0.00573782500715535
147.430419921875,0.00586111832784697
147.4609375,0.00598738309305415
147.491455078125,0.00612871949529553
147.52197265625,0.00629257134478126
147.552490234375,0.00647829478183431
147.5830078125,0.00667682617898406
147.613525390625,0.0068735517371379
147.64404296875,0.00705327538914641
147.674560546875,0.00720541227825708
147.705078125,0.00732747773979721
147.735595703125,0.00742560149669906
147.76611328125,0.00751191141482381
147.796630859375,0.00759978025598529
147.8271484375,0.00769869166670621
147.857666015625,0.00781058940002237
147.88818359375,0.00792900549315111
147.918701171875,0.0080412410147964
147.94921875,0.00813277600298347
147.979736328125,0.00819230835637679
148.01025390625,0.00821563032294713
148.040771484375,0.00820699845569464
148.0712890625,0.00817756120521231
148.101806640625,0.00814144496629838
148.13232421875,0.00811089968264402
148.162841796875,0.00809219636754966
148.193359375,0.00808366777070932
148.223876953125,0.00807651236865951
148.25439453125,0.00805802138759293
148.284912109375,0.00801607370547737
148.3154296875,0.00794334629491867
148.345947265625,0.00783982907572991
148.37646484375,0.00771284472322238
148.406982421875,0.00757463385613374
148.4375,0.0074383761891271
148.468017578125,0.00731400976406527
148.49853515625,0.00720523307737599
148.529052734375,0.00710863809041909
148.5595703125,0.00701518986205276
148.590087890625,0.00691349268978527
148.62060546875,0.00679371994664192
148.651123046875,0.00665090983209091
148.681640625,0.00648658292780386
148.712158203125,0.00630821874273649
148.74267578125,0.0061268353064183
148.773193359375,0.00595351517123198
148.8037109375,0.00579602480680941
148.834228515625,0.00565659881918582
148.86474609375,0.00553154675970938
148.895263671875,0.00541273603298844
148.92578125,0.00529040964942065
148.956298828125,0.00515640006398085
148.98681640625,0.00500671618212913
149.017333984375,0.00484272093426186
149.0478515625,0.00467059082743575
149.078369140625,0.00449929726919775
149.10888671875,0.00433779773145011
149.139404296875,0.00419233841007619
149.169921875,0.0040646950899014
149.200439453125,0.00395185249231302
149.23095703125,0.00384715768913358
149.261474609375,0.00374253031084385
149.2919921875,0.00363100883297239
149.322509765625,0.00350884357996755
149.35302734375,0.00337652189659705
149.383544921875,0.0032384636557763
149.4140625,0.00310153987007021
149.444580078125,0.00297291456754185
149.47509765625,0.00285789014302475
149.505615234375,0.00275840227238289
149.5361328125,0.00267258506883783
149.566650390625,0.00259548677726561
149.59716796875,0.00252066956860629
149.627685546875,0.0024421768656751
149.658203125,0.00235626777177013
149.688720703125,0.00226241637644459
149.71923828125,0.00216331553600653
149.749755859375,0.0020639309795069
149.7802734375,0.00196992878114488
149.810791015625,0.00188596750287493
149.84130859375,0.00181436180841013
149.871826171875,0.00175449098059645
149.90234375,0.00170309001206005
149.932861328125,0.00165529706481583
149.96337890625,0.00160611729333705
149.993896484375,0.0015518588136133
150.0244140625,0.00149112612559057
150.054931640625,0.00142510458061631
150.08544921875,0.00135708690696597
150.115966796875,0.00129141361226968
150.146484375,0.00123215951087336
150.177001953125,0.00118195537249677
150.20751953125,0.0011412765546491
150.238037109375,0.00110838078334172
150.2685546875,0.00107988315627325
150.299072265625,0.00105177515977336
150.32958984375,0.0010205770424138
150.360107421875,0.000984289544136249
150.390625,0.000942883545114987
150.421142578125,0.000898209402728456
150.45166015625,0.000853377598325035
150.482177734375,0.000811809508409259
150.5126953125,0.000776241211614764
150.543212890625,0.000747963665272857
150.57373046875,0.000726503192319531
150.604248046875,0.000709813191766105
150.634765625,0.000694901068168228
150.665283203125,0.000678695625495556
150.69580078125,0.000658901176876013
150.726318359375,0.00063459952392597
150.7568359375,0.000606441730385938
150.787353515625,0.000576393121065003
150.81787109375,0.000547121262928617
150.848388671875,0.000521212400623146
150.87890625,0.000500441959125273
150.909423828125,0.000485300209729408
150.93994140625,0.000474894951751577
150.970458984375,0.000467243322306697
151.0009765625,0.000459856261012842
151.031494140625,0.000450441861589577
151.06201171875,0.000437527808459258
151.092529296875,0.000420833346564067
151.123046875,0.000401297250033371
151.153564453125,0.000380766969586553
151.18408203125,0.000361447648638057
151.214599609375,0.000345272232982505
151.2451171875,0.00033336965911766
151.275634765625,0.000325774415183058
151.30615234375,0.000321448969655805
151.336669921875,0.000318601728522358
151.3671875,0.00031520240436512
151.397705078125,0.00030954589993106
151.42822265625,0.000300707682152515
151.458740234375,0.000288769004133234
151.4892578125,0.000274757797706293
151.519775390625,0.000260331014419416
151.55029296875,0.000247294349760167
151.580810546875,0.000237096641457679
151.611328125,0.000230438686664605
151.641845703125,0.000227100151739036
151.67236328125,0.000226025165091109
151.702880859375,0.000225634917761621
151.7333984375,0.000224274422361084
151.763916015625,0.000220666789755154
151.79443359375,0.000214250245508655
151.824951171875,0.000205309071588299
151.85546875,0.000194868776589893
151.885986328125,0.000184391196905716
151.91650390625,0.00017535886201121
151.947021484375,0.000168865651515717
151.9775390625,0.00016532556820451
152.008056640625,0.000164375969329692
152.03857421875,0.000164996246103782
152.069091796875,0.000165803489669551
152.099609375,0.000165439396692628
152.130126953125,0.000162940136111352
152.16064453125,0.000157988511753609
152.191162109375,0.000150982652873465
152.2216796875,0.000142907285542268
152.252197265625,0.000135047950022927
152.28271484375,0.000128630294283046
152.313232421875,0.000124484919791863
152.34375,0.000122828667176136
152.374267578125,0.000123219151568728
152.40478515625,0.000124690654488109
152.435302734375,0.000126029797914458
152.4658203125,0.000126112306041504
152.496337890625,0.000124207447389477
152.52685546875,0.000120167812019523
152.557373046875,0.000114455315961057
152.587890625,0.000108000192642608
152.618408203125,0.000101935316918187
152.64892578125,9.72812382117512e-05
152.679443359375,9.46690029940793e-05
152.7099609375,9.41755651580653e-05
152.740478515625,9.53141639920433e-05
152.77099609375,9.71788911068088e-05
152.801513671875,9.87006033579002e-05
152.83203125,9.89419482831016e-05
152.862548828125,9.73501589611239e-05
152.89306640625,9.38995424295004e-05
152.923583984375,8.90871118988507e-05
152.9541015625,8.37856238777147e-05
152.984619140625,7.89970591466051e-05
153.01513671875,7.55758556528831e-05
153.045654296875,7.39980069190861e-05
153.076171875,7.42380904190324e-05
153.106689453125,7.57856340520244e-05
153.13720703125,7.77935779365043e-05
153.167724609375,7.9315754857517e-05
153.1982421875,7.95668601666719e-05
153.228759765625,7.81335662839698e-05
153.25927734375,7.50801073982221e-05
153.289794921875,7.092153891542e-05
153.3203125,6.64744444032865e-05
153.350830078125,6.26281061624538e-05
153.38134765625,6.01000202444329e-05
153.411865234375,5.92427657114805e-05
153.4423828125,5.99539669958041e-05
153.472900390625,6.17120574453888e-05
153.50341796875,6.37258535269924e-05
153.533935546875,6.51551084325246e-05
153.564453125,6.53406187366912e-05
153.594970703125,6.39809430136411e-05
153.62548828125,6.12084354209903e-05
153.656005859375,5.75455736350865e-05
153.6865234375,5.3755532457414e-05
153.717041015625,5.06295576001519e-05
153.74755859375,4.87702215889625e-05
153.778076171875,4.84297649936729e-05
153.80859375,4.94467330941332e-05
153.839111328125,5.12965909118332e-05
153.86962890625,5.32406459523239e-05
153.900146484375,5.45310689202485e-05
153.9306640625,5.46151541086163e-05
153.961181640625,5.32830879292401e-05
153.99169921875,5.07197961308259e-05
154.022216796875,4.74482054588108e-05
154.052734375,4.41811043269536e-05
154.083251953125,4.16234295624396e-05
154.11376953125,4.02797111908998e-05
154.144287109375,4.03191466623323e-05
154.1748046875,4.15342738788905e-05
154.205322265625,4.34031068489346e-05
154.23583984375,4.52362548465425e-05
154.266357421875,4.63675927268401e-05
154.296875,4.63358049753036e-05
154.327392578125,4.50073701873259e-05
154.35791015625,4.26082652140461e-05
154.388427734375,3.96570351030807e-05
154.4189453125,3.68189120411428e-05
154.449462890625,3.47219339812865e-05
154.47998046875,3.37857945893301e-05
154.510498046875,3.41099808136989e-05
154.541015625,3.54509197320367e-05
154.571533203125,3.72931426054784e-05
154.60205078125,3.89937478822041e-05
154.632568359375,3.99597211816201e-05
154.6630859375,3.98092393177215e-05
154.693603515625,3.84731329563776e-05
154.72412109375,3.6209588497286e-05
154.754638671875,3.35292361411979e-05
154.78515625,3.10522560179421e-05
154.815673828125,2.93374232367951e-05
154.84619140625,2.8730143225731e-05
154.876708984375,2.92707454971756e-05
154.9072265625,3.06872979220569e-05
154.937744140625,3.24738332020663e-05
154.96826171875,3.40315291446162e-05
154.998779296875,3.48334865172398e-05
155.029296875,3.45677986492508e-05
155.059814453125,3.32200956825577e-05
155.09033203125,3.10737701923053e-05
155.120849609375,2.86288367437561e-05
155.1513671875,2.64625875516916e-05
155.181884765625,2.5070821698515e-05
155.21240234375,2.47332631620737e-05
155.242919921875,2.54396437912131e-05
155.2734375,2.68959206028325e-05
155.303955078125,2.86079730076856e-05
155.33447265625,3.0018998059042e-05
155.364990234375,3.06624232322446e-05
155.3955078125,3.02883797552685e-05
155.426025390625,2.89294734528147e-05
155.45654296875,2.68885987984796e-05
155.487060546875,2.46530062422374e-05
155.517578125,2.27589667099475e-05
155.548095703125,2.16445688014915e-05
155.57861328125,2.15310164564946e-05
155.609130859375,2.23645486265503e-05
155.6396484375,2.38341737221366e-05
155.670166015625,2.54595225999825e-05
155.70068359375,2.67240408650343e-05
155.731201171875,2.72166039781008e-05
155.76171875,2.67427680907044e-05
155.792236328125,2.53755675291261e-05
155.82275390625,2.34326370088866e-05
155.853271484375,2.1386706452535e-05
155.8837890625,1.97346494751427e-05
155.914306640625,1.88613265791556e-05
155.94482421875,1.8935499456555e-05
155.975341796875,1.98659298165423e-05
156.005859375,2.13290330381916e-05
156.036376953125,2.28597758690329e-05
156.06689453125,2.39803082918096e-05
156.097412109375,2.43307704889897e-05
156.1279296875,2.37664886780907e-05
156.158447265625,2.2395333469246e-05
156.18896484375,2.0545633564265e-05
156.219482421875,1.86741265674272e-05
156.25,1.72397223957959e-05
156.280517578125,1.65779410144826e-05
156.31103515625,1.68103481748663e-05
156.341552734375,1.7813412418122e-05
156.3720703125,1.92546994176887e-05
156.402587890625,2.06858491415827e-05
156.43310546875,2.16663473998354e-05
156.463623046875,2.18839424882182e-05
156.494140625,2.1238812496183e-05
156.524658203125,1.98688113159645e-05
156.55517578125,1.81094622238202e-05
156.585693359375,1.64002651743247e-05
156.6162109375,1.51634542385431e-05
156.646728515625,1.46886343544357e-05
156.67724609375,1.5054784078042e-05
156.707763671875,1.61106132911153e-05
156.73828125,1.75180982547841e-05
156.768798828125,1.88466930282637e-05
156.79931640625,1.9691978516266e-05
156.829833984375,1.97860668533217e-05
156.8603515625,1.90696388046573e-05
156.890869140625,1.77062577572734e-05
156.92138671875,1.6035577778013e-05
156.951904296875,1.44787976694997e-05
156.982421875,1.34226600664591e-05
157.012939453125,1.31139242792007e-05
157.04345703125,1.35930827036714e-05
157.073974609375,1.46851110042834e-05
157.1044921875,1.60492678244088e-05
157.135009765625,1.72737961208847e-05
157.16552734375,1.79892238322514e-05
157.196044921875,1.79690984726407e-05
157.2265625,1.71907049817032e-05
157.257080078125,1.58395077193832e-05
157.28759765625,1.42565811088007e-05
157.318115234375,1.28439169023601e-05
157.3486328125,1.19538741802767e-05
157.379150390625,1.17931579637032e-05
157.40966796875,1.23674781952791e-05
157.440185546875,1.34816837853966e-05
157.470703125,1.47948657554155e-05
157.501220703125,1.5914886856967e-05
157.53173828125,1.65061366837538e-05
157.562255859375,1.63809173321632e-05
157.5927734375,1.55495840325237e-05
157.623291015625,1.42160660513854e-05
157.65380859375,1.27204446386564e-05
157.684326171875,1.14447379969824e-05
157.71484375,1.070798021467e-05
157.745361328125,1.06793973194374e-05
157.77587890625,1.13332941061083e-05
157.806396484375,1.24576572879288e-05
157.8369140625,1.3713693083859e-05
157.867431640625,1.47295829948912e-05
157.89794921875,1.520253325935e-05
157.928466796875,1.49811129828813e-05
157.958984375,1.4105505311766e-05
157.989501953125,1.2794987268684e-05
158.02001953125,1.1386483582036e-05
158.050537109375,1.02413962309044e-05
158.0810546875,9.64646561192078e-06
158.111572265625,9.7358414035676e-06
158.14208984375,1.04555354730874e-05
158.172607421875,1.15796524681163e-05
158.203125,1.27735593833925e-05
158.233642578125,1.36863369812394e-05
158.26416015625,1.40469835988345e-05
158.294677734375,1.37380025119683e-05
158.3251953125,1.28264047932657e-05
158.355712890625,1.15439627051212e-05
158.38623046875,1.02224998810818e-05
158.416748046875,9.2022786555109e-06
158.447265625,8.73876213499772e-06
158.477783203125,8.93329086515594e-06
158.50830078125,9.70647570067573e-06
158.538818359375,1.08212717735558e-05
158.5693359375,1.19490489721632e-05
158.599853515625,1.27602547649774e-05
158.63037109375,1.30146610058866e-05
158.660888671875,1.2626495361238e-05
158.69140625,1.16868010625811e-05
158.721923828125,1.04372196957917e-05
158.75244140625,9.20272631576794e-06
158.782958984375,8.30202927813647e-06
158.8134765625,7.96033120278628e-06
158.843994140625,8.24832059645237e-06
158.87451171875,9.0639126205257e-06
158.905029296875,1.0161431690602e-05
158.935546875,1.12199084270266e-05
158.966064453125,1.19315163715886e-05
158.99658203125,1.20857809060555e-05
159.027099609375,1.16265405358331e-05
159.0576171875,1.0666248190498e-05
159.088134765625,9.45399301747437e-06
159.11865234375,8.3063265971891e-06
159.149169921875,7.52009528176516e-06
159.1796875,7.29126592713466e-06
159.210205078125,7.66194467446615e-06
159.24072265625,8.50989492433398e-06
159.271240234375,9.58313982252231e-06
159.3017578125,1.05698619999932e-05
159.332275390625,1.11842163957465e-05
159.36279296875,1.12444495999449e-05
159.393310546875,1.07219806293168e-05
159.423828125,9.74819684124185e-06
159.454345703125,8.57739181785811e-06
159.48486328125,7.51628408705008e-06
159.515380859375,6.83964810832218e-06
159.5458984375,6.71525674365044e-06
159.576416015625,7.15862866049803e-06
159.60693359375,8.02977978342261e-06
159.637451171875,9.07259249997975e-06
159.66796875,9.98573468464833e-06
159.698486328125,1.05055021938215e-05
159.72900390625,1.04778110648979e-05
159.759521484375,9.89969516241431e-06
159.7900390625,8.91913789483562e-06
159.820556640625,7.79355612313916e-06
159.85107421875,6.81857188945587e-06
159.881591796875,6.2467791825814e-06
159.912109375,6.21881637136601e-06
159.942626953125,6.72554992780285e-06
159.97314453125,7.61152769726444e-06
160.003662109375,8.61849378291401e-06
160.0341796875,9.45679298548435e-06
160.064697265625,9.88492301793992e-06
160.09521484375,9.7753972431652e-06
160.125732421875,9.14895660027114e-06
160.15625,8.167959206529e-06
160.186767578125,7.09101347425012e-06
160.21728515625,6.20152409490964e-06
160.247802734375,5.7298879797707e-06
160.2783203125,5.79069408285206e-06
160.308837890625,6.35203877607709e-06
160.33935546875,7.24516598576001e-06
160.369873046875,8.21154269198657e-06
160.400390625,8.97424268782041e-06
160.430908203125,9.31393759241869e-06
160.46142578125,9.12863902630946e-06
160.491943359375,8.46093628891752e-06
160.5224609375,7.48545031388608e-06
160.552978515625,6.46019051002729e-06
160.58349609375,5.65535437776639e-06
160.614013671875,5.27921716490523e-06
160.64453125,5.42142791858748e-06
160.675048828125,6.02914901475747e-06
160.70556640625,6.92238118251289e-06
160.736083984375,7.84403759578203e-06
160.7666015625,8.53084710406642e-06
160.797119140625,8.78553298283429e-06
160.82763671875,8.53048475173338e-06
160.858154296875,7.82832402930886e-06
160.888671875,6.86392387159721e-06
160.919189453125,5.89303441251713e-06
160.94970703125,5.17178532586821e-06
160.980224609375,4.88649156142966e-06
161.0107421875,5.10299826010461e-06
161.041259765625,5.74932909578325e-06
161.07177734375,6.63620187850246e-06
161.102294921875,7.50957243471023e-06
161.1328125,8.12062548909974e-06
161.163330078125,8.29393134935636e-06
161.19384765625,7.97510693274707e-06
161.224365234375,7.24503166750606e-06
161.2548828125,6.29691709047546e-06
161.285400390625,5.38271986569354e-06
161.31591796875,4.74375932113105e-06
161.346435546875,4.54463831880129e-06
161.376953125,4.82855995638871e-06
161.407470703125,5.50616346344816e-06
161.43798828125,6.38075190050724e-06
161.468505859375,7.20279786597581e-06
161.4990234375,7.73862280729602e-06
161.529541015625,7.83435670984494e-06
161.56005859375,7.45766906417179e-06
161.590576171875,6.70596132429022e-06
161.62109375,5.77896051763495e-06
161.651611328125,4.92341598312968e-06
161.68212890625,4.36521157615188e-06
161.712646484375,4.24756705844251e-06
161.7431640625,4.59222970450205e-06
161.773681640625,5.29417092465926e-06
161.80419921875,6.15105733642608e-06
161.834716796875,6.91923254683735e-06
161.865234375,7.38072466289959e-06
161.895751953125,7.40285401810982e-06
161.92626953125,6.97414391027024e-06
161.956787109375,6.20682089651803e-06
161.9873046875,5.30539326747587e-06
162.017822265625,4.51010472192969e-06
162.04833984375,4.03089153674167e-06
162.078857421875,3.98999604864295e-06
162.109375,4.3889197257124e-06
162.139892578125,5.10864517428038e-06
162.17041015625,5.94289193027501e-06
162.200927734375,6.65511631845096e-06
162.2314453125,7.04351071283368e-06
162.261962890625,6.99614158286573e-06
162.29248046875,6.52116692393649e-06
162.322998046875,5.74397657746464e-06
162.353515625,4.87221496460386e-06
162.384033203125,4.1384347241975e-06
162.41455078125,3.7362189282622e-06
162.445068359375,3.76731374368213e-06
162.4755859375,4.21420475778867e-06
162.506103515625,4.94552678879398e-06
162.53662109375,5.75265487821783e-06
162.567138671875,6.40728862502628e-06
162.59765625,6.7241365194025e-06
162.628173828125,6.61149564860462e-06
162.65869140625,6.09591815289592e-06
162.689208984375,5.31433625097713e-06
162.7197265625,4.47596957517352e-06
162.750244140625,3.80460445830685e-06
162.78076171875,3.47717077002845e-06
162.811279296875,3.57546853865548e-06
162.841796875,4.06421557894262e-06
162.872314453125,4.80130057031663e-06
162.90283203125,5.57727219537875e-06
162.933349609375,6.17309338225199e-06
162.9638671875,6.42024008693243e-06
162.994384765625,6.24665452016787e-06
163.02490234375,5.696027227535e-06
163.055419921875,4.91525205323288e-06
163.0859375,4.11364851372811e-06
163.116455078125,3.5052688963483e-06
163.14697265625,3.25018825578747e-06
163.177490234375,3.41087880591763e-06
163.2080078125,3.93555296812958e-06
163.238525390625,4.67291363674792e-06
163.26904296875,5.4141152377746e-06
163.299560546875,5.9503001427306e-06
163.330078125,6.12986248944929e-06
163.360595703125,5.89974123414538e-06
163.39111328125,5.31949676595259e-06
163.421630859375,4.54444458227726e-06
163.4521484375,3.78261454155278e-06
163.482666015625,3.23746145677596e-06
163.51318359375,3.05210283966049e-06
163.543701171875,3.27036134388505e-06
163.57421875,3.82521772376112e-06
163.604736328125,4.55770709161715e-06
163.63525390625,5.26093695723309e-06
163.665771484375,5.73703992193868e-06
163.6962890625,5.85138575144274e-06
163.726806640625,5.569200183163e-06
163.75732421875,4.96463726056311e-06
163.787841796875,4.19993796593848e-06
163.818359375,3.48053762319394e-06
163.848876953125,2.9985339496867e-06
163.87939453125,2.88007508384774e-06
163.909912109375,3.15107218623161e-06
163.9404296875,3.73055466986188e-06
163.970947265625,4.45336199473417e-06
164.00146484375,5.11581703750396e-06
164.031982421875,5.53175234202951e-06
164.0625,5.58347855107722e-06
164.093017578125,5.25374523325831e-06
164.12353515625,4.6300155707598e-06
164.154052734375,3.88000819127061e-06
164.1845703125,3.20534392046979e-06
164.215087890625,2.78610424887554e-06
164.24560546875,2.73154618099711e-06
164.276123046875,3.0504591032414e-06
164.306640625,3.64920496515929e-06
164.337158203125,4.35785279561393e-06
164.36767578125,4.97711778842912e-06
164.398193359375,5.3331412548868e-06
164.4287109375,5.32505436073083e-06
164.459228515625,4.95231444712929e-06
164.48974609375,4.31441090810534e-06
164.520263671875,3.58313968421138e-06
164.55078125,2.9551730909642e-06
164.581298828125,2.59801543070072e-06
164.61181640625,2.60419600592253e-06
164.642333984375,2.96622170095072e-06
164.6728515625,3.57906903988911e-06
164.703369140625,4.26941105796044e-06
164.73388671875,4.84344671487218e-06
164.764404296875,5.14013847273576e-06
164.794921875,5.07523304621861e-06
164.825439453125,4.66403469522719e-06
164.85595703125,4.01677871651085e-06
164.886474609375,3.3079895570227e-06
164.9169921875,2.72834261717654e-06
164.947509765625,2.43230127406422e-06
164.97802734375,2.49591114142718e-06
165.008544921875,2.89627891880064e-06
165.0390625,3.51827330456366e-06
165.069580078125,4.18649288040051e-06
165.10009765625,4.71362565350979e-06
165.130615234375,4.95187182475704e-06
165.1611328125,4.83331059319707e-06
165.191650390625,4.38819061753314e-06
165.22216796875,3.73621987344845e-06
165.252685546875,3.05335762560824e-06
165.283203125,2.52331936507674e-06
165.313720703125,2.28715825093797e-06
165.34423828125,2.40475670644214e-06
165.374755859375,2.83874295770672e-06
165.4052734375,3.46514509430476e-06
165.435791015625,4.10775303217652e-06
165.46630859375,4.58666412557111e-06
165.496826171875,4.76763933674876e-06
165.52734375,4.59873258155642e-06
165.557861328125,4.12419802859287e-06
165.58837890625,3.47195576464573e-06
165.618896484375,2.81816182375687e-06
165.6494140625,2.33869578008736e-06
165.679931640625,2.16092191855071e-06
165.71044921875,2.32895393182799e-06
165.740966796875,2.79189603604935e-06
165.771484375,3.41818917841356e-06
165.802001953125,4.03202314287698e-06
165.83251953125,4.4617369412153e-06
165.863037109375,4.58688649070159e-06
165.8935546875,4.37107183725664e-06
165.924072265625,3.87158238969153e-06
165.95458984375,3.22330579894863e-06
165.985107421875,2.60141698333664e-06
166.015625,2.17316900674681e-06
166.046142578125,2.05204812061829e-06
166.07666015625,2.26686132943013e-06
166.107177734375,2.75417273640497e-06
166.1376953125,3.37607028782466e-06
166.168212890625,3.9582913813296e-06
166.19873046875,4.3381652006605e-06
166.229248046875,4.40918688207078e-06
166.259765625,4.15000842046179e-06
166.290283203125,3.62995911105993e-06
166.32080078125,2.98966986512801e-06
166.351318359375,2.40221790714074e-06
166.3818359375,2.02552479452492e-06
166.412353515625,1.95909683243319e-06
166.44287109375,2.21695940718762e-06
166.473388671875,2.72414343563335e-06
166.50390625,3.33759657916801e-06
166.534423828125,3.88568804262833e-06
166.56494140625,4.21539914888072e-06
166.595458984375,4.23422494291307e-06
166.6259765625,3.93531394341884e-06
166.656494140625,3.39901809871717e-06
166.68701171875,2.77051242321262e-06
166.717529296875,2.21972430451634e-06
166.748046875,1.8946240257335e-06
166.778564453125,1.8807191587111e-06
166.80908203125,2.17783756299388e-06
166.839599609375,2.70050266115193e-06
166.8701171875,3.30170634686435e-06
166.900634765625,3.81347013386673e-06
166.93115234375,4.09300408739749e-06
166.961669921875,4.06178157061079e-06
166.9921875,3.72683601462635e-06
167.022705078125,3.17850856344755e-06
167.05322265625,2.5653494287823e-06
167.083740234375,2.05314887013256e-06
167.1142578125,1.77939125700176e-06
167.144775390625,1.81564640111705e-06
167.17529296875,2.14818357791598e-06
167.205810546875,2.68205712867059e-06
167.236328125,3.26745687073537e-06
167.266845703125,3.7410096247351e-06
167.29736328125,3.97064721344559e-06
167.327880859375,3.89172108329202e-06
167.3583984375,3.52448586779567e-06
167.388916015625,2.96822840622919e-06
167.41943359375,2.37373744648228e-06
167.449951171875,1.90174717822611e-06
167.48046875,1.678804989202e-06
167.510986328125,1.76268151788146e-06
167.54150390625,2.1267745624523e-06
167.572021484375,2.66771647505559e-06
167.6025390625,3.23401400339678e-06
167.633056640625,3.66778283999041e-06
167.66357421875,3.84808696994853e-06
167.694091796875,3.72397996018072e-06
167.724609375,3.32822713011492e-06
167.755126953125,2.76801230300522e-06
167.78564453125,2.19526357899029e-06
167.816162109375,1.76480873119776e-06
167.8466796875,1.59189032647134e-06
167.877197265625,1.72069137663178e-06
167.90771484375,2.11246985989917e-06
167.938232421875,2.65648645260466e-06
167.96875,3.20064342243133e-06
167.999267578125,3.59336124969625e-06
168.02978515625,3.72516238656395e-06
168.060302734375,3.55855591110334e-06
168.0908203125,3.13806563882404e-06
168.121337890625,2.57772398173419e-06
168.15185546875,2.02953772999205e-06
168.182373046875,1.6416506747829e-06
168.212890625,1.51771291287159e-06
168.243408203125,1.6886011867163e-06
168.27392578125,2.10420510988455e-06
168.304443359375,2.64746059020088e-06
168.3349609375,3.16670383972742e-06
168.365478515625,3.51740225192745e-06
168.39599609375,3.60178439316987e-06
168.426513671875,3.39549949859602e-06
168.45703125,2.95404223145677e-06
168.487548828125,2.3972469850244e-06
168.51806640625,1.87618620914475e-06
168.548583984375,1.53161140612717e-06
168.5791015625,1.45537322351621e-06
168.609619140625,1.66538961530368e-06
168.64013671875,2.10098638522549e-06
168.670654296875,2.63981596047018e-06
168.701171875,3.13163928019414e-06
168.731689453125,3.43964239134829e-06
168.76220703125,3.47792743167227e-06
168.792724609375,3.23490603353609e-06
168.8232421875,2.77622258371149e-06
168.853759765625,2.22647898372407e-06
168.88427734375,1.73484501508466e-06
168.914794921875,1.43404612155966e-06
168.9453125,1.40400346956921e-06
168.975830078125,1.65008500339878e-06
169.00634765625,2.10188681756254e-06
169.036865234375,2.63280701236737e-06
169.0673828125,3.09497376667171e-06
169.097900390625,3.35988964012155e-06
169.12841796875,3.35362242543252e-06
169.158935546875,3.07690736937811e-06
169.189453125,2.60469234971703e-06
169.219970703125,2.06532509868402e-06
169.25048828125,1.60515619767675e-06
169.281005859375,1.34832308629932e-06
169.3115234375,1.3627634906853e-06
169.342041015625,1.64176199368592e-06
169.37255859375,2.10604240500078e-06
169.403076171875,2.6257617110809e-06
169.43359375,3.05630565400838e-06
169.464111328125,3.27801797178026e-06
169.49462890625,3.22894977855245e-06
169.525146484375,2.92166570905184e-06
169.5556640625,2.43955038784475e-06
169.586181640625,1.91369348226596e-06
169.61669921875,1.48676313762677e-06
169.647216796875,1.27382054076541e-06
169.677734375,1.33083894885662e-06
169.708251953125,1.63953944034791e-06
169.73876953125,2.11264979344489e-06
169.769287109375,2.61807752416539e-06
169.7998046875,3.0153025131941e-06
169.830322265625,3.19396111337645e-06
169.86083984375,3.10403287248172e-06
169.891357421875,2.76936780720524e-06
169.921875,2.28090288060441e-06
169.952392578125,1.77149032310226e-06
169.98291015625,1.37930766834084e-06
170.013427734375,1.20992447308355e-06
170.0439453125,1.30743951415583e-06
170.074462890625,1.64257836752179e-06
170.10498046875,2.12096286652771e-06
170.135498046875,2.60921813375994e-06
170.166015625,2.97169663997909e-06
170.196533203125,3.10770694021834e-06
170.22705078125,2.97903280251613e-06
170.257568359375,2.62021882660857e-06
170.2880859375,2.12885935848718e-06
170.318603515625,1.63861645709248e-06
170.34912109375,1.28242718609322e-06
170.379638671875,1.1560269923798e-06
170.41015625,1.29179728437573e-06
170.440673828125,1.65008066792869e-06
170.47119140625,2.13029119124464e-06
170.501708984375,2.59870954274398e-06
170.5322265625,2.92528102375168e-06
170.562744140625,3.01929272865419e-06
170.59326171875,2.85414273474325e-06
170.623779296875,2.47443746228705e-06
170.654296875,1.98352783086458e-06
170.684814453125,1.5149642173386e-06
170.71533203125,1.19575295938779e-06
170.745849609375,1.11152504077619e-06
170.7763671875,1.2831662196792e-06
170.806884765625,1.66128773802535e-06
170.83740234375,2.13999824380302e-06
170.867919921875,2.58613804314986e-06
170.8984375,2.87590542827292e-06
170.928955078125,2.92880056786798e-06
170.95947265625,2.72958289541198e-06
170.989990234375,2.33225116763251e-06
171.0205078125,1.84501127956701e-06
171.051025390625,1.40041465358621e-06
171.08154296875,1.11890859947652e-06
171.112060546875,1.07581994476968e-06
171.142578125,1.2808216289624e-06
171.173095703125,1.67548005819046e-06
171.20361328125,2.14949925960735e-06
171.234130859375,2.57114710778677e-06
171.2646484375,2.82347192407107e-06
171.295166015625,2.83635189480266e-06
171.32568359375,2.60559573527882e-06
171.356201171875,2.1938924237828e-06
171.38671875,1.71340402953953e-06
171.417236328125,1.29483553585101e-06
171.44775390625,1.05150884350665e-06
171.478271484375,1.04831662721238e-06
171.5087890625,1.28405999686693e-06
171.539306640625,1.6919765956084e-06
171.56982421875,2.15826032232157e-06
171.600341796875,2.55343460237466e-06
171.630859375,2.76793221682713e-06
171.661376953125,2.74210475394666e-06
171.69189453125,2.48244208921878e-06
171.722412109375,2.05959401121229e-06
171.7529296875,1.58878931059344e-06
171.783447265625,1.19807944427584e-06
171.81396484375,9.931587097192e-07
171.844482421875,1.0284241479683e-06
171.875,1.29219918382331e-06
171.905517578125,1.71013408221823e-06
171.93603515625,2.16579680652583e-06
171.966552734375,2.53275078859457e-06
171.9970703125,2.70928359254544e-06
172.027587890625,2.64624822898847e-06
172.05810546875,2.36039635261856e-06
172.088623046875,1.92958632132288e-06
172.119140625,1.4712361790933e-06
172.149658203125,1.10998259689588e-06
172.18017578125,9.43453896249441e-07
172.210693359375,1.01555586231943e-06
172.2412109375,1.30457876187207e-06
172.271728515625,1.72934736130831e-06
172.30224609375,2.17167238334839e-06
172.332763671875,2.50889562372784e-06
172.36328125,2.64756533754887e-06
172.393798828125,2.54899963457398e-06
172.42431640625,2.2397432251277e-06
172.454833984375,1.80409348787972e-06
172.4853515625,1.36079786553241e-06
172.515869140625,1.03036365691965e-06
172.54638671875,9.01979912147622e-07
172.576904296875,1.00912968211416e-06
172.607421875,1.32056061820372e-06
172.637939453125,1.7490486095539e-06
172.66845703125,2.17549746632308e-06
172.698974609375,2.48171666154995e-06
172.7294921875,2.58285638827184e-06
172.760009765625,2.45060003301187e-06
172.79052734375,2.12077371943445e-06
172.821044921875,1.68333079608567e-06
172.8515625,1.25750948214553e-06
172.882080078125,9.59023320066914e-07
172.91259765625,8.68313079484124e-07
172.943115234375,1.00856922775837e-06
172.9736328125,1.33952926094814e-06
173.004150390625,1.76870797248721e-06
173.03466796875,2.1769282453571e-06
173.065185546875,2.45110639644904e-06
173.095703125,2.51527121263812e-06
173.126220703125,2.35131110240007e-06
173.15673828125,2.00378194226881e-06
173.187255859375,1.5675020058077e-06
173.2177734375,1.16138676726946e-06
173.248291015625,8.95743682028822e-07
173.27880859375,8.42020650791072e-07
173.309326171875,1.01330454744382e-06
173.33984375,1.36089290898055e-06
173.370361328125,1.78783282065237e-06
173.40087890625,2.17566571273636e-06
173.431396484375,2.41700045734195e-06
173.4619140625,2.44495710521092e-06
173.492431640625,2.25141140833649e-06
173.52294921875,1.88906179215759e-06
173.553466796875,1.45679667802569e-06
173.583984375,1.07242478287921e-06
173.614501953125,8.40288474798347e-07
173.64501953125,8.22661547419081e-07
173.675537109375,1.022773304137e-06
173.7060546875,1.38408409390605e-06
173.736572265625,1.80596844168077e-06
173.76708984375,2.17145448888427e-06
173.797607421875,2.37937497106072e-06
173.828125,2.37209087876092e-06
173.858642578125,2.15119319621334e-06
173.88916015625,1.77690425570436e-06
173.919677734375,1.35138877288538e-06
173.9501953125,9.90597027817125e-07
173.980712890625,7.92402886971762e-07
174.01123046875,8.09787968362212e-07
174.041748046875,1.03642195976786e-06
174.072265625,1.40856053129001e-06
174.102783203125,1.82269720763273e-06
174.13330078125,2.16408130931009e-06
174.163818359375,2.33824456038449e-06
174.1943359375,2.29687632765392e-06
174.224853515625,2.05095894076469e-06
174.25537109375,1.66759418774916e-06
174.285888671875,1.25143393910615e-06
174.31640625,9.15854683724083e-07
174.346923828125,7.51814257729084e-07
174.37744140625,8.02945596720926e-07
174.407958984375,1.05370693629818e-06
174.4384765625,1.43380579356071e-06
174.468994140625,1.83763913520192e-06
174.49951171875,2.15337397521244e-06
174.530029296875,2.29365986101348e-06
174.560546875,2.21954085422881e-06
174.591064453125,1.95101888130495e-06
174.62158203125,1.56140801844958e-06
174.652099609375,1.15706855299482e-06
174.6826171875,8.48126032347658e-07
174.713134765625,7.18232501655219e-07
174.74365234375,8.01675421727901e-07
174.774169921875,1.07409614224057e-06
174.8046875,1.45933050996657e-06
174.835205078125,1.85045149629087e-06
174.86572265625,2.13920015045876e-06
174.896240234375,2.24570522843271e-06
174.9267578125,2.14033260307569e-06
174.957275390625,1.85168753208991e-06
174.98779296875,1.45861135741459e-06
175.018310546875,1.06840812775389e-06
175.048828125,7.87316597786134e-07
175.079345703125,6.91351058177816e-07
175.10986328125,8.05515084097631e-07
175.140380859375,1.09707024848256e-06
175.1708984375,1.4846727553092e-06
175.201416015625,1.86082831877899e-06
175.23193359375,2.12146595535996e-06
175.262451171875,2.19449634882709e-06
175.29296875,2.05951742015427e-06
175.323486328125,1.75328096967274e-06
175.35400390625,1.35945692473674e-06
175.384521484375,9.85546049475729e-07
175.4150390625,7.3330870062195e-07
175.445556640625,6.70847774084949e-07
175.47607421875,8.14000126758272e-07
175.506591796875,1.12212387029824e-06
175.537109375,1.50939896883099e-06
175.567626953125,1.86850068209895e-06
175.59814453125,2.10011443372286e-06
175.628662109375,2.14017808669519e-06
175.6591796875,1.97737667718592e-06
175.689697265625,1.65611414391443e-06
175.72021484375,1.26418249907946e-06
175.750732421875,9.08552888835212e-07
175.78125,6.85962413441447e-07
175.811767578125,6.5638601598662e-07
175.84228515625,8.26665809366369e-07
175.872802734375,1.14876762975676e-06
175.9033203125,1.53310489854263e-06
175.933837890625,1.87323569270508e-06
175.96435546875,2.07512412933374e-06
175.994873046875,2.08292192593745e-06
176.025390625,1.89420385317882e-06
176.055908203125,1.5604986249172e-06
176.08642578125,1.17300885091717e-06
176.116943359375,8.37475486171761e-07
176.1474609375,6.45115020320982e-07
176.177978515625,6.47615958247199e-07
176.20849609375,8.43048611962842e-07
176.239013671875,1.17652871492493e-06
176.26953125,1.555415546843e-06
176.300048828125,1.8748367200688e-06
176.33056640625,2.04650728763642e-06
176.361083984375,2.02292361139333e-06
176.3916015625,1.81030202582974e-06
176.422119140625,1.46673996486567e-06
176.45263671875,1.08613838331721e-06
176.483154296875,7.72336645103916e-07
176.513671875,6.10582366244705e-07
176.544189453125,6.44176148808119e-07
176.57470703125,8.62687941770653e-07
176.605224609375,1.20495275288955e-06
176.6357421875,1.57598626794592e-06
176.666259765625,1.87314201070957e-06
176.69677734375,2.01430885062576e-06
176.727294921875,1.96040068883417e-06
176.7578125,1.72598132951541e-06
176.788330078125,1.37513529533265e-06
176.81884765625,1.00375395833821e-06
176.849365234375,7.13134649972061e-07
176.8798828125,5.82159338073475e-07
176.910400390625,6.45694715005266e-07
176.94091796875,8.85127668899751e-07
176.971435546875,1.23360507803586e-06
177.001953125,1.59450302472828e-06
177.032470703125,1.86802477353255e-06
177.06298828125,1.97860377327108e-06
177.093505859375,1.89559023428342e-06
177.1240234375,1.64155653188745e-06
177.154541015625,1.28597144988181e-06
177.18505859375,9.26017105181153e-07
177.215576171875,6.59843345764422e-07
177.24609375,5.59620814485142e-07
177.276611328125,6.51791188206191e-07
177.30712890625,9.09918163966185e-07
177.337646484375,1.26207157613595e-06
177.3681640625,1.61068291586473e-06
177.398681640625,1.85939160460229e-06
177.42919921875,1.93949604216584e-06
177.459716796875,1.82874658654624e-06
177.490234375,1.55734393144762e-06
177.520751953125,1.19952286762407e-06
177.55126953125,8.53067632047868e-07
177.581787109375,6.12412069315935e-07
177.6123046875,5.42722645418506e-07
177.642822265625,6.62078061387374e-07
177.67333984375,9.36617632663893e-07
177.703857421875,1.28996027026621e-06
177.734375,1.62427359636709e-06
177.764892578125,1.84718257270605e-06
177.79541015625,1.89711629212764e-06
177.825927734375,1.76013823219408e-06
177.8564453125,1.47365992989723e-06
177.886962890625,1.11604991684365e-06
177.91748046875,7.85022225883031e-07
177.947998046875,5.70766022451484e-07
177.978515625,5.31203168560179e-07
178.009033203125,6.76162417680383e-07
178.03955078125,9.64793982850037e-07
178.070068359375,1.31690236494118e-06
178.1005859375,1.63505461993683e-06
178.131103515625,1.83136923882431e-06
178.16162109375,1.8516204463785e-06
178.192138671875,1.69004627331069e-06
178.22265625,1.39081790777626e-06
178.253173828125,1.03579688756151e-06
178.28369140625,7.21973989053392e-07
178.314208984375,5.34806545516693e-07
178.3447265625,5.2478407222723e-07
178.375244140625,6.93648074030126e-07
178.40576171875,9.94026531430282e-07
178.436279296875,1.34255289383224e-06
178.466796875,1.6428361872812e-06
178.497314453125,1.81195402480958e-06
178.52783203125,1.80318692845877e-06
178.558349609375,1.61876148266273e-06
178.5888671875,1.30912611189807e-06
178.619384765625,9.58990925657904e-07
178.64990234375,6.6399211692075e-07
178.680419921875,5.04411968330514e-07
178.7109375,5.23172323336019e-07
178.741455078125,7.14136776212185e-07
178.77197265625,1.02390728412064e-06
178.802490234375,1.36659184297546e-06
178.8330078125,1.64745988358239e-06
178.863525390625,1.7889689666623e-06
178.89404296875,1.75201544895174e-06
178.924560546875,1.54658216607194e-06
178.955078125,1.22888619189927e-06
178.985595703125,8.85840130188808e-07
179.01611328125,6.11121407224608e-07
179.046630859375,4.79438035366094e-07
179.0771484375,5.26061216610466e-07
179.107666015625,7.37230561526756e-07
179.13818359375,1.05404280074511e-06
179.168701171875,1.38872512145394e-06
179.19921875,1.64879769672767e-06
179.229736328125,1.76247429164328e-06
179.26025390625,1.69832443394427e-06
179.290771484375,1.47381186340024e-06
179.3212890625,1.15039042312164e-06
179.351806640625,8.16533107926757e-07
179.38232421875,5.63382022406816e-07
179.412841796875,4.59719112262425e-07
179.443359375,5.33132279025511e-07
179.473876953125,7.62533270084479e-07
179.50439453125,1.08405554950136e-06
179.534912109375,1.40868460384095e-06
179.5654296875,1.6467523401389e-06
179.595947265625,1.73255717069149e-06
179.62646484375,1.64234901570512e-06
179.656982421875,1.40075707127915e-06
179.6875,1.07392028185536e-06
179.718017578125,7.5123725921292e-07
179.74853515625,5.20769766884212e-07
179.779052734375,4.45068837401739e-07
179.8095703125,5.44056948963731e-07
179.840087890625,7.89652373145698e-07
179.87060546875,1.11358521877606e-06
179.901123046875,1.4262293350571e-06
179.931640625,1.64125621836125e-06
179.962158203125,1.69933008895944e-06
179.99267578125,1.5843392227098e-06
180.023193359375,1.32772492647842e-06
180.0537109375,9.99744650350471e-07
180.084228515625,6.90098007965153e-07
180.11474609375,4.83256149108996e-07
180.145263671875,4.35281715317512e-07
180.17578125,5.58497999951414e-07
180.206298828125,8.18200974833249e-07
180.23681640625,1.14229013249688e-06
180.267333984375,1.44114519067022e-06
180.2978515625,1.63227067776786e-06
180.328369140625,1.66292920370459e-06
180.35888671875,1.52455746830202e-06
180.389404296875,1.25502116967603e-06
180.419921875,9.28118093429995e-07
180.450439453125,6.33238494272143e-07
180.48095703125,4.50788701916612e-07
180.511474609375,4.30133964897617e-07
180.5419921875,5.76111661542736e-07
180.572509765625,8.47799277260668e-07
180.60302734375,1.16984824815958e-06
180.633544921875,1.45324631220734e-06
180.6640625,1.61978560890515e-06
180.694580078125,1.62351275104256e-06
180.72509765625,1.46327663952489e-06
180.755615234375,1.18294818733363e-06
180.7861328125,8.59279323875874e-07
180.816650390625,5.80758740306344e-07
180.84716796875,4.23291499198036e-07
180.877685546875,4.29385055457395e-07
180.908203125,5.96549294183454e-07
180.938720703125,8.78076248388759e-07
180.96923828125,1.19595848314144e-06
180.999755859375,1.46237369845739e-06
181.0302734375,1.60381848648357e-06
181.060791015625,1.58125949643434e-06
181.09130859375,1.40077766920354e-06
181.121826171875,1.11180270003555e-06
181.15234375,7.93450025597516e-07
181.182861328125,5.32735169983693e-07
181.21337890625,4.00665881382751e-07
181.243896484375,4.32779203820351e-07
181.2744140625,6.19459079203687e-07
181.304931640625,9.08671679664366e-07
181.33544921875,1.22034146986218e-06
181.365966796875,1.46839631994817e-06
181.396484375,1.5844129382529e-06
181.427001953125,1.53636670551564e-06
181.45751953125,1.33734796956762e-06
181.488037109375,1.04187424631968e-06
181.5185546875,7.3083354053933e-07
181.549072265625,4.89220678188203e-07
181.57958984375,3.82791081518963e-07
181.610107421875,4.40046813111239e-07
181.640625,6.44488030178412e-07
181.671142578125,9.39237351680408e-07
181.70166015625,1.2427406800911e-06
181.732177734375,1.47121080825303e-06
181.7626953125,1.56163833125573e-06
181.793212890625,1.48904813701194e-06
181.82373046875,1.27327898653211e-06
181.854248046875,9.73442874161708e-07
181.884765625,6.71613837525961e-07
181.915283203125,4.50244182048092e-07
181.94580078125,3.69525280950865e-07
181.976318359375,4.50906051239912e-07
182.0068359375,6.71283623055079e-07
182.037353515625,9.69438596755885e-07
182.06787109375,1.26292283599317e-06
182.098388671875,1.47074106715654e-06
182.12890625,1.53558779934064e-06
182.159423828125,1.43953274482612e-06
182.18994140625,1.20886380212469e-06
182.220458984375,9.06778230236388e-07
182.2509765625,6.15954517200196e-07
182.281494140625,4.15811136197101e-07
182.31201171875,3.60706527892852e-07
182.342529296875,4.65064620876227e-07
182.373046875,6.99495743301234e-07
182.403564453125,9.98955911737651e-07
182.43408203125,1.28067881510409e-06
182.464599609375,1.46693766264092e-06
182.4951171875,1.50637739662746e-06
182.525634765625,1.38806219268646e-06
182.55615234375,1.14439590963789e-06
182.586669921875,8.4213688608989e-07
182.6171875,5.63998123130914e-07
182.647705078125,3.85903476590831e-07
182.67822265625,3.56153970704865e-07
182.708740234375,4.82221270239562e-07
182.7392578125,7.28778378941966e-07
182.769775390625,1.0274860344655e-06
182.80029296875,1.29582381942895e-06
182.830810546875,1.45977744918746e-06
182.861328125,1.47414478614571e-06
182.891845703125,1.33488942036959e-06
182.92236328125,1.08016663134829e-06
182.952880859375,7.79761909891255e-07
182.9833984375,5.15865534724856e-07
183.013916015625,3.60479978705586e-07
183.04443359375,3.556689871369e-07
183.074951171875,5.02067858730208e-07
183.10546875,7.58791394395046e-07
183.135986328125,1.05474324383317e-06
183.16650390625,1.30819810522321e-06
183.197021484375,1.44926336377997e-06
183.2275390625,1.43904713162546e-06
183.258056640625,1.28027608753766e-06
183.28857421875,1.01646353516758e-06
183.319091796875,7.19880818141731e-07
183.349609375,4.71655463320226e-07
183.380126953125,3.39476900559112e-07
183.41064453125,3.59036597218971e-07
183.441162109375,5.24290718847541e-07
183.4716796875,7.89202109368199e-07
183.502197265625,1.080460649311e-06
183.53271484375,1.31766680811344e-06
183.563232421875,1.43542288560211e-06
183.59375,1.40126041796195e-06
183.624267578125,1.2244911425386e-06
183.65478515625,9.53568328747053e-07
183.685302734375,6.62704640690775e-07
183.7158203125,4.31443976851244e-07
183.746337890625,3.22808666230239e-07
183.77685546875,3.6602691634685e-07
183.807373046875,5.48572645179854e-07
183.837890625,8.19687025064166e-07
183.868408203125,1.10439088130856e-06
183.89892578125,1.32412057080834e-06
183.929443359375,1.41830783759213e-06
183.9599609375,1.36097676946171e-06
183.990478515625,1.16780863851416e-06
184.02099609375,8.91755382615762e-07
184.051513671875,6.08426724178157e-07
184.08203125,3.95284547859539e-07
184.112548828125,3.1036851462007e-07
184.14306640625,3.76396472835482e-07
184.173583984375,5.74594771349949e-07
184.2041015625,8.49933381849972e-07
184.234619140625,1.12630714182314e-06
184.26513671875,1.32747448667393e-06
184.295654296875,1.39799296760818e-06
184.326171875,1.31840393911233e-06
184.356689453125,1.11050598427745e-06
184.38720703125,8.31289901113291e-07
184.417724609375,5.57221799196113e-07
184.4482421875,3.63208041162517e-07
184.478759765625,3.0202939138514e-07
184.50927734375,3.89890074137184e-07
184.539794921875,6.02038041154826e-07
184.5703125,8.79640433060657e-07
184.600830078125,1.14600399698611e-06
184.63134765625,1.32766893833517e-06
184.661865234375,1.37457495206444e-06
184.6923828125,1.27376257720765e-06
184.722900390625,1.05286169392114e-06
184.75341796875,7.7242649571821e-07
184.783935546875,5.09245103322022e-07
184.814453125,3.35222541979893e-07
184.844970703125,2.97645060200592e-07
184.87548828125,4.06241966427588e-07
184.906005859375,6.30585225960056e-07
184.9365234375,9.08521155539371e-07
184.967041015625,1.16329786680023e-06
184.99755859375,1.32466900726336e-06
185.028076171875,1.34817121573142e-06
185.05859375,1.22728517139477e-06
185.089111328125,9.95154018986051e-07
185.11962890625,7.15407414835211e-07
185.150146484375,4.64631645098011e-07
185.1806640625,3.11313877418865e-07
185.211181640625,2.97051124284058e-07
185.24169921875,4.25177923593665e-07
185.272216796875,6.59922454129226e-07
185.302734375,9.36303214805817e-07
185.333251953125,1.17802760069043e-06
185.36376953125,1.31846359385309e-06
185.394287109375,1.31891884585663e-06
185.4248046875,1.17921378481534e-06
185.455322265625,9.37658593599391e-07
185.48583984375,6.60461605164018e-07
185.516357421875,4.23495805356086e-07
185.546875,2.91445896939468e-07
185.577392578125,3.00066310086983e-07
185.60791015625,4.46416614177992e-07
185.638427734375,6.89741022529678e-07
185.6689453125,9.62730391377125e-07
185.699462890625,1.19005499628136e-06
185.72998046875,1.30906532804839e-06
185.760498046875,1.28697285269856e-06
185.791015625,1.12979843154203e-06
185.821533203125,8.80647149724368e-07
185.85205078125,6.07803015697653e-07
185.882568359375,3.85930792310966e-07
185.9130859375,2.75561018371476e-07
185.943603515625,3.06493690529673e-07
185.97412109375,4.69671525235303e-07
186.004638671875,7.19738911512714e-07
186.03515625,9.87563605441014e-07
186.065673828125,1.19926457552276e-06
186.09619140625,1.29650961441059e-06
186.126708984375,1.25250494035905e-06
186.1572265625,1.07929538289669e-06
186.187744140625,8.24385492410753e-07
186.21826171875,5.576297875128e-07
186.248779296875,3.52008360306505e-07
186.279296875,2.63580773012446e-07
186.309814453125,3.16122000444792e-07
186.34033203125,4.94652449971828e-07
186.370849609375,7.49622392371194e-07
186.4013671875,1.01058166145961e-06
186.431884765625,1.20556438627551e-06
186.46240234375,1.28085400468278e-06
186.492919921875,1.21570199394598e-06
186.5234375,1.02796507535736e-06
186.553955078125,7.69132092103332e-07
186.58447265625,5.1012302407352e-07
186.614990234375,3.2177870065724e-07
186.6455078125,2.55406716310739e-07
186.676025390625,3.28727217571697e-07
186.70654296875,5.21067314805715e-07
186.737060546875,7.79107445210711e-07
186.767578125,1.03158264245258e-06
186.798095703125,1.20888525808055e-06
186.82861328125,1.26217728609529e-06
186.859130859375,1.17676464685343e-06
186.8896484375,9.76070828294098e-07
186.920166015625,7.15136192248888e-07
186.95068359375,4.65446159109971e-07
186.981201171875,2.95270431648894e-07
187.01171875,2.50921167144032e-07
187.042236328125,3.4407407009461e-07
187.07275390625,5.48623897020714e-07
187.103271484375,8.07921272939568e-07
187.1337890625,1.05038396215078e-06
187.164306640625,1.20918120441714e-06
187.19482421875,1.24057813939191e-06
187.225341796875,1.13590532188303e-06
187.255859375,9.23876381316397e-07
187.286376953125,6.62636959758948e-07
187.31689453125,4.23743826348122e-07
187.347412109375,2.72490683939926e-07
187.3779296875,2.49988263803808e-07
187.408447265625,3.61917221878409e-07
187.43896484375,5.77031478297669e-07
187.469482421875,8.35803800189544e-07
187.5,1.06682368315516e-06
187.530517578125,1.20642881892608e-06
187.56103515625,1.21617452981454e-06
187.591552734375,1.09334688237588e-06
187.6220703125,8.71644627907995e-07
187.652587890625,6.11861289863769e-07
187.68310546875,3.85141567071919e-07
187.713623046875,2.5342553937767e-07
187.744140625,2.52454909339967e-07
187.774658203125,3.82003440726569e-07
187.80517578125,6.06002355166829e-07
187.835693359375,8.62508358318256e-07
187.8662109375,1.08076034635559e-06
187.896728515625,1.20062703528345e-06
187.92724609375,1.18910209249847e-06
187.957763671875,1.04932085046407e-06
187.98828125,8.19635857533057e-07
188.018798828125,5.6302335684799e-07
188.04931640625,3.49745056972272e-07
188.079833984375,2.3804008285288e-07
188.1103515625,2.58152219144638e-07
188.140869140625,4.04072694979115e-07
188.17138671875,6.35253603972667e-07
188.201904296875,8.87803443358099e-07
188.232421875,1.09207382655686e-06
188.262939453125,1.19179649511745e-06
188.29345703125,1.1595131851803e-06
188.323974609375,1.00406581384035e-06
188.3544921875,7.68106021294824e-07
188.385009765625,5.16322845791982e-07
188.41552734375,3.1763993482301e-07
188.446044921875,2.26279306682313e-07
188.4765625,2.66896396594172e-07
188.507080078125,4.27859840533625e-07
188.53759765625,6.64508564067138e-07
188.568115234375,9.11473482674288e-07
188.5986328125,1.10066542642688e-06
188.629150390625,1.17997917186357e-06
188.65966796875,1.12757519133958e-06
188.690185546875,9.57825632612546e-07
188.720703125,7.173050767291e-07
188.751220703125,4.71944384093551e-07
188.78173828125,2.88891537442433e-07
188.812255859375,2.18068393116244e-07
188.8427734375,2.78490273048284e-07
188.873291015625,4.53096705271558e-07
188.90380859375,6.93498357667891e-07
188.934326171875,9.33319540951743e-07
188.96484375,1.1064578108523e-06
188.995361328125,1.16523706705308e-06
189.02587890625,1.09346957210235e-06
189.056396484375,9.10847876879295e-07
189.0869140625,6.67475612718369e-07
189.117431640625,4.30055961332721e-07
189.14794921875,2.63544557828006e-07
189.178466796875,2.1331365958604e-07
189.208984375,2.92724715084259e-07
189.239501953125,4.79513192679862e-07
189.27001953125,7.21963293827726e-07
189.300537109375,9.53160667451177e-07
189.3310546875,1.10939528492741e-06
189.361572265625,1.14765198871566e-06
189.39208984375,1.05738993894436e-06
189.422607421875,8.63381772254678e-07
189.453125,6.18851451510827e-07
189.483642578125,3.90808824558507e-07
189.51416015625,2.41623391757544e-07
189.544677734375,2.1190336932518e-07
189.5751953125,3.09379890211144e-07
189.605712890625,5.06839000990349e-07
189.63623046875,7.49654115929618e-07
189.666748046875,9.70834358483396e-07
189.697265625,1.10944332822314e-06
189.727783203125,1.12732420105349e-06
189.75830078125,1.01954059690794e-06
189.788818359375,8.15677077766547e-07
189.8193359375,5.71656135411202e-07
189.849853515625,3.54336365809847e-07
189.88037109375,2.23132114747472e-07
189.910888671875,2.13708663437534e-07
189.94140625,3.28226810192909e-07
189.971923828125,5.34805420328281e-07
190.00244140625,7.76333456763632e-07
190.032958984375,9.86196782722009e-07
190.0634765625,1.10658881938688e-06
190.093994140625,1.10437157204022e-06
190.12451171875,9.80135564353087e-07
190.155029296875,7.67982016910131e-07
190.185546875,5.26101671175557e-07
190.216064453125,3.20753564038905e-07
190.24658203125,2.08054705591035e-07
190.277099609375,2.18584473866605e-07
190.3076171875,3.4902896945214e-07
190.338134765625,5.63146923526816e-07
190.36865234375,8.01776914683368e-07
190.399169921875,9.99123841927858e-07
190.4296875,1.10083913164683e-06
190.460205078125,1.07892825985317e-06
190.49072265625,9.39396192024139e-07
190.521240234375,7.20541955298445e-07
190.5517578125,4.8238730394447e-07
190.582275390625,2.90156675762597e-07
190.61279296875,1.96355548707106e-07
190.643310546875,2.26370953503266e-07
190.673828125,3.71543706110528e-07
190.704345703125,5.91602127785453e-07
190.73486328125,8.25774178033584e-07
190.765380859375,1.00951106885238e-06
190.7958984375,1.09222168787881e-06
190.826416015625,1.05114375292709e-06
190.85693359375,8.97550180382902e-07
190.887451171875,6.73597800487687e-07
190.91796875,4.40698713761763e-07
190.948486328125,2.62622708482467e-07
190.97900390625,1.87979867851837e-07
191.009521484375,2.36894293554441e-07
191.0400390625,3.95523681673056e-07
191.070556640625,6.19916177695804e-07
191.10107421875,8.48129881151436e-07
191.131591796875,1.01727415694683e-06
191.162109375,1.08078385241754e-06
191.192626953125,1.02118126695127e-06
191.22314453125,8.54829673776843e-07
191.253662109375,6.27384404147972e-07
191.2841796875,4.01206669373342e-07
191.314697265625,2.38209492485691e-07
191.34521484375,1.82854409274138e-07
191.375732421875,2.49968271396058e-07
191.40625,4.20718875201605e-07
191.436767578125,6.47841251543597e-07
191.46728515625,8.68664615184794e-07
191.497802734375,1.02234896148053e-06
191.5283203125,1.06659188791495e-06
191.558837890625,9.89217008287149e-07
191.58935546875,8.11469775222035e-07
191.619873046875,5.82129156116518e-07
191.650390625,3.64066398515233e-07
191.680908203125,2.16955303640336e-07
191.71142578125,1.80888129685076e-07
191.741943359375,2.65395407303272e-07
191.7724609375,4.46877495473267e-07
191.802978515625,6.75138693479221e-07
191.83349609375,8.87215751669488e-07
191.864013671875,1.02469113795177e-06
191.89453125,1.04972981805662e-06
191.925048828125,9.55437935962701e-07
191.95556640625,7.67706927615487e-07
191.986083984375,5.38050825387468e-07
192.0166015625,3.29416770646739e-07
192.047119140625,1.98879120207576e-07
192.07763671875,1.81972888021155e-07
192.108154296875,2.82968478431633e-07
192.138671875,4.73748082248525e-07
192.169189453125,7.01579536991092e-07
192.19970703125,9.03637975684186e-07
192.230224609375,1.02427673431813e-06
192.2607421875,1.03029919233599e-06
192.291259765625,9.20040992189934e-07
192.32177734375,7.23777460392422e-07
192.352294921875,4.95358016093479e-07
192.3828125,2.97379722143364e-07
192.413330078125,1.83980714275233e-07
192.44384765625,1.85984656090359e-07
192.474365234375,3.02471763875723e-07
192.5048828125,5.01080666691015e-07
192.535400390625,7.26946362920157e-07
192.56591796875,9.17803836544064e-07
192.596435546875,1.02110124655364e-06
192.626953125,1.00841759262479e-06
192.657470703125,8.83231525835472e-07
192.68798828125,6.79915759526943e-07
192.718505859375,4.54248250973452e-07
192.7490234375,2.68059509454208e-07
192.779541015625,1.72240834242757e-07
192.81005859375,1.92784373742026e-07
192.840576171875,3.23682616457473e-07
192.87109375,5.28628461425373e-07
192.901611328125,7.51034039469841e-07
192.93212890625,9.2960438799298e-07
192.962646484375,1.01517948346742e-06
192.9931640625,9.84217676264372e-07
193.023681640625,8.45221607941139e-07
193.05419921875,6.36353184397658e-07
193.084716796875,4.1490662952709e-07
193.115234375,2.41542536799545e-07
193.145751953125,1.63621871931933e-07
193.17626953125,2.02218738005556e-07
193.206787109375,3.46372832870347e-07
193.2373046875,5.56149133425959e-07
193.267822265625,7.73650875888935e-07
193.29833984375,9.38949079358734e-07
193.328857421875,1.00654524757402e-06
193.359375,9.57846226692449e-07
193.389892578125,8.06228510253551e-07
193.42041015625,5.93316290305028e-07
193.450927734375,3.77504996161548e-07
193.4814453125,2.17897047128264e-07
193.511962890625,1.58068041484309e-07
193.54248046875,2.14121964831634e-07
193.572998046875,3.70310322757972e-07
193.603515625,5.83406315836353e-07
193.634033203125,7.94619432143176e-07
193.66455078125,9.45766274037194e-07
193.695068359375,9.95250678846648e-07
193.7255859375,9.29462568650236e-07
193.756103515625,7.66473632149339e-07
193.78662109375,5.51025630963918e-07
193.817138671875,3.42200891782464e-07
193.84765625,1.97172841233929e-07
193.878173828125,1.55506200730432e-07
193.90869140625,2.28316410739004e-07
193.939208984375,3.95260298262768e-07
193.9697265625,6.10170983530341e-07
194.000244140625,8.13777414905977e-07
194.03076171875,9.50003546301978e-07
194.061279296875,9.81365253518784e-07
194.091796875,8.99237650696921e-07
194.122314453125,7.26180475103549e-07
194.15283203125,5.09694401385169e-07
194.183349609375,3.09136873974682e-07
194.2138671875,1.79401362339407e-07
194.244384765625,1.55846493405762e-07
194.27490234375,2.44614287007231e-07
194.305419921875,4.20986925164926e-07
194.3359375,6.36222543351825e-07
194.366455078125,8.30978565966207e-07
194.39697265625,9.51626968361284e-07
194.427490234375,9.64975346551702e-07
194.4580078125,8.67352677071002e-07
194.488525390625,6.85573399167758e-07
194.51904296875,4.69526869565156e-07
194.549560546875,2.78439906382193e-07
194.580078125,1.64595584657955e-07
194.610595703125,1.58983182839976e-07
194.64111328125,2.62818625744496e-07
194.671630859375,4.47254850827701e-07
194.7021484375,6.61350248843783e-07
194.732666015625,8.46092874953112e-07
194.76318359375,9.50621757609855e-07
194.793701171875,9.46183465853399e-07
194.82421875,8.33997488337872e-07
194.854736328125,6.44876030373611e-07
194.88525390625,4.30717665534659e-07
194.915771484375,2.50220461919371e-07
194.9462890625,1.52750379544851e-07
194.976806640625,1.6479548683627e-07
195.00732421875,2.82724863879983e-07
195.037841796875,4.73830500947034e-07
195.068359375,6.85354076889516e-07
195.098876953125,8.59007608869299e-07
195.12939453125,9.46991230713857e-07
195.159912109375,9.25106806342999e-07
195.1904296875,7.99369325308552e-07
195.220947265625,6.04310114848597e-07
195.25146484375,3.93450335174871e-07
195.281982421875,2.24572408449814e-07
195.3125,1.43842701534536e-07
195.343017578125,1.73148593520246e-07
195.37353515625,3.04122240405599e-07
195.404052734375,5.00483540045074e-07
195.4345703125,7.08046160540437e-07
195.465087890625,8.69627022763801e-07
195.49560546875,9.40757068601102e-07
195.526123046875,9.01876685300384e-07
195.556640625,7.63671589810437e-07
195.587158203125,5.64093617585618e-07
195.61767578125,3.57896595039896e-07
195.648193359375,2.01572367215715e-07
195.6787109375,1.37832093683047e-07
195.709228515625,1.83894733428536e-07
195.73974609375,3.26794908999402e-07
195.770263671875,5.26988194537204e-07
195.80078125,7.29251317396287e-07
195.831298828125,8.77873468322521e-07
195.86181640625,9.31958591676241e-07
195.892333984375,8.76637081778805e-07
195.9228515625,7.2711216414269e-07
195.953369140625,5.24439883393201e-07
195.98388671875,3.24215008606229e-07
196.014404296875,1.81279709750747e-07
196.044921875,1.34661039442807e-07
196.075439453125,1.96874186284427e-07
196.10595703125,3.50523780875458e-07
196.136474609375,5.53124725253086e-07
196.1669921875,7.48808259679316e-07
196.197509765625,8.83686685951851e-07
196.22802734375,9.20651945857135e-07
196.258544921875,8.49543982767793e-07
196.2890625,6.89902142139313e-07
196.319580078125,4.85555757236905e-07
196.35009765625,2.92550550037219e-07
196.380615234375,1.63736265027851e-07
196.4111328125,1.34255639880303e-07
196.441650390625,2.11916651429201e-07
196.47216796875,3.75087485028454e-07
196.502685546875,5.78680442574941e-07
196.533203125,7.66569997707259e-07
196.563720703125,8.87024616675575e-07
196.59423828125,9.06910073755073e-07
196.624755859375,8.20763480525875e-07
196.6552734375,6.52254182827355e-07
196.685791015625,4.4764106271513e-07
196.71630859375,2.63033606776397e-07
196.746826171875,1.48966385433087e-07
196.77734375,1.36526428150426e-07
196.807861328125,2.28842212484167e-07
196.83837890625,4.00264103818444e-07
196.868896484375,6.0345116490657e-07
196.8994140625,7.82404811062234e-07
196.929931640625,8.87862911383311e-07
196.96044921875,8.90821266350955e-07
196.990966796875,7.90471071781389e-07
197.021484375,6.14381525519055e-07
197.052001953125,4.10886625139488e-07
197.08251953125,2.35779498565679e-07
197.113037109375,1.36976942311284e-07
197.1435546875,1.41369004480496e-07
197.174072265625,2.47462751005544e-07
197.20458984375,4.25832556234855e-07
197.235107421875,6.2724223991994e-07
197.265625,7.96196823786509e-07
197.296142578125,8.86194943609622e-07
197.32666015625,8.72488545405032e-07
197.357177734375,7.58850090479636e-07
197.3876953125,5.76496030814784e-07
197.418212890625,3.75473768419725e-07
197.44873046875,2.10887927505001e-07
197.479248046875,1.27757665358282e-07
197.509765625,1.48664929471083e-07
197.540283203125,2.67583341846791e-07
197.57080078125,4.51573635386593e-07
197.601318359375,6.49869387815895e-07
197.6318359375,8.07846143987085e-07
197.662353515625,8.82031287902885e-07
197.69287109375,8.52029038221629e-07
197.723388671875,7.26090510658075e-07
197.75390625,5.38807340977486e-07
197.784423828125,3.41572922927473e-07
197.81494140625,1.8844248305638e-07
197.845458984375,1.21281351122477e-07
197.8759765625,1.58282768707634e-07
197.906494140625,2.89003289675645e-07
197.93701171875,4.77271717474583e-07
197.967529296875,6.71160104444815e-07
197.998046875,8.1726959505535e-07
198.028564453125,8.75399784161915e-07
198.05908203125,8.29572571878907e-07
198.089599609375,6.92387523856024e-07
198.1201171875,5.01521155219743e-07
198.150634765625,3.09342912046042e-07
198.18115234375,1.68510369960574e-07
198.211669921875,1.17504328312577e-07
198.2421875,1.70078920596001e-07
198.272705078125,3.11517794689191e-07
198.30322265625,5.02715852267331e-07
198.333740234375,6.90954291945443e-07
198.3642578125,8.2440066590402e-07
198.394775390625,8.66344606262941e-07
198.42529296875,8.05260824493952e-07
198.455810546875,6.57940181805771e-07
198.486328125,4.64838088829845e-07
198.516845703125,2.78929968013566e-07
198.54736328125,1.51142243028595e-07
198.577880859375,1.16366868218839e-07
198.6083984375,1.83898950277356e-07
198.638916015625,3.34919023873138e-07
198.66943359375,5.27701032286184e-07
198.699951171875,7.09104986486251e-07
198.73046875,8.29189724203046e-07
198.760986328125,8.54926003316038e-07
198.79150390625,7.7924623559718e-07
198.822021484375,6.22949955163604e-07
198.8525390625,4.28952613684334e-07
198.883056640625,2.50466918101294e-07
198.91357421875,1.36372176147678e-07
198.944091796875,1.17793925997237e-07
198.974609375,1.99578496730365e-07
199.005126953125,3.58997684094834e-07
199.03564453125,5.52029502030363e-07
199.066162109375,7.25479299791023e-07
199.0966796875,8.31604189138961e-07
199.127197265625,8.41219597769767e-07
199.15771484375,7.51690588776093e-07
199.188232421875,5.87619678561441e-07
199.21875,3.94051619344552e-07
199.249267578125,2.24072621022395e-07
199.27978515625,1.24217456687748e-07
199.310302734375,1.21695804266297e-07
199.3408203125,2.16944562899839e-07
199.371337890625,3.83544160712521e-07
199.40185546875,5.75511721682604e-07
199.432373046875,7.39958837974089e-07
199.462890625,8.31628270917815e-07
199.493408203125,8.25315341391893e-07
199.52392578125,7.22764115209707e-07
199.554443359375,5.52151849482226e-07
199.5849609375,3.60313444699482e-07
199.615478515625,1.99851434023427e-07
199.64599609375,1.14678886770074e-07
199.676513671875,1.27968788716273e-07
199.70703125,2.3581676508863e-07
199.737548828125,4.08349895675669e-07
199.76806640625,5.97967481542685e-07
199.798583984375,7.52440245461442e-07
199.8291015625,8.29262892728783e-07
199.859619140625,8.07317231373193e-07
199.89013671875,6.92644095580271e-07
199.920654296875,5.16747455341708e-07
199.951171875,3.27906792934803e-07
199.981689453125,1.77892549387536e-07
