0,0,0
0.000125,0,0
0.00025,0,0
0.000375,0,0
0.0005,0,0
0.000625,0,0
0.00075,0,0
0.000875,0,0
0.001,0,0
0.001125,0,0
0.00125,0,0
0.001375,0,0
0.0015,0,0
0.001625,0,0
0.00175,0,0
0.001875,0,0
0.002,0,0
0.002125,0,0
0.00225,0,0
0.002375,0,0
0.0025,0,0
0.002625,0,0
0.00275,0,0
0.002875,0,0
0.003,0,0
0.003125,0,0
0.00325,0,0
0.003375,0,0
0.0035,0,0
0.003625,0,0
0.00375,0,0
0.003875,0,0
0.004,0,0
0.004125,0,0
0.00425,0,0
0.004375,0,0
0.0045,0,0
0.004625,0,0
0.00475,0,0
0.004875,0,0
0.005,0,0
0.005125,0,0
0.00525,0,0
0.005375,0,0
0.0055,0,0
0.005625,0,0
0.00575,0,0
0.005875,0,0
0.006,0,0
0.006125,0,0
0.00625,0,0
0.006375,0,0
0.0065,0,0
0.006625,0,0
0.00675,0,0
0.006875,0,0
0.007,0,0
0.007125,0,0
0.00725,0,0
0.007375,0,0
0.0075,0,0
0.007625,0,0
0.00775,0,0
0.007875,0,0
0.008,0,0
0.008125,0,0
0.00825,0,0
0.008375,0,0
0.0085,0,0
0.008625,0,0
0.00875,0,0
0.008875,0,0
0.009,0,0
0.009125,0,0
0.00925,0,0
0.009375,0,0
0.0095,0,0
0.009625,0,0
0.00975,0,0
0.009875,0,0
0.01,0,0
0.010125,0,0
0.01025,0,0
0.010375,0,0
0.0105,0,0
0.010625,0,0
0.01075,0,0
0.010875,0,0
0.011,0,5.42128980805944e-05
0.011125,2.09022752182077e-14,5.42128980805944e-05
0.01125,1.93190460305718e-13,5.42128980805944e-05
0.011375,7.39573824290872e-13,5.42128980805944e-05
0.0115,1.96027712767933e-12,5.42128980805944e-05
0.011625,4.23268010099511e-12,5.42128980805944e-05
0.01175,8.01091484181388e-12,5.42128980805944e-05
0.011875,1.38254214323635e-11,5.42128980805944e-05
0.012,2.22824621023703e-11,5.45623921063047e-05
0.012125,3.40637290348074e-11,5.45623921063047e-05
0.01225,4.99263483695776e-11,5.45623921063047e-05
0.012375,7.07021602857295e-11,5.45623921063047e-05
0.0125,9.72969762043022e-11,5.45623921063047e-05
0.012625,1.30689888998296e-10,5.45623921063047e-05
0.01275,1.71932543886066e-10,5.45623921063047e-05
0.012875,2.2214837048609e-10,5.45623921063047e-05
0.013,2.82531776531738e-10,5.49044252781296e-05
0.013125,3.54347435638949e-10,5.49044252781296e-05
0.01325,4.38929965400658e-10,5.49044252781296e-05
0.013375,5.37682899776255e-10,5.49044252781296e-05
0.0135,6.52077642026595e-10,5.49044252781296e-05
0.013625,7.83652472633095e-10,5.49044252781296e-05
0.01375,9.3401152201809e-10,5.49044252781296e-05
0.013875,1.10482370870203e-09,5.49044252781296e-05
0.014,1.29782164355113e-09,5.52133481615083e-05
0.014125,1.51480061989465e-09,5.52133481615083e-05
0.01425,1.75761795730657e-09,5.52133481615083e-05
0.014375,2.02819170932124e-09,5.52133481615083e-05
0.0145,2.32849935510084e-09,5.52133481615083e-05
0.014625,2.66057654248558e-09,5.52133481615083e-05
0.01475,3.02651580117067e-09,5.52133481615083e-05
0.014875,3.4284652267798e-09,5.52133481615083e-05
0.015,3.86862713661924e-09,5.54664332990811e-05
0.015125,4.3492567954904e-09,5.54664332990811e-05
0.01525,4.87266143120014e-09,5.54664332990811e-05
0.015375,5.44119872917977e-09,5.54664332990811e-05
0.0155,6.05727531440994e-09,5.54664332990811e-05
0.015625,6.72334527614071e-09,5.54664332990811e-05
0.01575,7.44190866908365e-09,5.54664332990811e-05
0.015875,8.21550999195136e-09,5.54664332990811e-05
0.016,9.04673664423037e-09,0.000428611810833827
0.016125,9.93836123167337e-09,0.000428611810833827
0.01625,1.0893950357104e-08,0.000428611810833827
0.016375,1.19177435584932e-08,0.000428611810833827
0.0165,1.30145504383575e-08,0.000428611810833827
0.016625,1.41897465438819e-08,0.000428611810833827
0.01675,1.54492689411482e-08,0.000428611810833827
0.016875,1.67996114864962e-08,0.000428611810833827
0.017,1.82478197982064e-08,0.000431111164969366
0.017125,1.9801486895504e-08,0.000431111164969366
0.01725,2.14687516694268e-08,0.000431111164969366
0.017375,2.32582921760597e-08,0.000431111164969366
0.0175,2.51793187663965e-08,0.000431111164969366
0.017625,2.72415675963855e-08,0.000431111164969366
0.01775,2.94552938577797e-08,0.000431111164969366
0.017875,3.18312647340691e-08,0.000431111164969366
0.018,3.43807520859158e-08,0.000433466675166741
0.018125,3.71155257788437e-08,0.000433466675166741
0.01825,4.00478496945481e-08,0.000433466675166741
0.018375,4.3190472878677e-08,0.000433466675166741
0.0185,4.65566205521382e-08,0.000433466675166741
0.018625,5.01599854995643e-08,0.000433466675166741
0.01875,5.40147192148558e-08,0.000433466675166741
0.018875,5.81354228091671e-08,0.000433466675166741
0.019,6.25371376868223e-08,0.00043549857026467
0.019125,6.7235336778182e-08,0.00043549857026467
0.01925,7.22459180920354e-08,0.00043549857026467
0.019375,7.75851940789036e-08,0.00043549857026467
0.0195,8.32698808845276e-08,0.00043549857026467
0.019625,8.93170879382529e-08,0.00043549857026467
0.01975,9.57443073430554e-08,0.00043549857026467
0.019875,1.02569403073466e-07,0.00043549857026467
0.02,1.09810599987746e-07,0.000437050728082473
0.020125,1.1748647325919e-07,0.000437050728082473
0.02025,1.25615939575168e-07,0.000437050728082473
0.020375,1.34218245134118e-07,0.000437050728082473
0.0205,1.43312953558819e-07,0.000437050728082473
0.020625,1.5291993406779e-07,0.000437050728082473
0.02075,1.63059349499616e-07,0.000437050728082473
0.020875,1.73751644197111e-07,0.000437050728082473
0.021,1.8501753175831e-07,0.00143068580827919
0.021125,1.96878365766352e-07,0.00143068580827919
0.02125,2.09357752640043e-07,0.00143068580827919
0.021375,2.22481220925309e-07,0.00143068580827919
0.0215,2.3627593897123e-07,0.00143068580827919
0.021625,2.5077069551407e-07,0.00143068580827919
0.02175,2.65995879399874e-07,0.00143068580827919
0.021875,2.81983458458475e-07,0.00143068580827919
0.022,2.98766957542232e-07,0.00143737047818366
0.022125,3.16381438320565e-07,0.00143737047818366
0.02225,3.34863486624284e-07,0.00143737047818366
0.022375,3.5425118592263e-07,0.00143737047818366
0.0225,3.74584090348765e-07,0.00143737047818366
0.022625,3.9590319873228e-07,0.00143737047818366
0.02275,4.18250927879965e-07,0.00143737047818366
0.022875,4.41671085121065e-07,0.00143737047818366
0.023,4.66208840133632e-07,0.00144320280756017
0.023125,4.9191069831764e-07,0.00144320280756017
0.02325,5.1882448077506e-07,0.00144320280756017
0.023375,5.46999292215554e-07,0.00144320280756017
0.0235,5.76485488497874e-07,0.00144320280756017
0.023625,6.07334645084428e-07,0.00144320280756017
0.02375,6.39599524879384e-07,0.00144320280756017
0.023875,6.73334045469312e-07,0.00144320280756017
0.024,7.08593245785628e-07,0.00144769922645767
0.024125,7.45433253942075e-07,0.00144769922645767
0.02425,7.83911260154824e-07,0.00144769922645767
0.024375,8.24085480349396e-07,0.00144769922645767
0.0245,8.6601511948869e-07,0.00144769922645767
0.024625,9.09760335613453e-07,0.00144769922645767
0.02475,9.55382203422357e-07,0.00144769922645767
0.024875,1.00294267741276e-06,0.00144769922645767
0.025,1.05250455460337e-06,0.00145045497828288
0.025125,1.10413143792287e-06,0.00145045497828288
0.02525,1.15788770266871e-06,0.00145045497828288
0.025375,1.2138384572228e-06,0.00145045497828288
0.0255,1.27204950357054e-06,0.00145045497828288
0.025625,1.33258729824001e-06,0.00145045497828288
0.02575,1.39551891295226e-06,0.00145045497828288
0.025875,1.46091199500488e-06,0.00145045497828288
0.026,1.52883472741137e-06,0.00334485655901304
0.026125,1.59935651922267e-06,0.00334485655901304
0.02625,1.672551064025e-06,0.00334485655901304
0.026375,1.74849569300843e-06,0.00334485655901304
0.0265,1.82727082032833e-06,0.00334485655901304
0.026625,1.90895988976572e-06,0.00334485655901304
0.02675,1.99364931980923e-06,0.00334485655901304
0.026875,2.08142844719208e-06,0.00334485655901304
0.027,2.1723894689184e-06,0.00335560222753421
0.027125,2.26662738695681e-06,0.00335560222753421
0.02725,2.36423996492825e-06,0.00335560222753421
0.027375,2.46532766237278e-06,0.00335560222753421
0.0275,2.56999356817439e-06,0.00335560222753421
0.027625,2.67834333550163e-06,0.00335560222753421
0.02775,2.79048511544974e-06,0.00335560222753421
0.027875,2.90652948942385e-06,0.00335560222753421
0.028,3.02658940030282e-06,0.00336381835661187
0.028125,3.1507800855921e-06,0.00336381835661187
0.02825,3.27921901971065e-06,0.00336381835661187
0.028375,3.41202583911171e-06,0.00336381835661187
0.0285,3.54932226675057e-06,0.00336381835661187
0.028625,3.69123203771552e-06,0.00336381835661187
0.02875,3.83788082388421e-06,0.00336381835661187
0.028875,3.98939615764883e-06,0.00336381835661187
0.029,4.14590735475424e-06,0.00336861920117345
0.029125,4.30754543814462e-06,0.00336861920117345
0.02925,4.47444306701418e-06,0.00336861920117345
0.029375,4.64673445571547e-06,0.00336861920117345
0.0295,4.82455529219491e-06,0.00336861920117345
0.029625,5.00804265703779e-06,0.00336861920117345
0.02975,5.19733494189452e-06,0.00336861920117345
0.029875,5.39257176733436e-06,0.00336861920117345
0.03,5.59389390017344e-06,0.00336929162437014
0.030125,5.80144317058303e-06,0.00336929162437014
0.03025,6.01536238960647e-06,0.00336929162437014
0.030375,6.23579526497619e-06,0.00336929162437014
0.0305,6.46288631662597e-06,0.00336929162437014
0.030625,6.69678079209103e-06,0.00336929162437014
0.03075,6.937624581665e-06,0.00336929162437014
0.030875,7.18556413336112e-06,0.00336929162437014
0.031,7.4407463677253e-06,0.00641822800298754
0.031125,7.70331976809365e-06,0.00641822800298754
0.03125,7.97343928256829e-06,0.00641822800298754
0.031375,8.25126526258394e-06,0.00641822800298754
0.0315,8.53696255030373e-06,0.00641822800298754
0.031625,8.83070037312743e-06,0.00641822800298754
0.03175,9.13265223596883e-06,0.00641822800298754
0.031875,9.44299581136633e-06,0.00641822800298754
0.032,9.76191282749174e-06,0.00642915957154452
0.032125,1.0089588958338e-05,0.00642915957154452
0.03225,1.04262137256046e-05,0.00642915957154452
0.032375,1.07719803773017e-05,0.00642915957154452
0.0325,1.11270857650555e-05,0.00642915957154452
0.032625,1.14917302225452e-05,0.00642915957154452
0.03275,1.18661174422401e-05,0.00642915957154452
0.032875,1.22504543505089e-05,0.00642915957154452
0.033,1.26449509811725e-05,0.00643479532345349
0.033125,1.30498203497472e-05,0.00643479532345349
0.03325,1.34652783333241e-05,0.00643479532345349
0.033375,1.38915435380911e-05,0.00643479532345349
0.0335,1.43288371658704e-05,0.00643479532345349
0.033625,1.47773828809623e-05,0.00643479532345349
0.03375,1.52374066758773e-05,0.00643479532345349
0.033875,1.5709136736032e-05,0.00643479532345349
0.034,1.61928033034852e-05,0.00643381029869932
0.034125,1.66886385394132e-05,0.00643381029869932
0.03425,1.7196876384549e-05,0.00643381029869932
0.034375,1.77177524208223e-05,0.00643381029869932
0.0345,1.82515037323036e-05,0.00643381029869932
0.034625,1.8798368765318e-05,0.00643381029869932
0.03475,1.93585871880693e-05,0.00643381029869932
0.034875,1.9932399749853e-05,0.00643381029869932
0.035,2.05200481399368e-05,0.00642517906208801
0.035125,2.11217748428596e-05,0.00642517906208801
0.03525,2.17378229827658e-05,0.00642517906208801
0.035375,2.2368436184525e-05,0.00642517906208801
0.0355,2.30138584344138e-05,0.00642517906208801
0.035625,2.36743339385746e-05,0.00642517906208801
0.03575,2.4350106981621e-05,0.00642517906208801
0.035875,2.50414217854678e-05,0.00642517906208801
0.036,2.5748522368464e-05,0.0108460971863458
0.036125,2.64716541094311e-05,0.0108460971863458
0.03625,2.72110708391775e-05,0.0108460971863458
0.036375,2.79670332856905e-05,0.0108460971863458
0.0365,2.87398077356776e-05,0.0108460971863458
0.036625,2.95296658669693e-05,0.0108460971863458
0.03675,3.03368845782511e-05,0.0108460971863458
0.036875,3.11617458162257e-05,0.0108460971863458
0.037,3.20045364003048e-05,0.0108493286793323
0.037125,3.28655478461794e-05,0.0108493286793323
0.03725,3.37450761911652e-05,0.0108493286793323
0.037375,3.4643421811066e-05,0.0108493286793323
0.0375,3.556088923514e-05,0.0108493286793323
0.037625,3.64977869599702e-05,0.0108493286793323
0.03775,3.74544272614903e-05,0.0108493286793323
0.037875,3.8431126005272e-05,0.0108493286793323
0.038,3.94282024551837e-05,0.0108435331445251
0.038125,4.04459790782933e-05,0.0108435331445251
0.03825,4.14847813411161e-05,0.0108435331445251
0.038375,4.25449375158977e-05,0.0108435331445251
0.0385,4.3626778485424e-05,0.0108435331445251
0.038625,4.47306375452212e-05,0.0108435331445251
0.03875,4.58568502047922e-05,0.0108435331445251
0.038875,4.70057539880049e-05,0.0108435331445251
0.039,4.81776882327423e-05,0.010826950684335
0.039125,4.93729938835344e-05,0.010826950684335
0.03925,5.05920132629472e-05,0.010826950684335
0.039375,5.18350898750047e-05,0.010826950684335
0.0395,5.31025682075159e-05,0.010826950684335
0.039625,5.43947935298374e-05,0.010826950684335
0.03975,5.57121116905882e-05,0.010826950684335
0.039875,5.70548689154277e-05,0.010826950684335
0.04,5.84234116050086e-05,0.0107982721491374
0.040125,5.98180861221609e-05,0.0107982721491374
0.04025,6.12392385436198e-05,0.0107982721491374
0.040375,6.26872144683556e-05,0.0107982721491374
0.0405,6.41623588251245e-05,0.0107982721491374
0.040625,6.56650156731573e-05,0.0107982721491374
0.04075,6.71955280037106e-05,0.0107982721491374
0.040875,6.8754237542587e-05,0.0107982721491374
0.041,7.03414845537328e-05,0.0167592866307287
0.041125,7.19576099423438e-05,0.0167592866307287
0.04125,7.36029648117045e-05,0.0167592866307287
0.041375,7.52779083622958e-05,0.0167592866307287
0.0415,7.69828060833001e-05,0.0167592866307287
0.041625,7.87180295235304e-05,0.0167592866307287
0.04175,8.04839560594372e-05,0.0167592866307287
0.041875,8.2280968660328e-05,0.0167592866307287
0.042,8.41094556509331e-05,0.0167435666964402
0.042125,8.59698104653955e-05,0.0167435666964402
0.04225,8.78624313792279e-05,0.0167435666964402
0.042375,8.97877212697787e-05,0.0167435666964402
0.0425,9.17460873738299e-05,0.0167435666964402
0.042625,9.37379410390755e-05,0.0167435666964402
0.04275,9.57636974737951e-05,0.0167435666964402
0.042875,9.78237754948639e-05,0.0167435666964402
0.043,9.99185972742431e-05,0.0167143694404308
0.043125,0.000102048588072836,0.0167143694404308
0.04325,0.00010421417593661,0.0167143694404308
0.043375,0.000106415791448735,0.0167143694404308
0.0435,0.000108653867479355,0.0167143694404308
0.043625,0.00011092883892683,0.0167143694404308
0.04375,0.000113241142458353,0.0167143694404308
0.043875,0.000115591216250075,0.0167143694404308
0.044,0.000117979499726886,0.0166695244025211
0.044125,0.000120406433284724,0.0166695244025211
0.04425,0.000122872457956748,0.0166695244025211
0.044375,0.000125378015167331,0.0166695244025211
0.0445,0.000127923546484099,0.0166695244025211
0.044625,0.000130509493358475,0.0166695244025211
0.04475,0.000133136296866789,0.0166695244025211
0.044875,0.000135804397452089,0.0166695244025211
0.045,0.000138514234666791,0.0166074788927035
0.045125,0.000141266246892399,0.0166074788927035
0.04525,0.000144060870982774,0.0166074788927035
0.045375,0.000146898542030029,0.0166074788927035
0.0455,0.000149779693128791,0.0166074788927035
0.045625,0.00015270475512559,0.0166074788927035
0.04575,0.000155674156369965,0.0166074788927035
0.045875,0.000158688322467435,0.0166074788927035
0.046,0.000161747676034463,0.0242162857083432
0.046125,0.000164852639389184,0.0242162857083432
0.04625,0.000168003646756907,0.0242162857083432
0.046375,0.000171201141595958,0.0242162857083432
0.0465,0.000174445574297345,0.0242162857083432
0.046625,0.000177737401901044,0.0242162857083432
0.04675,0.000181077087809137,0.0242162857083432
0.046875,0.000184465101495974,0.0242162857083432
0.047,0.000187901918215523,0.024167964909952
0.047125,0.000191388018687446,0.024167964909952
0.04725,0.000194923888720291,0.024167964909952
0.047375,0.000198510018926885,0.024167964909952
0.0475,0.000202146904435238,0.024167964909952
0.047625,0.000205835044584692,0.024167964909952
0.04775,0.000209574942620316,0.024167964909952
0.047875,0.000213367105385725,0.024167964909952
0.048,0.000217212043014482,0.0241012654463554
0.048125,0.000221110268594562,0.0241012654463554
0.04825,0.000225062297748364,0.0241012654463554
0.048375,0.000229068648342287,0.0241012654463554
0.0485,0.000233129840192358,0.0241012654463554
0.048625,0.000237246394751652,0.0241012654463554
0.04875,0.000241418834797417,0.0241012654463554
0.048875,0.000245647684118051,0.0241012654463554
0.049,0.000249933467200127,0.0240136396128813
0.049125,0.000254276708881843,0.0240136396128813
0.04925,0.0002586779338973,0.0240136396128813
0.049375,0.000263137666592739,0.0240136396128813
0.0495,0.000267656430639213,0.0240136396128813
0.049625,0.000272234748722984,0.0240136396128813
0.04975,0.000276873142237047,0.0240136396128813
0.049875,0.000281572130973965,0.0240136396128813
0.05,0.000286332232820179,0.0239033330930082
0.050125,0.000291153963409434,0.0239033330930082
0.05025,0.000296037835640107,0.0239033330930082
0.050375,0.000300984359410248,0.0239033330930082
0.0505,0.000305994041349386,0.0239033330930082
0.050625,0.000311067384523422,0.0239033330930082
0.05075,0.000316204888142074,0.0239033330930082
0.050875,0.000321407047269012,0.0239033330930082
0.051,0.000326674352534854,0.0332029138235242
0.051125,0.000332007293438707,0.0332029138235242
0.05125,0.000337406373279176,0.0332029138235242
0.051375,0.000342872105899668,0.0332029138235242
0.0515,0.000348405012890976,0.0332029138235242
0.051625,0.000354005623258966,0.0332029138235242
0.05175,0.0003596744730888,0.0332029138235242
0.051875,0.00036541210520588,0.0332029138235242
0.052,0.000371219068833695,0.0331068888797842
0.052125,0.000377095919211775,0.0331068888797842
0.05225,0.000383043217090884,0.0331068888797842
0.052375,0.000389061528413542,0.0331068888797842
0.0525,0.000395151423987565,0.0331068888797842
0.052625,0.000401313479132091,0.0331068888797842
0.05275,0.000407548273321781,0.0331068888797842
0.052875,0.000413856389829405,0.0331068888797842
0.053,0.000420238415367009,0.0329873794990501
0.053125,0.000426694939679778,0.0329873794990501
0.05325,0.000433226554989488,0.0329873794990501
0.053375,0.000439833855670878,0.0329873794990501
0.0535,0.000446517437921588,0.0329873794990501
0.053625,0.000453277899400048,0.0329873794990501
0.05375,0.000460115838863263,0.0329873794990501
0.053875,0.000467031855804673,0.0329873794990501
0.054,0.000474026550092308,0.0328415002766201
0.054125,0.000481100521551182,0.0328415002766201
0.05425,0.000488254369364,0.0328415002766201
0.054375,0.000495488691758071,0.0328415002766201
0.0545,0.000502804085686189,0.0328415002766201
0.054625,0.000510201146470177,0.0328415002766201
0.05475,0.000517680467446031,0.0328415002766201
0.054875,0.000525242639610832,0.0328415002766201
0.055,0.00053288825127165,0.0326673372953308
0.055125,0.00054061788762945,0.0326673372953308
0.05525,0.000548432130147626,0.0326673372953308
0.055375,0.000556331556263721,0.0326673372953308
0.0555,0.000564316739095379,0.0326673372953308
0.055625,0.000572388247103104,0.0326673372953308
0.05575,0.000580546643756267,0.0326673372953308
0.055875,0.000588792487202505,0.0326673372953308
0.056,0.000597126329940719,0.0436392222424054
0.056125,0.000605548722728146,0.0436392222424054
0.05625,0.000614060232208374,0.0436392222424054
0.056375,0.0006226614370836,0.0436392222424054
0.0565,0.000631352924826583,0.0436392222424054
0.056625,0.000640135291301184,0.0436392222424054
0.05675,0.000649009140378985,0.0436392222424054
0.056875,0.000657975083552207,0.0436392222424054
0.057,0.000667033739543159,0.0434797713991868
0.057125,0.000676185733848939,0.0434797713991868
0.05725,0.000685431698083777,0.0434797713991868
0.057375,0.00069477226963043,0.0434797713991868
0.0575,0.000704208091281224,0.0434797713991868
0.057625,0.00071373981083454,0.0434797713991868
0.05775,0.000723368080689302,0.0434797713991868
0.057875,0.000733093557437697,0.0434797713991868
0.058,0.000742916901456358,0.0432917463512094
0.058125,0.000752838776423736,0.0432917463512094
0.05825,0.000762859848601329,0.0432917463512094
0.058375,0.000772980786481819,0.0432917463512094
0.0585,0.000783202260427406,0.0432917463512094
0.058625,0.000793524942257997,0.0432917463512094
0.05875,0.000803949504839365,0.0432917463512094
0.058875,0.000814476621671538,0.0432917463512094
0.059,0.000825106966477614,0.0430719700153504
0.059125,0.000835841212708525,0.0430719700153504
0.05925,0.00084668003277392,0.0430719700153504
0.059375,0.000857624097704034,0.0430719700153504
0.0595,0.000868674076802181,0.0430719700153504
0.059625,0.000879830637240633,0.0430719700153504
0.05975,0.000891094443658474,0.0430719700153504
0.059875,0.000902466157761623,0.0430719700153504
0.06,0.000913946437925259,0.0428184119603546
0.060125,0.000925535938701105,0.0428184119603546
0.06025,0.000937235310010531,0.0428184119603546
0.060375,0.000949045196836643,0.0428184119603546
0.0605,0.00096096623890724,0.0428184119603546
0.060625,0.000972999070314123,0.0428184119603546
0.06075,0.000985144319136256,0.0428184119603546
0.060875,0.000997402607066998,0.0428184119603546
0.061,0.00100977454904559,0.0553898259173903
0.061125,0.00102226075774014,0.0553898259173903
0.06125,0.00103486186375197,0.0553898259173903
0.061375,0.00104757851123644,0.0553898259173903
0.0615,0.00106041135414235,0.0553898259173903
0.061625,0.00107336105578394,0.0553898259173903
0.06175,0.00108642828840865,0.0553898259173903
0.061875,0.00109961373276077,0.0553898259173903
0.062,0.0011129180776411,0.0551513640502703
0.062125,0.0011263420193712,0.0551513640502703
0.06225,0.00113988626095607,0.0551513640502703
0.062375,0.00115355151171014,0.0551513640502703
0.0625,0.00116733848686882,0.0551513640502703
0.062625,0.00118124790713426,0.0551513640502703
0.06275,0.00119528049821902,0.0551513640502703
0.062875,0.00120943699038781,0.0551513640502703
0.063,0.00122371811799763,0.0548794552277731
0.063125,0.00123812461893166,0.0548794552277731
0.06325,0.00125265723369209,0.0548794552277731
0.063375,0.00126731670502393,0.0548794552277731
0.0635,0.00128210377752495,0.0548794552277731
0.063625,0.00129701919718328,0.0548794552277731
0.06375,0.00131206371091517,0.0548794552277731
0.063875,0.00132723806610309,0.0548794552277731
0.064,0.00134254301013446,0.0545706830001328
0.064125,0.00135797928982232,0.0545706830001328
0.06425,0.00137354765044095,0.0545706830001328
0.064375,0.00138924883536697,0.0545706830001328
0.0645,0.00140508358570691,0.0545706830001328
0.064625,0.00142105263984501,0.0545706830001328
0.06475,0.0014371567329934,0.0545706830001328
0.064875,0.00145339659674487,0.0545706830001328
0.065,0.00146977295862854,0.0542229448175151
0.065125,0.00148628654153459,0.0542229448175151
0.06525,0.00150293806270756,0.0542229448175151
0.065375,0.00151972823342343,0.0542229448175151
0.0655,0.00153665775865349,0.0542229448175151
0.065625,0.00155372733664028,0.0542229448175151
0.06575,0.00157093765847804,0.0542229448175151
0.065875,0.001588289407698,0.0542229448175151
0.066,0.0016057832598586,0.0682729115528625
0.066125,0.00162341988755803,0.0682729115528625
0.06625,0.00164119998301748,0.0682729115528625
0.066375,0.00165912425318973,0.0682729115528625
0.0665,0.00167719341555916,0.0682729115528625
0.066625,0.00169540819766684,0.0682729115528625
0.06675,0.00171376933663081,0.0682729115528625
0.066875,0.00173227757866212,0.0682729115528625
0.067,0.00175093367857669,0.0679406861126972
0.067125,0.00176973839917529,0.0679406861126972
0.06725,0.00178869251020459,0.0679406861126972
0.067375,0.0018077967879648,0.0679406861126972
0.0675,0.00182705201489811,0.0679406861126972
0.067625,0.00184645897908643,0.0679406861126972
0.06775,0.00186601847374711,0.0679406861126972
0.067875,0.00188573129672666,0.0679406861126972
0.068,0.00190559824999294,0.0675705425181958
0.068125,0.0019256201389834,0.0675705425181958
0.06825,0.00194579777148943,0.0675705425181958
0.068375,0.00196613195726403,0.0675705425181958
0.0685,0.00198662350761097,0.0675705425181958
0.068625,0.00200727323487578,0.0675705425181958
0.06875,0.00202808195193715,0.0675705425181958
0.068875,0.00204905047169908,0.0675705425181958
0.069,0.00207017960658392,0.0671588825896997
0.069125,0.00209147016786801,0.0671588825896997
0.06925,0.00211292296450416,0.0671588825896997
0.069375,0.00213453880275112,0.0671588825896997
0.0695,0.002156318485785,0.0671588825896997
0.069625,0.00217826281320415,0.0671588825896997
0.06975,0.00220037258053691,0.0671588825896997
0.069875,0.00222264857875268,0.0671588825896997
0.07,0.00224509159377631,0.0667035766418273
0.070125,0.00226770240583086,0.0667035766418273
0.07025,0.00229048178821502,0.0667035766418273
0.070375,0.00231343050697535,0.0667035766418273
0.0705,0.00233654932056082,0.0667035766418273
0.070625,0.00235983897936165,0.0667035766418273
0.07075,0.0023833002252534,0.0667035766418273
0.070875,0.00240693379114679,0.0667035766418273
0.071,0.00243074040054328,0.082065701338313
0.071125,0.00245472077301983,0.082065701338313
0.07125,0.00247887564892556,0.082065701338313
0.071375,0.0025032057840383,0.082065701338313
0.0715,0.00252771194497756,0.082065701338313
0.071625,0.0025523949086907,0.082065701338313
0.07175,0.00257725546193435,0.082065701338313
0.071875,0.00260229440075139,0.082065701338313
0.072,0.00262751252994392,0.081626413051827
0.072125,0.00265291066237284,0.081626413051827
0.07225,0.0026784896177049,0.081626413051827
0.072375,0.00270425022201557,0.081626413051827
0.0725,0.00273019330736768,0.081626413051827
0.072625,0.00275631971127106,0.081626413051827
0.07275,0.00278263027614033,0.081626413051827
0.072875,0.00280912584875093,0.081626413051827
0.073,0.00283580727969383,0.0811453027126077
0.073125,0.00286267542264369,0.0811453027126077
0.07325,0.00288973113302481,0.0811453027126077
0.073375,0.00291697526761762,0.0811453027126077
0.0735,0.00294440868414153,0.0811453027126077
0.073625,0.00297203224071063,0.0811453027126077
0.07375,0.00299984679529025,0.0811453027126077
0.073875,0.00302785320515462,0.0811453027126077
0.074,0.003056052326346,0.0806186524901675
0.074125,0.00308444501293245,0.0806186524901675
0.07425,0.00311303211560932,0.0806186524901675
0.074375,0.00314181448133299,0.0806186524901675
0.0745,0.00317079295293169,0.0806186524901675
0.074625,0.00319996836857967,0.0806186524901675
0.07475,0.00322934156127515,0.0806186524901675
0.074875,0.00325891335832197,0.0806186524901675
0.075,0.00328868458081561,0.080044350360656
0.075125,0.00331865604291204,0.080044350360656
0.07525,0.00334882855038346,0.080044350360656
0.075375,0.00337920290030218,0.080044350360656
0.0755,0.00340977988070183,0.080044350360656
0.075625,0.00344056027009203,0.080044350360656
0.07575,0.00347154483697931,0.080044350360656
0.075875,0.0035027343393945,0.080044350360656
0.076,0.00353412952442687,0.0965080677749929
0.076125,0.00356573113411302,0.0965080677749929
0.07625,0.00359753993191578,0.0965080677749929
0.076375,0.00362955669700937,0.0965080677749929
0.0765,0.0036617822193756,0.0965080677749929
0.076625,0.0036942172992658,0.0965080677749929
0.07675,0.00372686274665808,0.0965080677749929
0.076875,0.00375971938071036,0.0965080677749929
0.077,0.00379278802920923,0.0959503944452054
0.077125,0.00382606952780024,0.0959503944452054
0.07725,0.00385956471851748,0.0959503944452054
0.077375,0.00389327444940095,0.0959503944452054
0.0775,0.00392719957408387,0.0959503944452054
0.077625,0.00396134095122997,0.0959503944452054
0.07775,0.00399569944396909,0.0959503944452054
0.077875,0.00403027591933148,0.0959503944452054
0.078,0.00406507124768088,0.0953477062335018
0.078125,0.00410008630191468,0.0953477062335018
0.07825,0.00413532195591008,0.0953477062335018
0.078375,0.00417077908414889,0.0953477062335018
0.0785,0.00420645856131328,0.0953477062335018
0.078625,0.00424236126172236,0.0953477062335018
0.07875,0.00427848805877019,0.0953477062335018
0.078875,0.00431483982436537,0.0953477062335018
0.079,0.00435141742837249,0.0946962315839353
0.079125,0.00438822173780471,0.0946962315839353
0.07925,0.00442525361520437,0.0946962315839353
0.079375,0.00446251391830064,0.0946962315839353
0.0795,0.00450000349963853,0.0946962315839353
0.079625,0.00453772320603887,0.0946962315839353
0.07975,0.00457567387806256,0.0946962315839353
0.079875,0.00461385634947932,0.0946962315839353
0.08,0.00465227144674124,0.0939939202957166
0.080125,0.00469091998819066,0.0939939202957166
0.08025,0.00472980278239542,0.0939939202957166
0.080375,0.00476892062786329,0.0939939202957166
0.0805,0.00480827431272823,0.0939939202957166
0.080625,0.00484786461425676,0.0939939202957166
0.08075,0.00488769229836147,0.0939939202957166
0.080875,0.00492775811912171,0.0939939202957166
0.081,0.00496806281831178,0.111308120962025
0.081125,0.00500860713161259,0.111308120962025
0.08125,0.00504939181647741,0.111308120962025
0.081375,0.0050904176461411,0.111308120962025
0.0815,0.00513168540448279,0.111308120962025
0.081625,0.00517319588548003,0.111308120962025
0.08175,0.00521494989265857,0.111308120962025
0.081875,0.00525694823853781,0.111308120962025
0.082,0.00529919174407242,0.110623147672026
0.082125,0.00534168123782629,0.110623147672026
0.08225,0.00538441755428684,0.110623147672026
0.082375,0.00542740153351616,0.110623147672026
0.0825,0.00547063402076605,0.110623147672026
0.082625,0.00551411586590956,0.110623147672026
0.08275,0.005557847922871,0.110623147672026
0.082875,0.00560183104905484,0.110623147672026
0.083,0.00564606610477386,0.109890797938697
0.083125,0.00569055395239438,0.109890797938697
0.08325,0.00573529545456579,0.109890797938697
0.083375,0.00578029147388262,0.109890797938697
0.0835,0.00582554287251131,0.109890797938697
0.083625,0.00587105051162398,0.109890797938697
0.08375,0.0059168152508338,0.109890797938697
0.083875,0.00596283794763236,0.109890797938697
0.084,0.00600911945682939,0.109107315181218
0.084125,0.00605566062969287,0.109107315181218
0.08425,0.00610246231211263,0.109107315181218
0.084375,0.00614952534429952,0.109107315181218
0.0845,0.00619685056044986,0.109107315181218
0.084625,0.00624443878820628,0.109107315181218
0.08475,0.00629229084812329,0.109107315181218
0.084875,0.00634040755313782,0.109107315181218
0.085,0.00638878970804504,0.108270753913517
0.085125,0.00643743810865716,0.108270753913517
0.08525,0.00648635353992224,0.108270753913517
0.085375,0.0065355367756853,0.108270753913517
0.0855,0.00658498857841498,0.108270753913517
0.085625,0.00663470969871538,0.108270753913517
0.08575,0.00668470087484555,0.108270753913517
0.085875,0.00673496283224661,0.108270753913517
0.086,0.00678549628307712,0.126152368148809
0.086125,0.00683630193265098,0.126152368148809
0.08625,0.00688738050823949,0.126152368148809
0.086375,0.00693873275290762,0.126152368148809
0.0865,0.00699035942023178,0.126152368148809
0.086625,0.00704226127375999,0.126152368148809
0.08675,0.00709443908646752,0.126152368148809
0.086875,0.00714689364020845,0.126152368148809
0.087,0.00719962572516335,0.1253339471056
0.087125,0.00725263613896791,0.1253339471056
0.08725,0.00730592568481517,0.1253339471056
0.087375,0.00735949517115564,0.1253339471056
0.0875,0.00741334541135483,0.1253339471056
0.087625,0.007467477223132,0.1253339471056
0.08775,0.00752189142799755,0.1253339471056
0.087875,0.00757658885068942,0.1253339471056
0.088,0.00763157031860886,0.124466714709781
0.088125,0.00768683666092141,0.124466714709781
0.08825,0.00774238870657372,0.124466714709781
0.088375,0.00779822728400674,0.124466714709781
0.0885,0.00785435322082728,0.124466714709781
0.088625,0.00791076734325085,0.124466714709781
0.08875,0.00796747047554637,0.124466714709781
0.088875,0.00802446343948314,0.124466714709781
0.089,0.0080817470537802,0.123546998508835
0.089125,0.00813932213320392,0.123546998508835
0.08925,0.00819718948651888,0.123546998508835
0.089375,0.00825534991624087,0.123546998508835
0.0895,0.00831380421834886,0.123546998508835
0.089625,0.00837255318175736,0.123546998508835
0.08975,0.00843159758779381,0.123546998508835
0.089875,0.00849093820968118,0.123546998508835
0.09,0.00855057581202614,0.122572997910461
0.090125,0.00861051114993745,0.122572997910461
0.09025,0.00867074496693276,0.122572997910461
0.090375,0.00873127799475678,0.122572997910461
0.0905,0.00879211095315847,0.122572997910461
0.090625,0.00885324454941737,0.122572997910461
0.09075,0.00891467947787767,0.122572997910461
0.090875,0.00897641641949052,0.122572997910461
0.091,0.00903845604136459,0.140719690199383
0.091125,0.00910079900332182,0.140719690199383
0.09125,0.00916344598714904,0.140719690199383
0.091375,0.00922639769036541,0.140719690199383
0.0915,0.00928965482088483,0.140719690199383
0.091625,0.00935321809649088,0.140719690199383
0.09175,0.0094170882443075,0.140719690199383
0.091875,0.00948126600026548,0.140719690199383
0.092,0.00954575210856512,0.139764743472088
0.092125,0.00961054732076725,0.139764743472088
0.09225,0.00967565239368712,0.139764743472088
0.092375,0.00974106808915319,0.139764743472088
0.0925,0.00980679517371675,0.139764743472088
0.092625,0.00987283441810649,0.139764743472088
0.09275,0.00993918659668182,0.139764743472088
0.092875,0.0100058524868853,0.139764743472088
0.093,0.0100728328686945,0.138760544565226
0.093125,0.0101401285236862,0.138760544565226
0.09325,0.0102077402328452,0.138760544565226
0.093375,0.0102756687763381,0.138760544565226
0.0935,0.0103439149332374,0.138760544565226
0.093625,0.010412479480982,0.138760544565226
0.09375,0.0104813631948391,0.138760544565226
0.093875,0.0105505668473682,0.138760544565226
0.094,0.0106200912078884,0.137703571352082
0.094125,0.0106899370415399,0.137703571352082
0.09425,0.0107601051070285,0.137703571352082
0.094375,0.0108305961564397,0.137703571352082
0.0945,0.0109014109350061,0.137703571352082
0.094625,0.010972550180598,0.137703571352082
0.09475,0.0110440146232197,0.137703571352082
0.094875,0.0111158049845107,0.137703571352082
0.095,0.0111879219772535,0.13659220342552
0.095125,0.0112603663044575,0.13659220342552
0.09525,0.0113331386570607,0.13659220342552
0.095375,0.0114062397138111,0.13659220342552
0.0955,0.0114796701411,0.13659220342552
0.095625,0.0115534305925097,0.13659220342552
0.09575,0.0116275217083668,0.13659220342552
0.095875,0.0117019441153063,0.13659220342552
0.096,0.0117766984258422,0.154695691172574
0.096125,0.0118517852449276,0.154695691172574
0.09625,0.0119272051991569,0.154695691172574
0.096375,0.012002958930568,0.154695691172574
0.0965,0.0120790470913375,0.154695691172574
0.096625,0.0121554703432774,0.154695691172574
0.09675,0.0122322293573274,0.154695691172574
0.096875,0.0123093248130429,0.154695691172574
0.097,0.0123867573980796,0.15360443806827
0.097125,0.012464527807254,0.15360443806827
0.09725,0.0125426367402359,0.15360443806827
0.097375,0.0126210849013728,0.15360443806827
0.0975,0.0126998729994589,0.15360443806827
0.097625,0.0127790017472118,0.15360443806827
0.09775,0.0128584718607497,0.15360443806827
0.097875,0.0129382840590659,0.15360443806827
0.098,0.0130184390635047,0.152464520474583
0.098125,0.013098937596796,0.152464520474583
0.09825,0.0131797803806654,0.152464520474583
0.098375,0.0132609681356749,0.152464520474583
0.0985,0.013342501581007,0.152464520474583
0.098625,0.0134243814339496,0.152464520474583
0.09875,0.013506608409382,0.152464520474583
0.098875,0.0135891832192639,0.152464520474583
0.099,0.0136721065721261,0.1512726264585
0.099125,0.0137553791721061,0.1512726264585
0.09925,0.0138390017164951,0.1512726264585
0.099375,0.0139229748956211,0.1512726264585
0.0995,0.0140072993926766,0.1512726264585
0.099625,0.0140919758832355,0.1512726264585
0.09975,0.0141770050347749,0.1512726264585
0.099875,0.0142623875062023,0.1512726264585
0.1,0.0143481239473886,0.150027344126368
0.100125,0.0144342149982271,0.150027344126368
0.10025,0.0145206612861413,0.150027344126368
0.100375,0.0146074634260359,0.150027344126368
0.1005,0.0146946220201923,0.150027344126368
0.100625,0.0147821376578423,0.150027344126368
0.10075,0.0148700109147498,0.150027344126368
0.100875,0.0149582423528007,0.150027344126368
0.101,0.0150468325196014,0.167783987282031
0.101125,0.015135781954932,0.167783987282031
0.10125,0.0152250912194084,0.167783987282031
0.101375,0.0153147608884224,0.167783987282031
0.1015,0.015404791546959,0.167783987282031
0.101625,0.0154951837891218,0.167783987282031
0.10175,0.015585938217655,0.167783987282031
0.101875,0.0156770554434622,0.167783987282031
0.102,0.0157685360851202,0.166560054988104
0.102125,0.015860380767919,0.166560054988104
0.10225,0.0159525901213679,0.166560054988104
0.102375,0.016045164779093,0.166560054988104
0.1025,0.0161381053786725,0.166560054988104
0.102625,0.0162314125611461,0.166560054988104
0.10275,0.016325086970523,0.166560054988104
0.102875,0.0164191292532897,0.166560054988104
0.103,0.0165135400579175,0.165289071612319
0.103125,0.0166083200338791,0.165289071612319
0.10325,0.0167034698290776,0.165289071612319
0.103375,0.0167989900897607,0.165289071612319
0.1035,0.0168948814603742,0.165289071612319
0.103625,0.0169911445830802,0.165289071612319
0.10375,0.017087780097277,0.165289071612319
0.103875,0.0171847886391223,0.165289071612319
0.104,0.0172821708410582,0.163967986811401
0.104125,0.0173799273308305,0.163967986811401
0.10425,0.0174780587288599,0.163967986811401
0.104375,0.0175765656482,0.163967986811401
0.1045,0.0176754486944347,0.163967986811401
0.104625,0.0177747084652308,0.163967986811401
0.10475,0.0178743455498947,0.163967986811401
0.104875,0.0179743605289353,0.163967986811401
0.105,0.018074753973633,0.162595617507432
0.105125,0.0181755264450848,0.162595617507432
0.10525,0.0182766784915404,0.162595617507432
0.105375,0.0183782106484289,0.162595617507432
0.1055,0.0184801234383248,0.162595617507432
0.105625,0.0185824173705585,0.162595617507432
0.10575,0.018685092940834,0.162595617507432
0.105875,0.0187881506308555,0.162595617507432
0.106,0.0188915909079623,0.179713440926945
0.106125,0.0189954142313728,0.179713440926945
0.10625,0.0190996210798372,0.179713440926945
0.106375,0.0192042119458196,0.179713440926945
0.1065,0.0193091873305239,0.179713440926945
0.106625,0.0194145477434606,0.179713440926945
0.10675,0.0195202937020093,0.179713440926945
0.106875,0.0196264257309786,0.179713440926945
0.107,0.0197329443621619,0.178363824739934
0.107125,0.0198398501333705,0.178363824739934
0.10725,0.0199471435857762,0.178363824739934
0.107375,0.0200548252638918,0.178363824739934
0.1075,0.020162895715483,0.178363824739934
0.107625,0.0202713554911214,0.178363824739934
0.10775,0.0203802051437366,0.178363824739934
0.107875,0.0204894452281685,0.178363824739934
0.108,0.0205990763007187,0.176969756225319
0.108125,0.0207090989181651,0.176969756225319
0.10825,0.0208195136350338,0.176969756225319
0.108375,0.0209303210035981,0.176969756225319
0.1085,0.0210415215738106,0.176969756225319
0.108625,0.0211531158928675,0.176969756225319
0.10875,0.0212651045047747,0.176969756225319
0.108875,0.0213774879499173,0.176969756225319
0.109,0.0214902667646316,0.175528488984398
0.109125,0.0216034414802247,0.175528488984398
0.10925,0.0217170126201953,0.175528488984398
0.109375,0.0218309807002776,0.175528488984398
0.1095,0.0219453462284182,0.175528488984398
0.109625,0.0220601097043756,0.175528488984398
0.10975,0.0221752716193252,0.175528488984398
0.109875,0.0222908324554702,0.175528488984398
0.11,0.0224067926856574,0.174039081231652
0.110125,0.0225231527724259,0.174039081231652
0.11025,0.0226399131651986,0.174039081231652
0.110375,0.0227570743003948,0.174039081231652
0.1105,0.0228746366014749,0.174039081231652
0.110625,0.0229926004785993,0.174039081231652
0.11075,0.0231109663282943,0.174039081231652
0.110875,0.0232297345331265,0.174039081231652
0.111,0.0233489054613861,0.190243075130399
0.111125,0.0234684794730257,0.190243075130399
0.11125,0.0235884569458668,0.190243075130399
0.111375,0.0237088382701208,0.190243075130399
0.1115,0.023829623843711,0.190243075130399
0.111625,0.0239508140718921,0.190243075130399
0.11175,0.0240724093668665,0.190243075130399
0.111875,0.0241944101473976,0.190243075130399
0.112,0.0243168168384205,0.188777948725319
0.112125,0.0244396298700849,0.188777948725319
0.11225,0.0245628496749642,0.188777948725319
0.112375,0.0246864766881277,0.188777948725319
0.1125,0.0248105113471399,0.188777948725319
0.112625,0.0249349540916695,0.188777948725319
0.11275,0.0250598053630992,0.188777948725319
0.112875,0.0251850656041341,0.188777948725319
0.113,0.0253107352584111,0.187271880528163
0.113125,0.0254368147695278,0.187271880528163
0.11325,0.0255633045781884,0.187271880528163
0.113375,0.0256902051222969,0.187271880528163
0.1135,0.0258175168369772,0.187271880528163
0.113625,0.0259452401541958,0.187271880528163
0.11375,0.0260733755023875,0.187271880528163
0.113875,0.0262019233060831,0.187271880528163
0.114,0.0263308839855405,0.185722461695727
0.114125,0.0264602579557818,0.185722461695727
0.11425,0.0265900456236959,0.185722461695727
0.114375,0.0267202473881759,0.185722461695727
0.1145,0.0268508636401843,0.185722461695727
0.114625,0.026981894762412,0.185722461695727
0.11475,0.0271133411289425,0.185722461695727
0.114875,0.027245203104922,0.185722461695727
0.115,0.0273774810462346,0.184128997276712
0.115125,0.0275101752985695,0.184128997276712
0.11525,0.0276432861945015,0.184128997276712
0.115375,0.0277768140536952,0.184128997276712
0.1155,0.0279107591830363,0.184128997276712
0.115625,0.0280451218763493,0.184128997276712
0.11575,0.0281799024141215,0.184128997276712
0.115875,0.0283151010632364,0.184128997276712
0.116,0.0284507180767141,0.199167278517872
0.116125,0.0285867536992586,0.199167278517872
0.11625,0.0287232081916144,0.199167278517872
0.116375,0.0288600818255182,0.199167278517872
0.1165,0.0289973748793926,0.199167278517872
0.116625,0.0291350876380299,0.199167278517872
0.11675,0.0292732203922724,0.199167278517872
0.116875,0.0294117734386902,0.199167278517872
0.117,0.0295507470792564,0.197599689412859
0.117125,0.0296901416204161,0.197599689412859
0.11725,0.0298299573701929,0.197599689412859
0.117375,0.0299701946383596,0.197599689412859
0.1175,0.0301108537365312,0.197599689412859
0.117625,0.0302519349778408,0.197599689412859
0.11775,0.0303934386766157,0.197599689412859
0.117875,0.0305353651480534,0.197599689412859
0.118,0.030677714707898,0.195995481018239
0.118125,0.0308204876714979,0.195995481018239
0.11825,0.0309636843508597,0.195995481018239
0.118375,0.031107305054839,0.195995481018239
0.1185,0.031251350089255,0.195995481018239
0.118625,0.0313958197565812,0.195995481018239
0.11875,0.0315407143556382,0.195995481018239
0.118875,0.0316860341812903,0.195995481018239
0.119,0.0318317795241436,0.19435260698242
0.119125,0.0319779506696147,0.19435260698242
0.11925,0.0321245478949483,0.19435260698242
0.119375,0.0322715714694512,0.19435260698242
0.1195,0.0324190216546501,0.19435260698242
0.119625,0.0325668987040178,0.19435260698242
0.11975,0.0327152028627046,0.19435260698242
0.119875,0.0328639343672751,0.19435260698242
0.12,0.03301309344545,0.192670618491932
0.120125,0.0331626803152049,0.192670618491932
0.12025,0.0333126951817723,0.192670618491932
0.120375,0.0334631382379387,0.192670618491932
0.1205,0.0336140096642656,0.192670618491932
0.120625,0.0337653096288714,0.192670618491932
0.12075,0.0339170382872205,0.192670618491932
0.120875,0.03406919578192,0.192670618491932
0.121,0.0342217822425242,0.206322465136878
0.121125,0.0343747977906096,0.206322465136878
0.12125,0.0345282425619265,0.206322465136878
0.121375,0.0346821167018557,0.206322465136878
0.1215,0.0348364203615397,0.206322465136878
0.121625,0.0349911536976359,0.206322465136878
0.12175,0.0351463168720667,0.206322465136878
0.121875,0.0353019100517673,0.206322465136878
0.122,0.0354579334084319,0.204667961030316
0.122125,0.035614387117619,0.204667961030316
0.12225,0.0357712713557871,0.204667961030316
0.122375,0.0359285863005642,0.204667961030316
0.1225,0.0360863321309354,0.204667961030316
0.122625,0.0362445090269903,0.204667961030316
0.12275,0.0364031171696713,0.204667961030316
0.122875,0.0365621567405211,0.204667961030316
0.123,0.0367216279214314,0.20298185226122
0.123125,0.0368815308937407,0.20298185226122
0.12325,0.037041865835226,0.20298185226122
0.123375,0.0372026329203916,0.20298185226122
0.1235,0.0373638323206775,0.20298185226122
0.123625,0.037525464204222,0.20298185226122
0.12375,0.0376875287356266,0.20298185226122
0.123875,0.0378500260757234,0.20298185226122
0.124,0.0380129563813455,0.201262470498341
0.124125,0.0381763198044365,0.201262470498341
0.12425,0.038340116489014,0.201262470498341
0.124375,0.0385043465714987,0.201262470498341
0.1245,0.0386690101809628,0.201262470498341
0.124625,0.0388341074389259,0.201262470498341
0.12475,0.0389996384591569,0.201262470498341
0.124875,0.0391656033474793,0.201262470498341
0.125,0.0393320022015821,0.19950960615864
0.125125,0.0394988351101594,0.19950960615864
0.12525,0.0396661021498644,0.19950960615864
0.125375,0.0398338033856956,0.19950960615864
0.1255,0.0400019388713045,0.19950960615864
0.125625,0.0401705086488426,0.19950960615864
0.12575,0.0403395127488173,0.19950960615864
0.125875,0.0405089511899523,0.19950960615864
0.126,0.0406788239790573,0.21159399615258
0.126125,0.0408491311155619,0.21159399615258
0.12625,0.0410198726111654,0.21159399615258
0.126375,0.0411910484858576,0.21159399615258
0.1265,0.0413626587645366,0.21159399615258
0.126625,0.0415347034768317,0.21159399615258
0.12675,0.0417071826569251,0.21159399615258
0.126875,0.0418800963433708,0.21159399615258
0.127,0.0420534445789114,0.209870210307541
0.127125,0.0422272274096292,0.209870210307541
0.12725,0.0424014448819396,0.209870210307541
0.127375,0.0425760970429549,0.209870210307541
0.1275,0.0427511839407619,0.209870210307541
0.127625,0.0429267056242425,0.209870210307541
0.12775,0.0431026621428939,0.209870210307541
0.127875,0.0432790535466485,0.209870210307541
0.128,0.0434558798856945,0.208120390322877
0.128125,0.0436331412096225,0.208120390322877
0.12825,0.0438108375643835,0.208120390322877
0.128375,0.0439889689926716,0.208120390322877
0.1285,0.0441675355342203,0.208120390322877
0.128625,0.0443465372256376,0.208120390322877
0.12875,0.0445259741002423,0.208120390322877
0.128875,0.0447058461879031,0.208120390322877
0.129,0.0448861535148795,0.206343250835226
0.129125,0.0450668961029808,0.206343250835226
0.12925,0.0452480739665046,0.206343250835226
0.129375,0.0454296871126546,0.206343250835226
0.1295,0.0456117355418743,0.206343250835226
0.129625,0.0457942192477123,0.206343250835226
0.12975,0.0459771382166927,0.206343250835226
0.129875,0.0461604924281889,0.206343250835226
0.13,0.0463442818543024,0.204538807995249
0.130125,0.04652850645905,0.204538807995249
0.13025,0.0467131661952989,0.204538807995249
0.130375,0.0468982610052365,0.204538807995249
0.1305,0.0470837908207561,0.204538807995249
0.130625,0.0472697555633698,0.204538807995249
0.13075,0.047456155144127,0.204538807995249
0.130875,0.0476429894635397,0.204538807995249
0.131,0.0478302584115129,0.214920886979825
0.131125,0.0480179618712849,0.214920886979825
0.13125,0.0482060997363527,0.214920886979825
0.131375,0.0483946719070978,0.214920886979825
0.1315,0.0485836782879245,0.214920886979825
0.131625,0.0487731187871524,0.214920886979825
0.13175,0.0489629933169071,0.214920886979825
0.131875,0.0491533017930093,0.214920886979825
0.132,0.0493440441348616,0.213147083565238
0.132125,0.0495352202646503,0.213147083565238
0.13225,0.0497268301043278,0.213147083565238
0.132375,0.0499188735760625,0.213147083565238
0.1325,0.0501113506026011,0.213147083565238
0.132625,0.05030426110716,0.213147083565238
0.13275,0.0504976050133162,0.213147083565238
0.132875,0.0506913822448987,0.213147083565238
0.133,0.0508855927258805,0.211353221690801
0.133125,0.0510802363795779,0.211353221690801
0.13325,0.0512753131256089,0.211353221690801
0.133375,0.0514708228803592,0.211353221690801
0.1335,0.0516667655573624,0.211353221690801
0.133625,0.0518631410672045,0.211353221690801
0.13375,0.052059949317431,0.211353221690801
0.133875,0.0522571902124563,0.211353221690801
0.134,0.0524548636534743,0.209538392637265
0.134125,0.0526529695376717,0.209538392637265
0.13425,0.0528515077551747,0.209538392637265
0.134375,0.053050478189547,0.209538392637265
0.1345,0.053249880718202,0.209538392637265
0.134625,0.0534497152123361,0.209538392637265
0.13475,0.0536499815368663,0.209538392637265
0.134875,0.0538506795503712,0.209538392637265
0.135,0.0540518091050358,0.207702818134654
0.135125,0.0542533700458922,0.207702818134654
0.13525,0.0544553622077695,0.207702818134654
0.135375,0.0546577854158372,0.207702818134654
0.1355,0.0548606394860635,0.207702818134654
0.135625,0.0550639242251907,0.207702818134654
0.13575,0.055267639430717,0.207702818134654
0.135875,0.055471784890882,0.207702818134654
0.136,0.0556763603846591,0.216296554349841
0.136125,0.0558813656850654,0.216296554349841
0.13625,0.056086800573221,0.216296554349841
0.136375,0.0562926648356053,0.216296554349841
0.1365,0.0564989582617376,0.216296554349841
0.136625,0.056705680644138,0.216296554349841
0.13675,0.0569128317782858,0.216296554349841
0.136875,0.0571204114625778,0.216296554349841
0.137,0.0573284194982843,0.214493121463456
0.137125,0.0575368556888081,0.214493121463456
0.13725,0.0577457198366886,0.214493121463456
0.137375,0.0579550117441306,0.214493121463456
0.1375,0.0581647312134445,0.214493121463456
0.137625,0.0583748780470076,0.214493121463456
0.13775,0.0585854520472259,0.214493121463456
0.137875,0.0587964530164952,0.214493121463456
0.138,0.0590078807571634,0.212675848293831
0.138125,0.0592197350707915,0.212675848293831
0.13825,0.0594320157551434,0.212675848293831
0.138375,0.0596447226047301,0.212675848293831
0.1385,0.0598578554112653,0.212675848293831
0.138625,0.0600714139636407,0.212675848293831
0.13875,0.0602853980479027,0.212675848293831
0.138875,0.0604998074472306,0.212675848293831
0.139,0.0607146419419173,0.2108441856684
0.139125,0.0609299013086445,0.2108441856684
0.13925,0.0611455853174704,0.2108441856684
0.139375,0.0613616937324016,0.2108441856684
0.1395,0.061578226311877,0.2108441856684
0.139625,0.0617951828087693,0.2108441856684
0.13975,0.0620125629703885,0.2108441856684
0.139875,0.0622303665384901,0.2108441856684
0.14,0.0624485932492852,0.208998534872238
0.140125,0.0626672428327428,0.208998534872238
0.14025,0.0628863150095874,0.208998534872238
0.140375,0.0631058094919101,0.208998534872238
0.1405,0.0633257259836921,0.208998534872238
0.140625,0.0635460641808437,0.208998534872238
0.14075,0.0637668237712466,0.208998534872238
0.140875,0.0639880044348013,0.208998534872238
0.141,0.0642096058434795,0.215765864620323
0.141125,0.0644316276639887,0.215765864620323
0.14125,0.064654069568903,0.215765864620323
0.141375,0.064876931234561,0.215765864620323
0.1415,0.0651002123392992,0.215765864620323
0.141625,0.0653239125634797,0.215765864620323
0.14175,0.0655480315895177,0.215765864620323
0.141875,0.0657725691019077,0.215765864620323
0.142,0.0659975247872485,0.213953753657366
0.142125,0.0662228983335681,0.213953753657366
0.14225,0.0664486894273828,0.213953753657366
0.142375,0.0666748977542986,0.213953753657366
0.1425,0.0669015229995232,0.213953753657366
0.142625,0.0671285648478979,0.213953753657366
0.14275,0.0673560229839287,0.213953753657366
0.142875,0.0675838970918182,0.213953753657366
0.143,0.0678121868554977,0.212134093716173
0.143125,0.0680408919579577,0.212134093716173
0.14325,0.0682700120783038,0.212134093716173
0.143375,0.0684995468923718,0.212134093716173
0.1435,0.0687294960732536,0.212134093716173
0.143625,0.0689598592913427,0.212134093716173
0.14375,0.0691906362143799,0.212134093716173
0.143875,0.0694218265075015,0.212134093716173
0.144,0.0696534298332884,0.210306668924962
0.144125,0.0698854458511121,0.210306668924962
0.14425,0.0701178742141975,0.210306668924962
0.144375,0.0703507145702615,0.210306668924962
0.1445,0.0705839665620632,0.210306668924962
0.144625,0.0708176298274726,0.210306668924962
0.14475,0.0710517039995408,0.210306668924962
0.144875,0.0712861887065737,0.210306668924962
0.145,0.0715210835722082,0.208472029817853
0.145125,0.0717563882147829,0.208472029817853
0.14525,0.0719921022444188,0.208472029817853
0.145375,0.0722282252636894,0.208472029817853
0.1455,0.0724647568682048,0.208472029817853
0.145625,0.072701696646712,0.208472029817853
0.14575,0.0729390441811989,0.208472029817853
0.145875,0.0731767990470021,0.208472029817853
0.146,0.0734149608129184,0.213420360363609
0.146125,0.0736535290432269,0.213420360363609
0.14625,0.0738925033059022,0.213420360363609
0.146375,0.0741318831711515,0.213420360363609
0.1465,0.0743716682101966,0.213420360363609
0.146625,0.0746118579953695,0.213420360363609
0.14675,0.0748524521002068,0.213420360363609
0.146875,0.0750934500995431,0.213420360363609
0.147,0.0753348515696044,0.211620495104855
0.147125,0.0755766560874058,0.211620495104855
0.14725,0.0758188632278988,0.211620495104855
0.147375,0.0760614725646376,0.211620495104855
0.1475,0.0763044836703567,0.211620495104855
0.147625,0.0765478961170708,0.211620495104855
0.14775,0.0767917094761757,0.211620495104855
0.147875,0.0770359233185484,0.211620495104855
0.148,0.0772805372146484,0.209819276825906
0.148125,0.077525550733924,0.209819276825906
0.14825,0.0777709634419668,0.209819276825906
0.148375,0.0780167749011896,0.209819276825906
0.1485,0.0782629846714163,0.209819276825906
0.148625,0.0785095923099946,0.209819276825906
0.14875,0.0787565973719102,0.209819276825906
0.148875,0.0790039994099019,0.209819276825906
0.149,0.0792517979745786,0.208016789593912
0.149125,0.0794999926138412,0.208016789593912
0.14925,0.0797485828700532,0.208016789593912
0.149375,0.0799975682807367,0.208016789593912
0.1495,0.0802469483791819,0.208016789593912
0.149625,0.08049672269458,0.208016789593912
0.14975,0.0807468907521587,0.208016789593912
0.149875,0.0809974520733186,0.208016789593912
0.15,0.081248406175773,0.206213700416561
0.150125,0.0814997525729933,0.206213700416561
0.15025,0.0817514907714023,0.206213700416561
0.150375,0.0820036202710959,0.206213700416561
0.1505,0.0822561405664785,0.206213700416561
0.150625,0.0825090511464227,0.206213700416561
0.15075,0.0827623514944312,0.206213700416561
0.150875,0.0830160410888029,0.206213700416561
0.151,0.0832701194027997,0.209393576127437
0.151125,0.0835245859060438,0.209393576127437
0.15125,0.0837794400698915,0.209393576127437
0.151375,0.0840346813665909,0.209393576127437
0.1515,0.0842903092685962,0.209393576127437
0.151625,0.0845463232487263,0.209393576127437
0.15175,0.0848027227803229,0.209393576127437
0.151875,0.0850595073374082,0.209393576127437
0.152,0.0853166763948417,0.207626272807358
0.152125,0.0855742294277952,0.207626272807358
0.15225,0.0858321659090177,0.207626272807358
0.152375,0.0860904853095555,0.207626272807358
0.1525,0.0863491870993856,0.207626272807358
0.152625,0.0866082707475807,0.207626272807358
0.15275,0.0868677357224732,0.207626272807358
0.152875,0.0871275814918211,0.207626272807358
0.153,0.0873878075229723,0.205863557370324
0.153125,0.0876484132823503,0.205863557370324
0.15325,0.087909398232736,0.205863557370324
0.153375,0.0881707618339966,0.205863557370324
0.1535,0.0884325035437285,0.205863557370324
0.153625,0.0886946228174332,0.205863557370324
0.15375,0.0889571191086941,0.205863557370324
0.153875,0.0892199918693539,0.205863557370324
0.154,0.0894832405496934,0.204105775009423
0.154125,0.0897468645979321,0.204105775009423
0.15425,0.0900108634575328,0.204105775009423
0.154375,0.090275236567944,0.204105775009423
0.1545,0.0905399833652573,0.204105775009423
0.154625,0.0908051032823989,0.204105775009423
0.15475,0.0910705957493236,0.204105775009423
0.154875,0.0913364601932099,0.204105775009423
0.155,0.0916026960386554,0.202353675377831
0.155125,0.0918693027071995,0.202353675377831
0.15525,0.0921362796146549,0.202353675377831
0.155375,0.0924036261718683,0.202353675377831
0.1555,0.0926713417853958,0.202353675377831
0.155625,0.0929394258577151,0.202353675377831
0.15575,0.0932078777874401,0.202353675377831
0.155875,0.093476696969537,0.202353675377831
0.156,0.093745882795542,0.203856978543915
0.156125,0.0940154346543604,0.203856978543915
0.15625,0.094285351934947,0.203856978543915
0.156375,0.0945556340260461,0.203856978543915
0.1565,0.0948262803160081,0.203856978543915
0.156625,0.095097290193003,0.203856978543915
0.15675,0.0953686630452353,0.203856978543915
0.156875,0.0956403982611576,0.203856978543915
0.157,0.0959124952296841,0.202141415615383
0.157125,0.0961849533397422,0.202141415615383
0.15725,0.0964577719776782,0.202141415615383
0.157375,0.096730950528018,0.202141415615383
0.1575,0.097004488374143,0.202141415615383
0.157625,0.097278384898511,0.202141415615383
0.15775,0.0975526394828772,0.202141415615383
0.157875,0.0978272515085148,0.202141415615383
0.158,0.0981022203564368,0.200435981347728
0.158125,0.0983775454069585,0.200435981347728
0.15825,0.0986532260371286,0.200435981347728
0.158375,0.098929261621495,0.200435981347728
0.1585,0.0992056515327874,0.200435981347728
0.158625,0.099482395142147,0.200435981347728
0.15875,0.0997594918193575,0.200435981347728
0.158875,0.100036940933076,0.200435981347728
0.159,0.100314741851064,0.198741238844837
0.159125,0.100592893939766,0.198741238844837
0.15925,0.100871396561769,0.198741238844837
0.159375,0.101150249076574,0.198741238844837
0.1595,0.101429450841292,0.198741238844837
0.159625,0.101709001210881,0.198741238844837
0.15975,0.10198889953839,0.198741238844837
0.159875,0.102269145175205,0.198741238844837
0.16,0.10254973747129,0.197057986346467
0.160125,0.102830675774784,0.197057986346467
0.16025,0.103111959429492,0.197057986346467
0.160375,0.103393587775668,0.197057986346467
0.1605,0.103675560150719,0.197057986346467
0.160625,0.103957875889458,0.197057986346467
0.16075,0.104240534324362,0.197057986346467
0.160875,0.10452353478583,0.197057986346467
0.161,0.104806876602441,0.19701554025373
0.161125,0.105090559101199,0.19701554025373
0.16125,0.105374581607718,0.19701554025373
0.161375,0.105658943446504,0.19701554025373
0.1615,0.105943643941215,0.19701554025373
0.161625,0.106228682414934,0.19701554025373
0.16175,0.10651405819042,0.19701554025373
0.161875,0.10679977059037,0.19701554025373
0.162,0.107085818937683,0.195369296982634
0.162125,0.107372202555078,0.195369296982634
0.16225,0.107658920762667,0.195369296982634
0.162375,0.107945972878731,0.195369296982634
0.1625,0.10823335822043,0.195369296982634
0.162625,0.108521076104069,0.195369296982634
0.16275,0.10880912584536,0.195369296982634
0.162875,0.109097506759694,0.195369296982634
0.163,0.109386218162405,0.193738195699735
0.163125,0.109675259368405,0.193738195699735
0.16325,0.109964629689785,0.193738195699735
0.163375,0.110254328436598,0.193738195699735
0.1635,0.11054435491757,0.193738195699735
0.163625,0.110834708440369,0.193738195699735
0.16375,0.111125388311882,0.193738195699735
0.163875,0.111416393838486,0.193738195699735
0.164,0.111707724326325,0.192122970618092
0.164125,0.111999379080957,0.192122970618092
0.16425,0.11229135740499,0.192122970618092
0.164375,0.112583658598864,0.192122970618092
0.1645,0.112876281961567,0.192122970618092
0.164625,0.113169226790914,0.192122970618092
0.16475,0.113462492383828,0.192122970618092
0.164875,0.113756078036622,0.192122970618092
0.165,0.11404998304528,0.190524434805577
0.165125,0.114344206705124,0.190524434805577
0.16525,0.114638748308477,0.190524434805577
0.165375,0.114933607145457,0.190524434805577
0.1655,0.115228782504688,0.190524434805577
0.165625,0.115524273673591,0.190524434805577
0.16575,0.115820079938674,0.190524434805577
0.165875,0.116116200585819,0.190524434805577
0.166,0.116412634900571,0.189101525389372
0.166125,0.116709382167883,0.189101525389372
0.16625,0.11700644167007,0.189101525389372
0.166375,0.117303812687557,0.189101525389372
0.1665,0.117601494499554,0.189101525389372
0.166625,0.117899486384344,0.189101525389372
0.16675,0.118197787619589,0.189101525389372
0.166875,0.118496397482615,0.189101525389372
0.167,0.118795315250716,0.187540187826033
0.167125,0.119094540200841,0.187540187826033
0.16725,0.119394071607337,0.187540187826033
0.167375,0.119693908742742,0.187540187826033
0.1675,0.1199940508785,0.187540187826033
0.167625,0.120294497285263,0.187540187826033
0.16775,0.120595247233193,0.187540187826033
0.167875,0.120896299992263,0.187540187826033
0.168,0.121197654832559,0.185998369987898
0.168125,0.121499311023983,0.185998369987898
0.16825,0.121801267834036,0.185998369987898
0.168375,0.122103524528604,0.185998369987898
0.1685,0.12240608037268,0.185998369987898
0.168625,0.122708934630665,0.185998369987898
0.16875,0.123012086566681,0.185998369987898
0.168875,0.123315535444872,0.185998369987898
0.169,0.123619280529711,0.184476927999225
0.169125,0.123923321085721,0.184476927999225
0.16925,0.124227656375287,0.184476927999225
0.169375,0.124532285659449,0.184476927999225
0.1695,0.124837208198614,0.184476927999225
0.169625,0.125142423252869,0.184476927999225
0.16975,0.12544793008229,0.184476927999225
0.169875,0.125753727947254,0.184476927999225
0.17,0.126059816108746,0.182976657027225
0.170125,0.126366193828089,0.182976657027225
0.17025,0.126672860364796,0.182976657027225
0.170375,0.126979814977363,0.182976657027225
0.1705,0.127287056923971,0.182976657027225
0.170625,0.127594585462806,0.182976657027225
0.17075,0.127902399852371,0.182976657027225
0.170875,0.128210499351796,0.182976657027225
0.171,0.128518883221148,0.180365977039435
0.171125,0.12882755072074,0.180365977039435
0.17125,0.129136501107163,0.180365977039435
0.171375,0.129445733634432,0.180365977039435
0.1715,0.129755247555002,0.180365977039435
0.171625,0.130065042120087,0.180365977039435
0.17175,0.130375116579983,0.180365977039435
0.171875,0.130685470184389,0.180365977039435
0.172,0.130996102182728,0.178902803152457
0.172125,0.131307011823906,0.178902803152457
0.17225,0.131618198354238,0.178902803152457
0.172375,0.131929661018233,0.178902803152457
0.1725,0.132241399059317,0.178902803152457
0.172625,0.132553411720153,0.178902803152457
0.17275,0.132865698242974,0.178902803152457
0.172875,0.133178257869907,0.178902803152457
0.173,0.133491089843298,0.177462803754126
0.173125,0.133804193405488,0.177462803754126
0.17325,0.134117567796777,0.177462803754126
0.173375,0.134431212256214,0.177462803754126
0.1735,0.134745126022306,0.177462803754126
0.173625,0.13505930833335,0.177462803754126
0.17375,0.135373758427767,0.177462803754126
0.173875,0.135688475544426,0.177462803754126
0.174,0.136003458922978,0.17604690714045
0.174125,0.136318707803637,0.17604690714045
0.17425,0.136634221425189,0.17604690714045
0.174375,0.136949999025772,0.17604690714045
0.1745,0.137266039843585,0.17604690714045
0.174625,0.137582343117219,0.17604690714045
0.17475,0.137898908085986,0.17604690714045
0.174875,0.138215733990255,0.17604690714045
0.175,0.138532820071772,0.174655860047808
0.175125,0.138850165573459,0.174655860047808
0.17525,0.139167769737461,0.174655860047808
0.175375,0.139485631805915,0.174655860047808
0.1755,0.139803751021653,0.174655860047808
0.175625,0.140122126628528,0.174655860047808
0.17575,0.140440757871745,0.174655860047808
0.175875,0.140759643998187,0.174655860047808
0.176,0.141078784256744,0.171068814801138
0.176125,0.141398177897247,0.171068814801138
0.17625,0.14171782416493,0.171068814801138
0.176375,0.142037722301895,0.171068814801138
0.1765,0.142357871548405,0.171068814801138
0.176625,0.14267827114322,0.171068814801138
0.17675,0.142998920323942,0.171068814801138
0.176875,0.14331981832735,0.171068814801138
0.177,0.143640964389744,0.169714459761535
0.177125,0.143962357746758,0.169714459761535
0.17725,0.144283997631487,0.169714459761535
0.177375,0.144605883275256,0.169714459761535
0.1775,0.144928013908328,0.169714459761535
0.177625,0.145250388760245,0.169714459761535
0.17775,0.145573007060177,0.169714459761535
0.177875,0.145895868037266,0.169714459761535
0.178,0.146218970920966,0.168386147019707
0.178125,0.146542314940882,0.168386147019707
0.17825,0.14686589932493,0.168386147019707
0.178375,0.147189723300112,0.168386147019707
0.1785,0.147513786093212,0.168386147019707
0.178625,0.147838086931144,0.168386147019707
0.17875,0.148162625041297,0.168386147019707
0.178875,0.148487399651885,0.168386147019707
0.179,0.148812409992286,0.167084829017028
0.179125,0.149137655292889,0.167084829017028
0.17925,0.149463134783304,0.167084829017028
0.179375,0.149788847693118,0.167084829017028
0.1795,0.150114793252592,0.167084829017028
0.179625,0.150440970692999,0.167084829017028
0.17975,0.150767379246975,0.167084829017028
0.179875,0.151094018148855,0.167084829017028
0.18,0.151420886635021,0.165811177140002
0.180125,0.151747983943743,0.165811177140002
0.18025,0.152075309313442,0.165811177140002
0.180375,0.152402861983423,0.165811177140002
0.1805,0.152730641194564,0.165811177140002
0.180625,0.153058646189646,0.165811177140002
0.18075,0.153386876213697,0.165811177140002
0.180875,0.153715330514325,0.165811177140002
0.181,0.154044008342053,0.161469215286432
0.181125,0.154372908948974,0.161469215286432
0.18125,0.154702031581981,0.161469215286432
0.181375,0.15503137548448,0.161469215286432
0.1815,0.155360939897896,0.161469215286432
0.181625,0.15569072406202,0.161469215286432
0.18175,0.15602072721536,0.161469215286432
0.181875,0.156350948595491,0.161469215286432
0.182,0.156681387439406,0.16023153218119
0.182125,0.157012042983387,0.16023153218119
0.18225,0.157342914461332,0.16023153218119
0.182375,0.157674001105498,0.16023153218119
0.1825,0.158005302147186,0.16023153218119
0.182625,0.158336816817094,0.16023153218119
0.18275,0.158668544345676,0.16023153218119
0.182875,0.15900048396349,0.16023153218119
0.183,0.159332634901559,0.159021934747298
0.183125,0.15966499639125,0.159021934747298
0.18325,0.159997567662651,0.159021934747298
0.183375,0.16033034794531,0.159021934747298
0.1835,0.160663336468909,0.159021934747298
0.183625,0.160996532463618,0.159021934747298
0.18375,0.161329935160456,0.159021934747298
0.183875,0.161663543791637,0.159021934747298
0.184,0.161997357590928,0.15784135531651
0.184125,0.162331375793539,0.15784135531651
0.18425,0.162665597634546,0.15784135531651
0.184375,0.163000022349611,0.15784135531651
0.1845,0.163334649175652,0.15784135531651
0.184625,0.16366947735119,0.15784135531651
0.18475,0.164004506116701,0.15784135531651
0.184875,0.16433973471496,0.15784135531651
0.185,0.16467516239139,0.156690367815943
0.185125,0.165010788393962,0.156690367815943
0.18525,0.165346611971648,0.156690367815943
0.185375,0.165682632375134,0.156690367815943
0.1855,0.166018848857468,0.156690367815943
0.185625,0.166355260674397,0.156690367815943
0.18575,0.166691867084711,0.156690367815943
0.185875,0.167028667350574,0.156690367815943
0.186,0.167365660737863,0.1518175272876
0.186125,0.167702846514621,0.1518175272876
0.18625,0.168040223943409,0.1518175272876
0.186375,0.168377792283198,0.1518175272876
0.1865,0.168715550791011,0.1518175272876
0.186625,0.169053498722276,0.1518175272876
0.18675,0.169391635331175,0.1518175272876
0.186875,0.169729959870999,0.1518175272876
0.187,0.170068471594498,0.150701463987113
0.187125,0.170407169753804,0.150701463987113
0.18725,0.170746053598954,0.150701463987113
0.187375,0.171085122378598,0.150701463987113
0.1875,0.171424375340654,0.150701463987113
0.187625,0.171763811732662,0.150701463987113
0.18775,0.172103430802135,0.150701463987113
0.187875,0.172443231796923,0.150701463987113
0.188,0.172783213965557,0.149614696288477
0.188125,0.17312337655719,0.149614696288477
0.18825,0.173463718820168,0.149614696288477
0.188375,0.173804240002726,0.149614696288477
0.1885,0.174144939353639,0.149614696288477
0.188625,0.174485816122566,0.149614696288477
0.18875,0.174826869560411,0.149614696288477
0.188875,0.175168098919672,0.149614696288477
0.189,0.17550950345479,0.148558097330235
0.189125,0.175851082422093,0.148558097330235
0.18925,0.176192835078411,0.148558097330235
0.189375,0.17653476068176,0.148558097330235
0.1895,0.176876858491974,0.148558097330235
0.189625,0.177219127771047,0.148558097330235
0.18975,0.17756156778348,0.148558097330235
0.189875,0.177904177796627,0.148558097330235
0.19,0.17824695708103,0.147532126912058
0.190125,0.178589904910368,0.147532126912058
0.19025,0.178933020560109,0.147532126912058
0.190375,0.179276303308178,0.147532126912058
0.1905,0.17961975243556,0.147532126912058
0.190625,0.179963367226636,0.147532126912058
0.19075,0.180307146969516,0.147532126912058
0.190875,0.180651090956366,0.147532126912058
0.191,0.180995198483736,0.142348813944549
0.191125,0.181339468850882,0.142348813944549
0.19125,0.181683901351609,0.142348813944549
0.191375,0.182028495276246,0.142348813944549
0.1915,0.182373249913369,0.142348813944549
0.191625,0.182718164550138,0.142348813944549
0.19175,0.183063238472647,0.142348813944549
0.191875,0.183408470966266,0.142348813944549
0.192,0.183753861315983,0.141356417802398
0.192125,0.184099408806368,0.141356417802398
0.19225,0.184445112720289,0.141356417802398
0.192375,0.184790972339575,0.141356417802398
0.1925,0.185136986945625,0.141356417802398
0.192625,0.185483155819752,0.141356417802398
0.19275,0.185829478243533,0.141356417802398
0.192875,0.186175953499152,0.141356417802398
0.193,0.186522580869743,0.140393712866316
0.193125,0.186869359639366,0.140393712866316
0.19325,0.187216289091769,0.140393712866316
0.193375,0.187563368511038,0.140393712866316
0.1935,0.187910597182201,0.140393712866316
0.193625,0.188257974391563,0.140393712866316
0.19375,0.188605499427055,0.140393712866316
0.193875,0.188953171578571,0.140393712866316
0.194,0.189300990138307,0.13946147989782
0.194125,0.189648954400735,0.13946147989782
0.19425,0.18999706366142,0.13946147989782
0.194375,0.190345317217644,0.13946147989782
0.1945,0.190693714368992,0.13946147989782
0.194625,0.191042254417684,0.13946147989782
0.19475,0.191390936668907,0.13946147989782
0.194875,0.191739760431146,0.13946147989782
0.195,0.192088725016508,0.138560053412257
0.195125,0.1924378297407,0.138560053412257
0.19525,0.192787073921875,0.138560053412257
0.195375,0.193136456881242,0.138560053412257
0.1955,0.193485977943622,0.138560053412257
0.195625,0.193835636437768,0.138560053412257
0.19575,0.194185431696681,0.138560053412257
0.195875,0.194535363057922,0.138560053412257
0.196,0.194885429863918,0.133277193147611
0.196125,0.19523563146024,0.133277193147611
0.19625,0.195585967187252,0.133277193147611
0.196375,0.195936436382114,0.133277193147611
0.1965,0.196287038380501,0.133277193147611
0.196625,0.196637772516935,0.133277193147611
0.19675,0.196988638125108,0.133277193147611
0.196875,0.197339634538214,0.133277193147611
0.197,0.197690761089269,0.132407717989193
0.197125,0.198042017111106,0.132407717989193
0.19725,0.198393401935277,0.132407717989193
0.197375,0.198744914892652,0.132407717989193
0.1975,0.199096555313985,0.132407717989193
0.197625,0.199448322530235,0.132407717989193
0.19775,0.199800215872897,0.132407717989193
0.197875,0.200152234674327,0.132407717989193
0.198,0.200504378268068,0.131567559971829
0.198125,0.20085664598885,0.131567559971829
0.19825,0.201209037171536,0.131567559971829
0.198375,0.201561551151715,0.131567559971829
0.1985,0.201914187266246,0.131567559971829
0.198625,0.202266944853585,0.131567559971829
0.19875,0.202619823254102,0.131567559971829
0.198875,0.202972821810403,0.131567559971829
0.199,0.203325939867647,0.13075738062322
0.199125,0.203679176773551,0.13075738062322
0.19925,0.204032531877376,0.13075738062322
0.199375,0.204386004530501,0.13075738062322
0.1995,0.204739594086948,0.13075738062322
0.199625,0.205093299903698,0.13075738062322
0.19975,0.205447121340996,0.13075738062322
0.199875,0.20580105776266,0.13075738062322
0.2,0.206155108536388,0.12997738334631
0.200125,0.206509273033755,0.12997738334631
0.20025,0.206863550629239,0.12997738334631
0.200375,0.207217940700765,0.12997738334631
0.2005,0.20757244263021,0.12997738334631
0.200625,0.207927055803698,0.12997738334631
0.20075,0.208281779611893,0.12997738334631
0.200875,0.208636613450284,0.12997738334631
0.201,0.208991556719474,0.124790148048691
0.201125,0.209346608823461,0.124790148048691
0.20125,0.209701769161433,0.124790148048691
0.201375,0.2100570371297,0.124790148048691
0.2015,0.210412412123378,0.124790148048691
0.201625,0.210767893536686,0.124790148048691
0.20175,0.21112348076325,0.124790148048691
0.201875,0.211479173196407,0.124790148048691
0.202,0.211834970229501,0.124040244668869
0.202125,0.212190871255897,0.124040244668869
0.20225,0.212546875668058,0.124040244668869
0.202375,0.212902982858076,0.124040244668869
0.2025,0.213259192218182,0.124040244668869
0.202625,0.213615503141042,0.124040244668869
0.20275,0.21397191502006,0.124040244668869
0.202875,0.214328427249679,0.124040244668869
0.203,0.214685039225679,0.123318581282616
0.203125,0.215041750345195,0.123318581282616
0.20325,0.215398560005835,0.123318581282616
0.203375,0.215755467606205,0.123318581282616
0.2035,0.216112472546398,0.123318581282616
0.203625,0.216469574228289,0.123318581282616
0.20375,0.216826772055828,0.123318581282616
0.203875,0.217184065435337,0.123318581282616
0.204,0.217541453775794,0.122625680179466
0.204125,0.217898936488861,0.122625680179466
0.20425,0.218256512988034,0.122625680179466
0.204375,0.218614182689148,0.122625680179466
0.2045,0.218971945010851,0.122625680179466
0.204625,0.219329799374881,0.122625680179466
0.20475,0.219687745206355,0.122625680179466
0.204875,0.220045781934044,0.122625680179466
0.205,0.220403908990648,0.121961613050284
0.205125,0.220762125812819,0.121961613050284
0.20525,0.221120431840342,0.121961613050284
0.205375,0.221478826516617,0.121961613050284
0.2055,0.221837309289103,0.121961613050284
0.205625,0.222195879609587,0.121961613050284
0.20575,0.222554536934444,0.121961613050284
0.205875,0.222913280724901,0.121961613050284
0.206,0.22327211044729,0.117042785238985
0.206125,0.223631025571409,0.117042785238985
0.20625,0.223990025562723,0.117042785238985
0.206375,0.224349109884189,0.117042785238985
0.2065,0.224708277997833,0.117042785238985
0.206625,0.225067529365018,0.117042785238985
0.20675,0.225426863446724,0.117042785238985
0.206875,0.225786279703812,0.117042785238985
0.207,0.226145777597299,0.116406755290519
0.207125,0.226505356588381,0.116406755290519
0.20725,0.226865016137668,0.116406755290519
0.207375,0.22722475570565,0.116406755290519
0.2075,0.227584574753141,0.116406755290519
0.207625,0.22794447274155,0.116406755290519
0.20775,0.228304449133152,0.116406755290519
0.207875,0.228664503391353,0.116406755290519
0.208,0.229024634980966,0.115797270298636
0.208125,0.229384843368234,0.115797270298636
0.20825,0.229745128020107,0.115797270298636
0.208375,0.230105488404694,0.115797270298636
0.2085,0.230465923991694,0.115797270298636
0.208625,0.230826434252662,0.115797270298636
0.20875,0.23118701866127,0.115797270298636
0.208875,0.231547676693566,0.115797270298636
0.209,0.231908407828239,0.115214700878605
0.209125,0.232269211546647,0.115214700878605
0.20925,0.232630087332123,0.115214700878605
0.209375,0.232991034670413,0.115214700878605
0.2095,0.233352053050085,0.115214700878605
0.209625,0.233713141962784,0.115214700878605
0.20975,0.234074300903476,0.115214700878605
0.209875,0.234435529370706,0.115214700878605
0.21,0.234796826866831,0.114658991711278
0.210125,0.235158192898061,0.114658991711278
0.21025,0.23551962697378,0.114658991711278
0.210375,0.235881128606969,0.114658991711278
0.2105,0.236242697314586,0.114658991711278
0.210625,0.236604332617805,0.114658991711278
0.21075,0.236966034042243,0.114658991711278
0.210875,0.237327801118197,0.114658991711278
0.211,0.237689633380865,0.110152886263623
0.211125,0.238051530368831,0.110152886263623
0.21125,0.238413491616919,0.110152886263623
0.211375,0.238775516657849,0.110152886263623
0.2115,0.239137605023675,0.110152886263623
0.211625,0.23949975624602,0.110152886263623
0.21175,0.239861969856323,0.110152886263623
0.211875,0.240224245386069,0.110152886263623
0.212,0.240586582367037,0.109622987913636
0.212125,0.240948980331327,0.109622987913636
0.21225,0.241311438810732,0.109622987913636
0.212375,0.241673957337146,0.109622987913636
0.2125,0.242036535442941,0.109622987913636
0.212625,0.242399172661207,0.109622987913636
0.21275,0.242761868525987,0.109622987913636
0.212875,0.243124622572514,0.109622987913636
0.213,0.243487434337448,0.109117422798474
0.213125,0.243850303358909,0.109117422798474
0.21325,0.244213229175889,0.109117422798474
0.213375,0.244576211328642,0.109117422798474
0.2135,0.244939249359049,0.109117422798474
0.213625,0.245302342810854,0.109117422798474
0.21375,0.245665491229885,0.109117422798474
0.213875,0.246028694164292,0.109117422798474
0.214,0.246391951164766,0.108636405630536
0.214125,0.24675526178458,0.108636405630536
0.21425,0.247118625579028,0.108636405630536
0.214375,0.247482042105793,0.108636405630536
0.2145,0.247845510925301,0.108636405630536
0.214625,0.248209031600939,0.108636405630536
0.21475,0.248572603699271,0.108636405630536
0.214875,0.248936226790253,0.108636405630536
0.215,0.249299900447448,0.108179764135876
0.215125,0.249663624248056,0.108179764135876
0.21525,0.25002739777238,0.108179764135876
0.215375,0.250391220604174,0.108179764135876
0.2155,0.250755092330969,0.108179764135876
0.215625,0.251119012544278,0.108179764135876
0.21575,0.251482980839795,0.108179764135876
0.215875,0.251846996817592,0.108179764135876
0.216,0.252211060082315,0.104197809268787
0.216125,0.252575170241839,0.104197809268787
0.21625,0.252939326900944,0.104197809268787
0.216375,0.253303529662774,0.104197809268787
0.2165,0.253667778130105,0.104197809268787
0.216625,0.254032071905543,0.104197809268787
0.21675,0.254396410591735,0.104197809268787
0.216875,0.254760793791574,0.104197809268787
0.217,0.2551252211084,0.10376461198635
0.217125,0.255489692146039,0.10376461198635
0.21725,0.255854206508299,0.10376461198635
0.217375,0.256218763799308,0.10376461198635
0.2175,0.256583363623834,0.10376461198635
0.217625,0.256948005587489,0.10376461198635
0.21775,0.257312689296932,0.10376461198635
0.217875,0.257677414360068,0.10376461198635
0.218,0.258042180386249,0.103353134278371
0.218125,0.258406986986315,0.103353134278371
0.21825,0.258771833772121,0.103353134278371
0.218375,0.259136720356861,0.103353134278371
0.2185,0.259501646355377,0.103353134278371
0.218625,0.259866611384354,0.103353134278371
0.21875,0.260231615062517,0.103353134278371
0.218875,0.260596657010824,0.103353134278371
0.219,0.260961736852652,0.102963439110584
0.219125,0.261326854213846,0.102963439110584
0.21925,0.261692008722263,0.102963439110584
0.219375,0.262057200008085,0.102963439110584
0.2195,0.262422427704109,0.102963439110584
0.219625,0.262787691445932,0.102963439110584
0.21975,0.263152990872135,0.102963439110584
0.219875,0.26351832562446,0.102963439110584
0.22,0.263883695347994,0.1025952524007
0.220125,0.264249099691201,0.1025952524007
0.22025,0.264614538305493,0.1025952524007
0.220375,0.264980010845522,0.1025952524007
0.2205,0.265345516969449,0.1025952524007
0.220625,0.265711056339112,0.1025952524007
0.22075,0.266076628620196,0.1025952524007
0.220875,0.266442233482393,0.1025952524007
0.221,0.266807870599571,0.0992137202669612
0.221125,0.267173539648623,0.0992137202669612
0.22125,0.267539240304096,0.0992137202669612
0.221375,0.267904972239427,0.0992137202669612
0.2215,0.268270735128011,0.0992137202669612
0.221625,0.268636528643373,0.0992137202669612
0.22175,0.269002352459339,0.0992137202669612
0.221875,0.269368206250202,0.0992137202669612
0.222,0.269734089690897,0.0988665071001763
0.222125,0.270100002457031,0.0988665071001763
0.22225,0.270465944224486,0.0988665071001763
0.222375,0.270831914669694,0.0988665071001763
0.2225,0.271197913469902,0.0988665071001763
0.222625,0.271563940303334,0.0988665071001763
0.22275,0.271929994849363,0.0988665071001763
0.222875,0.272296076788673,0.0988665071001763
0.223,0.272662185803424,0.098538122874743
0.223125,0.273028321577288,0.098538122874743
0.22325,0.273394483795079,0.098538122874743
0.223375,0.273760672143013,0.098538122874743
0.2235,0.274126886308959,0.098538122874743
0.223625,0.2744931259826,0.098538122874743
0.22375,0.274859390855593,0.098538122874743
0.223875,0.275225680621722,0.098538122874743
0.224,0.275591994977059,0.0982284908804891
0.224125,0.275958333619998,0.0982284908804891
0.22425,0.276324696250899,0.0982284908804891
0.224375,0.27669108257234,0.0982284908804891
0.2245,0.277057492289354,0.0982284908804891
0.224625,0.277423925109571,0.0982284908804891
0.22475,0.277790380743372,0.0982284908804891
0.224875,0.278156858904032,0.0982284908804891
0.225,0.278523359307868,0.0979372547519808
0.225125,0.278889881674262,0.0979372547519808
0.22525,0.279256425725333,0.0979372547519808
0.225375,0.279622991186163,0.0979372547519808
0.2255,0.279989577785013,0.0979372547519808
0.225625,0.280356185253459,0.0979372547519808
0.22575,0.280722813326527,0.0979372547519808
0.225875,0.281089461742822,0.0979372547519808
0.226,0.28145613024466,0.095196768861759
0.226125,0.281822818577133,0.095196768861759
0.22625,0.282189526483759,0.095196768861759
0.226375,0.282556253707473,0.095196768861759
0.2265,0.282922999991495,0.095196768861759
0.226625,0.283289765079466,0.095196768861759
0.22675,0.283656548715579,0.095196768861759
0.226875,0.284023350644717,0.095196768861759
0.227,0.284390170612583,0.0949239765696105
0.227125,0.284757008365732,0.0949239765696105
0.22725,0.285123863651254,0.0949239765696105
0.227375,0.285490736216993,0.0949239765696105
0.2275,0.285857625811751,0.0949239765696105
0.227625,0.286224532185422,0.0949239765696105
0.22775,0.286591455089118,0.0949239765696105
0.227875,0.286958394275304,0.0949239765696105
0.228,0.287325349497919,0.0946669761879755
0.228125,0.287692320512411,0.0946669761879755
0.22825,0.288059307075442,0.0946669761879755
0.228375,0.288426308945091,0.0946669761879755
0.2285,0.288793325881051,0.0946669761879755
0.228625,0.289160357644755,0.0946669761879755
0.22875,0.289527403999493,0.0946669761879755
0.228875,0.289894464710541,0.0946669761879755
0.229,0.290261539545274,0.0944255703456572
0.229125,0.2906286282732,0.0944255703456572
0.22925,0.290995730665675,0.0944255703456572
0.229375,0.291362846496102,0.0944255703456572
0.2295,0.291729975540108,0.0944255703456572
0.229625,0.292097117575659,0.0944255703456572
0.22975,0.292464272383176,0.0944255703456572
0.229875,0.292831439745641,0.0944255703456572
0.23,0.293198619448709,0.0941993432601824
0.230125,0.293565811280733,0.0941993432601824
0.23025,0.293933015032493,0.0941993432601824
0.230375,0.294300230497379,0.0941993432601824
0.2305,0.294667457471551,0.0941993432601824
0.230625,0.295034695754045,0.0941993432601824
0.23075,0.295401945146871,0.0941993432601824
0.230875,0.295769205455111,0.0941993432601824
0.231,0.296136476487019,0.0921053472707593
0.231125,0.296503758053305,0.0921053472707593
0.23125,0.296871049963806,0.0921053472707593
0.231375,0.297238352028242,0.0921053472707593
0.2315,0.29760566405688,0.0921053472707593
0.231625,0.29797298586063,0.0921053472707593
0.23175,0.298340317251145,0.0921053472707593
0.231875,0.298707658040922,0.0921053472707593
0.232,0.299075008043399,0.0918950242260616
0.232125,0.299442367072976,0.0918950242260616
0.23225,0.299809734944762,0.0918950242260616
0.232375,0.300177111474745,0.0918950242260616
0.2325,0.30054449647994,0.0918950242260616
0.232625,0.300911889778488,0.0918950242260616
0.23275,0.30127929118975,0.0918950242260616
0.232875,0.301646700534403,0.0918950242260616
0.233,0.30201411763453,0.0916974404449975
0.233125,0.302381542313641,0.0916974404449975
0.23325,0.302748974396439,0.0916974404449975
0.233375,0.303116413708973,0.0916974404449975
0.2335,0.303483860078782,0.0916974404449975
0.233625,0.303851313334987,0.0916974404449975
0.23375,0.304218773308374,0.0916974404449975
0.233875,0.304586239831489,0.0916974404449975
0.234,0.304953712738715,0.091512302729181
0.234125,0.305321191866294,0.091512302729181
0.23425,0.305688677052106,0.091512302729181
0.234375,0.306056168135808,0.091512302729181
0.2345,0.306423664958967,0.091512302729181
0.234625,0.306791167365144,0.091512302729181
0.23475,0.307158675199971,0.091512302729181
0.234875,0.307526188311229,0.091512302729181
0.235,0.307893706548929,0.0913391610032367
0.235125,0.308261229765316,0.0913391610032367
0.23525,0.308628757814668,0.0913391610032367
0.235375,0.308996290553415,0.0913391610032367
0.2355,0.309363827840265,0.0913391610032367
0.235625,0.309731369536272,0.0913391610032367
0.23575,0.310098915504906,0.0913391610032367
0.235875,0.310466465612124,0.0913391610032367
0.236,0.310834019726432,0.0898627863455141
0.236125,0.311201577718383,0.0898627863455141
0.23625,0.311569139458229,0.0898627863455141
0.236375,0.311936704816452,0.0898627863455141
0.2365,0.312304273664225,0.0898627863455141
0.236625,0.312671845873482,0.0898627863455141
0.23675,0.313039421316987,0.0898627863455141
0.236875,0.3134069998684,0.0898627863455141
0.237,0.313774581402342,0.0897030433870632
0.237125,0.314142165794404,0.0897030433870632
0.23725,0.314509752920948,0.0897030433870632
0.237375,0.314877342659224,0.0897030433870632
0.2375,0.315244934887478,0.0897030433870632
0.237625,0.315612529485013,0.0897030433870632
0.23775,0.315980126332256,0.0897030433870632
0.237875,0.316347725310823,0.0897030433870632
0.238,0.316715326303573,0.089553097277338
0.238125,0.317082929194618,0.089553097277338
0.23825,0.317450533869139,0.089553097277338
0.238375,0.317818140213488,0.089553097277338
0.2385,0.318185748115291,0.089553097277338
0.238625,0.318553357463506,0.089553097277338
0.23875,0.318920968148482,0.089553097277338
0.238875,0.319288580062012,0.089553097277338
0.239,0.319656193097395,0.0894125886347317
0.239125,0.320023807149432,0.0894125886347317
0.23925,0.320391422114252,0.0894125886347317
0.239375,0.320759037889412,0.0894125886347317
0.2395,0.321126654373983,0.0894125886347317
0.239625,0.321494271468606,0.0894125886347317
0.23975,0.321861889075542,0.0894125886347317
0.239875,0.322229507098721,0.0894125886347317
0.24,0.322597125443791,0.0892810595651362
0.240125,0.322964744018117,0.0892810595651362
0.24025,0.323332362730611,0.0892810595651362
0.240375,0.323699981491822,0.0892810595651362
0.2405,0.324067600214014,0.0892810595651362
0.240625,0.324435218811212,0.0892810595651362
0.24075,0.324802837199244,0.0892810595651362
0.240875,0.325170455295785,0.0892810595651362
0.241,0.325538073020399,0.0883604778157325
0.241125,0.32590569029422,0.0883604778157325
0.24125,0.326273307038489,0.0883604778157325
0.241375,0.326640923174886,0.0883604778157325
0.2415,0.327008538625813,0.0883604778157325
0.241625,0.327376153314442,0.0883604778157325
0.24175,0.327743767164749,0.0883604778157325
0.241875,0.328111380101559,0.0883604778157325
0.242,0.328478992050585,0.0882399114093994
0.242125,0.328846602938419,0.0882399114093994
0.24225,0.329214212692377,0.0882399114093994
0.242375,0.329581821240573,0.0882399114093994
0.2425,0.32994942851199,0.0882399114093994
0.242625,0.330317034436517,0.0882399114093994
0.24275,0.330684638944989,0.0882399114093994
0.242875,0.331052241969221,0.0882399114093994
0.243,0.331419843442043,0.0881264265357024
0.243125,0.331787443297296,0.0881264265357024
0.24325,0.332155041469674,0.0881264265357024
0.243375,0.332522637894802,0.0881264265357024
0.2435,0.332890232509296,0.0881264265357024
0.243625,0.333257825250794,0.0881264265357024
0.24375,0.333625416057994,0.0881264265357024
0.243875,0.333993004870685,0.0881264265357024
0.244,0.334360591629773,0.0880196312073031
0.244125,0.334728176277279,0.0880196312073031
0.24425,0.335095758756186,0.0880196312073031
0.244375,0.335463339010509,0.0880196312073031
0.2445,0.335830916985349,0.0880196312073031
0.244625,0.336198492626924,0.0880196312073031
0.24475,0.336566065882594,0.0880196312073031
0.244875,0.33693363670089,0.0880196312073031
0.245,0.33730120503154,0.0879190868172712
0.245125,0.337668770825458,0.0879190868172712
0.24525,0.3380363340346,0.0879190868172712
0.245375,0.338403894612025,0.0879190868172712
0.2455,0.338771452511945,0.0879190868172712
0.245625,0.339139007689746,0.0879190868172712
0.24575,0.339506560102014,0.0879190868172712
0.245875,0.339874109706554,0.0879190868172712
0.246,0.340241656462414,0.0874618974751957
0.246125,0.340609200329729,0.0874618974751957
0.24625,0.340976741268989,0.0874618974751957
0.246375,0.341344279241213,0.0874618974751957
0.2465,0.341711814208081,0.0874618974751957
0.246625,0.342079346131964,0.0874618974751957
0.24675,0.342446874975937,0.0874618974751957
0.246875,0.342814400703805,0.0874618974751957
0.247,0.343181923280117,0.0873699738644526
0.247125,0.343549442670153,0.0873699738644526
0.24725,0.343916958839791,0.0873699738644526
0.247375,0.344284471755553,0.0873699738644526
0.2475,0.34465198138465,0.0873699738644526
0.247625,0.345019487694998,0.0873699738644526
0.24775,0.345386990655236,0.0873699738644526
0.247875,0.345754490234741,0.0873699738644526
0.248,0.346121986403649,0.0872827485776404
0.248125,0.34648947913283,0.0872827485776404
0.24825,0.346856968393766,0.0872827485776404
0.248375,0.347224454158595,0.0872827485776404
0.2485,0.347591936400144,0.0872827485776404
0.248625,0.347959415091947,0.0872827485776404
0.24875,0.348326890208258,0.0872827485776404
0.248875,0.348694361724068,0.0872827485776404
0.249,0.349061829615112,0.0871998335905452
0.249125,0.349429293857855,0.0871998335905452
0.24925,0.349796754429367,0.0871998335905452
0.249375,0.350164211307363,0.0871998335905452
0.2495,0.350531664470233,0.0871998335905452
0.249625,0.35089911389706,0.0871998335905452
0.24975,0.351266559567624,0.0871998335905452
0.249875,0.351634001462419,0.0871998335905452
0.25,0.352001439562659,0.0871208366347782
0.250125,0.35236887385026,0.0871208366347782
0.25025,0.352736304307719,0.0871208366347782
0.250375,0.353103730918149,0.0871208366347782
0.2505,0.353471153665309,0.0871208366347782
0.250625,0.353838572533614,0.0871208366347782
0.25075,0.354205987508139,0.0871208366347782
0.250875,0.354573398574633,0.0871208366347782
0.251,0.354940805719522,0.0870079487814713
0.251125,0.355308208929876,0.0870079487814713
0.25125,0.355675608193226,0.0870079487814713
0.251375,0.356043003497615,0.0870079487814713
0.2515,0.356410394831625,0.0870079487814713
0.251625,0.356777782184391,0.0870079487814713
0.25175,0.357145165545603,0.0870079487814713
0.251875,0.357512544905512,0.0870079487814713
0.252,0.357879920254939,0.0869353451628625
0.252125,0.358247291585245,0.0869353451628625
0.25225,0.358614658888225,0.0869353451628625
0.252375,0.35898202215613,0.0869353451628625
0.2525,0.359349381381694,0.0869353451628625
0.252625,0.359716736558135,0.0869353451628625
0.25275,0.360084087679162,0.0869353451628625
0.252875,0.360451434738978,0.0869353451628625
0.253,0.360818777732283,0.0868654796418824
0.253125,0.361186116654248,0.0868654796418824
0.25325,0.361553451500409,0.0868654796418824
0.253375,0.361920782266686,0.0868654796418824
0.2535,0.362288108949408,0.0868654796418824
0.253625,0.362655431545313,0.0868654796418824
0.25375,0.363022750051553,0.0868654796418824
0.253875,0.363390064465694,0.0868654796418824
0.254,0.363757374785718,0.0867980065070661
0.254125,0.364124681009997,0.0867980065070661
0.25425,0.364491983137189,0.0867980065070661
0.254375,0.364859281166254,0.0867980065070661
0.2545,0.365226575096478,0.0867980065070661
0.254625,0.365593864927471,0.0867980065070661
0.25475,0.36596115065917,0.0867980065070661
0.254875,0.366328432291839,0.0867980065070661
0.255,0.366695709826068,0.0867326060059036
0.255125,0.36706298326275,0.0867326060059036
0.25525,0.367430252602974,0.0867326060059036
0.255375,0.367797517848044,0.0867326060059036
0.2555,0.368164778999499,0.0867326060059036
0.255625,0.36853203605911,0.0867326060059036
0.25575,0.368899289028882,0.0867326060059036
0.255875,0.369266537911054,0.0867326060059036
0.256,0.369633782708098,0.0868235294101063
0.256125,0.370001023422753,0.0868235294101063
0.25625,0.370368260058172,0.0868235294101063
0.256375,0.370735492617895,0.0868235294101063
0.2565,0.371102721105822,0.0868235294101063
0.256625,0.37146994552621,0.0868235294101063
0.25675,0.371837165883675,0.0868235294101063
0.256875,0.372204382183183,0.0868235294101063
0.257,0.372571594430057,0.0867624290249668
0.257125,0.372938802629943,0.0867624290249668
0.25725,0.373306006788712,0.0867624290249668
0.257375,0.373673206912474,0.0867624290249668
0.2575,0.374040403007593,0.0867624290249668
0.257625,0.374407595080687,0.0867624290249668
0.25775,0.374774783138617,0.0867624290249668
0.257875,0.375141967188495,0.0867624290249668
0.258,0.375509147237671,0.0867026039403271
0.258125,0.375876323293712,0.0867026039403271
0.25825,0.376243495364299,0.0867026039403271
0.258375,0.376610663457243,0.0867026039403271
0.2585,0.376977827580498,0.0867026039403271
0.258625,0.377344987742157,0.0867026039403271
0.25875,0.377712143950448,0.0867026039403271
0.258875,0.378079296213732,0.0867026039403271
0.259,0.378446444540498,0.0866437893940073
0.259125,0.378813588939336,0.0866437893940073
0.25925,0.379180729418842,0.0866437893940073
0.259375,0.379547865987625,0.0866437893940073
0.2595,0.379914998654325,0.0866437893940073
0.259625,0.380282127427608,0.0866437893940073
0.25975,0.380649252316163,0.0866437893940073
0.259875,0.381016373328697,0.0866437893940073
0.26,0.381383490473931,0.0865857624802984
0.260125,0.381750603760577,0.0865857624802984
0.26025,0.382117713197237,0.0865857624802984
0.260375,0.38248481879242,0.0865857624802984
0.2605,0.382851920554553,0.0865857624802984
0.260625,0.383219018491976,0.0865857624802984
0.26075,0.383586112612943,0.0865857624802984
0.260875,0.383953202925615,0.0865857624802984
0.261,0.384320289438061,0.0867246839001097
0.261125,0.384687372158305,0.0867246839001097
0.26125,0.385054451094551,0.0867246839001097
0.261375,0.385421526255139,0.0867246839001097
0.2615,0.385788597648501,0.0867246839001097
0.261625,0.386155665283157,0.0867246839001097
0.26175,0.386522729167716,0.0867246839001097
0.261875,0.386889789310865,0.0867246839001097
0.262,0.387256845721373,0.0866690175913866
0.262125,0.387623898408061,0.0866690175913866
0.26225,0.387990947379707,0.0866690175913866
0.262375,0.388357992645064,0.0866690175913866
0.2625,0.388725034212867,0.0866690175913866
0.262625,0.38909207209183,0.0866690175913866
0.26275,0.389459106290644,0.0866690175913866
0.262875,0.389826136817976,0.0866690175913866
0.263,0.390193163682457,0.0866137168065033
0.263125,0.390560186892668,0.0866137168065033
0.26325,0.390927206457038,0.0866137168065033
0.263375,0.391294222383862,0.0866137168065033
0.2635,0.391661234681311,0.0866137168065033
0.263625,0.392028243357431,0.0866137168065033
0.26375,0.392395248420139,0.0866137168065033
0.263875,0.392762249877218,0.0866137168065033
0.264,0.393129247736319,0.086558635077266
0.264125,0.393496242004933,0.086558635077266
0.26425,0.393863232690301,0.086558635077266
0.264375,0.394230219799426,0.086558635077266
0.2645,0.394597203339089,0.086558635077266
0.264625,0.394964183315846,0.086558635077266
0.26475,0.395331159736022,0.086558635077266
0.264875,0.395698132605718,0.086558635077266
0.265,0.3960651019308,0.0865036678523091
0.265125,0.396432067716884,0.0865036678523091
0.26525,0.39679902996924,0.0865036678523091
0.265375,0.397165988692808,0.0865036678523091
0.2655,0.397532943892218,0.0865036678523091
0.265625,0.39789989557178,0.0865036678523091
0.26575,0.398266843735493,0.0865036678523091
0.265875,0.398633788387039,0.0865036678523091
0.266,0.399000729529784,0.0865255610509006
0.266125,0.399367667166788,0.0865255610509006
0.26625,0.399734601300839,0.0865255610509006
0.266375,0.400101531934448,0.0865255610509006
0.2665,0.400468459069845,0.0865255610509006
0.266625,0.400835382708975,0.0865255610509006
0.26675,0.401202302853505,0.0865255610509006
0.266875,0.40156921950482,0.0865255610509006
0.267,0.401936132664027,0.0864711837616217
0.267125,0.402303042331933,0.0864711837616217
0.26725,0.40266994850896,0.0864711837616217
0.267375,0.403036851195163,0.0864711837616217
0.2675,0.403403750390246,0.0864711837616217
0.267625,0.403770646093563,0.0864711837616217
0.26775,0.404137538304125,0.0864711837616217
0.267875,0.404504427020598,0.0864711837616217
0.268,0.404871312241306,0.0864168498983314
0.268125,0.405238193964218,0.0864168498983314
0.26825,0.405605072186856,0.0864168498983314
0.268375,0.405971946906319,0.0864168498983314
0.2685,0.406338818119302,0.0864168498983314
0.268625,0.406705685822097,0.0864168498983314
0.26875,0.407072550010602,0.0864168498983314
0.268875,0.407439410680319,0.0864168498983314
0.269,0.407806267826365,0.0863625659432638
0.269125,0.408173121443453,0.0863625659432638
0.26925,0.408539971525807,0.0863625659432638
0.269375,0.408906818067188,0.0863625659432638
0.2695,0.409273661060912,0.0863625659432638
0.269625,0.409640500499856,0.0863625659432638
0.26975,0.410007336376466,0.0863625659432638
0.269875,0.410374168682762,0.0863625659432638
0.27,0.410740997410343,0.0863083636030587
0.270125,0.411107822550378,0.0863083636030587
0.27025,0.411474644093522,0.0863083636030587
0.270375,0.411841462029936,0.0863083636030587
0.2705,0.41220827634932,0.0863083636030587
0.270625,0.412575087040909,0.0863083636030587
0.27075,0.41294189409349,0.0863083636030587
0.270875,0.413308697495408,0.0863083636030587
0.271,0.413675497234574,0.0860447147244358
0.271125,0.414042293298374,0.0860447147244358
0.27125,0.414409085673244,0.0860447147244358
0.271375,0.414775874344767,0.0860447147244358
0.2715,0.415142659297755,0.0860447147244358
0.271625,0.415509440516256,0.0860447147244358
0.27175,0.41587621798357,0.0860447147244358
0.271875,0.416242991682262,0.0860447147244358
0.272,0.416609761594171,0.085989506464372
0.272125,0.416976527700405,0.085989506464372
0.27225,0.417343289981263,0.085989506464372
0.272375,0.417710048416268,0.085989506464372
0.2725,0.418076802984194,0.085989506464372
0.272625,0.418443553663083,0.085989506464372
0.27275,0.418810300430259,0.085989506464372
0.272875,0.419177043262346,0.085989506464372
0.273,0.419543782135281,0.0859346198808822
0.273125,0.41991051702431,0.0859346198808822
0.27325,0.420277247903917,0.0859346198808822
0.273375,0.420643974747859,0.0859346198808822
0.2735,0.421010697529193,0.0859346198808822
0.273625,0.4213774162203,0.0859346198808822
0.27375,0.421744130792903,0.0859346198808822
0.273875,0.42211084121808,0.0859346198808822
0.274,0.422477547466292,0.0858802453100872
0.274125,0.422844249507372,0.0858802453100872
0.27425,0.423210947310464,0.0858802453100872
0.274375,0.423577640844055,0.0858802453100872
0.2745,0.423944330076013,0.0858802453100872
0.274625,0.424311014973605,0.0858802453100872
0.27475,0.424677695503521,0.0858802453100872
0.274875,0.425044371631894,0.0858802453100872
0.275,0.425411043324323,0.0858265645397656
0.275125,0.425777710545873,0.0858265645397656
0.27525,0.426144373261008,0.0858265645397656
0.275375,0.426511031433635,0.0858265645397656
0.2755,0.426877685027137,0.0858265645397656
0.275625,0.427244334004398,0.0858265645397656
0.27575,0.427610978327827,0.0858265645397656
0.275875,0.42797761795938,0.0858265645397656
0.276,0.428344252860587,0.0851107735855157
0.276125,0.428710882992295,0.0851107735855157
0.27625,0.429077508313527,0.0851107735855157
0.276375,0.429444128781731,0.0851107735855157
0.2765,0.429810744353001,0.0851107735855157
0.276625,0.430177354982109,0.0851107735855157
0.27675,0.430543960622527,0.0851107735855157
0.276875,0.430910561226468,0.0851107735855157
0.277,0.431277156744911,0.0850546609890463
0.277125,0.431643747127612,0.0850546609890463
0.27725,0.432010332323047,0.0850546609890463
0.277375,0.432376912278462,0.0850546609890463
0.2775,0.432743486939922,0.0850546609890463
0.277625,0.433110056252345,0.0850546609890463
0.27775,0.433476620159539,0.0850546609890463
0.277875,0.433843178604238,0.0850546609890463
0.278,0.434209731528136,0.084999739644496
0.278125,0.434576278871905,0.084999739644496
0.27825,0.434942820575141,0.084999739644496
0.278375,0.435309356576421,0.084999739644496
0.2785,0.435675886813354,0.084999739644496
0.278625,0.436042411222622,0.084999739644496
0.27875,0.43640892974002,0.084999739644496
0.278875,0.436775442300492,0.084999739644496
0.279,0.437141948838178,0.0849464101142838
0.279125,0.437508449286426,0.0849464101142838
0.27925,0.437874943577753,0.0849464101142838
0.279375,0.438241431643899,0.0849464101142838
0.2795,0.438607913415885,0.0849464101142838
0.279625,0.438974388824055,0.0849464101142838
0.27975,0.439340857798118,0.0849464101142838
0.279875,0.439707320267192,0.0849464101142838
0.28,0.440073776159845,0.0848950137891437
0.280125,0.440440225404121,0.0848950137891437
0.28025,0.440806667927499,0.0848950137891437
0.280375,0.44117310365695,0.0848950137891437
0.2805,0.441539532519,0.0848950137891437
0.280625,0.44190595443977,0.0848950137891437
0.28075,0.442272369345022,0.0848950137891437
0.280875,0.442638777160204,0.0848950137891437
0.281,0.443005177810494,0.0835677657615267
0.281125,0.443371571220334,0.0835677657615267
0.28125,0.443737957311302,0.0835677657615267
0.281375,0.444104336002583,0.0835677657615267
0.2815,0.444470707211372,0.0835677657615267
0.281625,0.444837070852931,0.0835677657615267
0.28175,0.445203426840641,0.0835677657615267
0.281875,0.445569775086057,0.0835677657615267
0.282,0.445936115498967,0.0835126685554566
0.282125,0.446302447987424,0.0835126685554566
0.28225,0.446668772457719,0.0835126685554566
0.282375,0.447035088814452,0.0835126685554566
0.2825,0.447401396960612,0.0835126685554566
0.282625,0.447767696797633,0.0835126685554566
0.28275,0.448133988225458,0.0835126685554566
0.282875,0.448500271142603,0.0835126685554566
0.283,0.448866545446215,0.0834601941927206
0.283125,0.44923281103212,0.0834601941927206
0.28325,0.449599067794797,0.0834601941927206
0.283375,0.449965315627465,0.0834601941927206
0.2835,0.450331554422155,0.0834601941927206
0.283625,0.450697784069785,0.0834601941927206
0.28375,0.451064004460218,0.0834601941927206
0.283875,0.451430215482336,0.0834601941927206
0.284,0.4517964170241,0.0834109746529139
0.284125,0.452162608972608,0.0834109746529139
0.28425,0.452528791214075,0.0834109746529139
0.284375,0.452894963633919,0.0834109746529139
0.2845,0.453261126116846,0.0834109746529139
0.284625,0.453627278546917,0.0834109746529139
0.28475,0.453993420807616,0.0834109746529139
0.284875,0.454359552781923,0.0834109746529139
0.285,0.454725674352382,0.0833655160458805
0.285125,0.455091785401153,0.0833655160458805
0.28525,0.455457885810008,0.0833655160458805
0.285375,0.455823975460417,0.0833655160458805
0.2855,0.456190054233628,0.0833655160458805
0.285625,0.45655612201074,0.0833655160458805
0.28575,0.456922178672769,0.0833655160458805
0.285875,0.457288224100723,0.0833655160458805
0.286,0.457654258175669,0.0812802482533733
0.286125,0.458020280778,0.0812802482533733
0.28625,0.458386291784094,0.0812802482533733
0.286375,0.458752291067048,0.0812802482533733
0.2865,0.459118278497317,0.0812802482533733
0.286625,0.459484253942794,0.0812802482533733
0.28675,0.459850217268896,0.0812802482533733
0.286875,0.460216168338646,0.0812802482533733
0.287,0.460582107012764,0.0812299599230629
0.287125,0.460948033149728,0.0812299599230629
0.28725,0.461313946605788,0.0812299599230629
0.287375,0.461679847235067,0.0812299599230629
0.2875,0.462045734889665,0.0812299599230629
0.287625,0.462411609419754,0.0812299599230629
0.28775,0.462777470673666,0.0812299599230629
0.287875,0.463143318497991,0.0812299599230629
0.288,0.463509152737666,0.0811842403920471
0.288125,0.463874973236058,0.0811842403920471
0.28825,0.464240779834982,0.0811842403920471
0.288375,0.46460657237481,0.0811842403920471
0.2885,0.464972350694584,0.0811842403920471
0.288625,0.465338114632111,0.0811842403920471
0.28875,0.465703864024064,0.0811842403920471
0.288875,0.466069598706076,0.0811842403920471
0.289,0.466435318512843,0.0811439684284625
0.289125,0.466801023278206,0.0811439684284625
0.28925,0.467166712835186,0.0811439684284625
0.289375,0.467532387016094,0.0811439684284625
0.2895,0.467898045652646,0.0811439684284625
0.289625,0.46826368857606,0.0811439684284625
0.28975,0.468629315617156,0.0811439684284625
0.289875,0.46899492660646,0.0811439684284625
0.29,0.469360521374301,0.0811098154782948
0.290125,0.469726099750901,0.0811098154782948
0.29025,0.470091661566417,0.0811098154782948
0.290375,0.470457206651051,0.0811098154782948
0.2905,0.470822734835165,0.0811098154782948
0.290625,0.471188245949373,0.0811098154782948
0.29075,0.471553739824644,0.0811098154782948
0.290875,0.471919216292404,0.0811098154782948
0.291,0.472284675184627,0.0781380218017236
0.291125,0.472650116332795,0.0781380218017236
0.29125,0.473015539563129,0.0781380218017236
0.291375,0.47338094469764,0.0781380218017236
0.2915,0.47374633155503,0.0781380218017236
0.291625,0.474111699950811,0.0781380218017236
0.29175,0.474477049697414,0.0781380218017236
0.291875,0.474842380604316,0.0781380218017236
0.292,0.475207692478155,0.0780980336125625
0.292125,0.475572985122837,0.0780980336125625
0.29225,0.475938258339591,0.0780980336125625
0.292375,0.476303511927108,0.0780980336125625
0.2925,0.476668745681675,0.0780980336125625
0.292625,0.477033959397304,0.0780980336125625
0.29275,0.477399152865851,0.0780980336125625
0.292875,0.477764325877156,0.0780980336125625
0.293,0.47812947821916,0.0780650105613783
0.293125,0.47849460967803,0.0780650105613783
0.29325,0.478859720038232,0.0780650105613783
0.293375,0.479224809082674,0.0780650105613783
0.2935,0.479589876592844,0.0780650105613783
0.293625,0.479954922348946,0.0780650105613783
0.29375,0.480319946130031,0.0780650105613783
0.293875,0.480684947714129,0.0780650105613783
0.294,0.481049926878384,0.0780400871624349
0.294125,0.48141488339918,0.0780400871624349
0.29425,0.481779817052228,0.0780400871624349
0.294375,0.482144727612717,0.0780400871624349
0.2945,0.482509614855446,0.0780400871624349
0.294625,0.482874478554964,0.0780400871624349
0.29475,0.483239318485701,0.0780400871624349
0.294875,0.483604134422102,0.0780400871624349
0.295,0.483968926138763,0.078024096244131
0.295125,0.484333693410555,0.078024096244131
0.29525,0.484698436012734,0.078024096244131
0.295375,0.485063153721073,0.078024096244131
0.2955,0.485427846312005,0.078024096244131
0.295625,0.485792513562749,0.078024096244131
0.29575,0.486157155251441,0.078024096244131
0.295875,0.486521771157268,0.078024096244131
0.296,0.486886361060593,0.0740599438006645
0.296125,0.487250924741553,0.0740599438006645
0.29625,0.487615461973709,0.0740599438006645
0.296375,0.487979972525432,0.0740599438006645
0.2965,0.488344456161112,0.0740599438006645
0.296625,0.488708912641301,0.0740599438006645
0.29675,0.48907334172287,0.0740599438006645
0.296875,0.48943774315916,0.0740599438006645
0.297,0.489802116700139,0.0740372182970002
0.297125,0.490166462092549,0.0740372182970002
0.29725,0.490530779080028,0.0740372182970002
0.297375,0.490895067403277,0.0740372182970002
0.2975,0.491259326800226,0.0740372182970002
0.297625,0.4916235570062,0.0740372182970002
0.29775,0.491987757754077,0.0740372182970002
0.297875,0.492351928774458,0.0740372182970002
0.298,0.492716069795832,0.0740242263795399
0.298125,0.493080180544732,0.0740242263795399
0.29825,0.493444260745888,0.0740242263795399
0.298375,0.493808310122396,0.0740242263795399
0.2985,0.494172328395888,0.0740242263795399
0.298625,0.494536315286704,0.0740242263795399
0.29875,0.494900270514062,0.0740242263795399
0.298875,0.495264193796224,0.0740242263795399
0.299,0.49562808485067,0.074022360451514
0.299125,0.495991943394263,0.074022360451514
0.29925,0.49635576914342,0.074022360451514
0.299375,0.496719561814282,0.074022360451514
0.2995,0.497083321122882,0.074022360451514
0.299625,0.497447046785315,0.074022360451514
0.29975,0.497810738517909,0.074022360451514
0.299875,0.498174396037394,0.074022360451514
0.3,0.498538019061067,0.0740326062550666
0.300125,0.498901607306966,0.0740326062550666
0.30025,0.499265160494053,0.0740326062550666
0.300375,0.499628678342376,0.0740326062550666
0.3005,0.499992160573234,0.0740326062550666
0.300625,0.500355606909337,0.0740326062550666
0.30075,0.500719017074973,0.0740326062550666
0.300875,0.501082390796164,0.0740326062550666
0.301,0.501445727800834,0.0689964082098415
0.301125,0.501809027817021,0.0689964082098415
0.30125,0.502172290564798,0.0689964082098415
0.301375,0.50253551575804,0.0689964082098415
0.3015,0.50289870310595,0.0689964082098415
0.301625,0.503261852313239,0.0689964082098415
0.30175,0.503624963080318,0.0689964082098415
0.301875,0.503988035103488,0.0689964082098415
0.302,0.504351068075132,0.068999106452912
0.302125,0.50471406168391,0.068999106452912
0.30225,0.505077015614959,0.068999106452912
0.302375,0.505439929550092,0.068999106452912
0.3025,0.505802803167992,0.068999106452912
0.302625,0.506165636144417,0.068999106452912
0.30275,0.506528428152396,0.068999106452912
0.302875,0.506891178862436,0.068999106452912
0.303,0.507253887942726,0.0690145886470764
0.303125,0.507616555059342,0.0690145886470764
0.30325,0.507979179876485,0.0690145886470764
0.303375,0.508341762056675,0.0690145886470764
0.3035,0.508704301260959,0.0690145886470764
0.303625,0.509066797149114,0.0690145886470764
0.30375,0.509429249379855,0.0690145886470764
0.303875,0.509791657611046,0.0690145886470764
0.304,0.5101540214999,0.0690445003489946
0.304125,0.510516340703205,0.0690445003489946
0.30425,0.510878614877576,0.0690445003489946
0.304375,0.511240843679654,0.0690445003489946
0.3045,0.511603026766305,0.0690445003489946
0.304625,0.511965163794823,0.0690445003489946
0.30475,0.512327254423138,0.0690445003489946
0.304875,0.512689298310021,0.0690445003489946
0.305,0.513051295115284,0.0690899675172854
0.305125,0.513413244500004,0.0690899675172854
0.30525,0.513775146126796,0.0690899675172854
0.305375,0.514136999660001,0.0690899675172854
0.3055,0.514498804765873,0.0690899675172854
0.305625,0.514860561112773,0.0690899675172854
0.30575,0.515222268371368,0.0690899675172854
0.305875,0.515583926214825,0.0690899675172854
0.306,0.515945534319002,0.0629303897955034
0.306125,0.516307092360265,0.0629303897955034
0.30625,0.516668600005598,0.0629303897955034
0.306375,0.517030056914767,0.0629303897955034
0.3065,0.517391462742171,0.0629303897955034
0.306625,0.517752817137066,0.0629303897955034
0.30675,0.518114119743791,0.0629303897955034
0.306875,0.518475370201997,0.0629303897955034
0.307,0.518836568146874,0.0629675584333722
0.307125,0.5191977132094,0.0629675584333722
0.30725,0.519558805016634,0.0629675584333722
0.307375,0.51991984319194,0.0629675584333722
0.3075,0.520280827355215,0.0629675584333722
0.307625,0.520641757123128,0.0629675584333722
0.30775,0.521002632109355,0.0629675584333722
0.307875,0.521363451924828,0.0629675584333722
0.308,0.521724216177969,0.063020744204037
0.308125,0.522084924474961,0.063020744204037
0.30825,0.522445576420071,0.063020744204037
0.308375,0.522806171615884,0.063020744204037
0.3085,0.523166709663531,0.063020744204037
0.308625,0.523527190162933,0.063020744204037
0.30875,0.523887612713047,0.063020744204037
0.308875,0.524247976912111,0.063020744204037
0.309,0.524608282357891,0.0630918345037002
0.309125,0.52496852864795,0.0630918345037002
0.30925,0.525328715380012,0.0630918345037002
0.309375,0.525688842152182,0.0630918345037002
0.3095,0.526048908563167,0.0630918345037002
0.309625,0.526408914212527,0.0630918345037002
0.30975,0.526768858700906,0.0630918345037002
0.309875,0.52712874163028,0.0630918345037002
0.31,0.527488562604192,0.0631820791100424
0.310125,0.527848321228025,0.0631820791100424
0.31025,0.528208017109389,0.0631820791100424
0.310375,0.528567649858323,0.0631820791100424
0.3105,0.528927219087503,0.0631820791100424
0.310625,0.529286724412478,0.0631820791100424
0.31075,0.529646165451893,0.0631820791100424
0.310875,0.530005541827717,0.0631820791100424
0.311,0.530364853165468,0.0558772906111364
0.311125,0.530724099091618,0.0558772906111364
0.31125,0.531083279221861,0.0558772906111364
0.311375,0.531442393163673,0.0558772906111364
0.3115,0.531801440518503,0.0558772906111364
0.311625,0.532160420882033,0.0558772906111364
0.31175,0.532519333844443,0.0558772906111364
0.311875,0.532878178990675,0.0558772906111364
0.312,0.533236955900697,0.0559585195010372
0.312125,0.533595664149807,0.0559585195010372
0.31225,0.533954303309037,0.0559585195010372
0.312375,0.534312872945398,0.0559585195010372
0.3125,0.534671372622135,0.0559585195010372
0.312625,0.535029801899003,0.0559585195010372
0.31275,0.535388160332546,0.0559585195010372
0.312875,0.535746447476371,0.0559585195010372
0.313,0.536104662881435,0.0560590771575832
0.313125,0.536462806096357,0.0560590771575832
0.31325,0.536820876667872,0.0560590771575832
0.313375,0.537178874141075,0.0560590771575832
0.3135,0.537536798059678,0.0560590771575832
0.313625,0.537894647966295,0.0560590771575832
0.31375,0.53825242340272,0.0560590771575832
0.313875,0.538610123910214,0.0560590771575832
0.314,0.538967749029783,0.056181075483384
0.314125,0.539325298302509,0.056181075483384
0.31425,0.539682771270031,0.056181075483384
0.314375,0.540040167474784,0.056181075483384
0.3145,0.540397486460248,0.056181075483384
0.314625,0.540754727771225,0.056181075483384
0.31475,0.541111890954113,0.056181075483384
0.314875,0.541468975557186,0.056181075483384
0.315,0.541825981130863,0.0563258686573795
0.315125,0.542182907228036,0.0563258686573795
0.31525,0.54253975340458,0.0563258686573795
0.315375,0.542896519219571,0.0563258686573795
0.3155,0.543253204235512,0.0563258686573795
0.315625,0.543609808018601,0.0563258686573795
0.31575,0.543966330138984,0.0563258686573795
0.315875,0.544322770171015,0.0563258686573795
0.316,0.544679127693513,0.0478839369218843
0.316125,0.545035402286752,0.0478839369218843
0.31625,0.545391593518908,0.0478839369218843
0.316375,0.545747700949,0.0478839369218843
0.3165,0.546103724129428,0.0478839369218843
0.316625,0.546459662606262,0.0478839369218843
0.31675,0.546815515919544,0.0478839369218843
0.316875,0.547171283603583,0.0478839369218843
0.317,0.547526965187264,0.0480190021681089
0.317125,0.547882560194398,0.0480190021681089
0.31725,0.548238068144256,0.0480190021681089
0.317375,0.548593488551833,0.0480190021681089
0.3175,0.548948820928121,0.0480190021681089
0.317625,0.549304064780424,0.0480190021681089
0.31775,0.549659219612669,0.0480190021681089
0.317875,0.550014284925723,0.0480190021681089
0.318,0.550369260217707,0.0481766805354667
0.318125,0.550724144984375,0.0481766805354667
0.31825,0.551078938719689,0.0481766805354667
0.318375,0.551433640916084,0.0481766805354667
0.3185,0.55178825106475,0.0481766805354667
0.318625,0.552142768655942,0.0481766805354667
0.31875,0.552497193179305,0.0481766805354667
0.318875,0.552851524124183,0.0481766805354667
0.319,0.553205760979944,0.0483592857490643
0.319125,0.553559903236361,0.0483592857490643
0.31925,0.553913950384228,0.0483592857490643
0.319375,0.554267901915616,0.0483592857490643
0.3195,0.554621757324136,0.0483592857490643
0.319625,0.55497551610525,0.0483592857490643
0.31975,0.555329177756582,0.0483592857490643
0.319875,0.555682741778221,0.0483592857490643
0.32,0.55603620767303,0.0485682546571596
0.320125,0.556389574947028,0.0485682546571596
0.32025,0.556742843110036,0.0485682546571596
0.320375,0.557096011675902,0.0485682546571596
0.3205,0.557449080162745,0.0485682546571596
0.320625,0.557802048093247,0.0485682546571596
0.32075,0.558154914994939,0.0485682546571596
0.320875,0.558507680400488,0.0485682546571596
0.321,0.558860343847978,0.0390269177848334
0.321125,0.55921290487751,0.0390269177848334
0.32125,0.559565363015869,0.0390269177848334
0.321375,0.55991771777985,0.0390269177848334
0.3215,0.560269968679114,0.0390269177848334
0.321625,0.560622115216511,0.0390269177848334
0.32175,0.560974156888416,0.0390269177848334
0.321875,0.561326093185054,0.0390269177848334
0.322,0.561677923590838,0.039225425860088
0.322125,0.562029647584785,0.039225425860088
0.32225,0.562381264641178,0.039225425860088
0.322375,0.562732774229844,0.039225425860088
0.3225,0.563084175816448,0.039225425860088
0.322625,0.563435468862832,0.039225425860088
0.32275,0.563786652827368,0.039225425860088
0.322875,0.5641377271653,0.039225425860088
0.323,0.564488691329092,0.0394497006960965
0.323125,0.564839544768867,0.0394497006960965
0.32325,0.565190286933124,0.0394497006960965
0.323375,0.565540917269013,0.0394497006960965
0.3235,0.565891435222625,0.0394497006960965
0.323625,0.566241840239347,0.0394497006960965
0.32375,0.566592131764202,0.0394497006960965
0.323875,0.566942309242207,0.0394497006960965
0.324,0.567292372118712,0.0397022304972665
0.324125,0.567642319839851,0.0397022304972665
0.32425,0.567992151853297,0.0397022304972665
0.324375,0.568341867608526,0.0397022304972665
0.3245,0.568691466557096,0.0397022304972665
0.324625,0.569040948152979,0.0397022304972665
0.32475,0.569390311852906,0.0397022304972665
0.324875,0.569739557116702,0.0397022304972665
0.325,0.570088683407613,0.0399845113947518
0.325125,0.570437690192754,0.0399845113947518
0.32525,0.570786576943893,0.0399845113947518
0.325375,0.571135343137688,0.0399845113947518
0.3255,0.571483988255931,0.0399845113947518
0.325625,0.571832511785869,0.0399845113947518
0.32575,0.572180913220511,0.0399845113947518
0.325875,0.572529192058943,0.0399845113947518
0.326,0.572877347806631,0.0294102080313336
0.326125,0.573225379971645,0.0294102080313336
0.32625,0.573573288047661,0.0294102080313336
0.326375,0.573921071517637,0.0294102080313336
0.3265,0.574268729856972,0.0294102080313336
0.326625,0.574616262533856,0.0294102080313336
0.32675,0.574963669009632,0.0294102080313336
0.326875,0.575310948739153,0.0294102080313336
0.327,0.575658101171146,0.0296812538872823
0.327125,0.576005125748679,0.0296812538872823
0.32725,0.576352021909979,0.0296812538872823
0.327375,0.576698789088707,0.0296812538872823
0.3275,0.577045426714264,0.0296812538872823
0.327625,0.577391934212161,0.0296812538872823
0.32775,0.577738311004391,0.0296812538872823
0.327875,0.578084556509807,0.0296812538872823
0.328,0.578430670144496,0.0299809914218958
0.328125,0.578776651322274,0.0299809914218958
0.32825,0.579122499455549,0.0299809914218958
0.328375,0.57946821395561,0.0299809914218958
0.3285,0.579813794232916,0.0299809914218958
0.328625,0.580159239697478,0.0299809914218958
0.32875,0.580504549759232,0.0299809914218958
0.328875,0.580849723828412,0.0299809914218958
0.329,0.581194761315929,0.0303120520511228
0.329125,0.581539661633866,0.0303120520511228
0.32925,0.581884424196395,0.0303120520511228
0.329375,0.582229048420039,0.0303120520511228
0.3295,0.582573533723951,0.0303120520511228
0.329625,0.582917879530278,0.0303120520511228
0.32975,0.583262085264523,0.0303120520511228
0.329875,0.583606150355904,0.0303120520511228
0.33,0.583950074237711,0.0306759667749706
0.330125,0.584293856347799,0.0306759667749706
0.33025,0.584637496129534,0.0306759667749706
0.330375,0.584980993032025,0.0306759667749706
0.3305,0.585324346510365,0.0306759667749706
0.330625,0.585667556025974,0.0306759667749706
0.33075,0.586010621046925,0.0306759667749706
0.330875,0.58635354104828,0.0306759667749706
0.331,0.586696315512411,0.0191619062712462
0.331125,0.587038943924878,0.0191619062712462
0.33125,0.587381425755915,0.0191619062712462
0.331375,0.587723760464423,0.0191619062712462
0.3315,0.588065947501396,0.0191619062712462
0.331625,0.588407986310303,0.0191619062712462
0.33175,0.588749876327462,0.0191619062712462
0.331875,0.589091616982425,0.0191619062712462
0.332,0.589433207698362,0.0195137543286275
0.332125,0.589774647892589,0.0195137543286275
0.33225,0.590115936977527,0.0195137543286275
0.332375,0.590457074360989,0.0195137543286275
0.3325,0.590798059446478,0.0195137543286275
0.332625,0.591138891633579,0.0195137543286275
0.33275,0.59147957031836,0.0195137543286275
0.332875,0.591820094893765,0.0195137543286275
0.333,0.592160464750017,0.0198969003163336
0.333125,0.592500679275158,0.0198969003163336
0.33325,0.592840737856084,0.0198969003163336
0.333375,0.593180639878814,0.0198969003163336
0.3335,0.593520384728792,0.0198969003163336
0.333625,0.59385997179128,0.0198969003163336
0.33375,0.594199400451758,0.0198969003163336
0.333875,0.594538670096316,0.0198969003163336
0.334,0.594877780112054,0.0203140845262729
0.334125,0.595216729887629,0.0203140845262729
0.33425,0.595555518814334,0.0203140845262729
0.334375,0.595894146286354,0.0203140845262729
0.3345,0.596232611701039,0.0203140845262729
0.334625,0.596570914459287,0.0203140845262729
0.33475,0.596909053965927,0.0203140845262729
0.334875,0.597247029630091,0.0203140845262729
0.335,0.597584840865594,0.0207668480423707
0.335125,0.597922487091478,0.0207668480423707
0.33525,0.598259967733114,0.0207668480423707
0.335375,0.598597282222431,0.0207668480423707
0.3355,0.598934429998144,0.0207668480423707
0.335625,0.59927141050611,0.0207668480423707
0.33575,0.599608223199676,0.0207668480423707
0.335875,0.599944867540024,0.0207668480423707
0.336,0.600281342996503,0.00843003732058979
0.336125,0.600617649042213,0.00843003732058979
0.33625,0.600953785134145,0.00843003732058979
0.336375,0.601289750717458,0.00843003732058979
0.3365,0.60162554522914,0.00843003732058979
0.336625,0.601961168098402,0.00843003732058979
0.33675,0.602296618747072,0.00843003732058979
0.336875,0.602631896589995,0.00843003732058979
0.337,0.602967001035436,0.00886983175240574
0.337125,0.603301931485654,0.00886983175240574
0.33725,0.60363668733803,0.00886983175240574
0.337375,0.603971267985335,0.00886983175240574
0.3375,0.604305672816024,0.00886983175240574
0.337625,0.604639901214647,0.00886983175240574
0.33775,0.604973952562262,0.00886983175240574
0.337875,0.60530782623685,0.00886983175240574
0.338,0.605641521613725,0.0093431321764665
0.338125,0.605975038066139,0.0093431321764665
0.33825,0.606308374966466,0.0093431321764665
0.338375,0.606641531686469,0.0093431321764665
0.3385,0.606974507597588,0.0093431321764665
0.338625,0.607307302071352,0.0093431321764665
0.33875,0.60763991447979,0.0093431321764665
0.338875,0.607972344195841,0.0093431321764665
0.339,0.608304590593768,0.00985275138131442
0.339125,0.608636653049755,0.00985275138131442
0.33925,0.608968530943151,0.00985275138131442
0.339375,0.609300223656713,0.00985275138131442
0.3395,0.609631730576863,0.00985275138131442
0.339625,0.609963051094091,0.00985275138131442
0.33975,0.610294184603342,0.00985275138131442
0.339875,0.610625130504409,0.00985275138131442
0.34,0.61095588820232,0.0104002161044257
0.340125,0.611286457107929,0.0104002161044257
0.34025,0.611616836639192,0.0104002161044257
0.340375,0.611947026221367,0.0104002161044257
0.3405,0.612277025287232,0.0104002161044257
0.340625,0.612606833277454,0.0104002161044257
0.34075,0.612936449640938,0.0104002161044257
0.340875,0.613265873835186,0.0104002161044257
0.341,0.613595105326639,-0.00262238193725413
0.341125,0.613924143586,-0.00262238193725413
0.34125,0.614252988067264,-0.00262238193725413
0.341375,0.614581638212218,-0.00262238193725413
0.3415,0.614910093454297,-0.00262238193725413
0.341625,0.615238353218987,-0.00262238193725413
0.34175,0.615566416924233,-0.00262238193725413
0.341875,0.615894283980844,-0.00262238193725413
0.342,0.616221953792913,-0.00208887110723334
0.342125,0.616549425758435,-0.00208887110723334
0.34225,0.616876699270598,-0.00208887110723334
0.342375,0.617203773718037,-0.00208887110723334
0.3425,0.617530648485106,-0.00208887110723334
0.342625,0.617857322952309,-0.00208887110723334
0.34275,0.618183796496713,-0.00208887110723334
0.342875,0.618510068492381,-0.00208887110723334
0.343,0.618836138310792,-0.00152011127789899
0.343125,0.619162005321485,-0.00152011127789899
0.34325,0.619487668893421,-0.00152011127789899
0.343375,0.61981312839522,-0.00152011127789899
0.3435,0.620138383195439,-0.00152011127789899
0.343625,0.620463432662987,-0.00152011127789899
0.34375,0.620788276167553,-0.00152011127789899
0.343875,0.62111291308002,-0.00152011127789899
0.344,0.621437342772885,-0.000913254441264846
0.344125,0.621761564620911,-0.000913254441264846
0.34425,0.622085578002531,-0.000913254441264846
0.344375,0.622409382300066,-0.000913254441264846
0.3445,0.622732976899974,-0.000913254441264846
0.344625,0.623056361193247,-0.000913254441264846
0.34475,0.623379534575819,-0.000913254441264846
0.344875,0.623702496448951,-0.000913254441264846
0.345,0.624025246219636,-0.000266811519360116
0.345125,0.624347783301226,-0.000266811519360116
0.34525,0.624670107114882,-0.000266811519360116
0.345375,0.624992217089741,-0.000266811519360116
0.3455,0.62531411266312,-0.000266811519360116
0.345625,0.625635793280882,-0.000266811519360116
0.34575,0.625957258397793,-0.000266811519360116
0.345875,0.626278507477883,-0.000266811519360116
0.346,0.626599539994792,-0.0138226304034328
0.346125,0.626920355426885,-0.0138226304034328
0.34625,0.627240953235422,-0.0138226304034328
0.346375,0.62756133286922,-0.0138226304034328
0.3465,0.627881493768662,-0.0138226304034328
0.346625,0.628201435366101,-0.0138226304034328
0.34675,0.628521157086274,-0.0138226304034328
0.346875,0.628840658346715,-0.0138226304034328
0.347,0.629159938558172,-0.0131912174830197
0.347125,0.629478997125274,-0.0131912174830197
0.34725,0.629797833447984,-0.0131912174830197
0.347375,0.630116446921827,-0.0131912174830197
0.3475,0.630434836938142,-0.0131912174830197
0.347625,0.630753002884512,-0.0131912174830197
0.34775,0.631070944145189,-0.0131912174830197
0.347875,0.631388660101522,-0.0131912174830197
0.348,0.631706150132388,-0.0125233297892124
0.348125,0.632023413614877,-0.0125233297892124
0.34825,0.632340449925813,-0.0125233297892124
0.348375,0.632657258441975,-0.0125233297892124
0.3485,0.632973838540339,-0.0125233297892124
0.348625,0.633290189598507,-0.0125233297892124
0.34875,0.633606310995129,-0.0125233297892124
0.348875,0.633922202110326,-0.0125233297892124
0.349,0.634237862326108,-0.0118161211199824
0.349125,0.634553291027068,-0.0118161211199824
0.34925,0.634868487601954,-0.0118161211199824
0.349375,0.635183451443856,-0.0118161211199824
0.3495,0.635498181950428,-0.0118161211199824
0.349625,0.635812678524287,-0.0118161211199824
0.34975,0.636126940573421,-0.0118161211199824
0.349875,0.636440967511578,-0.0118161211199824
0.35,0.636754758758664,-0.0110681615396089
0.350125,0.637068313741417,-0.0110681615396089
0.35025,0.637381631895016,-0.0110681615396089
0.350375,0.63769471266322,-0.0110681615396089
0.3505,0.638007555498542,-0.0110681615396089
0.350625,0.63832015986261,-0.0110681615396089
0.35075,0.638632525226528,-0.0110681615396089
0.350875,0.63894465107123,-0.0110681615396089
0.351,0.639256536887824,-0.024993552300391
0.351125,0.639568182172566,-0.024993552300391
0.35125,0.639879586404412,-0.024993552300391
0.351375,0.640190749049809,-0.024993552300391
0.3515,0.640501669566787,-0.024993552300391
0.351625,0.64081234740537,-0.024993552300391
0.35175,0.641122782007982,-0.024993552300391
0.351875,0.641432972809865,-0.024993552300391
0.352,0.641742919239488,-0.024261794195744
0.352125,0.642052620719254,-0.024261794195744
0.35225,0.642362076667116,-0.024261794195744
0.352375,0.642671286496767,-0.024261794195744
0.3525,0.642980249617869,-0.024261794195744
0.352625,0.643288965436476,-0.024261794195744
0.35275,0.643597433355457,-0.024261794195744
0.352875,0.643905652774923,-0.024261794195744
0.353,0.644213623092654,-0.023492888728388
0.353125,0.64452134370482,-0.023492888728388
0.35325,0.644828814007665,-0.023492888728388
0.353375,0.645136033397693,-0.023492888728388
0.3535,0.645443001271879,-0.023492888728388
0.353625,0.645749717028093,-0.023492888728388
0.35375,0.646056180065521,-0.023492888728388
0.353875,0.64636238978508,-0.023492888728388
0.354,0.646668345589837,-0.0226840272385454
0.354125,0.646974046885733,-0.0226840272385454
0.35425,0.647279493083317,-0.0226840272385454
0.354375,0.647584683597901,-0.0226840272385454
0.3545,0.647889617849743,-0.0226840272385454
0.354625,0.648194295264446,-0.0226840272385454
0.35475,0.648498715273356,-0.0226840272385454
0.354875,0.648802877313946,-0.0226840272385454
0.355,0.649106780830211,-0.021833858006295
0.355125,0.649410425273372,-0.021833858006295
0.35525,0.649713810103645,-0.021833858006295
0.355375,0.650016934790342,-0.021833858006295
0.3555,0.650319798812011,-0.021833858006295
0.355625,0.650622401656787,-0.021833858006295
0.35575,0.650924742822749,-0.021833858006295
0.355875,0.65122682181826,-0.021833858006295
0.356,0.651528638162306,-0.0359586087268104
0.356125,0.651830191379386,-0.0359586087268104
0.35625,0.652131480976726,-0.0359586087268104
0.356375,0.652432506449122,-0.0359586087268104
0.3565,0.652733267283086,-0.0359586087268104
0.356625,0.653033762957236,-0.0359586087268104
0.35675,0.653333992942708,-0.0359586087268104
0.356875,0.653633956703549,-0.0359586087268104
0.357,0.653933653697133,-0.0351259052981619
0.357125,0.654233083374891,-0.0351259052981619
0.35725,0.65453224518408,-0.0351259052981619
0.357375,0.654831138567943,-0.0351259052981619
0.3575,0.65512976296589,-0.0351259052981619
0.357625,0.655428117813919,-0.0351259052981619
0.35775,0.655726202545027,-0.0351259052981619
0.357875,0.65602401658963,-0.0351259052981619
0.358,0.656321559375978,-0.034255954042363
0.358125,0.656618830330903,-0.034255954042363
0.35825,0.656915828881668,-0.034255954042363
0.358375,0.657212554456096,-0.034255954042363
0.3585,0.657509006482759,-0.034255954042363
0.358625,0.657805184391381,-0.034255954042363
0.35875,0.658101087613252,-0.034255954042363
0.358875,0.658396715581634,-0.034255954042363
0.359,0.658692067732164,-0.0333460174126289
0.359125,0.65898714350361,-0.0333460174126289
0.35925,0.659281942339759,-0.0333460174126289
0.359375,0.659576463689527,-0.0333460174126289
0.3595,0.659870707007102,-0.0333460174126289
0.359625,0.660164671752335,-0.0333460174126289
0.35975,0.66045835739112,-0.0333460174126289
0.359875,0.660751763395774,-0.0333460174126289
0.36,0.661044889245408,-0.0323948381542105
0.360125,0.661337734426667,-0.0323948381542105
0.36025,0.661630298435647,-0.0323948381542105
0.360375,0.661922580777953,-0.0323948381542105
0.3605,0.662214580968794,-0.0323948381542105
0.360625,0.662506298533328,-0.0323948381542105
0.36075,0.662797733006994,-0.0323948381542105
0.360875,0.663088883935848,-0.0323948381542105
0.361,0.663379750876886,-0.0465466929310992
0.361125,0.6636703333929,-0.0465466929310992
0.36125,0.663960631029645,-0.0465466929310992
0.361375,0.66425064332067,-0.0465466929310992
0.3615,0.664540369791454,-0.0465466929310992
0.361625,0.66482980995979,-0.0465466929310992
0.36175,0.665118963336168,-0.0465466929310992
0.361875,0.665407829424171,-0.0465466929310992
0.362,0.66569640772086,-0.0456143275298587
0.362125,0.665984697717532,-0.0456143275298587
0.36225,0.666272698901645,-0.0456143275298587
0.362375,0.666560410756918,-0.0456143275298587
0.3625,0.666847832763479,-0.0456143275298587
0.362625,0.667134964398266,-0.0456143275298587
0.36275,0.667421805135423,-0.0456143275298587
0.362875,0.667708354446704,-0.0456143275298587
0.363,0.667994611801869,-0.0446451879204806
0.363125,0.668280576669459,-0.0446451879204806
0.36325,0.668566248518787,-0.0446451879204806
0.363375,0.668851626820021,-0.0446451879204806
0.3635,0.669136711044327,-0.0446451879204806
0.363625,0.669421500664257,-0.0446451879204806
0.36375,0.669705995154146,-0.0446451879204806
0.363875,0.669990193990498,-0.0446451879204806
0.364,0.670274096652376,-0.0436366383318409
0.364125,0.670557702622172,-0.0436366383318409
0.36425,0.670841011387648,-0.0436366383318409
0.364375,0.671124022441985,-0.0436366383318409
0.3645,0.671406735283893,-0.0436366383318409
0.364625,0.671689149417977,-0.0436366383318409
0.36475,0.671971264355098,-0.0436366383318409
0.364875,0.672253079612739,-0.0436366383318409
0.365,0.672534594715356,-0.0425875291173635
0.365125,0.672815809195132,-0.0425875291173635
0.36525,0.673096722594043,-0.0425875291173635
0.365375,0.673377334463861,-0.0425875291173635
0.3655,0.673657644366206,-0.0425875291173635
0.365625,0.673937651872866,-0.0425875291173635
0.36575,0.67421735656612,-0.0425875291173635
0.365875,0.674496758039044,-0.0425875291173635
0.366,0.674775855895819,-0.0565967415379863
0.366125,0.675054649746623,-0.0565967415379863
0.36625,0.675333139185008,-0.0565967415379863
0.366375,0.675611323792669,-0.0565967415379863
0.3665,0.675889203143518,-0.0565967415379863
0.366625,0.676166776804049,-0.0565967415379863
0.36675,0.676444044333705,-0.0565967415379863
0.366875,0.676721005285238,-0.0565967415379863
0.367,0.676997659205091,-0.0555678638114472
0.367125,0.677274005634161,-0.0555678638114472
0.36725,0.677550044109862,-0.0555678638114472
0.367375,0.677825774166174,-0.0555678638114472
0.3675,0.678101195333745,-0.0555678638114472
0.367625,0.678376307140266,-0.0555678638114472
0.36775,0.678651109110848,-0.0555678638114472
0.367875,0.678925600768401,-0.0555678638114472
0.368,0.679199781634011,-0.0545032452362128
0.368125,0.679473651227729,-0.0545032452362128
0.36825,0.67974720907069,-0.0545032452362128
0.368375,0.680020454685152,-0.0545032452362128
0.3685,0.680293387594582,-0.0545032452362128
0.368625,0.680566007324029,-0.0545032452362128
0.36875,0.68083831340049,-0.0545032452362128
0.368875,0.681110305353278,-0.0545032452362128
0.369,0.681381982714386,-0.0534003789105788
0.369125,0.681653345019274,-0.0534003789105788
0.36925,0.681924391809035,-0.0534003789105788
0.369375,0.682195122630395,-0.0534003789105788
0.3695,0.682465537035772,-0.0534003789105788
0.369625,0.682735634583619,-0.0534003789105788
0.36975,0.683005414838762,-0.0534003789105788
0.369875,0.683274877372739,-0.0534003789105788
0.37,0.683544021764128,-0.0522582326312304
0.370125,0.683812847599318,-0.0522582326312304
0.37025,0.684081354474694,-0.0522582326312304
0.370375,0.684349541996592,-0.0522582326312304
0.3705,0.684617409781303,-0.0522582326312304
0.370625,0.684884957455367,-0.0522582326312304
0.37075,0.685152184655867,-0.0522582326312304
0.370875,0.685419091030719,-0.0522582326312304
0.371,0.685685676238948,-0.0659620750204948
0.371125,0.685951939945677,-0.0659620750204948
0.37125,0.686217881799981,-0.0659620750204948
0.371375,0.686483501439529,-0.0659620750204948
0.3715,0.686748798494554,-0.0659620750204948
0.371625,0.687013772588194,-0.0659620750204948
0.37175,0.687278423336825,-0.0659620750204948
0.371875,0.687542750350404,-0.0659620750204948
0.372,0.68780675323282,-0.0648416302646226
0.372125,0.688070431582664,-0.0648416302646226
0.37225,0.688333784995418,-0.0648416302646226
0.372375,0.688596813063447,-0.0648416302646226
0.3725,0.688859515376049,-0.0648416302646226
0.372625,0.689121891519805,-0.0648416302646226
0.37275,0.689383941078924,-0.0648416302646226
0.372875,0.6896456636356,-0.0648416302646226
0.373,0.689907058770355,-0.0636870081969511
0.373125,0.690168126062842,-0.0636870081969511
0.37325,0.690428865094077,-0.0636870081969511
0.373375,0.690689275446425,-0.0636870081969511
0.3735,0.690949356703637,-0.0636870081969511
0.373625,0.691209108451188,-0.0636870081969511
0.37375,0.691468530276618,-0.0636870081969511
0.373875,0.691727621769873,-0.0636870081969511
0.374,0.691986382523639,-0.0624958537150088
0.374125,0.692244812134137,-0.0624958537150088
0.37425,0.692502910203399,-0.0624958537150088
0.374375,0.69276067633922,-0.0624958537150088
0.3745,0.693018110155161,-0.0624958537150088
0.374625,0.69327521127086,-0.0624958537150088
0.37475,0.693531979312347,-0.0624958537150088
0.374875,0.693788413912353,-0.0624958537150088
0.375,0.694044514710606,-0.0612672584414123
0.375125,0.694300281354611,-0.0612672584414123
0.37525,0.694555713501947,-0.0612672584414123
0.375375,0.694810810820165,-0.0612672584414123
0.3755,0.695065572986741,-0.0612672584414123
0.375625,0.69531999968934,-0.0612672584414123
0.37575,0.695574090626088,-0.0612672584414123
0.375875,0.695827845505822,-0.0612672584414123
0.376,0.696081264048349,-0.074514256799837
0.376125,0.696334345979577,-0.074514256799837
0.37625,0.69658709101009,-0.074514256799837
0.376375,0.696839498839614,-0.074514256799837
0.3765,0.697091569160839,-0.074514256799837
0.376625,0.697343301659726,-0.074514256799837
0.37675,0.697594696015811,-0.074514256799837
0.376875,0.69784575190252,-0.074514256799837
0.377,0.69809646898748,-0.0733088663746893
0.377125,0.698346846933301,-0.0733088663746893
0.37725,0.698596885399868,-0.0733088663746893
0.377375,0.698846584044276,-0.0733088663746893
0.3775,0.699095942520825,-0.0733088663746893
0.377625,0.699344960481334,-0.0733088663746893
0.37775,0.699593637575466,-0.0733088663746893
0.377875,0.699841973451039,-0.0733088663746893
0.378,0.700089967754348,-0.0720713489031883
0.378125,0.700337620130959,-0.0720713489031883
0.37825,0.700584930228055,-0.0720713489031883
0.378375,0.700831897694354,-0.0720713489031883
0.3785,0.701078522180094,-0.0720713489031883
0.378625,0.701324803337342,-0.0720713489031883
0.37875,0.7015707408203,-0.0720713489031883
0.378875,0.701816334285614,-0.0720713489031883
0.379,0.702061583392675,-0.0707995193625221
0.379125,0.702306487804411,-0.0707995193625221
0.37925,0.70255104718967,-0.0707995193625221
0.379375,0.702795261223105,-0.0707995193625221
0.3795,0.703039129585128,-0.0707995193625221
0.379625,0.703282651962187,-0.0707995193625221
0.37975,0.70352582804705,-0.0707995193625221
0.379875,0.70376865753908,-0.0707995193625221
0.38,0.704011140144501,-0.0694925960678087
0.380125,0.704253275577172,-0.0694925960678087
0.38025,0.704495063560986,-0.0694925960678087
0.380375,0.704736503829706,-0.0694925960678087
0.3805,0.704977596126867,-0.0694925960678087
0.380625,0.705218340206012,-0.0694925960678087
0.38075,0.705458735830924,-0.0694925960678087
0.380875,0.705698782775853,-0.0694925960678087
0.381,0.705938480825737,-0.0821462038827771
0.381125,0.706177829771537,-0.0821462038827771
0.38125,0.706416829389744,-0.0821462038827771
0.381375,0.706655479446633,-0.0821462038827771
0.3815,0.706893779701887,-0.0821462038827771
0.381625,0.707131729908871,-0.0821462038827771
0.38175,0.707369329814906,-0.0821462038827771
0.381875,0.707606579161544,-0.0821462038827771
0.382,0.707843477684849,-0.080864000787296
0.382125,0.708080025116172,-0.080864000787296
0.38225,0.708316221184533,-0.080864000787296
0.382375,0.708552065616497,-0.080864000787296
0.3825,0.708787558136115,-0.080864000787296
0.382625,0.709022698465205,-0.080864000787296
0.38275,0.709257486323631,-0.080864000787296
0.382875,0.709491921429592,-0.080864000787296
0.383,0.7097260034999,-0.0795521519136712
0.383125,0.709959732250768,-0.0795521519136712
0.38325,0.710193107400246,-0.0795521519136712
0.383375,0.710426128668075,-0.0795521519136712
0.3835,0.710658795775618,-0.0795521519136712
0.383625,0.710891108446137,-0.0795521519136712
0.38375,0.711123066405056,-0.0795521519136712
0.383875,0.71135466938024,-0.0795521519136712
0.384,0.711585917102257,-0.0782086556474758
0.384125,0.711816809305165,-0.0782086556474758
0.38425,0.712047345728973,-0.0782086556474758
0.384375,0.712277526119469,-0.0782086556474758
0.3845,0.71250735022812,-0.0782086556474758
0.384625,0.712736817812317,-0.0782086556474758
0.38475,0.712965928635615,-0.0782086556474758
0.384875,0.713194682467978,-0.0782086556474758
0.385,0.713423079086011,-0.0768328564120212
0.385125,0.713651118273723,-0.0768328564120212
0.38525,0.713878799825005,-0.0768328564120212
0.385375,0.71410612354341,-0.0768328564120212
0.3855,0.714333089241999,-0.0768328564120212
0.385625,0.714559696743546,-0.0768328564120212
0.38575,0.714785945880734,-0.0768328564120212
0.385875,0.71501183649635,-0.0768328564120212
0.386,0.71523736844347,-0.0887743656310914
0.386125,0.715462541581035,-0.0887743656310914
0.38625,0.71568735575449,-0.0887743656310914
0.386375,0.71591181079978,-0.0887743656310914
0.3865,0.716135906546744,-0.0887743656310914
0.386625,0.716359642819355,-0.0887743656310914
0.38675,0.716583019435955,-0.0887743656310914
0.386875,0.716806036209496,-0.0887743656310914
0.387,0.717028692947778,-0.0874247898241493
0.387125,0.717250989454217,-0.0874247898241493
0.38725,0.717472925530302,-0.0874247898241493
0.387375,0.717694500975403,-0.0874247898241493
0.3875,0.717915715586664,-0.0874247898241493
0.387625,0.718136569159241,-0.0874247898241493
0.38775,0.718357061486549,-0.0874247898241493
0.387875,0.718577192360504,-0.0874247898241493
0.388,0.718796961571768,-0.086048414505748
0.388125,0.719016368910524,-0.086048414505748
0.38825,0.719235414168976,-0.086048414505748
0.388375,0.719454097141147,-0.086048414505748
0.3885,0.719672417622754,-0.086048414505748
0.388625,0.719890375411441,-0.086048414505748
0.38875,0.720107970307014,-0.086048414505748
0.388875,0.720325202111671,-0.086048414505748
0.389,0.720542070630233,-0.0846434297765547
0.389125,0.72075857567091,-0.0846434297765547
0.38925,0.720974717047832,-0.0846434297765547
0.389375,0.721190494580813,-0.0846434297765547
0.3895,0.721405908095201,-0.0846434297765547
0.389625,0.721620957422079,-0.0846434297765547
0.38975,0.721835642398476,-0.0846434297765547
0.389875,0.722049962867566,-0.0846434297765547
0.39,0.722263918678869,-0.0832093023563892
0.390125,0.722477509688993,-0.0832093023563892
0.39025,0.722690735764175,-0.0832093023563892
0.390375,0.722903596780008,-0.0832093023563892
0.3905,0.723116092621227,-0.0832093023563892
0.390625,0.723328223181885,-0.0832093023563892
0.39075,0.723539988365508,-0.0832093023563892
0.390875,0.723751388085257,-0.0832093023563892
0.391,0.723962422264076,-0.0943399501541886
0.391125,0.724173090830546,-0.0943399501541886
0.39125,0.724383393700817,-0.0943399501541886
0.391375,0.724593330782306,-0.0943399501541886
0.3915,0.724802901976842,-0.0943399501541886
0.391625,0.725012107180864,-0.0943399501541886
0.39175,0.725220946285617,-0.0943399501541886
0.391875,0.725429419177352,-0.0943399501541886
0.392,0.72563752573753,-0.0929335101300048
0.392125,0.725845265843569,-0.0929335101300048
0.39225,0.726052639371349,-0.0929335101300048
0.392375,0.726259646194974,-0.0929335101300048
0.3925,0.726466286186598,-0.0929335101300048
0.392625,0.72667255921663,-0.0929335101300048
0.39275,0.726878465153936,-0.0929335101300048
0.392875,0.727084003866043,-0.0929335101300048
0.393,0.727289175219347,-0.0915034080176531
0.393125,0.727493979079862,-0.0915034080176531
0.39325,0.727698415315769,-0.0915034080176531
0.393375,0.72790248379716,-0.0915034080176531
0.3935,0.728106184395856,-0.0915034080176531
0.393625,0.728309516985598,-0.0915034080176531
0.39375,0.728512481442244,-0.0915034080176531
0.393875,0.728715077643959,-0.0915034080176531
0.394,0.7289173054714,-0.0900480290695198
0.394125,0.729119164808473,-0.0900480290695198
0.39425,0.729320655544893,-0.0900480290695198
0.394375,0.729521777575904,-0.0900480290695198
0.3945,0.729722530802066,-0.0900480290695198
0.394625,0.729922915129424,-0.0900480290695198
0.39475,0.730122930469675,-0.0900480290695198
0.394875,0.730322576740331,-0.0900480290695198
0.395,0.730521853864878,-0.0885669556289394
0.395125,0.730720761773502,-0.0885669556289394
0.39525,0.730919300405662,-0.0885669556289394
0.395375,0.731117469709768,-0.0885669556289394
0.3955,0.731315269642919,-0.0885669556289394
0.395625,0.731512700171036,-0.0885669556289394
0.39575,0.731709761268984,-0.0885669556289394
0.395875,0.731906452920694,-0.0885669556289394
0.396,0.732102775119277,-0.0988093041842367
0.396125,0.732298727863184,-0.0988093041842367
0.39625,0.732494311139553,-0.0988093041842367
0.396375,0.732689524927589,-0.0988093041842367
0.3965,0.732884369201435,-0.0988093041842367
0.396625,0.733078843930328,-0.0988093041842367
0.39675,0.733272949078751,-0.0988093041842367
0.396875,0.733466684606602,-0.0988093041842367
0.397,0.733660050469346,-0.0973573138158199
0.397125,0.733853046618748,-0.0973573138158199
0.39725,0.734045673005404,-0.0973573138158199
0.397375,0.734237929578453,-0.0973573138158199
0.3975,0.734429816285349,-0.0973573138158199
0.397625,0.73462133307202,-0.0973573138158199
0.39775,0.734812479883033,-0.0973573138158199
0.397875,0.735003256661757,-0.0973573138158199
0.398,0.735193663350523,-0.0958850110388938
0.398125,0.735383699891358,-0.0958850110388938
0.39825,0.735573366228552,-0.0958850110388938
0.398375,0.735762662308352,-0.0958850110388938
0.3985,0.735951588078728,-0.0958850110388938
0.398625,0.736140143489521,-0.0958850110388938
0.39875,0.736328328492596,-0.0958850110388938
0.398875,0.736516143041995,-0.0958850110388938
0.399,0.736703587094081,-0.0943909751416888
0.399125,0.736890660608266,-0.0943909751416888
0.39925,0.737077363549595,-0.0943909751416888
0.399375,0.737263695888413,-0.0943909751416888
0.3995,0.737449657600103,-0.0943909751416888
0.399625,0.73763524866521,-0.0943909751416888
0.39975,0.737820469069576,-0.0943909751416888
0.399875,0.738005318804455,-0.0943909751416888
0.4,0.738189797866636,-0.0928748950134641
0.400125,0.738373906259145,-0.0928748950134641
0.40025,0.738557643993835,-0.0928748950134641
0.400375,0.738741011091015,-0.0928748950134641
0.4005,0.738924007579139,-0.0928748950134641
0.400625,0.739106633494901,-0.0928748950134641
0.40075,0.739288888883324,-0.0928748950134641
0.400875,0.739470773797839,-0.0928748950134641
0.401,0.739652288300365,-0.10217356755891
0.401125,0.739833432457797,-0.10217356755891
0.40125,0.740014206326863,-0.10217356755891
0.401375,0.740194609957161,-0.10217356755891
0.4015,0.740374643393745,-0.10217356755891
0.401625,0.740554306677236,-0.10217356755891
0.40175,0.740733599843939,-0.10217356755891
0.401875,0.740912522925962,-0.10217356755891
0.402,0.741091075951341,-0.100687868880898
0.402125,0.741269258944727,-0.100687868880898
0.40225,0.741447071929951,-0.100687868880898
0.402375,0.741624514929666,-0.100687868880898
0.4025,0.741801587965078,-0.100687868880898
0.402625,0.741978291056066,-0.100687868880898
0.40275,0.742154624221297,-0.100687868880898
0.402875,0.742330587478352,-0.100687868880898
0.403,0.742506180843847,-0.0991853386604589
0.403125,0.742681404334131,-0.0991853386604589
0.40325,0.742856257967867,-0.0991853386604589
0.403375,0.743030741765671,-0.0991853386604589
0.4035,0.74320485574983,-0.0991853386604589
0.403625,0.743378599944408,-0.0991853386604589
0.40375,0.743551974375361,-0.0991853386604589
0.403875,0.743724979070643,-0.0991853386604589
0.404,0.743897614060315,-0.0976647449761317
0.404125,0.744069879377238,-0.0976647449761317
0.40425,0.744241775059663,-0.0976647449761317
0.404375,0.74441330115085,-0.0976647449761317
0.4045,0.744584457698753,-0.0976647449761317
0.404625,0.744755244756114,-0.0976647449761317
0.40475,0.744925662380547,-0.0976647449761317
0.404875,0.745095710634625,-0.0976647449761317
0.405,0.745265389585954,-0.0961258722748591
0.405125,0.745434699307853,-0.0961258722748591
0.40525,0.74560363988194,-0.0961258722748591
0.405375,0.745772211397712,-0.0961258722748591
0.4055,0.7459404139522,-0.0961258722748591
0.405625,0.746108247650017,-0.0961258722748591
0.40575,0.746275712603415,-0.0961258722748591
0.405875,0.74644280893233,-0.0961258722748591
0.406,0.74660953676442,-0.104447647974017
0.406125,0.746775896231901,-0.104447647974017
0.40625,0.74694188745796,-0.104447647974017
0.406375,0.747107510559454,-0.104447647974017
0.4065,0.747272765649189,-0.104447647974017
0.406625,0.747437652835996,-0.104447647974017
0.40675,0.747602172224806,-0.104447647974017
0.406875,0.747766323916732,-0.104447647974017
0.407,0.747930108009149,-0.102940330541307
0.407125,0.748093524596354,-0.102940330541307
0.40725,0.748256573772123,-0.102940330541307
0.407375,0.748419255629309,-0.102940330541307
0.4075,0.748581570259522,-0.102940330541307
0.407625,0.748743517753209,-0.102940330541307
0.40775,0.748905098199737,-0.102940330541307
0.407875,0.749066311687467,-0.102940330541307
0.408,0.749227158303839,-0.101419713148724
0.408125,0.749387638136038,-0.101419713148724
0.40825,0.749547751273564,-0.101419713148724
0.408375,0.749707497807823,-0.101419713148724
0.4085,0.749866877831798,-0.101419713148724
0.408625,0.750025891440122,-0.101419713148724
0.40875,0.750184538729144,-0.101419713148724
0.408875,0.750342819797005,-0.101419713148724
0.409,0.750500734743696,-0.0998847437919845
0.409125,0.750658283671728,-0.0998847437919845
0.40925,0.750815466688697,-0.0998847437919845
0.409375,0.750972283906867,-0.0998847437919845
0.4095,0.751128735442809,-0.0998847437919845
0.409625,0.751284821417455,-0.0998847437919845
0.40975,0.751440541956147,-0.0998847437919845
0.409875,0.751595897188681,-0.0998847437919845
0.41,0.751750887249353,-0.0983352900831821
0.410125,0.751905512277597,-0.0983352900831821
0.41025,0.752059772420554,-0.0983352900831821
0.410375,0.752213667832616,-0.0983352900831821
0.4105,0.752367198675034,-0.0983352900831821
0.410625,0.752520365115942,-0.0983352900831821
0.41075,0.752673167330368,-0.0983352900831821
0.410875,0.75282560550025,-0.0983352900831821
0.411,0.752977679814442,-0.105668484408839
0.411125,0.753129390465889,-0.105668484408839
0.41125,0.753280737639636,-0.105668484408839
0.411375,0.753431721515167,-0.105668484408839
0.4115,0.75358234226839,-0.105668484408839
0.411625,0.753732600071673,-0.105668484408839
0.41175,0.753882495093882,-0.105668484408839
0.411875,0.754032027500425,-0.105668484408839
0.412,0.754181197453289,-0.10415161048147
0.412125,0.754330005111676,-0.10415161048147
0.41225,0.754478450634524,-0.10415161048147
0.412375,0.75462653418007,-0.10415161048147
0.4125,0.754774255905492,-0.10415161048147
0.412625,0.754921615966944,-0.10415161048147
0.41275,0.755068614519601,-0.10415161048147
0.412875,0.755215251717699,-0.10415161048147
0.413,0.755361527714577,-0.102624941557569
0.413125,0.755507442663309,-0.102624941557569
0.41325,0.755652996719242,-0.102624941557569
0.413375,0.755798190039551,-0.102624941557569
0.4135,0.755943022782869,-0.102624941557569
0.413625,0.756087495109317,-0.102624941557569
0.41375,0.75623160718054,-0.102624941557569
0.413875,0.756375359159736,-0.102624941557569
0.414,0.756518751211688,-0.101087593642703
0.414125,0.756661783503383,-0.101087593642703
0.41425,0.756804456206558,-0.101087593642703
0.414375,0.756946769497234,-0.101087593642703
0.4145,0.757088723555325,-0.101087593642703
0.414625,0.757230318564652,-0.101087593642703
0.41475,0.757371554712956,-0.101087593642703
0.414875,0.75751243219191,-0.101087593642703
0.415,0.757652951197124,-0.0995395042433677
0.415125,0.75779311192875,-0.0995395042433677
0.41525,0.757932914594018,-0.0995395042433677
0.415375,0.758072359406738,-0.0995395042433677
0.4155,0.758211446586885,-0.0995395042433677
0.415625,0.758350176360579,-0.0995395042433677
0.41575,0.758488548960072,-0.0995395042433677
0.415875,0.758626564623726,-0.0995395042433677
0.416,0.758764223595989,-0.105892568457746
0.416125,0.758901526124921,-0.105892568457746
0.41625,0.759038472451765,-0.105892568457746
0.416375,0.759175062812952,-0.105892568457746
0.4165,0.759311297441786,-0.105892568457746
0.416625,0.759447176568447,-0.105892568457746
0.41675,0.75958270041999,-0.105892568457746
0.416875,0.759717869220353,-0.105892568457746
0.417,0.759852683190364,-0.104377911664922
0.417125,0.75998714254833,-0.104377911664922
0.41725,0.760121247512528,-0.104377911664922
0.417375,0.76025499830073,-0.104377911664922
0.4175,0.760388395129802,-0.104377911664922
0.417625,0.760521438215714,-0.104377911664922
0.41775,0.76065412777354,-0.104377911664922
0.417875,0.760786464017465,-0.104377911664922
0.418,0.760918447160794,-0.102856866326984
0.418125,0.761050077416539,-0.102856866326984
0.41825,0.761181354999915,-0.102856866326984
0.418375,0.761312280127864,-0.102856866326984
0.4185,0.761442853018644,-0.102856866326984
0.418625,0.761573073891832,-0.102856866326984
0.41875,0.761702942968315,-0.102856866326984
0.418875,0.761832460470291,-0.102856866326984
0.419,0.761961626621261,-0.101328702223286
0.419125,0.762090441646612,-0.101328702223286
0.41925,0.762218905776116,-0.101328702223286
0.419375,0.762347019243426,-0.101328702223286
0.4195,0.762474782285658,-0.101328702223286
0.419625,0.762602195143371,-0.101328702223286
0.41975,0.762729258060546,-0.101328702223286
0.419875,0.762855971284563,-0.101328702223286
0.42,0.762982335066177,-0.0997934131677149
0.420125,0.763108349660084,-0.0997934131677149
0.42025,0.7632340153274,-0.0997934131677149
0.420375,0.763359332335145,-0.0997934131677149
0.4205,0.76348430095579,-0.0997934131677149
0.420625,0.763608921467214,-0.0997934131677149
0.42075,0.763733194152657,-0.0997934131677149
0.420875,0.763857119300669,-0.0997934131677149
0.421,0.763980697205059,-0.105192780056178
0.421125,0.764103928162755,-0.105192780056178
0.42125,0.764226812464914,-0.105192780056178
0.421375,0.764349350398588,-0.105192780056178
0.4215,0.764471542248128,-0.105192780056178
0.421625,0.764593388295149,-0.105192780056178
0.42175,0.764714888818499,-0.105192780056178
0.421875,0.764836044094239,-0.105192780056178
0.422,0.764956854395605,-0.103691584351918
0.422125,0.765077319993571,-0.103691584351918
0.42225,0.765197441159275,-0.103691584351918
0.422375,0.76531721816352,-0.103691584351918
0.4225,0.765436651276344,-0.103691584351918
0.422625,0.765555740766993,-0.103691584351918
0.42275,0.76567448690389,-0.103691584351918
0.422875,0.765792889954609,-0.103691584351918
0.423,0.765910950185847,-0.102187243728604
0.423125,0.766028667863976,-0.102187243728604
0.42325,0.766146043257478,-0.102187243728604
0.423375,0.766263076636438,-0.102187243728604
0.4235,0.766379768272107,-0.102187243728604
0.423625,0.766496118436872,-0.102187243728604
0.42375,0.766612127404213,-0.102187243728604
0.423875,0.766727795448676,-0.102187243728604
0.424,0.766843122845826,-0.100679165986327
0.424125,0.7669581098728,-0.100679165986327
0.42425,0.767072756810727,-0.100679165986327
0.424375,0.767187063944216,-0.100679165986327
0.4245,0.767301031560898,-0.100679165986327
0.424625,0.767414659951385,-0.100679165986327
0.42475,0.767527949409213,-0.100679165986327
0.424875,0.76764090023079,-0.100679165986327
0.425,0.767753512715345,-0.0991673879376754
0.425125,0.76786578716545,-0.0991673879376754
0.42525,0.767977723889439,-0.0991673879376754
0.425375,0.768089323200863,-0.0991673879376754
0.4255,0.768200585418022,-0.0991673879376754
0.425625,0.768311510863891,-0.0991673879376754
0.42575,0.768422099866044,-0.0991673879376754
0.425875,0.768532352756582,-0.0991673879376754
0.426,0.768642269872049,-0.103654704788452
0.426125,0.768751851551625,-0.103654704788452
0.42625,0.768861098129697,-0.103654704788452
0.426375,0.768970009937211,-0.103654704788452
0.4265,0.769078587302803,-0.103654704788452
0.426625,0.769186830552736,-0.103654704788452
0.42675,0.769294740010842,-0.103654704788452
0.426875,0.769402315998461,-0.103654704788452
0.427,0.769509558834389,-0.10217747049663
0.427125,0.769616468835387,-0.10217747049663
0.42725,0.76972304631855,-0.10217747049663
0.427375,0.769829291600774,-0.10217747049663
0.4275,0.769935204998311,-0.10217747049663
0.427625,0.770040786826707,-0.10217747049663
0.42775,0.770146037400744,-0.10217747049663
0.427875,0.770250957034381,-0.10217747049663
0.428,0.770355546040699,-0.10070011731068
0.428125,0.77045980473241,-0.10070011731068
0.42825,0.77056373342422,-0.10070011731068
0.428375,0.770667332432297,-0.10070011731068
0.4285,0.770770602073819,-0.10070011731068
0.428625,0.770873542666904,-0.10070011731068
0.42875,0.770976154530552,-0.10070011731068
0.428875,0.771078437984572,-0.10070011731068
0.429,0.771180393349521,-0.0992221746542969
0.429125,0.771282020947208,-0.0992221746542969
0.42925,0.771383321103041,-0.0992221746542969
0.429375,0.77148429414549,-0.0992221746542969
0.4295,0.77158494040562,-0.0992221746542969
0.429625,0.771685260217011,-0.0992221746542969
0.42975,0.77178525391568,-0.0992221746542969
0.429875,0.771884921840005,-0.0992221746542969
0.43,0.771984264330637,-0.0977437099029956
0.430125,0.772083281730996,-0.0977437099029956
0.43025,0.772181974389601,-0.0977437099029956
0.430375,0.772280342659513,-0.0977437099029956
0.4305,0.772378386897851,-0.0977437099029956
0.430625,0.772476107465691,-0.0977437099029956
0.43075,0.772573504727974,-0.0977437099029956
0.430875,0.7726705790534,-0.0977437099029956
0.431,0.772767330814331,-0.101372656243655
0.431125,0.772863760385281,-0.101372656243655
0.43125,0.772959868136881,-0.101372656243655
0.431375,0.773055654436929,-0.101372656243655
0.4315,0.773151119651264,-0.101372656243655
0.431625,0.773246264143685,-0.101372656243655
0.43175,0.773341088275857,-0.101372656243655
0.431875,0.773435592407232,-0.101372656243655
0.432,0.773529776894967,-0.0999289600299109
0.432125,0.773623642094392,-0.0999289600299109
0.43225,0.773717188361297,-0.0999289600299109
0.432375,0.77381041605139,-0.0999289600299109
0.4325,0.773903325519826,-0.0999289600299109
0.432625,0.773995917121122,-0.0999289600299109
0.43275,0.774088191209073,-0.0999289600299109
0.432875,0.774180148136665,-0.0999289600299109
0.433,0.774271788255993,-0.0984879097854501
0.433125,0.774363111918733,-0.0984879097854501
0.43325,0.774454119478415,-0.0984879097854501
0.433375,0.77454481128988,-0.0984879097854501
0.4335,0.774635187708807,-0.0984879097854501
0.433625,0.774725249091626,-0.0984879097854501
0.43375,0.774814995795421,-0.0984879097854501
0.433875,0.774904428177845,-0.0984879097854501
0.434,0.774993546597026,-0.0970491403850533
0.434125,0.77508235141203,-0.0970491403850533
0.43425,0.775170842985126,-0.0970491403850533
0.434375,0.77525902168123,-0.0970491403850533
0.4345,0.775346887867427,-0.0970491403850533
0.434625,0.775434441912866,-0.0970491403850533
0.43475,0.775521684188663,-0.0970491403850533
0.434875,0.775608615067792,-0.0970491403850533
0.435,0.775695234924988,-0.0956127387514839
0.435125,0.775781544137188,-0.0956127387514839
0.43525,0.775867543085783,-0.0956127387514839
0.435375,0.775953232156047,-0.0956127387514839
0.4355,0.776038611736642,-0.0956127387514839
0.435625,0.776123682219501,-0.0956127387514839
0.43575,0.776208443999708,-0.0956127387514839
0.435875,0.776292897475378,-0.0956127387514839
0.436,0.776377043047539,-0.0984455984767793
0.436125,0.77646088111891,-0.0984455984767793
0.43625,0.776544412089148,-0.0984455984767793
0.436375,0.776627636355624,-0.0984455984767793
0.4365,0.77671055431407,-0.0984455984767793
0.436625,0.776793166358464,-0.0984455984767793
0.43675,0.776875472880927,-0.0984455984767793
0.436875,0.77695747427161,-0.0984455984767793
0.437,0.777039170918593,-0.0970439532874214
0.437125,0.777120563208318,-0.0970439532874214
0.43725,0.777201651527778,-0.0970439532874214
0.437375,0.777282436263967,-0.0970439532874214
0.4375,0.777362917803402,-0.0970439532874214
0.437625,0.777443096532008,-0.0970439532874214
0.43775,0.777522972835017,-0.0970439532874214
0.437875,0.777602547096855,-0.0970439532874214
0.438,0.777681819701039,-0.0956474266728184
0.438125,0.777760791030609,-0.0956474266728184
0.43825,0.777839461470304,-0.0956474266728184
0.438375,0.777917831406011,-0.0956474266728184
0.4385,0.777995901224287,-0.0956474266728184
0.438625,0.778073671312239,-0.0956474266728184
0.43875,0.778151142057416,-0.0956474266728184
0.438875,0.778228313847698,-0.0956474266728184
0.439,0.778305187071178,-0.0942557438222711
0.439125,0.778381762116591,-0.0942557438222711
0.43925,0.778458039375475,-0.0942557438222711
0.439375,0.778534019241613,-0.0942557438222711
0.4395,0.778609702110547,-0.0942557438222711
0.439625,0.778685088379452,-0.0942557438222711
0.43975,0.778760178447016,-0.0942557438222711
0.439875,0.778834972713318,-0.0942557438222711
0.44,0.778909471579705,-0.092869002073514
0.440125,0.778983675449203,-0.092869002073514
0.44025,0.779057584728658,-0.092869002073514
0.440375,0.779131199828173,-0.092869002073514
0.4405,0.779204521160603,-0.092869002073514
0.440625,0.77927754914142,-0.092869002073514
0.44075,0.779350284188581,-0.092869002073514
0.440875,0.779422726722389,-0.092869002073514
0.441,0.779494877165354,-0.0949730866378129
0.441125,0.779566735941245,-0.0949730866378129
0.44125,0.779638303471507,-0.0949730866378129
0.441375,0.779709580175795,-0.0949730866378129
0.4415,0.7797805664724,-0.0949730866378129
0.441625,0.779851262778127,-0.0949730866378129
0.44175,0.779921669508162,-0.0949730866378129
0.441875,0.779991787075947,-0.0949730866378129
0.442,0.780061615893057,-0.0936208457452746
0.442125,0.780131156369596,-0.0936208457452746
0.44225,0.780200408916287,-0.0936208457452746
0.442375,0.780269373943916,-0.0936208457452746
0.4425,0.780338051862849,-0.0936208457452746
0.442625,0.7804064430829,-0.0936208457452746
0.44275,0.780474548013208,-0.0936208457452746
0.442875,0.780542367062109,-0.0936208457452746
0.443,0.78060990063701,-0.0922758858594442
0.443125,0.780677149144783,-0.0922758858594442
0.44325,0.780744112993841,-0.0922758858594442
0.443375,0.780810792593584,-0.0922758858594442
0.4435,0.78087718835391,-0.0922758858594442
0.443625,0.780943300685087,-0.0922758858594442
0.44375,0.781009129997621,-0.0922758858594442
0.443875,0.781074676702124,-0.0922758858594442
0.444,0.781139941209187,-0.090938009116837
0.444125,0.781204923929764,-0.090938009116837
0.44425,0.78126962527723,-0.090938009116837
0.444375,0.781334045666822,-0.090938009116837
0.4445,0.78139818551515,-0.090938009116837
0.444625,0.781462045240059,-0.090938009116837
0.44475,0.781525625260486,-0.090938009116837
0.444875,0.781588925996329,-0.090938009116837
0.445,0.781651947868301,-0.0896073163909862
0.445125,0.781714691298311,-0.0896073163909862
0.44525,0.781777156711494,-0.0896073163909862
0.445375,0.781839344535652,-0.0896073163909862
0.4455,0.781901255200751,-0.0896073163909862
0.445625,0.781962889138772,-0.0896073163909862
0.44575,0.782024246783562,-0.0896073163909862
0.445875,0.782085328570688,-0.0896073163909862
0.446,0.782146134937281,-0.0910512854769408
0.446125,0.78220666632133,-0.0910512854769408
0.44625,0.782266923159171,-0.0910512854769408
0.446375,0.782326905885791,-0.0910512854769408
0.4465,0.782386614935076,-0.0910512854769408
0.446625,0.782446050739656,-0.0910512854769408
0.44675,0.782505213730774,-0.0910512854769408
0.446875,0.782564104338138,-0.0910512854769408
0.447,0.78262272298978,-0.0897545923073781
0.447125,0.782681070112422,-0.0897545923073781
0.44725,0.782739146133453,-0.0897545923073781
0.447375,0.78279695148038,-0.0897545923073781
0.4475,0.782854486580341,-0.0897545923073781
0.447625,0.782911751859963,-0.0897545923073781
0.44775,0.782968747745216,-0.0897545923073781
0.447875,0.783025474661276,-0.0897545923073781
0.448,0.783081933032381,-0.0884670278540627
0.448125,0.783138123282188,-0.0884670278540627
0.44825,0.783194045835741,-0.0884670278540627
0.448375,0.783249701118919,-0.0884670278540627
0.4485,0.783305089557948,-0.0884670278540627
0.448625,0.78336021157926,-0.0884670278540627
0.44875,0.783415067609342,-0.0884670278540627
0.448875,0.783469658074597,-0.0884670278540627
0.449,0.783523983401194,-0.0871884602634301
0.449125,0.783578044015422,-0.0871884602634301
0.44925,0.783631840345634,-0.0871884602634301
0.449375,0.783685372821695,-0.0871884602634301
0.4495,0.783738641874495,-0.0871884602634301
0.449625,0.783791647935793,-0.0871884602634301
0.44975,0.783844391438072,-0.0871884602634301
0.449875,0.783896872814385,-0.0871884602634301
0.45,0.783949092498202,-0.085918989606824
0.450125,0.784001050923754,-0.085918989606824
0.45025,0.784052748527954,-0.085918989606824
0.450375,0.784104185749839,-0.085918989606824
0.4505,0.784155363030079,-0.085918989606824
0.450625,0.784206280810815,-0.085918989606824
0.45075,0.784256939535503,-0.085918989606824
0.450875,0.784307339648748,-0.085918989606824
0.451,0.784357481596151,-0.0867691280274641
0.451125,0.784407365823817,-0.0867691280274641
0.45125,0.784456992776804,-0.0867691280274641
0.451375,0.784506362899233,-0.0867691280274641
0.4515,0.784555476634361,-0.0867691280274641
0.451625,0.784604334424424,-0.0867691280274641
0.45175,0.784652936710483,-0.0867691280274641
0.451875,0.784701283932269,-0.0867691280274641
0.452,0.784749376528034,-0.085532911294123
0.452125,0.784797214934871,-0.085532911294123
0.45225,0.784844799590591,-0.085532911294123
0.452375,0.784892130933176,-0.085532911294123
0.4525,0.784939209400294,-0.085532911294123
0.452625,0.784986035429148,-0.085532911294123
0.45275,0.785032609456318,-0.085532911294123
0.452875,0.785078931917611,-0.085532911294123
0.453,0.785125003247905,-0.0843073648216307
0.453125,0.78517082388147,-0.0843073648216307
0.45325,0.785216394253824,-0.0843073648216307
0.453375,0.785261714801188,-0.0843073648216307
0.4535,0.785306785960002,-0.0843073648216307
0.453625,0.785351608166772,-0.0843073648216307
0.45375,0.785396181857914,-0.0843073648216307
0.453875,0.785440507469594,-0.0843073648216307
0.454,0.785484585437575,-0.0830924148543377
0.454125,0.785528416197532,-0.0830924148543377
0.45425,0.785572000186879,-0.0830924148543377
0.454375,0.785615337844234,-0.0830924148543377
0.4545,0.785658429608928,-0.0830924148543377
0.454625,0.78570127592085,-0.0830924148543377
0.45475,0.785743877220284,-0.0830924148543377
0.454875,0.78578623394775,-0.0830924148543377
0.455,0.785828346543841,-0.0818881590849298
0.455125,0.785870215449528,-0.0818881590849298
0.45525,0.785911841107973,-0.0818881590849298
0.455375,0.785953223963978,-0.0818881590849298
0.4555,0.785994364463504,-0.0818881590849298
0.455625,0.786035263053503,-0.0818881590849298
0.45575,0.78607592018175,-0.0818881590849298
0.455875,0.786116336296676,-0.0818881590849298
0.456,0.786156511847204,-0.0822047271029551
0.456125,0.786196447282456,-0.0822047271029551
0.45625,0.786236143051067,-0.0822047271029551
0.456375,0.786275599601127,-0.0822047271029551
0.4565,0.786314817380091,-0.0822047271029551
0.456625,0.786353796834621,-0.0822047271029551
0.45675,0.786392538410418,-0.0822047271029551
0.456875,0.786431042552064,-0.0822047271029551
0.457,0.786469309702858,-0.0810327394548848
0.457125,0.786507340305104,-0.0810327394548848
0.45725,0.786545134801875,-0.0810327394548848
0.457375,0.786582693636473,-0.0810327394548848
0.4575,0.786620017251955,-0.0810327394548848
0.457625,0.786657106090972,-0.0810327394548848
0.45775,0.786693960595602,-0.0810327394548848
0.457875,0.786730581207188,-0.0810327394548848
0.458,0.786766968366178,-0.0798726785015682
0.458125,0.786803122512407,-0.0798726785015682
0.45825,0.786839044086838,-0.0798726785015682
0.458375,0.786874733531028,-0.0798726785015682
0.4585,0.786910191286654,-0.0798726785015682
0.458625,0.786945417795351,-0.0798726785015682
0.45875,0.786980413498544,-0.0798726785015682
0.458875,0.787015178837286,-0.0798726785015682
0.459,0.78704971425209,-0.0787245242159631
0.459125,0.787084020183211,-0.0787245242159631
0.45925,0.787118097072362,-0.0787245242159631
0.459375,0.78715194536218,-0.0787245242159631
0.4595,0.787185565495756,-0.0787245242159631
0.459625,0.78721895791647,-0.0787245242159631
0.45975,0.787252123067814,-0.0787245242159631
0.459875,0.787285061393233,-0.0787245242159631
0.46,0.787317773335952,-0.0775883732486176
0.460125,0.787350259339252,-0.0775883732486176
0.46025,0.787382519848155,-0.0775883732486176
0.460375,0.787414555308899,-0.0775883732486176
0.4605,0.787446366168465,-0.0775883732486176
0.460625,0.7874779528744,-0.0775883732486176
0.46075,0.787509315874648,-0.0775883732486176
0.460875,0.78754045561738,-0.0775883732486176
0.461,0.787571372550815,-0.0774221978926922
0.461125,0.787602067123119,-0.0774221978926922
0.46125,0.787632539782503,-0.0774221978926922
0.461375,0.787662790976996,-0.0774221978926922
0.4615,0.787692821154233,-0.0774221978926922
0.461625,0.787722630761284,-0.0774221978926922
0.46175,0.787752220244481,-0.0774221978926922
0.461875,0.787781590049249,-0.0774221978926922
0.462,0.787810740619938,-0.0763170956472912
0.462125,0.787839672400081,-0.0763170956472912
0.46225,0.787868385834034,-0.0763170956472912
0.462375,0.787896881366454,-0.0763170956472912
0.4625,0.78792515944184,-0.0763170956472912
0.462625,0.787953220504354,-0.0763170956472912
0.46275,0.787981064997658,-0.0763170956472912
0.462875,0.788008693364737,-0.0763170956472912
0.463,0.788036106047736,-0.0752249240569802
0.463125,0.788063303488208,-0.0752249240569802
0.46325,0.788090286128733,-0.0752249240569802
0.463375,0.788117054412404,-0.0752249240569802
0.4635,0.788143608782362,-0.0752249240569802
0.463625,0.788169949681625,-0.0752249240569802
0.46375,0.788196077552917,-0.0752249240569802
0.463875,0.788221992838495,-0.0752249240569802
0.464,0.788247695979979,-0.0741457164035421
0.464125,0.788273187418599,-0.0741457164035421
0.46425,0.788298467596788,-0.0741457164035421
0.464375,0.788323536957672,-0.0741457164035421
0.4645,0.788348395944605,-0.0741457164035421
0.464625,0.788373045000999,-0.0741457164035421
0.46475,0.788397484570149,-0.0741457164035421
0.464875,0.788421715095056,-0.0741457164035421
0.465,0.788445737018262,-0.0730795726101446
0.465125,0.78846955078208,-0.0730795726101446
0.46525,0.788493156830174,-0.0730795726101446
0.465375,0.78851655560704,-0.0730795726101446
0.4655,0.788539747557553,-0.0730795726101446
0.465625,0.788562733126783,-0.0730795726101446
0.46575,0.788585512759827,-0.0730795726101446
0.465875,0.788608086901628,-0.0730795726101446
0.466,0.788630455996801,-0.0724690448395643
0.466125,0.788652620489692,-0.0724690448395643
0.46625,0.788674580825203,-0.0724690448395643
0.466375,0.788696337448426,-0.0724690448395643
0.4665,0.788717890804299,-0.0724690448395643
0.466625,0.788739241337431,-0.0724690448395643
0.46675,0.788760389491929,-0.0724690448395643
0.466875,0.788781335711219,-0.0724690448395643
0.467,0.788802080437877,-0.0714325057791047
0.467125,0.788822624113846,-0.0714325057791047
0.46725,0.788842967181967,-0.0714325057791047
0.467375,0.788863110085471,-0.0714325057791047
0.4675,0.788883053267527,-0.0714325057791047
0.467625,0.788902797171065,-0.0714325057791047
0.46775,0.788922342238604,-0.0714325057791047
0.467875,0.788941688912067,-0.0714325057791047
0.468,0.788960837632615,-0.0704096918490518
0.468125,0.788979788840863,-0.0704096918490518
0.46825,0.788998542978378,-0.0704096918490518
0.468375,0.789017100487182,-0.0704096918490518
0.4685,0.789035461809299,-0.0704096918490518
0.468625,0.789053627386582,-0.0704096918490518
0.46875,0.78907159766053,-0.0704096918490518
0.468875,0.789089373072117,-0.0704096918490518
0.469,0.789106954061614,-0.0694006934310855
0.469125,0.789124341068801,-0.0694006934310855
0.46925,0.789141534534443,-0.0694006934310855
0.469375,0.789158534899798,-0.0694006934310855
0.4695,0.789175342606163,-0.0694006934310855
0.469625,0.789191958094701,-0.0694006934310855
0.46975,0.789208381806262,-0.0694006934310855
0.469875,0.789224614181202,-0.0694006934310855
0.47,0.789240655659212,-0.0684056209735758
0.470125,0.78925650667952,-0.0684056209735758
0.47025,0.789272167682345,-0.0684056209735758
0.470375,0.789287639108403,-0.0684056209735758
0.4705,0.789302921398467,-0.0684056209735758
0.470625,0.789318014993181,-0.0684056209735758
0.47075,0.789332920332885,-0.0684056209735758
0.470875,0.789347637857438,-0.0684056209735758
0.471,0.789362168006036,-0.0673742064534821
0.471125,0.789376511217434,-0.0673742064534821
0.47125,0.789390667931458,-0.0673742064534821
0.471375,0.789404638588497,-0.0673742064534821
0.4715,0.789418423629049,-0.0673742064534821
0.471625,0.789432023493542,-0.0673742064534821
0.47175,0.789445438622151,-0.0673742064534821
0.471875,0.789458669454619,-0.0673742064534821
0.472,0.789471716430081,-0.0664070816218865
0.472125,0.789484579987252,-0.0664070816218865
0.47225,0.789497260565836,-0.0664070816218865
0.472375,0.789509758606039,-0.0664070816218865
0.4725,0.789522074548127,-0.0664070816218865
0.472625,0.789534208832249,-0.0664070816218865
0.47275,0.789546161898252,-0.0664070816218865
0.472875,0.789557934185502,-0.0664070816218865
0.473,0.789569526132703,-0.0654543186790047
0.473125,0.789580938178087,-0.0654543186790047
0.47325,0.789592170760791,-0.0654543186790047
0.473375,0.789603224320375,-0.0654543186790047
0.4735,0.789614099296387,-0.0654543186790047
0.473625,0.789624796128182,-0.0654543186790047
0.47375,0.789635315254737,-0.0654543186790047
0.473875,0.789645657114472,-0.0654543186790047
0.474,0.78965582214507,-0.0645160732083772
0.474125,0.789665810783656,-0.0645160732083772
0.47425,0.789675623468156,-0.0645160732083772
0.474375,0.789685260636814,-0.0645160732083772
0.4745,0.789694722727766,-0.0645160732083772
0.474625,0.789704010178853,-0.0645160732083772
0.47475,0.789713123427439,-0.0645160732083772
0.474875,0.789722062910234,-0.0645160732083772
0.475,0.789730829063108,-0.063592476223051
0.475125,0.789739422321271,-0.063592476223051
0.47525,0.789747843120603,-0.063592476223051
0.475375,0.78975609189718,-0.063592476223051
0.4755,0.789764169086849,-0.063592476223051
0.475625,0.789772075125041,-0.063592476223051
0.47575,0.789779810446594,-0.063592476223051
0.475875,0.789787375485572,-0.063592476223051
0.476,0.78979477067508,-0.0621467754924247
0.476125,0.789801996447648,-0.0621467754924247
0.47625,0.789809053237415,-0.0621467754924247
0.476375,0.789815941479489,-0.0621467754924247
0.4765,0.789822661609375,-0.0621467754924247
0.476625,0.789829214062799,-0.0621467754924247
0.47675,0.789835599275514,-0.0621467754924247
0.476875,0.789841817683123,-0.0621467754924247
0.477,0.78984786972089,-0.0612492694499238
0.477125,0.789853755823907,-0.0612492694499238
0.47725,0.789859476428377,-0.0612492694499238
0.477375,0.789865031971145,-0.0612492694499238
0.4775,0.789870422889274,-0.0612492694499238
0.477625,0.78987564961986,-0.0612492694499238
0.47775,0.789880712599842,-0.0612492694499238
0.477875,0.78988561226582,-0.0612492694499238
0.478,0.789890349053869,-0.0603666629989586
0.478125,0.789894923399694,-0.0603666629989586
0.47825,0.789899335739894,-0.0603666629989586
0.478375,0.789903586511488,-0.0603666629989586
0.4785,0.789907676151504,-0.0603666629989586
0.478625,0.789911605096784,-0.0603666629989586
0.47875,0.7899153737838,-0.0603666629989586
0.478875,0.78991898264847,-0.0603666629989586
0.479,0.789922432125972,-0.0594991892872912
0.479125,0.78992572265089,-0.0594991892872912
0.47925,0.789928854658455,-0.0594991892872912
0.479375,0.789931828584079,-0.0594991892872912
0.4795,0.789934644862944,-0.0594991892872912
0.479625,0.789937303929809,-0.0594991892872912
0.47975,0.789939806218828,-0.0594991892872912
0.479875,0.789942152163364,-0.0594991892872912
0.48,0.789944342195803,-0.058647012472998
0.480125,0.789946376747701,-0.058647012472998
0.48025,0.789948256250995,-0.058647012472998
0.480375,0.789949981137547,-0.058647012472998
0.4805,0.789951551838733,-0.058647012472998
0.480625,0.789952968785258,-0.058647012472998
0.48075,0.789954232406972,-0.058647012472998
0.480875,0.789955343132687,-0.058647012472998
0.481,0.789956301389995,-0.0567753648021586
0.481125,0.789957107605803,-0.0567753648021586
0.48125,0.789957762209221,-0.0567753648021586
0.481375,0.789958265630781,-0.0567753648021586
0.4815,0.789958618301749,-0.0567753648021586
0.481625,0.789958820653936,-0.0567753648021586
0.48175,0.789958873119514,-0.0567753648021586
0.481875,0.789958776130821,-0.0567753648021586
0.482,0.789958530120175,-0.055947237385927
0.482125,0.789958135520004,-0.055947237385927
0.48225,0.789957592764014,-0.055947237385927
0.482375,0.789956902286736,-0.055947237385927
0.4825,0.789956064523111,-0.055947237385927
0.482625,0.789955079908307,-0.055947237385927
0.48275,0.789953948877516,-0.055947237385927
0.482875,0.789952671865774,-0.055947237385927
0.483,0.789951249307764,-0.0551345116596899
0.483125,0.789949681637939,-0.0551345116596899
0.48325,0.789947969291666,-0.0551345116596899
0.483375,0.789946112704775,-0.0551345116596899
0.4835,0.789944112313147,-0.0551345116596899
0.483625,0.789941968552529,-0.0551345116596899
0.48375,0.789939681858335,-0.0551345116596899
0.483875,0.789937252665461,-0.0551345116596899
0.484,0.789934681408086,-0.054337514783673
0.484125,0.789931968519797,-0.054337514783673
0.48425,0.7899291144347,-0.054337514783673
0.484375,0.789926119586977,-0.054337514783673
0.4845,0.789922984410479,-0.054337514783673
0.484625,0.789919709338541,-0.054337514783673
0.48475,0.789916294803786,-0.054337514783673
0.484875,0.789912741237938,-0.054337514783673
0.485,0.78990904907163,-0.0535564588681129
0.485125,0.789905218734517,-0.0535564588681129
0.48525,0.78990125065637,-0.0535564588681129
0.485375,0.789897145266633,-0.0535564588681129
0.4855,0.789892902994034,-0.0535564588681129
0.485625,0.789888524266389,-0.0535564588681129
0.48575,0.789884009510417,-0.0535564588681129
0.485875,0.789879359151556,-0.0535564588681129
0.486,0.78987457361377,-0.0512280885553112
0.486125,0.789869653320267,-0.0512280885553112
0.48625,0.789864598697123,-0.0512280885553112
0.486375,0.789859410172353,-0.0512280885553112
0.4865,0.789854088175099,-0.0512280885553112
0.486625,0.789848633135437,-0.0512280885553112
0.48675,0.789843045484176,-0.0512280885553112
0.486875,0.78983732565267,-0.0512280885553112
0.487,0.789831474072618,-0.0504688704138806
0.487125,0.789825491176166,-0.0504688704138806
0.48725,0.789819377396949,-0.0504688704138806
0.487375,0.789813133169657,-0.0504688704138806
0.4875,0.789806758929634,-0.0504688704138806
0.487625,0.789800255112681,-0.0504688704138806
0.48775,0.789793622154856,-0.0504688704138806
0.487875,0.789786860492277,-0.0504688704138806
0.488,0.789779970560924,-0.0497255865087737
0.488125,0.789772952796727,-0.0497255865087737
0.48825,0.789765807636586,-0.0497255865087737
0.488375,0.78975853551794,-0.0497255865087737
0.4885,0.789751136878364,-0.0497255865087737
0.488625,0.789743612155372,-0.0497255865087737
0.48875,0.78973596178622,-0.0497255865087737
0.488875,0.789728186207705,-0.0497255865087737
0.489,0.789720285855967,-0.0489986782716288
0.489125,0.789712261166573,-0.0489986782716288
0.48925,0.789704112575508,-0.0489986782716288
0.489375,0.789695840518749,-0.0489986782716288
0.4895,0.789687445431871,-0.0489986782716288
0.489625,0.789678927749849,-0.0489986782716288
0.48975,0.789670287906861,-0.0489986782716288
0.489875,0.789661526336093,-0.0489986782716288
0.49,0.789652643469538,-0.0482884224400234
0.490125,0.789643639738081,-0.0482884224400234
0.49025,0.789634515572463,-0.0482884224400234
0.490375,0.789625271402861,-0.0482884224400234
0.4905,0.789615907658506,-0.0482884224400234
0.490625,0.789606424767489,-0.0482884224400234
0.49075,0.789596823156563,-0.0482884224400234
0.490875,0.789587103250956,-0.0482884224400234
0.491,0.789577265474175,-0.0454531535797058
0.491125,0.789567310248912,-0.0454531535797058
0.49125,0.789557238001493,-0.0454531535797058
0.491375,0.789547049160781,-0.0454531535797058
0.4915,0.789536744157223,-0.0454531535797058
0.491625,0.789526323422646,-0.0454531535797058
0.49175,0.789515787390056,-0.0454531535797058
0.491875,0.789505136493432,-0.0454531535797058
0.492,0.789494371167523,-0.0447623677810542
0.492125,0.789483491847912,-0.0447623677810542
0.49225,0.78947249897194,-0.0447623677810542
0.492375,0.789461392978285,-0.0447623677810542
0.4925,0.789450174306565,-0.0447623677810542
0.492625,0.789438843397137,-0.0447623677810542
0.49275,0.789427400690888,-0.0447623677810542
0.492875,0.789415846629024,-0.0447623677810542
0.493,0.789404181652866,-0.0440881457083175
0.493125,0.789392406203903,-0.0440881457083175
0.49325,0.789380520724686,-0.0440881457083175
0.493375,0.78936852565841,-0.0440881457083175
0.4935,0.789356421448521,-0.0440881457083175
0.493625,0.789344208538511,-0.0440881457083175
0.49375,0.789331887371706,-0.0440881457083175
0.493875,0.789319458391061,-0.0440881457083175
0.494,0.789306922038949,-0.0434310667672312
0.494125,0.78929427875721,-0.0434310667672312
0.49425,0.789281528988017,-0.0434310667672312
0.494375,0.789268673173463,-0.0434310667672312
0.4945,0.789255711755177,-0.0434310667672312
0.494625,0.789242645174116,-0.0434310667672312
0.49475,0.78922947387036,-0.0434310667672312
0.494875,0.789216198282904,-0.0434310667672312
0.495,0.789202818849453,-0.0427914904733087
0.495125,0.789189336006469,-0.0427914904733087
0.49525,0.789175750190007,-0.0427914904733087
0.495375,0.789162061835316,-0.0427914904733087
0.4955,0.789148271376462,-0.0427914904733087
0.495625,0.789134379246124,-0.0427914904733087
0.49575,0.789120385875396,-0.0427914904733087
0.495875,0.789106291693584,-0.0427914904733087
0.496,0.789092097128008,-0.0393800673022137
0.496125,0.789077802605118,-0.0393800673022137
0.49625,0.789063408555882,-0.0393800673022137
0.496375,0.789048915414496,-0.0393800673022137
0.4965,0.789034323617267,-0.0393800673022137
0.496625,0.789019633602398,-0.0393800673022137
0.49675,0.789004845809778,-0.0393800673022137
0.496875,0.788989960680763,-0.0393800673022137
0.497,0.788974978657965,-0.0387574498676309
0.497125,0.78895990018527,-0.0387574498676309
0.49725,0.788944725708651,-0.0387574498676309
0.497375,0.788929455675743,-0.0387574498676309
0.4975,0.788914090535465,-0.0387574498676309
0.497625,0.788898630737797,-0.0387574498676309
0.49775,0.788883076733563,-0.0387574498676309
0.497875,0.788867428974207,-0.0387574498676309
0.498,0.78885168791158,-0.038152187465116
0.498125,0.788835853997945,-0.038152187465116
0.49825,0.788819927686756,-0.038152187465116
0.498375,0.78880390943224,-0.038152187465116
0.4985,0.788787799689016,-0.038152187465116
0.498625,0.788771598911873,-0.038152187465116
0.49875,0.788755307555551,-0.038152187465116
0.498875,0.788738926074514,-0.038152187465116
0.499,0.788722454922737,-0.0375650241604627
0.499125,0.788705894553705,-0.0375650241604627
0.49925,0.788689245421163,-0.0375650241604627
0.499375,0.788672507978701,-0.0375650241604627
0.4995,0.788655682679383,-0.0375650241604627
0.499625,0.788638769975527,-0.0375650241604627
0.49975,0.788621770318483,-0.0375650241604627
0.499875,0.788604684158418,-0.0375650241604627
0.5,0.788587511944097,-0.0369964214475116
0.500125,0.788570254122887,-0.0369964214475116
0.50025,0.788552911141473,-0.0369964214475116
0.500375,0.78853548344546,-0.0369964214475116
0.5005,0.788517971479011,-0.0369964214475116
0.500625,0.788500375684631,-0.0369964214475116
0.50075,0.788482696502955,-0.0369964214475116
0.500875,0.788464934372535,-0.0369964214475116
0.501,0.788447089729632,-0.0329214441074751
0.501125,0.788429163009581,-0.0329214441074751
0.50125,0.788411154653247,-0.0329214441074751
0.501375,0.788393065105516,-0.0329214441074751
0.5015,0.788374894813992,-0.0329214441074751
0.501625,0.788356644228764,-0.0329214441074751
0.50175,0.788338313802179,-0.0329214441074751
0.501875,0.788319903988615,-0.0329214441074751
0.502,0.788301415244249,-0.0323671569074368
0.502125,0.788282848027041,-0.0323671569074368
0.50225,0.788264202797408,-0.0323671569074368
0.502375,0.788245480017821,-0.0323671569074368
0.5025,0.788226680152414,-0.0323671569074368
0.502625,0.788207803666756,-0.0323671569074368
0.50275,0.788188851027614,-0.0323671569074368
0.502875,0.788169822702715,-0.0323671569074368
0.503,0.788150719160511,-0.0318312391597101
0.503125,0.788131540870152,-0.0318312391597101
0.50325,0.788112288302122,-0.0318312391597101
0.503375,0.788092961927837,-0.0318312391597101
0.5035,0.788073562219263,-0.0318312391597101
0.503625,0.788054089648675,-0.0318312391597101
0.50375,0.788034544688424,-0.0318312391597101
0.503875,0.788014927810694,-0.0318312391597101
0.504,0.787995239487271,-0.0313146287074389
0.504125,0.787975480189502,-0.0313146287074389
0.50425,0.787955650388906,-0.0313146287074389
0.504375,0.787935750556773,-0.0313146287074389
0.5045,0.78791578116379,-0.0313146287074389
0.504625,0.78789574267981,-0.0313146287074389
0.50475,0.787875635573608,-0.0313146287074389
0.504875,0.787855460312656,-0.0313146287074389
0.505,0.787835217362887,-0.0308179088168225
0.505125,0.787814907188651,-0.0308179088168225
0.50525,0.787794530253304,-0.0308179088168225
0.505375,0.787774087018818,-0.0308179088168225
0.5055,0.787753577945417,-0.0308179088168225
0.505625,0.78773300349135,-0.0308179088168225
0.50575,0.787712364112667,-0.0308179088168225
0.505875,0.787691660262989,-0.0308179088168225
0.506,0.787670892393288,-0.0259753397171305
0.506125,0.787650060953531,-0.0259753397171305
0.50625,0.787629166400379,-0.0259753397171305
0.506375,0.787608209195427,-0.0259753397171305
0.5065,0.787587189803665,-0.0259753397171305
0.506625,0.787566108693239,-0.0259753397171305
0.50675,0.787544966335204,-0.0259753397171305
0.506875,0.787523763203272,-0.0259753397171305
0.507,0.787502499773571,-0.0254901694967482
0.507125,0.787481176524574,-0.0254901694967482
0.50725,0.787459793937649,-0.0254901694967482
0.507375,0.787438352496648,-0.0254901694967482
0.5075,0.787416852687527,-0.0254901694967482
0.507625,0.787395294998092,-0.0254901694967482
0.50775,0.787373679917739,-0.0254901694967482
0.507875,0.787352007937202,-0.0254901694967482
0.508,0.787330279548295,-0.0250246621584005
0.508125,0.787308495243837,-0.0250246621584005
0.50825,0.787286655518155,-0.0250246621584005
0.508375,0.787264760866681,-0.0250246621584005
0.5085,0.787242811785567,-0.0250246621584005
0.508625,0.787220808771429,-0.0250246621584005
0.50875,0.787198752321089,-0.0250246621584005
0.508875,0.787176642931314,-0.0250246621584005
0.509,0.787154481098561,-0.0245799802453239
0.509125,0.787132267318894,-0.0245799802453239
0.50925,0.787110002088448,-0.0245799802453239
0.509375,0.78708768590304,-0.0245799802453239
0.5095,0.787065319257788,-0.0245799802453239
0.509625,0.78704290264686,-0.0245799802453239
0.50975,0.787020436563217,-0.0245799802453239
0.509875,0.786997921498356,-0.0245799802453239
0.51,0.786975357942065,-0.0241568487103706
0.510125,0.786952746382329,-0.0241568487103706
0.51025,0.786930087305776,-0.0241568487103706
0.510375,0.786907381197293,-0.0241568487103706
0.5105,0.786884628539664,-0.0241568487103706
0.510625,0.786861829813325,-0.0241568487103706
0.51075,0.786838985496119,-0.0241568487103706
0.510875,0.786816096063051,-0.0241568487103706
0.511,0.786793161986049,-0.0184838590681332
0.511125,0.786770183735912,-0.0184838590681332
0.51125,0.786747161791351,-0.0184838590681332
0.511375,0.786724096636942,-0.0184838590681332
0.5115,0.78670098876135,-0.0184838590681332
0.511625,0.786677838657069,-0.0184838590681332
0.51175,0.786654646820146,-0.0184838590681332
0.511875,0.786631413749917,-0.0184838590681332
0.512,0.786608139948734,-0.0180697566975879
0.512125,0.78658482592185,-0.0180697566975879
0.51225,0.786561472177826,-0.0180697566975879
0.512375,0.786538079228123,-0.0180697566975879
0.5125,0.786514647586714,-0.0180697566975879
0.512625,0.786491177769805,-0.0180697566975879
0.51275,0.78646767029556,-0.0180697566975879
0.512875,0.786444125683817,-0.0180697566975879
0.513,0.786420544455808,-0.0176769308014088
0.513125,0.786396927134034,-0.0176769308014088
0.51325,0.786373274242625,-0.0176769308014088
0.513375,0.786349586306932,-0.0176769308014088
0.5135,0.786325863853143,-0.0176769308014088
0.513625,0.786302107407999,-0.0176769308014088
0.51375,0.786278317498515,-0.0176769308014088
0.513875,0.786254494651693,-0.0176769308014088
0.514,0.786230639394244,-0.0173067742536406
0.514125,0.786206752252451,-0.0173067742536406
0.51425,0.786182833752492,-0.0173067742536406
0.514375,0.786158884420047,-0.0173067742536406
0.5145,0.786134904779912,-0.0173067742536406
0.514625,0.786110895355731,-0.0173067742536406
0.51475,0.786086856669709,-0.0173067742536406
0.514875,0.786062789242341,-0.0173067742536406
0.515,0.786038693592135,-0.016960149842375
0.515125,0.786014570235473,-0.016960149842375
0.51525,0.785990419686909,-0.016960149842375
0.515375,0.785966242458781,-0.016960149842375
0.5155,0.78594203906086,-0.016960149842375
0.515625,0.785917810000072,-0.016960149842375
0.51575,0.785893555780241,-0.016960149842375
0.515875,0.78586927690182,-0.016960149842375
0.516,0.785844973861633,-0.0106119271993482
0.516125,0.785820647155061,-0.0106119271993482
0.51625,0.785796297286174,-0.0106119271993482
0.516375,0.785771924765444,-0.0106119271993482
0.5165,0.785747530107773,-0.0106119271993482
0.516625,0.7857231138322,-0.0106119271993482
0.51675,0.785698676461615,-0.0106119271993482
0.516875,0.785674218522464,-0.0106119271993482
0.517,0.785649740544455,-0.0102733825960349
0.517125,0.785625243060391,-0.0102733825960349
0.51725,0.785600726606432,-0.0102733825960349
0.517375,0.785576191721686,-0.0102733825960349
0.5175,0.785551638947817,-0.0102733825960349
0.517625,0.78552706882875,-0.0102733825960349
0.51775,0.785502481910363,-0.0102733825960349
0.517875,0.78547787874019,-0.0102733825960349
0.518,0.785453259867114,-0.00995796160477483
0.518125,0.785428625841188,-0.00995796160477483
0.51825,0.785403977213849,-0.00995796160477483
0.518375,0.785379314537513,-0.00995796160477483
0.5185,0.785354638365186,-0.00995796160477483
0.518625,0.785329949250163,-0.00995796160477483
0.51875,0.785305247745723,-0.00995796160477483
0.518875,0.785280534404826,-0.00995796160477483
0.519,0.785255809779809,-0.00966718123124247
0.519125,0.7852310744222,-0.00966718123124247
0.51925,0.785206328882893,-0.00966718123124247
0.519375,0.785181573711754,-0.00966718123124247
0.5195,0.785156809457245,-0.00966718123124247
0.519625,0.785132036666126,-0.00966718123124247
0.51975,0.785107255883161,-0.00966718123124247
0.519875,0.78508246765082,-0.00966718123124247
0.52,0.785057672508988,-0.00940194122959992
0.520125,0.785032870994774,-0.00940194122959992
0.52025,0.785008063642659,-0.00940194122959992
0.520375,0.784983250984122,-0.00940194122959992
0.5205,0.784958433547287,-0.00940194122959992
0.520625,0.784933611856636,-0.00940194122959992
0.52075,0.78490878643273,-0.00940194122959992
0.520875,0.784883957791932,-0.00940194122959992
0.521,0.784859126446129,-0.00259884627762876
0.521125,0.784834292905086,-0.00259884627762876
0.52125,0.784809457687305,-0.00259884627762876
0.521375,0.784784621317577,-0.00259884627762876
0.5215,0.784759784324878,-0.00259884627762876
0.521625,0.784734947242066,-0.00259884627762876
0.52175,0.784710110605569,-0.00259884627762876
0.521875,0.784685274955085,-0.00259884627762876
0.522,0.784660440833271,-0.00234193361862051
0.522125,0.784635608785531,-0.00234193361862051
0.52225,0.784610779360128,-0.00234193361862051
0.522375,0.784585953107792,-0.00234193361862051
0.5225,0.784561130581337,-0.00234193361862051
0.522625,0.784536312335346,-0.00234193361862051
0.52275,0.78451149892586,-0.00234193361862051
0.522875,0.784486690910065,-0.00234193361862051
0.523,0.784461888845972,-0.00210977148306866
0.523125,0.784437093292199,-0.00210977148306866
0.52325,0.784412304808032,-0.00210977148306866
0.523375,0.784387523953041,-0.00210977148306866
0.5235,0.784362751286703,-0.00210977148306866
0.523625,0.784337987368087,-0.00210977148306866
0.52375,0.784313232755544,-0.00210977148306866
0.523875,0.784288488006397,-0.00210977148306866
0.524,0.784263753676623,-0.00190385451893422
0.524125,0.784239030320634,-0.00190385451893422
0.52425,0.784214318491296,-0.00190385451893422
0.524375,0.784189618739566,-0.00190385451893422
0.5245,0.784164931614125,-0.00190385451893422
0.524625,0.784140257661081,-0.00190385451893422
0.52475,0.78411559742366,-0.00190385451893422
0.524875,0.784090951441914,-0.00190385451893422
0.525,0.78406632025242,-0.00172499730850516
0.525125,0.784041704388056,-0.00172499730850516
0.52525,0.784017104378001,-0.00172499730850516
0.525375,0.783992520747387,-0.00172499730850516
0.5255,0.783967954016971,-0.00172499730850516
0.525625,0.783943404702841,-0.00172499730850516
0.52575,0.783918873316144,-0.00172499730850516
0.525875,0.783894360362803,-0.00172499730850516
0.526,0.783869866343243,0.00530117498769216
0.526125,0.783845391754833,0.00530117498769216
0.52625,0.783820937103108,0.00530117498769216
0.526375,0.783796502899257,0.00530117498769216
0.5265,0.783772089657959,0.00530117498769216
0.526625,0.783747697897081,0.00530117498769216
0.52675,0.783723328137374,0.00530117498769216
0.526875,0.783698980902167,0.00530117498769216
0.527,0.783674656717068,0.00547120377703007
0.527125,0.783650356109717,0.00547120377703007
0.52725,0.783626079609764,0.00547120377703007
0.527375,0.783601827748505,0.00547120377703007
0.5275,0.783577601058527,0.00547120377703007
0.527625,0.783553400073407,0.00547120377703007
0.52775,0.783529225327397,0.00547120377703007
0.527875,0.783505077355123,0.00547120377703007
0.528,0.78348095669127,0.00561555140187569
0.528125,0.783456863870341,0.00561555140187569
0.52825,0.783432799426578,0.00561555140187569
0.528375,0.783408763893616,0.00561555140187569
0.5285,0.78338475780414,0.00561555140187569
0.528625,0.783360781689578,0.00561555140187569
0.52875,0.783336836079802,0.00561555140187569
0.528875,0.783312921502825,0.00561555140187569
0.529,0.783289038484503,0.00573285906124733
0.529125,0.783265187548279,0.00573285906124733
0.52925,0.783241369215087,0.00573285906124733
0.529375,0.783217584003012,0.00573285906124733
0.5295,0.783193832426972,0.00573285906124733
0.529625,0.783170114998427,0.00573285906124733
0.52975,0.783146432225093,0.00573285906124733
0.529875,0.783122784610653,0.00573285906124733
0.53,0.783099172654483,0.00582247805555119
0.530125,0.783075596851399,0.00582247805555119
0.53025,0.783052057691532,0.00582247805555119
0.530375,0.783028555660029,0.00582247805555119
0.5305,0.783005091236753,0.00582247805555119
0.530625,0.782981664896024,0.00582247805555119
0.53075,0.782958277106351,0.00582247805555119
0.530875,0.782934928330173,0.00582247805555119
0.531,0.782911619023607,0.0128313763594818
0.531125,0.782888349638898,0.0128313763594818
0.53125,0.782865120635636,0.0128313763594818
0.531375,0.782841932478267,0.0128313763594818
0.5315,0.782818785633958,0.0128313763594818
0.531625,0.782795680572314,0.0128313763594818
0.53175,0.782772617765095,0.0128313763594818
0.531875,0.782749597685935,0.0128313763594818
0.532,0.782726620810061,0.0129119964834569
0.532125,0.782703687614039,0.0129119964834569
0.53225,0.782680798575625,0.0129119964834569
0.532375,0.782657954173453,0.0129119964834569
0.5325,0.782635154886735,0.0129119964834569
0.532625,0.782612401194972,0.0129119964834569
0.53275,0.782589693577675,0.0129119964834569
0.532875,0.782567032514082,0.0129119964834569
0.533,0.782544418482875,0.0129669503094913
0.533125,0.782521851961924,0.0129669503094913
0.53325,0.782499333428091,0.0129669503094913
0.533375,0.782476863356941,0.0129669503094913
0.5335,0.782454442222444,0.0129669503094913
0.533625,0.782432070496701,0.0129669503094913
0.53375,0.78240974864967,0.0129669503094913
0.533875,0.782387477148892,0.0129669503094913
0.534,0.782365256459222,0.0129950794639461
0.534125,0.782343087042565,0.0129950794639461
0.53425,0.782320969357664,0.0129950794639461
0.534375,0.782298903859819,0.0129950794639461
0.5345,0.782276891000619,0.0129950794639461
0.534625,0.782254931227684,0.0129950794639461
0.53475,0.782233024984408,0.0129950794639461
0.534875,0.782211172709701,0.0129950794639461
0.535,0.782189374837743,0.0129959337646727
0.535125,0.782167631797731,0.0129959337646727
0.53525,0.78214594401364,0.0129959337646727
0.535375,0.782124311903979,0.0129959337646727
0.5355,0.78210273588155,0.0129959337646727
0.535625,0.78208121635322,0.0129959337646727
0.53575,0.782059753719685,0.0129959337646727
0.535875,0.782038348375244,0.0129959337646727
0.536,0.782017000707579,0.0197470658348713
0.536125,0.781995711100134,0.0197470658348713
0.53625,0.78197447994295,0.0197470658348713
0.536375,0.781953307630288,0.0197470658348713
0.5365,0.781932194558595,0.0197470658348713
0.536625,0.781911141126254,0.0197470658348713
0.53675,0.781890147733342,0.0197470658348713
0.536875,0.78186921478138,0.0197470658348713
0.537,0.781848342673085,0.0197392261706047
0.537125,0.78182753181212,0.0197392261706047
0.53725,0.781806782602834,0.0197392261706047
0.537375,0.781786095450016,0.0197392261706047
0.5375,0.781765470758651,0.0197392261706047
0.537625,0.781744908933669,0.0197392261706047
0.53775,0.781724410379704,0.0197392261706047
0.537875,0.781703975500844,0.0197392261706047
0.538,0.781683604700389,0.0197067028929102
0.538125,0.781663298380591,0.0197067028929102
0.53825,0.781643056942358,0.0197067028929102
0.538375,0.781622880785027,0.0197067028929102
0.5385,0.781602770306125,0.0197067028929102
0.538625,0.781582725901135,0.0197067028929102
0.53875,0.781562747963259,0.0197067028929102
0.538875,0.781542836883179,0.0197067028929102
0.539,0.781522993048823,0.0196485683760461
0.539125,0.781503216845115,0.0196485683760461
0.53925,0.781483508653646,0.0196485683760461
0.539375,0.781463868852467,0.0196485683760461
0.5395,0.781444297815879,0.0196485683760461
0.539625,0.781424795914211,0.0196485683760461
0.53975,0.781405363513599,0.0196485683760461
0.539875,0.781386000975772,0.0196485683760461
0.54,0.781366708657835,0.0195645738102994
0.540125,0.781347486912024,0.0195645738102994
0.54025,0.781328336085368,0.0195645738102994
0.540375,0.781309256519501,0.0195645738102994
0.5405,0.781290248550492,0.0195645738102994
0.540625,0.781271312508642,0.0195645738102994
0.54075,0.781252448718293,0.0195645738102994
0.540875,0.781233657497635,0.0195645738102994
0.541,0.781214939158522,0.0258305678606875
0.541125,0.781196294008704,0.0258305678606875
0.54125,0.781177722361899,0.0258305678606875
0.541375,0.781159224535611,0.0258305678606875
0.5415,0.781140800849259,0.0258305678606875
0.541625,0.781122451623972,0.0258305678606875
0.54175,0.781104177182378,0.0258305678606875
0.541875,0.781085977848396,0.0258305678606875
0.542,0.781067853947026,0.0257385679440104
0.542125,0.781049805804106,0.0257385679440104
0.54225,0.781031833745949,0.0257385679440104
0.542375,0.781013938099168,0.0257385679440104
0.5425,0.780996119190486,0.0257385679440104
0.542625,0.780978377346532,0.0257385679440104
0.54275,0.780960712893633,0.0257385679440104
0.542875,0.780943126157601,0.0257385679440104
0.543,0.780925617463536,0.0256237301169863
0.543125,0.780908187135566,0.0256237301169863
0.54325,0.780890835496461,0.0256237301169863
0.543375,0.780873562867465,0.0256237301169863
0.5435,0.78085636956812,0.0256237301169863
0.543625,0.780839255916072,0.0256237301169863
0.54375,0.780822222226866,0.0256237301169863
0.543875,0.78080526881375,0.0256237301169863
0.544,0.780788395987482,0.0254853717294089
0.544125,0.780771604056076,0.0254853717294089
0.54425,0.780754893324391,0.0254853717294089
0.544375,0.780738264093979,0.0254853717294089
0.5445,0.780721716662935,0.0254853717294089
0.544625,0.780705251325715,0.0254853717294089
0.54475,0.78068886837295,0.0254853717294089
0.544875,0.780672568091265,0.0254853717294089
0.545,0.780656350763105,0.0253234368262704
0.545125,0.780640216666494,0.0253234368262704
0.54525,0.780624166074598,0.0253234368262704
0.545375,0.780608199255609,0.0253234368262704
0.5455,0.780592316472622,0.0253234368262704
0.545625,0.780576517983469,0.0253234368262704
0.54575,0.780560804040565,0.0253234368262704
0.545875,0.78054517489075,0.0253234368262704
0.546,0.780529630775134,0.0309033423630485
0.546125,0.780514171931103,0.0309033423630485
0.54625,0.780498798601298,0.0309033423630485
0.546375,0.780483511031689,0.0309033423630485
0.5465,0.780468309469921,0.0309033423630485
0.546625,0.780453194165143,0.0309033423630485
0.54675,0.780438165367838,0.0309033423630485
0.546875,0.780423223329646,0.0309033423630485
0.547,0.780408368303196,0.0307343466047582
0.547125,0.780393600541864,0.0307343466047582
0.54725,0.780378920299328,0.0307343466047582
0.547375,0.780364327829445,0.0307343466047582
0.5475,0.780349823386125,0.0307343466047582
0.547625,0.780335407223161,0.0307343466047582
0.54775,0.780321079594056,0.0307343466047582
0.547875,0.780306840751851,0.0307343466047582
0.548,0.780292690948961,0.0305450791000817
0.548125,0.780278630436923,0.0305450791000817
0.54825,0.780264659465927,0.0305450791000817
0.548375,0.780250778284702,0.0305450791000817
0.5485,0.780236987140404,0.0305450791000817
0.548625,0.780223286278451,0.0305450791000817
0.54875,0.780209675942359,0.0305450791000817
0.548875,0.780196156373581,0.0305450791000817
0.549,0.780182727811345,0.0303351101435438
0.549125,0.780169390492416,0.0303351101435438
0.54925,0.780156144650595,0.0303351101435438
0.549375,0.78014299051663,0.0303351101435438
0.5495,0.780129928318119,0.0303351101435438
0.549625,0.780116958279361,0.0303351101435438
0.54975,0.780104080621206,0.0303351101435438
0.549875,0.780091295560913,0.0303351101435438
0.55,0.780078603311998,0.0301045657774515
0.550125,0.780066004084013,0.0301045657774515
0.55025,0.780053498082025,0.0301045657774515
0.550375,0.780041085506552,0.0301045657774515
0.5505,0.780028766553496,0.0301045657774515
0.550625,0.78001654141401,0.0301045657774515
0.55075,0.780004410274372,0.0301045657774515
0.550875,0.779992373315862,0.0301045657774515
0.551,0.77998043071464,0.0348319756399091
0.551125,0.779968582643452,0.0348319756399091
0.55125,0.779956829279247,0.0348319756399091
0.551375,0.779945170801553,0.0348319756399091
0.5515,0.779933607391086,0.0348319756399091
0.551625,0.779922139229614,0.0348319756399091
0.55175,0.779910766499821,0.0348319756399091
0.551875,0.779899489385167,0.0348319756399091
0.552,0.779888308069755,0.0345954865985784
0.552125,0.779877222738101,0.0345954865985784
0.55225,0.77986623357461,0.0345954865985784
0.552375,0.779855340763514,0.0345954865985784
0.5525,0.779844544488802,0.0345954865985784
0.552625,0.779833844934083,0.0345954865985784
0.55275,0.77982324228245,0.0345954865985784
0.552875,0.779812736716349,0.0345954865985784
0.553,0.779802328417446,0.0343418735823759
0.553125,0.779792017566391,0.0343418735823759
0.55325,0.779781804342279,0.0343418735823759
0.553375,0.779771688922594,0.0343418735823759
0.5535,0.779761671483152,0.0343418735823759
0.553625,0.77975175219797,0.0343418735823759
0.55375,0.779741931239142,0.0343418735823759
0.553875,0.779732208776714,0.0343418735823759
0.554,0.77972258497856,0.0340709635372768
0.554125,0.779713060010156,0.0340709635372768
0.55425,0.779703634034016,0.0340709635372768
0.554375,0.779694307209659,0.0340709635372768
0.5545,0.779685079693567,0.0340709635372768
0.554625,0.779675951639072,0.0340709635372768
0.55475,0.779666923196239,0.0340709635372768
0.554875,0.779657994511764,0.0340709635372768
0.555,0.779649165728859,0.0337830526412364
0.555125,0.779640436987041,0.0337830526412364
0.55525,0.779631808421556,0.0337830526412364
0.555375,0.779623280163367,0.0337830526412364
0.5555,0.77961485233914,0.0337830526412364
0.555625,0.779606525071144,0.0337830526412364
0.55575,0.77959829847716,0.0337830526412364
0.555875,0.779590172670395,0.0337830526412364
0.556,0.779582147759392,0.0375274877324019
0.556125,0.779574223849393,0.0375274877324019
0.55625,0.779566401048382,0.0375274877324019
0.556375,0.779558679465807,0.0375274877324019
0.5565,0.77955105921149,0.0375274877324019
0.556625,0.779543540395531,0.0375274877324019
0.55675,0.779536123128211,0.0375274877324019
0.556875,0.779528807519892,0.0375274877324019
0.557,0.779521593680924,0.0372348648187613
0.557125,0.779514481721433,0.0372348648187613
0.55725,0.779507471750748,0.0372348648187613
0.557375,0.779500563877398,0.0372348648187613
0.5575,0.779493758209095,0.0372348648187613
0.557625,0.779487054852643,0.0372348648187613
0.55775,0.779480453913842,0.0372348648187613
0.557875,0.7794739554974,0.0372348648187613
0.558,0.779467559706841,0.036928717214265
0.558125,0.779461266644293,0.036928717214265
0.55825,0.779455076409905,0.036928717214265
0.558375,0.77944898910185,0.036928717214265
0.5585,0.779443004816325,0.036928717214265
0.558625,0.779437123647468,0.036928717214265
0.55875,0.779431345687268,0.036928717214265
0.558875,0.779425671025491,0.036928717214265
0.559,0.779420099749598,0.0366091269177803
0.559125,0.779414631944539,0.0366091269177803
0.55925,0.779409267692161,0.0366091269177803
0.559375,0.779404007071226,0.0366091269177803
0.5595,0.779398850157429,0.0366091269177803
0.559625,0.779393797023326,0.0366091269177803
0.55975,0.779388847738268,0.0366091269177803
0.559875,0.779384002368331,0.0366091269177803
0.56,0.779379260976251,0.0362765460346357
0.560125,0.779374623621239,0.0362765460346357
0.56025,0.779370090358369,0.0362765460346357
0.560375,0.779365661238633,0.0362765460346357
0.5605,0.779361336308969,0.0362765460346357
0.560625,0.779357115612211,0.0362765460346357
0.56075,0.779352999187043,0.0362765460346357
0.560875,0.779348987067946,0.0362765460346357
0.561,0.779345079285155,0.0389410974634148
0.561125,0.779341275865648,0.0389410974634148
0.56125,0.779337576837457,0.0389410974634148
0.561375,0.779333982228785,0.0389410974634148
0.5615,0.779330492067246,0.0389410974634148
0.561625,0.77932710637981,0.0389410974634148
0.56175,0.779323825192762,0.0389410974634148
0.561875,0.779320648531645,0.0389410974634148
0.562,0.779317576421216,0.0386050943073081
0.562125,0.779314608885268,0.0386050943073081
0.56225,0.779311745946032,0.0386050943073081
0.562375,0.779308987624236,0.0386050943073081
0.5625,0.779306333939155,0.0386050943073081
0.562625,0.779303784908562,0.0386050943073081
0.56275,0.779301340548688,0.0386050943073081
0.562875,0.779299000874184,0.0386050943073081
0.563,0.779296765898074,0.0382594889567159
0.563125,0.779294635631586,0.0382594889567159
0.56325,0.779292610083549,0.0382594889567159
0.563375,0.779290689260464,0.0382594889567159
0.5635,0.779288873166563,0.0382594889567159
0.563625,0.779287161803775,0.0382594889567159
0.56375,0.779285555171695,0.0382594889567159
0.563875,0.779284053267553,0.0382594889567159
0.564,0.779282656086189,0.0379046107679391
0.564125,0.77928136361988,0.0379046107679391
0.56425,0.779280175857743,0.0379046107679391
0.564375,0.779279092785819,0.0379046107679391
0.5645,0.779278114387146,0.0379046107679391
0.564625,0.779277240641742,0.0379046107679391
0.56475,0.779276471526587,0.0379046107679391
0.564875,0.779275807015603,0.0379046107679391
0.565,0.779275247079646,0.0375410504010532
0.565125,0.779274791686349,0.0375410504010532
0.56525,0.779274440799519,0.0375410504010532
0.565375,0.779274194379243,0.0375410504010532
0.5655,0.77927405238198,0.0375410504010532
0.565625,0.779274014760561,0.0375410504010532
0.56575,0.77927408146418,0.0375410504010532
0.565875,0.779274252438407,0.0375410504010532
0.566,0.779274527625178,0.0390610343293319
0.566125,0.779274906963399,0.0390610343293319
0.56625,0.779275390391428,0.0390610343293319
0.566375,0.779275977846608,0.0390610343293319
0.5665,0.779276669264857,0.0390610343293319
0.566625,0.779277464580677,0.0390610343293319
0.56675,0.779278363727154,0.0390610343293319
0.566875,0.779279366635968,0.0390610343293319
0.567,0.77928047323739,0.0386953312493915
0.567125,0.779281683460158,0.0386953312493915
0.56725,0.779282997230875,0.0386953312493915
0.567375,0.779284414474143,0.0386953312493915
0.5675,0.779285935112665,0.0386953312493915
0.567625,0.77928755906726,0.0386953312493915
0.56775,0.779289286256874,0.0386953312493915
0.567875,0.779291116598594,0.0386953312493915
0.568,0.779293050007666,0.0383241413021333
0.568125,0.779295086397364,0.0383241413021333
0.56825,0.7792972256784,0.0383241413021333
0.568375,0.779299467759064,0.0383241413021333
0.5685,0.77930181254534,0.0383241413021333
0.568625,0.779304259940933,0.0383241413021333
0.56875,0.779306809847286,0.0383241413021333
0.568875,0.77930946216361,0.0383241413021333
0.569,0.779312216786911,0.0379480273156495
0.569125,0.779315073611865,0.0379480273156495
0.56925,0.77931803253024,0.0379480273156495
0.569375,0.779321093431042,0.0379480273156495
0.5695,0.779324256200644,0.0379480273156495
0.569625,0.779327520722829,0.0379480273156495
0.56975,0.779330886878818,0.0379480273156495
0.569875,0.779334354547311,0.0379480273156495
0.57,0.779337923604526,0.0375676980782578
0.570125,0.779341593924087,0.0375676980782578
0.57025,0.779345365376451,0.0375676980782578
0.570375,0.779349237829066,0.0375676980782578
0.5705,0.779353211146519,0.0375676980782578
0.570625,0.779357285190586,0.0375676980782578
0.57075,0.779361459820278,0.0375676980782578
0.570875,0.779365734891892,0.0375676980782578
0.571,0.779370110259064,0.0379129022821832
0.571125,0.779374585772955,0.0379129022821832
0.57125,0.779379161282867,0.0379129022821832
0.571375,0.779383836636195,0.0379129022821832
0.5715,0.779388611678383,0.0379129022821832
0.571625,0.779393486252985,0.0379129022821832
0.57175,0.779398460201722,0.0379129022821832
0.571875,0.779403533364537,0.0379129022821832
0.572,0.779408705579657,0.0375316470499874
0.572125,0.779413976683504,0.0375316470499874
0.57225,0.779419346510133,0.0375316470499874
0.572375,0.779424814891415,0.0375316470499874
0.5725,0.779430381657202,0.0375316470499874
0.572625,0.779436046635396,0.0375316470499874
0.57275,0.779441809652008,0.0375316470499874
0.572875,0.779447670531234,0.0375316470499874
0.573,0.779453629095518,0.0371490819876166
0.573125,0.779459685165474,0.0371490819876166
0.57325,0.779465838559332,0.0371490819876166
0.573375,0.779472089093129,0.0371490819876166
0.5735,0.779478436580887,0.0371490819876166
0.573625,0.779484880834687,0.0371490819876166
0.57375,0.779491421664741,0.0371490819876166
0.573875,0.779498058879474,0.0371490819876166
0.574,0.779504792285598,0.0367659831193484
0.574125,0.779511621688044,0.0367659831193484
0.57425,0.779518546889414,0.0367659831193484
0.574375,0.779525567690184,0.0367659831193484
0.5745,0.779532683888886,0.0367659831193484
0.574625,0.779539895282196,0.0367659831193484
0.57475,0.779547201665014,0.0367659831193484
0.574875,0.779554602830553,0.0367659831193484
0.575,0.779562098570423,0.0363831540805079
0.575125,0.779569688674573,0.0363831540805079
0.57525,0.779577372930748,0.0363831540805079
0.575375,0.779585151124703,0.0363831540805079
0.5755,0.779593023040397,0.0363831540805079
0.575625,0.779600988460082,0.0363831540805079
0.57575,0.779609047164396,0.0363831540805079
0.575875,0.779617198932461,0.0363831540805079
0.576,0.779625443541969,0.0355622359724588
0.576125,0.779633780768969,0.0355622359724588
0.57625,0.779642210386615,0.0355622359724588
0.576375,0.779650732165523,0.0355622359724588
0.5765,0.779659345874096,0.0355622359724588
0.576625,0.779668051278621,0.0355622359724588
0.57675,0.779676848143376,0.0355622359724588
0.576875,0.779685736230729,0.0355622359724588
0.577,0.779694715301251,0.0351796145461507
0.577125,0.779703785113667,0.0351796145461507
0.57725,0.779712945424341,0.0351796145461507
0.577375,0.779722195987506,0.0351796145461507
0.5775,0.779731536555471,0.0351796145461507
0.577625,0.779740966878741,0.0351796145461507
0.57775,0.779750486706119,0.0351796145461507
0.577875,0.779760095784827,0.0351796145461507
0.578,0.779769793860614,0.034799792841936
0.578125,0.779779580677726,0.034799792841936
0.57825,0.779789455978399,0.034799792841936
0.578375,0.779799419503095,0.034799792841936
0.5785,0.779809470990723,0.034799792841936
0.578625,0.779819610178753,0.034799792841936
0.57875,0.779829836803339,0.034799792841936
0.578875,0.779840150599438,0.034799792841936
0.579,0.779850551300926,0.034423732880209
0.579125,0.779861038640579,0.034423732880209
0.57925,0.779871612349575,0.034423732880209
0.579375,0.779882272157737,0.034423732880209
0.5795,0.779893017793754,0.034423732880209
0.579625,0.779903848985309,0.034423732880209
0.57975,0.779914765459198,0.034423732880209
0.579875,0.779925766941457,0.034423732880209
0.58,0.779936853157487,0.0340523069051793
0.580125,0.779948023832035,0.0340523069051793
0.58025,0.779959278688711,0.0340523069051793
0.580375,0.779970617450232,0.0340523069051793
0.5805,0.779982039838647,0.0340523069051793
0.580625,0.779993545575464,0.0340523069051793
0.58075,0.780005134381779,0.0340523069051793
0.580875,0.7800168059784,0.0340523069051793
0.581,0.780028560085976,0.0321154053857248
0.581125,0.78004039642438,0.0321154053857248
0.58125,0.780052314709659,0.0321154053857248
0.581375,0.78006431465479,0.0321154053857248
0.5815,0.780076395970327,0.0321154053857248
0.581625,0.780088558364539,0.0321154053857248
0.58175,0.780100801543552,0.0321154053857248
0.581875,0.780113125211488,0.0321154053857248
0.582,0.780125529070608,0.0317452412131525
0.582125,0.780138012821307,0.0317452412131525
0.58225,0.780150576161659,0.0317452412131525
0.582375,0.780163218787672,0.0317452412131525
0.5825,0.780175940393536,0.0317452412131525
0.582625,0.780188740671772,0.0317452412131525
0.58275,0.780201619313373,0.0317452412131525
0.582875,0.780214576007959,0.0317452412131525
0.583,0.780227610443922,0.0313817930471267
0.583125,0.780240722308437,0.0313817930471267
0.58325,0.780253911287015,0.0313817930471267
0.583375,0.780267177063773,0.0313817930471267
0.5835,0.780280519321675,0.0313817930471267
0.583625,0.780293937742695,0.0313817930471267
0.58375,0.78030743200796,0.0313817930471267
0.583875,0.780321001797908,0.0313817930471267
0.584,0.78033464679244,0.0310261746841614
0.584125,0.780348366670938,0.0310261746841614
0.58425,0.78036216111183,0.0310261746841614
0.584375,0.780376029792865,0.0310261746841614
0.5845,0.780389972391356,0.0310261746841614
0.584625,0.780403988584336,0.0310261746841614
0.58475,0.780418078048716,0.0310261746841614
0.584875,0.780432240461434,0.0310261746841614
0.585,0.780446475499613,0.0306792978815211
0.585125,0.780460782840579,0.0306792978815211
0.58525,0.780475162161449,0.0306792978815211
0.585375,0.780489613139391,0.0306792978815211
0.5855,0.780504135451875,0.0306792978815211
0.585625,0.780518728776822,0.0306792978815211
0.58575,0.78053339279276,0.0306792978815211
0.585875,0.780548127178976,0.0306792978815211
0.586,0.780562931615668,0.027715791654588
0.586125,0.780577805782951,0.027715791654588
0.58625,0.780592749356164,0.027715791654588
0.586375,0.780607762006965,0.027715791654588
0.5865,0.780622843404284,0.027715791654588
0.586625,0.780637993214489,0.027715791654588
0.58675,0.780653211101557,0.027715791654588
0.586875,0.78066849672724,0.027715791654588
0.587,0.780683849751235,0.0273711510882251
0.587125,0.780699269831223,0.0273711510882251
0.58725,0.780714756622478,0.0273711510882251
0.587375,0.780730309778146,0.0273711510882251
0.5875,0.780745928949515,0.0273711510882251
0.587625,0.780761613786187,0.0273711510882251
0.58775,0.780777363936258,0.0273711510882251
0.587875,0.780793179046489,0.0273711510882251
0.588,0.780809058762489,0.0270368286449218
0.588125,0.78082500272876,0.0270368286449218
0.58825,0.780841010588328,0.0270368286449218
0.588375,0.780857081983028,0.0270368286449218
0.5885,0.780873216553773,0.0270368286449218
0.588625,0.780889413940734,0.0270368286449218
0.58875,0.780905673783517,0.0270368286449218
0.588875,0.780921995721348,0.0270368286449218
0.589,0.780938379393247,0.0267140499019765
0.589125,0.780954824438089,0.0267140499019765
0.58925,0.78097133049425,0.0267140499019765
0.589375,0.780987897199893,0.0267140499019765
0.5895,0.781004524193233,0.0267140499019765
0.589625,0.781021211112716,0.0267140499019765
0.58975,0.781037957597198,0.0267140499019765
0.589875,0.781054763286125,0.0267140499019765
0.59,0.781071627819713,0.0264037351764778
0.590125,0.781088550839003,0.0264037351764778
0.59025,0.78110553198553,0.0264037351764778
0.590375,0.7811225709016,0.0264037351764778
0.5905,0.781139667230548,0.0264037351764778
0.590625,0.781156820616915,0.0264037351764778
0.59075,0.781174030706618,0.0264037351764778
0.590875,0.781191297147129,0.0264037351764778
0.591,0.781208619587646,0.0225353306925577
0.591125,0.78122599767777,0.0225353306925577
0.59125,0.78124343106135,0.0225353306925577
0.591375,0.781260919377888,0.0225353306925577
0.5915,0.781278462263757,0.0225353306925577
0.591625,0.781296059352388,0.0225353306925577
0.59175,0.781313710274469,0.0225353306925577
0.591875,0.781331414658131,0.0225353306925577
0.592,0.781349172129148,0.0222281200894404
0.592125,0.78136698231101,0.0222281200894404
0.59225,0.781384844824619,0.0222281200894404
0.592375,0.781402759288583,0.0222281200894404
0.5925,0.781420725319498,0.0222281200894404
0.592625,0.781438742532147,0.0222281200894404
0.59275,0.781456810539701,0.0222281200894404
0.592875,0.781474928953922,0.0222281200894404
0.593,0.781493097385361,0.0219344033930642
0.593125,0.78151131544345,0.0219344033930642
0.59325,0.781529582736223,0.0219344033930642
0.593375,0.781547898870611,0.0219344033930642
0.5935,0.781566263452726,0.0219344033930642
0.593625,0.781584676088061,0.0219344033930642
0.59375,0.781603136381701,0.0219344033930642
0.593875,0.781621643938519,0.0219344033930642
0.594,0.781640198363386,0.0216554747933549
0.594125,0.781658799261261,0.0216554747933549
0.59425,0.781677446236944,0.0216554747933549
0.594375,0.78169613889536,0.0216554747933549
0.5945,0.781714876841844,0.0216554747933549
0.594625,0.781733659682335,0.0216554747933549
0.59475,0.781752487023585,0.0216554747933549
0.594875,0.781771358473359,0.0216554747933549
0.595,0.781790273640628,0.0213922323068794
0.595125,0.781809232135676,0.0213922323068794
0.59525,0.781828233569862,0.0213922323068794
0.595375,0.781847277555901,0.0213922323068794
0.5955,0.781866363708133,0.0213922323068794
0.595625,0.781885491642714,0.0213922323068794
0.59575,0.781904660977818,0.0213922323068794
0.595875,0.78192387133382,0.0213922323068794
0.596,0.781943122333496,0.0167644301004313
0.596125,0.781962413600421,0.0167644301004313
0.59625,0.781981744751592,0.0167644301004313
0.596375,0.782001115399092,0.0167644301004313
0.5965,0.782020525151531,0.0167644301004313
0.596625,0.782039973614259,0.0167644301004313
0.59675,0.782059460389578,0.0167644301004313
0.596875,0.782078985076958,0.0167644301004313
0.597,0.782098547273256,0.0165050024761018
0.597125,0.782118146572828,0.0165050024761018
0.59725,0.782137782567328,0.0165050024761018
0.597375,0.782157454846008,0.0165050024761018
0.5975,0.782177162996009,0.0165050024761018
0.597625,0.78219690660258,0.0165050024761018
0.59775,0.782216685249308,0.0165050024761018
0.597875,0.782236498518333,0.0165050024761018
0.598,0.782256345990577,0.0162617213557448
0.598125,0.782276227245873,0.0162617213557448
0.59825,0.782296141862789,0.0162617213557448
0.598375,0.782316089418933,0.0162617213557448
0.5985,0.782336069491242,0.0162617213557448
0.598625,0.782356081656207,0.0162617213557448
0.59875,0.782376125490097,0.0162617213557448
0.598875,0.782396200569186,0.0162617213557448
0.599,0.782416306469978,0.0160359061565705
0.599125,0.782436442769339,0.0160359061565705
0.59925,0.782456609044359,0.0160359061565705
0.599375,0.782476804872638,0.0160359061565705
0.5995,0.782497029832577,0.0160359061565705
0.599625,0.782517283503594,0.0160359061565705
0.59975,0.782537565466347,0.0160359061565705
0.599875,0.782557875302955,0.0160359061565705
0.6,0.782578212597216,0.0158284039709461
0.600125,0.782598576934746,0.0158284039709461
0.60025,0.782618967902851,0.0158284039709461
0.600375,0.782639385090813,0.0158284039709461
0.6005,0.782659828090157,0.0158284039709461
0.600625,0.782680296494863,0.0158284039709461
0.60075,0.782700789901576,0.0158284039709461
0.600875,0.782721307909816,0.0158284039709461
0.601,0.782741850122186,0.010603683554723
0.601125,0.782762416142558,0.010603683554723
0.60125,0.782783005567734,0.010603683554723
0.601375,0.782803617989313,0.010603683554723
0.6015,0.782824252995312,0.010603683554723
0.601625,0.782844910170393,0.010603683554723
0.60175,0.782865589096096,0.010603683554723
0.601875,0.78288628935107,0.010603683554723
0.602,0.782907010511306,0.0104005005129682
0.602125,0.782927752150297,0.0104005005129682
0.60225,0.782948513838939,0.0104005005129682
0.602375,0.782969295145832,0.0104005005129682
0.6025,0.782990095637574,0.0104005005129682
0.602625,0.783010914879001,0.0104005005129682
0.60275,0.783031752433423,0.0104005005129682
0.602875,0.783052607862866,0.0104005005129682
0.603,0.783073480728314,0.0102155186235485
0.603125,0.783094370589875,0.0102155186235485
0.60325,0.78311527700672,0.0102155186235485
0.603375,0.783136199537383,0.0102155186235485
0.6035,0.783157137740051,0.0102155186235485
0.603625,0.783178091172805,0.0102155186235485
0.60375,0.783199059393859,0.0102155186235485
0.603875,0.783220041961801,0.0102155186235485
0.604,0.783241038435834,0.0100500410061008
0.604125,0.783262048375946,0.0100500410061008
0.60425,0.783283071342882,0.0100500410061008
0.604375,0.78330410689843,0.0100500410061008
0.6045,0.783325154605703,0.0100500410061008
0.604625,0.783346214029374,0.0100500410061008
0.60475,0.783367284735908,0.0100500410061008
0.604875,0.783388366293796,0.0100500410061008
0.605,0.783409458273786,0.00990483882774176
0.605125,0.783430560249057,0.00990483882774176
0.60525,0.783451671795206,0.00990483882774176
0.605375,0.783472792490521,0.00990483882774176
0.6055,0.783493921916247,0.00990483882774176
0.605625,0.783515059656802,0.00990483882774176
0.60575,0.783536205300002,0.00990483882774176
0.605875,0.783557358437279,0.00990483882774176
0.606,0.783578518663891,0.0042586709374479
0.606125,0.783599685576963,0.0042586709374479
0.60625,0.783620858766461,0.0042586709374479
0.606375,0.783642037817203,0.0042586709374479
0.6065,0.7836632223106,0.0042586709374479
0.606625,0.783684411824893,0.0042586709374479
0.60675,0.783705605935392,0.0042586709374479
0.606875,0.783726804214722,0.0042586709374479
0.607,0.783748006233061,0.00411806426684779
0.607125,0.783769211558331,0.00411806426684779
0.60725,0.783790419756214,0.00411806426684779
0.607375,0.783811630390439,0.00411806426684779
0.6075,0.783832843023069,0.00411806426684779
0.607625,0.783854057214743,0.00411806426684779
0.60775,0.783875272524928,0.00411806426684779
0.607875,0.783896488512162,0.00411806426684779
0.608,0.783917704734305,0.00399706645161235
0.608125,0.783938920748736,0.00399706645161235
0.60825,0.783960136112406,0.00399706645161235
0.608375,0.783981350382118,0.00399706645161235
0.6085,0.784002563114812,0.00399706645161235
0.608625,0.784023773867807,0.00399706645161235
0.60875,0.784044982199048,0.00399706645161235
0.608875,0.784066187667349,0.00399706645161235
0.609,0.784087389832641,0.00389692536330308
0.609125,0.784108588256173,0.00389692536330308
0.60925,0.78412978250059,0.00389692536330308
0.609375,0.784150972130205,0.00389692536330308
0.6095,0.784172156711266,0.00389692536330308
0.609625,0.784193335812196,0.00389692536330308
0.60975,0.784214509003823,0.00389692536330308
0.609875,0.78423567585962,0.00389692536330308
0.61,0.784256835955934,0.00381831511780331
0.610125,0.784277988872189,0.00381831511780331
0.61025,0.784299134190984,0.00381831511780331
0.610375,0.784320271498345,0.00381831511780331
0.6105,0.784341400383969,0.00381831511780331
0.610625,0.784362520441445,0.00381831511780331
0.61075,0.784383631268476,0.00381831511780331
0.610875,0.784404732467092,0.00381831511780331
0.611,0.784425823643867,-0.00206361888660199
0.611125,0.784446904407858,-0.00206361888660199
0.61125,0.784467974361194,-0.00206361888660199
0.611375,0.784489033101163,-0.00206361888660199
0.6115,0.784510080222007,-0.00206361888660199
0.611625,0.784531115315163,-0.00206361888660199
0.61175,0.784552137969498,-0.00206361888660199
0.611875,0.784573147771548,-0.00206361888660199
0.612,0.78459414430576,-0.00213757154446921
0.612125,0.784615127154703,-0.00213757154446921
0.61225,0.784636095899188,-0.00213757154446921
0.612375,0.784657050118533,-0.00213757154446921
0.6125,0.784677989390826,-0.00213757154446921
0.612625,0.784698913293166,-0.00213757154446921
0.61275,0.784719821401908,-0.00213757154446921
0.612875,0.784740713292904,-0.00213757154446921
0.613,0.784761588541745,-0.00219117856863877
0.613125,0.784782446723984,-0.00219117856863877
0.61325,0.784803287415288,-0.00219117856863877
0.613375,0.7848241101917,-0.00219117856863877
0.6135,0.784844914629889,-0.00219117856863877
0.613625,0.784865700307392,-0.00219117856863877
0.61375,0.784886466802856,-0.00219117856863877
0.613875,0.784907213696271,-0.00219117856863877
0.614,0.784927940569208,-0.00222328379073961
0.614125,0.784948647005046,-0.00222328379073961
0.61425,0.784969332589147,-0.00222328379073961
0.614375,0.784989996909104,-0.00222328379073961
0.6145,0.785010639554977,-0.00222328379073961
0.614625,0.785031260119525,-0.00222328379073961
0.61475,0.785051858198429,-0.00222328379073961
0.614875,0.785072433390521,-0.00222328379073961
0.615,0.785092985298005,-0.00223332782120629
0.615125,0.785113513526674,-0.00223332782120629
0.61525,0.785134017686111,-0.00223332782120629
0.615375,0.785154497389909,-0.00223332782120629
0.6155,0.785174952255887,-0.00223332782120629
0.615625,0.785195381906299,-0.00223332782120629
0.61575,0.785215785968043,-0.00223332782120629
0.615875,0.785236164072862,-0.00223332782120629
0.616,0.78525651585755,-0.00815935077143159
0.616125,0.785276840961864,-0.00815935077143159
0.61625,0.785297139019024,-0.00815935077143159
0.616375,0.785317409657802,-0.00815935077143159
0.6165,0.785337652504319,-0.00815935077143159
0.616625,0.785357867182268,-0.00815935077143159
0.61675,0.785378053313141,-0.00815935077143159
0.616875,0.785398210516451,-0.00815935077143159
0.617,0.785418338409961,-0.00816485666504681
0.617125,0.785438436609907,-0.00816485666504681
0.61725,0.78545850473122,-0.00816485666504681
0.617375,0.785478542387748,-0.00816485666504681
0.6175,0.785498549192494,-0.00816485666504681
0.617625,0.785518524757835,-0.00816485666504681
0.61775,0.785538468695758,-0.00816485666504681
0.617875,0.78555838061808,-0.00816485666504681
0.618,0.785578260136681,-0.00814995354122211
0.618125,0.785598106863732,-0.00814995354122211
0.61825,0.785617920411949,-0.00814995354122211
0.618375,0.785637700394812,-0.00814995354122211
0.6185,0.785657446426782,-0.00814995354122211
0.618625,0.785677158123533,-0.00814995354122211
0.61875,0.785696835102164,-0.00814995354122211
0.618875,0.785716476981428,-0.00814995354122211
0.619,0.785736083381949,-0.00811361069735651
0.619125,0.785755653926453,-0.00811361069735651
0.61925,0.785775188240047,-0.00811361069735651
0.619375,0.78579468595042,-0.00811361069735651
0.6195,0.785814146688048,-0.00811361069735651
0.619625,0.785833570086403,-0.00811361069735651
0.61975,0.785852955782165,-0.00811361069735651
0.619875,0.785872303415426,-0.00811361069735651
0.62,0.785891612629897,-0.00805539793974894
0.620125,0.785910883073131,-0.00805539793974894
0.62025,0.785930114396818,-0.00805539793974894
0.620375,0.785949306256964,-0.00805539793974894
0.6205,0.785968458314069,-0.00805539793974894
0.620625,0.785987570233319,-0.00805539793974894
0.62075,0.786006641684773,-0.00805539793974894
0.620875,0.786025672343549,-0.00805539793974894
0.621,0.786044661890004,-0.0138348082915229
0.621125,0.786063610007689,-0.0138348082915229
0.62125,0.786082516374065,-0.0138348082915229
0.621375,0.78610138066253,-0.0138348082915229
0.6215,0.786120202544149,-0.0138348082915229
0.621625,0.786138981687868,-0.0138348082915229
0.62175,0.786157717760705,-0.0138348082915229
0.621875,0.786176410427965,-0.0138348082915229
0.622,0.786195059353441,-0.0137723310655082
0.622125,0.786213664199643,-0.0137723310655082
0.62225,0.786232224628107,-0.0137723310655082
0.622375,0.786250740299582,-0.0137723310655082
0.6225,0.78626921087422,-0.0137723310655082
0.622625,0.78628763601178,-0.0137723310655082
0.62275,0.786306015371832,-0.0137723310655082
0.622875,0.786324348613968,-0.0137723310655082
0.623,0.786342635398003,-0.0136900389213834
0.623125,0.786360875384211,-0.0136900389213834
0.62325,0.786379068233665,-0.0136900389213834
0.623375,0.786397213608413,-0.0136900389213834
0.6235,0.786415311171659,-0.0136900389213834
0.623625,0.786433360587961,-0.0136900389213834
0.62375,0.786451361523433,-0.0136900389213834
0.623875,0.786469313645945,-0.0136900389213834
0.624,0.786487216625315,-0.0135870565610016
0.624125,0.786505070133549,-0.0135870565610016
0.62425,0.7865228738452,-0.0135870565610016
0.624375,0.786540627437529,-0.0135870565610016
0.6245,0.786558330590668,-0.0135870565610016
0.624625,0.786575982987808,-0.0135870565610016
0.62475,0.786593584315382,-0.0135870565610016
0.624875,0.786611134263253,-0.0135870565610016
0.625,0.786628632524893,-0.0134630937811864
0.625125,0.786646078797611,-0.0134630937811864
0.62525,0.786663472782929,-0.0134630937811864
0.625375,0.786680814186722,-0.0134630937811864
0.6255,0.786698102719354,-0.0134630937811864
0.625625,0.786715338095844,-0.0134630937811864
0.62575,0.78673252003603,-0.0134630937811864
0.625875,0.786749648264738,-0.0134630937811864
0.626,0.786766722511933,-0.0189148349841458
0.626125,0.786783742510776,-0.0189148349841458
0.62625,0.786800707988863,-0.0189148349841458
0.626375,0.78681761867011,-0.0189148349841458
0.6265,0.786834474276389,-0.0189148349841458
0.626625,0.786851274527699,-0.0189148349841458
0.62675,0.786868019142348,-0.0189148349841458
0.626875,0.786884707837133,-0.0189148349841458
0.627,0.786901340327522,-0.018787027032119
0.627125,0.786917916327879,-0.018787027032119
0.62725,0.786934435551861,-0.018787027032119
0.627375,0.786950897712553,-0.018787027032119
0.6275,0.786967302522617,-0.018787027032119
0.627625,0.786983649694473,-0.018787027032119
0.62775,0.786999938940477,-0.018787027032119
0.627875,0.787016169973105,-0.018787027032119
0.628,0.787032342505126,-0.0186406221693513
0.628125,0.787048456249846,-0.0186406221693513
0.62825,0.787064510921518,-0.0186406221693513
0.628375,0.787080506235478,-0.0186406221693513
0.6285,0.787096441908281,-0.0186406221693513
0.628625,0.787112317657874,-0.0186406221693513
0.62875,0.787128133203773,-0.0186406221693513
0.628875,0.787143888267233,-0.0186406221693513
0.629,0.787159582571421,-0.0184749248062716
0.629125,0.787175215841651,-0.0184749248062716
0.62925,0.787190787805819,-0.0184749248062716
0.629375,0.787206298194524,-0.0184749248062716
0.6295,0.787221746741182,-0.0184749248062716
0.629625,0.78723713318219,-0.0184749248062716
0.62975,0.78725245725709,-0.0184749248062716
0.629875,0.787267718708724,-0.0184749248062716
0.63,0.78728291728339,-0.0182897908506365
0.630125,0.787298052731068,-0.0182897908506365
0.63025,0.787313124805877,-0.0182897908506365
0.630375,0.787328133266163,-0.0182897908506365
0.6305,0.787343077874595,-0.0182897908506365
0.630625,0.787357958398309,-0.0182897908506365
0.63075,0.787372774609049,-0.0182897908506365
0.630875,0.787387526283303,-0.0182897908506365
0.631,0.78740221320244,-0.0232503050069563
0.631125,0.787416835150926,-0.0232503050069563
0.63125,0.787431391908343,-0.0232503050069563
0.631375,0.787445883251095,-0.0232503050069563
0.6315,0.787460308953887,-0.0232503050069563
0.631625,0.787474668789867,-0.0232503050069563
0.63175,0.787488962530784,-0.0232503050069563
0.631875,0.787503189947141,-0.0232503050069563
0.632,0.787517350808347,-0.0230618940139682
0.632125,0.787531444882944,-0.0230618940139682
0.63225,0.787545471939071,-0.0230618940139682
0.632375,0.787559431744553,-0.0230618940139682
0.6325,0.78757332406701,-0.0230618940139682
0.632625,0.787587148674009,-0.0230618940139682
0.63275,0.787600905333211,-0.0230618940139682
0.632875,0.787614593812531,-0.0230618940139682
0.633,0.787628213880285,-0.0228566756494171
0.633125,0.787641765305421,-0.0228566756494171
0.63325,0.787655247858008,-0.0228566756494171
0.633375,0.787668661309318,-0.0228566756494171
0.6335,0.78768200543192,-0.0228566756494171
0.633625,0.787695279999829,-0.0228566756494171
0.63375,0.787708484788648,-0.0228566756494171
0.633875,0.787721619575717,-0.0228566756494171
0.634,0.787734684140255,-0.0226341511124368
0.634125,0.787747678263587,-0.0226341511124368
0.63425,0.787760601729651,-0.0226341511124368
0.634375,0.787773454325063,-0.0226341511124368
0.6345,0.787786235839199,-0.0226341511124368
0.634625,0.787798946064324,-0.0226341511124368
0.63475,0.787811584795732,-0.0226341511124368
0.634875,0.787824151831869,-0.0226341511124368
0.635,0.787836646974469,-0.0223943230363637
0.635125,0.787849070028767,-0.0223943230363637
0.63525,0.787861420804021,-0.0223943230363637
0.635375,0.787873699113556,-0.0223943230363637
0.6355,0.787885904774818,-0.0223943230363637
0.635625,0.787898037609492,-0.0223943230363637
0.63575,0.787910097443614,-0.0223943230363637
0.635875,0.787922084107683,-0.0223943230363637
0.636,0.787933997436771,-0.0267226078047384
0.636125,0.787945837268955,-0.0267226078047384
0.63625,0.787957603438346,-0.0267226078047384
0.636375,0.787969295776568,-0.0267226078047384
0.6365,0.787980914114037,-0.0267226078047384
0.636625,0.787992458280077,-0.0267226078047384
0.63675,0.788003928103045,-0.0267226078047384
0.636875,0.788015323410459,-0.0267226078047384
0.637,0.788026644029116,-0.0264802155086856
0.637125,0.78803788978531,-0.0264802155086856
0.63725,0.788049060505358,-0.0264802155086856
0.637375,0.788060156015639,-0.0264802155086856
0.6375,0.788071176142657,-0.0264802155086856
0.637625,0.78808212071316,-0.0264802155086856
0.63775,0.788092989554266,-0.0264802155086856
0.637875,0.78810378249358,-0.0264802155086856
0.638,0.788114499359317,-0.0262233051679982
0.638125,0.788125139980522,-0.0262233051679982
0.63825,0.788135704187605,-0.0262233051679982
0.638375,0.788146191812387,-0.0262233051679982
0.6385,0.788156602688139,-0.0262233051679982
0.638625,0.788166936649701,-0.0262233051679982
0.63875,0.7881771935336,-0.0262233051679982
0.638875,0.788187373178158,-0.0262233051679982
0.639,0.788197475423605,-0.0259515840504776
0.639125,0.788207500112299,-0.0259515840504776
0.63925,0.788217447089274,-0.0259515840504776
0.639375,0.788227316202265,-0.0259515840504776
0.6395,0.788237107301739,-0.0259515840504776
0.639625,0.788246820240999,-0.0259515840504776
0.63975,0.788256454876286,-0.0259515840504776
0.639875,0.788266011066877,-0.0259515840504776
0.64,0.788275488675183,-0.0256651965755997
0.640125,0.788284887566959,-0.0256651965755997
0.64025,0.78829420761186,-0.0256651965755997
0.640375,0.788303448683446,-0.0256651965755997
0.6405,0.788312610659193,-0.0256651965755997
0.640625,0.788321693420575,-0.0256651965755997
0.64075,0.788330696853154,-0.0256651965755997
0.640875,0.788339620846656,-0.0256651965755997
0.641,0.788348465295049,-0.0292449980749733
0.641125,0.788357230095242,-0.0292449980749733
0.64125,0.7883659151413,-0.0292449980749733
0.641375,0.788374520325662,-0.0292449980749733
0.6415,0.78838304554018,-0.0292449980749733
0.641625,0.788391490676208,-0.0292449980749733
0.64175,0.788399855624692,-0.0292449980749733
0.641875,0.788408140276257,-0.0292449980749733
0.642,0.788416344521303,-0.0289568778321168
0.642125,0.788424468250195,-0.0289568778321168
0.64225,0.788432511353833,-0.0289568778321168
0.642375,0.788440473723645,-0.0289568778321168
0.6425,0.788448355251595,-0.0289568778321168
0.642625,0.788456155830275,-0.0289568778321168
0.64275,0.788463875352988,-0.0289568778321168
0.642875,0.788471513713833,-0.0289568778321168
0.643,0.788479070807792,-0.0286569397128484
0.643125,0.788486546530928,-0.0286569397128484
0.64325,0.788493940780962,-0.0286569397128484
0.643375,0.788501253457257,-0.0286569397128484
0.6435,0.788508484460818,-0.0286569397128484
0.643625,0.788515633694376,-0.0286569397128484
0.64375,0.788522701062459,-0.0286569397128484
0.643875,0.788529686471477,-0.0286569397128484
0.644,0.788536589829789,-0.0283450990537928
0.644125,0.788543411047906,-0.0283450990537928
0.64425,0.788550150039069,-0.0283450990537928
0.644375,0.788556806719221,-0.0283450990537928
0.6445,0.788563381006995,-0.0283450990537928
0.644625,0.788569872823782,-0.0283450990537928
0.64475,0.788576282093793,-0.0283450990537928
0.644875,0.788582608744124,-0.0283450990537928
0.645,0.788588852704819,-0.0280216323580333
0.645125,0.788595013909056,-0.0280216323580333
0.64525,0.788601092293727,-0.0280216323580333
0.645375,0.788607087799403,-0.0280216323580333
0.6455,0.788613000370291,-0.0280216323580333
0.645625,0.788618829954288,-0.0280216323580333
0.64575,0.78862457650303,-0.0280216323580333
0.645875,0.788630239971938,-0.0280216323580333
0.646,0.788635820320262,-0.0307623741479472
0.646125,0.788641317510067,-0.0307623741479472
0.64625,0.788646731501787,-0.0307623741479472
0.646375,0.788652062255142,-0.0307623741479472
0.6465,0.788657309729915,-0.0307623741479472
0.646625,0.788662473886008,-0.0307623741479472
0.64675,0.788667554683484,-0.0307623741479472
0.646875,0.788672552082625,-0.0307623741479472
0.647,0.788677466043982,-0.0304380785658419
0.647125,0.788682296528544,-0.0304380785658419
0.64725,0.788687043498327,-0.0304380785658419
0.647375,0.788691706916313,-0.0304380785658419
0.6475,0.788696286746413,-0.0304380785658419
0.647625,0.788700782953516,-0.0304380785658419
0.64775,0.788705195503532,-0.0304380785658419
0.647875,0.78870952436344,-0.0304380785658419
0.648,0.78871376950133,-0.0301049750244834
0.648125,0.788717930886578,-0.0301049750244834
0.64825,0.788722008490431,-0.0301049750244834
0.648375,0.788726002285947,-0.0301049750244834
0.6485,0.788729912247943,-0.0301049750244834
0.648625,0.788733738353033,-0.0301049750244834
0.64875,0.788737480579669,-0.0301049750244834
0.648875,0.788741138908176,-0.0301049750244834
0.649,0.788744713320785,-0.0297631826520016
0.649125,0.788748203801803,-0.0297631826520016
0.64925,0.7887516103382,-0.0297631826520016
0.649375,0.788754932919538,-0.0297631826520016
0.6495,0.788758171537904,-0.0297631826520016
0.649625,0.788761326187936,-0.0297631826520016
0.64975,0.788764396866856,-0.0297631826520016
0.649875,0.788767383574485,-0.0297631826520016
0.65,0.788770286313272,-0.0294130967029152
0.650125,0.78877310508845,-0.0294130967029152
0.65025,0.788775839908623,-0.0294130967029152
0.650375,0.788778490785679,-0.0294130967029152
0.6505,0.788781057734706,-0.0294130967029152
0.650625,0.788783540774008,-0.0294130967029152
0.65075,0.788785939925115,-0.0294130967029152
0.650875,0.78878825521279,-0.0294130967029152
0.651,0.788790486665041,-0.03125130090595
0.651125,0.788792634312413,-0.03125130090595
0.65125,0.788794698184986,-0.03125130090595
0.651375,0.788796678312969,-0.03125130090595
0.6515,0.78879857472719,-0.03125130090595
0.651625,0.788800387459117,-0.03125130090595
0.65175,0.78880211654086,-0.03125130090595
0.651875,0.788803762005184,-0.03125130090595
0.652,0.788805323885518,-0.0309013117294456
0.652125,0.788806802216095,-0.0309013117294456
0.65225,0.788808197032541,-0.0309013117294456
0.652375,0.788809508371761,-0.0309013117294456
0.6525,0.788810736271859,-0.0309013117294456
0.652625,0.78881188077214,-0.0309013117294456
0.65275,0.788812941913114,-0.0309013117294456
0.652875,0.788813919736499,-0.0309013117294456
0.653,0.788814814285223,-0.0305457271240679
0.653125,0.788815625603568,-0.0305457271240679
0.65325,0.788816353737747,-0.0305457271240679
0.653375,0.788816998735792,-0.0305457271240679
0.6535,0.788817560647461,-0.0305457271240679
0.653625,0.78881803952423,-0.0305457271240679
0.65375,0.788818435419293,-0.0305457271240679
0.653875,0.788818748387554,-0.0305457271240679
0.654,0.788818978485623,-0.0301848601788492
0.654125,0.788819125771946,-0.0301848601788492
0.65425,0.788819190307391,-0.0301848601788492
0.654375,0.788819172155119,-0.0301848601788492
0.6545,0.788819071380479,-0.0301848601788492
0.654625,0.788818888050996,-0.0301848601788492
0.65475,0.788818622236352,-0.0301848601788492
0.654875,0.788818274008377,-0.0301848601788492
0.655,0.788817843441026,-0.0298192088006671
0.655125,0.788817330610508,-0.0298192088006671
0.65525,0.788816735595858,-0.0298192088006671
0.655375,0.788816058478809,-0.0298192088006671
0.6555,0.788815299343663,-0.0298192088006671
0.655625,0.78881445827727,-0.0298192088006671
0.65575,0.788813535369001,-0.0298192088006671
0.655875,0.788812530710724,-0.0298192088006671
0.656,0.788811444396768,-0.0307208654665197
0.656125,0.788810276523552,-0.0307208654665197
0.65625,0.788809027188072,-0.0307208654665197
0.656375,0.788807696488165,-0.0307208654665197
0.6565,0.788806284522711,-0.0307208654665197
0.656625,0.788804791391609,-0.0307208654665197
0.65675,0.788803217195747,-0.0307208654665197
0.656875,0.788801562036969,-0.0307208654665197
0.657,0.788799826018044,-0.0303562198784312
0.657125,0.78879800924278,-0.0303562198784312
0.65725,0.788796111816581,-0.0303562198784312
0.657375,0.788794133846306,-0.0303562198784312
0.6575,0.788792075440132,-0.0303562198784312
0.657625,0.78878993670752,-0.0303562198784312
0.65775,0.788787717759179,-0.0303562198784312
0.657875,0.788785418707029,-0.0303562198784312
0.658,0.788783039664165,-0.0299892856913399
0.658125,0.788780580744957,-0.0299892856913399
0.65825,0.788778042065616,-0.0299892856913399
0.658375,0.788775423744034,-0.0299892856913399
0.6585,0.788772725899645,-0.0299892856913399
0.658625,0.788769948653387,-0.0299892856913399
0.65875,0.78876709212765,-0.0299892856913399
0.658875,0.788764156446239,-0.0299892856913399
0.659,0.788761141734329,-0.0296205547168249
0.659125,0.788758048118556,-0.0296205547168249
0.65925,0.78875487572758,-0.0296205547168249
0.659375,0.788751624691915,-0.0296205547168249
0.6595,0.788748295143788,-0.0296205547168249
0.659625,0.78874488721708,-0.0296205547168249
0.65975,0.788741401047283,-0.0296205547168249
0.659875,0.788737836771442,-0.0296205547168249
0.66,0.788734194528105,-0.0292506089914695
0.660125,0.788730474457411,-0.0292506089914695
0.66025,0.78872667670164,-0.0292506089914695
0.660375,0.788722801405041,-0.0292506089914695
0.6605,0.788718848713676,-0.0292506089914695
0.660625,0.78871481877536,-0.0292506089914695
0.66075,0.7887107117396,-0.0292506089914695
0.660875,0.788706527757538,-0.0292506089914695
0.661,0.788702266981888,-0.029213390457259
0.661125,0.788697929566887,-0.029213390457259
0.66125,0.788693515668293,-0.029213390457259
0.661375,0.788689025443314,-0.029213390457259
0.6615,0.788684459050527,-0.029213390457259
0.661625,0.788679816649816,-0.029213390457259
0.66175,0.78867509840231,-0.029213390457259
0.661875,0.788670304470309,-0.029213390457259
0.662,0.788665435017223,-0.0288453219330478
0.662125,0.788660490207645,-0.0288453219330478
0.66225,0.788655470207885,-0.0288453219330478
0.662375,0.788650375185784,-0.0288453219330478
0.6625,0.788645205310545,-0.0288453219330478
0.662625,0.788639960752661,-0.0288453219330478
0.66275,0.788634641683847,-0.0288453219330478
0.662875,0.788629248276962,-0.0288453219330478
0.663,0.788623780705938,-0.0284782591023481
0.663125,0.788618239145851,-0.0284782591023481
0.66325,0.788612623773442,-0.0284782591023481
0.663375,0.788606934766928,-0.0284782591023481
0.6635,0.788601172305829,-0.0284782591023481
0.663625,0.788595336570888,-0.0284782591023481
0.66375,0.788589427743992,-0.0284782591023481
0.663875,0.788583446008099,-0.0284782591023481
0.664,0.788577391547153,-0.0281128517562743
0.664125,0.788571264546148,-0.0281128517562743
0.66425,0.788565065191646,-0.0281128517562743
0.664375,0.788558793671578,-0.0281128517562743
0.6645,0.78855245017507,-0.0281128517562743
0.664625,0.788546034892351,-0.0281128517562743
0.66475,0.788539548014678,-0.0281128517562743
0.664875,0.788532989734247,-0.0281128517562743
0.665,0.78852636024411,-0.0277497451974849
0.665125,0.788519659738231,-0.0277497451974849
0.66525,0.788512888411994,-0.0277497451974849
0.665375,0.788506046462003,-0.0277497451974849
0.6655,0.788499134085895,-0.0277497451974849
0.665625,0.788492151482256,-0.0277497451974849
0.66575,0.78848509885053,-0.0277497451974849
0.665875,0.788477976390931,-0.0277497451974849
0.666,0.788470784304354,-0.0268034225166044
0.666125,0.788463522792652,-0.0268034225166044
0.66625,0.788456192060093,-0.0268034225166044
0.666375,0.788448792312968,-0.0268034225166044
0.6665,0.788441323759244,-0.0268034225166044
0.666625,0.788433786608472,-0.0268034225166044
0.66675,0.788426181071683,-0.0268034225166044
0.666875,0.788418507361299,-0.0268034225166044
0.667,0.788410765691031,-0.0264430150457539
0.667125,0.788402956275917,-0.0264430150457539
0.66725,0.788395079332819,-0.0264430150457539
0.667375,0.788387135080203,-0.0264430150457539
0.6675,0.788379123737946,-0.0264430150457539
0.667625,0.788371045527229,-0.0264430150457539
0.66775,0.788362900670437,-0.0264430150457539
0.667875,0.788354689391054,-0.0264430150457539
0.668,0.788346411913562,-0.0260867909851322
0.668125,0.78833806846347,-0.0260867909851322
0.66825,0.788329659267796,-0.0260867909851322
0.668375,0.788321184554846,-0.0260867909851322
0.6685,0.788312644554011,-0.0260867909851322
0.668625,0.788304039495664,-0.0260867909851322
0.66875,0.788295369611049,-0.0260867909851322
0.668875,0.788286635132172,-0.0260867909851322
0.669,0.788277836291694,-0.0257355321452011
0.669125,0.788268973322959,-0.0257355321452011
0.66925,0.788260046460459,-0.0257355321452011
0.669375,0.788251055939612,-0.0257355321452011
0.6695,0.788242001996558,-0.0257355321452011
0.669625,0.788232884868049,-0.0257355321452011
0.66975,0.788223704791338,-0.0257355321452011
0.669875,0.788214462004066,-0.0257355321452011
0.67,0.788205156744154,-0.0253899242054535
0.670125,0.788195789249822,-0.0253899242054535
0.67025,0.788186359760044,-0.0253899242054535
0.670375,0.788176868514328,-0.0253899242054535
0.6705,0.788167315752509,-0.0253899242054535
0.670625,0.788157701714638,-0.0253899242054535
0.67075,0.78814802664087,-0.0253899242054535
0.670875,0.78813829077135,-0.0253899242054535
0.671,0.788128494346101,-0.0235941685581648
0.671125,0.788118637605604,-0.0235941685581648
0.67125,0.788108720793626,-0.0235941685581648
0.671375,0.788098744156531,-0.0235941685581648
0.6715,0.788088707942683,-0.0235941685581648
0.671625,0.788078612402325,-0.0235941685581648
0.67175,0.788068457787452,-0.0235941685581648
0.671875,0.788058244351693,-0.0235941685581648
0.672,0.78804797235018,-0.023252015899034
0.672125,0.788037642039561,-0.023252015899034
0.67225,0.788027253678429,-0.023252015899034
0.672375,0.788016807527089,-0.023252015899034
0.6725,0.788006303847337,-0.023252015899034
0.672625,0.787995742902333,-0.023252015899034
0.67275,0.787985124956469,-0.023252015899034
0.672875,0.787974450275239,-0.023252015899034
0.673,0.787963719125111,-0.0229170082991854
0.673125,0.787952931773523,-0.0229170082991854
0.67325,0.787942088489299,-0.0229170082991854
0.673375,0.787931189542413,-0.0229170082991854
0.6735,0.787920235203766,-0.0229170082991854
0.673625,0.787909225745051,-0.0229170082991854
0.67375,0.787898161438623,-0.0229170082991854
0.673875,0.787887042557359,-0.0229170082991854
0.674,0.787875869374529,-0.0225900294571041
0.674125,0.787864642163787,-0.0225900294571041
0.67425,0.787853361199571,-0.0225900294571041
0.674375,0.787842026756867,-0.0225900294571041
0.6745,0.787830639110982,-0.0225900294571041
0.674625,0.787819198537415,-0.0225900294571041
0.67475,0.787807705311717,-0.0225900294571041
0.674875,0.787796159709358,-0.0225900294571041
0.675,0.787784562005593,-0.0222717813599351
0.675125,0.787772912475449,-0.0222717813599351
0.67525,0.787761211394112,-0.0222717813599351
0.675375,0.787749459036694,-0.0222717813599351
0.6755,0.787737655678009,-0.0222717813599351
0.675625,0.787725801592444,-0.0222717813599351
0.67575,0.787713897053823,-0.0222717813599351
0.675875,0.787701942335272,-0.0222717813599351
0.676,0.787689937709092,-0.0197119596209343
0.676125,0.787677883447606,-0.0197119596209343
0.67625,0.787665779827223,-0.0197119596209343
0.676375,0.787653627127482,-0.0197119596209343
0.6765,0.787641425630233,-0.0197119596209343
0.676625,0.78762917561949,-0.0197119596209343
0.67675,0.787616877381281,-0.0197119596209343
0.676875,0.787604531203506,-0.0197119596209343
0.677,0.787592137375789,-0.019397830316985
0.677125,0.787579696189444,-0.019397830316985
0.67725,0.787567207937847,-0.019397830316985
0.677375,0.787554672916183,-0.019397830316985
0.6775,0.78754209142121,-0.019397830316985
0.677625,0.787529463751104,-0.019397830316985
0.67775,0.787516790205313,-0.019397830316985
0.677875,0.787504071084396,-0.019397830316985
0.678,0.787491306689872,-0.0190934999679972
0.678125,0.787478497324184,-0.0190934999679972
0.67825,0.787465643291043,-0.0190934999679972
0.678375,0.787452744895172,-0.0190934999679972
0.6785,0.787439802442075,-0.0190934999679972
0.678625,0.787426816237874,-0.0190934999679972
0.67875,0.787413786589159,-0.0190934999679972
0.678875,0.787400713802828,-0.0190934999679972
0.679,0.78738759818593,-0.0187999214919642
0.679125,0.787374440045625,-0.0187999214919642
0.67925,0.787361239689507,-0.0187999214919642
0.679375,0.787347997425355,-0.0187999214919642
0.6795,0.787334713560895,-0.0187999214919642
0.679625,0.787321388403652,-0.0187999214919642
0.67975,0.787308022260783,-0.0187999214919642
0.679875,0.78729461543893,-0.0187999214919642
0.68,0.787281168244064,-0.0185177891787138
0.680125,0.787267680981434,-0.0185177891787138
0.68025,0.78725415395588,-0.0185177891787138
0.680375,0.787240587471591,-0.0185177891787138
0.6805,0.787226981831872,-0.0185177891787138
0.680625,0.787213337338993,-0.0185177891787138
0.68075,0.787199654294041,-0.0185177891787138
0.680875,0.787185932996763,-0.0185177891787138
0.681,0.787172173745421,-0.0153002279964482
0.681125,0.78715837683788,-0.0153002279964482
0.68125,0.787144542576728,-0.0153002279964482
0.681375,0.787130671268095,-0.0153002279964482
0.6815,0.787116763220636,-0.0153002279964482
0.681625,0.78710281874537,-0.0153002279964482
0.68175,0.787088838155509,-0.0153002279964482
0.681875,0.787074821766293,-0.0153002279964482
0.682,0.787060769894822,-0.0150227527375827
0.682125,0.787046682859995,-0.0150227527375827
0.68225,0.787032560982796,-0.0150227527375827
0.682375,0.787018404586032,-0.0150227527375827
0.6825,0.787004213994091,-0.0150227527375827
0.682625,0.786989989532768,-0.0150227527375827
0.68275,0.786975731529093,-0.0150227527375827
0.682875,0.786961440311157,-0.0150227527375827
0.683,0.786947116207941,-0.0147573430161436
0.683125,0.786932759549241,-0.0147573430161436
0.68325,0.786918370665932,-0.0147573430161436
0.683375,0.786903949889707,-0.0147573430161436
0.6835,0.786889497552835,-0.0147573430161436
0.683625,0.786875013987981,-0.0147573430161436
0.68375,0.786860499528035,-0.0147573430161436
0.683875,0.786845954505935,-0.0147573430161436
0.684,0.786831379254494,-0.0145049874342385
0.684125,0.786816774106323,-0.0145049874342385
0.68425,0.786802139394069,-0.0145049874342385
0.684375,0.786787475450163,-0.0145049874342385
0.6845,0.786772782606579,-0.0145049874342385
0.684625,0.786758061194658,-0.0145049874342385
0.68475,0.786743311544939,-0.0145049874342385
0.684875,0.786728533986987,-0.0145049874342385
0.685,0.786713728849219,-0.0142663498531937
0.685125,0.786698896458828,-0.0142663498531937
0.68525,0.786684037142005,-0.0142663498531937
0.685375,0.786669151223695,-0.0142663498531937
0.6855,0.786654239027363,-0.0142663498531937
0.685625,0.786639300874831,-0.0142663498531937
0.68575,0.786624337086107,-0.0142663498531937
0.685875,0.786609347979228,-0.0142663498531937
0.686,0.786594333870091,-0.010514242474662
0.686125,0.78657929507374,-0.010514242474662
0.68625,0.786564231910345,-0.010514242474662
0.686375,0.78654914470384,-0.010514242474662
0.6865,0.786534033780752,-0.010514242474662
0.686625,0.786518899470019,-0.010514242474662
0.68675,0.786503742102807,-0.010514242474662
0.686875,0.786488562012335,-0.010514242474662
0.687,0.786473359533687,-0.010280648989892
0.687125,0.786458135003722,-0.010280648989892
0.68725,0.78644288876127,-0.010280648989892
0.687375,0.786427621146875,-0.010280648989892
0.6875,0.786412332502549,-0.010280648989892
0.687625,0.78639702317158,-0.010280648989892
0.68775,0.786381693498352,-0.010280648989892
0.687875,0.786366343828152,-0.010280648989892
0.688,0.786350974506987,-0.0100609367152838
0.688125,0.786335585881482,-0.0100609367152838
0.68825,0.786320178299048,-0.0100609367152838
0.688375,0.786304752107627,-0.0100609367152838
0.6885,0.786289307655449,-0.0100609367152838
0.688625,0.786273845290839,-0.0100609367152838
0.68875,0.786258365362032,-0.0100609367152838
0.688875,0.786242868216985,-0.0100609367152838
0.689,0.786227354203193,-0.00985609675454333
0.689125,0.786211823667578,-0.00985609675454333
0.68925,0.786196276956642,-0.00985609675454333
0.689375,0.786180714416215,-0.00985609675454333
0.6895,0.786165136391217,-0.00985609675454333
0.689625,0.786149543225474,-0.00985609675454333
0.68975,0.786133935261534,-0.00985609675454333
0.689875,0.786118312840486,-0.00985609675454333
0.69,0.78610267630178,-0.00966674187632374
0.690125,0.786087025983117,-0.00966674187632374
0.69025,0.786071362220585,-0.00966674187632374
0.690375,0.78605568534842,-0.00966674187632374
0.6905,0.786039995698778,-0.00966674187632374
0.690625,0.78602429360156,-0.00966674187632374
0.69075,0.786008579384242,-0.00966674187632374
0.690875,0.7859928533717,-0.00966674187632374
0.691,0.785977115886043,-0.00551677764451727
0.691125,0.785961367248041,-0.00551677764451727
0.69125,0.785945607783751,-0.00551677764451727
0.691375,0.785929837823024,-0.00551677764451727
0.6915,0.785914057698214,-0.00551677764451727
0.691625,0.785898267743995,-0.00551677764451727
0.69175,0.785882468297169,-0.00551677764451727
0.691875,0.78586665969648,-0.00551677764451727
0.692,0.78585084228242,-0.00533269253737097
0.692125,0.785835016397116,-0.00533269253737097
0.69225,0.785819182384432,-0.00533269253737097
0.692375,0.785803340589728,-0.00533269253737097
0.6925,0.785787491359609,-0.00533269253737097
0.692625,0.785771635041739,-0.00533269253737097
0.69275,0.785755771984646,-0.00533269253737097
0.692875,0.785739902537525,-0.00533269253737097
0.693,0.78572402705005,-0.00516380776134889
0.693125,0.785708145872243,-0.00516380776134889
0.69325,0.785692259354555,-0.00516380776134889
0.693375,0.785676367847624,-0.00516380776134889
0.6935,0.785660471702035,-0.00516380776134889
0.693625,0.785644571268124,-0.00516380776134889
0.69375,0.78562866689579,-0.00516380776134889
0.693875,0.785612758934299,-0.00516380776134889
0.694,0.785596847732097,-0.00501108478771503
0.694125,0.785580933636675,-0.00501108478771503
0.69425,0.785565016994632,-0.00501108478771503
0.694375,0.785549098151436,-0.00501108478771503
0.6945,0.785533177451195,-0.00501108478771503
0.694625,0.785517255236472,-0.00501108478771503
0.69475,0.785501331848097,-0.00501108478771503
0.694875,0.785485407624984,-0.00501108478771503
0.695,0.785469482903948,-0.00487506701911329
0.695125,0.785453558019572,-0.00487506701911329
0.69525,0.785437633304254,-0.00487506701911329
0.695375,0.785421709087985,-0.00487506701911329
0.6955,0.785405785698133,-0.00487506701911329
0.695625,0.785389863459267,-0.00487506701911329
0.69575,0.785373942692987,-0.00487506701911329
0.695875,0.785358023717749,-0.00487506701911329
0.696,0.785342106848697,-0.000473929526408953
0.696125,0.78532619239919,-0.000473929526408953
0.69625,0.785310280687842,-0.000473929526408953
0.696375,0.785294372036942,-0.000473929526408953
0.6965,0.785278466771105,-0.000473929526408953
0.696625,0.785262565217083,-0.000473929526408953
0.69675,0.785246667703576,-0.000473929526408953
0.696875,0.785230774561045,-0.000473929526408953
0.697,0.785214886121521,-0.000343251052201744
0.697125,0.785199002718466,-0.000343251052201744
0.69725,0.785183124686798,-0.000343251052201744
0.697375,0.785167252362655,-0.000343251052201744
0.6975,0.785151386083171,-0.000343251052201744
0.697625,0.785135526186285,-0.000343251052201744
0.69775,0.785119673010546,-0.000343251052201744
0.697875,0.785103826894925,-0.000343251052201744
0.698,0.78508798817862,-0.000228567762478434
0.698125,0.785072157200911,-0.000228567762478434
0.69825,0.785056334301153,-0.000228567762478434
0.698375,0.785040519818553,-0.000228567762478434
0.6985,0.785024714091947,-0.000228567762478434
0.698625,0.785008917459609,-0.000228567762478434
0.69875,0.784993130259059,-0.000228567762478434
0.698875,0.784977352826881,-0.000228567762478434
0.699,0.784961585498529,-0.000130780910045986
0.699125,0.784945828608178,-0.000130780910045986
0.69925,0.784930082488702,-0.000130780910045986
0.699375,0.784914347471455,-0.000130780910045986
0.6995,0.784898623886062,-0.000130780910045986
0.699625,0.784882912060234,-0.000130780910045986
0.69975,0.784867212319591,-0.000130780910045986
0.699875,0.784851524987478,-0.000130780910045986
0.7,0.784835850384789,-5.03487712332643e-05
0.700125,0.784820188829823,-5.03487712332643e-05
0.70025,0.784804540638236,-5.03487712332643e-05
0.700375,0.784788906122847,-5.03487712332643e-05
0.7005,0.784773285593444,-5.03487712332643e-05
0.700625,0.784757679356613,-5.03487712332643e-05
0.70075,0.784742087715573,-5.03487712332643e-05
0.700875,0.78472651097001,-5.03487712332643e-05
0.701,0.784710949415914,0.00444981782881853
0.701125,0.784695403347155,0.00444981782881853
0.70125,0.784679873062683,0.00444981782881853
0.701375,0.784664358864936,0.00444981782881853
0.7015,0.784648861058462,0.00444981782881853
0.701625,0.784633379949743,0.00444981782881853
0.70175,0.784617915847011,0.00444981782881853
0.701875,0.784602469060069,0.00444981782881853
0.702,0.784587039900105,0.00452498538461034
0.702125,0.784571628679543,0.00452498538461034
0.70225,0.784556235711982,0.00452498538461034
0.702375,0.784540861311988,0.00452498538461034
0.7025,0.78452550579489,0.00452498538461034
0.702625,0.784510169476598,0.00452498538461034
0.70275,0.784494852673421,0.00452498538461034
0.702875,0.784479555701877,0.00452498538461034
0.703,0.784464278878519,0.00458389800321777
0.703125,0.784449022519766,0.00458389800321777
0.70325,0.784433786941824,0.00458389800321777
0.703375,0.784418572460482,0.00458389800321777
0.7035,0.784403379390913,0.00458389800321777
0.703625,0.784388208047496,0.00458389800321777
0.70375,0.784373058743637,0.00458389800321777
0.703875,0.784357931791584,0.00458389800321777
0.704,0.784342827502256,0.00462574298016595
0.704125,0.784327746185075,0.00462574298016595
0.70425,0.784312688147865,0.00462574298016595
0.704375,0.784297653696657,0.00462574298016595
0.7045,0.784282643135512,0.00462574298016595
0.704625,0.784267656766341,0.00462574298016595
0.70475,0.784252694888739,0.00462574298016595
0.704875,0.784237757799816,0.00462574298016595
0.705,0.784222845794027,0.00465016016085787
0.705125,0.784207959163018,0.00465016016085787
0.70525,0.784193098195501,0.00465016016085787
0.705375,0.784178263177084,0.00465016016085787
0.7055,0.784163454390108,0.00465016016085787
0.705625,0.784148672113485,0.00465016016085787
0.70575,0.784133916622545,0.00465016016085787
0.705875,0.78411918818888,0.00465016016085787
0.706,0.784104487080198,0.00909742564453612
0.706125,0.784089813561884,0.00909742564453612
0.70625,0.784075167904134,0.00909742564453612
0.706375,0.784060550380382,0.00909742564453612
0.7065,0.784045961265956,0.00909742564453612
0.706625,0.784031400837912,0.00909742564453612
0.70675,0.784016869374863,0.00909742564453612
0.706875,0.784002367156811,0.00909742564453612
0.707,0.783987894464978,0.00911678779097273
0.707125,0.783973451581645,0.00911678779097273
0.70725,0.783959038790013,0.00911678779097273
0.707375,0.783944656374026,0.00911678779097273
0.7075,0.7839303046182,0.00911678779097273
0.707625,0.783915983807446,0.00911678779097273
0.70775,0.783901694226905,0.00911678779097273
0.707875,0.78388743616178,0.00911678779097273
0.708,0.783873209897159,0.00912016509952231
0.708125,0.783859015717855,0.00912016509952231
0.70825,0.783844853908238,0.00912016509952231
0.708375,0.78383072475207,0.00912016509952231
0.7085,0.783816628532333,0.00912016509952231
0.708625,0.783802565531062,0.00912016509952231
0.70875,0.783788536029184,0.00912016509952231
0.708875,0.783774540306349,0.00912016509952231
0.709,0.783760578640766,0.00910685844008428
0.709125,0.783746651309038,0.00910685844008428
0.70925,0.783732758585976,0.00910685844008428
0.709375,0.783718900744446,0.00910685844008428
0.7095,0.783705078055209,0.00910685844008428
0.709625,0.78369129078677,0.00910685844008428
0.70975,0.783677539205216,0.00910685844008428
0.709875,0.783663823574066,0.00910685844008428
0.71,0.783650144154117,0.00907661551247833
0.710125,0.783636501203282,0.00907661551247833
0.71025,0.783622894976393,0.00907661551247833
0.710375,0.783609325725061,0.00907661551247833
0.7105,0.783595793697542,0.00907661551247833
0.710625,0.783582299138595,0.00907661551247833
0.71075,0.783568842289339,0.00907661551247833
0.710875,0.783555423387117,0.00907661551247833
0.711,0.783542042665363,0.0133252662272039
0.711125,0.7835287003551,0.0133252662272039
0.71125,0.783515396691767,0.0133252662272039
0.711375,0.783502131913725,0.0133252662272039
0.7115,0.783488906260982,0.0133252662272039
0.711625,0.783475719975041,0.0133252662272039
0.71175,0.783462573298747,0.0133252662272039
0.711875,0.783449466476139,0.0133252662272039
0.712,0.783436399752295,0.0132903083694184
0.712125,0.783423373373162,0.0132903083694184
0.71225,0.783410387585357,0.0132903083694184
0.712375,0.783397442636012,0.0132903083694184
0.7125,0.783384538772642,0.0132903083694184
0.712625,0.783371676242983,0.0132903083694184
0.71275,0.783358855294848,0.0132903083694184
0.712875,0.783346076175967,0.0132903083694184
0.713,0.783333339133841,0.0132401443568025
0.713125,0.783320644415568,0.0132401443568025
0.71325,0.783307992267612,0.0132401443568025
0.713375,0.783295382935667,0.0132401443568025
0.7135,0.783282816664521,0.0132401443568025
0.713625,0.783270293697908,0.0132401443568025
0.71375,0.783257814278361,0.0132401443568025
0.713875,0.783245378647065,0.0132401443568025
0.714,0.783232987043708,0.0131742092074483
0.714125,0.783220639706316,0.0131742092074483
0.71425,0.783208336870998,0.0131742092074483
0.714375,0.783196078771827,0.0131742092074483
0.7145,0.783183865640716,0.0131742092074483
0.714625,0.783171697707278,0.0131742092074483
0.71475,0.783159575198693,0.0131742092074483
0.714875,0.783147498339564,0.0131742092074483
0.715,0.783135467351793,0.013092364378485
0.715125,0.783123482454408,0.013092364378485
0.71525,0.783111543863305,0.013092364378485
0.715375,0.783099651791141,0.013092364378485
0.7155,0.783087806447233,0.013092364378485
0.715625,0.783076008037432,0.013092364378485
0.71575,0.783064256764,0.013092364378485
0.715875,0.783052552825495,0.013092364378485
0.716,0.783040896416647,0.0170081118421139
0.716125,0.783029287729758,0.0170081118421139
0.71625,0.783017726960992,0.0170081118421139
0.716375,0.783006214309013,0.0170081118421139
0.7165,0.78299474997381,0.0170081118421139
0.716625,0.782983334156574,0.0170081118421139
0.71675,0.78297196705956,0.0170081118421139
0.716875,0.782960648885956,0.0170081118421139
0.717,0.782949379839753,0.0169220184244087
0.717125,0.782938160125578,0.0169220184244087
0.71725,0.782926989948422,0.0169220184244087
0.717375,0.782915869513535,0.0169220184244087
0.7175,0.782904799026312,0.0169220184244087
0.717625,0.782893778692171,0.0169220184244087
0.71775,0.782882808716412,0.0169220184244087
0.717875,0.78287188930409,0.0169220184244087
0.718,0.782861020659887,0.0168219687164965
0.718125,0.782850202987936,0.0168219687164965
0.71825,0.782839436491534,0.0168219687164965
0.718375,0.782828721373042,0.0168219687164965
0.7185,0.782818057833784,0.0168219687164965
0.718625,0.782807446073919,0.0168219687164965
0.71875,0.782796886292317,0.0168219687164965
0.718875,0.782786378686433,0.0168219687164965
0.719,0.78277592345218,0.0167075471579194
0.719125,0.782765520783765,0.0167075471579194
0.71925,0.78275517087338,0.0167075471579194
0.719375,0.782744873911117,0.0167075471579194
0.7195,0.782734630084878,0.0167075471579194
0.719625,0.782724439580259,0.0167075471579194
0.71975,0.782714302580436,0.0167075471579194
0.719875,0.782704219266048,0.0167075471579194
0.72,0.782694189815086,0.016578730706226
0.720125,0.782684214402732,0.016578730706226
0.72025,0.782674293201039,0.016578730706226
0.720375,0.782664426378864,0.016578730706226
0.7205,0.782654614101801,0.016578730706226
0.720625,0.782644856532072,0.016578730706226
0.72075,0.782635153828434,0.016578730706226
0.720875,0.782625506146073,0.016578730706226
0.721,0.782615913636515,0.0200424951939883
0.721125,0.782606376448859,0.0200424951939883
0.72125,0.782596894735361,0.0200424951939883
0.721375,0.782587468650225,0.0200424951939883
0.7215,0.782578098348584,0.0200424951939883
0.721625,0.782568783986389,0.0200424951939883
0.72175,0.782559525720301,0.0200424951939883
0.721875,0.782550323707583,0.0200424951939883
0.722,0.782541178105992,0.0199100106738072
0.722125,0.782532089073619,0.0199100106738072
0.72225,0.782523056768564,0.0199100106738072
0.722375,0.78251408134887,0.0199100106738072
0.7225,0.782505162972452,0.0199100106738072
0.722625,0.782496301796988,0.0199100106738072
0.72275,0.782487497979813,0.0199100106738072
0.722875,0.782478751677813,0.0199100106738072
0.723,0.782470063047319,0.0197652381247958
0.723125,0.782461432243944,0.0197652381247958
0.72325,0.782452859422243,0.0197652381247958
0.723375,0.782444344735657,0.0197652381247958
0.7235,0.782435888336444,0.0197652381247958
0.723625,0.782427490375582,0.0197652381247958
0.72375,0.782419151002664,0.0197652381247958
0.723875,0.782410870365801,0.0197652381247958
0.724,0.782402648611522,0.0196079210768854
0.724125,0.782394485884616,0.0196079210768854
0.72425,0.782386382327778,0.0196079210768854
0.724375,0.78237833808156,0.0196079210768854
0.7245,0.782370353284328,0.0196079210768854
0.724625,0.78236242807216,0.0196079210768854
0.72475,0.782354562578764,0.0196079210768854
0.724875,0.782346756935382,0.0196079210768854
0.725,0.782339011270709,0.0194381496623484
0.725125,0.782331325710736,0.0194381496623484
0.72525,0.782323700378392,0.0194381496623484
0.725375,0.782316135393513,0.0194381496623484
0.7255,0.782308630872809,0.0194381496623484
0.725625,0.782301186929785,0.0194381496623484
0.72575,0.782293803674666,0.0194381496623484
0.725875,0.782286481214323,0.0194381496623484
0.726,0.782279219652199,0.0223486226411512
0.726125,0.782272019089363,0.0223486226411512
0.72625,0.782264879629202,0.0223486226411512
0.726375,0.782257801376426,0.0223486226411512
0.7265,0.782250784436209,0.0223486226411512
0.726625,0.782243828914114,0.0223486226411512
0.72675,0.782236934916009,0.0223486226411512
0.726875,0.782230102547987,0.0223486226411512
0.727,0.782223331916286,0.0221758545637008
0.727125,0.782216623127139,0.0221758545637008
0.72725,0.782209976286412,0.0221758545637008
0.727375,0.782203391499583,0.0221758545637008
0.7275,0.7821968688717,0.0221758545637008
0.727625,0.782190408507311,0.0221758545637008
0.72775,0.782184010510379,0.0221758545637008
0.727875,0.782177674984209,0.0221758545637008
0.728,0.782171402031367,0.0219928191775287
0.728125,0.782165191753534,0.0219928191775287
0.72825,0.782159044251132,0.0219928191775287
0.728375,0.782152959623305,0.0219928191775287
0.7285,0.782146937967892,0.0219928191775287
0.728625,0.78214097938136,0.0219928191775287
0.72875,0.782135083958726,0.0219928191775287
0.728875,0.782129251793489,0.0219928191775287
0.729,0.78212348297756,0.0217994233297034
0.729125,0.782117777601116,0.0217994233297034
0.72925,0.782112135752219,0.0217994233297034
0.729375,0.78210655751681,0.0217994233297034
0.7295,0.782101042978693,0.0217994233297034
0.729625,0.782095592219476,0.0217994233297034
0.72975,0.782090205318505,0.0217994233297034
0.729875,0.782084882352806,0.0217994233297034
0.73,0.782079623397028,0.0215958643730999
0.730125,0.782074428523299,0.0215958643730999
0.73025,0.782069297800846,0.0215958643730999
0.730375,0.782064231296,0.0215958643730999
0.7305,0.782059229072199,0.0215958643730999
0.730625,0.782054291189938,0.0215958643730999
0.73075,0.782049417706722,0.0215958643730999
0.730875,0.782044608677015,0.0215958643730999
0.731,0.782039864152201,0.0238715542016489
0.731125,0.782035184181412,0.0238715542016489
0.73125,0.782030568815214,0.0238715542016489
0.731375,0.782026018104836,0.0238715542016489
0.7315,0.782021532101517,0.0238715542016489
0.731625,0.782017110856453,0.0238715542016489
0.73175,0.782012754420747,0.0238715542016489
0.731875,0.78200846284536,0.0238715542016489
0.732,0.782004236181057,0.0236657298963855
0.732125,0.782000074478281,0.0236657298963855
0.73225,0.781995977786766,0.0236657298963855
0.732375,0.781991946155549,0.0236657298963855
0.7325,0.781987979632984,0.0236657298963855
0.732625,0.781984078266685,0.0236657298963855
0.73275,0.781980242103488,0.0236657298963855
0.732875,0.781976471189398,0.0236657298963855
0.733,0.781972765569544,0.0234519357708557
0.733125,0.781969125288055,0.0234519357708557
0.73325,0.78196555038766,0.0234519357708557
0.733375,0.781962040909715,0.0234519357708557
0.7335,0.781958596894219,0.0234519357708557
0.733625,0.781955218379767,0.0234519357708557
0.73375,0.781951905403515,0.0234519357708557
0.733875,0.78194865800114,0.0234519357708557
0.734,0.781945476206795,0.0232302410998197
0.734125,0.781942360052992,0.0232302410998197
0.73425,0.781939309570203,0.0232302410998197
0.734375,0.781936324786886,0.0232302410998197
0.7345,0.781933405729523,0.0232302410998197
0.734625,0.781930552422577,0.0232302410998197
0.73475,0.781927764888466,0.0232302410998197
0.734875,0.781925043147529,0.0232302410998197
0.735,0.781922387218004,0.0230009414154283
0.735125,0.781919797115903,0.0230009414154283
0.73525,0.781917272854618,0.0230009414154283
0.735375,0.781914814444964,0.0230009414154283
0.7355,0.781912421895221,0.0230009414154283
0.735625,0.781910095211111,0.0230009414154283
0.73575,0.781907834395777,0.0230009414154283
0.735875,0.78190563944977,0.0230009414154283
0.736,0.781903510371025,0.0245822297715275
0.736125,0.781901447155464,0.0245822297715275
0.73625,0.781899449799561,0.0245822297715275
0.736375,0.781897518299827,0.0245822297715275
0.7365,0.781895652652374,0.0245822297715275
0.736625,0.781893852852886,0.0245822297715275
0.73675,0.781892118896611,0.0245822297715275
0.736875,0.781890450778333,0.0245822297715275
0.737,0.781888848492356,0.0243514249577588
0.737125,0.781887312032399,0.0243514249577588
0.73725,0.781885841391198,0.0243514249577588
0.737375,0.781884436560561,0.0243514249577588
0.7375,0.781883097531416,0.0243514249577588
0.737625,0.781881824293794,0.0243514249577588
0.73775,0.781880616836814,0.0243514249577588
0.737875,0.781879475148667,0.0243514249577588
0.738,0.781878399216605,0.024115142759684
0.738125,0.781877389026836,0.024115142759684
0.73825,0.781876444564122,0.024115142759684
0.738375,0.781875565811847,0.024115142759684
0.7385,0.781874752752063,0.024115142759684
0.738625,0.781874005365488,0.024115142759684
0.73875,0.781873323631491,0.024115142759684
0.738875,0.781872707528087,0.024115142759684
0.739,0.781872157031932,0.0238736090995859
0.739125,0.781871672118219,0.0238736090995859
0.73925,0.781871252760278,0.0238736090995859
0.739375,0.781870898929652,0.0238736090995859
0.7395,0.781870610596157,0.0238736090995859
0.739625,0.781870387727877,0.0238736090995859
0.73975,0.781870230291169,0.0238736090995859
0.739875,0.781870138250658,0.0238736090995859
0.74,0.781870111569243,0.0236272059837957
0.740125,0.781870150208,0.0236272059837957
0.74025,0.781870254125786,0.0236272059837957
0.740375,0.781870423279319,0.0236272059837957
0.7405,0.781870657623252,0.0236272059837957
0.740625,0.78187095711018,0.0236272059837957
0.74075,0.781871321690649,0.0236272059837957
0.740875,0.781871751313165,0.0236272059837957
0.741,0.781872245924207,0.0244783147571055
0.741125,0.781872805468567,0.0244783147571055
0.74125,0.781873429890755,0.0244783147571055
0.741375,0.78187411913474,0.0244783147571055
0.7415,0.781874873143737,0.0244783147571055
0.741625,0.781875691860217,0.0244783147571055
0.74175,0.781876575225915,0.0244783147571055
0.741875,0.78187752318185,0.0244783147571055
0.742,0.781878535668327,0.0242311705305745
0.742125,0.781879612624864,0.0242311705305745
0.74225,0.781880753989792,0.0242311705305745
0.742375,0.781881959700354,0.0242311705305745
0.7425,0.781883229692782,0.0242311705305745
0.742625,0.781884563902315,0.0242311705305745
0.74275,0.781885962263212,0.0242311705305745
0.742875,0.781887424708773,0.0242311705305745
0.743,0.781888951171353,0.0239811513481273
0.743125,0.781890541582284,0.0239811513481273
0.74325,0.781892195871485,0.0239811513481273
0.743375,0.781893913967559,0.0239811513481273
0.7435,0.781895695797885,0.0239811513481273
0.743625,0.781897541288632,0.0239811513481273
0.74375,0.781899450364786,0.0239811513481273
0.743875,0.781901422950172,0.0239811513481273
0.744,0.781903458967475,0.0237286292071795
0.744125,0.781905558338169,0.0237286292071795
0.74425,0.781907720982126,0.0237286292071795
0.744375,0.781909946817725,0.0237286292071795
0.7445,0.781912235761942,0.0237286292071795
0.744625,0.781914587730381,0.0237286292071795
0.74475,0.7819170026373,0.0237286292071795
0.744875,0.781919480395644,0.0237286292071795
0.745,0.781922020917068,0.0234740584960626
0.745125,0.781924624111879,0.0234740584960626
0.74525,0.78192728988864,0.0234740584960626
0.745375,0.781930018154293,0.0234740584960626
0.7455,0.781932808814253,0.0234740584960626
0.745625,0.781935661772448,0.0234740584960626
0.74575,0.781938576931353,0.0234740584960626
0.745875,0.781941554192022,0.0234740584960626
0.746,0.781944593454133,0.023584307957642
0.746125,0.78194769461606,0.023584307957642
0.74625,0.781950857575099,0.023584307957642
0.746375,0.781954082227465,0.023584307957642
0.7465,0.781957368468308,0.023584307957642
0.746625,0.781960716191747,0.023584307957642
0.74675,0.781964125290915,0.023584307957642
0.746875,0.781967595657994,0.023584307957642
0.747,0.781971127184262,0.0233297450769077
0.747125,0.781974719760032,0.0233297450769077
0.74725,0.781978373274281,0.0233297450769077
0.747375,0.781982087614769,0.0233297450769077
0.7475,0.781985862668154,0.0233297450769077
0.747625,0.781989698320038,0.0233297450769077
0.74775,0.781993594455008,0.0233297450769077
0.747875,0.781997550956686,0.0233297450769077
0.748,0.782001567707771,0.0230749337847203
0.748125,0.78200564458999,0.0230749337847203
0.74825,0.782009781483728,0.0230749337847203
0.748375,0.782013978268157,0.0230749337847203
0.7485,0.78201823482135,0.0230749337847203
0.748625,0.782022551020337,0.0230749337847203
0.74875,0.782026926741147,0.0230749337847203
0.748875,0.782031361858866,0.0230749337847203
0.749,0.782035856247683,0.0228203769605699
0.749125,0.782040409780849,0.0228203769605699
0.74925,0.782045022330305,0.0228203769605699
0.749375,0.782049693766822,0.0228203769605699
0.7495,0.782054423960122,0.0228203769605699
0.749625,0.782059212778929,0.0228203769605699
0.74975,0.782064060091027,0.0228203769605699
0.749875,0.782068965763316,0.0228203769605699
0.75,0.782073929661864,0.0225665851782071
0.750125,0.782078951651872,0.0225665851782071
0.75025,0.782084031597309,0.0225665851782071
0.750375,0.782089169361054,0.0225665851782071
0.7505,0.782094364805019,0.0225665851782071
0.750625,0.782099617790213,0.0225665851782071
0.75075,0.782104928176796,0.0225665851782071
0.750875,0.782110295824143,0.0225665851782071
0.751,0.782115720590901,0.0219503315888612
0.751125,0.782121202334816,0.0219503315888612
0.75125,0.78212674091178,0.0219503315888612
0.751375,0.782132336176096,0.0219503315888612
0.7515,0.7821379879807,0.0219503315888612
0.751625,0.782143696177233,0.0219503315888612
0.75175,0.782149460616099,0.0219503315888612
0.751875,0.782155281146541,0.0219503315888612
0.752,0.7821611576167,0.0216972645165674
0.752125,0.782167089873591,0.0216972645165674
0.75225,0.782173077762753,0.0216972645165674
0.752375,0.782179121128402,0.0216972645165674
0.7525,0.782185219813566,0.0216972645165674
0.752625,0.782191373660158,0.0216972645165674
0.75275,0.782197582509045,0.0216972645165674
0.752875,0.782203846200123,0.0216972645165674
0.753,0.782210164572385,0.0214465148388008
0.753125,0.782216537463904,0.0214465148388008
0.75325,0.782222964711488,0.0214465148388008
0.753375,0.78222944615084,0.0214465148388008
0.7535,0.782235981616694,0.0214465148388008
0.753625,0.782242570942896,0.0214465148388008
0.75375,0.782249213962476,0.0214465148388008
0.753875,0.782255910507726,0.0214465148388008
0.754,0.782262660410276,0.0211986969822058
0.754125,0.782269463501073,0.0211986969822058
0.75425,0.782276319610057,0.0211986969822058
0.754375,0.782283228566314,0.0211986969822058
0.7545,0.78229019019822,0.0211986969822058
0.754625,0.782297204333523,0.0211986969822058
0.75475,0.782304270799419,0.0211986969822058
0.754875,0.782311389422631,0.0211986969822058
0.755,0.782318560029492,0.0209543598762365
0.755125,0.782325782445927,0.0209543598762365
0.75525,0.782333056497133,0.0209543598762365
0.755375,0.782340382007737,0.0209543598762365
0.7555,0.782347758801944,0.0209543598762365
0.755625,0.782355186703613,0.0209543598762365
0.75575,0.782362665536343,0.0209543598762365
0.755875,0.782370195123551,0.0209543598762365
0.756,0.782377775288554,0.0196494950483141
0.756125,0.782385405854147,0.0196494950483141
0.75625,0.782393086640547,0.0196494950483141
0.756375,0.782400817465895,0.0196494950483141
0.7565,0.782408598146689,0.0196494950483141
0.756625,0.782416428497868,0.0196494950483141
0.75675,0.782424308332912,0.0196494950483141
0.756875,0.78243223746392,0.0196494950483141
0.757,0.78244021570171,0.0194065478569933
0.757125,0.782448242855811,0.0194065478569933
0.75725,0.782456318734162,0.0194065478569933
0.757375,0.782464443143276,0.0194065478569933
0.7575,0.782472615888405,0.0194065478569933
0.757625,0.78248083677363,0.0194065478569933
0.75775,0.782489105601957,0.0194065478569933
0.757875,0.782497422175415,0.0194065478569933
0.758,0.782505786295147,0.0191683416089276
0.758125,0.782514197761421,0.0191683416089276
0.75825,0.782522656373328,0.0191683416089276
0.758375,0.782531161928966,0.0191683416089276
0.7585,0.78253971422559,0.0191683416089276
0.758625,0.782548313059718,0.0191683416089276
0.75875,0.782556958227228,0.0191683416089276
0.758875,0.782565649523456,0.0191683416089276
0.759,0.782574386743295,0.018935579652683
0.759125,0.782583169681206,0.018935579652683
0.75925,0.782591998130934,0.018935579652683
0.759375,0.782600871885684,0.018935579652683
0.7595,0.78260979073828,0.018935579652683
0.759625,0.782618754481271,0.018935579652683
0.75975,0.782627762907023,0.018935579652683
0.759875,0.782636815807829,0.018935579652683
0.76,0.782645912976,0.0187088305217215
0.760125,0.782655054203883,0.0187088305217215
0.76025,0.782664239283589,0.0187088305217215
0.760375,0.782673468007166,0.0187088305217215
0.7605,0.782682740166753,0.0187088305217215
0.760625,0.782692055554691,0.0187088305217215
0.76075,0.782701413963614,0.0187088305217215
0.760875,0.782710815186551,0.0187088305217215
0.761,0.782720259017027,0.0167742879999327
0.761125,0.782729745248414,0.0167742879999327
0.76125,0.782739273670867,0.0167742879999327
0.761375,0.782748844072035,0.0167742879999327
0.7615,0.782758456237692,0.0167742879999327
0.761625,0.782768109951837,0.0167742879999327
0.76175,0.782777804996812,0.0167742879999327
0.761875,0.782787541153405,0.0167742879999327
0.762,0.782797318200969,0.016549519486804
0.762125,0.782807135917441,0.016549519486804
0.76225,0.782816994079091,0.016549519486804
0.762375,0.782826892460705,0.016549519486804
0.7625,0.78283683083576,0.016549519486804
0.762625,0.782846808976537,0.016549519486804
0.76275,0.782856826654243,0.016549519486804
0.762875,0.782866883639118,0.016549519486804
0.763,0.782876979700559,0.0163316978929884
0.763125,0.782887114607149,0.0163316978929884
0.76325,0.782897288126417,0.0163316978929884
0.763375,0.78290750002503,0.0163316978929884
0.7635,0.782917750068959,0.0163316978929884
0.763625,0.78292803802361,0.0163316978929884
0.76375,0.782938363653931,0.0163316978929884
0.763875,0.782948726724539,0.0163316978929884
0.764,0.782959126999834,0.0161215906423257
0.764125,0.782969564244039,0.0161215906423257
0.76425,0.782980038220973,0.0161215906423257
0.764375,0.782990548694236,0.0161215906423257
0.7645,0.783001095427385,0.0161215906423257
0.764625,0.783011678184055,0.0161215906423257
0.76475,0.783022296728072,0.0161215906423257
0.764875,0.783032950823576,0.0161215906423257
0.765,0.783043640235137,0.0159197670274939
0.765125,0.783054364727796,0.0159197670274939
0.76525,0.783065124066849,0.0159197670274939
0.765375,0.783075918018031,0.0159197670274939
0.7655,0.783086746347686,0.0159197670274939
0.765625,0.783097608822881,0.0159197670274939
0.76575,0.783108505211523,0.0159197670274939
0.765875,0.783119435282476,0.0159197670274939
0.766,0.783130398805672,0.0134326783522626
0.766125,0.783141395551269,0.0134326783522626
0.76625,0.783152425285693,0.0134326783522626
0.766375,0.783163487772545,0.0134326783522626
0.7665,0.783174582773389,0.0134326783522626
0.766625,0.78318571004788,0.0134326783522626
0.76675,0.783196869353884,0.0134326783522626
0.766875,0.783208060447615,0.0134326783522626
0.767,0.783219283083754,0.0132333294209021
0.767125,0.78323053701551,0.0132333294209021
0.76725,0.783241821994417,0.0132333294209021
0.767375,0.783253137770534,0.0132333294209021
0.7675,0.783264484092622,0.0132333294209021
0.767625,0.783275860708284,0.0132333294209021
0.76775,0.783287267364091,0.0132333294209021
0.767875,0.783298703805722,0.0132333294209021
0.768,0.783310169778088,0.0130428496856298
0.768125,0.783321665025402,0.0130428496856298
0.76825,0.783333189290991,0.0130428496856298
0.768375,0.783344742317501,0.0130428496856298
0.7685,0.783356323847071,0.0130428496856298
0.768625,0.783367933621475,0.0130428496856298
0.76875,0.783379571382257,0.0130428496856298
0.768875,0.783391236870859,0.0130428496856298
0.769,0.783402929828763,0.0128620446123222
0.769125,0.783414649997548,0.0128620446123222
0.76925,0.783426397118734,0.0128620446123222
0.769375,0.78343817093397,0.0128620446123222
0.7695,0.783449971185214,0.0128620446123222
0.769625,0.783461797614872,0.0128620446123222
0.76975,0.783473649965926,0.0128620446123222
0.769875,0.783485527982067,0.0128620446123222
0.77,0.783497431407829,0.0126914660643338
0.770125,0.783509359988651,0.0126914660643338
0.77025,0.783521313470733,0.0126914660643338
0.770375,0.783533291601213,0.0126914660643338
0.7705,0.783545294128349,0.0126914660643338
0.770625,0.783557320801641,0.0126914660643338
0.77075,0.783569371371964,0.0126914660643338
0.770875,0.783581445591692,0.0126914660643338
0.771,0.783593543214824,0.00974434284678458
0.771125,0.783605663995972,0.00974434284678458
0.77125,0.783617807685663,0.00974434284678458
0.771375,0.783629974031407,0.00974434284678458
0.7715,0.783642162778615,0.00974434284678458
0.771625,0.783654373670736,0.00974434284678458
0.77175,0.783666606449402,0.00974434284678458
0.771875,0.783678860854565,0.00974434284678458
0.772,0.783691136624638,0.00957662023917263
0.772125,0.783703433496572,0.00957662023917263
0.77225,0.783715751205726,0.00957662023917263
0.772375,0.783728089486062,0.00957662023917263
0.7725,0.783740448070332,0.00957662023917263
0.772625,0.783752826690226,0.00957662023917263
0.77275,0.783765225076514,0.00957662023917263
0.772875,0.783777642959189,0.00957662023917263
0.773,0.783790080067619,0.00941935086622556
0.773125,0.783802536130624,0.00941935086622556
0.77325,0.783815010876369,0.00941935086622556
0.773375,0.783827504032557,0.00941935086622556
0.7735,0.783840015326618,0.00941935086622556
0.773625,0.783852544485854,0.00941935086622556
0.77375,0.783865091237584,0.00941935086622556
0.773875,0.783877655309291,0.00941935086622556
0.774,0.783890236428766,0.00927335185565403
0.774125,0.783902834324195,0.00927335185565403
0.77425,0.783915448724068,0.00927335185565403
0.774375,0.783928079357364,0.00927335185565403
0.7745,0.783940725953737,0.00927335185565403
0.774625,0.783953388243658,0.00927335185565403
0.77475,0.783966065958555,0.00927335185565403
0.774875,0.783978758830959,0.00927335185565403
0.775,0.783991466594642,0.00913914065430361
0.775125,0.784004188984702,0.00913914065430361
0.77525,0.784016925737488,0.00913914065430361
0.775375,0.784029676590775,0.00913914065430361
0.7755,0.784042441283941,0.00913914065430361
0.775625,0.7840552195581,0.00913914065430361
0.77575,0.784068011156237,0.00913914065430361
0.775875,0.784080815823344,0.00913914065430361
0.776,0.784093633306548,0.00583699598980042
0.776125,0.784106463353973,0.00583699598980042
0.77625,0.784119305709465,0.00583699598980042
0.776375,0.784132160113776,0.00583699598980042
0.7765,0.784145026305587,0.00583699598980042
0.776625,0.784157904021656,0.00583699598980042
0.77675,0.784170792996963,0.00583699598980042
0.776875,0.784183692964856,0.00583699598980042
0.777,0.784196603657206,0.00570590165633716
0.777125,0.784209524804495,0.00570590165633716
0.77725,0.784222456135761,0.00570590165633716
0.777375,0.784235397378784,0.00570590165633716
0.7775,0.784248348260273,0.00570590165633716
0.777625,0.784261308506018,0.00570590165633716
0.77775,0.784274277841039,0.00570590165633716
0.777875,0.78428725598974,0.00570590165633716
0.778,0.78430024267606,0.00558646477986893
0.778125,0.784313237623577,0.00558646477986893
0.77825,0.784326240555465,0.00558646477986893
0.778375,0.784339251194685,0.00558646477986893
0.7785,0.784352269264165,0.00558646477986893
0.778625,0.784365294486955,0.00558646477986893
0.77875,0.784378326586376,0.00558646477986893
0.778875,0.784391365286168,0.00558646477986893
0.779,0.784404410310648,0.00547948809194306
0.779125,0.78441746138481,0.00547948809194306
0.77925,0.784430518234301,0.00547948809194306
0.779375,0.784443580585609,0.00547948809194306
0.7795,0.784456648166229,0.00547948809194306
0.779625,0.784469720704821,0.00547948809194306
0.77975,0.784482797931346,0.00547948809194306
0.779875,0.784495879577218,0.00547948809194306
0.78,0.784508965375447,0.00538543920202946
0.780125,0.784522055060742,0.00538543920202946
0.78025,0.784535148369503,0.00538543920202946
0.780375,0.784548245039989,0.00538543920202946
0.7805,0.784561344812482,0.00538543920202946
0.780625,0.784574447429428,0.00538543920202946
0.78075,0.784587552635571,0.00538543920202946
0.780875,0.78460066017809,0.00538543920202946
0.781,0.784613769806729,0.00184249986830831
0.781125,0.784626881272569,0.00184249986830831
0.78125,0.784639994322355,0.00184249986830831
0.781375,0.784653108699767,0.00184249986830831
0.7815,0.7846662241465,0.00184249986830831
0.781625,0.784679340402417,0.00184249986830831
0.78175,0.784692457205695,0.00184249986830831
0.781875,0.784705574292978,0.00184249986830831
0.782,0.784718691399522,0.00175170805648606
0.782125,0.784731808259315,0.00175170805648606
0.78225,0.784744924605077,0.00175170805648606
0.782375,0.78475804016844,0.00175170805648606
0.7825,0.784771154680125,0.00175170805648606
0.782625,0.784784267870095,0.00175170805648606
0.78275,0.784797379467706,0.00175170805648606
0.782875,0.784810489201859,0.00175170805648606
0.783,0.784823596801155,0.00167336994487143
0.783125,0.784836701994012,0.00167336994487143
0.78325,0.784849804508696,0.00167336994487143
0.783375,0.784862904073489,0.00167336994487143
0.7835,0.784876000416871,0.00167336994487143
0.783625,0.784889093267665,0.00167336994487143
0.78375,0.784902182355188,0.00167336994487143
0.783875,0.784915267409407,0.00167336994487143
0.784,0.784928348161082,0.00160824878209018
0.784125,0.784941424341894,0.00160824878209018
0.78425,0.784954495684485,0.00160824878209018
0.784375,0.784967561922628,0.00160824878209018
0.7845,0.784980622791389,0.00160824878209018
0.784625,0.784993678027275,0.00160824878209018
0.78475,0.785006727368374,0.00160824878209018
0.784875,0.785019770554506,0.00160824878209018
0.785,0.785032807327358,0.00155674879597614
0.785125,0.785045837430611,0.00155674879597614
0.78525,0.78505886060999,0.00155674879597614
0.785375,0.785071876613423,0.00155674879597614
0.7855,0.785084885191191,0.00155674879597614
0.785625,0.78509788609606,0.00155674879597614
0.78575,0.78511087908342,0.00155674879597614
0.785875,0.785123863911412,0.00155674879597614
0.786,0.785136840341061,-0.0021074584231122
0.786125,0.785149808134992,-0.0021074584231122
0.78625,0.785162767051562,-0.0021074584231122
0.786375,0.785175716846156,-0.0021074584231122
0.7865,0.785188657272308,-0.0021074584231122
0.786625,0.78520158808184,-0.0021074584231122
0.78675,0.785214509025013,-0.0021074584231122
0.786875,0.785227419850669,-0.0021074584231122
0.787,0.78524032030638,-0.00215567905572303
0.787125,0.785253210138575,-0.00215567905572303
0.78725,0.785266089092609,-0.00215567905572303
0.787375,0.785278956912926,-0.00215567905572303
0.7875,0.785291813343219,-0.00215567905572303
0.787625,0.785304658126581,-0.00215567905572303
0.78775,0.785317491005648,-0.00215567905572303
0.787875,0.785330311722753,-0.00215567905572303
0.788,0.78534312002007,-0.00219107245000323
0.788125,0.785355915639749,-0.00219107245000323
0.78825,0.785368698324009,-0.00219107245000323
0.788375,0.785381467815292,-0.00219107245000323
0.7885,0.785394223856421,-0.00219107245000323
0.788625,0.785406966190748,-0.00219107245000323
0.78875,0.785419694562298,-0.00219107245000323
0.788875,0.785432408715916,-0.00219107245000323
0.789,0.785445108397411,-0.00221293820321521
0.789125,0.78545779335369,-0.00221293820321521
0.78925,0.785470463332867,-0.00221293820321521
0.789375,0.785483118084411,-0.00221293820321521
0.7895,0.785495757359294,-0.00221293820321521
0.789625,0.785508380910128,-0.00221293820321521
0.78975,0.785520988491308,-0.00221293820321521
0.789875,0.785533579859146,-0.00221293820321521
0.79,0.785546154772008,-0.00222094677515413
0.790125,0.785558712990447,-0.00222094677515413
0.79025,0.785571254277321,-0.00222094677515413
0.790375,0.78558377839793,-0.00222094677515413
0.7905,0.785596285120147,-0.00222094677515413
0.790625,0.785608774214544,-0.00222094677515413
0.79075,0.785621245454524,-0.00222094677515413
0.790875,0.785633698616442,-0.00222094677515413
0.791,0.78564613347973,-0.00588596455342083
0.791125,0.785658549825604,-0.00588596455342083
0.79125,0.785670947431187,-0.00588596455342083
0.791375,0.785683326070803,-0.00588596455342083
0.7915,0.785695685517084,-0.00588596455342083
0.791625,0.785708025541107,-0.00588596455342083
0.79175,0.785720345912531,-0.00588596455342083
0.791875,0.785732646399738,-0.00588596455342083
0.792,0.785744926769971,-0.00589078648311833
0.792125,0.785757186789469,-0.00589078648311833
0.79225,0.7857694262236,-0.00589078648311833
0.792375,0.785781644837002,-0.00589078648311833
0.7925,0.785793842393725,-0.00589078648311833
0.792625,0.785806018657369,-0.00589078648311833
0.79275,0.785818173391226,-0.00589078648311833
0.792875,0.785830306358416,-0.00589078648311833
0.793,0.785842417322032,-0.00588283161246509
0.793125,0.785854506045276,-0.00588283161246509
0.79325,0.785866572291617,-0.00588283161246509
0.793375,0.785878615824923,-0.00588283161246509
0.7935,0.785890636409598,-0.00588283161246509
0.793625,0.78590263381072,-0.00588283161246509
0.79375,0.785914607794177,-0.00588283161246509
0.793875,0.785926558126804,-0.00588283161246509
0.794,0.785938484576519,-0.00586148318498211
0.794125,0.785950386912462,-0.00586148318498211
0.79425,0.785962264905167,-0.00586148318498211
0.794375,0.785974118326688,-0.00586148318498211
0.7945,0.785985946950722,-0.00586148318498211
0.794625,0.785997750552742,-0.00586148318498211
0.79475,0.786009528910122,-0.00586148318498211
0.794875,0.78602128180227,-0.00586148318498211
0.795,0.78603300901075,-0.00582649500743263
0.795125,0.786044710319421,-0.00582649500743263
0.79525,0.786056385514621,-0.00582649500743263
0.795375,0.786068034385271,-0.00582649500743263
0.7955,0.786079656722993,-0.00582649500743263
0.795625,0.786091252322223,-0.00582649500743263
0.79575,0.786102820980329,-0.00582649500743263
0.795875,0.786114362497726,-0.00582649500743263
0.796,0.786125876677989,-0.00937527779796104
0.796125,0.786137363326593,-0.00937527779796104
0.79625,0.78614882224522,-0.00937527779796104
0.796375,0.786160253232999,-0.00937527779796104
0.7965,0.786171656087575,-0.00937527779796104
0.796625,0.786183030605234,-0.00937527779796104
0.79675,0.78619437658103,-0.00937527779796104
0.796875,0.786205693808912,-0.00937527779796104
0.797,0.786216982081848,-0.00933730740729283
0.797125,0.786228241191973,-0.00933730740729283
0.79725,0.786239470930774,-0.00933730740729283
0.797375,0.786250671089206,-0.00933730740729283
0.7975,0.786261841457813,-0.00933730740729283
0.797625,0.786272981826852,-0.00933730740729283
0.79775,0.786284091986422,-0.00933730740729283
0.797875,0.786295171726593,-0.00933730740729283
0.798,0.78630622083753,-0.0092870223958471
0.798125,0.786317239109642,-0.0092870223958471
0.79825,0.786328226333789,-0.0092870223958471
0.798375,0.786339182301395,-0.0092870223958471
0.7985,0.786350106804554,-0.0092870223958471
0.798625,0.786360999636162,-0.0092870223958471
0.79875,0.786371860590036,-0.0092870223958471
0.798875,0.786382689461039,-0.0092870223958471
0.799,0.786393486045202,-0.00922390711402357
0.799125,0.786404250139869,-0.00922390711402357
0.79925,0.786414981543924,-0.00922390711402357
0.799375,0.786425680057887,-0.00922390711402357
0.7995,0.786436345484018,-0.00922390711402357
0.799625,0.78644697762643,-0.00922390711402357
0.79975,0.786457576291209,-0.00922390711402357
0.799875,0.786468141286528,-0.00922390711402357
0.8,0.786478672422755,-0.00914780438116943
0.800125,0.786489169512602,-0.00914780438116943
0.80025,0.786499632371352,-0.00914780438116943
0.800375,0.786510060816948,-0.00914780438116943
0.8005,0.786520454670076,-0.00914780438116943
0.800625,0.786530813754272,-0.00914780438116943
0.80075,0.786541137896025,-0.00914780438116943
0.800875,0.786551426924876,-0.00914780438116943
0.801,0.786561680673519,-0.0124705520560708
0.801125,0.786571898976618,-0.0124705520560708
0.80125,0.786582081665463,-0.0124705520560708
0.801375,0.786592228569133,-0.0124705520560708
0.8015,0.786602339515482,-0.0124705520560708
0.801625,0.786612414331257,-0.0124705520560708
0.80175,0.786622452842203,-0.0124705520560708
0.801875,0.78663245487318,-0.0124705520560708
0.802,0.786642420248274,-0.0123917769557464
0.802125,0.786652348790936,-0.0123917769557464
0.80225,0.786662240324228,-0.0123917769557464
0.802375,0.786672094670908,-0.0123917769557464
0.8025,0.786681911653523,-0.0123917769557464
0.802625,0.786691691094517,-0.0123917769557464
0.80275,0.786701432816348,-0.0123917769557464
0.802875,0.786711136641597,-0.0123917769557464
0.803,0.786720802393079,-0.012301535670038
0.803125,0.78673042989399,-0.012301535670038
0.80325,0.786740018968163,-0.012301535670038
0.803375,0.786749569440155,-0.012301535670038
0.8035,0.786759081135323,-0.012301535670038
0.803625,0.786768553879942,-0.012301535670038
0.80375,0.786777987501304,-0.012301535670038
0.803875,0.786787381827833,-0.012301535670038
0.804,0.786796736689184,-0.0121994272255461
0.804125,0.786806051916392,-0.0121994272255461
0.80425,0.786815327342144,-0.0121994272255461
0.804375,0.786824562800845,-0.0121994272255461
0.8045,0.786833758128695,-0.0121994272255461
0.804625,0.786842913163791,-0.0121994272255461
0.80475,0.786852027746224,-0.0121994272255461
0.804875,0.786861101718178,-0.0121994272255461
0.805,0.786870134924025,-0.0120853859614722
0.805125,0.786879127210466,-0.0120853859614722
0.80525,0.786888078426809,-0.0120853859614722
0.805375,0.786896988425028,-0.0120853859614722
0.8055,0.786905857059818,-0.0120853859614722
0.805625,0.786914684188687,-0.0120853859614722
0.80575,0.786923469672042,-0.0120853859614722
0.805875,0.786932213373271,-0.0120853859614722
0.806,0.786940915158831,-0.015082674532876
0.806125,0.786949574897166,-0.015082674532876
0.80625,0.786958192453891,-0.015082674532876
0.806375,0.786966767692825,-0.015082674532876
0.8065,0.786975300476877,-0.015082674532876
0.806625,0.786983790668146,-0.015082674532876
0.80675,0.786992238128008,-0.015082674532876
0.806875,0.787000642717212,-0.015082674532876
0.807,0.787009004295973,-0.0149663642015219
0.807125,0.787017322724113,-0.0149663642015219
0.80725,0.787025597861343,-0.0149663642015219
0.807375,0.78703382956732,-0.0149663642015219
0.8075,0.78704201770171,-0.0149663642015219
0.807625,0.787050162124279,-0.0149663642015219
0.80775,0.787058262694991,-0.0149663642015219
0.807875,0.787066319274093,-0.0149663642015219
0.808,0.787074331722213,-0.0148397845867665
0.808125,0.787082299900499,-0.0148397845867665
0.80825,0.787090223670915,-0.0148397845867665
0.808375,0.787098102896295,-0.0148397845867665
0.8085,0.787105937440397,-0.0148397845867665
0.808625,0.787113727167991,-0.0148397845867665
0.80875,0.78712147194495,-0.0148397845867665
0.808875,0.787129171638332,-0.0148397845867665
0.809,0.787136826116475,-0.0147026588049879
0.809125,0.787144435249125,-0.0147026588049879
0.80925,0.787151998907754,-0.0147026588049879
0.809375,0.787159516965596,-0.0147026588049879
0.8095,0.78716698929769,-0.0147026588049879
0.809625,0.787174415780967,-0.0147026588049879
0.80975,0.787181796294324,-0.0147026588049879
0.809875,0.787189130718705,-0.0147026588049879
0.81,0.787196418937176,-0.0145550121223825
0.810125,0.787203660835059,-0.0145550121223825
0.81025,0.78721085630025,-0.0145550121223825
0.810375,0.78721800522324,-0.0145550121223825
0.8105,0.787225107497148,-0.0145550121223825
0.810625,0.787232163017793,-0.0145550121223825
0.81075,0.787239171683757,-0.0145550121223825
0.810875,0.787246133396453,-0.0145550121223825
0.811,0.787253048060189,-0.0171403529912868
0.811125,0.787259915581232,-0.0171403529912868
0.81125,0.78726673586364,-0.0171403529912868
0.811375,0.787273508810151,-0.0171403529912868
0.8115,0.787280234322937,-0.0171403529912868
0.811625,0.78728691230368,-0.0171403529912868
0.81175,0.787293542653639,-0.0171403529912868
0.811875,0.787300125273731,-0.0171403529912868
0.812,0.787306660064594,-0.0169909162111976
0.812125,0.787313146926725,-0.0169909162111976
0.81225,0.78731958576079,-0.0169909162111976
0.812375,0.787325976467653,-0.0169909162111976
0.8125,0.787332318948408,-0.0169909162111976
0.812625,0.787338613104447,-0.0169909162111976
0.81275,0.787344858837532,-0.0169909162111976
0.812875,0.787351056049867,-0.0169909162111976
0.813,0.787357204644165,-0.0168327071653263
0.813125,0.787363304523783,-0.0168327071653263
0.81325,0.787369355593045,-0.0168327071653263
0.813375,0.787375357757263,-0.0168327071653263
0.8135,0.787381310922761,-0.0168327071653263
0.813625,0.787387214996942,-0.0168327071653263
0.81375,0.787393069888355,-0.0168327071653263
0.813875,0.787398875506758,-0.0168327071653263
0.814,0.787404631763181,-0.0166655782702806
0.814125,0.787410338570058,-0.0166655782702806
0.81425,0.78741599584156,-0.0166655782702806
0.814375,0.787421603493602,-0.0166655782702806
0.8145,0.787427161443862,-0.0166655782702806
0.814625,0.787432669611835,-0.0166655782702806
0.81475,0.787438127918895,-0.0166655782702806
0.814875,0.787443536288347,-0.0166655782702806
0.815,0.787448894645486,-0.0164896422436886
0.815125,0.787454202917715,-0.0164896422436886
0.81525,0.787459461034888,-0.0164896422436886
0.815375,0.787464668929305,-0.0164896422436886
0.8155,0.787469826535713,-0.0164896422436886
0.815625,0.787474933791352,-0.0164896422436886
0.81575,0.787479990636007,-0.0164896422436886
0.815875,0.787484997012046,-0.0164896422436886
0.816,0.787489952864465,-0.0185917155419611
0.816125,0.787494858140124,-0.0185917155419611
0.81625,0.787499712784339,-0.0185917155419611
0.816375,0.787504516741602,-0.0185917155419611
0.8165,0.787509269956184,-0.0185917155419611
0.816625,0.787513972372183,-0.0185917155419611
0.81675,0.787518623933577,-0.0185917155419611
0.816875,0.78752322458427,-0.0185917155419611
0.817,0.787527774268142,-0.0184145230162508
0.817125,0.787532272929164,-0.0184145230162508
0.81725,0.787536720511743,-0.0184145230162508
0.817375,0.787541116960704,-0.0184145230162508
0.8175,0.787545462221301,-0.0184145230162508
0.817625,0.787549756239256,-0.0184145230162508
0.81775,0.78755399896081,-0.0184145230162508
0.817875,0.787558190332767,-0.0184145230162508
0.818,0.787562330302542,-0.0182302987060362
0.818125,0.787566418818277,-0.0182302987060362
0.81825,0.787570455829185,-0.0182302987060362
0.818375,0.78757444128554,-0.0182302987060362
0.8185,0.787578375138665,-0.0182302987060362
0.818625,0.787582257340982,-0.0182302987060362
0.81875,0.787586087846047,-0.0182302987060362
0.818875,0.787589866608593,-0.0182302987060362
0.819,0.787593593584572,-0.018039025377491
0.819125,0.787597268731265,-0.018039025377491
0.81925,0.787600892007636,-0.018039025377491
0.819375,0.787604463374308,-0.018039025377491
0.8195,0.787607982793546,-0.018039025377491
0.819625,0.787611450229294,-0.018039025377491
0.81975,0.787614865647211,-0.018039025377491
0.819875,0.787618229014696,-0.018039025377491
0.82,0.78762154030093,-0.0178408971089268
0.820125,0.787624799476975,-0.0178408971089268
0.82025,0.787628006516132,-0.0178408971089268
0.820375,0.787631161393905,-0.0178408971089268
0.8205,0.787634264087974,-0.0178408971089268
0.820625,0.787637314578221,-0.0178408971089268
0.82075,0.787640312846754,-0.0178408971089268
0.820875,0.787643258877928,-0.0178408971089268
0.821,0.787646152658368,-0.0194055514117725
0.821125,0.787648994176384,-0.0194055514117725
0.82125,0.787651783419433,-0.0194055514117725
0.821375,0.787654520374631,-0.0194055514117725
0.8215,0.787657205029201,-0.0194055514117725
0.821625,0.787659837370494,-0.0194055514117725
0.82175,0.787662417386013,-0.0194055514117725
0.821875,0.787664945063439,-0.0194055514117725
0.822,0.787667420390656,-0.0192067340090665
0.822125,0.787669843355853,-0.0192067340090665
0.82225,0.78767221394787,-0.0192067340090665
0.822375,0.787674532156161,-0.0192067340090665
0.8225,0.787676797970762,-0.0192067340090665
0.822625,0.787679011382316,-0.0192067340090665
0.82275,0.787681172382092,-0.0192067340090665
0.822875,0.787683280962008,-0.0192067340090665
0.823,0.787685337114653,-0.0190028061528987
0.823125,0.787687340833382,-0.0190028061528987
0.82325,0.787689292112675,-0.0190028061528987
0.823375,0.787691190948089,-0.0190028061528987
0.8235,0.78769303733622,-0.0190028061528987
0.823625,0.787694831274725,-0.0190028061528987
0.82375,0.787696572762336,-0.0190028061528987
0.823875,0.787698261798874,-0.0190028061528987
0.824,0.78769989838527,-0.0187938779014528
0.824125,0.787701482523657,-0.0187938779014528
0.82425,0.787703014217726,-0.0187938779014528
0.824375,0.787704493472672,-0.0187938779014528
0.8245,0.787705920295154,-0.0187938779014528
0.824625,0.787707294693302,-0.0187938779014528
0.82475,0.787708616676727,-0.0187938779014528
0.824875,0.787709886256534,-0.0187938779014528
0.825,0.787711103445326,-0.0185802162368361
0.825125,0.787712268257295,-0.0185802162368361
0.82525,0.787713380708579,-0.0185802162368361
0.825375,0.787714440817199,-0.0185802162368361
0.8255,0.787715448603006,-0.0185802162368361
0.825625,0.787716404087682,-0.0185802162368361
0.82575,0.787717307294743,-0.0185802162368361
0.825875,0.787718158249539,-0.0185802162368361
0.826,0.787718956979255,-0.0195720681807152
0.826125,0.787719703512523,-0.0195720681807152
0.82625,0.787720397877802,-0.0195720681807152
0.826375,0.787721040103689,-0.0195720681807152
0.8265,0.787721630219182,-0.0195720681807152
0.826625,0.787722168253685,-0.0195720681807152
0.82675,0.787722654237006,-0.0195720681807152
0.826875,0.787723088199357,-0.0195720681807152
0.827,0.787723470171358,-0.019358299814553
0.827125,0.787723800184114,-0.019358299814553
0.82725,0.787724078269568,-0.019358299814553
0.827375,0.787724304460432,-0.019358299814553
0.8275,0.787724478790127,-0.019358299814553
0.827625,0.787724601292781,-0.019358299814553
0.82775,0.787724672003226,-0.019358299814553
0.827875,0.787724690956997,-0.019358299814553
0.828,0.787724658190325,-0.0191414567242685
0.828125,0.787724573740219,-0.0191414567242685
0.82825,0.787724437644816,-0.0191414567242685
0.828375,0.787724249943306,-0.0191414567242685
0.8285,0.787724010675871,-0.0191414567242685
0.828625,0.787723719883671,-0.0191414567242685
0.82875,0.787723377608846,-0.0191414567242685
0.828875,0.787722983894501,-0.0191414567242685
0.829,0.787722538784701,-0.0189217691892425
0.829125,0.787722042324544,-0.0189217691892425
0.82925,0.787721494560513,-0.0189217691892425
0.829375,0.787720895540395,-0.0189217691892425
0.8295,0.78772024531321,-0.0189217691892425
0.829625,0.7877195439292,-0.0189217691892425
0.82975,0.787718791439814,-0.0189217691892425
0.829875,0.787717987897695,-0.0189217691892425
0.83,0.787717133356665,-0.0186995665181468
0.830125,0.787716227871797,-0.0186995665181468
0.83025,0.78771527149976,-0.0186995665181468
0.830375,0.787714264298736,-0.0186995665181468
0.8305,0.787713206328336,-0.0186995665181468
0.830625,0.787712097649587,-0.0186995665181468
0.83075,0.787710938324909,-0.0186995665181468
0.830875,0.787709728418096,-0.0186995665181468
0.831,0.787708467994292,-0.0191028992708887
0.831125,0.787707157119817,-0.0191028992708887
0.83125,0.787705795861482,-0.0191028992708887
0.831375,0.787704384286697,-0.0191028992708887
0.8315,0.787702922463553,-0.0191028992708887
0.831625,0.787701410460801,-0.0191028992708887
0.83175,0.787699848347832,-0.0191028992708887
0.831875,0.787698236194653,-0.0191028992708887
0.832,0.787696574071861,-0.0188811704724061
0.832125,0.78769486205071,-0.0188811704724061
0.83225,0.787693100203445,-0.0188811704724061
0.832375,0.787691288603211,-0.0188811704724061
0.8325,0.787689427323968,-0.0188811704724061
0.832625,0.787687516440463,-0.0188811704724061
0.83275,0.787685556028205,-0.0188811704724061
0.832875,0.787683546163441,-0.0188811704724061
0.833,0.787681486923124,-0.0186584487132769
0.833125,0.787679378384973,-0.0186584487132769
0.83325,0.787677220627813,-0.0186584487132769
0.833375,0.787675013731472,-0.0186584487132769
0.8335,0.787672757776692,-0.0186584487132769
0.833625,0.787670452845103,-0.0186584487132769
0.83375,0.787668099019186,-0.0186584487132769
0.833875,0.78766569638225,-0.0186584487132769
0.834,0.787663245018391,-0.0184350736374673
0.834125,0.787660745012557,-0.0184350736374673
0.83425,0.78765819645087,-0.0184350736374673
0.834375,0.787655599420533,-0.0184350736374673
0.8345,0.787652954009729,-0.0184350736374673
0.834625,0.787650260307586,-0.0184350736374673
0.83475,0.787647518404149,-0.0184350736374673
0.834875,0.787644728390337,-0.0184350736374673
0.835,0.78764189035791,-0.0182114244952843
0.835125,0.78763900439952,-0.0182114244952843
0.83525,0.787636070609038,-0.0182114244952843
0.835375,0.787633089081444,-0.0182114244952843
0.8355,0.787630059912734,-0.0182114244952843
0.835625,0.787626983199875,-0.0182114244952843
0.83575,0.787623859040768,-0.0182114244952843
0.835875,0.787620687534208,-0.0182114244952843
0.836,0.787617468779842,-0.0180301827661325
0.836125,0.787614202878199,-0.0180301827661325
0.83625,0.787610889930942,-0.0180301827661325
0.836375,0.787607530040774,-0.0180301827661325
0.8365,0.787604123311341,-0.0180301827661325
0.836625,0.787600669847191,-0.0180301827661325
0.83675,0.787597169753729,-0.0180301827661325
0.836875,0.787593623137172,-0.0180301827661325
0.837,0.787590030104508,-0.0178075693367924
0.837125,0.787586390763529,-0.0178075693367924
0.83725,0.787582705223158,-0.0178075693367924
0.837375,0.787578973593326,-0.0178075693367924
0.8375,0.787575195984867,-0.0178075693367924
0.837625,0.787571372509472,-0.0178075693367924
0.83775,0.787567503279638,-0.0178075693367924
0.837875,0.787563588408621,-0.0178075693367924
0.838,0.787559628010386,-0.0175860224166114
0.838125,0.787555622199644,-0.0175860224166114
0.83825,0.787551571092165,-0.0175860224166114
0.838375,0.787547474804657,-0.0175860224166114
0.8385,0.787543333454655,-0.0175860224166114
0.838625,0.787539147160469,-0.0175860224166114
0.83875,0.787534916041135,-0.0175860224166114
0.838875,0.787530640216358,-0.0175860224166114
0.839,0.787526319806463,-0.0173659768052888
0.839125,0.787521954932426,-0.0173659768052888
0.83925,0.787517545716181,-0.0173659768052888
0.839375,0.787513092280494,-0.0173659768052888
0.8395,0.787508594748851,-0.0173659768052888
0.839625,0.787504053245407,-0.0173659768052888
0.83975,0.787499467894923,-0.0173659768052888
0.839875,0.787494838822717,-0.0173659768052888
0.84,0.787490166154603,-0.0171478479359326
0.840125,0.787485450016925,-0.0171478479359326
0.84025,0.787480690536852,-0.0171478479359326
0.840375,0.787475887842253,-0.0171478479359326
0.8405,0.787471042061587,-0.0171478479359326
0.840625,0.787466153323836,-0.0171478479359326
0.84075,0.787461221758454,-0.0171478479359326
0.840875,0.787456247495306,-0.0171478479359326
0.841,0.787451230664611,-0.0164047738687229
0.841125,0.787446171397168,-0.0164047738687229
0.84125,0.787441069825514,-0.0164047738687229
0.841375,0.787435926083628,-0.0164047738687229
0.8415,0.787430740306671,-0.0164047738687229
0.841625,0.787425512630922,-0.0164047738687229
0.84175,0.787420243193713,-0.0164047738687229
0.841875,0.787414932133366,-0.0164047738687229
0.842,0.787409579589129,-0.0161882059088552
0.842125,0.787404185701193,-0.0161882059088552
0.84225,0.787398750610978,-0.0161882059088552
0.842375,0.787393274461004,-0.0161882059088552
0.8425,0.787387757394759,-0.0161882059088552
0.842625,0.787382199556637,-0.0161882059088552
0.84275,0.787376601091865,-0.0161882059088552
0.842875,0.787370962146439,-0.0161882059088552
0.843,0.78736528286705,-0.0159746754939571
0.843125,0.7873595634011,-0.0159746754939571
0.84325,0.787353803896983,-0.0159746754939571
0.843375,0.787348004503943,-0.0159746754939571
0.8435,0.78734216537195,-0.0159746754939571
0.843625,0.787336286651628,-0.0159746754939571
0.84375,0.787330368494181,-0.0159746754939571
0.843875,0.787324411051324,-0.0159746754939571
0.844,0.78731841447521,-0.0157646956425325
0.844125,0.787312378918439,-0.0157646956425325
0.84425,0.787306304534328,-0.0157646956425325
0.844375,0.787300191476775,-0.0157646956425325
0.8445,0.787294039900126,-0.0157646956425325
0.844625,0.787287849959105,-0.0157646956425325
0.84475,0.787281621808738,-0.0157646956425325
0.844875,0.78727535560428,-0.0157646956425325
0.845,0.787269051501141,-0.0155587033789983
0.845125,0.787262709654894,-0.0155587033789983
0.84525,0.787256330221536,-0.0155587033789983
0.845375,0.787249913357348,-0.0155587033789983
0.8455,0.787243459218771,-0.0155587033789983
0.845625,0.787236967962324,-0.0155587033789983
0.84575,0.787230439744537,-0.0155587033789983
0.845875,0.787223874721873,-0.0155587033789983
0.846,0.787217273050653,-0.014293858765005
0.846125,0.787210634887474,-0.014293858765005
0.84625,0.7872039603912,-0.014293858765005
0.846375,0.787197249722488,-0.014293858765005
0.8465,0.787190503043368,-0.014293858765005
0.846625,0.787183720517165,-0.014293858765005
0.84675,0.787176902308415,-0.014293858765005
0.846875,0.787170048582786,-0.014293858765005
0.847,0.787163159506993,-0.0140898978116447
0.847125,0.787156235248795,-0.0140898978116447
0.84725,0.787149275977243,-0.0140898978116447
0.847375,0.787142281862534,-0.0140898978116447
0.8475,0.787135253075872,-0.0140898978116447
0.847625,0.787128189789378,-0.0140898978116447
0.84775,0.787121092176009,-0.0140898978116447
0.847875,0.787113960409468,-0.0140898978116447
0.848,0.787106794664121,-0.0138907953470377
0.848125,0.787099595114985,-0.0138907953470377
0.84825,0.787092361937965,-0.0138907953470377
0.848375,0.787085095309708,-0.0138907953470377
0.8485,0.787077795407456,-0.0138907953470377
0.848625,0.787070462408966,-0.0138907953470377
0.84875,0.78706309649241,-0.0138907953470377
0.848875,0.787055697836297,-0.0138907953470377
0.849,0.78704826661938,-0.0136971236628025
0.849125,0.787040803020639,-0.0136971236628025
0.84925,0.787033307219516,-0.0136971236628025
0.849375,0.787025779395759,-0.0136971236628025
0.8495,0.787018219729283,-0.0136971236628025
0.849625,0.787010628400082,-0.0136971236628025
0.84975,0.787003005588138,-0.0136971236628025
0.849875,0.786995351473333,-0.0136971236628025
0.85,0.786987666235361,-0.013509326523396
0.850125,0.786979950053708,-0.013509326523396
0.85025,0.786972203107876,-0.013509326523396
0.850375,0.786964425577231,-0.013509326523396
0.8505,0.78695661764087,-0.013509326523396
0.850625,0.786948779477524,-0.013509326523396
0.85075,0.786940911265478,-0.013509326523396
0.850875,0.786933013182481,-0.013509326523396
0.851,0.786925085405658,-0.0117782635211731
0.851125,0.786917128112091,-0.0117782635211731
0.85125,0.786909141481566,-0.0117782635211731
0.851375,0.786901125695933,-0.0117782635211731
0.8515,0.786893080938548,-0.0117782635211731
0.851625,0.786885007394186,-0.0117782635211731
0.85175,0.786876905248936,-0.0117782635211731
0.851875,0.786868774690107,-0.0117782635211731
0.852,0.786860615906134,-0.0115928971625652
0.852125,0.786852429086547,-0.0115928971625652
0.85225,0.78684421442218,-0.0115928971625652
0.852375,0.786835972105011,-0.0115928971625652
0.8525,0.786827702328014,-0.0115928971625652
0.852625,0.786819405285058,-0.0115928971625652
0.85275,0.786811081170808,-0.0115928971625652
0.852875,0.786802730180622,-0.0115928971625652
0.853,0.786794352510452,-0.0114140051307373
0.853125,0.786785948356812,-0.0114140051307373
0.85325,0.786777517916969,-0.0114140051307373
0.853375,0.786769061388782,-0.0114140051307373
0.8535,0.786760578970559,-0.0114140051307373
0.853625,0.786752070860945,-0.0114140051307373
0.85375,0.786743537258829,-0.0114140051307373
0.853875,0.786734978363236,-0.0114140051307373
0.854,0.786726394373229,-0.0112421987430525
0.854125,0.786717785487869,-0.0112421987430525
0.85425,0.786709151906396,-0.0112421987430525
0.854375,0.786700493828074,-0.0112421987430525
0.8545,0.786691811452042,-0.0112421987430525
0.854625,0.786683104977213,-0.0112421987430525
0.85475,0.78667437460217,-0.0112421987430525
0.854875,0.786665620525069,-0.0112421987430525
0.855,0.786656842943533,-0.0110779139133105
0.855125,0.786648042054619,-0.0110779139133105
0.85525,0.786639218054987,-0.0110779139133105
0.855375,0.786630371140746,-0.0110779139133105
0.8555,0.786621501507312,-0.0110779139133105
0.855625,0.786612609349309,-0.0110779139133105
0.85575,0.78660369486047,-0.0110779139133105
0.855875,0.786594758233542,-0.0110779139133105
0.856,0.786585799660185,-0.00894960795443291
0.856125,0.7865768193317,-0.00894960795443291
0.85625,0.786567817442415,-0.00894960795443291
0.856375,0.786558794188904,-0.00894960795443291
0.8565,0.786549749769323,-0.00894960795443291
0.856625,0.786540684383299,-0.00894960795443291
0.85675,0.786531598231826,-0.00894960795443291
0.856875,0.786522491517153,-0.00894960795443291
0.857,0.786513364442678,-0.00878807048466144
0.857125,0.786504217212903,-0.00878807048466144
0.85725,0.786495050033585,-0.00878807048466144
0.857375,0.786485863111579,-0.00878807048466144
0.8575,0.786476656654682,-0.00878807048466144
0.857625,0.786467430871523,-0.00878807048466144
0.85775,0.786458185971452,-0.00878807048466144
0.857875,0.786448922164427,-0.00878807048466144
0.858,0.786439639660903,-0.00863437143198686
0.858125,0.786430338671781,-0.00863437143198686
0.85825,0.786421019408547,-0.00863437143198686
0.858375,0.786411682083109,-0.00863437143198686
0.8585,0.786402326907649,-0.00863437143198686
0.858625,0.786392954094505,-0.00863437143198686
0.85875,0.786383563856062,-0.00863437143198686
0.858875,0.786374156404639,-0.00863437143198686
0.859,0.786364731952377,-0.00848914023520075
0.859125,0.786355290711186,-0.00848914023520075
0.85925,0.786345832892866,-0.00848914023520075
0.859375,0.786336358708956,-0.00848914023520075
0.8595,0.786326868370581,-0.00848914023520075
0.859625,0.786317362088341,-0.00848914023520075
0.85975,0.786307840072202,-0.00848914023520075
0.859875,0.786298302531386,-0.00848914023520075
0.86,0.786288749674264,-0.00835279105753256
0.860125,0.786279181708297,-0.00835279105753256
0.86025,0.786269598840154,-0.00835279105753256
0.860375,0.786260001275558,-0.00835279105753256
0.8605,0.78625038921915,-0.00835279105753256
0.860625,0.786240762874375,-0.00835279105753256
0.86075,0.786231122443382,-0.00835279105753256
0.860875,0.78622146812692,-0.00835279105753256
0.861,0.786211800124231,-0.00590728128488769
0.861125,0.786202118633895,-0.00590728128488769
0.86125,0.786192423857725,-0.00590728128488769
0.861375,0.78618271599989,-0.00590728128488769
0.8615,0.786172995266145,-0.00590728128488769
0.861625,0.786163261863725,-0.00590728128488769
0.86175,0.786153516001225,-0.00590728128488769
0.861875,0.786143757888487,-0.00590728128488769
0.862,0.786133987736484,-0.00577390601795616
0.862125,0.786124205757259,-0.00577390601795616
0.86225,0.78611441216402,-0.00577390601795616
0.862375,0.78610460717099,-0.00577390601795616
0.8625,0.786094790993244,-0.00577390601795616
0.862625,0.7860849638466,-0.00577390601795616
0.86275,0.786075125947497,-0.00577390601795616
0.862875,0.786065277512876,-0.00577390601795616
0.863,0.786055418760065,-0.005649444405961
0.863125,0.786045549906707,-0.005649444405961
0.86325,0.786035671170845,-0.005649444405961
0.863375,0.786025782770765,-0.005649444405961
0.8635,0.786015884924847,-0.005649444405961
0.863625,0.786005977851442,-0.005649444405961
0.86375,0.785996061768758,-0.005649444405961
0.863875,0.78598613689474,-0.005649444405961
0.864,0.785976203446953,-0.00553452305371888
0.864125,0.785966261642511,-0.00553452305371888
0.86425,0.785956311698147,-0.00553452305371888
0.864375,0.785946353830059,-0.00553452305371888
0.8645,0.785936388253769,-0.00553452305371888
0.864625,0.785926415184,-0.00553452305371888
0.86475,0.785916434834567,-0.00553452305371888
0.864875,0.785906447418263,-0.00553452305371888
0.865,0.785896453146741,-0.00542952152688275
0.865125,0.785886452230447,-0.00542952152688275
0.86525,0.785876444878679,-0.00542952152688275
0.865375,0.785866431299442,-0.00542952152688275
0.8655,0.785856411699309,-0.00542952152688275
0.865625,0.785846386283317,-0.00542952152688275
0.86575,0.785836355254852,-0.00542952152688275
0.865875,0.785826318815549,-0.00542952152688275
0.866,0.785816277165179,-0.00275516009103279
0.866125,0.785806230502583,-0.00275516009103279
0.86625,0.785796179029938,-0.00275516009103279
0.866375,0.785786122951801,-0.00275516009103279
0.8665,0.785776062474283,-0.00275516009103279
0.866625,0.785765997804932,-0.00275516009103279
0.86675,0.785755929152616,-0.00275516009103279
0.866875,0.785745856727402,-0.00275516009103279
0.867,0.785735780740444,-0.00265326569023508
0.867125,0.785725701403896,-0.00265326569023508
0.86725,0.785715618930966,-0.00265326569023508
0.867375,0.78570553353576,-0.00265326569023508
0.8675,0.785695445433137,-0.00265326569023508
0.867625,0.785685354838588,-0.00265326569023508
0.86775,0.785675261968115,-0.00265326569023508
0.867875,0.785665167038111,-0.00265326569023508
0.868,0.785655070265242,-0.0025610444616449
0.868125,0.785644971866357,-0.0025610444616449
0.86825,0.785634872058523,-0.0025610444616449
0.868375,0.785624771058874,-0.0025610444616449
0.8685,0.785614669084466,-0.0025610444616449
0.868625,0.785604566352157,-0.0025610444616449
0.86875,0.785594463078487,-0.0025610444616449
0.868875,0.785584359479561,-0.0025610444616449
0.869,0.785574255770928,-0.00247909979023263
0.869125,0.785564152167492,-0.00247909979023263
0.86925,0.785554048883535,-0.00247909979023263
0.869375,0.785543946132567,-0.00247909979023263
0.8695,0.785533844127192,-0.00247909979023263
0.869625,0.785523743078989,-0.00247909979023263
0.86975,0.785513643198399,-0.00247909979023263
0.869875,0.785503544694608,-0.00247909979023263
0.87,0.785493447775437,-0.00240776519134631
0.870125,0.785483352647252,-0.00240776519134631
0.87025,0.785473259514975,-0.00240776519134631
0.870375,0.785463168581946,-0.00240776519134631
0.8705,0.785453080049797,-0.00240776519134631
0.870625,0.785442994118343,-0.00240776519134631
0.87075,0.785432910985472,-0.00240776519134631
0.870875,0.785422830847044,-0.00240776519134631
0.871,0.785412753896781,0.000401913680634946
0.871125,0.785402680327252,0.000401913680634946
0.87125,0.785392610334363,0.000401913680634946
0.871375,0.785382544116357,0.000401913680634946
0.8715,0.785372481872957,0.000401913680634946
0.871625,0.785362423805245,0.000401913680634946
0.87175,0.785352370115549,0.000401913680634946
0.871875,0.785342321007324,0.000401913680634946
0.872,0.785332276685036,0.000470102302446196
0.872125,0.785322237354068,0.000470102302446196
0.87225,0.785312203220719,0.000470102302446196
0.872375,0.785302174492056,0.000470102302446196
0.8725,0.785292151375784,0.000470102302446196
0.872625,0.785282134080124,0.000470102302446196
0.87275,0.785272122813696,0.000470102302446196
0.872875,0.785262117785395,0.000470102302446196
0.873,0.78525211920428,0.000528190156559596
0.873125,0.785242127279471,0.000528190156559596
0.87325,0.785232142220129,0.000528190156559596
0.873375,0.785222164235316,0.000528190156559596
0.8735,0.785212193533867,0.000528190156559596
0.873625,0.785202230324265,0.000528190156559596
0.87375,0.785192274814528,0.000528190156559596
0.873875,0.785182327212092,0.000528190156559596
0.874,0.785172387723692,0.000575616237326564
0.874125,0.785162456555267,0.000575616237326564
0.87425,0.78515253391192,0.000575616237326564
0.874375,0.78514261999779,0.000575616237326564
0.8745,0.785132715015924,0.000575616237326564
0.874625,0.785122819168167,0.000575616237326564
0.87475,0.785112932655045,0.000575616237326564
0.874875,0.785103055675659,0.000575616237326564
0.875,0.785093188427569,0.000612102794564822
0.875125,0.785083331106703,0.000612102794564822
0.87525,0.785073483907307,0.000612102794564822
0.875375,0.785063647021829,0.000612102794564822
0.8755,0.785053820640796,0.000612102794564822
0.875625,0.78504400495272,0.000612102794564822
0.87575,0.785034200143984,0.000612102794564822
0.875875,0.785024406398748,0.000612102794564822
0.876,0.785014623898845,0.00346171690273456
0.876125,0.785004852824781,0.00346171690273456
0.87625,0.784995093360297,0.00346171690273456
0.876375,0.784985345691365,0.00346171690273456
0.8765,0.784975610005316,0.00346171690273456
0.876625,0.784965886490733,0.00346171690273456
0.87675,0.784956175337334,0.00346171690273456
0.876875,0.784946476735862,0.00346171690273456
0.877,0.784936790877974,0.00349511251862022
0.877125,0.784927117956136,0.00349511251862022
0.87725,0.784917458163569,0.00349511251862022
0.877375,0.784907811694121,0.00349511251862022
0.8775,0.784898178742149,0.00349511251862022
0.877625,0.7848885595024,0.00349511251862022
0.87775,0.784878954169898,0.00349511251862022
0.877875,0.784869362939836,0.00349511251862022
0.878,0.784859786007453,0.00351831695018426
0.878125,0.784850223567937,0.00351831695018426
0.87825,0.784840675816345,0.00351831695018426
0.878375,0.784831142947487,0.00351831695018426
0.8785,0.784821625155803,0.00351831695018426
0.878625,0.784812122635253,0.00351831695018426
0.87875,0.784802635579203,0.00351831695018426
0.878875,0.784793164180317,0.00351831695018426
0.879,0.784783708630443,0.00353082885148016
0.879125,0.784774269120513,0.00353082885148016
0.87925,0.784764845840445,0.00353082885148016
0.879375,0.784755438979042,0.00353082885148016
0.8795,0.78474604872387,0.00353082885148016
0.879625,0.784736675261158,0.00353082885148016
0.87975,0.784727318775692,0.00353082885148016
0.879875,0.784717979450706,0.00353082885148016
0.88,0.784708657467782,0.00353243389405012
0.880125,0.784699353006745,0.00353243389405012
0.88025,0.784690066245566,0.00353243389405012
0.880375,0.784680797360262,0.00353243389405012
0.8805,0.784671546524793,0.00353243389405012
0.880625,0.784662313910968,0.00353243389405012
0.88075,0.784653099688345,0.00353243389405012
0.880875,0.784643904024141,0.00353243389405012
0.881,0.784634727083133,0.00632802484444958
0.881125,0.784625569028649,0.00632802484444958
0.88125,0.784616430027045,0.00632802484444958
0.881375,0.784607310246727,0.00632802484444958
0.8815,0.784598209857303,0.00632802484444958
0.881625,0.784589129029477,0.00632802484444958
0.88175,0.784580067934948,0.00632802484444958
0.881875,0.784571026746304,0.00632802484444958
0.882,0.784562005636916,0.00632668536911674
0.882125,0.784553004780834,0.00632668536911674
0.88225,0.784544024352678,0.00632668536911674
0.882375,0.784535064527535,0.00632668536911674
0.8825,0.784526125480851,0.00632668536911674
0.882625,0.784517207388328,0.00632668536911674
0.88275,0.784508310425815,0.00632668536911674
0.882875,0.784499434769209,0.00632668536911674
0.883,0.784490580594342,0.00631539571428114
0.883125,0.784481748076878,0.00631539571428114
0.88325,0.784472937392187,0.00631539571428114
0.883375,0.784464148715243,0.00631539571428114
0.8835,0.784455382220528,0.00631539571428114
0.883625,0.784446638081923,0.00631539571428114
0.88375,0.784437916472608,0.00631539571428114
0.883875,0.784429217564961,0.00631539571428114
0.884,0.784420541530453,0.00629372902532902
0.884125,0.784411888539543,0.00629372902532902
0.88425,0.784403258761537,0.00629372902532902
0.884375,0.784394652364501,0.00629372902532902
0.8845,0.784386069515166,0.00629372902532902
0.884625,0.78437751037883,0.00629372902532902
0.88475,0.78436897511926,0.00629372902532902
0.884875,0.784360463898603,0.00629372902532902
0.885,0.784351976877284,0.00626153975207284
0.885125,0.784343514213907,0.00626153975207284
0.88525,0.784335076065103,0.00626153975207284
0.885375,0.784326662585457,0.00626153975207284
0.8855,0.784318273927422,0.00626153975207284
0.885625,0.784309910241236,0.00626153975207284
0.88575,0.784301571674828,0.00626153975207284
0.885875,0.78429325837374,0.00626153975207284
0.886,0.784284970481041,0.00891356818999832
0.886125,0.784276708138266,0.00891356818999832
0.88625,0.784268471489675,0.00891356818999832
0.886375,0.784260260681325,0.00891356818999832
0.8865,0.784252075860273,0.00891356818999832
0.886625,0.784243917174481,0.00891356818999832
0.88675,0.784235784772727,0.00891356818999832
0.886875,0.784227678804507,0.00891356818999832
0.887,0.784219599419942,0.00887866652086621
0.887125,0.784211546769672,0.00887866652086621
0.88725,0.784203521004703,0.00887866652086621
0.887375,0.784195522276324,0.00887866652086621
0.8875,0.784187550736023,0.00887866652086621
0.887625,0.784179606535394,0.00887866652086621
0.88775,0.784171689826037,0.00887866652086621
0.887875,0.784163800759474,0.00887866652086621
0.888,0.784155939487048,0.00883437062487364
0.888125,0.784148106159814,0.00883437062487364
0.88825,0.784140300928375,0.00883437062487364
0.888375,0.784132523942806,0.00883437062487364
0.8885,0.784124775352566,0.00883437062487364
0.888625,0.784117055306417,0.00883437062487364
0.88875,0.784109363952325,0.00883437062487364
0.888875,0.784101701437374,0.00883437062487364
0.889,0.784094067907674,0.008780340099162
0.889125,0.784086463508255,0.008780340099162
0.88925,0.784078888382886,0.008780340099162
0.889375,0.784071342674011,0.008780340099162
0.8895,0.78406382652267,0.008780340099162
0.889625,0.784056340068421,0.008780340099162
0.88975,0.784048883449251,0.008780340099162
0.889875,0.784041456801494,0.008780340099162
0.89,0.784034060259752,0.00871650110925606
0.890125,0.784026693956785,0.00871650110925606
0.89025,0.78401935802333,0.00871650110925606
0.890375,0.784012052588042,0.00871650110925606
0.8905,0.784004777777434,0.00871650110925606
0.890625,0.783997533715803,0.00871650110925606
0.89075,0.783990320525151,0.00871650110925606
0.890875,0.783983138325118,0.00871650110925606
0.891,0.78397598723291,0.0111424904561075
0.891125,0.783968867364159,0.0111424904561075
0.89125,0.78396177883683,0.0111424904561075
0.891375,0.783954721770375,0.0111424904561075
0.8915,0.783947696285007,0.0111424904561075
0.891625,0.783940702501624,0.0111424904561075
0.89175,0.783933740541727,0.0111424904561075
0.891875,0.783926810527343,0.0111424904561075
0.892,0.783919912580941,0.0110762473445461
0.892125,0.783913046825327,0.0110762473445461
0.89225,0.783906213383458,0.0110762473445461
0.892375,0.783899412378381,0.0110762473445461
0.8925,0.78389264393317,0.0110762473445461
0.892625,0.783885908170848,0.0110762473445461
0.89275,0.783879205214306,0.0110762473445461
0.892875,0.783872535186225,0.0110762473445461
0.893,0.783865898208996,0.0110014545037576
0.893125,0.783859294404613,0.0110014545037576
0.89325,0.783852723894472,0.0110014545037576
0.893375,0.783846186799318,0.0110014545037576
0.8935,0.783839683239186,0.0110014545037576
0.893625,0.783833213333325,0.0110014545037576
0.89375,0.783826777200124,0.0110014545037576
0.893875,0.783820374957034,0.0110014545037576
0.894,0.783814006720496,0.010917866807639
0.894125,0.78380767260583,0.010917866807639
0.89425,0.783801372727032,0.010917866807639
0.894375,0.783795107196724,0.010917866807639
0.8945,0.783788876126105,0.010917866807639
0.894625,0.783782679624883,0.010917866807639
0.89475,0.783776517801204,0.010917866807639
0.894875,0.783770390761584,0.010917866807639
0.895,0.783764298610843,0.0108254826611376
0.895125,0.783758241452002,0.0108254826611376
0.89525,0.783752219386069,0.0108254826611376
0.895375,0.783746232512002,0.0108254826611376
0.8955,0.783740280926672,0.0108254826611376
0.895625,0.783734364724805,0.0108254826611376
0.89575,0.783728483998919,0.0108254826611376
0.895875,0.783722638839266,0.0108254826611376
0.896,0.78371682933378,0.0129523503351832
0.896125,0.783711055568835,0.0129523503351832
0.89625,0.783705317632674,0.0129523503351832
0.896375,0.783699615614675,0.0129523503351832
0.8965,0.783693949604722,0.0129523503351832
0.896625,0.783688319693143,0.0129523503351832
0.89675,0.783682725970644,0.0129523503351832
0.896875,0.783677168528247,0.0129523503351832
0.897,0.783671647457224,0.012857933630926
0.897125,0.783666162849001,0.012857933630926
0.89725,0.783660714794934,0.012857933630926
0.897375,0.783655303386278,0.012857933630926
0.8975,0.783649928714152,0.012857933630926
0.897625,0.783644590869468,0.012857933630926
0.89775,0.783639289942879,0.012857933630926
0.897875,0.783634026024706,0.012857933630926
0.898,0.783628799204883,0.0127560651520173
0.898125,0.783623609572853,0.0127560651520173
0.89825,0.783618457217339,0.0127560651520173
0.898375,0.78361334222632,0.0127560651520173
0.8985,0.783608264686992,0.0127560651520173
0.898625,0.783603224685712,0.0127560651520173
0.89875,0.783598222307941,0.0127560651520173
0.898875,0.78359325763818,0.0127560651520173
0.899,0.783588330759918,0.0126466005954249
0.899125,0.783583441755529,0.0126466005954249
0.89925,0.783578590706042,0.0126466005954249
0.899375,0.783573777691111,0.0126466005954249
0.8995,0.783569002789001,0.0126466005954249
0.899625,0.783564266076528,0.0126466005954249
0.89975,0.783559567629007,0.0126466005954249
0.899875,0.783554907520204,0.0126466005954249
0.9,0.783550285822283,0.0125296088089839
0.900125,0.783545702605711,0.0125296088089839
0.90025,0.783541157939023,0.0125296088089839
0.900375,0.783536651888803,0.0125296088089839
0.9005,0.783532184519681,0.0125296088089839
0.900625,0.783527755894278,0.0125296088089839
0.90075,0.78352336607317,0.0125296088089839
0.900875,0.783519015114842,0.0125296088089839
0.901,0.78351470307565,0.014295732790185
0.901125,0.78351043001046,0.014295732790185
0.90125,0.783506195975501,0.014295732790185
0.901375,0.783502001027761,0.014295732790185
0.9015,0.783497845224473,0.014295732790185
0.901625,0.783493728623069,0.014295732790185
0.90175,0.783489651281134,0.014295732790185
0.901875,0.78348561325636,0.014295732790185
0.902,0.783481614606499,0.0141771286092534
0.902125,0.783477655389275,0.0141771286092534
0.90225,0.783473735662139,0.0141771286092534
0.902375,0.783469855482266,0.0141771286092534
0.9025,0.783466014906537,0.0141771286092534
0.902625,0.7834622139915,0.0141771286092534
0.90275,0.783458452793321,0.0141771286092534
0.902875,0.783454731367742,0.0141771286092534
0.903,0.783451049770036,0.0140523818229494
0.903125,0.783447408054919,0.0140523818229494
0.90325,0.783443806276299,0.0140523818229494
0.903375,0.783440244487273,0.0140523818229494
0.9035,0.783436722740125,0.0140523818229494
0.903625,0.783433241086278,0.0140523818229494
0.90375,0.783429799576256,0.0140523818229494
0.903875,0.783426398259647,0.0140523818229494
0.904,0.783423037185059,0.013921451150635
0.904125,0.783419716400035,0.013921451150635
0.90425,0.7834164359508,0.013921451150635
0.904375,0.783413195882264,0.013921451150635
0.9045,0.783409996238024,0.013921451150635
0.904625,0.783406837060325,0.013921451150635
0.90475,0.783403718390031,0.013921451150635
0.904875,0.783400640266588,0.013921451150635
0.905,0.783397602727991,0.0137844719048353
0.905125,0.783394605810703,0.0137844719048353
0.90525,0.783391649549398,0.0137844719048353
0.905375,0.783388733976975,0.0137844719048353
0.9055,0.783385859124569,0.0137844719048353
0.905625,0.783383025021519,0.0137844719048353
0.90575,0.783380231695347,0.0137844719048353
0.905875,0.78337747917173,0.0137844719048353
0.906,0.783374767474478,0.0151414572388775
0.906125,0.783372096626033,0.0151414572388775
0.90625,0.78336946664967,0.0151414572388775
0.906375,0.783366877569037,0.0151414572388775
0.9065,0.783364329407772,0.0151414572388775
0.906625,0.783361822189474,0.0151414572388775
0.90675,0.783359355937676,0.0151414572388775
0.906875,0.783356930675818,0.0151414572388775
0.907,0.783354546427219,0.0150033193432278
0.907125,0.783352203214998,0.0150033193432278
0.90725,0.78334990106182,0.0150033193432278
0.907375,0.783347639989918,0.0150033193432278
0.9075,0.783345420021096,0.0150033193432278
0.907625,0.783343241176713,0.0150033193432278
0.90775,0.78334110347765,0.0150033193432278
0.907875,0.783339006944291,0.0150033193432278
0.908,0.783336951596495,0.0148605114539888
0.908125,0.78333493745352,0.0148605114539888
0.90825,0.783332964533761,0.0148605114539888
0.908375,0.78333103285478,0.0148605114539888
0.9085,0.783329142433313,0.0148605114539888
0.908625,0.783327293285257,0.0148605114539888
0.90875,0.783325485425642,0.0148605114539888
0.908875,0.783323718868615,0.0148605114539888
0.909,0.783321993627417,0.0147130941568156
0.909125,0.783320309714309,0.0147130941568156
0.90925,0.783318667140312,0.0147130941568156
0.909375,0.783317065915234,0.0147130941568156
0.9095,0.783315506047693,0.0147130941568156
0.909625,0.783313987545103,0.0147130941568156
0.90975,0.783312510413655,0.0147130941568156
0.909875,0.783311074658304,0.0147130941568156
0.91,0.783309680282757,0.0145612632347644
0.910125,0.783308327289398,0.0145612632347644
0.91025,0.783307015679028,0.0145612632347644
0.910375,0.783305745450902,0.0145612632347644
0.9105,0.78330451660276,0.0145612632347644
0.910625,0.783303329130818,0.0145612632347644
0.91075,0.783302183029756,0.0145612632347644
0.910875,0.783301078292714,0.0145612632347644
0.911,0.783300014911287,0.0154752832432329
0.911125,0.783298992875864,0.0154752832432329
0.91125,0.783298012177127,0.0154752832432329
0.911375,0.783297072805749,0.0154752832432329
0.9115,0.783296174752144,0.0154752832432329
0.911625,0.78329531800646,0.0154752832432329
0.91175,0.783294502558569,0.0154752832432329
0.911875,0.783293728398061,0.0154752832432329
0.912,0.783292995514233,0.0153227663466331
0.912125,0.783292303896026,0.0153227663466331
0.91225,0.783291653531766,0.0153227663466331
0.912375,0.783291044409207,0.0153227663466331
0.9125,0.783290476515563,0.0153227663466331
0.912625,0.783289949837505,0.0153227663466331
0.91275,0.783289464361153,0.0153227663466331
0.912875,0.783289020072074,0.0153227663466331
0.913,0.783288616955273,0.0151671638248161
0.913125,0.783288254995131,0.0151671638248161
0.91325,0.783287934175146,0.0151671638248161
0.913375,0.78328765447798,0.0151671638248161
0.9135,0.783287415885494,0.0151671638248161
0.913625,0.783287218378751,0.0151671638248161
0.91375,0.783287061938008,0.0151671638248161
0.913875,0.783286946542721,0.0151671638248161
0.914,0.783286872171542,0.015008633693918
0.914125,0.783286838802254,0.015008633693918
0.91425,0.783286846411517,0.015008633693918
0.914375,0.783286894974916,0.015008633693918
0.9145,0.783286984467008,0.015008633693918
0.914625,0.78328711486132,0.015008633693918
0.91475,0.783287286130357,0.015008633693918
0.914875,0.783287498245601,0.015008633693918
0.915,0.78328775117752,0.0148474244042996
0.915125,0.783288044895506,0.0148474244042996
0.91525,0.783288379367622,0.0148474244042996
0.915375,0.783288754560653,0.0148474244042996
0.9155,0.783289170440161,0.0148474244042996
0.915625,0.783289626970493,0.0148474244042996
0.91575,0.783290124114787,0.0148474244042996
0.915875,0.783290661834983,0.0148474244042996
0.916,0.783291240091833,0.0152999980997751
0.916125,0.783291858845086,0.0152999980997751
0.91625,0.783292518054241,0.0152999980997751
0.916375,0.783293217678412,0.0152999980997751
0.9165,0.783293957676218,0.0152999980997751
0.916625,0.783294738005796,0.0152999980997751
0.91675,0.783295558624807,0.0152999980997751
0.916875,0.783296419490452,0.0152999980997751
0.917,0.783297320559477,0.0151385799675415
0.917125,0.783298261788127,0.0151385799675415
0.91725,0.783299243131892,0.0151385799675415
0.917375,0.783300264545568,0.0151385799675415
0.9175,0.783301325983317,0.0151385799675415
0.917625,0.783302427398676,0.0151385799675415
0.91775,0.783303568744573,0.0151385799675415
0.917875,0.783304749973339,0.0151385799675415
0.918,0.783305971036726,0.0149757183631425
0.918125,0.783307231885852,0.0149757183631425
0.91825,0.783308532470956,0.0149757183631425
0.918375,0.783309872741463,0.0149757183631425
0.9185,0.78331125264604,0.0149757183631425
0.918625,0.783312672132618,0.0149757183631425
0.91875,0.783314131148406,0.0149757183631425
0.918875,0.783315629639908,0.0149757183631425
0.919,0.783317167552943,0.0148116612150338
0.919125,0.783318744832599,0.0148116612150338
0.91925,0.783320361422981,0.0148116612150338
0.919375,0.783322017267286,0.0148116612150338
0.9195,0.783323712307865,0.0148116612150338
0.919625,0.783325446486241,0.0148116612150338
0.91975,0.783327219743135,0.0148116612150338
0.919875,0.783329032018484,0.0148116612150338
0.92,0.783330883251463,0.0146467003023457
0.920125,0.783332773380444,0.0146467003023457
0.92025,0.783334702342749,0.0146467003023457
0.920375,0.783336670074728,0.0146467003023457
0.9205,0.78333867651182,0.0146467003023457
0.920625,0.783340721588586,0.0146467003023457
0.92075,0.783342805238729,0.0146467003023457
0.920875,0.783344927395121,0.0146467003023457
0.921,0.78334708798983,0.0146348458993151
0.921125,0.783349286954141,0.0146348458993151
0.92125,0.783351524218562,0.0146348458993151
0.921375,0.783353799712856,0.0146348458993151
0.9215,0.783356113366075,0.0146348458993151
0.921625,0.783358465106582,0.0146348458993151
0.92175,0.783360854862084,0.0146348458993151
0.921875,0.783363282559659,0.0146348458993151
0.922,0.783365748125783,0.014470142990523
0.922125,0.7833682514863,0.014470142990523
0.92225,0.783370792566178,0.014470142990523
0.922375,0.783373371289595,0.014470142990523
0.9225,0.783375987580009,0.014470142990523
0.922625,0.783378641360194,0.014470142990523
0.92275,0.78338133255227,0.014470142990523
0.922875,0.783384061077734,0.014470142990523
0.923,0.783386826857492,0.0143056419966747
0.923125,0.783389629811829,0.0143056419966747
0.92325,0.783392469860174,0.0143056419966747
0.923375,0.783395346921183,0.0143056419966747
0.9235,0.783398260912818,0.0143056419966747
0.923625,0.783401211752383,0.0143056419966747
0.92375,0.783404199356555,0.0143056419966747
0.923875,0.783407223641423,0.0143056419966747
0.924,0.783410284522521,0.014141670491354
0.924125,0.783413381914802,0.014141670491354
0.92425,0.783416515732404,0.014141670491354
0.924375,0.78341968588874,0.014141670491354
0.9245,0.783422892296578,0.014141670491354
0.924625,0.783426134868079,0.014141670491354
0.92475,0.783429413514832,0.014141670491354
0.924875,0.783432728147896,0.014141670491354
0.925,0.783436078677839,0.0139785530577084
0.925125,0.783439465014707,0.0139785530577084
0.92525,0.783442887067802,0.0139785530577084
0.925375,0.783446344745772,0.0139785530577084
0.9255,0.783449837956692,0.0139785530577084
0.925625,0.783453366608104,0.0139785530577084
0.92575,0.783456930607063,0.0139785530577084
0.925875,0.78346052986017,0.0139785530577084
0.926,0.783464164273616,0.0135143692349121
0.926125,0.783467833753047,0.0135143692349121
0.92625,0.783471538202841,0.0135143692349121
0.926375,0.7834752775263,0.0135143692349121
0.9265,0.783479051625816,0.0135143692349121
0.926625,0.783482860402919,0.0135143692349121
0.92675,0.783486703758318,0.0135143692349121
0.926875,0.783490581591946,0.0135143692349121
0.927,0.783494493803009,0.0133519514183368
0.927125,0.783498440289966,0.0133519514183368
0.92725,0.783502420950311,0.0133519514183368
0.927375,0.783506435680673,0.0133519514183368
0.9275,0.783510484376902,0.0133519514183368
0.927625,0.783514566934122,0.0133519514183368
0.92775,0.783518683246778,0.0133519514183368
0.927875,0.783522833208682,0.0133519514183368
0.928,0.783527016713066,0.0131913308084012
0.928125,0.783531233652564,0.0131913308084012
0.92825,0.783535483919005,0.0131913308084012
0.928375,0.783539767403509,0.0131913308084012
0.9285,0.783544083996582,0.0131913308084012
0.928625,0.783548433588167,0.0131913308084012
0.92875,0.783552816067695,0.0131913308084012
0.928875,0.783557231324135,0.0131913308084012
0.929,0.783561679246049,0.0130329020511886
0.929125,0.783566159721577,0.0130329020511886
0.92925,0.783570672638235,0.0130329020511886
0.929375,0.783575217883015,0.0130329020511886
0.9295,0.783579795342479,0.0130329020511886
0.929625,0.783584404902812,0.0130329020511886
0.92975,0.783589046449879,0.0130329020511886
0.929875,0.783593719869272,0.0130329020511886
0.93,0.783598425046369,0.0128770112252147
0.930125,0.783603161866321,0.0128770112252147
0.93025,0.783607930213856,0.0128770112252147
0.930375,0.783612729973379,0.0128770112252147
0.9305,0.783617561029067,0.0128770112252147
0.930625,0.783622423264926,0.0128770112252147
0.93075,0.783627316564841,0.0128770112252147
0.930875,0.783632240812633,0.0128770112252147
0.931,0.783637195892111,0.0119868041827053
0.931125,0.783642181686786,0.0119868041827053
0.93125,0.783647198078465,0.0119868041827053
0.931375,0.783652244947589,0.0119868041827053
0.9315,0.783657322173534,0.0119868041827053
0.931625,0.783662429634661,0.0119868041827053
0.93175,0.783667567208385,0.0119868041827053
0.931875,0.783672734771229,0.0119868041827053
0.932,0.783677932198884,0.011832015035204
0.932125,0.783683159366216,0.011832015035204
0.93225,0.783688416147066,0.011832015035204
0.932375,0.783693702414369,0.011832015035204
0.9325,0.78369901804025,0.011832015035204
0.932625,0.783704362896091,0.011832015035204
0.93275,0.783709736852596,0.011832015035204
0.932875,0.78371513977985,0.011832015035204
0.933,0.783720571547385,0.0116805179836431
0.933125,0.783726032024183,0.0116805179836431
0.93325,0.783731521078499,0.0116805179836431
0.933375,0.783737038577964,0.0116805179836431
0.9335,0.783742584389698,0.0116805179836431
0.933625,0.783748158380372,0.0116805179836431
0.93375,0.783753760416273,0.0116805179836431
0.933875,0.783759390363372,0.0116805179836431
0.934,0.783765048087386,0.011532760371129
0.934125,0.783770733453791,0.011532760371129
0.93425,0.78377644632764,0.011532760371129
0.934375,0.783782186573682,0.011532760371129
0.9345,0.783787954056464,0.011532760371129
0.934625,0.783793748640397,0.011532760371129
0.93475,0.783799570189827,0.011532760371129
0.934875,0.783805418569092,0.011532760371129
0.935,0.783811293642597,0.011389098093214
0.935125,0.783817195274822,0.011389098093214
0.93525,0.783823123330148,0.011389098093214
0.935375,0.783829077672975,0.011389098093214
0.9355,0.783835058167823,0.011389098093214
0.935625,0.783841064679398,0.011389098093214
0.93575,0.783847097072659,0.011389098093214
0.935875,0.78385315521288,0.011389098093214
0.936,0.783859238965719,0.0101121578960272
0.936125,0.783865348196789,0.0101121578960272
0.93625,0.783871482769635,0.0101121578960272
0.936375,0.783877642546202,0.0101121578960272
0.9365,0.78388382738725,0.0101121578960272
0.936625,0.783890037152427,0.0101121578960272
0.93675,0.783896271700332,0.0101121578960272
0.936875,0.783902530888601,0.0101121578960272
0.937,0.783908814573966,0.00996994732690858
0.937125,0.783915122612284,0.00996994732690858
0.93725,0.783921454858374,0.00996994732690858
0.937375,0.783927811166135,0.00996994732690858
0.9375,0.783934191388663,0.00996994732690858
0.937625,0.78394059537832,0.00996994732690858
0.93775,0.783947022986817,0.00996994732690858
0.937875,0.783953474065283,0.00996994732690858
0.938,0.783959948464346,0.00983237770371845
0.938125,0.783966446034155,0.00983237770371845
0.93825,0.783972966624228,0.00983237770371845
0.938375,0.783979510083576,0.00983237770371845
0.9385,0.783986076260816,0.00983237770371845
0.938625,0.783992665004245,0.00983237770371845
0.93875,0.783999276161923,0.00983237770371845
0.938875,0.784005909581744,0.00983237770371845
0.939,0.78401256511152,0.00969993340441756
0.939125,0.784019242598998,0.00969993340441756
0.93925,0.784025941891731,0.00969993340441756
0.939375,0.784032662837187,0.00969993340441756
0.9395,0.784039405282868,0.00969993340441756
0.939625,0.784046169076387,0.00969993340441756
0.93975,0.78405295406554,0.00969993340441756
0.939875,0.784059760098387,0.00969993340441756
0.94,0.784066587023329,0.00957296848398612
0.940125,0.784073434689132,0.00957296848398612
0.94025,0.784080302944798,0.00957296848398612
0.940375,0.784087191639677,0.00957296848398612
0.9405,0.784094100623581,0.00957296848398612
0.940625,0.784101029746857,0.00957296848398612
0.94075,0.784107978860462,0.00957296848398612
0.940875,0.784114947816035,0.00957296848398612
0.941,0.784121936465978,0.00796003352141349
0.941125,0.784128944662897,0.00796003352141349
0.94125,0.784135972257045,0.00796003352141349
0.941375,0.784143019096906,0.00796003352141349
0.9415,0.784150085029707,0.00796003352141349
0.941625,0.784157169901494,0.00796003352141349
0.94175,0.784164273557221,0.00796003352141349
0.941875,0.784171395840827,0.00796003352141349
0.942,0.78417853659532,0.0078348085603526
0.942125,0.784185695662814,0.0078348085603526
0.94225,0.784192872884405,0.0078348085603526
0.942375,0.784200068100296,0.0078348085603526
0.9425,0.784207281149914,0.0078348085603526
0.942625,0.784214511871996,0.0078348085603526
0.94275,0.784221760104674,0.0078348085603526
0.942875,0.784229025685559,0.0078348085603526
0.943,0.78423630845183,0.00771538775335007
0.943125,0.784243608240268,0.00771538775335007
0.94325,0.784250924887151,0.00771538775335007
0.943375,0.784258258228377,0.00771538775335007
0.9435,0.784265608099578,0.00771538775335007
0.943625,0.784272974336213,0.00771538775335007
0.94375,0.784280356773648,0.00771538775335007
0.943875,0.784287755247245,0.00771538775335007
0.944,0.784295169592448,0.00760227607689585
0.944125,0.784302599644824,0.00760227607689585
0.94425,0.784310045239964,0.00760227607689585
0.944375,0.784317506213602,0.00760227607689585
0.9445,0.784324982401738,0.00760227607689585
0.944625,0.784332473640712,0.00760227607689585
0.94475,0.784339979767299,0.00760227607689585
0.944875,0.784347500618787,0.00760227607689585
0.945,0.784355036033063,0.0074958144628881
0.945125,0.784362585848657,0.0074958144628881
0.94525,0.784370149904648,0.0074958144628881
0.945375,0.784377728040782,0.0074958144628881
0.9455,0.784385320097584,0.0074958144628881
0.945625,0.784392925916435,0.0074958144628881
0.94575,0.784400545339659,0.0074958144628881
0.945875,0.784408178210601,0.0074958144628881
0.946,0.784415824373707,0.00560721393553844
0.946125,0.784423483673872,0.00560721393553844
0.94625,0.784431155953434,0.00560721393553844
0.946375,0.784438841052853,0.00560721393553844
0.9465,0.784446538811301,0.00560721393553844
0.946625,0.784454249066748,0.00560721393553844
0.94675,0.784461971656055,0.00560721393553844
0.946875,0.784469706415059,0.00560721393553844
0.947,0.784477453178663,0.00550271188724459
0.947125,0.784485211780888,0.00550271188724459
0.94725,0.784492982054791,0.00550271188724459
0.947375,0.784500763832588,0.00550271188724459
0.9475,0.784508556945773,0.00550271188724459
0.947625,0.784516361225211,0.00550271188724459
0.94775,0.784524176501228,0.00550271188724459
0.947875,0.784532002603705,0.00550271188724459
0.948,0.784539839362167,0.00540495903340321
0.948125,0.784547686605838,0.00540495903340321
0.94825,0.784555544163575,0.00540495903340321
0.948375,0.784563411863989,0.00540495903340321
0.9485,0.784571289535563,0.00540495903340321
0.948625,0.784579177006745,0.00540495903340321
0.94875,0.78458707410604,0.00540495903340321
0.948875,0.784594980662102,0.00540495903340321
0.949,0.784602896503826,0.00531446425567843
0.949125,0.7846108214604,0.00531446425567843
0.94925,0.784618755361254,0.00531446425567843
0.949375,0.784626698036176,0.00531446425567843
0.9495,0.784634649315428,0.00531446425567843
0.949625,0.784642609029835,0.00531446425567843
0.94975,0.784650577010872,0.00531446425567843
0.949875,0.784658553090761,0.00531446425567843
0.95,0.78466653710255,0.00523154478280708
0.950125,0.784674528880178,0.00523154478280708
0.95025,0.784682528258418,0.00523154478280708
0.950375,0.784690535072996,0.00523154478280708
0.9505,0.784698549160698,0.00523154478280708
0.950625,0.784706570359454,0.00523154478280708
0.95075,0.784714598508424,0.00523154478280708
0.950875,0.78472263344808,0.00523154478280708
0.951,0.784730675020292,0.00313502116858557
0.951125,0.784738723067601,0.00313502116858557
0.95125,0.784746777429866,0.00313502116858557
0.951375,0.784754837945023,0.00313502116858557
0.9515,0.784762904449727,0.00313502116858557
0.951625,0.784770976779445,0.00313502116858557
0.95175,0.784779054768551,0.00313502116858557
0.951875,0.784787138250414,0.00313502116858557
0.952,0.784795227057498,0.00305420780742324
0.952125,0.784803321021416,0.00305420780742324
0.95225,0.784811419972898,0.00305420780742324
0.952375,0.784819523741908,0.00305420780742324
0.9525,0.784827632157762,0.00305420780742324
0.952625,0.78483574504922,0.00305420780742324
0.95275,0.784843862244582,0.00305420780742324
0.952875,0.784851983571786,0.00305420780742324
0.953,0.784860108858498,0.00298084582906741
0.953125,0.784868237932182,0.00298084582906741
0.95325,0.784876370620074,0.00298084582906741
0.953375,0.784884506749303,0.00298084582906741
0.9535,0.784892646146998,0.00298084582906741
0.953625,0.784900788640393,0.00298084582906741
0.95375,0.784908934056912,0.00298084582906741
0.953875,0.784917082224272,0.00298084582906741
0.954,0.784925232970569,0.0029154316024102
0.954125,0.784933386124354,0.0029154316024102
0.95425,0.784941541514611,0.0029154316024102
0.954375,0.784949698970879,0.0029154316024102
0.9545,0.784957858323357,0.0029154316024102
0.954625,0.784966019402994,0.0029154316024102
0.95475,0.784974182041588,0.0029154316024102
0.954875,0.784982346071869,0.0029154316024102
0.955,0.784990511327594,0.00285824908769282
0.955125,0.78499867764361,0.00285824908769282
0.95525,0.785006844855854,0.00285824908769282
0.955375,0.785015012801455,0.00285824908769282
0.9555,0.78502318131884,0.00285824908769282
0.955625,0.785031350247816,0.00285824908769282
0.95575,0.785039519429659,0.00285824908769282
0.955875,0.785047688707195,0.00285824908769282
0.956,0.785055857924889,0.000626526399265327
0.956125,0.785064026928059,0.000626526399265327
0.95625,0.785072195559315,0.000626526399265327
0.956375,0.785080363659346,0.000626526399265327
0.9565,0.78508853106761,0.000626526399265327
0.956625,0.785096697622425,0.000626526399265327
0.95675,0.785104863161057,0.000626526399265327
0.956875,0.785113027519824,0.000626526399265327
0.957,0.785121190534177,0.000571521026262825
0.957125,0.785129352038785,0.000571521026262825
0.95725,0.785137511867528,0.000571521026262825
0.957375,0.785145669853619,0.000571521026262825
0.9575,0.785153825829706,0.000571521026262825
0.957625,0.785161979627972,0.000571521026262825
0.95775,0.785170131080226,0.000571521026262825
0.957875,0.785178280018002,0.000571521026262825
0.958,0.785186426272652,0.000524410079274599
0.958125,0.785194569675423,0.000524410079274599
0.95825,0.785202710057476,0.000524410079274599
0.958375,0.785210847249993,0.000524410079274599
0.9585,0.78521898108429,0.000524410079274599
0.958625,0.785227111391904,0.000524410079274599
0.95875,0.785235238004692,0.000524410079274599
0.958875,0.785243360754925,0.000524410079274599
0.959,0.78525147947538,0.000485661810502132
0.959125,0.785259593999418,0.000485661810502132
0.95925,0.785267704161014,0.000485661810502132
0.959375,0.785275809794859,0.000485661810502132
0.9595,0.785283910736467,0.000485661810502132
0.959625,0.785292006822259,0.000485661810502132
0.95975,0.785300097889661,0.000485661810502132
0.959875,0.785308183777186,0.000485661810502132
0.96,0.785316264324528,0.000455518655522637
0.960125,0.785324339372635,0.000455518655522637
0.96025,0.78533240876375,0.000455518655522637
0.960375,0.785340472341504,0.000455518655522637
0.9605,0.785348529951012,0.000455518655522637
0.960625,0.785356581438953,0.000455518655522637
0.96075,0.785364626653659,0.000455518655522637
0.960875,0.785372665445192,0.000455518655522637
0.961,0.785380697665431,-0.00183625292823188
0.961125,0.785388723167262,-0.00183625292823188
0.96125,0.785396741800912,-0.00183625292823188
0.961375,0.785404753414761,-0.00183625292823188
0.9615,0.785412757856035,-0.00183625292823188
0.961625,0.785420754970904,-0.00183625292823188
0.96175,0.785428744604564,-0.00183625292823188
0.961875,0.785436726601336,-0.00183625292823188
0.962,0.785444700804752,-0.00186422400175102
0.962125,0.785452667057637,-0.00186422400175102
0.96225,0.785460625202157,-0.00186422400175102
0.962375,0.785468575079916,-0.00186422400175102
0.9625,0.785476516532059,-0.00186422400175102
0.962625,0.785484449399365,-0.00186422400175102
0.96275,0.785492373522335,-0.00186422400175102
0.962875,0.785500288741289,-0.00186422400175102
0.963,0.785508194896454,-0.00188412430514664
0.963125,0.785516091828052,-0.00188412430514664
0.96325,0.785523979376358,-0.00188412430514664
0.963375,0.785531857381797,-0.00188412430514664
0.9635,0.785539725685043,-0.00188412430514664
0.963625,0.785547584127108,-0.00188412430514664
0.96375,0.785555432549435,-0.00188412430514664
0.963875,0.785563270793986,-0.00188412430514664
0.964,0.785571098703335,-0.00189552798088872
0.964125,0.78557891612075,-0.00189552798088872
0.96425,0.785586722890265,-0.00189552798088872
0.964375,0.785594518856772,-0.00189552798088872
0.9645,0.785602303866113,-0.00189552798088872
0.964625,0.785610077765164,-0.00189552798088872
0.96475,0.785617840401921,-0.00189552798088872
0.964875,0.785625591625591,-0.00189552798088872
0.965,0.785633331286672,-0.00189824080964608
0.965125,0.785641059237035,-0.00189824080964608
0.96525,0.785648775330006,-0.00189824080964608
0.965375,0.785656479420446,-0.00189824080964608
0.9655,0.785664171364836,-0.00189824080964608
0.965625,0.785671851021352,-0.00189824080964608
0.96575,0.785679518249947,-0.00189824080964608
0.965875,0.785687172912429,-0.00189824080964608
0.966,0.785694814872536,-0.00417501614797939
0.966125,0.785702443995133,-0.00417501614797939
0.96625,0.785710060142565,-0.00417501614797939
0.966375,0.785717663175453,-0.00417501614797939
0.9665,0.78572525295339,-0.00417501614797939
0.966625,0.785732829335021,-0.00417501614797939
0.96675,0.78574039217813,-0.00417501614797939
0.966875,0.785747941339724,-0.00417501614797939
0.967,0.785755476676126,-0.00417563638009278
0.967125,0.785762998043052,-0.00417563638009278
0.96725,0.785770505295701,-0.00417563638009278
0.967375,0.785777998288843,-0.00417563638009278
0.9675,0.785785476876904,-0.00417563638009278
0.967625,0.78579294091405,-0.00417563638009278
0.96775,0.785800390254282,-0.00417563638009278
0.967875,0.785807824751512,-0.00417563638009278
0.968,0.785815244259657,-0.00416827491435252
0.968125,0.785822648632725,-0.00416827491435252
0.96825,0.785830037724917,-0.00416827491435252
0.968375,0.785837411390703,-0.00416827491435252
0.9685,0.785844769484912,-0.00416827491435252
0.968625,0.785852111862816,-0.00416827491435252
0.96875,0.785859438380214,-0.00416827491435252
0.968875,0.785866748893514,-0.00416827491435252
0.969,0.78587404325982,-0.00415256079519162
0.969125,0.785881321337021,-0.00415256079519162
0.96925,0.785888582983897,-0.00415256079519162
0.969375,0.7858958280602,-0.00415256079519162
0.9695,0.785903056426726,-0.00415256079519162
0.969625,0.785910267945399,-0.00415256079519162
0.96975,0.78591746247935,-0.00415256079519162
0.969875,0.785924639892995,-0.00415256079519162
0.97,0.785931800052113,-0.00412835295685142
0.970125,0.785938942823937,-0.00412835295685142
0.97025,0.78594606807726,-0.00412835295685142
0.970375,0.785953175682514,-0.00412835295685142
0.9705,0.785960265511827,-0.00412835295685142
0.970625,0.785967337439104,-0.00412835295685142
0.97075,0.785974391340094,-0.00412835295685142
0.970875,0.785981427092465,-0.00412835295685142
0.971,0.785988444575867,-0.00631758971901026
0.971125,0.785995443671161,-0.00631758971901026
0.97125,0.786002424256907,-0.00631758971901026
0.971375,0.786009386210122,-0.00631758971901026
0.9715,0.786016329406948,-0.00631758971901026
0.971625,0.786023253722722,-0.00631758971901026
0.97175,0.786030159032059,-0.00631758971901026
0.971875,0.786037045208926,-0.00631758971901026
0.972,0.786043912126724,-0.0062914388717535
0.972125,0.786050759658374,-0.0062914388717535
0.97225,0.786057587676438,-0.0062914388717535
0.972375,0.786064396053191,-0.0062914388717535
0.9725,0.786071184660691,-0.0062914388717535
0.972625,0.786077953370859,-0.0062914388717535
0.97275,0.786084702055556,-0.0062914388717535
0.972875,0.786091430586662,-0.0062914388717535
0.973,0.786098138836154,-0.00625765091601612
0.973125,0.786104826676195,-0.00625765091601612
0.97325,0.786111493979272,-0.00625765091601612
0.973375,0.786118140618256,-0.00625765091601612
0.9735,0.786124766466475,-0.00625765091601612
0.973625,0.786131371397787,-0.00625765091601612
0.97375,0.786137955286659,-0.00625765091601612
0.973875,0.78614451800824,-0.00625765091601612
0.974,0.786151059438438,-0.00621592018339535
0.974125,0.786157579454008,-0.00621592018339535
0.97425,0.786164077932695,-0.00621592018339535
0.974375,0.786170554753297,-0.00621592018339535
0.9745,0.786177009795721,-0.00621592018339535
0.974625,0.786183442941058,-0.00621592018339535
0.97475,0.786189854071652,-0.00621592018339535
0.974875,0.786196243071171,-0.00621592018339535
0.975,0.786202609824675,-0.00616616183610815
0.975125,0.786208954218703,-0.00616616183610815
0.97525,0.786215276141424,-0.00616616183610815
0.975375,0.786221575482683,-0.00616616183610815
0.9755,0.786227852134057,-0.00616616183610815
0.975625,0.786234105988915,-0.00616616183610815
0.97575,0.786240336942485,-0.00616616183610815
0.975875,0.786246544891911,-0.00616616183610815
0.976,0.786252729736315,-0.00820003533351742
0.976125,0.786258891376073,-0.00820003533351742
0.97625,0.786265029709545,-0.00820003533351742
0.976375,0.786271144633782,-0.00820003533351742
0.9765,0.786277236045134,-0.00820003533351742
0.976625,0.78628330383932,-0.00820003533351742
0.97675,0.786289347911488,-0.00820003533351742
0.976875,0.786295368156293,-0.00820003533351742
0.977,0.786301364467956,-0.00814854666220259
0.977125,0.786307336740359,-0.00814854666220259
0.97725,0.786313284867192,-0.00814854666220259
0.977375,0.786319208742008,-0.00814854666220259
0.9775,0.786325108258277,-0.00814854666220259
0.977625,0.786330983309451,-0.00814854666220259
0.97775,0.786336833789036,-0.00814854666220259
0.977875,0.786342659590656,-0.00814854666220259
0.978,0.786348460608122,-0.0080900030353424
0.978125,0.786354236735521,-0.0080900030353424
0.97825,0.786359987867379,-0.0080900030353424
0.978375,0.78636571389871,-0.0080900030353424
0.9785,0.786371414725063,-0.0080900030353424
0.978625,0.78637709024259,-0.0080900030353424
0.97875,0.78638274034811,-0.0080900030353424
0.978875,0.786388364939176,-0.0080900030353424
0.979,0.786393963914133,-0.00802417207863217
0.979125,0.786399537172214,-0.00802417207863217
0.97925,0.786405084613704,-0.00802417207863217
0.979375,0.786410606139984,-0.00802417207863217
0.9795,0.786416101653578,-0.00802417207863217
0.979625,0.786421571058206,-0.00802417207863217
0.97975,0.786427014258848,-0.00802417207863217
0.979875,0.786432431161802,-0.00802417207863217
0.98,0.786437821674744,-0.00795102636197296
0.980125,0.786443185706809,-0.00795102636197296
0.98025,0.786448523168768,-0.00795102636197296
0.980375,0.786453833973062,-0.00795102636197296
0.9805,0.786459118033835,-0.00795102636197296
0.980625,0.786464375266986,-0.00795102636197296
0.98075,0.78646960559022,-0.00795102636197296
0.980875,0.786474808923103,-0.00795102636197296
0.981,0.786479985187103,-0.00976844717179955
0.981125,0.786485134304948,-0.00976844717179955
0.98125,0.786490256197691,-0.00976844717179955
0.981375,0.786495350785343,-0.00976844717179955
0.9815,0.786500417987408,-0.00976844717179955
0.981625,0.786505457722941,-0.00976844717179955
0.98175,0.786510469910602,-0.00976844717179955
0.981875,0.786515454468712,-0.00976844717179955
0.982,0.786520411315308,-0.00969383773102008
0.982125,0.786525340368228,-0.00969383773102008
0.98225,0.786530241545292,-0.00969383773102008
0.982375,0.786535114764327,-0.00969383773102008
0.9825,0.786539959943211,-0.00969383773102008
0.982625,0.786544776999921,-0.00969383773102008
0.98275,0.786549565852592,-0.00969383773102008
0.982875,0.786554326419571,-0.00969383773102008
0.983,0.786559058619471,-0.00961296790169437
0.983125,0.786563762371256,-0.00961296790169437
0.98325,0.786568437594432,-0.00961296790169437
0.983375,0.786573084209067,-0.00961296790169437
0.9835,0.786577702135828,-0.00961296790169437
0.983625,0.786582291296035,-0.00961296790169437
0.98375,0.786586851611706,-0.00961296790169437
0.983875,0.786591383005616,-0.00961296790169437
0.984,0.786595885401343,-0.00952568405707956
0.984125,0.786600358723355,-0.00952568405707956
0.98425,0.786604802897201,-0.00952568405707956
0.984375,0.786609217849534,-0.00952568405707956
0.9845,0.786613603508134,-0.00952568405707956
0.984625,0.786617959801957,-0.00952568405707956
0.98475,0.786622286661181,-0.00952568405707956
0.984875,0.786626584017252,-0.00952568405707956
0.985,0.78663085180293,-0.00943201548806064
0.985125,0.786635089952367,-0.00943201548806064
0.98525,0.786639298401308,-0.00943201548806064
0.985375,0.786643477087098,-0.00943201548806064
0.9855,0.786647625948703,-0.00943201548806064
0.985625,0.786651744926748,-0.00943201548806064
0.98575,0.786655833963558,-0.00943201548806064
0.985875,0.786659893003192,-0.00943201548806064
0.986,0.786663921991485,-0.0109804262765601
0.986125,0.786667920875484,-0.0109804262765601
0.98625,0.786671889600954,-0.0109804262765601
0.986375,0.7866758281129,-0.0109804262765601
0.9865,0.786679736356029,-0.0109804262765601
0.986625,0.786683614274784,-0.0109804262765601
0.98675,0.786687461813394,-0.0109804262765601
0.986875,0.786691278915907,-0.0109804262765601
0.987,0.786695065526241,-0.0108856039412687
0.987125,0.786698821588255,-0.0108856039412687
0.98725,0.786702547045952,-0.0108856039412687
0.987375,0.786706241843487,-0.0108856039412687
0.9875,0.786709905925184,-0.0108856039412687
0.987625,0.786713539235578,-0.0108856039412687
0.98775,0.786717141719456,-0.0108856039412687
0.987875,0.786720713321895,-0.0108856039412687
0.988,0.786724253988307,-0.0107854969147866
0.988125,0.786727763664514,-0.0107854969147866
0.98825,0.786731242296952,-0.0107854969147866
0.988375,0.786734689832683,-0.0107854969147866
0.9885,0.7867381062194,-0.0107854969147866
0.988625,0.78674149140547,-0.0107854969147866
0.98875,0.786744845339973,-0.0107854969147866
0.988875,0.786748167972735,-0.0107854969147866
0.989,0.786751459254366,-0.0106800331112847
0.989125,0.786754719136341,-0.0106800331112847
0.98925,0.786757947571202,-0.0106800331112847
0.989375,0.786761144512566,-0.0106800331112847
0.9895,0.786764309915125,-0.0106800331112847
0.989625,0.786767443734684,-0.0106800331112847
0.98975,0.786770545928191,-0.0106800331112847
0.989875,0.786773616453771,-0.0106800331112847
0.99,0.786776655270755,-0.0105692960626816
0.990125,0.786779662339755,-0.0105692960626816
0.99025,0.786782637622875,-0.0105692960626816
0.990375,0.786785581083704,-0.0105692960626816
0.9905,0.786788492687313,-0.0105692960626816
0.990625,0.786791372400285,-0.0105692960626816
0.99075,0.786794220190736,-0.0105692960626816
0.990875,0.786797036028347,-0.0105692960626816
0.991,0.786799819884379,-0.0118061887488451
0.991125,0.786802571731229,-0.0118061887488451
0.99125,0.786805291540419,-0.0118061887488451
0.991375,0.786807979283022,-0.0118061887488451
0.9915,0.786810634930011,-0.0118061887488451
0.991625,0.786813258452291,-0.0118061887488451
0.99175,0.786815849820725,-0.0118061887488451
0.991875,0.78681840900616,-0.0118061887488451
0.992,0.786820935979457,-0.0116946400029392
0.992125,0.78682343071156,-0.0116946400029392
0.99225,0.786825893173704,-0.0116946400029392
0.992375,0.78682832333741,-0.0116946400029392
0.9925,0.786830721174479,-0.0116946400029392
0.992625,0.78683308665702,-0.0116946400029392
0.99275,0.786835419757472,-0.0116946400029392
0.992875,0.786837720448637,-0.0116946400029392
0.993,0.786839988703698,-0.0115789271548376
0.993125,0.786842224496294,-0.0115789271548376
0.99325,0.78684442780073,-0.0115789271548376
0.993375,0.786846598591967,-0.0115789271548376
0.9935,0.786848736845617,-0.0115789271548376
0.993625,0.78685084253796,-0.0115789271548376
0.99375,0.786852915645974,-0.0115789271548376
0.993875,0.786854956147351,-0.0115789271548376
0.994,0.786856964020524,-0.0114590597566694
0.994125,0.786858939244731,-0.0114590597566694
0.99425,0.786860881800234,-0.0114590597566694
0.994375,0.7868627916683,-0.0114590597566694
0.9945,0.78686466883119,-0.0114590597566694
0.994625,0.786866513272177,-0.0114590597566694
0.99475,0.786868324975562,-0.0114590597566694
0.994875,0.786870103926695,-0.0114590597566694
0.995,0.78687185011199,-0.0113351714227986
0.995125,0.786873563518988,-0.0113351714227986
0.99525,0.786875244136579,-0.0113351714227986
0.995375,0.786876891954972,-0.0113351714227986
0.9955,0.786878506965681,-0.0113351714227986
0.995625,0.786880089161533,-0.0113351714227986
0.99575,0.786881638536684,-0.0113351714227986
0.995875,0.786883155086629,-0.0113351714227986
0.996,0.78688463880821,-0.0122292430320765
0.996125,0.786886089699285,-0.0122292430320765
0.99625,0.786887507757274,-0.0122292430320765
0.996375,0.786888892979449,-0.0122292430320765
0.9965,0.78689024536319,-0.0122292430320765
0.996625,0.786891564905994,-0.0122292430320765
0.99675,0.786892851605487,-0.0122292430320765
0.996875,0.786894105459439,-0.0122292430320765
0.997,0.786895326465775,-0.0121049055660625
0.997125,0.786896514622634,-0.0121049055660625
0.99725,0.786897669928586,-0.0121049055660625
0.997375,0.786898792382605,-0.0121049055660625
0.9975,0.786899881984042,-0.0121049055660625
0.997625,0.786900938732642,-0.0121049055660625
0.99775,0.786901962628552,-0.0121049055660625
0.997875,0.78690295367233,-0.0121049055660625
0.998,0.786903911864956,-0.011977629539962
0.998125,0.786904837207892,-0.011977629539962
0.99825,0.786905729703299,-0.011977629539962
0.998375,0.786906589354004,-0.011977629539962
0.9985,0.786907416163477,-0.011977629539962
0.998625,0.786908210135837,-0.011977629539962
0.99875,0.786908971275861,-0.011977629539962
0.998875,0.786909699588987,-0.011977629539962
0.999,0.786910395081329,-0.0118475035927512
0.999125,0.786911057759723,-0.0118475035927512
0.99925,0.786911687631954,-0.0118475035927512
0.999375,0.786912284706718,-0.0118475035927512
0.9995,0.786912848993588,-0.0118475035927512
0.999625,0.786913380503022,-0.0118475035927512
0.99975,0.786913879246364,-0.0118475035927512
0.999875,0.78691434523585,-0.0118475035927512
1,0.786914778484605,-0.0117147057468185
1.000125,0.786915179006702,-0.0117147057468185
1.00025,0.786915546817376,-0.0117147057468185
1.000375,0.786915881932984,-0.0117147057468185
1.0005,0.78691618437097,-0.0117147057468185
1.000625,0.786916454149863,-0.0117147057468185
1.00075,0.786916691289275,-0.0117147057468185
1.000875,0.7869168958099,-0.0117147057468185
1.001,0.78691706773351,-0.0122465866741691
1.001125,0.786917207082746,-0.0122465866741691
1.00125,0.786917313880246,-0.0122465866741691
1.001375,0.786917388148808,-0.0122465866741691
1.0015,0.786917429911531,-0.0122465866741691
1.001625,0.786917439191812,-0.0122465866741691
1.00175,0.786917416013344,-0.0122465866741691
1.001875,0.786917360400112,-0.0122465866741691
1.002,0.786917272376391,-0.012113710816055
1.002125,0.786917151966795,-0.012113710816055
1.00225,0.78691699919649,-0.012113710816055
1.002375,0.78691681409115,-0.012113710816055
1.0025,0.786916596676913,-0.012113710816055
1.002625,0.786916346980383,-0.012113710816055
1.00275,0.78691606502862,-0.012113710816055
1.002875,0.786915750849139,-0.012113710816055
1.003,0.786915404469901,-0.0119791845847282
1.003125,0.786915025919361,-0.0119791845847282
1.00325,0.786914615226684,-0.0119791845847282
1.003375,0.786914172421692,-0.0119791845847282
1.0035,0.786913697534826,-0.0119791845847282
1.003625,0.786913190597135,-0.0119791845847282
1.00375,0.78691265164027,-0.0119791845847282
1.003875,0.786912080696477,-0.0119791845847282
1.004,0.786911477798584,-0.0118431706514512
1.004125,0.786910842980052,-0.0118431706514512
1.00425,0.786910176275184,-0.0118431706514512
1.004375,0.78690947771907,-0.0118431706514512
1.0045,0.786908747347547,-0.0118431706514512
1.004625,0.786907985197184,-0.0118431706514512
1.00475,0.78690719130527,-0.0118431706514512
1.004875,0.786906365709807,-0.0118431706514512
1.005,0.786905508449492,-0.0117058844735442
1.005125,0.786904619563765,-0.0117058844735442
1.00525,0.786903699093012,-0.0117058844735442
1.005375,0.786902747078518,-0.0117058844735442
1.0055,0.786901763562407,-0.0117058844735442
1.005625,0.786900748587636,-0.0117058844735442
1.00575,0.786899702197971,-0.0117058844735442
1.005875,0.78689862443798,-0.0117058844735442
1.006,0.786897515353013,-0.0118684201219324
1.006125,0.786896374989122,-0.0118684201219324
1.00625,0.78689520339278,-0.0118684201219324
1.006375,0.786894000610918,-0.0118684201219324
1.0065,0.786892766690948,-0.0118684201219324
1.006625,0.786891501680747,-0.0118684201219324
1.00675,0.786890205628643,-0.0118684201219324
1.006875,0.786888878583393,-0.0118684201219324
1.007,0.786887520594171,-0.0117314234052377
1.007125,0.786886131710598,-0.0117314234052377
1.00725,0.786884711982952,-0.0117314234052377
1.007375,0.786883261462104,-0.0117314234052377
1.0075,0.786881780199464,-0.0117314234052377
1.007625,0.786880268246962,-0.0117314234052377
1.00775,0.786878725657027,-0.0117314234052377
1.007875,0.786877152482567,-0.0117314234052377
1.008,0.786875548776951,-0.0115940838748011
1.008125,0.786873914594041,-0.0115940838748011
1.00825,0.786872249988395,-0.0115940838748011
1.008375,0.786870555015205,-0.0115940838748011
1.0085,0.786868829730235,-0.0115940838748011
1.008625,0.786867074189804,-0.0115940838748011
1.00875,0.786865288450759,-0.0115940838748011
1.008875,0.786863472570457,-0.0115940838748011
1.009,0.786861626606737,-0.0114566309148528
1.009125,0.786859750617956,-0.0114566309148528
1.00925,0.786857844663187,-0.0114566309148528
1.009375,0.786855908802153,-0.0114566309148528
1.0095,0.786853943095164,-0.0114566309148528
1.009625,0.786851947603097,-0.0114566309148528
1.00975,0.786849922387366,-0.0114566309148528
1.009875,0.786847867509899,-0.0114566309148528
1.01,0.786845783033115,-0.0113193094127139
1.010125,0.786843669019947,-0.0113193094127139
1.01025,0.786841525534042,-0.0113193094127139
1.010375,0.786839352639695,-0.0113193094127139
1.0105,0.786837150401778,-0.0113193094127139
1.010625,0.786834918885721,-0.0113193094127139
1.01075,0.786832658157478,-0.0113193094127139
1.010875,0.786830368283502,-0.0113193094127139
1.011,0.786828049330717,-0.011117424920335
1.011125,0.786825701366567,-0.011117424920335
1.01125,0.786823324459318,-0.011117424920335
1.011375,0.786820918677964,-0.011117424920335
1.0115,0.786818484092143,-0.011117424920335
1.011625,0.786816020772111,-0.011117424920335
1.01175,0.786813528788704,-0.011117424920335
1.011875,0.786811008213316,-0.011117424920335
1.012,0.786808459117857,-0.010980744589544
1.012125,0.786805881574787,-0.010980744589544
1.01225,0.786803275657296,-0.010980744589544
1.012375,0.786800641439237,-0.010980744589544
1.0125,0.786797978995053,-0.010980744589544
1.012625,0.786795288399745,-0.010980744589544
1.01275,0.786792569728837,-0.010980744589544
1.012875,0.786789823058347,-0.010980744589544
1.013,0.786787048464748,-0.0108450055899044
1.013125,0.786784246024989,-0.0108450055899044
1.01325,0.786781415816682,-0.0108450055899044
1.013375,0.786778557918027,-0.0108450055899044
1.0135,0.786775672407737,-0.0108450055899044
1.013625,0.786772759365004,-0.0108450055899044
1.01375,0.786769818869463,-0.0108450055899044
1.013875,0.786766851001159,-0.0108450055899044
1.014,0.786763855840507,-0.0107104947478469
1.014125,0.786760833468309,-0.0107104947478469
1.01425,0.78675778396594,-0.0107104947478469
1.014375,0.786754707415265,-0.0107104947478469
1.0145,0.786751603898569,-0.0107104947478469
1.014625,0.786748473498518,-0.0107104947478469
1.01475,0.786745316298121,-0.0107104947478469
1.014875,0.786742132380697,-0.0107104947478469
1.015,0.786738921829828,-0.0105774776432657
1.015125,0.786735684729381,-0.0105774776432657
1.01525,0.786732421163685,-0.0105774776432657
1.015375,0.786729131217448,-0.0105774776432657
1.0155,0.786725814975687,-0.0105774776432657
1.015625,0.786722472523686,-0.0105774776432657
1.01575,0.786719103946957,-0.0105774776432657
1.015875,0.786715709331205,-0.0105774776432657
1.016,0.786712288762282,-0.0100276772138201
1.016125,0.786708842326367,-0.0100276772138201
1.01625,0.786705370110823,-0.0100276772138201
1.016375,0.78670187220398,-0.0100276772138201
1.0165,0.786698348694952,-0.0100276772138201
1.016625,0.78669479967359,-0.0100276772138201
1.01675,0.786691225230439,-0.0100276772138201
1.016875,0.7866876254567,-0.0100276772138201
1.017,0.786684000444178,-0.0098956258162189
1.017125,0.786680350285298,-0.0098956258162189
1.01725,0.786676675073272,-0.0098956258162189
1.017375,0.786672974902011,-0.0098956258162189
1.0175,0.786669249866052,-0.0098956258162189
1.017625,0.786665500060503,-0.0098956258162189
1.01775,0.786661725581005,-0.0098956258162189
1.017875,0.786657926523682,-0.0098956258162189
1.018,0.786654102985097,-0.00976573559592612
1.018125,0.786650255062255,-0.00976573559592612
1.01825,0.786646382852769,-0.00976573559592612
1.018375,0.78664248645477,-0.00976573559592612
1.0185,0.78663856596683,-0.00976573559592612
1.018625,0.786634621487912,-0.00976573559592612
1.01875,0.786630653117319,-0.00976573559592612
1.018875,0.786626660954652,-0.00976573559592612
1.019,0.786622645099758,-0.00963833996081593
1.019125,0.786618605652735,-0.00963833996081593
1.01925,0.786614542714088,-0.00963833996081593
1.019375,0.786610456384644,-0.00963833996081593
1.0195,0.786606346765468,-0.00963833996081593
1.019625,0.786602213957813,-0.00963833996081593
1.01975,0.786598058063075,-0.00963833996081593
1.019875,0.786593879182743,-0.00963833996081593
1.02,0.786589677418346,-0.00951371602335055
1.020125,0.786585452871458,-0.00951371602335055
1.02025,0.786581205643854,-0.00951371602335055
1.020375,0.786576935837415,-0.00951371602335055
1.0205,0.786572643554052,-0.00951371602335055
1.020625,0.786568328895656,-0.00951371602335055
1.02075,0.786563991964048,-0.00951371602335055
1.020875,0.78655963286093,-0.00951371602335055
1.021,0.786555251687837,-0.00864325857446966
1.021125,0.786550848546428,-0.00864325857446966
1.02125,0.786546423539854,-0.00864325857446966
1.021375,0.786541976772438,-0.00864325857446966
1.0215,0.786537508349389,-0.00864325857446966
1.021625,0.786533018376749,-0.00864325857446966
1.02175,0.786528506961338,-0.00864325857446966
1.021875,0.786523974210703,-0.00864325857446966
1.022,0.786519420233061,-0.00851988765699745
1.022125,0.786514845137295,-0.00851988765699745
1.02225,0.786510249033098,-0.00851988765699745
1.022375,0.786505632030881,-0.00851988765699745
1.0225,0.786500994241684,-0.00851988765699745
1.022625,0.78649633577712,-0.00851988765699745
1.02275,0.786491656749316,-0.00851988765699745
1.022875,0.786486957270863,-0.00851988765699745
1.023,0.786482237454751,-0.0083997957841026
1.023125,0.786477497414367,-0.0083997957841026
1.02325,0.786472737263627,-0.0083997957841026
1.023375,0.786467957116887,-0.0083997957841026
1.0235,0.78646315708885,-0.0083997957841026
1.023625,0.786458337294509,-0.0083997957841026
1.02375,0.786453497849088,-0.0083997957841026
1.023875,0.786448638867989,-0.0083997957841026
1.024,0.786443760466727,-0.00828335088327791
1.024125,0.786438862760924,-0.00828335088327791
1.02425,0.786433945866437,-0.00828335088327791
1.024375,0.786429009899267,-0.00828335088327791
1.0245,0.786424054975467,-0.00828335088327791
1.024625,0.786419081211084,-0.00828335088327791
1.02475,0.786414088722103,-0.00828335088327791
1.024875,0.786409077624389,-0.00828335088327791
1.025,0.786404048033628,-0.008170832321002
1.025125,0.786399000065314,-0.008170832321002
1.02525,0.786393933834876,-0.008170832321002
1.025375,0.786388849457583,-0.008170832321002
1.0255,0.786383747048461,-0.008170832321002
1.025625,0.786378626722232,-0.008170832321002
1.02575,0.78637348859326,-0.008170832321002
1.025875,0.786368332775492,-0.008170832321002
1.026,0.786363159382403,-0.00701660383311073
1.026125,0.786357968527387,-0.00701660383311073
1.02625,0.786352760325588,-0.00701660383311073
1.026375,0.786347534893475,-0.00701660383311073
1.0265,0.786342292348475,-0.00701660383311073
1.026625,0.786337032808912,-0.00701660383311073
1.02675,0.786331756393944,-0.00701660383311073
1.026875,0.7863264632235,-0.00701660383311073
1.027,0.786321153418221,-0.00690558011851709
1.027125,0.786315827099433,-0.00690558011851709
1.02725,0.786310484389272,-0.00690558011851709
1.027375,0.786305125410582,-0.00690558011851709
1.0275,0.786299750286821,-0.00690558011851709
1.027625,0.786294359141998,-0.00690558011851709
1.02775,0.786288952100605,-0.00690558011851709
1.027875,0.786283529287558,-0.00690558011851709
1.028,0.786278090828126,-0.00679881798297946
1.028125,0.786272636847911,-0.00679881798297946
1.02825,0.786267167472954,-0.00679881798297946
1.028375,0.786261682829642,-0.00679881798297946
1.0285,0.786256183044605,-0.00679881798297946
1.028625,0.78625066824466,-0.00679881798297946
1.02875,0.786245138556738,-0.00679881798297946
1.028875,0.78623959410782,-0.00679881798297946
1.029,0.786234035024876,-0.00669670701814166
1.029125,0.786228461434831,-0.00669670701814166
1.02925,0.786222873464674,-0.00669670701814166
1.029375,0.786217271241356,-0.00669670701814166
1.0295,0.786211654891701,-0.00669670701814166
1.029625,0.786206024542336,-0.00669670701814166
1.02975,0.786200380319631,-0.00669670701814166
1.029875,0.78619472234963,-0.00669670701814166
1.03,0.786189050757989,-0.00659951973925935
1.030125,0.78618336566995,-0.00659951973925935
1.03025,0.786177667210434,-0.00659951973925935
1.030375,0.786171955503948,-0.00659951973925935
1.0305,0.786166230674496,-0.00659951973925935
1.030625,0.786160492845515,-0.00659951973925935
1.03075,0.786154742139812,-0.00659951973925935
1.030875,0.786148978679504,-0.00659951973925935
1.031,0.786143202585954,-0.00520661602060049
1.031125,0.786137413980247,-0.00520661602060049
1.03125,0.786131612985411,-0.00520661602060049
1.031375,0.786125799725906,-0.00520661602060049
1.0315,0.786119974327192,-0.00520661602060049
1.031625,0.786114136915656,-0.00520661602060049
1.03175,0.786108287618548,-0.00520661602060049
1.031875,0.78610242656391,-0.00520661602060049
1.032,0.786096553880507,-0.00511111354624731
1.032125,0.786090669697796,-0.00511111354624731
1.03225,0.786084774146009,-0.00511111354624731
1.032375,0.786078867356059,-0.00511111354624731
1.0325,0.786072949459437,-0.00511111354624731
1.032625,0.786067020588148,-0.00511111354624731
1.03275,0.786061080874634,-0.00511111354624731
1.032875,0.78605513045171,-0.00511111354624731
1.033,0.786049169452486,-0.00502069174870759
1.033125,0.786043198010335,-0.00502069174870759
1.03325,0.78603721625897,-0.00502069174870759
1.033375,0.786031224332342,-0.00502069174870759
1.0335,0.786025222364546,-0.00502069174870759
1.033625,0.78601921048975,-0.00502069174870759
1.03375,0.786013188842122,-0.00502069174870759
1.033875,0.786007157555761,-0.00502069174870759
1.034,0.786001116764623,-0.00493574865869757
1.034125,0.785995066602489,-0.00493574865869757
1.03425,0.785989007203024,-0.00493574865869757
1.034375,0.78598293869969,-0.00493574865869757
1.0345,0.785976861225644,-0.00493574865869757
1.034625,0.785970774913676,-0.00493574865869757
1.03475,0.785964679896132,-0.00493574865869757
1.034875,0.785958576304849,-0.00493574865869757
1.035,0.785952464271086,-0.00485654128820922
1.035125,0.785946343925481,-0.00485654128820922
1.03525,0.785940215398122,-0.00485654128820922
1.035375,0.785934078818444,-0.00485654128820922
1.0355,0.785927934315146,-0.00485654128820922
1.035625,0.785921782016126,-0.00485654128820922
1.03575,0.785915622048408,-0.00485654128820922
1.035875,0.785909454538082,-0.00485654128820922
1.036,0.785903279610237,-0.00327659372052948
1.036125,0.785897097389507,-0.00327659372052948
1.03625,0.785890908002587,-0.00327659372052948
1.036375,0.78588471157767,-0.00327659372052948
1.0365,0.785878508243956,-0.00327659372052948
1.036625,0.785872298131574,-0.00327659372052948
1.03675,0.785866081371516,-0.00327659372052948
1.036875,0.785859858095563,-0.00327659372052948
1.037,0.785853628436208,-0.00319920462646947
1.037125,0.78584739252662,-0.00319920462646947
1.03725,0.785841150500689,-0.00319920462646947
1.037375,0.785834902492937,-0.00319920462646947
1.0375,0.785828648638412,-0.00319920462646947
1.037625,0.785822389072625,-0.00319920462646947
1.03775,0.785816123931468,-0.00319920462646947
1.037875,0.785809853351143,-0.00319920462646947
1.038,0.785803577468084,-0.00312752975043514
1.038125,0.785797296418914,-0.00312752975043514
1.03825,0.785791010340489,-0.00312752975043514
1.038375,0.785784719369793,-0.00312752975043514
1.0385,0.785778423643852,-0.00312752975043514
1.038625,0.785772123299656,-0.00312752975043514
1.03875,0.785765818474087,-0.00312752975043514
1.038875,0.78575950930384,-0.00312752975043514
1.039,0.785753195925354,-0.00306196240321285
1.039125,0.785746878474762,-0.00306196240321285
1.03925,0.785740557087924,-0.00306196240321285
1.039375,0.785734231900333,-0.00306196240321285
1.0395,0.785727903047028,-0.00306196240321285
1.039625,0.785721570662514,-0.00306196240321285
1.03975,0.785715234880699,-0.00306196240321285
1.039875,0.785708895834817,-0.00306196240321285
1.04,0.785702553657354,-0.00300273616118631
1.040125,0.785696208480009,-0.00300273616118631
1.04025,0.785689860433712,-0.00300273616118631
1.040375,0.785683509648541,-0.00300273616118631
1.0405,0.785677156253635,-0.00300273616118631
1.040625,0.785670800377125,-0.00300273616118631
1.04075,0.78566444214607,-0.00300273616118631
1.040875,0.785658081686384,-0.00300273616118631
1.041,0.785651719122773,-0.00129204568348309
1.041125,0.785645354579332,-0.00129204568348309
1.04125,0.785638988182273,-0.00129204568348309
1.041375,0.785632620059314,-0.00129204568348309
1.0415,0.785626250339159,-0.00129204568348309
1.041625,0.785619879151414,-0.00129204568348309
1.04175,0.785613506626523,-0.00129204568348309
1.041875,0.785607132895688,-0.00129204568348309
1.042,0.785600758090795,-0.00123471178751377
1.042125,0.785594382344366,-0.00123471178751377
1.04225,0.785588005789571,-0.00123471178751377
1.042375,0.785581628560141,-0.00123471178751377
1.0425,0.785575250790276,-0.00123471178751377
1.042625,0.785568872614565,-0.00123471178751377
1.04275,0.785562494167916,-0.00123471178751377
1.042875,0.785556115585478,-0.00123471178751377
1.043,0.785549737002566,-0.00118352451108103
1.043125,0.785543358554603,-0.00118352451108103
1.04325,0.785536980377133,-0.00118352451108103
1.043375,0.785530602605722,-0.00118352451108103
1.0435,0.785524225375878,-0.00118352451108103
1.043625,0.785517848822968,-0.00118352451108103
1.04375,0.785511473082146,-0.00118352451108103
1.043875,0.785505098288278,-0.00118352451108103
1.044,0.78549872457587,-0.00113885978473042
1.044125,0.785492352079005,-0.00113885978473042
1.04425,0.785485980931348,-0.00113885978473042
1.044375,0.785479611266056,-0.00113885978473042
1.0445,0.785473243215693,-0.00113885978473042
1.044625,0.785466876912157,-0.00113885978473042
1.04475,0.785460512486609,-0.00113885978473042
1.044875,0.7854541500694,-0.00113885978473042
1.045,0.785447789790001,-0.00110092078121676
1.045125,0.785441431776946,-0.00110092078121676
1.04525,0.785435076157826,-0.00110092078121676
1.045375,0.785428723059207,-0.00110092078121676
1.0455,0.785422372606548,-0.00110092078121676
1.045625,0.785416024924141,-0.00110092078121676
1.04575,0.785409680135036,-0.00110092078121676
1.045875,0.785403338360978,-0.00110092078121676
1.046,0.785396999722343,0.000681510956911971
1.046125,0.785390664338759,0.000681510956911971
1.04625,0.785384332331957,0.000681510956911971
1.046375,0.78537800382514,0.000681510956911971
1.0465,0.785371678942437,0.000681510956911971
1.046625,0.785365357808828,0.000681510956911971
1.04675,0.785359040550077,0.000681510956911971
1.046875,0.785352727292653,0.000681510956911971
1.047,0.785346418163658,0.000717544079124175
1.047125,0.785340113290769,0.000717544079124175
1.04725,0.785333812802223,0.000717544079124175
1.047375,0.78532751682673,0.000717544079124175
1.0475,0.78532122549339,0.000717544079124175
1.047625,0.78531493893162,0.000717544079124175
1.04775,0.785308657271075,0.000717544079124175
1.047875,0.785302380641582,0.000717544079124175
1.048,0.785296109173057,0.000747208008957349
1.048125,0.785289842995448,0.000747208008957349
1.04825,0.785283582238707,0.000747208008957349
1.048375,0.785277327032708,0.000747208008957349
1.0485,0.785271077507162,0.000747208008957349
1.048625,0.78526483379155,0.000747208008957349
1.04875,0.785258596015041,0.000747208008957349
1.048875,0.785252364306428,0.000747208008957349
1.049,0.785246138794048,0.000770155950701659
1.049125,0.785239919605722,0.000770155950701659
1.04925,0.78523370686872,0.000770155950701659
1.049375,0.785227500709683,0.000770155950701659
1.0495,0.785221301254544,0.000770155950701659
1.049625,0.785215108628461,0.000770155950701659
1.04975,0.785208922955743,0.000770155950701659
1.049875,0.785202744359781,0.000770155950701659
1.05,0.785196572962985,0.000786220930317591
1.050125,0.785190408886714,0.000786220930317591
1.05025,0.78518425225124,0.000786220930317591
1.050375,0.785178103175677,0.000786220930317591
1.0505,0.785171961777907,0.000786220930317591
1.050625,0.785165828174517,0.000786220930317591
1.05075,0.785159702480736,0.000786220930317591
1.050875,0.785153584810371,0.000786220930317591
1.051,0.785147475275741,0.00258067468143594
1.051125,0.785141373988313,0.00258067468143594
1.05125,0.785135281061574,0.00258067468143594
1.051375,0.785129196610396,0.00258067468143594
1.0515,0.785123120750494,0.00258067468143594
1.051625,0.78511705359835,0.00258067468143594
1.05175,0.785110995271153,0.00258067468143594
1.051875,0.785104945886721,0.00258067468143594
1.052,0.785098905563435,0.0025948799342993
1.052125,0.785092874420171,0.0025948799342993
1.05225,0.785086852576257,0.0025948799342993
1.052375,0.785080840151395,0.0025948799342993
1.0525,0.785074837265587,0.0025948799342993
1.052625,0.785068844039065,0.0025948799342993
1.05275,0.785062860592219,0.0025948799342993
1.052875,0.785056887045528,0.0025948799342993
1.053,0.785050923519489,0.00260270491374991
1.053125,0.785044970134549,0.00260270491374991
1.05325,0.785039027011047,0.00260270491374991
1.053375,0.785033094269143,0.00260270491374991
1.0535,0.785027172028744,0.00260270491374991
1.053625,0.785021260409438,0.00260270491374991
1.05375,0.785015359530421,0.00260270491374991
1.053875,0.785009469510428,0.00260270491374991
1.054,0.785003590467668,0.00260384244809903
1.054125,0.784997722519753,0.00260384244809903
1.05425,0.784991865783633,0.00260384244809903
1.054375,0.78498602037553,0.00260384244809903
1.0545,0.78498018641087,0.00260384244809903
1.054625,0.784974364004215,0.00260384244809903
1.05475,0.7849685532692,0.00260384244809903
1.054875,0.784962754318467,0.00260384244809903
1.055,0.784956967263603,0.00259816622473272
1.055125,0.784951192215071,0.00259816622473272
1.05525,0.78494542928214,0.00259816622473272
1.055375,0.784939678572825,0.00259816622473272
1.0555,0.784933940193825,0.00259816622473272
1.055625,0.784928214250467,0.00259816622473272
1.05575,0.784922500846643,0.00259816622473272
1.055875,0.784916800084754,0.00259816622473272
1.056,0.784911112065649,0.00434613457210897
1.056125,0.784905436889246,0.00434613457210897
1.05625,0.784899774657335,0.00434613457210897
1.056375,0.784894125472963,0.00434613457210897
1.0565,0.784888489439906,0.00434613457210897
1.056625,0.784882866662604,0.00434613457210897
1.05675,0.784877257246101,0.00434613457210897
1.056875,0.784871661295976,0.00434613457210897
1.057,0.78486607891828,0.00433870153508689
1.057125,0.784860510219469,0.00433870153508689
1.05725,0.784854955306327,0.00433870153508689
1.057375,0.784849414285902,0.00433870153508689
1.0575,0.784843887265442,0.00433870153508689
1.057625,0.784838374352336,0.00433870153508689
1.05775,0.784832875654042,0.00433870153508689
1.057875,0.784827391278026,0.00433870153508689
1.058,0.784821921331697,0.0043250833920562
1.058125,0.784816465922336,0.0043250833920562
1.05825,0.784811025157011,0.0043250833920562
1.058375,0.784805599142517,0.0043250833920562
1.0585,0.784800187985314,0.0043250833920562
1.058625,0.784794791791465,0.0043250833920562
1.05875,0.784789410666575,0.0043250833920562
1.058875,0.784784044715724,0.0043250833920562
1.059,0.784778694043406,0.00430502151968126
1.059125,0.784773358753464,0.00430502151968126
1.05925,0.784768038948987,0.00430502151968126
1.059375,0.784762734732265,0.00430502151968126
1.0595,0.784757446204727,0.00430502151968126
1.059625,0.784752173466884,0.00430502151968126
1.05975,0.784746916618271,0.00430502151968126
1.059875,0.784741675757389,0.00430502151968126
1.06,0.784736450981642,0.00427843329274392
1.060125,0.784731242387278,0.00427843329274392
1.06025,0.784726050069282,0.00427843329274392
1.060375,0.784720874121334,0.00427843329274392
1.0605,0.784715714635759,0.00427843329274392
1.060625,0.784710571703475,0.00427843329274392
1.06075,0.784705445413939,0.00427843329274392
1.060875,0.784700335855095,0.00427843329274392
1.061,0.784695243113326,0.00592445158950659
1.061125,0.784690167274033,0.00592445158950659
1.06125,0.784685108424286,0.00592445158950659
1.061375,0.784680066652242,0.00592445158950659
1.0615,0.784675042046657,0.00592445158950659
1.061625,0.784670034696827,0.00592445158950659
1.06175,0.78466504469253,0.00592445158950659
1.061875,0.784660072123971,0.00592445158950659
1.062,0.784655117081723,0.00589626132348633
1.062125,0.78465017965666,0.00589626132348633
1.06225,0.784645259939853,0.00589626132348633
1.062375,0.784640358022524,0.00589626132348633
1.0625,0.784635473995991,0.00589626132348633
1.062625,0.784630607951616,0.00589626132348633
1.06275,0.784625759980745,0.00589626132348633
1.062875,0.784620930174652,0.00589626132348633
1.063,0.784616118624483,0.00586227558501735
1.063125,0.784611325421184,0.00586227558501735
1.06325,0.784606550655391,0.00586227558501735
1.063375,0.784601794417385,0.00586227558501735
1.0635,0.784597056797043,0.00586227558501735
1.063625,0.784592337883784,0.00586227558501735
1.06375,0.784587637766516,0.00586227558501735
1.063875,0.784582956533578,0.00586227558501735
1.064,0.784578294272687,0.00582229142198497
1.064125,0.784573651070869,0.00582229142198497
1.06425,0.784569027014342,0.00582229142198497
1.064375,0.784564422188473,0.00582229142198497
1.0645,0.784559836677738,0.00582229142198497
1.064625,0.784555270565673,0.00582229142198497
1.06475,0.784550723934817,0.00582229142198497
1.064875,0.78454619686667,0.00582229142198497
1.065,0.784541689441637,0.0057762714341003
1.065125,0.784537201738964,0.0057762714341003
1.06525,0.784532733836615,0.0057762714341003
1.065375,0.784528285811241,0.0057762714341003
1.0655,0.78452385773814,0.0057762714341003
1.065625,0.78451944969122,0.0057762714341003
1.06575,0.784515061742948,0.0057762714341003
1.065875,0.784510693964309,0.0057762714341003
1.066,0.784506346424763,0.0072696147846538
1.066125,0.784502019192779,0.0072696147846538
1.06625,0.784497712338237,0.0072696147846538
1.066375,0.784493425931909,0.0072696147846538
1.0665,0.784489160045018,0.0072696147846538
1.066625,0.784484914749185,0.0072696147846538
1.06675,0.784480690116387,0.0072696147846538
1.066875,0.784476486218904,0.0072696147846538
1.067,0.784472303129275,0.00722219287890223
1.067125,0.784468140920227,0.00722219287890223
1.06725,0.784463999664554,0.00722219287890223
1.067375,0.784459879435081,0.00722219287890223
1.0675,0.784455780304631,0.00722219287890223
1.067625,0.784451702345973,0.00722219287890223
1.06775,0.78444764563178,0.00722219287890223
1.067875,0.784443610234578,0.00722219287890223
1.068,0.784439596226699,0.00716954186130197
1.068125,0.784435603680214,0.00716954186130197
1.06825,0.784431632666801,0.00716954186130197
1.068375,0.784427683257713,0.00716954186130197
1.0685,0.784423755523749,0.00716954186130197
1.068625,0.784419849535205,0.00716954186130197
1.06875,0.784415965361831,0.00716954186130197
1.068875,0.784412103072785,0.00716954186130197
1.069,0.784408262736589,0.00711151959616703
1.069125,0.784404444421062,0.00711151959616703
1.06925,0.784400648193183,0.00711151959616703
1.069375,0.784396874119063,0.00711151959616703
1.0695,0.784393122263923,0.00711151959616703
1.069625,0.784389392692048,0.00711151959616703
1.06975,0.784385685466749,0.00711151959616703
1.069875,0.784382000650318,0.00711151959616703
1.07,0.784378338303995,0.00704813395182226
1.070125,0.7843746984879,0.00704813395182226
1.07025,0.78437108126089,0.00704813395182226
1.070375,0.784367486680543,0.00704813395182226
1.0705,0.784363914803141,0.00704813395182226
1.070625,0.784360365683628,0.00704813395182226
1.07075,0.784356839375581,0.00704813395182226
1.070875,0.784353335931171,0.00704813395182226
1.071,0.784349855401133,0.00834433793874756
1.071125,0.784346397835231,0.00834433793874756
1.07125,0.784342963284348,0.00834433793874756
1.071375,0.784339551800039,0.00834433793874756
1.0715,0.784336163434152,0.00834433793874756
1.071625,0.784332798238787,0.00834433793874756
1.07175,0.784329456266261,0.00834433793874756
1.071875,0.784326137569069,0.00834433793874756
1.072,0.784322842199846,0.00827978814429058
1.072125,0.784319570211308,0.00827978814429058
1.07225,0.784316321656102,0.00827978814429058
1.072375,0.784313096586797,0.00827978814429058
1.0725,0.784309895055858,0.00827978814429058
1.072625,0.784306717115611,0.00827978814429058
1.07275,0.784303562818205,0.00827978814429058
1.072875,0.784300432215579,0.00827978814429058
1.073,0.784297325359421,0.00821072937766639
1.073125,0.784294242301108,0.00821072937766639
1.07325,0.784291183091555,0.00821072937766639
1.073375,0.784288147781202,0.00821072937766639
1.0735,0.784285136419997,0.00821072937766639
1.073625,0.784282149057364,0.00821072937766639
1.07375,0.784279185742163,0.00821072937766639
1.073875,0.78427624652266,0.00821072937766639
1.074,0.784273331446493,0.00813708337107972
1.074125,0.784270440560609,0.00813708337107972
1.07425,0.784267573911111,0.00813708337107972
1.074375,0.784264731543251,0.00813708337107972
1.0745,0.784261913501416,0.00813708337107972
1.074625,0.784259119829096,0.00813708337107972
1.07475,0.784256350568858,0.00813708337107972
1.074875,0.784253605762312,0.00813708337107972
1.075,0.784250885450084,0.00805890184761279
1.075125,0.784248189671756,0.00805890184761279
1.07525,0.784245518465712,0.00805890184761279
1.075375,0.784242871869133,0.00805890184761279
1.0755,0.784240249917994,0.00805890184761279
1.075625,0.784237652647038,0.00805890184761279
1.07575,0.784235080089749,0.00805890184761279
1.075875,0.784232532278331,0.00805890184761279
1.076,0.784230009243683,0.0091210536143041
1.076125,0.784227511015787,0.0091210536143041
1.07625,0.784225037625422,0.0091210536143041
1.076375,0.784222589103806,0.0091210536143041
1.0765,0.784220165482284,0.0091210536143041
1.076625,0.784217766792305,0.0091210536143041
1.07675,0.784215393065394,0.0091210536143041
1.076875,0.784213044333125,0.0091210536143041
1.077,0.784210720627096,0.00904197482502289
1.077125,0.784208421978873,0.00904197482502289
1.07725,0.784206148419831,0.00904197482502289
1.077375,0.784203899981157,0.00904197482502289
1.0775,0.784201676693842,0.00904197482502289
1.077625,0.78419947858866,0.00904197482502289
1.07775,0.784197305696137,0.00904197482502289
1.077875,0.784195158046531,0.00904197482502289
1.078,0.784193035669805,0.00895923369793657
1.078125,0.784190938595569,0.00895923369793657
1.07825,0.784188866852923,0.00895923369793657
1.078375,0.784186820470458,0.00895923369793657
1.0785,0.784184799476254,0.00895923369793657
1.078625,0.784182803897858,0.00895923369793657
1.07875,0.784180833762259,0.00895923369793657
1.078875,0.78417888909587,0.00895923369793657
1.079,0.784176969924501,0.00887281673969303
1.079125,0.784175076273307,0.00887281673969303
1.07925,0.784173208166624,0.00887281673969303
1.079375,0.784171365627977,0.00887281673969303
1.0795,0.784169548680082,0.00887281673969303
1.079625,0.784167757344828,0.00887281673969303
1.07975,0.784165991643254,0.00887281673969303
1.079875,0.784164251595535,0.00887281673969303
1.08,0.784162537220965,0.00878281673456765
1.080125,0.784160848537899,0.00878281673456765
1.08025,0.784159185563593,0.00878281673456765
1.080375,0.784157548314216,0.00878281673456765
1.0805,0.78415593680486,0.00878281673456765
1.080625,0.784154351049522,0.00878281673456765
1.08075,0.784152791061092,0.00878281673456765
1.080875,0.784151256851341,0.00878281673456765
1.081,0.784149748430904,0.00958256282468389
1.081125,0.784148265809583,0.00958256282468389
1.08125,0.784146808997637,0.00958256282468389
1.081375,0.78414537800552,0.00958256282468389
1.0815,0.784143972843652,0.00958256282468389
1.081625,0.784142593522404,0.00958256282468389
1.08175,0.784141240052084,0.00958256282468389
1.081875,0.784139912442924,0.00958256282468389
1.082,0.784138610705063,0.00949195241480472
1.082125,0.784137334848499,0.00949195241480472
1.08225,0.784136084882926,0.00949195241480472
1.082375,0.784134860817749,0.00949195241480472
1.0825,0.784133662662095,0.00949195241480472
1.082625,0.784132490424801,0.00949195241480472
1.08275,0.784131344114396,0.00949195241480472
1.082875,0.784130223739093,0.00949195241480472
1.083,0.784129129306773,0.00939862214791084
1.083125,0.784128060824941,0.00939862214791084
1.08325,0.784127018300554,0.00939862214791084
1.083375,0.784126001740046,0.00939862214791084
1.0835,0.784125011149335,0.00939862214791084
1.083625,0.784124046533818,0.00939862214791084
1.08375,0.784123107898356,0.00939862214791084
1.083875,0.784122195247265,0.00939862214791084
1.084,0.784121308584307,0.00930262208733035
1.084125,0.784120447912641,0.00930262208733035
1.08425,0.784119613234659,0.00930262208733035
1.084375,0.784118804552006,0.00930262208733035
1.0845,0.784118021865598,0.00930262208733035
1.084625,0.784117265175615,0.00930262208733035
1.08475,0.784116534481492,0.00930262208733035
1.084875,0.784115829781913,0.00930262208733035
1.085,0.784115151074806,0.00920408202646731
1.085125,0.784114498357298,0.00920408202646731
1.08525,0.784113871625545,0.00920408202646731
1.085375,0.784113270874766,0.00920408202646731
1.0855,0.784112696099258,0.00920408202646731
1.085625,0.784112147292394,0.00920408202646731
1.08575,0.784111624446625,0.00920408202646731
1.085875,0.78411112755347,0.00920408202646731
1.086,0.784110656603519,0.00972231597915404
1.086125,0.78411021158663,0.00972231597915404
1.08625,0.784109792492775,0.00972231597915404
1.086375,0.784109399311877,0.00972231597915404
1.0865,0.784109032033664,0.00972231597915404
1.086625,0.784108690647671,0.00972231597915404
1.08675,0.784108375143234,0.00972231597915404
1.086875,0.784108085509492,0.00972231597915404
1.087,0.784107821735377,0.00962346275946606
1.087125,0.784107583809583,0.00962346275946606
1.08725,0.784107371720393,0.00962346275946606
1.087375,0.784107185455717,0.00962346275946606
1.0875,0.784107025003108,0.00962346275946606
1.087625,0.78410689034977,0.00962346275946606
1.08775,0.78410678148255,0.00962346275946606
1.087875,0.78410669838794,0.00962346275946606
1.088,0.784106641052078,0.0095228950562963
1.088125,0.784106609460705,0.0095228950562963
1.08825,0.784106603599004,0.0095228950562963
1.088375,0.784106623451631,0.0095228950562963
1.0885,0.784106669002741,0.0095228950562963
1.088625,0.784106740235992,0.0095228950562963
1.08875,0.784106837134544,0.0095228950562963
1.088875,0.784106959681062,0.0095228950562963
1.089,0.784107107857719,0.00942072324264624
1.089125,0.784107281646154,0.00942072324264624
1.08925,0.784107481027314,0.00942072324264624
1.089375,0.784107705981486,0.00942072324264624
1.0895,0.784107956488326,0.00942072324264624
1.089625,0.784108232526869,0.00942072324264624
1.08975,0.784108534075526,0.00942072324264624
1.089875,0.784108861112093,0.00942072324264624
1.09,0.784109213613757,0.00931710897421357
1.090125,0.784109591557059,0.00931710897421357
1.09025,0.784109994917729,0.00931710897421357
1.090375,0.784110423670729,0.00931710897421357
1.0905,0.784110877790286,0.00931710897421357
1.090625,0.784111357249898,0.00931710897421357
1.09075,0.784111862022342,0.00931710897421357
1.090875,0.784112392079685,0.00931710897421357
1.091,0.784112947393288,0.00954432781171726
1.091125,0.784113527933906,0.00954432781171726
1.09125,0.784114133672069,0.00954432781171726
1.091375,0.784114764578016,0.00954432781171726
1.0915,0.784115420621645,0.00954432781171726
1.091625,0.784116101772524,0.00954432781171726
1.09175,0.784116807999895,0.00954432781171726
1.091875,0.78411753927269,0.00954432781171726
1.092,0.784118295559533,0.00944069819166888
1.092125,0.784119076828715,0.00944069819166888
1.09225,0.784119883048033,0.00944069819166888
1.092375,0.784120714184829,0.00944069819166888
1.0925,0.784121570206035,0.00944069819166888
1.092625,0.784122451078179,0.00944069819166888
1.09275,0.784123356767396,0.00944069819166888
1.092875,0.784124287239441,0.00944069819166888
1.093,0.7841252424597,0.00933638821848205
1.093125,0.78412622239316,0.00933638821848205
1.09325,0.784127227004253,0.00933638821848205
1.093375,0.784128256256899,0.00933638821848205
1.0935,0.784129310114544,0.00933638821848205
1.093625,0.78413038854018,0.00933638821848205
1.09375,0.784131491496351,0.00933638821848205
1.093875,0.78413261894517,0.00933638821848205
1.094,0.784133770848335,0.00923156346277134
1.094125,0.784134947167094,0.00923156346277134
1.09425,0.784136147862098,0.00923156346277134
1.094375,0.784137372893442,0.00923156346277134
1.0945,0.784138622220709,0.00923156346277134
1.094625,0.784139895802986,0.00923156346277134
1.09475,0.784141193598881,0.00923156346277134
1.094875,0.784142515566537,0.00923156346277134
1.095,0.784143861663648,0.00912641140053396
1.095125,0.784145231847435,0.00912641140053396
1.09525,0.784146626074491,0.00912641140053396
1.095375,0.78414804430083,0.00912641140053396
1.0955,0.784149486481935,0.00912641140053396
1.095625,0.784150952572772,0.00912641140053396
1.09575,0.784152442527812,0.00912641140053396
1.095875,0.784153956301047,0.00912641140053396
1.096,0.784155493846007,0.00906275216908854
1.096125,0.784157055115759,0.00906275216908854
1.09625,0.784158640062817,0.00906275216908854
1.096375,0.784160248639182,0.00906275216908854
1.0965,0.784161880796383,0.00906275216908854
1.096625,0.784163536485493,0.00906275216908854
1.09675,0.784165215657148,0.00906275216908854
1.096875,0.784166918261571,0.00906275216908854
1.097,0.784168644248592,0.00895787341718286
1.097125,0.784170393567625,0.00895787341718286
1.09725,0.784172166167521,0.00895787341718286
1.097375,0.784173961996621,0.00895787341718286
1.0975,0.784175781002806,0.00895787341718286
1.097625,0.784177623133519,0.00895787341718286
1.09775,0.784179488335787,0.00895787341718286
1.097875,0.784181376556244,0.00895787341718286
1.098,0.784183287741154,0.0088533430305094
1.098125,0.784185221836392,0.0088533430305094
1.09825,0.784187178787298,0.0088533430305094
1.098375,0.784189158538731,0.0088533430305094
1.0985,0.784191161035122,0.0088533430305094
1.098625,0.784193186220501,0.0088533430305094
1.09875,0.784195234038515,0.0088533430305094
1.098875,0.784197304432457,0.0088533430305094
1.099,0.784199397345289,0.0087493750212559
1.099125,0.784201512719629,0.0087493750212559
1.09925,0.784203650497601,0.0087493750212559
1.099375,0.784205810620896,0.0087493750212559
1.0995,0.784207993030827,0.0087493750212559
1.099625,0.784210197668352,0.0087493750212559
1.09975,0.784212424474101,0.0087493750212559
1.099875,0.784214673388402,0.0087493750212559
1.1,0.784216944351307,0.00864617597263173
1.100125,0.78421923730258,0.00864617597263173
1.10025,0.784221552181552,0.00864617597263173
1.100375,0.784223888927184,0.00864617597263173
1.1005,0.784226247478116,0.00864617597263173
1.100625,0.784228627772703,0.00864617597263173
1.10075,0.784231029749032,0.00864617597263173
1.100875,0.78423345334496,0.00864617597263173
1.101,0.784235898498133,0.00830115249772124
1.101125,0.784238365145885,0.00830115249772124
1.10125,0.7842408532247,0.00830115249772124
1.101375,0.784243362670353,0.00830115249772124
1.1015,0.784245893418026,0.00830115249772124
1.101625,0.784248445402344,0.00830115249772124
1.10175,0.7842510185574,0.00830115249772124
1.101875,0.78425361281679,0.00830115249772124
1.102,0.784256228113642,0.00819849711612019
1.102125,0.784258864380607,0.00819849711612019
1.10225,0.784261521549721,0.00819849711612019
1.102375,0.784264199552473,0.00819849711612019
1.1025,0.784266898319863,0.00819849711612019
1.102625,0.784269617782431,0.00819849711612019
1.10275,0.784272357870294,0.00819849711612019
1.102875,0.784275118513178,0.00819849711612019
1.103,0.784277899640446,0.00809718032785439
1.103125,0.784280701181099,0.00809718032785439
1.10325,0.784283523063641,0.00809718032785439
1.103375,0.78428636521614,0.00809718032785439
1.1035,0.784289227566297,0.00809718032785439
1.103625,0.784292110041473,0.00809718032785439
1.10375,0.784295012568727,0.00809718032785439
1.103875,0.784297935074849,0.00809718032785439
1.104,0.784300877486396,0.00799745645060577
1.104125,0.784303839729684,0.00799745645060577
1.10425,0.784306821730666,0.00799745645060577
1.104375,0.784309823414991,0.00799745645060577
1.1045,0.784312844708072,0.00799745645060577
1.104625,0.784315885535117,0.00799745645060577
1.10475,0.784318945821166,0.00799745645060577
1.104875,0.784322025491128,0.00799745645060577
1.105,0.78432512446981,0.00789954402697835
1.105125,0.784328242681925,0.00789954402697835
1.10525,0.784331380051955,0.00789954402697835
1.105375,0.784334536504228,0.00789954402697835
1.1055,0.784337711962975,0.00789954402697835
1.105625,0.784340906352363,0.00789954402697835
1.10575,0.784344119596538,0.00789954402697835
1.105875,0.784347351619653,0.00789954402697835
1.106,0.784350602345911,0.0072915021199212
1.106125,0.784353871699358,0.0072915021199212
1.10625,0.78435715960293,0.0072915021199212
1.106375,0.784360465978682,0.0072915021199212
1.1065,0.784363790747985,0.0072915021199212
1.106625,0.784367133831568,0.0072915021199212
1.10675,0.784370495149556,0.0072915021199212
1.106875,0.784373874621511,0.0072915021199212
1.107,0.784377272166468,0.0071943771922531
1.107125,0.784380687702943,0.0071943771922531
1.10725,0.78438412114881,0.0071943771922531
1.107375,0.784387572421374,0.0071943771922531
1.1075,0.784391041437439,0.0071943771922531
1.107625,0.784394528113347,0.0071943771922531
1.10775,0.784398032365021,0.0071943771922531
1.107875,0.784401554108006,0.0071943771922531
1.108,0.784405093257513,0.00709951165410508
1.108125,0.784408649728421,0.00709951165410508
1.10825,0.784412223435165,0.00709951165410508
1.108375,0.784415814291809,0.00709951165410508
1.1085,0.784419422212114,0.00709951165410508
1.108625,0.784423047109579,0.00709951165410508
1.10875,0.784426688897487,0.00709951165410508
1.108875,0.784430347488945,0.00709951165410508
1.109,0.784434022796928,0.00700719090829205
1.109125,0.784437714734284,0.00700719090829205
1.10925,0.784441423213632,0.00700719090829205
1.109375,0.784445148147426,0.00700719090829205
1.1095,0.784448889448031,0.00700719090829205
1.109625,0.784452647027759,0.00700719090829205
1.10975,0.784456420798916,0.00700719090829205
1.109875,0.784460210673847,0.00700719090829205
1.11,0.784464016564974,0.00691763811384649
1.110125,0.784467838384808,0.00691763811384649
1.11025,0.784471676045843,0.00691763811384649
1.110375,0.78447552946063,0.00691763811384649
1.1105,0.784479398541842,0.00691763811384649
1.110625,0.784483283202316,0.00691763811384649
1.11075,0.784487183355096,0.00691763811384649
1.110875,0.784491098913478,0.00691763811384649
1.111,0.784495029791048,0.00607294470226151
1.111125,0.7844989759014,0.00607294470226151
1.11125,0.7845029371568,0.00607294470226151
1.111375,0.78450691346849,0.00607294470226151
1.1115,0.784510904746965,0.00607294470226151
1.111625,0.784514910902014,0.00607294470226151
1.11175,0.784518931842774,0.00607294470226151
1.111875,0.784522967477769,0.00607294470226151
1.112,0.784527017714962,0.00598438967547701
1.112125,0.784531082461766,0.00598438967547701
1.11225,0.784535161624951,0.00598438967547701
1.112375,0.784539255110713,0.00598438967547701
1.1125,0.784543362824752,0.00598438967547701
1.112625,0.784547484672321,0.00598438967547701
1.11275,0.784551620558268,0.00598438967547701
1.112875,0.784555770387094,0.00598438967547701
1.113,0.784559934062994,0.00589891753043005
1.113125,0.78456411148988,0.00589891753043005
1.11325,0.784568302571285,0.00589891753043005
1.113375,0.784572507210443,0.00589891753043005
1.1135,0.784576725310361,0.00589891753043005
1.113625,0.784580956773867,0.00589891753043005
1.11375,0.78458520150366,0.00589891753043005
1.113875,0.784589459402363,0.00589891753043005
1.114,0.784593730372569,0.00581683477089228
1.114125,0.784598014316861,0.00581683477089228
1.11425,0.784602311137725,0.00581683477089228
1.114375,0.784606620737629,0.00581683477089228
1.1145,0.784610943019092,0.00581683477089228
1.114625,0.784615277884736,0.00581683477089228
1.11475,0.784619625237331,0.00581683477089228
1.114875,0.78462398497985,0.00581683477089228
1.115,0.784628357015514,0.00573836187177295
1.115125,0.784632741247812,0.00573836187177295
1.11525,0.784637137580422,0.00573836187177295
1.115375,0.784641545917282,0.00573836187177295
1.1155,0.784645966162662,0.00573836187177295
1.115625,0.784650398221211,0.00573836187177295
1.11575,0.784654841998006,0.00573836187177295
1.115875,0.784659297398597,0.00573836187177295
1.116,0.784663764329056,0.0046903490127556
1.116125,0.784668242695623,0.0046903490127556
1.11625,0.784672732403029,0.0046903490127556
1.116375,0.784677233354889,0.0046903490127556
1.1165,0.784681745454024,0.0046903490127556
1.116625,0.784686268602515,0.0046903490127556
1.11675,0.784690802701756,0.0046903490127556
1.116875,0.784695347652508,0.0046903490127556
1.117,0.784699903354949,0.00461304487278268
1.117125,0.784704469708699,0.00461304487278268
1.11725,0.784709046612748,0.00461304487278268
1.117375,0.784713633965532,0.00461304487278268
1.1175,0.78471823166501,0.00461304487278268
1.117625,0.784722839608713,0.00461304487278268
1.11775,0.784727457693808,0.00461304487278268
1.117875,0.784732085817143,0.00461304487278268
1.118,0.784736723875307,0.00453952580217687
1.118125,0.784741371764655,0.00453952580217687
1.11825,0.78474602938124,0.00453952580217687
1.118375,0.784750696620897,0.00453952580217687
1.1185,0.784755373379311,0.00453952580217687
1.118625,0.784760059552076,0.00453952580217687
1.11875,0.784764755034748,0.00453952580217687
1.118875,0.784769459722903,0.00453952580217687
1.119,0.784774173512186,0.0044701089967516
1.119125,0.784778896298347,0.0044701089967516
1.11925,0.784783627977172,0.0044701089967516
1.119375,0.784788368444569,0.0044701089967516
1.1195,0.784793117596634,0.0044701089967516
1.119625,0.784797875329709,0.0044701089967516
1.11975,0.784802641540435,0.0044701089967516
1.119875,0.784807416125804,0.0044701089967516
1.12,0.784812198983216,0.00440500522097359
1.120125,0.784816990010503,0.00440500522097359
1.12025,0.784821789105879,0.00440500522097359
1.120375,0.784826596168009,0.00440500522097359
1.1205,0.784831411096085,0.00440500522097359
1.120625,0.78483623378987,0.00440500522097359
1.12075,0.784841064149755,0.00440500522097359
1.120875,0.784845902076809,0.00440500522097359
1.121,0.78485074747283,0.00319270453326435
1.121125,0.784855600239924,0.00319270453326435
1.12125,0.784860460278579,0.00319270453326435
1.121375,0.784865327488093,0.00319270453326435
1.1215,0.78487020176696,0.00319270453326435
1.121625,0.78487508301292,0.00319270453326435
1.12175,0.784879971123018,0.00319270453326435
1.121875,0.784884865993659,0.00319270453326435
1.122,0.784889767520669,0.00312889685732598
1.122125,0.784894675599319,0.00312889685732598
1.12225,0.784899590124287,0.00312889685732598
1.122375,0.78490451098973,0.00312889685732598
1.1225,0.784909438089361,0.00312889685732598
1.122625,0.784914371316506,0.00312889685732598
1.12275,0.784919310564162,0.00312889685732598
1.122875,0.784924255725058,0.00312889685732598
1.123,0.784929206691708,0.00306943566694774
1.123125,0.78493416335645,0.00306943566694774
1.12325,0.784939125611408,0.00306943566694774
1.123375,0.784944093348565,0.00306943566694774
1.1235,0.784949066459841,0.00306943566694774
1.123625,0.784954044837149,0.00306943566694774
1.12375,0.784959028372454,0.00306943566694774
1.123875,0.784964016957831,0.00306943566694774
1.124,0.784969010485524,0.00301463836507884
1.124125,0.78497400884798,0.00301463836507884
1.12425,0.78497901193782,0.00301463836507884
1.124375,0.784984019647912,0.00301463836507884
1.1245,0.784989031871441,0.00301463836507884
1.124625,0.784994048501971,0.00301463836507884
1.12475,0.784999069433497,0.00301463836507884
1.124875,0.785004094560502,0.00301463836507884
1.125,0.785009123778015,0.00296469947438956
1.125125,0.785014156981647,0.00296469947438956
1.12525,0.785019194067562,0.00296469947438956
1.125375,0.78502423493255,0.00296469947438956
1.1255,0.785029279474092,0.00296469947438956
1.125625,0.785034327590419,0.00296469947438956
1.12575,0.785039379180559,0.00296469947438956
1.125875,0.785044434144395,0.00296469947438956
1.126,0.785049492382715,0.00163141879404269
1.126125,0.785054553796748,0.00163141879404269
1.12625,0.785059618286039,0.00163141879404269
1.126375,0.785064685748922,0.00163141879404269
1.1265,0.785069756082932,0.00163141879404269
1.126625,0.785074829184866,0.00163141879404269
1.12675,0.785079904950838,0.00163141879404269
1.126875,0.785084983276338,0.00163141879404269
1.127,0.785090064056291,0.00158285673799628
1.127125,0.785095147185099,0.00158285673799628
1.12725,0.785100232556617,0.00158285673799628
1.127375,0.785105320064231,0.00158285673799628
1.1275,0.78511040960093,0.00158285673799628
1.127625,0.785115501059364,0.00158285673799628
1.12775,0.785120594331905,0.00158285673799628
1.127875,0.785125689310707,0.00158285673799628
1.128,0.785130785887765,0.00153904739172564
1.128125,0.785135883954959,0.00153904739172564
1.12825,0.785140983404041,0.00153904739172564
1.128375,0.78514608412671,0.00153904739172564
1.1285,0.785151186014683,0.00153904739172564
1.128625,0.785156288959754,0.00153904739172564
1.12875,0.785161392853853,0.00153904739172564
1.128875,0.785166497589107,0.00153904739172564
1.129,0.785171603057899,0.00150029814969203
1.129125,0.785176709152911,0.00150029814969203
1.12925,0.78518181576712,0.00150029814969203
1.129375,0.785186922793868,0.00150029814969203
1.1295,0.785192030126929,0.00150029814969203
1.129625,0.785197137660572,0.00150029814969203
1.12975,0.785202245289612,0.00150029814969203
1.129875,0.78520735290947,0.00150029814969203
1.13,0.785212460416233,0.00146678145792492
1.130125,0.785217567706689,0.00146678145792492
1.13025,0.785222674678336,0.00146678145792492
1.130375,0.785227781229442,0.00146678145792492
1.1305,0.785232887259113,0.00146678145792492
1.130625,0.785237992667343,0.00146678145792492
1.13075,0.78524309735507,0.00146678145792492
1.130875,0.78524820122423,0.00146678145792492
1.131,0.785253304177805,5.8584366940247e-05
1.131125,0.785258406119337,5.8584366940247e-05
1.13125,0.785263506950671,5.8584366940247e-05
1.131375,0.785268606572459,5.8584366940247e-05
1.1315,0.785273704884588,5.8584366940247e-05
1.131625,0.785278801786243,5.8584366940247e-05
1.13175,0.78528389717596,5.8584366940247e-05
1.131875,0.785288990951688,5.8584366940247e-05
1.132,0.785294083010847,2.64772038539186e-05
1.132125,0.785299173250373,2.64772038539186e-05
1.13225,0.785304261566727,2.64772038539186e-05
1.132375,0.78530934785596,2.64772038539186e-05
1.1325,0.785314432013789,2.64772038539186e-05
1.132625,0.785319513935646,2.64772038539186e-05
1.13275,0.785324593516748,2.64772038539186e-05
1.132875,0.785329670652148,2.64772038539186e-05
1.133,0.785334745236799,-6.35245759271789e-07
1.133125,0.785339817165604,-6.35245759271789e-07
1.13325,0.785344886333427,-6.35245759271789e-07
1.133375,0.785349952635163,-6.35245759271789e-07
1.1335,0.785355015965807,-6.35245759271789e-07
1.133625,0.78536007622051,-6.35245759271789e-07
1.13375,0.785365133294635,-6.35245759271789e-07
1.133875,0.785370187083825,-6.35245759271789e-07
1.134,0.785375237484051,-2.24652155669386e-05
1.134125,0.78538028439167,-2.24652155669386e-05
1.13425,0.78538532770344,-2.24652155669386e-05
1.134375,0.785390367316591,-2.24652155669386e-05
1.1345,0.785395403128884,-2.24652155669386e-05
1.134625,0.785400435038667,-2.24652155669386e-05
1.13475,0.785405462944935,-2.24652155669386e-05
1.134875,0.785410486747383,-2.24652155669386e-05
1.135,0.785415506346463,-3.88673013667362e-05
1.135125,0.785420521643431,-3.88673013667362e-05
1.13525,0.785425532540375,-3.88673013667362e-05
1.135375,0.785430538940275,-3.88673013667362e-05
1.1355,0.78543554074706,-3.88673013667362e-05
1.135625,0.78544053786566,-3.88673013667362e-05
1.13575,0.785445530202057,-3.88673013667362e-05
1.135875,0.78545051766334,-3.88673013667362e-05
1.136,0.785455500157752,-0.001474720577409
1.136125,0.785460477594186,-0.001474720577409
1.13625,0.785465449879888,-0.001474720577409
1.136375,0.785470416920964,-0.001474720577409
1.1365,0.785475378622815,-0.001474720577409
1.136625,0.785480334890196,-0.001474720577409
1.13675,0.78548528562727,-0.001474720577409
1.136875,0.785490230737667,-0.001474720577409
1.137,0.785495170124538,-0.00148972829978758
1.137125,0.78550010369061,-0.00148972829978758
1.13725,0.785505031338214,-0.00148972829978758
1.137375,0.785509952969349,-0.00148972829978758
1.1375,0.785514868485747,-0.00148972829978758
1.137625,0.785519777788922,-0.00148972829978758
1.13775,0.785524680780236,-0.00148972829978758
1.137875,0.785529577360952,-0.00148972829978758
1.138,0.78553446743229,-0.00149966700151273
1.138125,0.785539350895486,-0.00149966700151273
1.13825,0.785544227651825,-0.00149966700151273
1.138375,0.785549097602708,-0.00149966700151273
1.1385,0.785553960649708,-0.00149966700151273
1.138625,0.785558816694627,-0.00149966700151273
1.13875,0.785563665639555,-0.00149966700151273
1.138875,0.785568507386921,-0.00149966700151273
1.139,0.785573341839554,-0.00150427727301134
1.139125,0.785578168900733,-0.00150427727301134
1.13925,0.785582988474236,-0.00150427727301134
1.139375,0.785587800464399,-0.00150427727301134
1.1395,0.785592604776165,-0.00150427727301134
1.139625,0.785597401315144,-0.00150427727301134
1.13975,0.785602189987665,-0.00150427727301134
1.139875,0.785606970700827,-0.00150427727301134
1.14,0.785611743362553,-0.00150344470994364
1.140125,0.785616507881643,-0.00150344470994364
1.14025,0.785621264167823,-0.00150344470994364
1.140375,0.7856260121318,-0.00150344470994364
1.1405,0.78563075168531,-0.00150344470994364
1.140625,0.785635482741166,-0.00150344470994364
1.14075,0.785640205213307,-0.00150344470994364
1.140875,0.785644919016849,-0.00150344470994364
1.141,0.78564962406813,-0.00292004553214465
1.141125,0.785654320284207,-0.00292004553214465
1.14125,0.785659007580591,-0.00292004553214465
1.141375,0.785663685871741,-0.00292004553214465
1.1415,0.785668355071493,-0.00292004553214465
1.141625,0.785673015093114,-0.00292004553214465
1.14175,0.785677665849352,-0.00292004553214465
1.141875,0.785682307252492,-0.00292004553214465
1.142,0.785686939214408,-0.00291787982292976
1.142125,0.785691561646617,-0.00291787982292976
1.14225,0.785696174460333,-0.00291787982292976
1.142375,0.785700777566527,-0.00291787982292976
1.1425,0.785705370875973,-0.00291787982292976
1.142625,0.785709954299303,-0.00291787982292976
1.14275,0.785714527747062,-0.00291787982292976
1.142875,0.785719091129761,-0.00291787982292976
1.143,0.78572364435793,-0.00291073643961295
1.143125,0.785728187342173,-0.00291073643961295
1.14325,0.785732719993234,-0.00291073643961295
1.143375,0.785737242222046,-0.00291073643961295
1.1435,0.785741753939784,-0.00291073643961295
1.143625,0.785746255057916,-0.00291073643961295
1.14375,0.785750745488253,-0.00291073643961295
1.143875,0.785755225143007,-0.00291073643961295
1.144,0.785759693934836,-0.0028983919120706
1.144125,0.785764151776902,-0.0028983919120706
1.14425,0.785768598582943,-0.0028983919120706
1.144375,0.785773034267321,-0.0028983919120706
1.1445,0.785777458745063,-0.0028983919120706
1.144625,0.785781871931915,-0.0028983919120706
1.14475,0.785786273744392,-0.0028983919120706
1.144875,0.785790664099821,-0.0028983919120706
1.145,0.785795042916393,-0.00288076568818049
1.145125,0.785799410113218,-0.00288076568818049
1.14525,0.785803765610395,-0.00288076568818049
1.145375,0.78580810932906,-0.00288076568818049
1.1455,0.785812441191419,-0.00288076568818049
1.145625,0.7858167611208,-0.00288076568818049
1.14575,0.785821069041689,-0.00288076568818049
1.145875,0.785825364879781,-0.00288076568818049
1.146,0.785829648562016,-0.00423305286860948
1.146125,0.785833920016106,-0.00423305286860948
1.14625,0.785838179168356,-0.00423305286860948
1.146375,0.785842425944142,-0.00423305286860948
1.1465,0.785846660268318,-0.00423305286860948
1.146625,0.78585088206526,-0.00423305286860948
1.14675,0.785855091258916,-0.00423305286860948
1.146875,0.78585928777285,-0.00423305286860948
1.147,0.785863471530296,-0.00421419745233138
1.147125,0.785867642454208,-0.00421419745233138
1.14725,0.785871800467341,-0.00421419745233138
1.147375,0.785875945492292,-0.00421419745233138
1.1475,0.785880077451542,-0.00421419745233138
1.147625,0.785884196267508,-0.00421419745233138
1.14775,0.785888301862586,-0.00421419745233138
1.147875,0.785892394159202,-0.00421419745233138
1.148,0.785896473079856,-0.00419061402195222
1.148125,0.785900538547185,-0.00419061402195222
1.14825,0.78590459048404,-0.00419061402195222
1.148375,0.785908628813534,-0.00419061402195222
1.1485,0.785912653459078,-0.00419061402195222
1.148625,0.785916664344427,-0.00419061402195222
1.14875,0.78592066139373,-0.00419061402195222
1.148875,0.785924644531572,-0.00419061402195222
1.149,0.785928613683022,-0.00416212127287527
1.149125,0.785932568773688,-0.00416212127287527
1.14925,0.785936509729811,-0.00416212127287527
1.149375,0.785940436478294,-0.00416212127287527
1.1495,0.785944348946748,-0.00416212127287527
1.149625,0.785948247063527,-0.00416212127287527
1.14975,0.785952130757773,-0.00416212127287527
1.149875,0.785955999959461,-0.00416212127287527
1.15,0.785959854599441,-0.00412867419206742
1.150125,0.785963694609486,-0.00412867419206742
1.15025,0.785967519922395,-0.00412867419206742
1.150375,0.785971330472018,-0.00412867419206742
1.1505,0.785975126193288,-0.00412867419206742
1.150625,0.785978907022258,-0.00412867419206742
1.15075,0.785982672896141,-0.00412867419206742
1.150875,0.785986423753347,-0.00412867419206742
1.151,0.785990159533515,-0.0053748380333242
1.151125,0.785993880177075,-0.0053748380333242
1.15125,0.785997585623241,-0.0053748380333242
1.151375,0.786001275810443,-0.0053748380333242
1.1515,0.786004950676699,-0.0053748380333242
1.151625,0.786008610159659,-0.0053748380333242
1.15175,0.78601225419664,-0.0053748380333242
1.151875,0.786015882724675,-0.0053748380333242
1.152,0.786019495680544,-0.00534030384363346
1.152125,0.786023093000838,-0.00534030384363346
1.15225,0.78602667462205,-0.00534030384363346
1.152375,0.786030240480609,-0.00534030384363346
1.1525,0.78603379051291,-0.00534030384363346
1.152625,0.786037324655354,-0.00534030384363346
1.15275,0.786040842844393,-0.00534030384363346
1.152875,0.786044345016564,-0.00534030384363346
1.153,0.786047831108536,-0.00530143736368386
1.153125,0.786051301057163,-0.00530143736368386
1.15325,0.786054754799586,-0.00530143736368386
1.153375,0.786058192273263,-0.00530143736368386
1.1535,0.786061613415997,-0.00530143736368386
1.153625,0.786065018165976,-0.00530143736368386
1.15375,0.786068406461813,-0.00530143736368386
1.153875,0.786071778242583,-0.00530143736368386
1.154,0.78607513344786,-0.00525810415996042
1.154125,0.786078472017777,-0.00525810415996042
1.15425,0.786081793893129,-0.00525810415996042
1.154375,0.7860850990154,-0.00525810415996042
1.1545,0.786088387326787,-0.00525810415996042
1.154625,0.786091658770234,-0.00525810415996042
1.15475,0.786094913289473,-0.00525810415996042
1.154875,0.786098150829053,-0.00525810415996042
1.155,0.786101371334379,-0.0052102952572647
1.155125,0.786104574751762,-0.0052102952572647
1.15525,0.786107761028532,-0.0052102952572647
1.155375,0.786110930113057,-0.0052102952572647
1.1555,0.786114081954757,-0.0052102952572647
1.155625,0.786117216504144,-0.0052102952572647
1.15575,0.786120333712845,-0.0052102952572647
1.155875,0.786123433533634,-0.0052102952572647
1.156,0.786126515920466,-0.0063130477775169
1.156125,0.786129580828073,-0.0063130477775169
1.15625,0.786132628210196,-0.0063130477775169
1.156375,0.786135658019958,-0.0063130477775169
1.1565,0.786138670210194,-0.0063130477775169
1.156625,0.786141664733485,-0.0063130477775169
1.15675,0.786144641542185,-0.0063130477775169
1.156875,0.786147600588462,-0.0063130477775169
1.157,0.786150541824325,-0.00626432632739336
1.157125,0.786153465201681,-0.00626432632739336
1.15725,0.786156370672442,-0.00626432632739336
1.157375,0.786159258188549,-0.00626432632739336
1.1575,0.786162127701988,-0.00626432632739336
1.157625,0.786164979164822,-0.00626432632739336
1.15775,0.786167812529227,-0.00626432632739336
1.157875,0.786170627747523,-0.00626432632739336
1.158,0.786173424772207,-0.00621179774485127
1.158125,0.786176203556002,-0.00621179774485127
1.15825,0.786178964051981,-0.00621179774485127
1.158375,0.786181706213577,-0.00621179774485127
1.1585,0.786184429994603,-0.00621179774485127
1.158625,0.786187135349283,-0.00621179774485127
1.15875,0.78618982223228,-0.00621179774485127
1.158875,0.786192490598731,-0.00621179774485127
1.159,0.786195140404274,-0.00615537753865
1.159125,0.786197771605099,-0.00615537753865
1.15925,0.786200384158073,-0.00615537753865
1.159375,0.786202978020749,-0.00615537753865
1.1595,0.786205553151378,-0.00615537753865
1.159625,0.78620810950894,-0.00615537753865
1.15975,0.786210647053169,-0.00615537753865
1.159875,0.786213165744582,-0.00615537753865
1.16,0.786215665544503,-0.00609509209569485
1.160125,0.786218146415114,-0.00609509209569485
1.16025,0.786220608319581,-0.00609509209569485
1.160375,0.786223051222054,-0.00609509209569485
1.1605,0.786225475087681,-0.00609509209569485
1.160625,0.786227879882629,-0.00609509209569485
1.16075,0.786230265574105,-0.00609509209569485
1.160875,0.786232632130381,-0.00609509209569485
1.161,0.786234979520816,-0.00702276028868575
1.161125,0.786237307715516,-0.00702276028868575
1.16125,0.78623961668384,-0.00702276028868575
1.161375,0.786241906394715,-0.00702276028868575
1.1615,0.786244176816908,-0.00702276028868575
1.161625,0.786246427919048,-0.00702276028868575
1.16175,0.786248659669652,-0.00702276028868575
1.161875,0.786250872037151,-0.00702276028868575
1.162,0.786253064989912,-0.00696176285824774
1.162125,0.786255238496287,-0.00696176285824774
1.16225,0.786257392524736,-0.00696176285824774
1.162375,0.786259527043836,-0.00696176285824774
1.1625,0.786261642022282,-0.00696176285824774
1.162625,0.786263737428917,-0.00696176285824774
1.16275,0.786265813232752,-0.00696176285824774
1.162875,0.786267869402992,-0.00696176285824774
1.163,0.786269905909059,-0.00689759252402429
1.163125,0.786271922720636,-0.00689759252402429
1.16325,0.786273919807801,-0.00689759252402429
1.163375,0.786275897141027,-0.00689759252402429
1.1635,0.786277854691186,-0.00689759252402429
1.163625,0.786279792429571,-0.00689759252402429
1.16375,0.786281710327921,-0.00689759252402429
1.163875,0.786283608358439,-0.00689759252402429
1.164,0.786285486493814,-0.00683021611441607
1.164125,0.786287344707269,-0.00683021611441607
1.16425,0.78628918297269,-0.00683021611441607
1.164375,0.786291001264626,-0.00683021611441607
1.1645,0.786292799558292,-0.00683021611441607
1.164625,0.786294577829583,-0.00683021611441607
1.16475,0.786296336055097,-0.00683021611441607
1.164875,0.786298074212153,-0.00683021611441607
1.165,0.786299792278806,-0.00675969357831496
1.165125,0.786301490233895,-0.00675969357831496
1.16525,0.786303168057171,-0.00675969357831496
1.165375,0.786304825729297,-0.00675969357831496
1.1655,0.786306463231837,-0.00675969357831496
1.165625,0.786308080547277,-0.00675969357831496
1.16575,0.786309677659038,-0.00675969357831496
1.165875,0.786311254551488,-0.00675969357831496
1.166,0.786312811209957,-0.00748709795982235
1.166125,0.786314347620469,-0.00748709795982235
1.16625,0.786315863768564,-0.00748709795982235
1.166375,0.786317359639543,-0.00748709795982235
1.1665,0.786318835218677,-0.00748709795982235
1.166625,0.78632029049122,-0.00748709795982235
1.16675,0.786321725442426,-0.00748709795982235
1.166875,0.786323140057564,-0.00748709795982235
1.167,0.786324534321933,-0.00741608286984582
1.167125,0.786325908220906,-0.00741608286984582
1.16725,0.786327261740059,-0.00741608286984582
1.167375,0.786328594865163,-0.00741608286984582
1.1675,0.786329907582182,-0.00741608286984582
1.167625,0.786331199877287,-0.00741608286984582
1.16775,0.786332471736867,-0.00741608286984582
1.167875,0.786333723147549,-0.00741608286984582
1.168,0.786334954096205,-0.00734261482509845
1.168125,0.786336164570001,-0.00734261482509845
1.16825,0.786337354556524,-0.00734261482509845
1.168375,0.786338524043778,-0.00734261482509845
1.1685,0.786339673020172,-0.00734261482509845
1.168625,0.786340801474538,-0.00734261482509845
1.16875,0.786341909396137,-0.00734261482509845
1.168875,0.786342996774677,-0.00734261482509845
1.169,0.786344063600321,-0.00726671165542004
1.169125,0.786345109863729,-0.00726671165542004
1.16925,0.786346135556192,-0.00726671165542004
1.169375,0.786347140669621,-0.00726671165542004
1.1695,0.786348125196535,-0.00726671165542004
1.169625,0.786349089130071,-0.00726671165542004
1.16975,0.786350032463994,-0.00726671165542004
1.169875,0.786350955192708,-0.00726671165542004
1.17,0.786351857311258,-0.0071884640334021
1.170125,0.786352738815377,-0.0071884640334021
1.17025,0.786353599701616,-0.0071884640334021
1.170375,0.786354439967328,-0.0071884640334021
1.1705,0.786355259610656,-0.0071884640334021
1.170625,0.786356058630534,-0.0071884640334021
1.17075,0.786356837026701,-0.0071884640334021
1.170875,0.786357594799696,-0.0071884640334021
1.171,0.786358331950873,-0.00769755696019316
1.171125,0.786359048482202,-0.00769755696019316
1.17125,0.786359744395441,-0.00769755696019316
1.171375,0.786360419692309,-0.00769755696019316
1.1715,0.786361074374616,-0.00769755696019316
1.171625,0.786361708444279,-0.00769755696019316
1.17175,0.786362321903323,-0.00769755696019316
1.171875,0.786362914753887,-0.00769755696019316
1.172,0.786363486998229,-0.00761904750766747
1.172125,0.786364038638765,-0.00761904750766747
1.17225,0.786364569678201,-0.00761904750766747
1.172375,0.786365080119512,-0.00761904750766747
1.1725,0.786365569965928,-0.00761904750766747
1.172625,0.786366039220938,-0.00761904750766747
1.17275,0.786366487888293,-0.00761904750766747
1.172875,0.786366915972014,-0.00761904750766747
1.173,0.786367323476394,-0.00753886525908549
1.173125,0.786367710406032,-0.00753886525908549
1.17325,0.78636807676597,-0.00753886525908549
1.173375,0.786368422561669,-0.00753886525908549
1.1735,0.786368747798993,-0.00753886525908549
1.173625,0.786369052484213,-0.00753886525908549
1.17375,0.786369336624003,-0.00753886525908549
1.173875,0.786369600225451,-0.00753886525908549
1.174,0.786369843296055,-0.00745707708787833
1.174125,0.786370065843759,-0.00745707708787833
1.17425,0.786370267877089,-0.00745707708787833
1.174375,0.786370449405126,-0.00745707708787833
1.1745,0.786370610437487,-0.00745707708787833
1.174625,0.786370750984324,-0.00745707708787833
1.17475,0.786370871056326,-0.00745707708787833
1.174875,0.786370970664718,-0.00745707708787833
1.175,0.786371049821257,-0.00737380063361838
1.175125,0.786371108538271,-0.00737380063361838
1.17525,0.786371146828786,-0.00737380063361838
1.175375,0.786371164706504,-0.00737380063361838
1.1755,0.786371162185776,-0.00737380063361838
1.175625,0.786371139281599,-0.00737380063361838
1.17575,0.786371096009614,-0.00737380063361838
1.175875,0.786371032386103,-0.00737380063361838
1.176,0.786370948427986,-0.00765405339813197
1.176125,0.786370844152707,-0.00765405339813197
1.17625,0.786370719577772,-0.00765405339813197
1.176375,0.786370574720837,-0.00765405339813197
1.1765,0.786370409599774,-0.00765405339813197
1.176625,0.78637022423267,-0.00765405339813197
1.17675,0.786370018637827,-0.00765405339813197
1.176875,0.78636979283375,-0.00765405339813197
1.177,0.786369546839153,-0.00757074931670633
1.177125,0.786369280672978,-0.00757074931670633
1.17725,0.786368994354534,-0.00757074931670633
1.177375,0.786368687903463,-0.00757074931670633
1.1775,0.786368361339715,-0.00757074931670633
1.177625,0.786368014683541,-0.00757074931670633
1.17775,0.786367647955489,-0.00757074931670633
1.177875,0.786367261176399,-0.00757074931670633
1.178,0.786366854367398,-0.00748658601975849
1.178125,0.786366427549926,-0.00748658601975849
1.17825,0.786365980745868,-0.00748658601975849
1.178375,0.786365513977522,-0.00748658601975849
1.1785,0.786365027267571,-0.00748658601975849
1.178625,0.786364520639073,-0.00748658601975849
1.17875,0.786363994115459,-0.00748658601975849
1.178875,0.786363447720522,-0.00748658601975849
1.179,0.78636288147841,-0.00740167593608439
1.179125,0.786362295413655,-0.00740167593608439
1.17925,0.786361689551299,-0.00740167593608439
1.179375,0.786361063916865,-0.00740167593608439
1.1795,0.786360418536319,-0.00740167593608439
1.179625,0.786359753436068,-0.00740167593608439
1.17975,0.786359068642948,-0.00740167593608439
1.179875,0.786358364184212,-0.00740167593608439
1.18,0.786357640087527,-0.00731615914481641
1.180125,0.786356896380993,-0.00731615914481641
1.18025,0.786356133093274,-0.00731615914481641
1.180375,0.786355350253559,-0.00731615914481641
1.1805,0.786354547891534,-0.00731615914481641
1.180625,0.786353726037364,-0.00731615914481641
1.18075,0.786352884721687,-0.00731615914481641
1.180875,0.786352023975599,-0.00731615914481641
1.181,0.786351143830647,-0.00736469814805381
1.181125,0.786350244318793,-0.00736469814805381
1.18125,0.786349325472325,-0.00736469814805381
1.181375,0.786348387323861,-0.00736469814805381
1.1815,0.786347429906348,-0.00736469814805381
1.181625,0.786346453253051,-0.00736469814805381
1.18175,0.786345457397538,-0.00736469814805381
1.181875,0.786344442373671,-0.00736469814805381
1.182,0.786343408215589,-0.00727938366349674
1.182125,0.786342354957731,-0.00727938366349674
1.18225,0.786341282634961,-0.00727938366349674
1.182375,0.786340191282528,-0.00727938366349674
1.1825,0.786339080936028,-0.00727938366349674
1.182625,0.786337951631393,-0.00727938366349674
1.18275,0.786336803404872,-0.00727938366349674
1.182875,0.786335636293023,-0.00727938366349674
1.183,0.786334450332692,-0.00719402980718054
1.183125,0.786333245561034,-0.00719402980718054
1.18325,0.786332022015642,-0.00719402980718054
1.183375,0.786330779734496,-0.00719402980718054
1.1835,0.786329518755933,-0.00719402980718054
1.183625,0.786328239118625,-0.00719402980718054
1.18375,0.78632694086157,-0.00719402980718054
1.183875,0.786325624024067,-0.00719402980718054
1.184,0.78632428864571,-0.00710878969996114
1.184125,0.786322934766395,-0.00710878969996114
1.18425,0.786321562426452,-0.00710878969996114
1.184375,0.786320171666592,-0.00710878969996114
1.1845,0.786318762527875,-0.00710878969996114
1.184625,0.786317335051689,-0.00710878969996114
1.18475,0.786315889279732,-0.00710878969996114
1.184875,0.786314425253998,-0.00710878969996114
1.185,0.786312943016754,-0.00702382073073774
1.185125,0.78631144261056,-0.00702382073073774
1.18525,0.786309924078386,-0.00702382073073774
1.185375,0.78630838746357,-0.00702382073073774
1.1855,0.786306832809775,-0.00702382073073774
1.185625,0.786305260160969,-0.00702382073073774
1.18575,0.786303669561409,-0.00702382073073774
1.185875,0.78630206105562,-0.00702382073073774
1.186,0.786300434688377,-0.00684531888207755
1.186125,0.786298790504752,-0.00684531888207755
1.18625,0.78629712855039,-0.00684531888207755
1.186375,0.78629544887143,-0.00684531888207755
1.1865,0.786293751514438,-0.00684531888207755
1.186625,0.786292036526386,-0.00684531888207755
1.18675,0.78629030395463,-0.00684531888207755
1.186875,0.786288553846892,-0.00684531888207755
1.187,0.786286786251233,-0.00676077049606093
1.187125,0.786285001216072,-0.00676077049606093
1.18725,0.786283198790294,-0.00676077049606093
1.187375,0.786281379023209,-0.00676077049606093
1.1875,0.7862795419645,-0.00676077049606093
1.187625,0.786277687664206,-0.00676077049606093
1.18775,0.786275816172699,-0.00676077049606093
1.187875,0.786273927540656,-0.00676077049606093
1.188,0.786272021819042,-0.00667698220921788
1.188125,0.786270099059116,-0.00667698220921788
1.18825,0.786268159312545,-0.00667698220921788
1.188375,0.786266202631356,-0.00667698220921788
1.1885,0.786264229067887,-0.00667698220921788
1.188625,0.786262238674765,-0.00667698220921788
1.18875,0.78626023150488,-0.00667698220921788
1.188875,0.786258207611365,-0.00667698220921788
1.189,0.786256167047565,-0.00659414178943482
1.189125,0.78625410986705,-0.00659414178943482
1.18925,0.786252036123726,-0.00659414178943482
1.189375,0.78624994587178,-0.00659414178943482
1.1895,0.786247839165635,-0.00659414178943482
1.189625,0.786245716059927,-0.00659414178943482
1.18975,0.786243576609478,-0.00659414178943482
1.189875,0.786241420869268,-0.00659414178943482
1.19,0.786239248894415,-0.00651241838477288
1.190125,0.786237060740178,-0.00651241838477288
1.19025,0.786234856462065,-0.00651241838477288
1.190375,0.786232636115785,-0.00651241838477288
1.1905,0.786230399757195,-0.00651241838477288
1.190625,0.786228147442279,-0.00651241838477288
1.19075,0.786225879227119,-0.00651241838477288
1.190875,0.786223595167871,-0.00651241838477288
1.191,0.786221295320738,-0.00611875051877328
1.191125,0.786218979742098,-0.00611875051877328
1.19125,0.786216648489118,-0.00611875051877328
1.191375,0.786214301619606,-0.00611875051877328
1.1915,0.786211939191878,-0.00611875051877328
1.191625,0.786209561264727,-0.00611875051877328
1.19175,0.786207167897397,-0.00611875051877328
1.191875,0.786204759149555,-0.00611875051877328
1.192,0.78620233508126,-0.00603764755215557
1.192125,0.786199895752965,-0.00603764755215557
1.19225,0.786197441225623,-0.00603764755215557
1.192375,0.78619497156063,-0.00603764755215557
1.1925,0.786192486819775,-0.00603764755215557
1.192625,0.786189987065205,-0.00603764755215557
1.19275,0.786187472359404,-0.00603764755215557
1.192875,0.786184942765152,-0.00603764755215557
1.193,0.786182398345504,-0.0059580585156951
1.193125,0.786179839163783,-0.0059580585156951
1.19325,0.786177265283685,-0.0059580585156951
1.193375,0.786174676769217,-0.0059580585156951
1.1935,0.786172073684652,-0.0059580585156951
1.193625,0.78616945609449,-0.0059580585156951
1.19375,0.786166824063431,-0.0059580585156951
1.193875,0.786164177656346,-0.0059580585156951
1.194,0.786161516938238,-0.00588019882190746
1.194125,0.786158841974248,-0.00588019882190746
1.19425,0.786156152829746,-0.00588019882190746
1.194375,0.786153449570278,-0.00588019882190746
1.1945,0.78615073226151,-0.00588019882190746
1.194625,0.786148000969199,-0.00588019882190746
1.19475,0.78614525575916,-0.00588019882190746
1.194875,0.786142496697234,-0.00588019882190746
1.195,0.786139723849257,-0.00580424359532344
1.195125,0.786136937281055,-0.00580424359532344
1.19525,0.78613413705854,-0.00580424359532344
1.195375,0.786131323247653,-0.00580424359532344
1.1955,0.786128495914309,-0.00580424359532344
1.195625,0.786125655124369,-0.00580424359532344
1.19575,0.786122800943607,-0.00580424359532344
1.195875,0.786119933437677,-0.00580424359532344
1.196,0.786117052672085,-0.00521391843359682
1.196125,0.786114158712379,-0.00521391843359682
1.19625,0.786111251625089,-0.00521391843359682
1.196375,0.786108331477506,-0.00521391843359682
1.1965,0.786105398337488,-0.00521391843359682
1.196625,0.786102452273428,-0.00521391843359682
1.19675,0.78609949335422,-0.00521391843359682
1.196875,0.78609652164922,-0.00521391843359682
1.197,0.786093537228215,-0.00513875912908218
1.197125,0.786090540161413,-0.00513875912908218
1.19725,0.786087530519534,-0.00513875912908218
1.197375,0.786084508373748,-0.00513875912908218
1.1975,0.786081473795618,-0.00513875912908218
1.197625,0.786078426857065,-0.00513875912908218
1.19775,0.786075367630333,-0.00513875912908218
1.197875,0.786072296187947,-0.00513875912908218
1.198,0.786069212602683,-0.00506579882150436
1.198125,0.786066116947554,-0.00506579882150436
1.19825,0.786063009295895,-0.00506579882150436
1.198375,0.786059889721304,-0.00506579882150436
1.1985,0.78605675829758,-0.00506579882150436
1.198625,0.786053615098692,-0.00506579882150436
1.19875,0.786050460198737,-0.00506579882150436
1.198875,0.786047293671907,-0.00506579882150436
1.199,0.786044115592444,-0.00499527285730621
1.199125,0.786040926034639,-0.00499527285730621
1.19925,0.786037725072905,-0.00499527285730621
1.199375,0.786034512781715,-0.00499527285730621
1.1995,0.786031289235553,-0.00499527285730621
1.199625,0.78602805450887,-0.00499527285730621
1.19975,0.786024808676047,-0.00499527285730621
1.199875,0.786021551811363,-0.00499527285730621
1.2,0.786018283988952,-0.00492735651372129
1.200125,0.786015005282796,-0.00492735651372129
1.20025,0.786011715766796,-0.00492735651372129
1.200375,0.786008415514716,-0.00492735651372129
1.2005,0.786005104600128,-0.00492735651372129
1.200625,0.786001783096375,-0.00492735651372129
1.20075,0.785998451076532,-0.00492735651372129
1.200875,0.785995108613376,-0.00492735651372129
1.201,0.785991755779342,-0.00416474510840559
1.201125,0.785988392646786,-0.00416474510840559
1.20125,0.785985019289199,-0.00416474510840559
1.201375,0.785981635780921,-0.00416474510840559
1.2015,0.785978242196904,-0.00416474510840559
1.201625,0.785974838612674,-0.00416474510840559
1.20175,0.785971425104284,-0.00416474510840559
1.201875,0.78596800174828,-0.00416474510840559
1.202,0.785964568621661,-0.00409777079524063
1.202125,0.785961125801858,-0.00409777079524063
1.20225,0.78595767336681,-0.00409777079524063
1.202375,0.785954211394899,-0.00409777079524063
1.2025,0.785950739964889,-0.00409777079524063
1.202625,0.785947259155888,-0.00409777079524063
1.20275,0.785943769047304,-0.00409777079524063
1.202875,0.785940269718803,-0.00409777079524063
1.203,0.785936761250271,-0.00403359148361717
1.203125,0.785933243721794,-0.00403359148361717
1.20325,0.785929717213719,-0.00403359148361717
1.203375,0.785926181806598,-0.00403359148361717
1.2035,0.785922637581122,-0.00403359148361717
1.203625,0.785919084618086,-0.00403359148361717
1.20375,0.785915522998339,-0.00403359148361717
1.203875,0.785911952802748,-0.00403359148361717
1.204,0.785908374112155,-0.00397245430180661
1.204125,0.785904787007355,-0.00397245430180661
1.20425,0.785901191569159,-0.00397245430180661
1.204375,0.78589758787833,-0.00397245430180661
1.2045,0.785893976015526,-0.00397245430180661
1.204625,0.785890356061258,-0.00397245430180661
1.20475,0.785886728095847,-0.00397245430180661
1.204875,0.785883092199387,-0.00397245430180661
1.205,0.785879448451697,-0.0039145290034153
1.205125,0.78587579693231,-0.0039145290034153
1.20525,0.785872137720521,-0.0039145290034153
1.205375,0.785868470895331,-0.0039145290034153
1.2055,0.785864796535391,-0.0039145290034153
1.205625,0.78586111471896,-0.0039145290034153
1.20575,0.785857425523869,-0.0039145290034153
1.205875,0.785853729027475,-0.0039145290034153
1.206,0.78585002530663,-0.00300891950222308
1.206125,0.785846314437984,-0.00300891950222308
1.20625,0.785842596499431,-0.00300891950222308
1.206375,0.785838871569781,-0.00300891950222308
1.2065,0.785835139728477,-0.00300891950222308
1.206625,0.785831401055548,-0.00300891950222308
1.20675,0.785827655631573,-0.00300891950222308
1.206875,0.785823903537629,-0.00300891950222308
1.207,0.78582014485525,-0.00295204900635599
1.207125,0.785816379666409,-0.00295204900635599
1.20725,0.785812608053559,-0.00295204900635599
1.207375,0.785808830099578,-0.00295204900635599
1.2075,0.785805045887703,-0.00295204900635599
1.207625,0.785801255501488,-0.00295204900635599
1.20775,0.78579745902476,-0.00295204900635599
1.207875,0.785793656541572,-0.00295204900635599
1.208,0.785789848136156,-0.00289846356124488
1.208125,0.785786033892903,-0.00289846356124488
1.20825,0.785782213896402,-0.00289846356124488
1.208375,0.78577838823138,-0.00289846356124488
1.2085,0.785774556982641,-0.00289846356124488
1.208625,0.785770720235019,-0.00289846356124488
1.20875,0.785766878073338,-0.00289846356124488
1.208875,0.785763030582361,-0.00289846356124488
1.209,0.785759177846747,-0.00284841375955032
1.209125,0.785755319951027,-0.00284841375955032
1.20925,0.785751456979639,-0.00284841375955032
1.209375,0.785747589016869,-0.00284841375955032
1.2095,0.785743716146792,-0.00284841375955032
1.209625,0.785739838453227,-0.00284841375955032
1.20975,0.785735956019694,-0.00284841375955032
1.209875,0.78573206892937,-0.00284841375955032
1.21,0.785728177265043,-0.00280205848268182
1.210125,0.78572428110909,-0.00280205848268182
1.21025,0.785720380543508,-0.00280205848268182
1.210375,0.785716475649855,-0.00280205848268182
1.2105,0.785712566509197,-0.00280205848268182
1.210625,0.785708653202066,-0.00280205848268182
1.21075,0.785704735808416,-0.00280205848268182
1.210875,0.785700814407582,-0.00280205848268182
1.211,0.78569688907824,-0.00178657569166414
1.211125,0.785692959898759,-0.00178657569166414
1.21125,0.785689026948817,-0.00178657569166414
1.211375,0.785685090309042,-0.00178657569166414
1.2115,0.785681150060692,-0.00178657569166414
1.211625,0.785677206285615,-0.00178657569166414
1.21175,0.785673259066196,-0.00178657569166414
1.211875,0.785669308485321,-0.00178657569166414
1.212,0.785665354626321,-0.00174135183359002
1.212125,0.785661397572949,-0.00174135183359002
1.21225,0.785657437409406,-0.00174135183359002
1.212375,0.78565347422028,-0.00174135183359002
1.2125,0.785649508090488,-0.00174135183359002
1.212625,0.785645539105226,-0.00174135183359002
1.21275,0.785641567349927,-0.00174135183359002
1.212875,0.785637592910209,-0.00174135183359002
1.213,0.785633615871831,-0.00169978409052705
1.213125,0.785629636320661,-0.00169978409052705
1.21325,0.785625654342697,-0.00169978409052705
1.213375,0.785621670024006,-0.00169978409052705
1.2135,0.785617683450667,-0.00169978409052705
1.213625,0.785613694708723,-0.00169978409052705
1.21375,0.785609703884135,-0.00169978409052705
1.213875,0.785605711062734,-0.00169978409052705
1.214,0.785601716330177,-0.00166211831163106
1.214125,0.78559771977191,-0.00166211831163106
1.21425,0.785593721473189,-0.00166211831163106
1.214375,0.785589721519018,-0.00166211831163106
1.2145,0.785585719994094,-0.00166211831163106
1.214625,0.785581716982762,-0.00166211831163106
1.21475,0.785577712568971,-0.00166211831163106
1.214875,0.785573706836225,-0.00166211831163106
1.215,0.785569699867539,-0.00162849765090964
1.215125,0.785565691745412,-0.00162849765090964
1.21525,0.785561682551833,-0.00162849765090964
1.215375,0.785557672368227,-0.00162849765090964
1.2155,0.785553661275406,-0.00162849765090964
1.215625,0.785549649353523,-0.00162849765090964
1.21575,0.785545636682029,-0.00162849765090964
1.215875,0.785541623339633,-0.00162849765090964
1.216,0.78553760940426,-0.000538929995245829
1.216125,0.785533594953428,-0.000538929995245829
1.21625,0.785529580065994,-0.000538929995245829
1.216375,0.785525564821758,-0.000538929995245829
1.2165,0.785521549301136,-0.000538929995245829
1.216625,0.785517533585107,-0.000538929995245829
1.21675,0.785513517755173,-0.000538929995245829
1.216875,0.785509501893307,-0.000538929995245829
1.217,0.785505486081908,-0.000506479624932607
1.217125,0.78550147040377,-0.000506479624932607
1.21725,0.785497454942082,-0.000506479624932607
1.217375,0.785493439780377,-0.000506479624932607
1.2175,0.785489425002471,-0.000506479624932607
1.217625,0.785485410692417,-0.000506479624932607
1.21775,0.78548139693446,-0.000506479624932607
1.217875,0.785477383812986,-0.000506479624932607
1.218,0.785473371412478,-0.000477928607372535
1.218125,0.785469359817476,-0.000477928607372535
1.21825,0.785465349112579,-0.000477928607372535
1.218375,0.785461339382388,-0.000477928607372535
1.2185,0.78545733071145,-0.000477928607372535
1.218625,0.785453323184212,-0.000477928607372535
1.21875,0.785449316884974,-0.000477928607372535
1.218875,0.785445311897842,-0.000477928607372535
1.219,0.78544130830668,-0.000453510213072002
1.219125,0.785437306195075,-0.000453510213072002
1.21925,0.78543330564633,-0.000453510213072002
1.219375,0.785429306743409,-0.000453510213072002
1.2195,0.785425309568886,-0.000453510213072002
1.219625,0.785421314204899,-0.000453510213072002
1.21975,0.785417320733107,-0.000453510213072002
1.219875,0.78541332923464,-0.000453510213072002
1.22,0.785409339790061,-0.000433347651405708
1.220125,0.785405352479324,-0.000433347651405708
1.22025,0.785401367381768,-0.000433347651405708
1.220375,0.785397384576065,-0.000433347651405708
1.2205,0.785393404140171,-0.000433347651405708
1.220625,0.785389426151286,-0.000433347651405708
1.22075,0.785385450685811,-0.000433347651405708
1.220875,0.785381477819305,-0.000433347651405708
1.221,0.785377507626449,0.000693076567518406
1.221125,0.785373540181434,0.000693076567518406
1.22125,0.785369575559769,0.000693076567518406
1.221375,0.785365613837878,0.000693076567518406
1.2215,0.785361655092759,0.000693076567518406
1.221625,0.785357699401936,0.000693076567518406
1.22175,0.785353746843414,0.000693076567518406
1.221875,0.785349797495635,0.000693076567518406
1.222,0.785345851437432,0.000712068015791681
1.222125,0.785341908747989,0.000712068015791681
1.22225,0.785337969506825,0.000712068015791681
1.222375,0.785334033793747,0.000712068015791681
1.2225,0.785330101688794,0.000712068015791681
1.222625,0.78532617327219,0.000712068015791681
1.22275,0.785322248624303,0.000712068015791681
1.222875,0.785318327825594,0.000712068015791681
1.223,0.785314410956571,0.000727049175481983
1.223125,0.785310498097752,0.000727049175481983
1.22325,0.78530658932964,0.000727049175481983
1.223375,0.785302684732673,0.000727049175481983
1.2235,0.785298784387176,0.000727049175481983
1.223625,0.785294888373313,0.000727049175481983
1.22375,0.78529099677104,0.000727049175481983
1.223875,0.785287109660065,0.000727049175481983
1.224,0.785283227119797,0.000737806574594046
1.224125,0.785279349229309,0.000737806574594046
1.22425,0.785275476067308,0.000737806574594046
1.224375,0.785271607712091,0.000737806574594046
1.2245,0.785267744241494,0.000737806574594046
1.224625,0.785263885732851,0.000737806574594046
1.22475,0.785260032262948,0.000737806574594046
1.224875,0.785256183907984,0.000737806574594046
1.225,0.785252340743523,0.000744240408788338
1.225125,0.78524850284446,0.000744240408788338
1.22525,0.785244670284985,0.000744240408788338
1.225375,0.785240843138543,0.000744240408788338
1.2255,0.78523702147779,0.000744240408788338
1.225625,0.785233205374552,0.000744240408788338
1.22575,0.785229394899786,0.000744240408788338
1.225875,0.785225590123544,0.000744240408788338
1.226,0.785221791114927,0.00187008857973183
1.226125,0.785217997942488,0.00187008857973183
1.22625,0.785214210676034,0.00187008857973183
1.226375,0.785210429386226,0.00187008857973183
1.2265,0.785206654144242,0.00187008857973183
1.226625,0.785202885021733,0.00187008857973183
1.22675,0.785199122090774,0.00187008857973183
1.226875,0.785195365423832,0.00187008857973183
1.227,0.785191615093711,0.00187538755617402
1.227125,0.78518787117352,0.00187538755617402
1.22725,0.785184133736629,0.00187538755617402
1.227375,0.785180402856633,0.00187538755617402
1.2275,0.7851766786073,0.00187538755617402
1.227625,0.785172961062532,0.00187538755617402
1.22775,0.785169250296316,0.00187538755617402
1.227875,0.785165546382685,0.00187538755617402
1.228,0.785161849395674,0.00187669769170943
1.228125,0.785158159409274,0.00187669769170943
1.22825,0.785154476497392,0.00187669769170943
1.228375,0.785150800733811,0.00187669769170943
1.2285,0.785147132192139,0.00187669769170943
1.228625,0.785143470945775,0.00187669769170943
1.22875,0.785139817067857,0.00187669769170943
1.228875,0.785136170631227,0.00187669769170943
1.229,0.785132531708385,0.00187383170225021
1.229125,0.785128900371447,0.00187383170225021
1.22925,0.785125276692099,0.00187383170225021
1.229375,0.785121660741552,0.00187383170225021
1.2295,0.785118052590511,0.00187383170225021
1.229625,0.785114452309124,0.00187383170225021
1.22975,0.78511085996695,0.00187383170225021
1.229875,0.785107275632913,0.00187383170225021
1.23,0.785103699375266,0.00186671580164221
1.230125,0.785100131261549,0.00186671580164221
1.23025,0.785096571358537,0.00186671580164221
1.230375,0.785093019732207,0.00186671580164221
1.2305,0.785089476447698,0.00186671580164221
1.230625,0.785085941569279,0.00186671580164221
1.23075,0.78508241516031,0.00186671580164221
1.230875,0.785078897283205,0.00186671580164221
1.231,0.7850753879994,0.00295556179650225
1.231125,0.785071887369734,0.00295556179650225
1.23125,0.785068395456202,0.00295556179650225
1.231375,0.785064912321566,0.00295556179650225
1.2315,0.785061438029031,0.00295556179650225
1.231625,0.785057972642207,0.00295556179650225
1.23175,0.785054516225065,0.00295556179650225
1.231875,0.785051068841902,0.00295556179650225
1.232,0.785047630557298,0.00294738221039392
1.232125,0.785044201436075,0.00294738221039392
1.23225,0.785040781543244,0.00294738221039392
1.232375,0.785037370943966,0.00294738221039392
1.2325,0.785033969703516,0.00294738221039392
1.232625,0.785030577887243,0.00294738221039392
1.23275,0.785027195560529,0.00294738221039392
1.232875,0.785023822788752,0.00294738221039392
1.233,0.785020459637243,0.00293536342044184
1.233125,0.785017106171245,0.00293536342044184
1.23325,0.785013762455851,0.00293536342044184
1.233375,0.785010428555971,0.00293536342044184
1.2335,0.785007104536295,0.00293536342044184
1.233625,0.785003790461255,0.00293536342044184
1.23375,0.785000486394986,0.00293536342044184
1.233875,0.784997192401287,0.00293536342044184
1.234,0.784993908543583,0.00291934970639512
1.234125,0.784990634884883,0.00291934970639512
1.23425,0.784987371487713,0.00291934970639512
1.234375,0.784984118414087,0.00291934970639512
1.2345,0.784980875725474,0.00291934970639512
1.234625,0.784977643482758,0.00291934970639512
1.23475,0.784974421746209,0.00291934970639512
1.234875,0.784971210575439,0.00291934970639512
1.235,0.784968010029374,0.00289929500526056
1.235125,0.784964820166208,0.00289929500526056
1.23525,0.784961641043337,0.00289929500526056
1.235375,0.784958472717331,0.00289929500526056
1.2355,0.784955315243907,0.00289929500526056
1.235625,0.784952168677896,0.00289929500526056
1.23575,0.78494903307321,0.00289929500526056
1.235875,0.784945908482814,0.00289929500526056
1.236,0.78494279495869,0.00391686900237969
1.236125,0.784939692552204,0.00391686900237969
1.23625,0.784936601315737,0.00391686900237969
1.236375,0.784933521302333,0.00391686900237969
1.2365,0.784930452565393,0.00391686900237969
1.236625,0.784927395158641,0.00391686900237969
1.23675,0.78492434913609,0.00391686900237969
1.236875,0.784921314552006,0.00391686900237969
1.237,0.784918291460874,0.0038958534826799
1.237125,0.784915279917355,0.0038958534826799
1.23725,0.784912279976219,0.0038958534826799
1.237375,0.784909291692312,0.0038958534826799
1.2375,0.78490631512053,0.0038958534826799
1.237625,0.784903350315786,0.0038958534826799
1.23775,0.784900397332971,0.0038958534826799
1.237875,0.784897456226925,0.0038958534826799
1.238,0.784894527052395,0.00387126836794628
1.238125,0.784891609864,0.00387126836794628
1.23825,0.784888704716149,0.00387126836794628
1.238375,0.784885811663021,0.00387126836794628
1.2385,0.784882930758531,0.00387126836794628
1.238625,0.784880062056304,0.00387126836794628
1.23875,0.784877205609636,0.00387126836794628
1.238875,0.784874361471465,0.00387126836794628
1.239,0.784871529694333,0.00384299371746151
1.239125,0.78486871033035,0.00384299371746151
1.23925,0.784865903431107,0.00384299371746151
1.239375,0.784863109047662,0.00384299371746151
1.2395,0.78486032723051,0.00384299371746151
1.239625,0.784857558029551,0.00384299371746151
1.23975,0.784854801494068,0.00384299371746151
1.239875,0.784852057672685,0.00384299371746151
1.24,0.784849326613347,0.00381101195715766
1.240125,0.784846608363274,0.00381101195715766
1.24025,0.784843902968879,0.00381101195715766
1.240375,0.784841210475752,0.00381101195715766
1.2405,0.78483853092864,0.00381101195715766
1.240625,0.784835864371419,0.00381101195715766
1.24075,0.784833210847068,0.00381101195715766
1.240875,0.784830570397644,0.00381101195715766
1.241,0.784827943064253,0.00472625303433397
1.241125,0.784825328887383,0.00472625303433397
1.24125,0.78482272790837,0.00472625303433397
1.241375,0.784820140169088,0.00472625303433397
1.2415,0.784817565711673,0.00472625303433397
1.241625,0.784815004578498,0.00472625303433397
1.24175,0.784812456812137,0.00472625303433397
1.241875,0.784809922455347,0.00472625303433397
1.242,0.78480740155103,0.00469344088625799
1.242125,0.784804894142194,0.00469344088625799
1.24225,0.784802400271875,0.00469344088625799
1.242375,0.784799919983112,0.00469344088625799
1.2425,0.784797453318931,0.00469344088625799
1.242625,0.784795000322316,0.00469344088625799
1.24275,0.784792561036178,0.00469344088625799
1.242875,0.78479013550333,0.00469344088625799
1.243,0.784787723766458,0.00465743685422487
1.243125,0.784785325868076,0.00465743685422487
1.24325,0.784782941850443,0.00465743685422487
1.243375,0.784780571755545,0.00465743685422487
1.2435,0.784778215625076,0.00465743685422487
1.243625,0.784775873500412,0.00465743685422487
1.24375,0.784773545422584,0.00465743685422487
1.243875,0.78477123143225,0.00465743685422487
1.244,0.784768931569672,0.00461815972590003
1.244125,0.784766645874668,0.00461815972590003
1.24425,0.784764374386529,0.00461815972590003
1.244375,0.784762117144,0.00461815972590003
1.2445,0.784759874185272,0.00461815972590003
1.244625,0.784757645547948,0.00461815972590003
1.24475,0.784755431269027,0.00461815972590003
1.244875,0.784753231384877,0.00461815972590003
1.245,0.784751045931209,0.00457562024185829
1.245125,0.784748874943042,0.00457562024185829
1.24525,0.784746718454607,0.00457562024185829
1.245375,0.784744576499338,0.00457562024185829
1.2455,0.784742449109866,0.00457562024185829
1.245625,0.784740336317993,0.00457562024185829
1.24575,0.784738238154675,0.00457562024185829
1.245875,0.784736154649998,0.00457562024185829
1.246,0.784734085833161,0.00536159748077236
1.246125,0.784732031732761,0.00536159748077236
1.24625,0.784729992378058,0.00536159748077236
1.246375,0.784727967798706,0.00536159748077236
1.2465,0.78472595802452,0.00536159748077236
1.246625,0.78472396308546,0.00536159748077236
1.24675,0.784721983011603,0.00536159748077236
1.246875,0.784720017833122,0.00536159748077236
1.247,0.784718067580266,0.00531838071471973
1.247125,0.784716132283321,0.00531838071471973
1.24725,0.784714211972514,0.00531838071471973
1.247375,0.784712306678008,0.00531838071471973
1.2475,0.784710416429889,0.00531838071471973
1.247625,0.784708541258147,0.00531838071471973
1.24775,0.784706681192654,0.00531838071471973
1.247875,0.78470483626314,0.00531838071471973
1.248,0.784703006499172,0.00527244283306146
1.248125,0.78470119193012,0.00527244283306146
1.24825,0.784699392585052,0.00527244283306146
1.248375,0.784697608492738,0.00527244283306146
1.2485,0.784695839681631,0.00527244283306146
1.248625,0.784694086179856,0.00527244283306146
1.24875,0.784692348015183,0.00527244283306146
1.248875,0.784690625215012,0.00527244283306146
1.249,0.784688917806351,0.00522374297081944
1.249125,0.784687225815777,0.00522374297081944
1.24925,0.78468554926934,0.00522374297081944
1.249375,0.784683888192558,0.00522374297081944
1.2495,0.784682242610411,0.00522374297081944
1.249625,0.784680612547325,0.00522374297081944
1.24975,0.784678998027153,0.00522374297081944
1.249875,0.784677399073158,0.00522374297081944
1.25,0.784675815707999,0.00517231909830907
1.250125,0.784674247953689,0.00517231909830907
1.25025,0.784672695831498,0.00517231909830907
1.250375,0.784671159361957,0.00517231909830907
1.2505,0.78466963856485,0.00517231909830907
1.250625,0.784668133459205,0.00517231909830907
1.25075,0.784666644063276,0.00517231909830907
1.250875,0.784665170394531,0.00517231909830907
1.251,0.784663712469641,0.00580699244912593
1.251125,0.784662270304708,0.00580699244912593
1.25125,0.784660843916293,0.00580699244912593
1.251375,0.784659433321202,0.00580699244912593
1.2515,0.784658038536299,0.00580699244912593
1.251625,0.784656659578495,0.00580699244912593
1.25175,0.784655296464732,0.00580699244912593
1.251875,0.784653949211965,0.00580699244912593
1.252,0.784652617837152,0.00575506158193553
1.252125,0.784651302357215,0.00575506158193553
1.25225,0.784650002788942,0.00575506158193553
1.252375,0.784648719148989,0.00575506158193553
1.2525,0.784647451453877,0.00575506158193553
1.252625,0.784646199719982,0.00575506158193553
1.25275,0.784644963963515,0.00575506158193553
1.252875,0.784643744200513,0.00575506158193553
1.253,0.784642540446824,0.00570095577008673
1.253125,0.78464135271807,0.00570095577008673
1.25325,0.784640181029544,0.00570095577008673
1.253375,0.784639025396219,0.00570095577008673
1.2535,0.784637885832745,0.00570095577008673
1.253625,0.784636762353435,0.00570095577008673
1.25375,0.784635654972259,0.00570095577008673
1.253875,0.784634563702821,0.00570095577008673
1.254,0.784633488558359,0.00564467476754358
1.254125,0.7846324295517,0.00564467476754358
1.25425,0.784631386695163,0.00564467476754358
1.254375,0.784630360000564,0.00564467476754358
1.2545,0.784629349479219,0.00564467476754358
1.254625,0.784628355141936,0.00564467476754358
1.25475,0.784627376998999,0.00564467476754358
1.254875,0.784626415060165,0.00564467476754358
1.255,0.784625469334649,0.00558628183761322
1.255125,0.784624539831095,0.00558628183761322
1.25525,0.784623626557469,0.00558628183761322
1.255375,0.784622729521073,0.00558628183761322
1.2555,0.784621848728549,0.00558628183761322
1.255625,0.784620984185869,0.00558628183761322
1.25575,0.784620135898336,0.00558628183761322
1.255875,0.784619303870569,0.00558628183761322
1.256,0.784618488106499,0.00605308220283863
1.256125,0.784617688609545,0.00605308220283863
1.25625,0.78461690538337,0.00605308220283863
1.256375,0.784616138431726,0.00605308220283863
1.2565,0.784615387758324,0.00605308220283863
1.256625,0.784614653366823,0.00605308220283863
1.25675,0.784613935260827,0.00605308220283863
1.256875,0.784613233443876,0.00605308220283863
1.257,0.784612547919434,0.00599436382142683
1.257125,0.784611878690868,0.00599436382142683
1.25725,0.784611225761335,0.00599436382142683
1.257375,0.7846105891338,0.00599436382142683
1.2575,0.784609968811043,0.00599436382142683
1.257625,0.784609364795651,0.00599436382142683
1.25775,0.784608777090014,0.00599436382142683
1.257875,0.784608205696314,0.00599436382142683
1.258,0.784607650616525,0.00593407244224976
1.258125,0.784607111852377,0.00593407244224976
1.25825,0.784606589405257,0.00593407244224976
1.258375,0.784606083276217,0.00593407244224976
1.2585,0.78460559346599,0.00593407244224976
1.258625,0.784605119974981,0.00593407244224976
1.25875,0.784604662803261,0.00593407244224976
1.258875,0.784604221950568,0.00593407244224976
1.259,0.784603797416294,0.00587224738999785
1.259125,0.784603389199466,0.00587224738999785
1.25925,0.784602997298631,0.00587224738999785
1.259375,0.784602621711879,0.00587224738999785
1.2595,0.784602262436853,0.00587224738999785
1.259625,0.784601919470747,0.00587224738999785
1.25975,0.784601592810301,0.00587224738999785
1.259875,0.784601282451799,0.00587224738999785
1.26,0.784600988391068,0.00580897451799791
1.260125,0.784600710623451,0.00580897451799791
1.26025,0.7846004491437,0.00580897451799791
1.260375,0.784600203945996,0.00580897451799791
1.2605,0.784599975023964,0.00580897451799791
1.260625,0.784599762370673,0.00580897451799791
1.26075,0.784599565978635,0.00580897451799791
1.260875,0.784599385839807,0.00580897451799791
1.261,0.784599221945587,0.00609719110409632
1.261125,0.784599074286929,0.00609719110409632
1.26125,0.784598942854814,0.00609719110409632
1.261375,0.78459882764016,0.00609719110409632
1.2615,0.784598728633745,0.00609719110409632
1.261625,0.784598645826205,0.00609719110409632
1.26175,0.784598579208035,0.00609719110409632
1.261875,0.784598528769592,0.00609719110409632
1.262,0.784598494501089,0.00603377942279026
1.262125,0.784598476392578,0.00603377942279026
1.26225,0.784598474433838,0.00603377942279026
1.262375,0.784598488614405,0.00603377942279026
1.2625,0.784598518923583,0.00603377942279026
1.262625,0.784598565350446,0.00603377942279026
1.26275,0.78459862788384,0.00603377942279026
1.262875,0.784598706512388,0.00603377942279026
1.263,0.784598801224481,0.00596943155574313
1.263125,0.784598912008267,0.00596943155574313
1.26325,0.784599038851538,0.00596943155574313
1.263375,0.784599181741757,0.00596943155574313
1.2635,0.784599340666076,0.00596943155574313
1.263625,0.784599515611337,0.00596943155574313
1.26375,0.784599706564077,0.00596943155574313
1.263875,0.784599913510529,0.00596943155574313
1.264,0.784600136436626,0.0059042241002592
1.264125,0.784600375327977,0.0059042241002592
1.26425,0.784600630169767,0.0059042241002592
1.264375,0.784600900946778,0.0059042241002592
1.2645,0.784601187643409,0.0059042241002592
1.264625,0.784601490243685,0.0059042241002592
1.26475,0.784601808731259,0.0059042241002592
1.264875,0.784602143089413,0.0059042241002592
1.265,0.784602493301069,0.00583826213893872
1.265125,0.784602859348763,0.00583826213893872
1.26525,0.784603241214547,0.00583826213893872
1.265375,0.784603638880011,0.00583826213893872
1.2655,0.784604052326308,0.00583826213893872
1.265625,0.784604481534161,0.00583826213893872
1.26575,0.784604926483869,0.00583826213893872
1.265875,0.784605387155313,0.00583826213893872
1.266,0.784605863527962,0.00594323207297024
1.266125,0.784606355580923,0.00594323207297024
1.26625,0.784606863293118,0.00594323207297024
1.266375,0.784607386643256,0.00594323207297024
1.2665,0.784607925609818,0.00594323207297024
1.266625,0.784608480171056,0.00594323207297024
1.26675,0.78460905030501,0.00594323207297024
1.266875,0.784609635989504,0.00594323207297024
1.267,0.784610237202164,0.00587731687747543
1.267125,0.784610853920394,0.00587731687747543
1.26725,0.784611486121277,0.00587731687747543
1.267375,0.784612133781605,0.00587731687747543
1.2675,0.784612796877903,0.00587731687747543
1.267625,0.784613475386438,0.00587731687747543
1.26775,0.78461416928323,0.00587731687747543
1.267875,0.784614878544057,0.00587731687747543
1.268,0.784615603144464,0.00581111569082191
1.268125,0.78461634305975,0.00581111569082191
1.26825,0.784617098264863,0.00581111569082191
1.268375,0.784617868734436,0.00581111569082191
1.2685,0.78461865444281,0.00581111569082191
1.268625,0.784619455364047,0.00581111569082191
1.26875,0.784620271471935,0.00581111569082191
1.268875,0.784621102740003,0.00581111569082191
1.269,0.784621949141529,0.0057447389427962
1.269125,0.784622810649525,0.0057447389427962
1.26925,0.784623687236638,0.0057447389427962
1.269375,0.784624578875181,0.0057447389427962
1.2695,0.784625485537165,0.0057447389427962
1.269625,0.784626407194306,0.0057447389427962
1.26975,0.784627343818039,0.0057447389427962
1.269875,0.784628295379529,0.0057447389427962
1.27,0.78462926184968,0.00567830705315602
1.270125,0.784630243199125,0.00567830705315602
1.27025,0.784631239398127,0.00567830705315602
1.270375,0.784632250416611,0.00567830705315602
1.2705,0.784633276224195,0.00567830705315602
1.270625,0.784634316790206,0.00567830705315602
1.27075,0.784635372083685,0.00567830705315602
1.270875,0.784636442073406,0.00567830705315602
1.271,0.78463752672789,0.00560140724941597
1.271125,0.78463862601538,0.00560140724941597
1.27125,0.784639739903739,0.00560140724941597
1.271375,0.784640868360479,0.00560140724941597
1.2715,0.784642011352801,0.00560140724941597
1.271625,0.784643168847607,0.00560140724941597
1.27175,0.784644340811513,0.00560140724941597
1.271875,0.784645527210866,0.00560140724941597
1.272,0.784646728011754,0.00553520067841744
1.272125,0.784647943179999,0.00553520067841744
1.27225,0.784649172681063,0.00553520067841744
1.272375,0.784650416480082,0.00553520067841744
1.2725,0.784651674541899,0.00553520067841744
1.272625,0.784652946831079,0.00553520067841744
1.27275,0.784654233311929,0.00553520067841744
1.272875,0.784655533948505,0.00553520067841744
1.273,0.784656848704636,0.0054693503496358
1.273125,0.78465817754391,0.0054693503496358
1.27325,0.784659520429583,0.0054693503496358
1.273375,0.784660877324615,0.0054693503496358
1.2735,0.784662248191707,0.0054693503496358
1.273625,0.784663632993314,0.0054693503496358
1.27375,0.784665031691664,0.0054693503496358
1.273875,0.784666444248773,0.0054693503496358
1.274,0.784667870626464,0.00540399608410091
1.274125,0.784669310786355,0.00540399608410091
1.27425,0.784670764689775,0.00540399608410091
1.274375,0.784672232297795,0.00540399608410091
1.2745,0.784673713571269,0.00540399608410091
1.274625,0.784675208470847,0.00540399608410091
1.27475,0.784676716956994,0.00540399608410091
1.274875,0.78467823899001,0.00540399608410091
1.275,0.784679774530045,0.00533926935467716
1.275125,0.784681323537092,0.00533926935467716
1.27525,0.784682885970901,0.00533926935467716
1.275375,0.784684461791015,0.00533926935467716
1.2755,0.784686050956809,0.00533926935467716
1.275625,0.784687653427504,0.00533926935467716
1.27575,0.784689269162189,0.00533926935467716
1.275875,0.784690898119837,0.00533926935467716
1.276,0.784692540259326,0.0050877149335737
1.276125,0.784694195539358,0.0050877149335737
1.27625,0.784695863918067,0.0050877149335737
1.276375,0.78469754535312,0.0050877149335737
1.2765,0.784699239801799,0.0050877149335737
1.276625,0.784700947221027,0.0050877149335737
1.27675,0.784702667567384,0.0050877149335737
1.276875,0.78470440079713,0.0050877149335737
1.277,0.784706146866222,0.00502337950289765
1.277125,0.784707905730316,0.00502337950289765
1.27725,0.784709677344677,0.00502337950289765
1.277375,0.784711461664224,0.00502337950289765
1.2775,0.784713258643566,0.00502337950289765
1.277625,0.784715068237026,0.00502337950289765
1.27775,0.784716890398661,0.00502337950289765
1.277875,0.784718725082284,0.00502337950289765
1.278,0.784720572241489,0.00496001406614033
1.278125,0.784722431829643,0.00496001406614033
1.27825,0.784724303799808,0.00496001406614033
1.278375,0.784726188104783,0.00496001406614033
1.2785,0.784728084697145,0.00496001406614033
1.278625,0.784729993529266,0.00496001406614033
1.27875,0.784731914553343,0.00496001406614033
1.278875,0.784733847721415,0.00496001406614033
1.279,0.78473579298539,0.00489778256211995
1.279125,0.78473775029704,0.00489778256211995
1.27925,0.784739719607926,0.00489778256211995
1.279375,0.784741700869438,0.00489778256211995
1.2795,0.784743694032834,0.00489778256211995
1.279625,0.784745699049268,0.00489778256211995
1.27975,0.784747715869808,0.00489778256211995
1.279875,0.784749744445462,0.00489778256211995
1.28,0.7847517847272,0.00483682298873688
1.280125,0.784753836665956,0.00483682298873688
1.28025,0.784755900212548,0.00483682298873688
1.280375,0.784757975317726,0.00483682298873688
1.2805,0.784760061932205,0.00483682298873688
1.280625,0.784762160006694,0.00483682298873688
1.28075,0.784764269491916,0.00483682298873688
1.280875,0.784766390338633,0.00483682298873688
1.281,0.784768522497669,0.0044232817575245
1.281125,0.784770665919774,0.0044232817575245
1.28125,0.784772820554971,0.0044232817575245
1.281375,0.784774986352709,0.0044232817575245
1.2815,0.784777163262003,0.0044232817575245
1.281625,0.784779351231453,0.0044232817575245
1.28175,0.784781550209277,0.0044232817575245
1.281875,0.78478376014333,0.0044232817575245
1.282,0.784785980981135,0.00436286190307777
1.282125,0.784788212669885,0.00436286190307777
1.28225,0.784790455156367,0.00436286190307777
1.282375,0.784792708387014,0.00436286190307777
1.2825,0.784794972307941,0.00436286190307777
1.282625,0.784797246864978,0.00436286190307777
1.28275,0.784799532003693,0.00436286190307777
1.282875,0.784801827669421,0.00436286190307777
1.283,0.784804133807292,0.00430397825342558
1.283125,0.784806450362233,0.00430397825342558
1.28325,0.784808777278902,0.00430397825342558
1.283375,0.784811114501733,0.00430397825342558
1.2835,0.78481346197498,0.00430397825342558
1.283625,0.784815819642743,0.00430397825342558
1.28375,0.784818187448997,0.00430397825342558
1.283875,0.784820565337623,0.00430397825342558
1.284,0.784822953252429,0.00424681295099982
1.284125,0.784825351137165,0.00424681295099982
1.28425,0.784827758935447,0.00424681295099982
1.284375,0.784830176590812,0.00424681295099982
1.2845,0.784832604046757,0.00424681295099982
1.284625,0.784835041246768,0.00424681295099982
1.28475,0.784837488134346,0.00424681295099982
1.284875,0.784839944653039,0.00424681295099982
1.285,0.784842410746467,0.00419150589868418
1.285125,0.78484488635833,0.00419150589868418
1.28525,0.784847371432343,0.00419150589868418
1.285375,0.784849865912284,0.00419150589868418
1.2855,0.784852369742035,0.00419150589868418
1.285625,0.784854882865609,0.00419150589868418
1.28575,0.78485740522718,0.00419150589868418
1.285875,0.784859936771107,0.00419150589868418
1.286,0.784862477441965,0.00363354491992757
1.286125,0.784865027184354,0.00363354491992757
1.28625,0.784867585942015,0.00363354491992757
1.286375,0.784870153658032,0.00363354491992757
1.2865,0.784872730275017,0.00363354491992757
1.286625,0.784875315735132,0.00363354491992757
1.28675,0.784877909980124,0.00363354491992757
1.286875,0.784880512951353,0.00363354491992757
1.287,0.784883124589825,0.00357890415094819
1.287125,0.784885744836199,0.00357890415094819
1.28725,0.78488837363073,0.00357890415094819
1.287375,0.784891010913316,0.00357890415094819
1.2875,0.784893656623546,0.00357890415094819
1.287625,0.784896310700729,0.00357890415094819
1.28775,0.784898973083927,0.00357890415094819
1.287875,0.784901643711986,0.00357890415094819
1.288,0.784904322523568,0.00352630123348636
1.288125,0.784907009457163,0.00352630123348636
1.28825,0.784909704451031,0.00352630123348636
1.288375,0.784912407443257,0.00352630123348636
1.2885,0.784915118371792,0.00352630123348636
1.288625,0.784917837174484,0.00352630123348636
1.28875,0.784920563789117,0.00352630123348636
1.288875,0.784923298153436,0.00352630123348636
1.289,0.784926040205182,0.00347593016659155
1.289125,0.784928789882103,0.00347593016659155
1.28925,0.784931547121906,0.00347593016659155
1.289375,0.784934311862302,0.00347593016659155
1.2895,0.784937084041055,0.00347593016659155
1.289625,0.784939863596008,0.00347593016659155
1.28975,0.784942650465121,0.00347593016659155
1.289875,0.7849454445865,0.00347593016659155
1.29,0.784948245898427,0.00342792819770203
1.290125,0.784951054339375,0.00342792819770203
1.29025,0.78495386984796,0.00342792819770203
1.290375,0.784956692362986,0.00342792819770203
1.2905,0.784959521823492,0.00342792819770203
1.290625,0.784962358168781,0.00342792819770203
1.29075,0.784965201338448,0.00342792819770203
1.290875,0.784968051272416,0.00342792819770203
1.291,0.784970907910961,0.00274731522062236
1.291125,0.784973771194483,0.00274731522062236
1.29125,0.784976641062422,0.00274731522062236
1.291375,0.784979517453502,0.00274731522062236
1.2915,0.78498240030595,0.00274731522062236
1.291625,0.784985289557524,0.00274731522062236
1.29175,0.784988185145552,0.00274731522062236
1.291875,0.784991087006959,0.00274731522062236
1.292,0.784993995078309,0.00270008074875107
1.292125,0.784996909295812,0.00270008074875107
1.29225,0.784999829595289,0.00270008074875107
1.292375,0.785002755912216,0.00270008074875107
1.2925,0.785005688181772,0.00270008074875107
1.292625,0.785008626338876,0.00270008074875107
1.29275,0.785011570318219,0.00270008074875107
1.292875,0.7850145200543,0.00270008074875107
1.293,0.785017475481462,0.00265530671927951
1.293125,0.785020436533906,0.00265530671927951
1.29325,0.785023403145658,0.00265530671927951
1.293375,0.785026375250615,0.00265530671927951
1.2935,0.785029352782589,0.00265530671927951
1.293625,0.785032335675349,0.00265530671927951
1.29375,0.785035323862651,0.00265530671927951
1.293875,0.785038317278275,0.00265530671927951
1.294,0.785041315856059,0.00261319242511978
1.294125,0.785044319529917,0.00261319242511978
1.29425,0.785047328233807,0.00261319242511978
1.294375,0.785050341901777,0.00261319242511978
1.2945,0.785053360468012,0.00261319242511978
1.294625,0.785056383866868,0.00261319242511978
1.29475,0.785059412032907,0.00261319242511978
1.294875,0.785062444900929,0.00261319242511978
1.295,0.78506548240601,0.00257386810367854
1.295125,0.785068524483515,0.00257386810367854
1.29525,0.785071571069073,0.00257386810367854
1.295375,0.785074622098621,0.00257386810367854
1.2955,0.785077677508444,0.00257386810367854
1.295625,0.785080737235213,0.00257386810367854
1.29575,0.785083801216015,0.00257386810367854
1.295875,0.785086869388387,0.00257386810367854
1.296,0.785089941690347,0.00179575591937732
1.296125,0.785093018060125,0.00179575591937732
1.29625,0.785096098434923,0.00179575591937732
1.296375,0.785099182751196,0.00179575591937732
1.2965,0.785102270944892,0.00179575591937732
1.296625,0.785105362951488,0.00179575591937732
1.29675,0.785108458706025,0.00179575591937732
1.296875,0.785111558143148,0.00179575591937732
1.297,0.785114661197134,0.00175727235975014
1.297125,0.785117767801923,0.00175727235975014
1.29725,0.785120877891083,0.00175727235975014
1.297375,0.785123991397864,0.00175727235975014
1.2975,0.785127108255241,0.00175727235975014
1.297625,0.785130228395954,0.00175727235975014
1.29775,0.785133351752545,0.00175727235975014
1.297875,0.78513647825739,0.00175727235975014
1.298,0.785139607842743,0.00172158122047964
1.298125,0.785142740440751,0.00172158122047964
1.29825,0.785145875983441,0.00172158122047964
1.298375,0.785149014402762,0.00172158122047964
1.2985,0.785152155630634,0.00172158122047964
1.298625,0.785155299598984,0.00172158122047964
1.29875,0.785158446239784,0.00172158122047964
1.298875,0.785161595485086,0.00172158122047964
1.299,0.78516474726706,0.00168888052818191
1.299125,0.785167901518018,0.00168888052818191
1.29925,0.785171058170396,0.00168888052818191
1.299375,0.785174217156802,0.00168888052818191
1.2995,0.785177378410058,0.00168888052818191
1.299625,0.785180541863239,0.00168888052818191
1.29975,0.785183707449709,0.00168888052818191
1.299875,0.785186875103151,0.00168888052818191
1.3,0.785190044757611,0.00165928949725054
1.300125,0.785193216347516,0.00165928949725054
1.30025,0.785196389807659,0.00165928949725054
1.300375,0.785199565073248,0.00165928949725054
1.3005,0.785202742079946,0.00165928949725054
1.300625,0.785205920763901,0.00165928949725054
1.30075,0.785209101061788,0.00165928949725054
1.300875,0.785212282910835,0.00165928949725054
1.301,0.785215466248857,0.000811314079571614
1.301125,0.785218651013966,0.000811314079571614
1.30125,0.785221837143212,0.000811314079571614
1.301375,0.785225024572887,0.000811314079571614
1.3015,0.785228213238788,0.000811314079571614
1.301625,0.78523140307625,0.000811314079571614
1.30175,0.785234594020186,0.000811314079571614
1.301875,0.785237786005124,0.000811314079571614
1.302,0.78524097896524,0.000782607499477342
1.302125,0.785244172834389,0.000782607499477342
1.30225,0.785247367546092,0.000782607499477342
1.302375,0.785250563033583,0.000782607499477342
1.3025,0.785253759229855,0.000782607499477342
1.302625,0.785256956067696,0.000782607499477342
1.30275,0.78526015347973,0.000782607499477342
1.302875,0.78526335139845,0.000782607499477342
1.303,0.785266549756259,0.000756926380083833
1.303125,0.785269748485497,0.000756926380083833
1.30325,0.785272947518436,0.000756926380083833
1.303375,0.785276146787324,0.000756926380083833
1.3035,0.785279346224436,0.000756926380083833
1.303625,0.785282545762101,0.000756926380083833
1.30375,0.785285745332751,0.000756926380083833
1.303875,0.785288944868948,0.000756926380083833
1.304,0.785292144303429,0.000734461136106749
1.304125,0.785295343569128,0.000734461136106749
1.30425,0.785298542599182,0.000734461136106749
1.304375,0.785301741326969,0.000734461136106749
1.3045,0.785304939686156,0.000734461136106749
1.304625,0.78530813761073,0.000734461136106749
1.30475,0.785311335035038,0.000734461136106749
1.304875,0.785314531893821,0.000734461136106749
1.305,0.78531772812225,0.000715316408267195
1.305125,0.785320923655952,0.000715316408267195
1.30525,0.785324118431016,0.000715316408267195
1.305375,0.785327312384033,0.000715316408267195
1.3055,0.785330505452134,0.000715316408267195
1.305625,0.785333697573025,0.000715316408267195
1.30575,0.785336888685021,0.000715316408267195
1.305875,0.785340078727078,0.000715316408267195
1.306,0.785343267638826,-0.000173359673056094
1.306125,0.785346455360257,-0.000173359673056094
1.30625,0.785349641830308,-0.000173359673056094
1.306375,0.785352826987171,-0.000173359673056094
1.3065,0.785356010768568,-0.000173359673056094
1.306625,0.785359193111788,-0.000173359673056094
1.30675,0.785362373953721,-0.000173359673056094
1.306875,0.785365553230895,-0.000173359673056094
1.307,0.785368730879517,-0.000191606453329007
1.307125,0.785371906835495,-0.000191606453329007
1.30725,0.785375081034451,-0.000191606453329007
1.307375,0.785378253411763,-0.000191606453329007
1.3075,0.785381423902604,-0.000191606453329007
1.307625,0.785384592441983,-0.000191606453329007
1.30775,0.785387758964781,-0.000191606453329007
1.307875,0.785390923405784,-0.000191606453329007
1.308,0.785394085699727,-0.000206698578427466
1.308125,0.785397245781322,-0.000206698578427466
1.30825,0.785400403585269,-0.000206698578427466
1.308375,0.7854035590463,-0.000206698578427466
1.3085,0.785406712099219,-0.000206698578427466
1.308625,0.785409862678939,-0.000206698578427466
1.30875,0.785413010720518,-0.000206698578427466
1.308875,0.785416156159199,-0.000206698578427466
1.309,0.785419298930442,-0.000218459177815372
1.309125,0.785422438969958,-0.000218459177815372
1.30925,0.785425576213723,-0.000218459177815372
1.309375,0.785428710598024,-0.000218459177815372
1.3095,0.785431842059491,-0.000218459177815372
1.309625,0.785434970535135,-0.000218459177815372
1.30975,0.785438095962384,-0.000218459177815372
1.309875,0.785441218279114,-0.000218459177815372
1.31,0.785444337423691,-0.000226801170705209
1.310125,0.785447453334993,-0.000226801170705209
1.31025,0.785450565952435,-0.000226801170705209
1.310375,0.785453675216006,-0.000226801170705209
1.3105,0.785456781066301,-0.000226801170705209
1.310625,0.785459883444555,-0.000226801170705209
1.31075,0.785462982292678,-0.000226801170705209
1.310875,0.78546607755328,-0.000226801170705209
1.311,0.785469169169711,-0.00112646892216076
1.311125,0.785472257085737,-0.00112646892216076
1.31125,0.785475341244106,-0.00112646892216076
1.311375,0.785478421586858,-0.00112646892216076
1.3115,0.785481498055608,-0.00112646892216076
1.311625,0.785484570591571,-0.00112646892216076
1.31175,0.785487639135604,-0.00112646892216076
1.311875,0.785490703628239,-0.00112646892216076
1.312,0.785493764009717,-0.00113392927527251
1.312125,0.785496820220023,-0.00113392927527251
1.31225,0.785499872198905,-0.00113392927527251
1.312375,0.785502919885918,-0.00113392927527251
1.3125,0.785505963220456,-0.00113392927527251
1.312625,0.78550900214179,-0.00113392927527251
1.31275,0.785512036589104,-0.00113392927527251
1.312875,0.785515066501528,-0.00113392927527251
1.313,0.785518091818178,-0.0011382110494658
1.313125,0.785521112478184,-0.0011382110494658
1.31325,0.785524128420725,-0.0011382110494658
1.313375,0.785527139585058,-0.0011382110494658
1.3135,0.785530145910562,-0.0011382110494658
1.313625,0.785533147336768,-0.0011382110494658
1.31375,0.785536143803395,-0.0011382110494658
1.313875,0.785539135250386,-0.0011382110494658
1.314,0.78554212161794,-0.00113915625740933
1.314125,0.78554510284655,-0.00113915625740933
1.31425,0.785548078877032,-0.00113915625740933
1.314375,0.78555104965056,-0.00113915625740933
1.3145,0.7855540151087,-0.00113915625740933
1.314625,0.785556975193444,-0.00113915625740933
1.31475,0.785559929847243,-0.00113915625740933
1.314875,0.785562879013038,-0.00113915625740933
1.315,0.785565822634295,-0.00113669771914986
1.315125,0.785568760655035,-0.00113669771914986
1.31525,0.785571693019872,-0.00113669771914986
1.315375,0.785574619674042,-0.00113669771914986
1.3155,0.785577540563436,-0.00113669771914986
1.315625,0.785580455634626,-0.00113669771914986
1.31575,0.785583364834897,-0.00113669771914986
1.315875,0.785586268112278,-0.00113669771914986
1.316,0.78558916541557,-0.00201807461481611
1.316125,0.785592056694035,-0.00201807461481611
1.31625,0.78559494189598,-0.00201807461481611
1.316375,0.78559782096907,-0.00201807461481611
1.3165,0.785600693860592,-0.00201807461481611
1.316625,0.785603560517491,-0.00201807461481611
1.31675,0.785606420886396,-0.00201807461481611
1.316875,0.785609274913658,-0.00201807461481611
1.317,0.785612122545382,-0.00201477920622446
1.317125,0.785614963727459,-0.00201477920622446
1.31725,0.785617798405605,-0.00201477920622446
1.317375,0.785620626525393,-0.00201477920622446
1.3175,0.785623448032286,-0.00201477920622446
1.317625,0.785626262871669,-0.00201477920622446
1.31775,0.785629070988881,-0.00201477920622446
1.317875,0.785631872329248,-0.00201477920622446
1.318,0.785634666838118,-0.00200838455515884
1.318125,0.785637454460893,-0.00200838455515884
1.31825,0.785640235143074,-0.00200838455515884
1.318375,0.785643008830292,-0.00200838455515884
1.3185,0.785645775468335,-0.00200838455515884
1.318625,0.785648535003184,-0.00200838455515884
1.31875,0.785651287381046,-0.00200838455515884
1.318875,0.785654032548378,-0.00200838455515884
1.319,0.78565677045193,-0.00199875614692041
1.319125,0.78565950103877,-0.00199875614692041
1.31925,0.785662224256336,-0.00199875614692041
1.319375,0.785664940052464,-0.00199875614692041
1.3195,0.785667648375413,-0.00199875614692041
1.319625,0.7856703491739,-0.00199875614692041
1.31975,0.785673042397123,-0.00199875614692041
1.319875,0.785675727994798,-0.00199875614692041
1.32,0.785678405917183,-0.00198584833969118
1.320125,0.785681076115116,-0.00198584833969118
1.32025,0.78568373854006,-0.00198584833969118
1.320375,0.78568639314413,-0.00198584833969118
1.3205,0.78568903988012,-0.00198584833969118
1.320625,0.785691678701522,-0.00198584833969118
1.32075,0.785694309562562,-0.00198584833969118
1.320875,0.785696932418221,-0.00198584833969118
1.321,0.78569954722426,-0.00282101320664929
1.321125,0.78570215393693,-0.00282101320664929
1.32125,0.785704752511622,-0.00282101320664929
1.321375,0.785707342903165,-0.00282101320664929
1.3215,0.785709925066075,-0.00282101320664929
1.321625,0.785712498954583,-0.00282101320664929
1.32175,0.785715064522664,-0.00282101320664929
1.321875,0.785717621724067,-0.00282101320664929
1.322,0.785720170512344,-0.00280733954275792
1.322125,0.785722710840884,-0.00280733954275792
1.32225,0.785725242662963,-0.00280733954275792
1.322375,0.785727765931775,-0.00280733954275792
1.3225,0.785730280600448,-0.00280733954275792
1.322625,0.785732786622083,-0.00280733954275792
1.32275,0.785735283949776,-0.00280733954275792
1.322875,0.785737772536649,-0.00280733954275792
1.323,0.785740252335882,-0.00279074394383247
1.323125,0.785742723300744,-0.00279074394383247
1.32325,0.785745185384651,-0.00279074394383247
1.323375,0.785747638541191,-0.00279074394383247
1.3235,0.785750082724144,-0.00279074394383247
1.323625,0.785752517887513,-0.00279074394383247
1.32375,0.785754943985553,-0.00279074394383247
1.323875,0.785757360972797,-0.00279074394383247
1.324,0.785759768804084,-0.00277111907904921
1.324125,0.785762167434594,-0.00277111907904921
1.32425,0.785764556819908,-0.00277111907904921
1.324375,0.78576693691603,-0.00277111907904921
1.3245,0.785769307679405,-0.00277111907904921
1.324625,0.785771669066947,-0.00277111907904921
1.32475,0.785774021036067,-0.00277111907904921
1.324875,0.785776363544695,-0.00277111907904921
1.325,0.785778696551309,-0.00274844174398409
1.325125,0.785781020014965,-0.00274844174398409
1.32525,0.785783333895361,-0.00274844174398409
1.325375,0.785785638152856,-0.00274844174398409
1.3255,0.785787932748482,-0.00274844174398409
1.325625,0.785790217643974,-0.00274844174398409
1.32575,0.785792492801786,-0.00274844174398409
1.325875,0.785794758185119,-0.00274844174398409
1.326,0.785797013757941,-0.00351170175119766
1.326125,0.785799259484713,-0.00351170175119766
1.32625,0.785801495329165,-0.00351170175119766
1.326375,0.785803721254555,-0.00351170175119766
1.3265,0.785805937223902,-0.00351170175119766
1.326625,0.785808143200009,-0.00351170175119766
1.32675,0.785810339145483,-0.00351170175119766
1.326875,0.785812525022769,-0.00351170175119766
1.327,0.785814700794164,-0.00348835282416682
1.327125,0.785816866421861,-0.00348835282416682
1.32725,0.785819021868004,-0.00348835282416682
1.327375,0.785821167094709,-0.00348835282416682
1.3275,0.785823302064083,-0.00348835282416682
1.327625,0.785825426738247,-0.00348835282416682
1.32775,0.785827541079361,-0.00348835282416682
1.327875,0.785829645049649,-0.00348835282416682
1.328,0.785831738611424,-0.00346234892949845
1.328125,0.785833821727119,-0.00346234892949845
1.32825,0.785835894359359,-0.00346234892949845
1.328375,0.785837956470972,-0.00346234892949845
1.3285,0.785840008025009,-0.00346234892949845
1.328625,0.785842048984765,-0.00346234892949845
1.32875,0.785844079313806,-0.00346234892949845
1.328875,0.785846098975988,-0.00346234892949845
1.329,0.785848107935484,-0.00343361265610907
1.329125,0.785850106156815,-0.00343361265610907
1.32925,0.785852093604921,-0.00343361265610907
1.329375,0.785854070245174,-0.00343361265610907
1.3295,0.785856036043392,-0.00343361265610907
1.329625,0.785857990965862,-0.00343361265610907
1.32975,0.785859934979356,-0.00343361265610907
1.329875,0.785861868051162,-0.00343361265610907
1.33,0.785863790149093,-0.00340214338819937
1.330125,0.78586570124153,-0.00340214338819937
1.33025,0.785867601297487,-0.00340214338819937
1.330375,0.78586949028662,-0.00340214338819937
1.3305,0.785871368179244,-0.00340214338819937
1.330625,0.785873234946344,-0.00340214338819937
1.33075,0.785875090559601,-0.00340214338819937
1.330875,0.785876934991403,-0.00340214338819937
1.331,0.785878768214866,-0.00407080570893441
1.331125,0.785880590203594,-0.00407080570893441
1.33125,0.785882400930597,-0.00407080570893441
1.331375,0.785884200368528,-0.00407080570893441
1.3315,0.785885988489876,-0.00407080570893441
1.331625,0.785887765266983,-0.00407080570893441
1.33175,0.785889530672071,-0.00407080570893441
1.331875,0.785891284677255,-0.00407080570893441
1.332,0.785893027254566,-0.00403877870680058
1.332125,0.785894758375982,-0.00403877870680058
1.33225,0.785896478013501,-0.00403877870680058
1.332375,0.785898186139148,-0.00403877870680058
1.3325,0.785899882724991,-0.00403877870680058
1.332625,0.785901567743153,-0.00403877870680058
1.33275,0.785903241165839,-0.00403877870680058
1.332875,0.78590490296535,-0.00403877870680058
1.333,0.785906553114104,-0.0040044423780455
1.333125,0.785908191584669,-0.0040044423780455
1.33325,0.785909818349838,-0.0040044423780455
1.333375,0.785911433382633,-0.0040044423780455
1.3335,0.785913036656322,-0.0040044423780455
1.333625,0.785914628144429,-0.0040044423780455
1.33375,0.785916207820758,-0.0040044423780455
1.333875,0.785917775659409,-0.0040044423780455
1.334,0.785919331634795,-0.003967750928806
1.334125,0.785920875721675,-0.003967750928806
1.33425,0.785922407895229,-0.003967750928806
1.334375,0.785923928131069,-0.003967750928806
1.3345,0.785925436405238,-0.003967750928806
1.334625,0.785926932694232,-0.003967750928806
1.33475,0.785928416975015,-0.003967750928806
1.334875,0.785929889225032,-0.003967750928806
1.335,0.78593134942223,-0.00392872574963597
1.335125,0.785932797545082,-0.00392872574963597
1.33525,0.785934233572671,-0.00392872574963597
1.335375,0.785935657484687,-0.00392872574963597
1.3355,0.785937069261435,-0.00392872574963597
1.335625,0.785938468883848,-0.00392872574963597
1.33575,0.785939856333497,-0.00392872574963597
1.335875,0.785941231592607,-0.00392872574963597
1.336,0.785942594644067,-0.00448375077217305
1.336125,0.785943945471233,-0.00448375077217305
1.33625,0.785945284057025,-0.00448375077217305
1.336375,0.785946610384121,-0.00448375077217305
1.3365,0.785947924435115,-0.00448375077217305
1.336625,0.785949226192536,-0.00448375077217305
1.33675,0.785950515638856,-0.00448375077217305
1.336875,0.785951792756508,-0.00448375077217305
1.337,0.7859530575279,-0.00444429711192263
1.337125,0.785954309935443,-0.00444429711192263
1.33725,0.78595554996163,-0.00444429711192263
1.337375,0.785956777589038,-0.00444429711192263
1.3375,0.785957992800331,-0.00444429711192263
1.337625,0.785959195578273,-0.00444429711192263
1.33775,0.785960385905744,-0.00444429711192263
1.337875,0.78596156376575,-0.00444429711192263
1.338,0.785962729141439,-0.00440294520214864
1.338125,0.78596388201613,-0.00440294520214864
1.33825,0.785965022373391,-0.00440294520214864
1.338375,0.785966150197046,-0.00440294520214864
1.3385,0.785967265471168,-0.00440294520214864
1.338625,0.785968368180097,-0.00440294520214864
1.33875,0.78596945830845,-0.00440294520214864
1.338875,0.785970535841136,-0.00440294520214864
1.339,0.785971600763365,-0.00435968149794099
1.339125,0.785972653060678,-0.00435968149794099
1.33925,0.785973692719028,-0.00435968149794099
1.339375,0.785974719724782,-0.00435968149794099
1.3395,0.785975734064713,-0.00435968149794099
1.339625,0.785976735726018,-0.00435968149794099
1.33975,0.785977724696324,-0.00435968149794099
1.339875,0.785978700963698,-0.00435968149794099
1.34,0.785979664516663,-0.004314548118618
1.340125,0.785980615344216,-0.004314548118618
1.34025,0.785981553435917,-0.004314548118618
1.340375,0.785982478781884,-0.004314548118618
1.3405,0.785983391372785,-0.004314548118618
1.340625,0.785984291199853,-0.004314548118618
1.34075,0.785985178254886,-0.004314548118618
1.340875,0.785986052530261,-0.004314548118618
1.341,0.785986914018939,-0.00474106654116239
1.341125,0.785987762714306,-0.00474106654116239
1.34125,0.785988598609483,-0.00474106654116239
1.341375,0.785989421697471,-0.00474106654116239
1.3415,0.785990231971268,-0.00474106654116239
1.341625,0.785991029423881,-0.00474106654116239
1.34175,0.785991814048333,-0.00474106654116239
1.341875,0.785992585837671,-0.00474106654116239
1.342,0.785993344784975,-0.00469564473557906
1.342125,0.785994090883382,-0.00469564473557906
1.34225,0.785994824126173,-0.00469564473557906
1.342375,0.785995544506759,-0.00469564473557906
1.3425,0.785996252018685,-0.00469564473557906
1.342625,0.785996946655632,-0.00469564473557906
1.34275,0.785997628411427,-0.00469564473557906
1.342875,0.785998297280049,-0.00469564473557906
1.343,0.785998953255639,-0.00464878619178612
1.343125,0.785999596332523,-0.00464878619178612
1.34325,0.786000226505296,-0.00464878619178612
1.343375,0.786000843768817,-0.00464878619178612
1.3435,0.786001448118198,-0.00464878619178612
1.343625,0.786002039548816,-0.00464878619178612
1.34375,0.786002618056316,-0.00464878619178612
1.343875,0.786003183636619,-0.00464878619178612
1.344,0.786003736285926,-0.00460050918797488
1.344125,0.786004276000745,-0.00460050918797488
1.34425,0.786004802777973,-0.00460050918797488
1.344375,0.78600531661489,-0.00460050918797488
1.3445,0.786005817509147,-0.00460050918797488
1.344625,0.786006305458772,-0.00460050918797488
1.34475,0.786006780462177,-0.00460050918797488
1.344875,0.78600724251816,-0.00460050918797488
1.345,0.78600769162591,-0.00455087465925866
1.345125,0.786008127785029,-0.00455087465925866
1.34525,0.786008550995621,-0.00455087465925866
1.345375,0.786008961258272,-0.00455087465925866
1.3455,0.786009358574048,-0.00455087465925866
1.345625,0.786009742944493,-0.00455087465925866
1.34575,0.786010114371632,-0.00455087465925866
1.345875,0.786010472857974,-0.00455087465925866
1.346,0.786010818406514,-0.00483855635521963
1.346125,0.786011151020621,-0.00483855635521963
1.34625,0.786011470703574,-0.00483855635521963
1.346375,0.786011777458651,-0.00483855635521963
1.3465,0.786012071289208,-0.00483855635521963
1.346625,0.786012352198684,-0.00483855635521963
1.34675,0.7860126201906,-0.00483855635521963
1.346875,0.786012875268564,-0.00483855635521963
1.347,0.786013117436273,-0.00478877942826775
1.347125,0.786013346697532,-0.00478877942826775
1.34725,0.786013563056341,-0.00478877942826775
1.347375,0.786013766516878,-0.00478877942826775
1.3475,0.786013957083491,-0.00478877942826775
1.347625,0.786014134760695,-0.00478877942826775
1.34775,0.786014299553177,-0.00478877942826775
1.347875,0.786014451465797,-0.00478877942826775
1.348,0.78601459050359,-0.00473806147455994
1.348125,0.786014716671783,-0.00473806147455994
1.34825,0.786014829975884,-0.00473806147455994
1.348375,0.786014930421664,-0.00473806147455994
1.3485,0.786015018015143,-0.00473806147455994
1.348625,0.786015092762595,-0.00473806147455994
1.34875,0.786015154670543,-0.00473806147455994
1.348875,0.786015203745764,-0.00473806147455994
1.349,0.786015239995285,-0.00468645115407282
1.349125,0.786015263426406,-0.00468645115407282
1.34925,0.786015274046781,-0.00468645115407282
1.349375,0.786015271864405,-0.00468645115407282
1.3495,0.786015256887597,-0.00468645115407282
1.349625,0.786015229124996,-0.00468645115407282
1.34975,0.786015188585569,-0.00468645115407282
1.349875,0.7860151352786,-0.00468645115407282
1.35,0.786015069213692,-0.00463402574825845
1.350125,0.786014990400788,-0.00463402574825845
1.35025,0.786014898850251,-0.00463402574825845
1.350375,0.786014794572849,-0.00463402574825845
1.3505,0.786014677579734,-0.00463402574825845
1.350625,0.786014547882442,-0.00463402574825845
1.35075,0.786014405492891,-0.00463402574825845
1.350875,0.786014250423376,-0.00463402574825845
1.351,0.786014082686565,-0.00477729323776916
1.351125,0.786013902295443,-0.00477729323776916
1.35125,0.786013709263071,-0.00477729323776916
1.351375,0.786013503602631,-0.00477729323776916
1.3515,0.786013285327455,-0.00477729323776916
1.351625,0.786013054451028,-0.00477729323776916
1.35175,0.786012810986983,-0.00477729323776916
1.351875,0.786012554949093,-0.00477729323776916
1.352,0.786012286351273,-0.00472487254222537
1.352125,0.786012005207594,-0.00472487254222537
1.35225,0.786011711532364,-0.00472487254222537
1.352375,0.786011405340109,-0.00472487254222537
1.3525,0.786011086645554,-0.00472487254222537
1.352625,0.786010755463619,-0.00472487254222537
1.35275,0.786010411809414,-0.00472487254222537
1.352875,0.786010055698238,-0.00472487254222537
1.353,0.786009687145566,-0.00467202382317744
1.353125,0.786009306167074,-0.00467202382317744
1.35325,0.786008912778715,-0.00467202382317744
1.353375,0.7860085069967,-0.00467202382317744
1.3535,0.786008088837474,-0.00467202382317744
1.353625,0.786007658317718,-0.00467202382317744
1.35375,0.786007215454338,-0.00467202382317744
1.353875,0.786006760264459,-0.00467202382317744
1.354,0.786006292765423,-0.00461882373907571
1.354125,0.786005812974801,-0.00461882373907571
1.35425,0.786005320910473,-0.00461882373907571
1.354375,0.786004816590608,-0.00461882373907571
1.3545,0.786004300033642,-0.00461882373907571
1.354625,0.78600377125827,-0.00461882373907571
1.35475,0.786003230283441,-0.00461882373907571
1.354875,0.78600267712835,-0.00461882373907571
1.355,0.786002111812431,-0.00456536298628523
1.355125,0.786001534355371,-0.00456536298628523
1.35525,0.786000944777189,-0.00456536298628523
1.355375,0.786000343098215,-0.00456536298628523
1.3555,0.785999729339062,-0.00456536298628523
1.355625,0.785999103520624,-0.00456536298628523
1.35575,0.785998465664063,-0.00456536298628523
1.355875,0.785997815790805,-0.00456536298628523
1.356,0.785997153922528,-0.00456344676409935
1.356125,0.785996480081158,-0.00456344676409935
1.35625,0.785995794288857,-0.00456344676409935
1.356375,0.785995096568023,-0.00456344676409935
1.3565,0.785994386941273,-0.00456344676409935
1.356625,0.785993665431435,-0.00456344676409935
1.35675,0.785992932061545,-0.00456344676409935
1.356875,0.785992186854828,-0.00456344676409935
1.357,0.785991429834697,-0.00451013412028169
1.357125,0.785990661024762,-0.00451013412028169
1.35725,0.785989880448905,-0.00451013412028169
1.357375,0.785989088131256,-0.00451013412028169
1.3575,0.785988284096167,-0.00451013412028169
1.357625,0.785987468368206,-0.00451013412028169
1.35775,0.785986640972141,-0.00451013412028169
1.357875,0.785985801932936,-0.00451013412028169
1.358,0.785984951275735,-0.0044569067294651
1.358125,0.785984089025876,-0.0044569067294651
1.35825,0.785983215208966,-0.0044569067294651
1.358375,0.785982329850853,-0.0044569067294651
1.3585,0.785981432977604,-0.0044569067294651
1.358625,0.785980524615488,-0.0044569067294651
1.35875,0.785979604790973,-0.0044569067294651
1.358875,0.785978673530705,-0.0044569067294651
1.359,0.785977730861507,-0.00440386602482203
1.359125,0.78597677681038,-0.00440386602482203
1.35925,0.785975811404582,-0.00440386602482203
1.359375,0.7859748346716,-0.00440386602482203
1.3595,0.785973846639122,-0.00440386602482203
1.359625,0.785972847335026,-0.00440386602482203
1.35975,0.785971836787368,-0.00440386602482203
1.359875,0.78597081502437,-0.00440386602482203
1.36,0.785969782074408,-0.00435111283086811
1.360125,0.785968737966019,-0.00435111283086811
1.36025,0.785967682727976,-0.00435111283086811
1.360375,0.785966616389257,-0.00435111283086811
1.3605,0.785965538979023,-0.00435111283086811
1.360625,0.785964450526599,-0.00435111283086811
1.36075,0.785963351061464,-0.00435111283086811
1.360875,0.785962240613239,-0.00435111283086811
1.361,0.785961119211674,-0.00420795023898901
1.361125,0.785959986886686,-0.00420795023898901
1.36125,0.785958843668587,-0.00420795023898901
1.361375,0.78595768958802,-0.00420795023898901
1.3615,0.785956524675906,-0.00420795023898901
1.361625,0.785955348963435,-0.00420795023898901
1.36175,0.785954162482049,-0.00420795023898901
1.361875,0.785952965263426,-0.00420795023898901
1.362,0.785951757339467,-0.00415548030725514
1.362125,0.785950538742305,-0.00415548030725514
1.36225,0.785949309504368,-0.00415548030725514
1.362375,0.785948069658357,-0.00415548030725514
1.3625,0.785946819237209,-0.00415548030725514
1.362625,0.785945558274088,-0.00415548030725514
1.36275,0.785944286802364,-0.00415548030725514
1.362875,0.785943004855604,-0.00415548030725514
1.363,0.785941712467549,-0.0041035926011438
1.363125,0.785940409672124,-0.0041035926011438
1.36325,0.785939096503508,-0.0041035926011438
1.363375,0.785937772996095,-0.0041035926011438
1.3635,0.785936439184472,-0.0041035926011438
1.363625,0.785935095103397,-0.0041035926011438
1.36375,0.785933740787787,-0.0041035926011438
1.363875,0.7859323762727,-0.0041035926011438
1.364,0.785931001593316,-0.00405240939022814
1.364125,0.785929616784947,-0.00405240939022814
1.36425,0.785928221883097,-0.00405240939022814
1.364375,0.785926816923435,-0.00405240939022814
1.3645,0.785925401941762,-0.00405240939022814
1.364625,0.785923976973994,-0.00405240939022814
1.36475,0.785922542056147,-0.00405240939022814
1.364875,0.785921097224317,-0.00405240939022814
1.365,0.785919642514667,-0.00400203810025172
1.365125,0.785918177963428,-0.00400203810025172
1.36525,0.785916703606963,-0.00400203810025172
1.365375,0.785915219481738,-0.00400203810025172
1.3655,0.785913725624286,-0.00400203810025172
1.365625,0.785912222071195,-0.00400203810025172
1.36575,0.785910708859089,-0.00400203810025172
1.365875,0.78590918602461,-0.00400203810025172
1.366,0.785907653604401,-0.00372602232893244
1.366125,0.785906111635197,-0.00372602232893244
1.36625,0.78590456015426,-0.00372602232893244
1.366375,0.785902999199269,-0.00372602232893244
1.3665,0.785901428808235,-0.00372602232893244
1.366625,0.785899849019477,-0.00372602232893244
1.36675,0.785898259871604,-0.00372602232893244
1.366875,0.7858966614035,-0.00372602232893244
1.367,0.7858950536543,-0.00367605706161508
1.367125,0.785893436663393,-0.00367605706161508
1.36725,0.785891810470482,-0.00367605706161508
1.367375,0.785890175115554,-0.00367605706161508
1.3675,0.78588853063884,-0.00367605706161508
1.367625,0.785886877080799,-0.00367605706161508
1.36775,0.7858852144821,-0.00367605706161508
1.367875,0.785883542883598,-0.00367605706161508
1.368,0.785881862326314,-0.0036271390753046
1.368125,0.78588017285144,-0.0036271390753046
1.36825,0.785878474500389,-0.0036271390753046
1.368375,0.785876767314769,-0.0036271390753046
1.3685,0.785875051336343,-0.0036271390753046
1.368625,0.78587332660701,-0.0036271390753046
1.36875,0.785871593168785,-0.0036271390753046
1.368875,0.78586985106378,-0.0036271390753046
1.369,0.78586810033418,-0.00357940696889179
1.369125,0.785866341022243,-0.00357940696889179
1.36925,0.785864573170356,-0.00357940696889179
1.369375,0.785862796821002,-0.00357940696889179
1.3695,0.785861012016722,-0.00357940696889179
1.369625,0.785859218800099,-0.00357940696889179
1.36975,0.785857417213733,-0.00357940696889179
1.369875,0.785855607300223,-0.00357940696889179
1.37,0.785853789102146,-0.00353297112230471
1.370125,0.78585196266205,-0.00353297112230471
1.37025,0.785850128022517,-0.00353297112230471
1.370375,0.785848285226121,-0.00353297112230471
1.3705,0.785846434315398,-0.00353297112230471
1.370625,0.785844575332823,-0.00353297112230471
1.37075,0.785842708320792,-0.00353297112230471
1.370875,0.7858408333216,-0.00353297112230471
1.371,0.785838950377422,-0.00313656212892297
1.371125,0.785837059530442,-0.00313656212892297
1.37125,0.785835160823484,-0.00313656212892297
1.371375,0.785833254299866,-0.00313656212892297
1.3715,0.78583134000327,-0.00313656212892297
1.371625,0.785829417977719,-0.00313656212892297
1.37175,0.785827488267557,-0.00313656212892297
1.371875,0.785825550917425,-0.00313656212892297
1.372,0.785823605972239,-0.00309063903026247
1.372125,0.785821653477181,-0.00309063903026247
1.37225,0.785819693477756,-0.00309063903026247
1.372375,0.785817726019752,-0.00309063903026247
1.3725,0.785815751149203,-0.00309063903026247
1.372625,0.785813768912367,-0.00309063903026247
1.37275,0.785811779355703,-0.00309063903026247
1.372875,0.785809782525846,-0.00309063903026247
1.373,0.785807778469581,-0.00304618217918429
1.373125,0.785805767233841,-0.00304618217918429
1.37325,0.785803748865752,-0.00304618217918429
1.373375,0.785801723412599,-0.00304618217918429
1.3735,0.785799690921783,-0.00304618217918429
1.373625,0.785797651440805,-0.00304618217918429
1.37375,0.785795605017236,-0.00304618217918429
1.373875,0.785793551698695,-0.00304618217918429
1.374,0.785791491532825,-0.00300334158870721
1.374125,0.785789424567284,-0.00300334158870721
1.37425,0.785787350849794,-0.00300334158870721
1.374375,0.785785270428099,-0.00300334158870721
1.3745,0.785783183349932,-0.00300334158870721
1.374625,0.785781089662991,-0.00300334158870721
1.37475,0.785778989414915,-0.00300334158870721
1.374875,0.785776882653257,-0.00300334158870721
1.375,0.785774769425465,-0.00296222694679369
1.375125,0.785772649778868,-0.00296222694679369
1.37525,0.785770523760726,-0.00296222694679369
1.375375,0.785768391418188,-0.00296222694679369
1.3755,0.785766252798261,-0.00296222694679369
1.375625,0.785764107947784,-0.00296222694679369
1.37575,0.785761956913405,-0.00296222694679369
1.375875,0.78575979974156,-0.00296222694679369
1.376,0.785757636478446,-0.00246144092948749
1.376125,0.785755467170194,-0.00246144092948749
1.37625,0.785753291863665,-0.00246144092948749
1.376375,0.785751110606265,-0.00246144092948749
1.3765,0.785748923445791,-0.00246144092948749
1.376625,0.785746730430402,-0.00246144092948749
1.37675,0.785744531608592,-0.00246144092948749
1.376875,0.78574232702917,-0.00246144092948749
1.377,0.785740116741229,-0.0024209266901694
1.377125,0.785737900794137,-0.0024209266901694
1.37725,0.785735679237578,-0.0024209266901694
1.377375,0.785733452121513,-0.0024209266901694
1.3775,0.78573121949614,-0.0024209266901694
1.377625,0.785728981411873,-0.0024209266901694
1.37775,0.785726737919307,-0.0024209266901694
1.377875,0.785724489069201,-0.0024209266901694
1.378,0.785722234912444,-0.00238223926619774
1.378125,0.785719975500046,-0.00238223926619774
1.37825,0.785717710883173,-0.00238223926619774
1.378375,0.785715441113112,-0.00238223926619774
1.3785,0.785713166241227,-0.00238223926619774
1.378625,0.785710886318939,-0.00238223926619774
1.37875,0.785708601397695,-0.00238223926619774
1.378875,0.78570631152894,-0.00238223926619774
1.379,0.785704016764094,-0.00234553493121243
1.379125,0.785701717154537,-0.00234553493121243
1.37925,0.785699412751643,-0.00234553493121243
1.379375,0.785697103606741,-0.00234553493121243
1.3795,0.785694789771079,-0.00234553493121243
1.379625,0.785692471295798,-0.00234553493121243
1.37975,0.785690148231904,-0.00234553493121243
1.379875,0.785687820630241,-0.00234553493121243
1.38,0.78568548854147,-0.00231091915390247
1.380125,0.785683152016048,-0.00231091915390247
1.38025,0.785680811104266,-0.00231091915390247
1.380375,0.785678465856208,-0.00231091915390247
1.3805,0.785676116321716,-0.00231091915390247
1.380625,0.785673762550368,-0.00231091915390247
1.38075,0.78567140459145,-0.00231091915390247
1.380875,0.785669042493928,-0.00231091915390247
1.381,0.785666676306429,-0.00172471699146023
1.381125,0.785664306077438,-0.00172471699146023
1.38125,0.785661931856235,-0.00172471699146023
1.381375,0.78565955369268,-0.00172471699146023
1.3815,0.785657171637034,-0.00172471699146023
1.381625,0.785654785739926,-0.00172471699146023
1.38175,0.785652396052332,-0.00172471699146023
1.381875,0.785650002625541,-0.00172471699146023
1.382,0.785647605511132,-0.00169076785796485
1.382125,0.785645204760955,-0.00169076785796485
1.38225,0.785642800427161,-0.00169076785796485
1.382375,0.78564039256216,-0.00169076785796485
1.3825,0.785637981218589,-0.00169076785796485
1.382625,0.785635566449276,-0.00169076785796485
1.38275,0.785633148307219,-0.00169076785796485
1.382875,0.785630726845549,-0.00169076785796485
1.383,0.78562830211751,-0.00165893760952595
1.383125,0.785625874176436,-0.00165893760952595
1.38325,0.785623443075777,-0.00165893760952595
1.383375,0.78562100886906,-0.00165893760952595
1.3835,0.785618571609853,-0.00165893760952595
1.383625,0.785616131351733,-0.00165893760952595
1.38375,0.785613688148258,-0.00165893760952595
1.383875,0.785611242052944,-0.00165893760952595
1.384,0.785608793119226,-0.00162938356149871
1.384125,0.78560634140045,-0.00162938356149871
1.38425,0.78560388694989,-0.00162938356149871
1.384375,0.785601429820708,-0.00162938356149871
1.3845,0.785598970065921,-0.00162938356149871
1.384625,0.78559650773837,-0.00162938356149871
1.38475,0.785594042890697,-0.00162938356149871
1.384875,0.785591575575309,-0.00162938356149871
1.385,0.785589105844358,-0.00160220366576808
1.385125,0.785586633749721,-0.00160220366576808
1.38525,0.785584159343016,-0.00160220366576808
1.385375,0.785581682675568,-0.00160220366576808
1.3855,0.785579203798373,-0.00160220366576808
1.385625,0.785576722762076,-0.00160220366576808
1.38575,0.785574239616937,-0.00160220366576808
1.385875,0.785571754412811,-0.00160220366576808
1.386,0.785569267199118,-0.000951801153871729
1.386125,0.785566778025073,-0.000951801153871729
1.38625,0.785564286940719,-0.000951801153871729
1.386375,0.785561793996697,-0.000951801153871729
1.3865,0.785559299244043,-0.000951801153871729
1.386625,0.785556802734162,-0.000951801153871729
1.38675,0.785554304518795,-0.000951801153871729
1.386875,0.785551804649995,-0.000951801153871729
1.387,0.785549303180095,-0.000925331142930586
1.387125,0.785546800161686,-0.000925331142930586
1.38725,0.785544295647639,-0.000925331142930586
1.387375,0.78554178969106,-0.000925331142930586
1.3875,0.785539282345255,-0.000925331142930586
1.387625,0.785536773663703,-0.000925331142930586
1.38775,0.785534263700023,-0.000925331142930586
1.387875,0.785531752507949,-0.000925331142930586
1.388,0.785529240141294,-0.000901195968596915
1.388125,0.785526726653933,-0.000901195968596915
1.38825,0.785524212099814,-0.000901195968596915
1.388375,0.78552169653292,-0.000901195968596915
1.3885,0.785519180007229,-0.000901195968596915
1.388625,0.785516662576691,-0.000901195968596915
1.38875,0.785514144295193,-0.000901195968596915
1.388875,0.785511625216531,-0.000901195968596915
1.389,0.785509105394384,-0.000879548873829792
1.389125,0.785506584882287,-0.000879548873829792
1.38925,0.785504063733643,-0.000879548873829792
1.389375,0.785501542001682,-0.000879548873829792
1.3895,0.785499019739431,-0.000879548873829792
1.389625,0.785496496999683,-0.000879548873829792
1.38975,0.785493973834967,-0.000879548873829792
1.389875,0.785491450297523,-0.000879548873829792
1.39,0.785488926439272,-0.000860477326329791
1.390125,0.785486402311794,-0.000860477326329791
1.39025,0.785483877966335,-0.000860477326329791
1.390375,0.78548135345377,-0.000860477326329791
1.3905,0.785478828824573,-0.000860477326329791
1.390625,0.785476304128788,-0.000860477326329791
1.39075,0.785473779416004,-0.000860477326329791
1.390875,0.78547125473533,-0.000860477326329791
1.391,0.785468730135365,-0.000168601361063767
1.391125,0.78546620566444,-0.000168601361063767
1.39125,0.785463681371727,-0.000168601361063767
1.391375,0.785461157306992,-0.000168601361063767
1.3915,0.785458633520379,-0.000168601361063767
1.391625,0.785456110062384,-0.000168601361063767
1.39175,0.785453586983826,-0.000168601361063767
1.391875,0.785451064335817,-0.000168601361063767
1.392,0.785448542169733,-0.000150259143120427
1.392125,0.785446020537192,-0.000150259143120427
1.39225,0.785443499490055,-0.000150259143120427
1.392375,0.785440979080387,-0.000150259143120427
1.3925,0.78543845936043,-0.000150259143120427
1.392625,0.785435940382564,-0.000150259143120427
1.39275,0.785433422199285,-0.000150259143120427
1.392875,0.785430904863172,-0.000150259143120427
1.393,0.785428388426856,-0.000134386634695908
1.393125,0.785425872943001,-0.000134386634695908
1.39325,0.785423358464294,-0.000134386634695908
1.393375,0.785420845043416,-0.000134386634695908
1.3935,0.785418332733006,-0.000134386634695908
1.393625,0.785415821585629,-0.000134386634695908
1.39375,0.785413311653751,-0.000134386634695908
1.393875,0.785410802989709,-0.000134386634695908
1.394,0.785408295645677,-0.000121128159123598
1.394125,0.785405789673648,-0.000121128159123598
1.39425,0.785403285125424,-0.000121128159123598
1.394375,0.785400782052583,-0.000121128159123598
1.3945,0.785398280506447,-0.000121128159123598
1.394625,0.785395780538056,-0.000121128159123598
1.39475,0.785393282198135,-0.000121128159123598
1.394875,0.78539078553707,-0.000121128159123598
1.395,0.78538829060488,-0.000110558149571666
1.395125,0.785385797451191,-0.000110558149571666
1.39525,0.785383306125229,-0.000110558149571666
1.395375,0.785380816675788,-0.000110558149571666
1.3955,0.7853783291512,-0.000110558149571666
1.395625,0.785375843599313,-0.000110558149571666
1.39575,0.785373360067458,-0.000110558149571666
1.395875,0.785370878602428,-0.000110558149571666
1.396,0.785368399250454,0.00059932627857228
1.396125,0.785365922057447,0.00059932627857228
1.39625,0.785363447070141,0.00059932627857228
1.396375,0.785360974335841,0.00059932627857228
1.3965,0.785358503902203,0.00059932627857228
1.396625,0.785356035817207,0.00059932627857228
1.39675,0.785353570129131,0.00059932627857228
1.396875,0.78535110688652,0.00059932627857228
1.397,0.785348646138161,0.000609171311947681
1.397125,0.785346187933052,0.000609171311947681
1.39725,0.785343732320397,0.000609171311947681
1.397375,0.785341279349568,0.000609171311947681
1.3975,0.785338829070077,0.000609171311947681
1.397625,0.785336381531546,0.000609171311947681
1.39775,0.785333936783681,0.000609171311947681
1.397875,0.785331494876236,0.000609171311947681
1.398,0.785329055858994,0.000616495053198388
1.398125,0.785326619781733,0.000616495053198388
1.39825,0.785324186694214,0.000616495053198388
1.398375,0.785321756646147,0.000616495053198388
1.3985,0.785319329687165,0.000616495053198388
1.398625,0.785316905866789,0.000616495053198388
1.39875,0.785314485234407,0.000616495053198388
1.398875,0.785312067839238,0.000616495053198388
1.399,0.785309653730313,0.000621166529788853
1.399125,0.785307242956439,0.000621166529788853
1.39925,0.785304835566188,0.000621166529788853
1.399375,0.785302431607862,0.000621166529788853
1.3995,0.785300031129465,0.000621166529788853
1.399625,0.785297634178682,0.000621166529788853
1.39975,0.785295240802841,0.000621166529788853
1.399875,0.785292851048898,0.000621166529788853
1.4,0.785290464963402,0.000623126405286746
1.400125,0.785288082592474,0.000623126405286746
1.40025,0.785285703981784,0.000623126405286746
1.400375,0.785283329176523,0.000623126405286746
1.4005,0.785280958221379,0.000623126405286746
1.400625,0.785278591160511,0.000623126405286746
1.40075,0.785276228037526,0.000623126405286746
1.400875,0.785273868895452,0.000623126405286746
1.401,0.785271513776718,0.00132759315739483
1.401125,0.785269162723398,0.00132759315739483
1.40125,0.785266815778344,0.00132759315739483
1.401375,0.785264472984936,0.00132759315739483
1.4015,0.785262134386867,0.00132759315739483
1.401625,0.78525980002812,0.00132759315739483
1.40175,0.785257469952939,0.00132759315739483
1.401875,0.785255144205803,0.00132759315739483
1.402,0.785252822831399,0.00132885544203225
1.402125,0.785250505874597,0.00132885544203225
1.40225,0.785248193380421,0.00132885544203225
1.402375,0.785245885394027,0.00132885544203225
1.4025,0.785243581960673,0.00132885544203225
1.402625,0.785241283125691,0.00132885544203225
1.40275,0.785238988934464,0.00132885544203225
1.402875,0.785236699432392,0.00132885544203225
1.403,0.785234414664875,0.0013276276070537
1.403125,0.785232134677276,0.0013276276070537
1.40325,0.785229859514898,0.0013276276070537
1.403375,0.785227589222956,0.0013276276070537
1.4035,0.785225323846551,0.0013276276070537
1.403625,0.785223063430642,0.0013276276070537
1.40375,0.785220808020024,0.0013276276070537
1.403875,0.785218557659297,0.0013276276070537
1.404,0.785216312392841,0.00132379591384009
1.404125,0.785214072264791,0.00132379591384009
1.40425,0.785211837319003,0.00132379591384009
1.404375,0.785209607599031,0.00132379591384009
1.4045,0.7852073831481,0.00132379591384009
1.404625,0.785205164009086,0.00132379591384009
1.40475,0.785202950224486,0.00132379591384009
1.404875,0.785200741836397,0.00132379591384009
1.405,0.785198538886489,0.0013173176431282
1.405125,0.785196341415982,0.0013173176431282
1.40525,0.785194149465608,0.0013173176431282
1.405375,0.785191963075593,0.0013173176431282
1.4055,0.785189782285632,0.0013173176431282
1.405625,0.785187607134872,0.0013173176431282
1.40575,0.785185437661883,0.0013173176431282
1.405875,0.785183273904641,0.0013173176431282
1.406,0.785181115900504,0.00199373514133614
1.406125,0.785178963686452,0.00199373514133614
1.40625,0.785176817300173,0.00199373514133614
1.406375,0.785174676779828,0.00199373514133614
1.4065,0.785172542163842,0.00199373514133614
1.406625,0.785170413490886,0.00199373514133614
1.40675,0.78516829079985,0.00199373514133614
1.406875,0.785166174129816,0.00199373514133614
1.407,0.785164063520042,0.0019866082117538
1.407125,0.785161959009925,0.0019866082117538
1.40725,0.785159860638973,0.0019866082117538
1.407375,0.785157768446776,0.0019866082117538
1.4075,0.785155682472991,0.0019866082117538
1.407625,0.78515360275731,0.0019866082117538
1.40775,0.785151529339444,0.0019866082117538
1.407875,0.785149462259089,0.0019866082117538
1.408,0.785147401555911,0.00197710189817781
1.408125,0.785145347269511,0.00197710189817781
1.40825,0.785143299439392,0.00197710189817781
1.408375,0.785141258104931,0.00197710189817781
1.4085,0.785139223305364,0.00197710189817781
1.408625,0.785137195079759,0.00197710189817781
1.40875,0.785135173466991,0.00197710189817781
1.408875,0.785133158505723,0.00197710189817781
1.409,0.785131150234379,0.00196512291993358
1.409125,0.785129148691119,0.00196512291993358
1.40925,0.785127153913794,0.00196512291993358
1.409375,0.785125165939929,0.00196512291993358
1.4095,0.785123184806702,0.00196512291993358
1.409625,0.785121210550925,0.00196512291993358
1.40975,0.785119243209019,0.00196512291993358
1.409875,0.785117282816993,0.00196512291993358
1.41,0.785115329410423,0.00195064611869468
1.410125,0.785113383024428,0.00195064611869468
1.41025,0.785111443693619,0.00195064611869468
1.410375,0.78510951145209,0.00195064611869468
1.4105,0.785107586333396,0.00195064611869468
1.410625,0.78510566837054,0.00195064611869468
1.41075,0.785103757595945,0.00195064611869468
1.410875,0.785101854041443,0.00195064611869468
1.411,0.785099957738252,0.00257788756551305
1.411125,0.785098068717199,0.00257788756551305
1.41125,0.785096187009731,0.00257788756551305
1.411375,0.785094312647694,0.00257788756551305
1.4115,0.785092445663148,0.00257788756551305
1.411625,0.785090586088343,0.00257788756551305
1.41175,0.785088733955701,0.00257788756551305
1.411875,0.785086889297795,0.00257788756551305
1.412,0.785085052147325,0.00256283044677652
1.412125,0.785083222537094,0.00256283044677652
1.41225,0.785081400499961,0.00256283044677652
1.412375,0.785079586068824,0.00256283044677652
1.4125,0.785077779276605,0.00256283044677652
1.412625,0.785075980156227,0.00256283044677652
1.41275,0.785074188740596,0.00256283044677652
1.412875,0.785072405062576,0.00256283044677652
1.413,0.78507062915497,0.0025455785667703
1.413125,0.785068861050495,0.0025455785667703
1.41325,0.785067100781729,0.0025455785667703
1.413375,0.785065348381098,0.0025455785667703
1.4135,0.785063603880861,0.0025455785667703
1.413625,0.785061867313089,0.0025455785667703
1.41375,0.785060138709644,0.0025455785667703
1.413875,0.785058418102159,0.0025455785667703
1.414,0.78505670552202,0.00252606158079952
1.414125,0.78505500100034,0.00252606158079952
1.41425,0.785053304567901,0.00252606158079952
1.414375,0.78505161625515,0.00252606158079952
1.4145,0.785049936092179,0.00252606158079952
1.414625,0.785048264108707,0.00252606158079952
1.41475,0.785046600334066,0.00252606158079952
1.414875,0.785044944797177,0.00252606158079952
1.415,0.785043297526537,0.00250427224315984
1.415125,0.785041658550188,0.00250427224315984
1.41525,0.78504002789567,0.00250427224315984
1.415375,0.785038405590004,0.00250427224315984
1.4155,0.785036791659689,0.00250427224315984
1.415625,0.785035186130678,0.00250427224315984
1.41575,0.785033589028369,0.00250427224315984
1.415875,0.785032000377582,0.00250427224315984
1.416,0.78503042020255,0.00306335814996239
1.416125,0.785028848527119,0.00306335814996239
1.41625,0.785027285375642,0.00306335814996239
1.416375,0.785025730772794,0.00306335814996239
1.4165,0.7850241847434,0.00306335814996239
1.416625,0.785022647312422,0.00306335814996239
1.41675,0.78502111850494,0.00306335814996239
1.416875,0.785019598346134,0.00306335814996239
1.417,0.785018086861269,0.00304107353892224
1.417125,0.785016584075669,0.00304107353892224
1.41725,0.785015090014659,0.00304107353892224
1.417375,0.785013604703561,0.00304107353892224
1.4175,0.785012128167679,0.00304107353892224
1.417625,0.785010660432283,0.00304107353892224
1.41775,0.785009201522592,0.00304107353892224
1.417875,0.785007751463757,0.00304107353892224
1.418,0.785006310280845,0.00301684476461473
1.418125,0.78500487799881,0.00301684476461473
1.41825,0.78500345464244,0.00301684476461473
1.418375,0.785002040236348,0.00301684476461473
1.4185,0.785000634804958,0.00301684476461473
1.418625,0.784999238372494,0.00301684476461473
1.41875,0.784997850962962,0.00301684476461473
1.418875,0.784996472600131,0.00301684476461473
1.419,0.784995103307523,0.00299062608996044
1.419125,0.784993743108383,0.00299062608996044
1.41925,0.784992392025621,0.00299062608996044
1.419375,0.784991050081809,0.00299062608996044
1.4195,0.784989717299168,0.00299062608996044
1.419625,0.784988393699555,0.00299062608996044
1.41975,0.784987079304451,0.00299062608996044
1.419875,0.784985774134945,0.00299062608996044
1.42,0.78498447821172,0.00296242794567652
1.420125,0.784983191555026,0.00296242794567652
1.42025,0.784981914184627,0.00296242794567652
1.420375,0.78498064611979,0.00296242794567652
1.4205,0.784979387379285,0.00296242794567652
1.420625,0.784978137981367,0.00296242794567652
1.42075,0.78497689794377,0.00296242794567652
1.420875,0.784975667283692,0.00296242794567652
1.421,0.784974446017783,0.00343708186313319
1.421125,0.784973234162318,0.00343708186313319
1.42125,0.784972031733963,0.00343708186313319
1.421375,0.784970838749611,0.00343708186313319
1.4215,0.784969655226244,0.00343708186313319
1.421625,0.784968481180923,0.00343708186313319
1.42175,0.784967316630767,0.00343708186313319
1.421875,0.78496616159295,0.00343708186313319
1.422,0.784965016084681,0.00340848701465117
1.422125,0.784963880123183,0.00340848701465117
1.42225,0.784962753725631,0.00340848701465117
1.422375,0.784961636909152,0.00340848701465117
1.4225,0.784960529690816,0.00340848701465117
1.422625,0.784959432087627,0.00340848701465117
1.42275,0.784958344116505,0.00340848701465117
1.422875,0.784957265794281,0.00340848701465117
1.423,0.784956197137677,0.00337825474269865
1.423125,0.784955138163287,0.00337825474269865
1.42325,0.784954088887514,0.00337825474269865
1.423375,0.784953049326565,0.00337825474269865
1.4235,0.784952019496452,0.00337825474269865
1.423625,0.784950999412976,0.00337825474269865
1.42375,0.784949989091716,0.00337825474269865
1.423875,0.784948988548021,0.00337825474269865
1.424,0.784947997796992,0.00334636475046895
1.424125,0.784947016853468,0.00334636475046895
1.42425,0.784946045731952,0.00334636475046895
1.424375,0.784945084446619,0.00334636475046895
1.4245,0.784944133011309,0.00334636475046895
1.424625,0.784943191439521,0.00334636475046895
1.42475,0.784942259744398,0.00334636475046895
1.424875,0.78494133793872,0.00334636475046895
1.425,0.784940426034895,0.00331284434423562
1.425125,0.784939524044934,0.00331284434423562
1.42525,0.78493863198039,0.00331284434423562
1.425375,0.784937749852359,0.00331284434423562
1.4255,0.784936877671478,0.00331284434423562
1.425625,0.78493601544792,0.00331284434423562
1.42575,0.784935163191385,0.00331284434423562
1.425875,0.784934320911091,0.00331284434423562
1.426,0.784933488615768,0.00368994640259336
1.426125,0.784932666313796,0.00368994640259336
1.42625,0.784931854013816,0.00368994640259336
1.426375,0.7849310517246,0.00368994640259336
1.4265,0.784930259454947,0.00368994640259336
1.426625,0.784929477213669,0.00368994640259336
1.42675,0.784928705009586,0.00368994640259336
1.426875,0.78492794285152,0.00368994640259336
1.427,0.784927190748279,0.00365613785165672
1.427125,0.784926448708644,0.00365613785165672
1.42725,0.784925716741301,0.00365613785165672
1.427375,0.784924994854842,0.00365613785165672
1.4275,0.78492428305777,0.00365613785165672
1.427625,0.78492358135849,0.00365613785165672
1.42775,0.784922889765298,0.00365613785165672
1.427875,0.784922208286376,0.00365613785165672
1.428,0.784921536929785,0.00362104337214942
1.428125,0.784920875703441,0.00362104337214942
1.42825,0.784920224615051,0.00362104337214942
1.428375,0.784919583672119,0.00362104337214942
1.4285,0.784918952881944,0.00362104337214942
1.428625,0.784918332251617,0.00362104337214942
1.42875,0.784917721788011,0.00362104337214942
1.428875,0.784917121497777,0.00362104337214942
1.429,0.784916531387333,0.00358466809669943
1.429125,0.784915951462849,0.00358466809669943
1.42925,0.784915381730178,0.00358466809669943
1.429375,0.78491482219486,0.00358466809669943
1.4295,0.784914272862129,0.00358466809669943
1.429625,0.784913733736906,0.00358466809669943
1.42975,0.784913204823793,0.00358466809669943
1.429875,0.784912686127067,0.00358466809669943
1.43,0.784912177650679,0.00354705488253764
1.430125,0.784911679398229,0.00354705488253764
1.43025,0.784911191372904,0.00354705488253764
1.430375,0.784910713577481,0.00354705488253764
1.4305,0.78491024601434,0.00354705488253764
1.430625,0.784909788685452,0.00354705488253764
1.43075,0.784909341592382,0.00354705488253764
1.430875,0.784908904736282,0.00354705488253764
1.431,0.784908478117888,0.00381698162002354
1.431125,0.784908061737623,0.00381698162002354
1.43125,0.784907655596034,0.00381698162002354
1.431375,0.784907259693704,0.00381698162002354
1.4315,0.784906874031176,0.00381698162002354
1.431625,0.78490649860895,0.00381698162002354
1.43175,0.784906133427481,0.00381698162002354
1.431875,0.78490577848717,0.00381698162002354
1.432,0.784905433788365,0.00377919504471382
1.432125,0.784905099331341,0.00377919504471382
1.43225,0.784904775116237,0.00377919504471382
1.432375,0.784904461143061,0.00377919504471382
1.4325,0.784904157411698,0.00377919504471382
1.432625,0.784903863921908,0.00377919504471382
1.43275,0.784903580673322,0.00377919504471382
1.432875,0.78490330766544,0.00377919504471382
1.433,0.784903044897625,0.00374050626014381
1.433125,0.784902792369091,0.00374050626014381
1.43325,0.784902550078829,0.00374050626014381
1.433375,0.784902318025624,0.00374050626014381
1.4335,0.784902096208059,0.00374050626014381
1.433625,0.784901884624514,0.00374050626014381
1.43375,0.784901683273163,0.00374050626014381
1.433875,0.784901492151974,0.00374050626014381
1.434,0.784901311258703,0.00370094499682656
1.434125,0.784901140590882,0.00370094499682656
1.43425,0.78490098014575,0.00370094499682656
1.434375,0.784900829920262,0.00370094499682656
1.4345,0.784900689911103,0.00370094499682656
1.434625,0.784900560114685,0.00370094499682656
1.43475,0.784900440527144,0.00370094499682656
1.434875,0.784900331144342,0.00370094499682656
1.435,0.784900231961867,0.00366056787133562
1.435125,0.784900142975011,0.00366056787133562
1.43525,0.784900064178715,0.00366056787133562
1.435375,0.784899995567569,0.00366056787133562
1.4355,0.784899937135833,0.00366056787133562
1.435625,0.784899888877431,0.00366056787133562
1.43575,0.784899850785958,0.00366056787133562
1.435875,0.784899822854674,0.00366056787133562
1.436,0.784899805076508,0.00381741062107368
1.436125,0.784899797444122,0.00381741062107368
1.43625,0.784899799950167,0.00381741062107368
1.436375,0.784899812587233,0.00381741062107368
1.4365,0.784899835347809,0.00381741062107368
1.436625,0.784899868224287,0.00381741062107368
1.43675,0.784899911208957,0.00381741062107368
1.436875,0.784899964294015,0.00381741062107368
1.437,0.784900027471559,0.00377697727570474
1.437125,0.784900100733574,0.00377697727570474
1.43725,0.784900184071873,0.00377697727570474
1.437375,0.784900277478104,0.00377697727570474
1.4375,0.784900380943768,0.00377697727570474
1.437625,0.784900494460217,0.00377697727570474
1.43775,0.784900618018656,0.00377697727570474
1.437875,0.784900751610148,0.00377697727570474
1.438,0.78490089522561,0.00373604442529667
1.438125,0.784901048855807,0.00373604442529667
1.43825,0.784901212491279,0.00373604442529667
1.438375,0.784901386122361,0.00373604442529667
1.4385,0.784901569739196,0.00373604442529667
1.438625,0.784901763331736,0.00373604442529667
1.43875,0.784901966889744,0.00373604442529667
1.438875,0.7849021804028,0.00373604442529667
1.439,0.7849024038603,0.00369466479450834
1.439125,0.784902637251445,0.00369466479450834
1.43925,0.784902880565178,0.00369466479450834
1.439375,0.784903133790195,0.00369466479450834
1.4395,0.784903396914965,0.00369466479450834
1.439625,0.78490366992773,0.00369466479450834
1.43975,0.784903952816511,0.00369466479450834
1.439875,0.784904245569109,0.00369466479450834
1.44,0.784904548173113,0.0036529065707985
1.440125,0.784904860615883,0.0036529065707985
1.44025,0.78490518288449,0.0036529065707985
1.440375,0.784905514965732,0.0036529065707985
1.4405,0.784905856846149,0.0036529065707985
1.440625,0.784906208512027,0.0036529065707985
1.44075,0.784906569949407,0.0036529065707985
1.440875,0.784906941144085,0.0036529065707985
1.441,0.784907322081621,0.00369456444968013
1.441125,0.784907712747357,0.00369456444968013
1.44125,0.784908113126492,0.00369456444968013
1.441375,0.784908523204075,0.00369456444968013
1.4415,0.784908942965,0.00369456444968013
1.441625,0.784909372394006,0.00369456444968013
1.44175,0.784909811475691,0.00369456444968013
1.441875,0.78491026019451,0.00369456444968013
1.442,0.784910718534784,0.00365286566810362
1.442125,0.78491118648069,0.00365286566810362
1.44225,0.784911664016197,0.00365286566810362
1.442375,0.784912151125088,0.00365286566810362
1.4425,0.784912647790973,0.00365286566810362
1.442625,0.784913153997298,0.00365286566810362
1.44275,0.784913669727352,0.00365286566810362
1.442875,0.78491419496427,0.00365286566810362
1.443,0.784914729691043,0.00361107556844572
1.443125,0.784915273890507,0.00361107556844572
1.44325,0.784915827545281,0.00361107556844572
1.443375,0.784916390637787,0.00361107556844572
1.4435,0.784916963150269,0.00361107556844572
1.443625,0.784917545064797,0.00361107556844572
1.44375,0.784918136363281,0.00361107556844572
1.443875,0.784918737027468,0.00361107556844572
1.444,0.784919347038959,0.00356926756561932
1.444125,0.784919966379196,0.00356926756561932
1.44425,0.784920595029399,0.00356926756561932
1.444375,0.784921232970592,0.00356926756561932
1.4445,0.784921880183615,0.00356926756561932
1.444625,0.784922536649139,0.00356926756561932
1.44475,0.784923202347671,0.00356926756561932
1.444875,0.78492387725956,0.00356926756561932
1.445,0.784924561365008,0.00352751891369478
1.445125,0.78492525464406,0.00352751891369478
1.44525,0.784925957076548,0.00352751891369478
1.445375,0.784926668642105,0.00352751891369478
1.4455,0.784927389320193,0.00352751891369478
1.445625,0.784928119090108,0.00352751891369478
1.44575,0.784928857930985,0.00352751891369478
1.445875,0.784929605821816,0.00352751891369478
1.446,0.784930362741449,0.00345566638366628
1.446125,0.784931128668577,0.00345566638366628
1.44625,0.784931903581624,0.00345566638366628
1.446375,0.784932687458781,0.00345566638366628
1.4465,0.784933480278031,0.00345566638366628
1.446625,0.784934282017164,0.00345566638366628
1.44675,0.784935092653779,0.00345566638366628
1.446875,0.784935912165303,0.00345566638366628
1.447,0.784936740528991,0.00341408767114022
1.447125,0.78493757772193,0.00341408767114022
1.44725,0.784938423720972,0.00341408767114022
1.447375,0.784939278502764,0.00341408767114022
1.4475,0.784940142043766,0.00341408767114022
1.447625,0.784941014320262,0.00341408767114022
1.44775,0.784941895308373,0.00341408767114022
1.447875,0.784942784984064,0.00341408767114022
1.448,0.784943683323156,0.00337281798782253
1.448125,0.784944590301323,0.00337281798782253
1.44825,0.784945505894032,0.00337281798782253
1.448375,0.78494643007657,0.00337281798782253
1.4485,0.784947362824064,0.00337281798782253
1.448625,0.784948304111493,0.00337281798782253
1.44875,0.784949253913702,0.00337281798782253
1.448875,0.784950212205406,0.00337281798782253
1.449,0.78495117896121,0.00333194852757049
1.449125,0.784952154155599,0.00333194852757049
1.44925,0.784953137762886,0.00333194852757049
1.449375,0.784954129757234,0.00333194852757049
1.4495,0.784955130112681,0.00333194852757049
1.449625,0.784956138803148,0.00333194852757049
1.44975,0.784957155802456,0.00333194852757049
1.449875,0.784958181084335,0.00333194852757049
1.45,0.784959214622436,0.00329156288005382
1.450125,0.784960256390327,0.00329156288005382
1.45025,0.78496130636144,0.00329156288005382
1.450375,0.784962364509097,0.00329156288005382
1.4505,0.78496343080653,0.00329156288005382
1.450625,0.784964505226896,0.00329156288005382
1.45075,0.784965587743286,0.00329156288005382
1.450875,0.784966678328742,0.00329156288005382
1.451,0.784967776956265,0.00311149596714054
1.451125,0.784968883598761,0.00311149596714054
1.45125,0.784969998228755,0.00311149596714054
1.451375,0.784971120818465,0.00311149596714054
1.4515,0.784972251339862,0.00311149596714054
1.451625,0.784973389764681,0.00311149596714054
1.45175,0.784974536064437,0.00311149596714054
1.451875,0.78497569021044,0.00311149596714054
1.452,0.784976852173804,0.00307138216961963
1.452125,0.784978021925449,0.00307138216961963
1.45225,0.784979199436048,0.00307138216961963
1.452375,0.784980384676056,0.00307138216961963
1.4525,0.784981577615731,0.00307138216961963
1.452625,0.784982778225151,0.00307138216961963
1.45275,0.784983986474229,0.00307138216961963
1.452875,0.784985202332724,0.00307138216961963
1.453,0.78498642577026,0.00303195719122583
1.453125,0.784987656756322,0.00303195719122583
1.45325,0.784988895260208,0.00303195719122583
1.453375,0.784990141251055,0.00303195719122583
1.4535,0.784991394697866,0.00303195719122583
1.453625,0.784992655569523,0.00303195719122583
1.45375,0.784993923834803,0.00303195719122583
1.453875,0.784995199462395,0.00303195719122583
1.454,0.78499648242091,0.00299332659604195
1.454125,0.784997772678886,0.00299332659604195
1.45425,0.784999070204739,0.00299332659604195
1.454375,0.785000374966788,0.00299332659604195
1.4545,0.785001686933284,0.00299332659604195
1.454625,0.785003006072421,0.00299332659604195
1.45475,0.785004332352356,0.00299332659604195
1.454875,0.785005665741222,0.00299332659604195
1.455,0.785007006207142,0.00295557744572109
1.455125,0.785008353718232,0.00295557744572109
1.45525,0.785009708242554,0.00295557744572109
1.455375,0.785011069748142,0.00295557744572109
1.4555,0.785012438203029,0.00295557744572109
1.455625,0.785013813575263,0.00295557744572109
1.45575,0.785015195832918,0.00295557744572109
1.455875,0.785016584944114,0.00295557744572109
1.456,0.785017980877031,0.0026759467865713
1.456125,0.785019383599814,0.0026759467865713
1.45625,0.785020793080135,0.0026759467865713
1.456375,0.785022209285293,0.0026759467865713
1.4565,0.785023632182307,0.0026759467865713
1.456625,0.785025061737935,0.0026759467865713
1.45675,0.785026497918684,0.0026759467865713
1.456875,0.785027940690836,0.0026759467865713
1.457,0.785029390020456,0.00263855975299802
1.457125,0.785030845873403,0.00263855975299802
1.45725,0.785032308215279,0.00263855975299802
1.457375,0.785033777011463,0.00263855975299802
1.4575,0.785035252227136,0.00263855975299802
1.457625,0.785036733827298,0.00263855975299802
1.45775,0.78503822177679,0.00263855975299802
1.457875,0.785039716040305,0.00263855975299802
1.458,0.785041216582414,0.00260220905260408
1.458125,0.785042723367561,0.00260220905260408
1.45825,0.785044236360029,0.00260220905260408
1.458375,0.785045755523962,0.00260220905260408
1.4585,0.785047280823402,0.00260220905260408
1.458625,0.785048812222299,0.00260220905260408
1.45875,0.785050349684533,0.00260220905260408
1.458875,0.78505189317393,0.00260220905260408
1.459,0.785053442654283,0.0025670108368595
1.459125,0.785054998089354,0.0025670108368595
1.45925,0.785056559442837,0.0025670108368595
1.459375,0.785058126678384,0.0025670108368595
1.4595,0.785059699759635,0.0025670108368595
1.459625,0.785061278650236,0.0025670108368595
1.45975,0.785062863313857,0.0025670108368595
1.459875,0.785064453714208,0.0025670108368595
1.46,0.785066049815062,0.00253305273921189
1.460125,0.785067651580254,0.00253305273921189
1.46025,0.785069258973648,0.00253305273921189
1.460375,0.785070871959162,0.00253305273921189
1.4605,0.7850724905008,0.00253305273921189
1.460625,0.785074114562663,0.00253305273921189
1.46075,0.785075744108974,0.00253305273921189
1.460875,0.78507737910409,0.00253305273921189
1.461,0.785079019512522,0.00216549531031517
1.461125,0.785080665298811,0.00216549531031517
1.46125,0.785082316426944,0.00216549531031517
1.461375,0.785083972860486,0.00216549531031517
1.4615,0.785085634562703,0.00216549531031517
1.461625,0.785087301496575,0.00216549531031517
1.46175,0.785088973624818,0.00216549531031517
1.461875,0.785090650909904,0.00216549531031517
1.462,0.785092333314081,0.00213197534897237
1.462125,0.785094020799378,0.00213197534897237
1.46225,0.785095713327571,0.00213197534897237
1.462375,0.785097410860215,0.00213197534897237
1.4625,0.785099113358671,0.00213197534897237
1.462625,0.785100820784126,0.00213197534897237
1.46275,0.785102533097615,0.00213197534897237
1.462875,0.785104250260041,0.00213197534897237
1.463,0.785105972232194,0.00209979659190132
1.463125,0.785107698974762,0.00209979659190132
1.46325,0.785109430448293,0.00209979659190132
1.463375,0.785111166613233,0.00209979659190132
1.4635,0.78511290742995,0.00209979659190132
1.463625,0.785114652858755,0.00209979659190132
1.46375,0.785116402859927,0.00209979659190132
1.463875,0.785118157393725,0.00209979659190132
1.464,0.78511991642042,0.0020690817531559
1.464125,0.785121679900292,0.0020690817531559
1.46425,0.78512344779361,0.0020690817531559
1.464375,0.785125220060654,0.0020690817531559
1.4645,0.78512699666175,0.0020690817531559
1.464625,0.785128777557287,0.0020690817531559
1.46475,0.78513056270774,0.0020690817531559
1.464875,0.785132352073685,0.0020690817531559
1.465,0.785134145615826,0.00203991619592606
1.465125,0.785135943294998,0.00203991619592606
1.46525,0.785137745072145,0.00203991619592606
1.465375,0.785139550908343,0.00203991619592606
1.4655,0.785141360764832,0.00203991619592606
1.465625,0.785143174603033,0.00203991619592606
1.46575,0.78514499238457,0.00203991619592606
1.465875,0.785146814071288,0.00203991619592606
1.466,0.785148639625273,0.00159860056635354
1.466125,0.785150469008699,0.00159860056635354
1.46625,0.785152302183129,0.00159860056635354
1.466375,0.78515413910967,0.00159860056635354
1.4665,0.785155979749117,0.00159860056635354
1.466625,0.785157824061967,0.00159860056635354
1.46675,0.785159672008449,0.00159860056635354
1.466875,0.785161523548538,0.00159860056635354
1.467,0.785163378641982,0.00156993284245012
1.467125,0.785165237248308,0.00156993284245012
1.46725,0.785167099326801,0.00156993284245012
1.467375,0.785168964836533,0.00156993284245012
1.4675,0.785170833736392,0.00156993284245012
1.467625,0.785172705985106,0.00156993284245012
1.46775,0.785174581541263,0.00156993284245012
1.467875,0.785176460363337,0.00156993284245012
1.468,0.785178342409704,0.00154285983465247
1.468125,0.785180227638661,0.00154285983465247
1.46825,0.785182116008397,0.00154285983465247
1.468375,0.78518400747703,0.00154285983465247
1.4685,0.785185902002632,0.00154285983465247
1.468625,0.785187799543254,0.00154285983465247
1.46875,0.785189700056947,0.00154285983465247
1.468875,0.785191603501786,0.00154285983465247
1.469,0.785193509835889,0.00151750668923417
1.469125,0.785195419017432,0.00151750668923417
1.46925,0.78519733100463,0.00151750668923417
1.469375,0.785199245755764,0.00151750668923417
1.4695,0.785201163229213,0.00151750668923417
1.469625,0.785203083383474,0.00151750668923417
1.46975,0.785205006177186,0.00151750668923417
1.469875,0.785206931569149,0.00151750668923417
1.47,0.785208859518346,0.00149395380548737
1.470125,0.785210789983957,0.00149395380548737
1.47025,0.785212722925342,0.00149395380548737
1.470375,0.785214658302066,0.00149395380548737
1.4705,0.785216596073932,0.00149395380548737
1.470625,0.785218536200996,0.00149395380548737
1.47075,0.785220478643591,0.00149395380548737
1.470875,0.785222423362349,0.00149395380548737
1.471,0.785224370318218,0.000995055962863435
1.471125,0.78522631947229,0.000995055962863435
1.47125,0.785228270785008,0.000995055962863435
1.471375,0.785230224216343,0.000995055962863435
1.4715,0.785232179725947,0.000995055962863435
1.471625,0.78523413727318,0.000995055962863435
1.47175,0.785236096817131,0.000995055962863435
1.471875,0.785238058316636,0.000995055962863435
1.472,0.785240021730308,0.000972042794992626
1.472125,0.785241987016548,0.000972042794992626
1.47225,0.785243954133527,0.000972042794992626
1.472375,0.785245923039223,0.000972042794992626
1.4725,0.785247893691445,0.000972042794992626
1.472625,0.785249866047857,0.000972042794992626
1.47275,0.785251840066003,0.000972042794992626
1.472875,0.785253815703332,0.000972042794992626
1.473,0.785255792917216,0.000950819668289802
1.473125,0.785257771664968,0.000950819668289802
1.47325,0.785259751903833,0.000950819668289802
1.473375,0.785261733591013,0.000950819668289802
1.4735,0.7852637166837,0.000950819668289802
1.473625,0.785265701139098,0.000950819668289802
1.47375,0.785267686914445,0.000950819668289802
1.473875,0.785269673967041,0.000950819668289802
1.474,0.785271662254263,0.00093151006141702
1.474125,0.785273651733587,0.00093151006141702
1.47425,0.785275642362579,0.00093151006141702
1.474375,0.785277634098921,0.00093151006141702
1.4745,0.78527962690044,0.00093151006141702
1.474625,0.785281620725132,0.00093151006141702
1.47475,0.785283615531185,0.00093151006141702
1.474875,0.785285611276997,0.00093151006141702
1.475,0.785287607921203,0.000914186947547919
1.475125,0.78528960542269,0.000914186947547919
1.47525,0.785291603740588,0.000914186947547919
1.475375,0.785293602834298,0.000914186947547919
1.4755,0.78529560266352,0.000914186947547919
1.475625,0.785297603188272,0.000914186947547919
1.47575,0.785299604368913,0.000914186947547919
1.475875,0.785301606166164,0.000914186947547919
1.476,0.785303608541126,0.000375315300540194
1.476125,0.785305611455095,0.000375315300540194
1.47625,0.785307614868703,0.000375315300540194
1.476375,0.785309618742104,0.000375315300540194
1.4765,0.785311623035147,0.000375315300540194
1.476625,0.785313627707392,0.000375315300540194
1.47675,0.78531563271814,0.000375315300540194
1.476875,0.78531763802645,0.000375315300540194
1.477,0.785319643591167,0.000358555095554081
1.477125,0.785321649370936,0.000358555095554081
1.47725,0.785323655324199,0.000358555095554081
1.477375,0.785325661409222,0.000358555095554081
1.4775,0.785327667584127,0.000358555095554081
1.477625,0.785329673806912,0.000358555095554081
1.47775,0.785331680035476,0.000358555095554081
1.477875,0.785333686227642,0.000358555095554081
1.478,0.78533569234118,0.000343717301693121
1.478125,0.785337698333829,0.000343717301693121
1.47825,0.78533970416329,0.000343717301693121
1.478375,0.785341709787259,0.000343717301693121
1.4785,0.785343715163454,0.000343717301693121
1.478625,0.785345720249636,0.000343717301693121
1.47875,0.785347725003633,0.000343717301693121
1.478875,0.785349729383367,0.000343717301693121
1.479,0.785351733346874,0.000330919792155841
1.479125,0.78535373685232,0.000330919792155841
1.47925,0.785355739858011,0.000330919792155841
1.479375,0.785357742322411,0.000330919792155841
1.4795,0.785359744204172,0.000330919792155841
1.479625,0.785361745462161,0.000330919792155841
1.47975,0.785363746055474,0.000330919792155841
1.479875,0.785365745943465,0.000330919792155841
1.48,0.785367745085765,0.00032022595648696
1.480125,0.785369743442303,0.00032022595648696
1.48025,0.785371740973305,0.00032022595648696
1.480375,0.785373737639324,0.00032022595648696
1.4805,0.785375733401263,0.00032022595648696
1.480625,0.785377728220394,0.00032022595648696
1.48075,0.785379722058381,0.00032022595648696
1.480875,0.7853817148773,0.00032022595648696
1.481,0.785383706639659,-0.000240184825857014
1.481125,0.785385697308204,-0.000240184825857014
1.48125,0.785387686845019,-0.000240184825857014
1.481375,0.785389675211727,-0.000240184825857014
1.4815,0.785391662369661,-0.000240184825857014
1.481625,0.785393648279887,-0.000240184825857014
1.48175,0.785395632903225,-0.000240184825857014
1.481875,0.785397616200274,-0.000240184825857014
1.482,0.785399598131433,-0.0002503114967465
1.482125,0.785401578656921,-0.0002503114967465
1.48225,0.785403557736785,-0.0002503114967465
1.482375,0.785405535330923,-0.0002503114967465
1.4825,0.785407511399111,-0.0002503114967465
1.482625,0.785409485901029,-0.0002503114967465
1.48275,0.78541145879628,-0.0002503114967465
1.482875,0.785413430044416,-0.0002503114967465
1.483,0.785415399604959,-0.00025844895159247
1.483125,0.785417367437424,-0.00025844895159247
1.48325,0.785419333501326,-0.00025844895159247
1.483375,0.785421297756207,-0.00025844895159247
1.4835,0.785423260161659,-0.00025844895159247
1.483625,0.785425220677352,-0.00025844895159247
1.48375,0.785427179263052,-0.00025844895159247
1.483875,0.785429135878645,-0.00025844895159247
1.484,0.785431090484161,-0.000264488575757215
1.484125,0.785433043039793,-0.000264488575757215
1.48425,0.785434993505909,-0.000264488575757215
1.484375,0.785436941843078,-0.000264488575757215
1.4845,0.785438888012094,-0.000264488575757215
1.484625,0.785440831973993,-0.000264488575757215
1.48475,0.785442773690083,-0.000264488575757215
1.484875,0.785444713121957,-0.000264488575757215
1.485,0.785446650231522,-0.000268378354584141
1.485125,0.785448584981012,-0.000268378354584141
1.48525,0.785450517333009,-0.000268378354584141
1.485375,0.78545244725046,-0.000268378354584141
1.4855,0.7854543746967,-0.000268378354584141
1.485625,0.785456299635472,-0.000268378354584141
1.48575,0.785458222030951,-0.000268378354584141
1.485875,0.785460141847757,-0.000268378354584141
1.486,0.785462059050978,-0.000831684408810312
1.486125,0.785463973605973,-0.000831684408810312
1.48625,0.785465885477466,-0.000831684408810312
1.486375,0.78546779462975,-0.000831684408810312
1.4865,0.785469701026851,-0.000831684408810312
1.486625,0.785471604632557,-0.000831684408810312
1.48675,0.785473505410434,-0.000831684408810312
1.486875,0.78547540332385,-0.000831684408810312
1.487,0.785477298335998,-0.00083502133481562
1.487125,0.785479190409914,-0.00083502133481562
1.48725,0.785481079508496,-0.00083502133481562
1.487375,0.785482965594525,-0.00083502133481562
1.4875,0.785484848630689,-0.00083502133481562
1.487625,0.785486728579605,-0.00083502133481562
1.48775,0.78548860540384,-0.00083502133481562
1.487875,0.785490479065935,-0.00083502133481562
1.488,0.785492349528425,-0.000836368229434421
1.488125,0.785494216753861,-0.000836368229434421
1.48825,0.785496080704829,-0.000836368229434421
1.488375,0.785497941343976,-0.000836368229434421
1.4885,0.785499798634026,-0.000836368229434421
1.488625,0.785501652537807,-0.000836368229434421
1.48875,0.785503503018268,-0.000836368229434421
1.488875,0.785505350038505,-0.000836368229434421
1.489,0.78550719356178,-0.000835628994501206
1.489125,0.785509033551542,-0.000835628994501206
1.48925,0.785510869971449,-0.000835628994501206
1.489375,0.785512702785393,-0.000835628994501206
1.4895,0.785514531957513,-0.000835628994501206
1.489625,0.785516357452221,-0.000835628994501206
1.48975,0.785518179234224,-0.000835628994501206
1.489875,0.785519997268536,-0.000835628994501206
1.49,0.785521811520508,-0.000832764367091073
1.490125,0.785523621955841,-0.000832764367091073
1.49025,0.785525428540614,-0.000832764367091073
1.490375,0.785527231241303,-0.000832764367091073
1.4905,0.785529030024794,-0.000832764367091073
1.490625,0.785530824858409,-0.000832764367091073
1.49075,0.78553261570992,-0.000832764367091073
1.490875,0.785534402547566,-0.000832764367091073
1.491,0.785536185340077,-0.0013807203261582
1.491125,0.785537964056471,-0.0013807203261582
1.49125,0.785539738665185,-0.0013807203261582
1.491375,0.785541509134259,-0.0013807203261582
1.4915,0.785543275431505,-0.0013807203261582
1.491625,0.78554503752453,-0.0013807203261582
1.49175,0.785546795380748,-0.0013807203261582
1.491875,0.785548548967407,-0.0013807203261582
1.492,0.785550298251606,-0.00137733476901426
1.492125,0.785552043200319,-0.00137733476901426
1.49225,0.785553783780415,-0.00137733476901426
1.492375,0.785555519958685,-0.00137733476901426
1.4925,0.785557251701855,-0.00137733476901426
1.492625,0.785558978976608,-0.00137733476901426
1.49275,0.785560701749606,-0.00137733476901426
1.492875,0.785562419987508,-0.00137733476901426
1.493,0.785564133656991,-0.00137202263786089
1.493125,0.785565842724771,-0.00137202263786089
1.49325,0.785567547157633,-0.00137202263786089
1.493375,0.78556924692245,-0.00137202263786089
1.4935,0.785570941986198,-0.00137202263786089
1.493625,0.78557263231598,-0.00137202263786089
1.49375,0.785574317879041,-0.00137202263786089
1.493875,0.785575998642792,-0.00137202263786089
1.494,0.785577674574827,-0.00136470311889973
1.494125,0.785579345642945,-0.00136470311889973
1.49425,0.78558101181518,-0.00136470311889973
1.494375,0.785582673059822,-0.00136470311889973
1.4945,0.785584329345428,-0.00136470311889973
1.494625,0.785585980640844,-0.00136470311889973
1.49475,0.785587626915223,-0.00136470311889973
1.494875,0.785589268138042,-0.00136470311889973
1.495,0.78559090427912,-0.00135535062979347
1.495125,0.785592535308642,-0.00135535062979347
1.49525,0.785594161197187,-0.00135535062979347
1.495375,0.785595781915746,-0.00135535062979347
1.4955,0.785597397435734,-0.00135535062979347
1.495625,0.785599007729009,-0.00135535062979347
1.49575,0.785600612767887,-0.00135535062979347
1.495875,0.785602212525158,-0.00135535062979347
1.496,0.7856038069741,-0.00187068836729632
1.496125,0.7856053960883,-0.00187068836729632
1.49625,0.785606979840823,-0.00187068836729632
1.496375,0.785608558204393,-0.00187068836729632
1.4965,0.785610131151546,-0.00187068836729632
1.496625,0.785611698654649,-0.00187068836729632
1.49675,0.785613260685918,-0.00187068836729632
1.496875,0.785614817217433,-0.00187068836729632
1.497,0.78561636822116,-0.00186086298427111
1.497125,0.785617913668968,-0.00186086298427111
1.49725,0.785619453532668,-0.00186086298427111
1.497375,0.785620987784021,-0.00186086298427111
1.4975,0.78562251639476,-0.00186086298427111
1.497625,0.785624039336603,-0.00186086298427111
1.49775,0.785625556581273,-0.00186086298427111
1.497875,0.785627068100514,-0.00186086298427111
1.498,0.785628573866112,-0.0018492350108452
1.498125,0.785630073849912,-0.0018492350108452
1.49825,0.785631568023859,-0.0018492350108452
1.498375,0.785633056360008,-0.0018492350108452
1.4985,0.785634538830542,-0.0018492350108452
1.498625,0.785636015407786,-0.0018492350108452
1.49875,0.785637486064227,-0.0018492350108452
1.498875,0.785638950772527,-0.0018492350108452
1.499,0.785640409505544,-0.00183574111895964
1.499125,0.78564186223635,-0.00183574111895964
1.49925,0.785643308938272,-0.00183574111895964
1.499375,0.785644749584906,-0.00183574111895964
1.4995,0.785646184150123,-0.00183574111895964
1.499625,0.785647612608092,-0.00183574111895964
1.49975,0.785649034933291,-0.00183574111895964
1.499875,0.785650451100525,-0.00183574111895964
1.5,0.785651861084941,-0.00182036986950894
1.500125,0.785653264862048,-0.00182036986950894
1.50025,0.785654662407756,-0.00182036986950894
1.500375,0.785656053698391,-0.00182036986950894
1.5005,0.785657438710698,-0.00182036986950894
1.500625,0.785658817421859,-0.00182036986950894
1.50075,0.785660189809508,-0.00182036986950894
1.500875,0.785661555851742,-0.00182036986950894
1.501,0.785662915527135,-0.00228733021865449
1.501125,0.785664268814569,-0.00228733021865449
1.50125,0.785665615692488,-0.00228733021865449
1.501375,0.785666956139054,-0.00228733021865449
1.5015,0.785668290132289,-0.00228733021865449
1.501625,0.785669617650089,-0.00228733021865449
1.50175,0.785670938670239,-0.00228733021865449
1.501875,0.785672253170426,-0.00228733021865449
1.502,0.785673561128258,-0.00227154824471667
1.502125,0.785674862521281,-0.00227154824471667
1.50225,0.785676157327021,-0.00227154824471667
1.502375,0.785677445522996,-0.00227154824471667
1.5025,0.785678727086722,-0.00227154824471667
1.502625,0.785680001995734,-0.00227154824471667
1.50275,0.785681270227593,-0.00227154824471667
1.502875,0.785682531759909,-0.00227154824471667
1.503,0.78568378657035,-0.00225414258842086
1.503125,0.785685034636663,-0.00225414258842086
1.50325,0.785686275936723,-0.00225414258842086
1.503375,0.785687510448534,-0.00225414258842086
1.5035,0.785688738150244,-0.00225414258842086
1.503625,0.785689959020159,-0.00225414258842086
1.50375,0.785691173036752,-0.00225414258842086
1.503875,0.785692380178684,-0.00225414258842086
1.504,0.785693580424812,-0.00223506898617017
1.504125,0.785694773754212,-0.00223506898617017
1.50425,0.785695960146227,-0.00223506898617017
1.504375,0.785697139580467,-0.00223506898617017
1.5045,0.785698312036825,-0.00223506898617017
1.504625,0.785699477495483,-0.00223506898617017
1.50475,0.78570063593693,-0.00223506898617017
1.504875,0.785701787341969,-0.00223506898617017
1.505,0.785702931691738,-0.00221433013588683
1.505125,0.785704068967719,-0.00221433013588683
1.50525,0.785705199151793,-0.00221433013588683
1.505375,0.785706322226241,-0.00221433013588683
1.5055,0.785707438173749,-0.00221433013588683
1.505625,0.785708546977421,-0.00221433013588683
1.50575,0.78570964862079,-0.00221433013588683
1.505875,0.785710743087826,-0.00221433013588683
1.506,0.785711830362951,-0.00261913166225395
1.506125,0.785712910430887,-0.00261913166225395
1.50625,0.785713983276007,-0.00261913166225395
1.506375,0.785715048882477,-0.00261913166225395
1.5065,0.785716107234366,-0.00261913166225395
1.506625,0.785717158315669,-0.00261913166225395
1.50675,0.785718202110309,-0.00261913166225395
1.506875,0.785719238602154,-0.00261913166225395
1.507,0.785720267775027,-0.00259805600595833
1.507125,0.785721289612726,-0.00259805600595833
1.50725,0.78572230409907,-0.00259805600595833
1.507375,0.785723311217903,-0.00259805600595833
1.5075,0.785724310953101,-0.00259805600595833
1.507625,0.785725303288585,-0.00259805600595833
1.50775,0.785726288208328,-0.00259805600595833
1.507875,0.78572726569637,-0.00259805600595833
1.508,0.78572823573683,-0.00257558327248345
1.508125,0.78572919831392,-0.00257558327248345
1.50825,0.785730153412001,-0.00257558327248345
1.508375,0.78573110101558,-0.00257558327248345
1.5085,0.785732041109319,-0.00257558327248345
1.508625,0.785732973678044,-0.00257558327248345
1.50875,0.785733898706757,-0.00257558327248345
1.508875,0.785734816180644,-0.00257558327248345
1.509,0.785735726085088,-0.00255168918430018
1.509125,0.785736628405688,-0.00255168918430018
1.50925,0.785737523128305,-0.00255168918430018
1.509375,0.78573841023907,-0.00255168918430018
1.5095,0.785739289724382,-0.00255168918430018
1.509625,0.785740161570922,-0.00255168918430018
1.50975,0.785741025765658,-0.00255168918430018
1.509875,0.785741882295858,-0.00255168918430018
1.51,0.785742731149095,-0.00252639011393444
1.510125,0.785743572313271,-0.00252639011393444
1.51025,0.785744405776662,-0.00252639011393444
1.510375,0.785745231527919,-0.00252639011393444
1.5105,0.785746049556074,-0.00252639011393444
1.510625,0.78574685985054,-0.00252639011393444
1.51075,0.785747662401126,-0.00252639011393444
1.510875,0.785748457198041,-0.00252639011393444
1.511,0.785749244231899,-0.00285762161670326
1.511125,0.785750023493603,-0.00285762161670326
1.51125,0.785750794973808,-0.00285762161670326
1.511375,0.785751558663029,-0.00285762161670326
1.5115,0.785752314551745,-0.00285762161670326
1.511625,0.7857530626304,-0.00285762161670326
1.51175,0.785753802889417,-0.00285762161670326
1.511875,0.785754535319199,-0.00285762161670326
1.512,0.785755259910146,-0.00283206870553405
1.512125,0.785755976652664,-0.00283206870553405
1.51225,0.78575668553722,-0.00283206870553405
1.512375,0.785757386554344,-0.00283206870553405
1.5125,0.785758079694622,-0.00283206870553405
1.512625,0.785758764948712,-0.00283206870553405
1.51275,0.785759442307347,-0.00283206870553405
1.512875,0.785760111761346,-0.00283206870553405
1.513,0.785760773301616,-0.00280538444313471
1.513125,0.785761426919178,-0.00280538444313471
1.51325,0.785762072605212,-0.00280538444313471
1.513375,0.785762710351055,-0.00280538444313471
1.5135,0.785763340148209,-0.00280538444313471
1.513625,0.785763961988338,-0.00280538444313471
1.51375,0.785764575863282,-0.00280538444313471
1.513875,0.785765181765061,-0.00280538444313471
1.514,0.785765779685884,-0.00277756479021437
1.514125,0.785766369618163,-0.00277756479021437
1.51425,0.785766951554566,-0.00277756479021437
1.514375,0.785767525488018,-0.00277756479021437
1.5145,0.785768091411694,-0.00277756479021437
1.514625,0.78576864931903,-0.00277756479021437
1.51475,0.785769199203725,-0.00277756479021437
1.514875,0.78576974105975,-0.00277756479021437
1.515,0.785770274881349,-0.00274863890230236
1.515125,0.785770800663062,-0.00274863890230236
1.51525,0.78577131839977,-0.00274863890230236
1.515375,0.785771828086696,-0.00274863890230236
1.5155,0.785772329719401,-0.00274863890230236
1.515625,0.785772823293784,-0.00274863890230236
1.51575,0.785773308806095,-0.00274863890230236
1.515875,0.78577378625293,-0.00274863890230236
1.516,0.78577425563124,-0.00299756514660229
1.516125,0.785774716938237,-0.00299756514660229
1.51625,0.785775170170992,-0.00299756514660229
1.516375,0.785775615326514,-0.00299756514660229
1.5165,0.785776052401823,-0.00299756514660229
1.516625,0.785776481393958,-0.00299756514660229
1.51675,0.785776902299973,-0.00299756514660229
1.516875,0.78577731511695,-0.00299756514660229
1.517,0.785777719841996,-0.0029684745066712
1.517125,0.785778116472265,-0.0029684745066712
1.51725,0.785778505005006,-0.0029684745066712
1.517375,0.785778885437559,-0.0029684745066712
1.5175,0.78577925776735,-0.0029684745066712
1.517625,0.785779621991898,-0.0029684745066712
1.51775,0.785779978108817,-0.0029684745066712
1.517875,0.785780326115819,-0.0029684745066712
1.518,0.785780666010721,-0.00293854774955154
1.518125,0.785780997791456,-0.00293854774955154
1.51825,0.78578132145613,-0.00293854774955154
1.518375,0.785781637003012,-0.00293854774955154
1.5185,0.785781944430533,-0.00293854774955154
1.518625,0.785782243737287,-0.00293854774955154
1.51875,0.785782534922036,-0.00293854774955154
1.518875,0.78578281798371,-0.00293854774955154
1.519,0.785783092921413,-0.00290780066650471
1.519125,0.785783359734439,-0.00290780066650471
1.51925,0.785783618422318,-0.00290780066650471
1.519375,0.785783868984817,-0.00290780066650471
1.5195,0.785784111421931,-0.00290780066650471
1.519625,0.785784345733883,-0.00290780066650471
1.51975,0.78578457192113,-0.00290780066650471
1.519875,0.785784789984362,-0.00290780066650471
1.52,0.785784999924505,-0.00287627391543837
1.520125,0.785785201742737,-0.00287627391543837
1.52025,0.785785395440537,-0.00287627391543837
1.520375,0.785785581019678,-0.00287627391543837
1.5205,0.785785758482222,-0.00287627391543837
1.520625,0.785785927830518,-0.00287627391543837
1.52075,0.785786089067202,-0.00287627391543837
1.520875,0.785786242195204,-0.00287627391543837
1.521,0.785786387217741,-0.00303704706365977
1.521125,0.785786524138257,-0.00303704706365977
1.52125,0.785786652960164,-0.00303704706365977
1.521375,0.78578677368689,-0.00303704706365977
1.5215,0.785786886321924,-0.00303704706365977
1.521625,0.785786990868813,-0.00303704706365977
1.52175,0.78578708733117,-0.00303704706365977
1.521875,0.785787175712668,-0.00303704706365977
1.522,0.785787256017042,-0.00300544773048677
1.522125,0.785787328248105,-0.00300544773048677
1.52225,0.785787392409796,-0.00300544773048677
1.522375,0.785787448506173,-0.00300544773048677
1.5225,0.785787496541404,-0.00300544773048677
1.522625,0.785787536519769,-0.00300544773048677
1.52275,0.785787568445655,-0.00300544773048677
1.522875,0.785787592323563,-0.00300544773048677
1.523,0.785787608158102,-0.00297332671110281
1.523125,0.785787615954006,-0.00297332671110281
1.52325,0.785787615716183,-0.00297332671110281
1.523375,0.785787607449707,-0.00297332671110281
1.5235,0.785787591159807,-0.00297332671110281
1.523625,0.785787566851867,-0.00297332671110281
1.52375,0.785787534531427,-0.00297332671110281
1.523875,0.785787494204181,-0.00297332671110281
1.524,0.785787445875976,-0.00294071859034031
1.524125,0.785787389552824,-0.00294071859034031
1.52425,0.785787325240954,-0.00294071859034031
1.524375,0.785787252946802,-0.00294071859034031
1.5245,0.785787172677,-0.00294071859034031
1.524625,0.785787084438375,-0.00294071859034031
1.52475,0.785786988237945,-0.00294071859034031
1.524875,0.785786884082921,-0.00294071859034031
1.525,0.785786771980705,-0.00290767391043348
1.525125,0.785786651938898,-0.00290767391043348
1.52525,0.785786523965354,-0.00290767391043348
1.525375,0.785786388068167,-0.00290767391043348
1.5255,0.785786244255662,-0.00290767391043348
1.525625,0.785786092536387,-0.00290767391043348
1.52575,0.785785932919119,-0.00290767391043348
1.525875,0.785785765412852,-0.00290767391043348
1.526,0.7857855900268,-0.00297744622574771
1.526125,0.785785406770368,-0.00297744622574771
1.52625,0.785785215653028,-0.00297744622574771
1.526375,0.785785016684347,-0.00297744622574771
1.5265,0.785784809873996,-0.00297744622574771
1.526625,0.78578459523175,-0.00297744622574771
1.52675,0.785784372767485,-0.00297744622574771
1.526875,0.785784142491173,-0.00297744622574771
1.527,0.785783904412884,-0.00294442115479754
1.527125,0.785783658542787,-0.00294442115479754
1.52725,0.785783404891209,-0.00294442115479754
1.527375,0.785783143468618,-0.00294442115479754
1.5275,0.78578287428561,-0.00294442115479754
1.527625,0.785782597352906,-0.00294442115479754
1.52775,0.78578231268135,-0.00294442115479754
1.527875,0.785782020281903,-0.00294442115479754
1.528,0.785781720165642,-0.00291119736718068
1.528125,0.785781412343764,-0.00291119736718068
1.52825,0.785781096827645,-0.00291119736718068
1.528375,0.785780773628816,-0.00291119736718068
1.5285,0.785780442758956,-0.00291119736718068
1.528625,0.785780104229888,-0.00291119736718068
1.52875,0.785779758053571,-0.00291119736718068
1.528875,0.785779404242098,-0.00291119736718068
1.529,0.785779042807692,-0.00287782662505825
1.529125,0.785778673762713,-0.00287782662505825
1.52925,0.78577829711971,-0.00287782662505825
1.529375,0.785777912891404,-0.00287782662505825
1.5295,0.785777521090673,-0.00287782662505825
1.529625,0.785777121730552,-0.00287782662505825
1.52975,0.785776714824223,-0.00287782662505825
1.529875,0.785776300385011,-0.00287782662505825
1.53,0.785775878426381,-0.00284436746061037
1.530125,0.785775448961945,-0.00284436746061037
1.53025,0.785775012005508,-0.00284436746061037
1.530375,0.785774567571059,-0.00284436746061037
1.5305,0.785774115672748,-0.00284436746061037
1.530625,0.785773656324886,-0.00284436746061037
1.53075,0.785773189541939,-0.00284436746061037
1.530875,0.78577271533852,-0.00284436746061037
1.531,0.785772233729383,-0.00282330410871081
1.531125,0.785771744729428,-0.00282330410871081
1.53125,0.785771248353727,-0.00282330410871081
1.531375,0.78577074461751,-0.00282330410871081
1.5315,0.785770233536158,-0.00282330410871081
1.531625,0.78576971512519,-0.00282330410871081
1.53175,0.785769189400264,-0.00282330410871081
1.531875,0.785768656377162,-0.00282330410871081
1.532,0.785768116071791,-0.00278995378638354
1.532125,0.785767568500186,-0.00278995378638354
1.53225,0.785767013678557,-0.00278995378638354
1.532375,0.785766451623273,-0.00278995378638354
1.5325,0.785765882350847,-0.00278995378638354
1.532625,0.785765305877927,-0.00278995378638354
1.53275,0.785764722221289,-0.00278995378638354
1.532875,0.785764131397832,-0.00278995378638354
1.533,0.785763533424568,-0.0027567256030049
1.533125,0.785762928318631,-0.0027567256030049
1.53325,0.78576231609732,-0.0027567256030049
1.533375,0.785761696778085,-0.0027567256030049
1.5335,0.785761070378506,-0.0027567256030049
1.533625,0.78576043691629,-0.0027567256030049
1.53375,0.785759796409262,-0.0027567256030049
1.533875,0.785759148875354,-0.0027567256030049
1.534,0.785758494332601,-0.00272368636999211
1.534125,0.785757832799146,-0.00272368636999211
1.53425,0.785757164293283,-0.00272368636999211
1.534375,0.78575648883344,-0.00272368636999211
1.5345,0.785755806438165,-0.00272368636999211
1.534625,0.785755117126112,-0.00272368636999211
1.53475,0.785754420916038,-0.00272368636999211
1.534875,0.785753717826793,-0.00272368636999211
1.535,0.785753007877309,-0.00269090050718234
1.535125,0.785752291086609,-0.00269090050718234
1.53525,0.78575156747385,-0.00269090050718234
1.535375,0.785750837058302,-0.00269090050718234
1.5355,0.785750099859335,-0.00269090050718234
1.535625,0.785749355896406,-0.00269090050718234
1.53575,0.785748605189054,-0.00269090050718234
1.535875,0.785747847756889,-0.00269090050718234
1.536,0.785747083619583,-0.00258209460524658
1.536125,0.785746312796907,-0.00258209460524658
1.53625,0.785745535308894,-0.00258209460524658
1.536375,0.7857447511758,-0.00258209460524658
1.5365,0.785743960418066,-0.00258209460524658
1.536625,0.785743163056304,-0.00258209460524658
1.53675,0.785742359111293,-0.00258209460524658
1.536875,0.785741548603964,-0.00258209460524658
1.537,0.785740731555394,-0.00254950105450973
1.537125,0.78573990798681,-0.00254950105450973
1.53725,0.785739077919625,-0.00254950105450973
1.537375,0.785738241375428,-0.00254950105450973
1.5375,0.785737398375957,-0.00254950105450973
1.537625,0.785736548943093,-0.00254950105450973
1.53775,0.785735693098846,-0.00254950105450973
1.537875,0.785734830865351,-0.00254950105450973
1.538,0.78573396226485,-0.00251733808140377
1.538125,0.785733087319701,-0.00251733808140377
1.53825,0.785732206052415,-0.00251733808140377
1.538375,0.785731318485636,-0.00251733808140377
1.5385,0.785730424642127,-0.00251733808140377
1.538625,0.78572952454475,-0.00251733808140377
1.53875,0.785728618216463,-0.00251733808140377
1.538875,0.785727705680307,-0.00251733808140377
1.539,0.785726786959393,-0.00248568498893077
1.539125,0.785725862076907,-0.00248568498893077
1.53925,0.785724931056146,-0.00248568498893077
1.539375,0.785723993920502,-0.00248568498893077
1.5395,0.78572305069344,-0.00248568498893077
1.539625,0.785722101398486,-0.00248568498893077
1.53975,0.785721146059219,-0.00248568498893077
1.539875,0.785720184699257,-0.00248568498893077
1.54,0.785719217342246,-0.00245460984775538
1.540125,0.785718244011864,-0.00245460984775538
1.54025,0.785717264731855,-0.00245460984775538
1.540375,0.785716279526015,-0.00245460984775538
1.5405,0.785715288418167,-0.00245460984775538
1.540625,0.785714291432151,-0.00245460984775538
1.54075,0.785713288591815,-0.00245460984775538
1.540875,0.785712279921001,-0.00245460984775538
1.541,0.785711265443536,-0.00226390512924896
1.541125,0.78571024518329,-0.00226390512924896
1.54125,0.785709219164485,-0.00226390512924896
1.541375,0.785708187411615,-0.00226390512924896
1.5415,0.785707149949386,-0.00226390512924896
1.541625,0.785706106802704,-0.00226390512924896
1.54175,0.785705057996664,-0.00226390512924896
1.541875,0.785704003556533,-0.00226390512924896
1.542,0.785702943507744,-0.00223309746063946
1.542125,0.78570187787589,-0.00223309746063946
1.54225,0.785700806686763,-0.00223309746063946
1.542375,0.785699729966332,-0.00223309746063946
1.5425,0.785698647740724,-0.00223309746063946
1.542625,0.785697560036207,-0.00223309746063946
1.54275,0.785696466879179,-0.00223309746063946
1.542875,0.785695368296155,-0.00223309746063946
1.543,0.785694264313754,-0.00220300676131335
1.543125,0.785693154958695,-0.00220300676131335
1.54325,0.785692040257839,-0.00220300676131335
1.543375,0.785690920238158,-0.00220300676131335
1.5435,0.785689794926721,-0.00220300676131335
1.543625,0.785688664350675,-0.00220300676131335
1.54375,0.785687528537235,-0.00220300676131335
1.543875,0.78568638751367,-0.00220300676131335
1.544,0.785685241307288,-0.00217372193255684
1.544125,0.785684089945435,-0.00217372193255684
1.54425,0.785682933455531,-0.00217372193255684
1.544375,0.785681771865042,-0.00217372193255684
1.5445,0.785680605201464,-0.00217372193255684
1.544625,0.785679433492309,-0.00217372193255684
1.54475,0.785678256765087,-0.00217372193255684
1.544875,0.785677075047297,-0.00217372193255684
1.545,0.785675888366411,-0.00214531240030123
1.545125,0.785674696749874,-0.00214531240030123
1.54525,0.785673500225134,-0.00214531240030123
1.545375,0.785672298819621,-0.00214531240030123
1.5455,0.785671092560725,-0.00214531240030123
1.545625,0.785669881475786,-0.00214531240030123
1.54575,0.785668665592077,-0.00214531240030123
1.545875,0.785667444936789,-0.00214531240030123
1.546,0.785666219537025,-0.00188104177887812
1.546125,0.785664989419882,-0.00188104177887812
1.54625,0.785663754612871,-0.00188104177887812
1.546375,0.785662515143824,-0.00188104177887812
1.5465,0.785661271040803,-0.00188104177887812
1.546625,0.785660022332091,-0.00188104177887812
1.54675,0.785658769046175,-0.00188104177887812
1.546875,0.785657511211728,-0.00188104177887812
1.547,0.785656248857602,-0.00185296435877267
1.547125,0.785654982012815,-0.00185296435877267
1.54725,0.78565371070659,-0.00185296435877267
1.547375,0.785652434968325,-0.00185296435877267
1.5475,0.785651154827574,-0.00185296435877267
1.547625,0.785649870314029,-0.00185296435877267
1.54775,0.785648581457507,-0.00185296435877267
1.547875,0.785647288287933,-0.00185296435877267
1.548,0.785645990835326,-0.00182585958865455
1.548125,0.785644689129793,-0.00182585958865455
1.54825,0.785643383201559,-0.00182585958865455
1.548375,0.78564207308094,-0.00182585958865455
1.5485,0.785640758798325,-0.00182585958865455
1.548625,0.785639440384155,-0.00182585958865455
1.54875,0.785638117868912,-0.00182585958865455
1.548875,0.785636791283102,-0.00182585958865455
1.549,0.785635460657236,-0.00179982284148807
1.549125,0.78563412602183,-0.00179982284148807
1.54925,0.785632787407428,-0.00179982284148807
1.549375,0.785631444844581,-0.00179982284148807
1.5495,0.785630098363822,-0.00179982284148807
1.549625,0.785628747995651,-0.00179982284148807
1.54975,0.785627393770522,-0.00179982284148807
1.549875,0.785626035718823,-0.00179982284148807
1.55,0.785624673870866,-0.00177492261987972
1.550125,0.785623308256875,-0.00177492261987972
1.55025,0.785621938907018,-0.00177492261987972
1.550375,0.785620565851379,-0.00177492261987972
1.5505,0.785619189119939,-0.00177492261987972
1.550625,0.78561780874256,-0.00177492261987972
1.55075,0.785616424748968,-0.00177492261987972
1.550875,0.785615037168743,-0.00177492261987972
1.551,0.785613646031298,-0.00144757340605496
1.551125,0.785612251365995,-0.00144757340605496
1.55125,0.785610853202665,-0.00144757340605496
1.551375,0.785609451571488,-0.00144757340605496
1.5515,0.78560804650289,-0.00144757340605496
1.551625,0.785606638027526,-0.00144757340605496
1.55175,0.785605226176266,-0.00144757340605496
1.551875,0.785603810980176,-0.00144757340605496
1.552,0.785602392470503,-0.00142305760217386
1.552125,0.785600970678666,-0.00142305760217386
1.55225,0.785599545636282,-0.00142305760217386
1.552375,0.785598117375138,-0.00142305760217386
1.5525,0.785596685927172,-0.00142305760217386
1.552625,0.785595251324451,-0.00142305760217386
1.55275,0.785593813599158,-0.00142305760217386
1.552875,0.785592372783572,-0.00142305760217386
1.553,0.785590928910054,-0.00139973197462823
1.553125,0.785589482011035,-0.00139973197462823
1.55325,0.785588032119041,-0.00139973197462823
1.553375,0.785586579266666,-0.00139973197462823
1.5535,0.785585123486548,-0.00139973197462823
1.553625,0.785583664811354,-0.00139973197462823
1.55375,0.785582203273762,-0.00139973197462823
1.553875,0.785580738906443,-0.00139973197462823
1.554,0.785579271742044,-0.00137769511526145
1.554125,0.785577801813181,-0.00137769511526145
1.55425,0.785576329152455,-0.00137769511526145
1.554375,0.785574853792431,-0.00137769511526145
1.5545,0.785573375765614,-0.00137769511526145
1.554625,0.785571895104431,-0.00137769511526145
1.55475,0.785570411841215,-0.00137769511526145
1.554875,0.785568926008189,-0.00137769511526145
1.555,0.785567437637447,-0.00135701241485638
1.555125,0.785565946760949,-0.00135701241485638
1.55525,0.785564453410533,-0.00135701241485638
1.555375,0.785562957617898,-0.00135701241485638
1.5555,0.785561459414577,-0.00135701241485638
1.555625,0.785559958831925,-0.00135701241485638
1.55575,0.785558455901097,-0.00135701241485638
1.555875,0.785556950653041,-0.00135701241485638
1.556,0.785555443118472,-0.000978830927780697
1.556125,0.78555393332801,-0.000978830927780697
1.55625,0.78555242131278,-0.000978830927780697
1.556375,0.785550907104274,-0.000978830927780697
1.5565,0.785549390734235,-0.000978830927780697
1.556625,0.785547872234642,-0.000978830927780697
1.55675,0.785546351637686,-0.000978830927780697
1.556875,0.785544828975759,-0.000978830927780697
1.557,0.785543304281433,-0.000958571250709835
1.557125,0.785541777587447,-0.000958571250709835
1.55725,0.78554024892673,-0.000958571250709835
1.557375,0.78553871833237,-0.000958571250709835
1.5575,0.785537185837591,-0.000958571250709835
1.557625,0.78553565147574,-0.000958571250709835
1.55775,0.785534115280263,-0.000958571250709835
1.557875,0.785532577284689,-0.000958571250709835
1.558,0.785531037522613,-0.000939675107167917
1.558125,0.785529496027683,-0.000939675107167917
1.55825,0.785527952833614,-0.000939675107167917
1.558375,0.785526407974165,-0.000939675107167917
1.5585,0.785524861483111,-0.000939675107167917
1.558625,0.785523313394231,-0.000939675107167917
1.55875,0.785521763741284,-0.000939675107167917
1.558875,0.785520212557997,-0.000939675107167917
1.559,0.78551865987804,-0.000922241037198819
1.559125,0.785517105735021,-0.000922241037198819
1.55925,0.78551555016249,-0.000922241037198819
1.559375,0.785513993193924,-0.000922241037198819
1.5595,0.785512434862695,-0.000922241037198819
1.559625,0.78551087520206,-0.000922241037198819
1.55975,0.78550931424514,-0.000922241037198819
1.559875,0.7855077520249,-0.000922241037198819
1.56,0.785506188574136,-0.000906329289602724
1.560125,0.785504623925463,-0.000906329289602724
1.56025,0.785503058111319,-0.000906329289602724
1.560375,0.78550149116395,-0.000906329289602724
1.5605,0.785499923115384,-0.000906329289602724
1.560625,0.785498353997414,-0.000906329289602724
1.56075,0.785496783841585,-0.000906329289602724
1.560875,0.785495212679172,-0.000906329289602724
1.561,0.785493640541171,-0.000490879143664186
1.561125,0.785492067458435,-0.000490879143664186
1.56125,0.785490493462343,-0.000490879143664186
1.561375,0.78548891858465,-0.000490879143664186
1.5615,0.785487342857356,-0.000490879143664186
1.561625,0.785485766312694,-0.000490879143664186
1.56175,0.785484188983104,-0.000490879143664186
1.561875,0.785482610901222,-0.000490879143664186
1.562,0.785481032099857,-0.000475414438455993
1.562125,0.785479452611979,-0.000475414438455993
1.56225,0.785477872470729,-0.000475414438455993
1.562375,0.785476291709391,-0.000475414438455993
1.5625,0.785474710361374,-0.000475414438455993
1.562625,0.785473128460189,-0.000475414438455993
1.56275,0.785471546039434,-0.000475414438455993
1.562875,0.785469963132771,-0.000475414438455993
1.563,0.785468379773912,-0.000461438024975128
1.563125,0.785466795996605,-0.000461438024975128
1.56325,0.785465211834632,-0.000461438024975128
1.563375,0.785463627321796,-0.000461438024975128
1.5635,0.785462042491889,-0.000461438024975128
1.563625,0.785460457378681,-0.000461438024975128
1.56375,0.785458872015896,-0.000461438024975128
1.563875,0.785457286437196,-0.000461438024975128
1.564,0.785455700676162,-0.000449045208925343
1.564125,0.78545411476628,-0.000449045208925343
1.56425,0.785452528740946,-0.000449045208925343
1.564375,0.785450942633438,-0.000449045208925343
1.5645,0.785449356476898,-0.000449045208925343
1.564625,0.785447770304317,-0.000449045208925343
1.56475,0.78544618414851,-0.000449045208925343
1.564875,0.785444598042105,-0.000449045208925343
1.565,0.78544301201752,-0.000438289286626476
1.565125,0.785441426106953,-0.000438289286626476
1.56525,0.785439840342383,-0.000438289286626476
1.565375,0.785438254755543,-0.000438289286626476
1.5655,0.78543666937791,-0.000438289286626476
1.565625,0.785435084240679,-0.000438289286626476
1.56575,0.785433499374752,-0.000438289286626476
1.565875,0.785431914810719,-0.000438289286626476
1.566,0.785430330578842,2.12551546729489e-08
1.566125,0.785428746709207,2.12551546729489e-08
1.56625,0.785427163232429,2.12551546729489e-08
1.566375,0.785425580179491,2.12551546729489e-08
1.5665,0.785423997581613,2.12551546729489e-08
1.566625,0.785422415470231,2.12551546729489e-08
1.56675,0.785420833876983,2.12551546729489e-08
1.566875,0.785419252833687,2.12551546729489e-08
1.567,0.785417672372323,1.03210945507923e-05
1.567125,0.785416092525023,1.03210945507923e-05
1.56725,0.785414513324063,1.03210945507923e-05
1.567375,0.785412934801846,1.03210945507923e-05
1.5675,0.785411356990877,1.03210945507923e-05
1.567625,0.785409779923749,1.03210945507923e-05
1.56775,0.78540820363312,1.03210945507923e-05
1.567875,0.785406628151699,1.03210945507923e-05
1.568,0.78540505351222,1.90592268850745e-05
1.568125,0.785403479747438,1.90592268850745e-05
1.56825,0.785401906890112,1.90592268850745e-05
1.568375,0.785400334972995,1.90592268850745e-05
1.5685,0.785398764028805,1.90592268850745e-05
1.568625,0.785397194090212,1.90592268850745e-05
1.56875,0.785395625189817,1.90592268850745e-05
1.568875,0.785394057360133,1.90592268850745e-05
1.569,0.785392490633569,2.61465748034123e-05
1.569125,0.785390925042415,2.61465748034123e-05
1.56925,0.785389360618831,2.61465748034123e-05
1.569375,0.785387797394833,2.61465748034123e-05
1.5695,0.785386235402268,2.61465748034123e-05
1.569625,0.7853846746728,2.61465748034123e-05
1.56975,0.785383115237892,2.61465748034123e-05
1.569875,0.785381557128784,2.61465748034123e-05
1.57,0.785380000376483,3.15383326714913e-05
1.570125,0.785378445011744,3.15383326714913e-05
1.57025,0.785376891065059,3.15383326714913e-05
1.570375,0.785375338566646,3.15383326714913e-05
1.5705,0.785373787546423,3.15383326714913e-05
1.570625,0.785372238033999,3.15383326714913e-05
1.57075,0.785370690058651,3.15383326714913e-05
1.570875,0.785369143649314,3.15383326714913e-05
1.571,0.785367598834559,0.000477943887129093
1.571125,0.785366055642756,0.000477943887129093
1.57125,0.785364514102785,0.000477943887129093
1.571375,0.785362974243879,0.000477943887129093
1.5715,0.785361436095489,0.000477943887129093
1.571625,0.785359899687263,0.000477943887129093
1.57175,0.785358365049033,0.000477943887129093
1.571875,0.785356832210797,0.000477943887129093
1.572,0.785355301202696,0.000482885398710924
1.572125,0.785353772055004,0.000482885398710924
1.57225,0.785352244798117,0.000482885398710924
1.572375,0.785350719462532,0.000482885398710924
1.5725,0.785349196078827,0.000482885398710924
1.572625,0.785347674677647,0.000482885398710924
1.57275,0.785346155289683,0.000482885398710924
1.572875,0.785344637945655,0.000482885398710924
1.573,0.785343122676294,0.000486244144679501
1.573125,0.785341609512327,0.000486244144679501
1.57325,0.785340098484462,0.000486244144679501
1.573375,0.785338589623371,0.000486244144679501
1.5735,0.78533708295967,0.000486244144679501
1.573625,0.785335578523904,0.000486244144679501
1.57375,0.785334076346528,0.000486244144679501
1.573875,0.785332576457887,0.000486244144679501
1.574,0.785331078888204,0.000487939989810646
1.574125,0.785329583667558,0.000487939989810646
1.57425,0.785328090825873,0.000487939989810646
1.574375,0.785326600392899,0.000487939989810646
1.5745,0.785325112398195,0.000487939989810646
1.574625,0.785323626871113,0.000487939989810646
1.57475,0.785322143840779,0.000487939989810646
1.574875,0.78532066333608,0.000487939989810646
1.575,0.785319185385644,0.000487937842589449
1.575125,0.785317710017828,0.000487937842589449
1.57525,0.785316237260696,0.000487937842589449
1.575375,0.785314767142011,0.000487937842589449
1.5755,0.785313299689212,0.000487937842589449
1.575625,0.785311834929404,0.000487937842589449
1.57575,0.785310372889339,0.000487937842589449
1.575875,0.785308913595406,0.000487937842589449
1.576,0.78530745707361,0.000927802128831904
1.576125,0.785306003349731,0.000927802128831904
1.57625,0.785304552450031,0.000927802128831904
1.576375,0.785303104401094,0.000927802128831904
1.5765,0.785301659229697,0.000927802128831904
1.576625,0.785300216962792,0.000927802128831904
1.57675,0.785298777627492,0.000927802128831904
1.576875,0.78529734125105,0.000927802128831904
1.577,0.785295907860845,0.000927369870791615
1.577125,0.785294477484369,0.000927369870791615
1.57725,0.785293050149202,0.000927369870791615
1.577375,0.785291625883002,0.000927369870791615
1.5775,0.785290204713485,0.000927369870791615
1.577625,0.78528878666841,0.000927369870791615
1.57775,0.785287371775561,0.000927369870791615
1.577875,0.785285960062732,0.000927369870791615
1.578,0.785284551557711,0.000925385442255527
1.578125,0.785283146288259,0.000925385442255527
1.57825,0.785281744282094,0.000925385442255527
1.578375,0.785280345566874,0.000925385442255527
1.5785,0.785278950170181,0.000925385442255527
1.578625,0.785277558119504,0.000925385442255527
1.57875,0.785276169442225,0.000925385442255527
1.578875,0.785274784165601,0.000925385442255527
1.579,0.785273402316748,0.000921780003435183
1.579125,0.785272023922625,0.000921780003435183
1.57925,0.78527064901001,0.000921780003435183
1.579375,0.785269277605489,0.000921780003435183
1.5795,0.785267909735438,0.000921780003435183
1.579625,0.785266545426011,0.000921780003435183
1.57975,0.785265184703121,0.000921780003435183
1.579875,0.785263827592428,0.000921780003435183
1.58,0.785262474119323,0.000916529054384515
1.580125,0.785261124308909,0.000916529054384515
1.58025,0.785259778185985,0.000916529054384515
1.580375,0.785258435775024,0.000916529054384515
1.5805,0.785257097100168,0.000916529054384515
1.580625,0.785255762185209,0.000916529054384515
1.58075,0.785254431053579,0.000916529054384515
1.580875,0.785253103728333,0.000916529054384515
1.581,0.78525178023214,0.00133581406319433
1.581125,0.785250460587429,0.00133581406319433
1.58125,0.78524914481706,0.00133581406319433
1.581375,0.785247832944185,0.00133581406319433
1.5815,0.785246524992112,0.00133581406319433
1.581625,0.785245220984298,0.00133581406319433
1.58175,0.785243920944332,0.00133581406319433
1.581875,0.785242624895917,0.00133581406319433
1.582,0.785241332862861,0.00133016641328655
1.582125,0.785240044869056,0.00133016641328655
1.58225,0.785238760938452,0.00133016641328655
1.582375,0.785237481095052,0.00133016641328655
1.5825,0.785236205362888,0.00133016641328655
1.582625,0.785234933766014,0.00133016641328655
1.58275,0.785233666328488,0.00133016641328655
1.582875,0.785232403074359,0.00133016641328655
1.583,0.785231144027649,0.00132304648947337
1.583125,0.78522988921234,0.00132304648947337
1.58325,0.785228638652341,0.00132304648947337
1.583375,0.785227392371485,0.00132304648947337
1.5835,0.785226150393507,0.00132304648947337
1.583625,0.785224912742036,0.00132304648947337
1.58375,0.785223679440578,0.00132304648947337
1.583875,0.785222450512502,0.00132304648947337
1.584,0.785221225981025,0.00131439867375419
1.584125,0.785220005869198,0.00131439867375419
1.58425,0.785218790199872,0.00131439867375419
1.584375,0.785217578995695,0.00131439867375419
1.5845,0.785216372279092,0.00131439867375419
1.584625,0.785215170072258,0.00131439867375419
1.58475,0.785213972397142,0.00131439867375419
1.584875,0.785212779275435,0.00131439867375419
1.585,0.785211590728554,0.0013042095700083
1.585125,0.78521040677763,0.0013042095700083
1.58525,0.785209227443476,0.0013042095700083
1.585375,0.785208052746577,0.0013042095700083
1.5855,0.785206882707081,0.0013042095700083
1.585625,0.785205717344791,0.0013042095700083
1.58575,0.785204556679146,0.0013042095700083
1.585875,0.785203400729216,0.0013042095700083
1.586,0.785202249513687,0.00168991293995447
1.586125,0.785201103051,0.00168991293995447
1.58625,0.785199961359971,0.00168991293995447
1.586375,0.785198824459657,0.00168991293995447
1.5865,0.785197692369239,0.00168991293995447
1.586625,0.785196565108015,0.00168991293995447
1.58675,0.785195442695379,0.00168991293995447
1.586875,0.785194325150817,0.00168991293995447
1.587,0.785193212493886,0.0016793723935208
1.587125,0.785192104744205,0.0016793723935208
1.58725,0.785191001921418,0.0016793723935208
1.587375,0.785189904045191,0.0016793723935208
1.5875,0.785188811135197,0.0016793723935208
1.587625,0.785187723211105,0.0016793723935208
1.58775,0.78518664029257,0.0016793723935208
1.587875,0.785185562399215,0.0016793723935208
1.588,0.785184489550624,0.00166748488939233
1.588125,0.78518342176632,0.00166748488939233
1.58825,0.78518235906574,0.00166748488939233
1.588375,0.785181301468215,0.00166748488939233
1.5885,0.785180248992975,0.00166748488939233
1.588625,0.785179201659124,0.00166748488939233
1.58875,0.785178159485637,0.00166748488939233
1.588875,0.785177122491343,0.00166748488939233
1.589,0.785176090694914,0.00165420947984989
1.589125,0.78517506411485,0.00165420947984989
1.58925,0.785174042769444,0.00165420947984989
1.589375,0.785173026676776,0.00165420947984989
1.5895,0.785172015854702,0.00165420947984989
1.589625,0.785171010320846,0.00165420947984989
1.58975,0.785170010092588,0.00165420947984989
1.589875,0.785169015187055,0.00165420947984989
1.59,0.785168025621106,0.00163954401277647
1.590125,0.785167041411318,0.00163954401277647
1.59025,0.785166062573954,0.00163954401277647
1.590375,0.785165089124954,0.00163954401277647
1.5905,0.785164121079929,0.00163954401277647
1.590625,0.785163158454156,0.00163954401277647
1.59075,0.785162201262561,0.00163954401277647
1.590875,0.785161249519718,0.00163954401277647
1.591,0.785160303239832,0.00198009135902381
1.591125,0.785159362436866,0.00198009135902381
1.59125,0.785158427125091,0.00198009135902381
1.591375,0.785157497318962,0.00198009135902381
1.5915,0.785156573033024,0.00198009135902381
1.591625,0.785155654281899,0.00198009135902381
1.59175,0.785154741080276,0.00198009135902381
1.591875,0.785153833442901,0.00198009135902381
1.592,0.785152931384565,0.00196512978371943
1.592125,0.785152034920091,0.00196512978371943
1.59225,0.785151144064298,0.00196512978371943
1.592375,0.785150258831993,0.00196512978371943
1.5925,0.785149379237969,0.00196512978371943
1.592625,0.785148505296994,0.00196512978371943
1.59275,0.785147637023797,0.00196512978371943
1.592875,0.785146774433063,0.00196512978371943
1.593,0.78514591753942,0.00194898674078982
1.593125,0.785145066357423,0.00194898674078982
1.59325,0.78514422090152,0.00194898674078982
1.593375,0.785143381186044,0.00194898674078982
1.5935,0.78514254722521,0.00194898674078982
1.593625,0.785141719033105,0.00194898674078982
1.59375,0.785140896623677,0.00194898674078982
1.593875,0.785140080010727,0.00194898674078982
1.594,0.785139269207901,0.00193163688932397
1.594125,0.785138464228671,0.00193163688932397
1.59425,0.785137665086298,0.00193163688932397
1.594375,0.785136871793834,0.00193163688932397
1.5945,0.785136084364108,0.00193163688932397
1.594625,0.785135302809727,0.00193163688932397
1.59475,0.785134527143062,0.00193163688932397
1.594875,0.785133757376239,0.00193163688932397
1.595,0.785132993521138,0.00191308909463688
1.595125,0.785132235589367,0.00191308909463688
1.59525,0.785131483592234,0.00191308909463688
1.595375,0.785130737540739,0.00191308909463688
1.5955,0.785129997445572,0.00191308909463688
1.595625,0.785129263317109,0.00191308909463688
1.59575,0.785128535165404,0.00191308909463688
1.595875,0.785127813000177,0.00191308909463688
1.596,0.785127096830816,0.00219866988320684
1.596125,0.785126386666474,0.00219866988320684
1.59625,0.785125682516532,0.00219866988320684
1.596375,0.785124984390502,0.00219866988320684
1.5965,0.785124292297945,0.00219866988320684
1.596625,0.785123606248458,0.00219866988320684
1.59675,0.785122926251673,0.00219866988320684
1.596875,0.785122252317247,0.00219866988320684
1.597,0.785121584454852,0.00217988934005077
1.597125,0.785120922674164,0.00217988934005077
1.59725,0.785120266984825,0.00217988934005077
1.597375,0.785119617396435,0.00217988934005077
1.5975,0.785118973918558,0.00217988934005077
1.597625,0.78511833656071,0.00217988934005077
1.59775,0.785117705332353,0.00217988934005077
1.597875,0.785117080242888,0.00217988934005077
1.598,0.785116461301645,0.00216012658900343
1.598125,0.785115848517873,0.00216012658900343
1.59825,0.785115241900696,0.00216012658900343
1.598375,0.785114641459118,0.00216012658900343
1.5985,0.785114047202013,0.00216012658900343
1.598625,0.785113459138127,0.00216012658900343
1.59875,0.785112877276065,0.00216012658900343
1.598875,0.785112301624288,0.00216012658900343
1.599,0.785111732191106,0.00213937230384258
1.599125,0.78511116898466,0.00213937230384258
1.59925,0.785110612012888,0.00213937230384258
1.599375,0.78511006128352,0.00213937230384258
1.5995,0.78510951680408,0.00213937230384258
1.599625,0.785108978581882,0.00213937230384258
1.59975,0.785108446624019,0.00213937230384258
1.599875,0.785107920937363,0.00213937230384258
1.6,0.785107401528556,0.00211764579102152
1.600125,0.785106888403997,0.00211764579102152
1.60025,0.785106381569803,0.00211764579102152
1.600375,0.785105881031809,0.00211764579102152
1.6005,0.785105386795571,0.00211764579102152
1.600625,0.785104898866359,0.00211764579102152
1.60075,0.785104417249153,0.00211764579102152
1.600875,0.785103941948642,0.00211764579102152
1.601,0.785103472969215,0.00234048345889076
1.601125,0.785103010315048,0.00234048345889076
1.60125,0.78510255399046,0.00234048345889076
1.601375,0.785102103999842,0.00234048345889076
1.6015,0.785101660347592,0.00234048345889076
1.601625,0.785101223038108,0.00234048345889076
1.60175,0.785100792075788,0.00234048345889076
1.601875,0.78510036746502,0.00234048345889076
1.602,0.785099949210182,0.00231859332680446
1.602125,0.785099537315627,0.00231859332680446
1.60225,0.785099131785641,0.00231859332680446
1.602375,0.785098732624449,0.00231859332680446
1.6025,0.785098339836214,0.00231859332680446
1.602625,0.785097953425032,0.00231859332680446
1.60275,0.785097573394931,0.00231859332680446
1.602875,0.785097199749863,0.00231859332680446
1.603,0.785096832493701,0.00229594669104305
1.603125,0.785096471630227,0.00229594669104305
1.60325,0.785096117163091,0.00229594669104305
1.603375,0.785095769095812,0.00229594669104305
1.6035,0.785095427431784,0.00229594669104305
1.603625,0.785095092174267,0.00229594669104305
1.60375,0.785094763326387,0.00229594669104305
1.603875,0.785094440891133,0.00229594669104305
1.604,0.78509412487135,0.00227255012011301
1.604125,0.785093815269729,0.00227255012011301
1.60425,0.785093512088767,0.00227255012011301
1.604375,0.785093215330765,0.00227255012011301
1.6045,0.78509292499784,0.00227255012011301
1.604625,0.785092641091912,0.00227255012011301
1.60475,0.785092363614712,0.00227255012011301
1.604875,0.78509209256777,0.00227255012011301
1.605,0.785091827952417,0.00224843246344055
1.605125,0.785091569769773,0.00224843246344055
1.60525,0.785091318020705,0.00224843246344055
1.605375,0.785091072705832,0.00224843246344055
1.6055,0.785090833825528,0.00224843246344055
1.605625,0.785090601379924,0.00224843246344055
1.60575,0.785090375368903,0.00224843246344055
1.605875,0.785090155792099,0.00224843246344055
1.606,0.785089942648896,0.00240298179736525
1.606125,0.785089735938489,0.00240298179736525
1.60625,0.785089535660129,0.00240298179736525
1.606375,0.78508934181308,0.00240298179736525
1.6065,0.785089154396571,0.00240298179736525
1.606625,0.785088973409797,0.00240298179736525
1.60675,0.785088798851917,0.00240298179736525
1.606875,0.78508863072205,0.00240298179736525
1.607,0.785088469019277,0.00237877303801857
1.607125,0.785088313742627,0.00237877303801857
1.60725,0.785088164891037,0.00237877303801857
1.607375,0.785088022463361,0.00237877303801857
1.6075,0.785087886458367,0.00237877303801857
1.607625,0.785087756874745,0.00237877303801857
1.60775,0.785087633711101,0.00237877303801857
1.607875,0.785087516965955,0.00237877303801857
1.608,0.785087406637742,0.00235405193836628
1.608125,0.785087302724801,0.00235405193836628
1.60825,0.785087205225332,0.00235405193836628
1.608375,0.785087114137405,0.00235405193836628
1.6085,0.785087029458962,0.00235405193836628
1.608625,0.785086951187822,0.00235405193836628
1.60875,0.785086879321677,0.00235405193836628
1.608875,0.785086813858088,0.00235405193836628
1.609,0.785086754794491,0.00232884033164215
1.609125,0.785086702128184,0.00232884033164215
1.60925,0.785086655856283,0.00232884033164215
1.609375,0.785086615975733,0.00232884033164215
1.6095,0.785086582483315,0.00232884033164215
1.609625,0.78508655537564,0.00232884033164215
1.60975,0.785086534649159,0.00232884033164215
1.609875,0.785086520300154,0.00232884033164215
1.61,0.785086512324743,0.00230317542769376
1.610125,0.78508651071887,0.00230317542769376
1.61025,0.785086515478262,0.00230317542769376
1.610375,0.785086526598439,0.00230317542769376
1.6105,0.785086544074721,0.00230317542769376
1.610625,0.78508656790223,0.00230317542769376
1.61075,0.785086598075889,0.00230317542769376
1.610875,0.785086634590425,0.00230317542769376
1.611,0.785086677440369,0.00238624270008461
1.611125,0.785086726620091,0.00238624270008461
1.61125,0.785086782123935,0.00238624270008461
1.611375,0.785086843946196,0.00238624270008461
1.6115,0.785086912081096,0.00238624270008461
1.611625,0.78508698652279,0.00238624270008461
1.61175,0.785087067265364,0.00238624270008461
1.611875,0.785087154302837,0.00238624270008461
1.612,0.785087247629161,0.00236056016940457
1.612125,0.785087347238214,0.00236056016940457
1.61225,0.785087453123761,0.00236056016940457
1.612375,0.785087565279459,0.00236056016940457
1.6125,0.78508768369887,0.00236056016940457
1.612625,0.78508780837546,0.00236056016940457
1.61275,0.785087939302602,0.00236056016940457
1.612875,0.785088076473575,0.00236056016940457
1.613,0.785088219881571,0.00233461955065449
1.613125,0.785088369519683,0.00233461955065449
1.61325,0.785088525380863,0.00233461955065449
1.613375,0.785088687457937,0.00233461955065449
1.6135,0.785088855743611,0.00233461955065449
1.613625,0.785089030230473,0.00233461955065449
1.61375,0.785089210910997,0.00233461955065449
1.613875,0.785089397777544,0.00233461955065449
1.614,0.785089590822364,0.00230845683554185
1.614125,0.78508979003759,0.00230845683554185
1.61425,0.785089995415196,0.00230845683554185
1.614375,0.785090206947009,0.00230845683554185
1.6145,0.785090424624719,0.00230845683554185
1.614625,0.78509064843988,0.00230845683554185
1.61475,0.785090878383915,0.00230845683554185
1.614875,0.785091114448117,0.00230845683554185
1.615,0.785091356623655,0.00228211617306871
1.615125,0.785091604901564,0.00228211617306871
1.61525,0.785091859272705,0.00228211617306871
1.615375,0.78509211972778,0.00228211617306871
1.6155,0.785092386257338,0.00228211617306871
1.615625,0.785092658851783,0.00228211617306871
1.61575,0.785092937501373,0.00228211617306871
1.615875,0.785093222196228,0.00228211617306871
1.616,0.785093512926331,0.00229290014325493
1.616125,0.785093809681537,0.00229290014325493
1.61625,0.785094112451593,0.00229290014325493
1.616375,0.785094421226142,0.00229290014325493
1.6165,0.78509473599472,0.00229290014325493
1.616625,0.785095056746761,0.00229290014325493
1.61675,0.785095383471605,0.00229290014325493
1.616875,0.785095716158497,0.00229290014325493
1.617,0.785096054796593,0.0022666138944927
1.617125,0.785096399374954,0.0022666138944927
1.61725,0.785096749882508,0.0022666138944927
1.617375,0.785097106308061,0.0022666138944927
1.6175,0.785097468640312,0.0022666138944927
1.617625,0.785097836867853,0.0022666138944927
1.61775,0.785098210979175,0.0022666138944927
1.617875,0.785098590962675,0.0022666138944927
1.618,0.785098976806656,0.00224032542384252
1.618125,0.785099368499328,0.00224032542384252
1.61825,0.785099766028763,0.00224032542384252
1.618375,0.785100169382912,0.00224032542384252
1.6185,0.785100578549619,0.00224032542384252
1.618625,0.785100993516618,0.00224032542384252
1.61875,0.785101414271548,0.00224032542384252
1.618875,0.785101840801951,0.00224032542384252
1.619,0.785102273095279,0.00221408334726661
1.619125,0.785102711138893,0.00221408334726661
1.61925,0.785103154920017,0.00221408334726661
1.619375,0.785103604425761,0.00221408334726661
1.6195,0.785104059643126,0.00221408334726661
1.619625,0.785104520559015,0.00221408334726661
1.61975,0.785104987160233,0.00221408334726661
1.619875,0.785105459433499,0.00221408334726661
1.62,0.785105937365446,0.00218793714512218
1.620125,0.78510642094262,0.00218793714512218
1.62025,0.785106910151441,0.00218793714512218
1.620375,0.785107404978218,0.00218793714512218
1.6205,0.785107905409163,0.00218793714512218
1.620625,0.785108411430394,0.00218793714512218
1.62075,0.785108923027944,0.00218793714512218
1.620875,0.785109440187766,0.00218793714512218
1.621,0.785109962895738,0.00212799167916647
1.621125,0.785110491137647,0.00212799167916647
1.62125,0.785111024899096,0.00212799167916647
1.621375,0.785111564165534,0.00212799167916647
1.6215,0.785112108922269,0.00212799167916647
1.621625,0.785112659154486,0.00212799167916647
1.62175,0.785113214847244,0.00212799167916647
1.621875,0.785113775985488,0.00212799167916647
1.622,0.785114342554055,0.00210196820999615
1.622125,0.78511491453767,0.00210196820999615
1.62225,0.785115491920909,0.00210196820999615
1.622375,0.785116074688218,0.00210196820999615
1.6225,0.785116662823924,0.00210196820999615
1.622625,0.785117256312242,0.00210196820999615
1.62275,0.785117855137283,0.00210196820999615
1.622875,0.785118459283063,0.00210196820999615
1.623,0.785119068733508,0.00207619169585375
1.623125,0.785119683472449,0.00207619169585375
1.62325,0.785120303483595,0.00207619169585375
1.623375,0.78512092875054,0.00207619169585375
1.6235,0.785121559256784,0.00207619169585375
1.623625,0.785122194985734,0.00207619169585375
1.62375,0.785122835920719,0.00207619169585375
1.623875,0.785123482044992,0.00207619169585375
1.624,0.78512413334174,0.00205072147562246
1.624125,0.785124789794083,0.00205072147562246
1.62425,0.785125451385037,0.00205072147562246
1.624375,0.785126118097533,0.00205072147562246
1.6245,0.785126789914427,0.00205072147562246
1.624625,0.785127466818516,0.00205072147562246
1.62475,0.785128148792537,0.00205072147562246
1.624875,0.785128835819181,0.00205072147562246
1.625,0.785129527881099,0.00202561062352838
1.625125,0.785130224960901,0.00202561062352838
1.62525,0.78513092704112,0.00202561062352838
1.625375,0.785131634104233,0.00202561062352838
1.6255,0.785132346132671,0.00202561062352838
1.625625,0.785133063108831,0.00202561062352838
1.62575,0.785133785015081,0.00202561062352838
1.625875,0.78513451183377,0.00202561062352838
1.626,0.785135243547237,0.00189873224296918
1.626125,0.785135980137766,0.00189873224296918
1.62625,0.785136721587393,0.00189873224296918
1.626375,0.785137467877949,0.00189873224296918
1.6265,0.785138218991106,0.00189873224296918
1.626625,0.785138974908383,0.00189873224296918
1.62675,0.785139735611158,0.00189873224296918
1.626875,0.785140501080677,0.00189873224296918
1.627,0.785141271298059,0.00187380661622193
1.627125,0.7851420462443,0.00187380661622193
1.62725,0.785142825900239,0.00187380661622193
1.627375,0.785143610246577,0.00187380661622193
1.6275,0.785144399263891,0.00187380661622193
1.627625,0.785145192932646,0.00187380661622193
1.62775,0.785145991233201,0.00187380661622193
1.627875,0.785146794145821,0.00187380661622193
1.628,0.785147601650688,0.00184936256420792
1.628125,0.785148413727897,0.00184936256420792
1.62825,0.785149230357431,0.00184936256420792
1.628375,0.785150051519172,0.00184936256420792
1.6285,0.785150877192924,0.00184936256420792
1.628625,0.785151707358417,0.00184936256420792
1.62875,0.785152541995322,0.00184936256420792
1.628875,0.785153381083257,0.00184936256420792
1.629,0.7851542246018,0.0018254679513909
1.629125,0.785155072530485,0.0018254679513909
1.62925,0.78515592484878,0.0018254679513909
1.629375,0.785156781536097,0.0018254679513909
1.6295,0.785157642571814,0.0018254679513909
1.629625,0.785158507935282,0.0018254679513909
1.62975,0.785159377605837,0.0018254679513909
1.629875,0.785160251562806,0.0018254679513909
1.63,0.785161129785524,0.00180217763823152
1.630125,0.785162012253329,0.00180217763823152
1.63025,0.785162898945535,0.00180217763823152
1.630375,0.785163789841451,0.00180217763823152
1.6305,0.785164684920398,0.00180217763823152
1.630625,0.785165584161715,0.00180217763823152
1.63075,0.785166487544772,0.00180217763823152
1.630875,0.785167395048981,0.00180217763823152
1.631,0.785168306653803,0.00161422366041323
1.631125,0.785169222338687,0.00161422366041323
1.63125,0.785170142082772,0.00161422366041323
1.631375,0.785171065864956,0.00161422366041323
1.6315,0.78517199366396,0.00161422366041323
1.631625,0.785172925458334,0.00161422366041323
1.63175,0.785173861226472,0.00161422366041323
1.631875,0.785174800946621,0.00161422366041323
1.632,0.785175744596893,0.00159117337585112
1.632125,0.785176692155267,0.00159117337585112
1.63225,0.785177643599561,0.00159117337585112
1.632375,0.785178598907453,0.00159117337585112
1.6325,0.785179558056498,0.00159117337585112
1.632625,0.785180521024137,0.00159117337585112
1.63275,0.785181487787712,0.00159117337585112
1.632875,0.785182458324475,0.00159117337585112
1.633,0.785183432611602,0.00156881753842339
1.633125,0.785184410626191,0.00156881753842339
1.63325,0.785185392345244,0.00156881753842339
1.633375,0.78518637774568,0.00156881753842339
1.6335,0.785187366804356,0.00156881753842339
1.633625,0.785188359498077,0.00156881753842339
1.63375,0.785189355803607,0.00156881753842339
1.633875,0.785190355697686,0.00156881753842339
1.634,0.785191359157032,0.00154723012360465
1.634125,0.785192366158356,0.00154723012360465
1.63425,0.785193376678329,0.00154723012360465
1.634375,0.785194390693605,0.00154723012360465
1.6345,0.785195408180838,0.00154723012360465
1.634625,0.785196429116694,0.00154723012360465
1.63475,0.785197453477862,0.00154723012360465
1.634875,0.785198481241064,0.00154723012360465
1.635,0.785199512383072,0.00152646596053398
1.635125,0.785200546880705,0.00152646596053398
1.63525,0.785201584710812,0.00152646596053398
1.635375,0.785202625850288,0.00152646596053398
1.6355,0.785203670276088,0.00152646596053398
1.635625,0.785204717965246,0.00152646596053398
1.63575,0.785205768894878,0.00152646596053398
1.635875,0.7852068230422,0.00152646596053398
1.636,0.785207880384536,0.0012851109602628
1.636125,0.785208940899235,0.0012851109602628
1.63625,0.785210004563291,0.0012851109602628
1.636375,0.785211071353429,0.0012851109602628
1.6365,0.785212141246183,0.0012851109602628
1.636625,0.785213214217904,0.0012851109602628
1.63675,0.78521429024478,0.0012851109602628
1.636875,0.785215369302841,0.0012851109602628
1.637,0.785216451367976,0.00126463237527646
1.637125,0.785217536415938,0.00126463237527646
1.63725,0.785218624422321,0.00126463237527646
1.637375,0.785219715362581,0.00126463237527646
1.6375,0.785220809212053,0.00126463237527646
1.637625,0.785221905945966,0.00126463237527646
1.63775,0.785223005539453,0.00126463237527646
1.637875,0.785224107967567,0.00126463237527646
1.638,0.785225213205295,0.00124503306454681
1.638125,0.785226321227557,0.00124503306454681
1.63825,0.785227432009197,0.00124503306454681
1.638375,0.785228545524991,0.00124503306454681
1.6385,0.785229661749676,0.00124503306454681
1.638625,0.785230780657957,0.00124503306454681
1.63875,0.785231902224521,0.00124503306454681
1.638875,0.785233026424051,0.00124503306454681
1.639,0.78523415323124,0.00122639056645298
1.639125,0.785235282620795,0.00122639056645298
1.63925,0.785236414567422,0.00122639056645298
1.639375,0.785237549045843,0.00122639056645298
1.6395,0.785238686030812,0.00122639056645298
1.639625,0.785239825497136,0.00122639056645298
1.63975,0.785240967419677,0.00122639056645298
1.639875,0.785242111773376,0.00122639056645298
1.64,0.785243258533256,0.00120875791027399
1.640125,0.785244407674436,0.00120875791027399
1.64025,0.785245559172111,0.00120875791027399
1.640375,0.785246713001568,0.00120875791027399
1.6405,0.785247869138209,0.00120875791027399
1.640625,0.785249027557561,0.00120875791027399
1.64075,0.785250188235286,0.00120875791027399
1.640875,0.785251351147197,0.00120875791027399
1.641,0.785252516269269,0.00092319797850059
1.641125,0.785253683577541,0.00092319797850059
1.64125,0.78525485304766,0.00092319797850059
1.641375,0.785256024654987,0.00092319797850059
1.6415,0.785257198374682,0.00092319797850059
1.641625,0.785258374181723,0.00092319797850059
1.64175,0.785259552050915,0.00092319797850059
1.641875,0.785260731956906,0.00092319797850059
1.642,0.785261913874199,0.000905885971940423
1.642125,0.785263097777163,0.000905885971940423
1.64225,0.785264283640014,0.000905885971940423
1.642375,0.785265471436836,0.000905885971940423
1.6425,0.785266661141601,0.000905885971940423
1.642625,0.785267852728182,0.000905885971940423
1.64275,0.785269046170368,0.000905885971940423
1.642875,0.785270241441875,0.000905885971940423
1.643,0.785271438516365,0.000889604795378988
1.643125,0.78527263736745,0.000889604795378988
1.64325,0.785273837968681,0.000889604795378988
1.643375,0.785275040293566,0.000889604795378988
1.6435,0.785276244315593,0.000889604795378988
1.643625,0.785277450008237,0.000889604795378988
1.64375,0.785278657344982,0.000889604795378988
1.643875,0.785279866299327,0.000889604795378988
1.644,0.785281076844808,0.000874432954232739
1.644125,0.785282288955,0.000874432954232739
1.64425,0.785283502603511,0.000874432954232739
1.644375,0.785284717763997,0.000874432954232739
1.6445,0.785285934410181,0.000874432954232739
1.644625,0.785287152515869,0.000874432954232739
1.64475,0.785288372054963,0.000874432954232739
1.644875,0.78528959300147,0.000874432954232739
1.645,0.785290815329525,0.000860420014189266
1.645125,0.785292039013391,0.000860420014189266
1.64525,0.785293264027452,0.000860420014189266
1.645375,0.785294490346233,0.000860420014189266
1.6455,0.785295717944414,0.000860420014189266
1.645625,0.785296946796846,0.000860420014189266
1.64575,0.785298176878561,0.000860420014189266
1.645875,0.785299408164789,0.000860420014189266
1.646,0.785300640630967,0.000541035700338309
1.646125,0.78530187425263,0.000541035700338309
1.64625,0.785303109004902,0.000541035700338309
1.646375,0.785304344862609,0.000541035700338309
1.6465,0.78530558180038,0.000541035700338309
1.646625,0.78530681979266,0.000541035700338309
1.64675,0.785308058813724,0.000541035700338309
1.646875,0.785309298837691,0.000541035700338309
1.647,0.785310539838539,0.000527367150148195
1.647125,0.785311781790117,0.000527367150148195
1.64725,0.785313024666131,0.000527367150148195
1.647375,0.785314268440168,0.000527367150148195
1.6475,0.785315513085713,0.000527367150148195
1.647625,0.785316758576163,0.000527367150148195
1.64775,0.785318004884841,0.000527367150148195
1.647875,0.785319251985014,0.000527367150148195
1.648,0.785320499849903,0.000514843700445266
1.648125,0.785321748452697,0.000514843700445266
1.64825,0.785322997766546,0.000514843700445266
1.648375,0.785324247764576,0.000514843700445266
1.6485,0.785325498419915,0.000514843700445266
1.648625,0.785326749705699,0.000514843700445266
1.64875,0.785328001595094,0.000514843700445266
1.648875,0.785329254061304,0.000514843700445266
1.649,0.785330507077592,0.000503542265109817
1.649125,0.785331760617286,0.000503542265109817
1.64925,0.785333014653774,0.000503542265109817
1.649375,0.785334269160528,0.000503542265109817
1.6495,0.785335524111114,0.000503542265109817
1.649625,0.785336779479211,0.000503542265109817
1.64975,0.785338035238623,0.000503542265109817
1.649875,0.785339291363296,0.000503542265109817
1.65,0.785340547827329,0.000493507438245686
1.650125,0.785341804604983,0.000493507438245686
1.65025,0.785343061670684,0.000493507438245686
1.650375,0.785344318999033,0.000493507438245686
1.6505,0.785345576564827,0.000493507438245686
1.650625,0.785346834343071,0.000493507438245686
1.65075,0.785348092308989,0.000493507438245686
1.650875,0.785349350438043,0.000493507438245686
1.651,0.785350608705939,0.000151497319260384
1.651125,0.785351867088513,0.000151497319260384
1.65125,0.785353125561181,0.000151497319260384
1.651375,0.785354384099063,0.000151497319260384
1.6515,0.78535564267709,0.000151497319260384
1.651625,0.785356901270011,0.000151497319260384
1.65175,0.785358159852417,0.000151497319260384
1.651875,0.785359418398748,0.000151497319260384
1.652,0.785360676883311,0.000141818826087887
1.652125,0.785361935280292,0.000141818826087887
1.65225,0.785363193563751,0.000141818826087887
1.652375,0.785364451707643,0.000141818826087887
1.6525,0.785365709685835,0.000141818826087887
1.652625,0.785366967472118,0.000141818826087887
1.65275,0.785368225040226,0.000141818826087887
1.652875,0.785369482363849,0.000141818826087887
1.653,0.785370739416645,0.00013335971450808
1.653125,0.785371996172256,0.00013335971450808
1.65325,0.785373252604306,0.00013335971450808
1.653375,0.785374508686422,0.00013335971450808
1.6535,0.785375764392246,0.00013335971450808
1.653625,0.785377019695451,0.00013335971450808
1.65375,0.785378274569761,0.00013335971450808
1.653875,0.785379528988957,0.00013335971450808
1.654,0.785380782926901,0.000126192867201643
1.654125,0.785382036357537,0.000126192867201643
1.65425,0.785383289254905,0.000126192867201643
1.654375,0.785384541593148,0.000126192867201643
1.6545,0.785385793346535,0.000126192867201643
1.654625,0.785387044489472,0.000126192867201643
1.65475,0.785388294996515,0.000126192867201643
1.654875,0.785389544842387,0.000126192867201643
1.655,0.78539079400199,0.000120356599004045
1.655125,0.785392042450417,0.000120356599004045
1.65525,0.785393290162956,0.000120356599004045
1.655375,0.785394537115105,0.000120356599004045
1.6555,0.785395783282587,0.000120356599004045
1.655625,0.785397028641365,0.000120356599004045
1.65575,0.78539827316765,0.000120356599004045
1.655875,0.785399516837921,0.000120356599004045
1.656,0.785400759628931,-0.000232645916018686
1.656125,0.785402001517589,-0.000232645916018686
1.65625,0.78540324248039,-0.000232645916018686
1.656375,0.785404482493543,-0.000232645916018686
1.6565,0.785405721533079,-0.000232645916018686
1.656625,0.785406959574863,-0.000232645916018686
1.65675,0.785408196594612,-0.000232645916018686
1.656875,0.785409432567903,-0.000232645916018686
1.657,0.785410667470195,-0.000238125775424863
1.657125,0.785411901276833,-0.000238125775424863
1.65725,0.78541313396306,-0.000238125775424863
1.657375,0.78541436550403,-0.000238125775424863
1.6575,0.785415595874825,-0.000238125775424863
1.657625,0.785416825050468,-0.000238125775424863
1.65775,0.785418053005939,-0.000238125775424863
1.657875,0.785419279716189,-0.000238125775424863
1.658,0.785420505156152,-0.000242353303210892
1.658125,0.785421729300764,-0.000242353303210892
1.65825,0.785422952124962,-0.000242353303210892
1.658375,0.785424173603708,-0.000242353303210892
1.6585,0.785425393711998,-0.000242353303210892
1.658625,0.785426612424879,-0.000242353303210892
1.65875,0.785427829717463,-0.000242353303210892
1.658875,0.785429045564944,-0.000242353303210892
1.659,0.785430259942605,-0.000245261893013128
1.659125,0.785431472825837,-0.000245261893013128
1.65925,0.785432684190148,-0.000245261893013128
1.659375,0.785433894011173,-0.000245261893013128
1.6595,0.785435102264693,-0.000245261893013128
1.659625,0.785436308926648,-0.000245261893013128
1.65975,0.785437513973149,-0.000245261893013128
1.659875,0.785438717380491,-0.000245261893013128
1.66,0.785439919125169,-0.000246820579703664
1.660125,0.785441119183888,-0.000246820579703664
1.66025,0.785442317533575,-0.000246820579703664
1.660375,0.785443514151391,-0.000246820579703664
1.6605,0.785444709014746,-0.000246820579703664
1.660625,0.785445902101309,-0.000246820579703664
1.66075,0.785447093389021,-0.000246820579703664
1.660875,0.785448282856112,-0.000246820579703664
1.661,0.785449470481103,-0.000599134364879148
1.661125,0.785450656242693,-0.000599134364879148
1.66125,0.785451840119187,-0.000599134364879148
1.661375,0.785453022088622,-0.000599134364879148
1.6615,0.785454202128875,-0.000599134364879148
1.661625,0.785455380217676,-0.000599134364879148
1.66175,0.785456556332621,-0.000599134364879148
1.661875,0.785457730451185,-0.000599134364879148
1.662,0.785458902550735,-0.00060034812401851
1.662125,0.785460072608547,-0.00060034812401851
1.66225,0.785461240601812,-0.00060034812401851
1.662375,0.785462406507654,-0.00060034812401851
1.6625,0.785463570303142,-0.00060034812401851
1.662625,0.785464731965304,-0.00060034812401851
1.66275,0.785465891471142,-0.00060034812401851
1.662875,0.785467048797642,-0.00060034812401851
1.663,0.785468203921792,-0.000600317904491083
1.663125,0.785469356820593,-0.000600317904491083
1.66325,0.785470507471072,-0.000600317904491083
1.663375,0.785471655850299,-0.000600317904491083
1.6635,0.785472801935394,-0.000600317904491083
1.663625,0.785473945703548,-0.000600317904491083
1.66375,0.785475087132031,-0.000600317904491083
1.663875,0.785476226198206,-0.000600317904491083
1.664,0.785477362879544,-0.000598985359460498
1.664125,0.785478497153637,-0.000598985359460498
1.66425,0.785479628998211,-0.000598985359460498
1.664375,0.785480758391143,-0.000598985359460498
1.6645,0.785481885310467,-0.000598985359460498
1.664625,0.785483009734394,-0.000598985359460498
1.66475,0.785484131641317,-0.000598985359460498
1.664875,0.785485251009829,-0.000598985359460498
1.665,0.785486367818735,-0.000596327678396853
1.665125,0.785487482047061,-0.000596327678396853
1.66525,0.785488593674074,-0.000596327678396853
1.665375,0.785489702679293,-0.000596327678396853
1.6655,0.785490809042496,-0.000596327678396853
1.665625,0.785491912743738,-0.000596327678396853
1.66575,0.785493013763355,-0.000596327678396853
1.665875,0.785494112081983,-0.000596327678396853
1.666,0.785495207680561,-0.000936602293735829
1.666125,0.785496300540215,-0.000936602293735829
1.66625,0.785497390641715,-0.000936602293735829
1.666375,0.785498477965585,-0.000936602293735829
1.6665,0.785499562492215,-0.000936602293735829
1.666625,0.785500644201869,-0.000936602293735829
1.66675,0.785501723074695,-0.000936602293735829
1.666875,0.785502799090742,-0.000936602293735829
1.667,0.78550387222997,-0.000933622045551865
1.667125,0.785504942472264,-0.000933622045551865
1.66725,0.78550600979745,-0.000933622045551865
1.667375,0.785507074185306,-0.000933622045551865
1.6675,0.785508135615579,-0.000933622045551865
1.667625,0.785509194067989,-0.000933622045551865
1.66775,0.785510249522248,-0.000933622045551865
1.667875,0.785511301958069,-0.000933622045551865
1.668,0.78551235135518,-0.000929446113797022
1.668125,0.785513397693337,-0.000929446113797022
1.66825,0.785514440952342,-0.000929446113797022
1.668375,0.785515481112057,-0.000929446113797022
1.6685,0.785516518152412,-0.000929446113797022
1.668625,0.785517552053418,-0.000929446113797022
1.66875,0.785518582795179,-0.000929446113797022
1.668875,0.785519610357904,-0.000929446113797022
1.669,0.785520634721921,-0.000924026075348606
1.669125,0.785521655867686,-0.000924026075348606
1.66925,0.785522673775806,-0.000924026075348606
1.669375,0.785523688427052,-0.000924026075348606
1.6695,0.785524699802364,-0.000924026075348606
1.669625,0.785525707882863,-0.000924026075348606
1.66975,0.785526712649866,-0.000924026075348606
1.669875,0.785527714084894,-0.000924026075348606
1.67,0.785528712169682,-0.000917347794639132
1.670125,0.785529706886194,-0.000917347794639132
1.67025,0.785530698216647,-0.000917347794639132
1.670375,0.785531686143512,-0.000917347794639132
1.6705,0.785532670649532,-0.000917347794639132
1.670625,0.785533651717723,-0.000917347794639132
1.67075,0.785534629331392,-0.000917347794639132
1.670875,0.785535603474139,-0.000917347794639132
1.671,0.785536574129874,-0.00123492118218896
1.671125,0.785537541282697,-0.00123492118218896
1.67125,0.785538504916395,-0.00123492118218896
1.671375,0.785539465014546,-0.00123492118218896
1.6715,0.785540421560618,-0.00123492118218896
1.671625,0.785541374537977,-0.00123492118218896
1.67175,0.785542323929901,-0.00123492118218896
1.671875,0.785543269719588,-0.00123492118218896
1.672,0.785544211890167,-0.00122795256331328
1.672125,0.785545150424714,-0.00122795256331328
1.67225,0.785546085306271,-0.00122795256331328
1.672375,0.785547016517856,-0.00122795256331328
1.6725,0.785547944042472,-0.00122795256331328
1.672625,0.785548867863118,-0.00122795256331328
1.67275,0.7855497879628,-0.00122795256331328
1.672875,0.785550704324539,-0.00122795256331328
1.673,0.785551616931386,-0.00121987388364663
1.673125,0.785552525766432,-0.00121987388364663
1.67325,0.785553430812834,-0.00121987388364663
1.673375,0.785554332053822,-0.00121987388364663
1.6735,0.785555229472708,-0.00121987388364663
1.673625,0.785556123052896,-0.00121987388364663
1.67375,0.785557012777893,-0.00121987388364663
1.673875,0.785557898631315,-0.00121987388364663
1.674,0.785558780596907,-0.00121064794364834
1.674125,0.785559658658544,-0.00121064794364834
1.67425,0.785560532800266,-0.00121064794364834
1.674375,0.785561403006282,-0.00121064794364834
1.6745,0.785562269260973,-0.00121064794364834
1.674625,0.785563131548909,-0.00121064794364834
1.67475,0.785563989854853,-0.00121064794364834
1.674875,0.785564844163771,-0.00121064794364834
1.675,0.785565694460845,-0.00120026950927335
1.675125,0.785566540731482,-0.00120026950927335
1.67525,0.785567382961339,-0.00120026950927335
1.675375,0.785568221136336,-0.00120026950927335
1.6755,0.785569055242651,-0.00120026950927335
1.675625,0.785569885266738,-0.00120026950927335
1.67575,0.78557071119533,-0.00120026950927335
1.675875,0.785571533015448,-0.00120026950927335
1.676,0.78557235071441,-0.00148549400111324
1.676125,0.785573164279726,-0.00148549400111324
1.67625,0.785573973698645,-0.00148549400111324
1.676375,0.785574778958246,-0.00148549400111324
1.6765,0.785575580045529,-0.00148549400111324
1.676625,0.785576376947419,-0.00148549400111324
1.67675,0.785577169650778,-0.00148549400111324
1.676875,0.785577958142413,-0.00148549400111324
1.677,0.785578742409085,-0.00147486602323777
1.677125,0.785579522437522,-0.00147486602323777
1.67725,0.785580298214445,-0.00147486602323777
1.677375,0.785581069726573,-0.00147486602323777
1.6775,0.785581836960631,-0.00147486602323777
1.677625,0.785582599903357,-0.00147486602323777
1.67775,0.785583358541512,-0.00147486602323777
1.677875,0.785584112861888,-0.00147486602323777
1.678,0.785584862851316,-0.00146324718450261
1.678125,0.785585608496683,-0.00146324718450261
1.67825,0.785586349784954,-0.00146324718450261
1.678375,0.78558708670318,-0.00146324718450261
1.6785,0.785587819238506,-0.00146324718450261
1.678625,0.785588547378173,-0.00146324718450261
1.67875,0.785589271109532,-0.00146324718450261
1.678875,0.78558999042005,-0.00146324718450261
1.679,0.785590705297319,-0.00145061241216967
1.679125,0.785591415729068,-0.00145061241216967
1.67925,0.785592121703191,-0.00145061241216967
1.679375,0.785592823207753,-0.00145061241216967
1.6795,0.785593520230995,-0.00145061241216967
1.679625,0.785594212761338,-0.00145061241216967
1.67975,0.785594900787393,-0.00145061241216967
1.679875,0.785595584297968,-0.00145061241216967
1.68,0.785596263282077,-0.00143696530692908
1.680125,0.785596937728948,-0.00143696530692908
1.68025,0.785597607628057,-0.00143696530692908
1.680375,0.785598272969129,-0.00143696530692908
1.6805,0.785598933742139,-0.00143696530692908
1.680625,0.785599589937321,-0.00143696530692908
1.68075,0.785600241545175,-0.00143696530692908
1.680875,0.785600888556469,-0.00143696530692908
1.681,0.785601530962249,-0.00168149228570793
1.681125,0.785602168753752,-0.00168149228570793
1.68125,0.785602801922005,-0.00168149228570793
1.681375,0.785603430457915,-0.00168149228570793
1.6815,0.785604054352339,-0.00168149228570793
1.681625,0.785604673596089,-0.00168149228570793
1.68175,0.785605288179943,-0.00168149228570793
1.681875,0.785605898094647,-0.00168149228570793
1.682,0.785606503330923,-0.00166764345233762
1.682125,0.785607103879485,-0.00166764345233762
1.68225,0.785607699731064,-0.00166764345233762
1.682375,0.785608290876413,-0.00166764345233762
1.6825,0.785608877306306,-0.00166764345233762
1.682625,0.785609459011552,-0.00166764345233762
1.68275,0.785610035982996,-0.00166764345233762
1.682875,0.785610608211524,-0.00166764345233762
1.683,0.785611175688077,-0.00165295179971871
1.683125,0.785611738403657,-0.00165295179971871
1.68325,0.785612296349359,-0.00165295179971871
1.683375,0.785612849516374,-0.00165295179971871
1.6835,0.785613397895989,-0.00165295179971871
1.683625,0.785613941479598,-0.00165295179971871
1.68375,0.785614480258701,-0.00165295179971871
1.683875,0.785615014224918,-0.00165295179971871
1.684,0.785615543369988,-0.00163740486981505
1.684125,0.785616067685785,-0.00163740486981505
1.68425,0.785616587164351,-0.00163740486981505
1.684375,0.78561710179789,-0.00163740486981505
1.6845,0.785617611578776,-0.00163740486981505
1.684625,0.785618116499557,-0.00163740486981505
1.68475,0.785618616552958,-0.00163740486981505
1.684875,0.785619111731888,-0.00163740486981505
1.685,0.785619602029446,-0.00162101474782998
1.685125,0.78562008743893,-0.00162101474782998
1.68525,0.785620567953871,-0.00162101474782998
1.685375,0.785621043568033,-0.00162101474782998
1.6855,0.785621514275409,-0.00162101474782998
1.685625,0.785621980070231,-0.00162101474782998
1.68575,0.78562244094697,-0.00162101474782998
1.685875,0.785622896900343,-0.00162101474782998
1.686,0.785623347925316,-0.00181802987594984
1.686125,0.785623794017032,-0.00181802987594984
1.68625,0.78562423517049,-0.00181802987594984
1.686375,0.785624671380616,-0.00181802987594984
1.6865,0.785625102642319,-0.00181802987594984
1.686625,0.785625528950492,-0.00181802987594984
1.68675,0.78562595030002,-0.00181802987594984
1.686875,0.785626366685785,-0.00181802987594984
1.687,0.785626778102666,-0.00180149113122773
1.687125,0.785627184545557,-0.00180149113122773
1.68725,0.785627586009391,-0.00180149113122773
1.687375,0.785627982489146,-0.00180149113122773
1.6875,0.78562837397984,-0.00180149113122773
1.687625,0.785628760476538,-0.00180149113122773
1.68775,0.785629141974358,-0.00180149113122773
1.687875,0.785629518468468,-0.00180149113122773
1.688,0.785629889954101,-0.00178428090906876
1.688125,0.785630256426556,-0.00178428090906876
1.68825,0.785630617881237,-0.00178428090906876
1.688375,0.785630974313648,-0.00178428090906876
1.6885,0.785631325719395,-0.00178428090906876
1.688625,0.785631672094186,-0.00178428090906876
1.68875,0.78563201343384,-0.00178428090906876
1.688875,0.785632349734288,-0.00178428090906876
1.689,0.785632680991575,-0.00176639943393394
1.689125,0.785633007201874,-0.00176639943393394
1.68925,0.785633328361517,-0.00176639943393394
1.689375,0.785633644466994,-0.00176639943393394
1.6895,0.78563395551495,-0.00176639943393394
1.689625,0.785634261502188,-0.00176639943393394
1.68975,0.785634562425673,-0.00176639943393394
1.689875,0.785634858282538,-0.00176639943393394
1.69,0.785635149070081,-0.00174786666067647
1.690125,0.785635434785779,-0.00174786666067647
1.69025,0.78563571542732,-0.00174786666067647
1.690375,0.7856359909926,-0.00174786666067647
1.6905,0.785636261479719,-0.00174786666067647
1.690625,0.785636526886987,-0.00174786666067647
1.69075,0.785636787212922,-0.00174786666067647
1.690875,0.785637042456254,-0.00174786666067647
1.691,0.785637292615926,-0.00189226937976543
1.691125,0.785637537691043,-0.00189226937976543
1.69125,0.785637777680634,-0.00189226937976543
1.691375,0.785638012583701,-0.00189226937976543
1.6915,0.78563824239926,-0.00189226937976543
1.691625,0.785638467126342,-0.00189226937976543
1.69175,0.785638686764,-0.00189226937976543
1.691875,0.785638901311302,-0.00189226937976543
1.692,0.785639110767344,-0.00187364452372455
1.692125,0.785639315131252,-0.00187364452372455
1.69225,0.785639514402215,-0.00187364452372455
1.692375,0.785639708579486,-0.00187364452372455
1.6925,0.785639897662375,-0.00187364452372455
1.692625,0.785640081650251,-0.00187364452372455
1.69275,0.785640260542548,-0.00187364452372455
1.692875,0.785640434338762,-0.00187364452372455
1.693,0.785640603038453,-0.00185453668496739
1.693125,0.785640766641261,-0.00185453668496739
1.69325,0.78564092514693,-0.00185453668496739
1.693375,0.78564107855531,-0.00185453668496739
1.6935,0.785641226866351,-0.00185453668496739
1.693625,0.785641370080103,-0.00185453668496739
1.69375,0.785641508196723,-0.00185453668496739
1.693875,0.78564164121647,-0.00185453668496739
1.694,0.78564176913971,-0.00183495842704088
1.694125,0.785641891966924,-0.00183495842704088
1.69425,0.785642009698741,-0.00183495842704088
1.694375,0.785642122335934,-0.00183495842704088
1.6945,0.785642229879415,-0.00183495842704088
1.694625,0.785642332330234,-0.00183495842704088
1.69475,0.785642429689584,-0.00183495842704088
1.694875,0.785642521958799,-0.00183495842704088
1.695,0.785642609139353,-0.00181493672177571
1.695125,0.785642691232874,-0.00181493672177571
1.69525,0.785642768241172,-0.00181493672177571
1.695375,0.785642840166233,-0.00181493672177571
1.6955,0.785642907010218,-0.00181493672177571
1.695625,0.785642968775461,-0.00181493672177571
1.69575,0.785643025464466,-0.00181493672177571
1.695875,0.785643077079913,-0.00181493672177571
1.696,0.785643123624653,-0.0019034596758581
1.696125,0.785643165101674,-0.0019034596758581
1.69625,0.78564320151396,-0.0019034596758581
1.696375,0.785643232864514,-0.0019034596758581
1.6965,0.785643259156383,-0.0019034596758581
1.696625,0.78564328039266,-0.0019034596758581
1.69675,0.78564329657648,-0.0019034596758581
1.696875,0.785643307711024,-0.0019034596758581
1.697,0.785643313799517,-0.00188340394519768
1.697125,0.785643314845235,-0.00188340394519768
1.69725,0.785643310851539,-0.00188340394519768
1.697375,0.785643301821866,-0.00188340394519768
1.6975,0.785643287759726,-0.00188340394519768
1.697625,0.785643268668701,-0.00188340394519768
1.69775,0.785643244552444,-0.00188340394519768
1.697875,0.785643215414679,-0.00188340394519768
1.698,0.785643181259198,-0.00186306434078373
1.698125,0.785643142089873,-0.00186306434078373
1.69825,0.785643097910685,-0.00186306434078373
1.698375,0.785643048725719,-0.00186306434078373
1.6985,0.785642994539156,-0.00186306434078373
1.698625,0.785642935355272,-0.00186306434078373
1.69875,0.785642871178441,-0.00186306434078373
1.698875,0.785642802013128,-0.00186306434078373
1.699,0.785642727863895,-0.00184246503257131
1.699125,0.785642648735399,-0.00184246503257131
1.69925,0.785642564632435,-0.00184246503257131
1.699375,0.78564247555992,-0.00184246503257131
1.6995,0.78564238152289,-0.00184246503257131
1.699625,0.785642282526497,-0.00184246503257131
1.69975,0.78564217857601,-0.00184246503257131
1.699875,0.785642069676811,-0.00184246503257131
1.7,0.785641955834394,-0.0018216389526903
1.700125,0.785641837054373,-0.0018216389526903
1.70025,0.785641713342511,-0.0018216389526903
1.700375,0.785641584704717,-0.0018216389526903
1.7005,0.785641451147032,-0.0018216389526903
1.700625,0.785641312675632,-0.0018216389526903
1.70075,0.785641169296825,-0.0018216389526903
1.700875,0.785641021017047,-0.0018216389526903
1.701,0.78564086784286,-0.00185290504921863
1.701125,0.785640709780941,-0.00185290504921863
1.70125,0.785640546838025,-0.00185290504921863
1.701375,0.785640379020912,-0.00185290504921863
1.7015,0.785640206336478,-0.00185290504921863
1.701625,0.785640028791668,-0.00185290504921863
1.70175,0.785639846393494,-0.00185290504921863
1.701875,0.785639659149035,-0.00185290504921863
1.702,0.785639467065434,-0.00183210260328988
1.702125,0.785639270149901,-0.00183210260328988
1.70225,0.785639068409747,-0.00183210260328988
1.702375,0.785638861852376,-0.00183210260328988
1.7025,0.785638650485273,-0.00183210260328988
1.702625,0.785638434316004,-0.00183210260328988
1.70275,0.785638213352214,-0.00183210260328988
1.702875,0.78563798760162,-0.00183210260328988
1.703,0.785637757072014,-0.00181121929818265
1.703125,0.785637521771263,-0.00181121929818265
1.70325,0.785637281707345,-0.00181121929818265
1.703375,0.785637036888334,-0.00181121929818265
1.7035,0.785636787322397,-0.00181121929818265
1.703625,0.785636533017787,-0.00181121929818265
1.70375,0.785636273982841,-0.00181121929818265
1.703875,0.785636010225976,-0.00181121929818265
1.704,0.785635741755688,-0.00179028982225169
1.704125,0.785635468580556,-0.00179028982225169
1.70425,0.78563519070927,-0.00179028982225169
1.704375,0.785634908150626,-0.00179028982225169
1.7045,0.785634620913511,-0.00179028982225169
1.704625,0.785634329006905,-0.00179028982225169
1.70475,0.785634032439876,-0.00179028982225169
1.704875,0.785633731221572,-0.00179028982225169
1.705,0.785633425361223,-0.00176935184674436
1.705125,0.785633114868144,-0.00176935184674436
1.70525,0.785632799751762,-0.00176935184674436
1.705375,0.78563248002161,-0.00176935184674436
1.7055,0.785632155687315,-0.00176935184674436
1.705625,0.785631826758595,-0.00176935184674436
1.70575,0.785631493245254,-0.00176935184674436
1.705875,0.785631155157179,-0.00176935184674436
1.706,0.785630812504335,-0.00174386876281625
1.706125,0.785630465296772,-0.00174386876281625
1.70625,0.78563011354466,-0.00174386876281625
1.706375,0.78562975725828,-0.00174386876281625
1.7065,0.785629396448009,-0.00174386876281625
1.706625,0.785629031124321,-0.00174386876281625
1.70675,0.785628661297775,-0.00174386876281625
1.706875,0.785628286979016,-0.00174386876281625
1.707,0.785627908178772,-0.00172300983039497
1.707125,0.78562752490785,-0.00172300983039497
1.70725,0.785627137177173,-0.00172300983039497
1.707375,0.785626744997764,-0.00172300983039497
1.7075,0.785626348380738,-0.00172300983039497
1.707625,0.785625947337296,-0.00172300983039497
1.70775,0.785625541878722,-0.00172300983039497
1.707875,0.785625132016374,-0.00172300983039497
1.708,0.785624717761683,-0.00170227030146266
1.708125,0.785624299126155,-0.00170227030146266
1.70825,0.785623876121398,-0.00170227030146266
1.708375,0.785623448759113,-0.00170227030146266
1.7085,0.785623017051082,-0.00170227030146266
1.708625,0.785622581009162,-0.00170227030146266
1.70875,0.785622140645282,-0.00170227030146266
1.708875,0.785621695971433,-0.00170227030146266
1.709,0.78562124699967,-0.00168169398395335
1.709125,0.785620793742109,-0.00168169398395335
1.70925,0.785620336210954,-0.00168169398395335
1.709375,0.785619874418493,-0.00168169398395335
1.7095,0.785619408377077,-0.00168169398395335
1.709625,0.785618938099121,-0.00168169398395335
1.70975,0.785618463597098,-0.00168169398395335
1.709875,0.785617984883531,-0.00168169398395335
1.71,0.785617501970987,-0.00166132194632332
1.710125,0.785617014872082,-0.00166132194632332
1.71025,0.785616523599509,-0.00166132194632332
1.710375,0.78561602816602,-0.00166132194632332
1.7105,0.785615528584423,-0.00166132194632332
1.710625,0.785615024867569,-0.00166132194632332
1.71075,0.785614517028352,-0.00166132194632332
1.710875,0.785614005079699,-0.00166132194632332
1.711,0.785613489034565,-0.00158141592783026
1.711125,0.785612968905961,-0.00158141592783026
1.71125,0.785612444707073,-0.00158141592783026
1.711375,0.785611916451236,-0.00158141592783026
1.7115,0.785611384151906,-0.00158141592783026
1.711625,0.78561084782265,-0.00158141592783026
1.71175,0.785610307477141,-0.00158141592783026
1.711875,0.785609763129155,-0.00158141592783026
1.712,0.785609214792559,-0.00156117436147591
1.712125,0.785608662481316,-0.00156117436147591
1.71225,0.785608106209512,-0.00156117436147591
1.712375,0.78560754599134,-0.00156117436147591
1.7125,0.785606981841088,-0.00156117436147591
1.712625,0.785606413773135,-0.00156117436147591
1.71275,0.785605841801943,-0.00156117436147591
1.712875,0.785605265942048,-0.00156117436147591
1.713,0.785604686208057,-0.00154124331656545
1.713125,0.785604102614644,-0.00154124331656545
1.71325,0.78560351517658,-0.00154124331656545
1.713375,0.785602923908718,-0.00154124331656545
1.7135,0.785602328825978,-0.00154124331656545
1.713625,0.785601729943345,-0.00154124331656545
1.71375,0.785601127275858,-0.00154124331656545
1.713875,0.785600520838603,-0.00154124331656545
1.714,0.785599910646708,-0.00152167406436038
1.714125,0.785599296715342,-0.00152167406436038
1.71425,0.78559867905974,-0.00152167406436038
1.714375,0.785598057695188,-0.00152167406436038
1.7145,0.785597432637012,-0.00152167406436038
1.714625,0.785596803900574,-0.00152167406436038
1.71475,0.785596171501256,-0.00152167406436038
1.714875,0.785595535454462,-0.00152167406436038
1.715,0.785594895775604,-0.00150250965441014
1.715125,0.785594252480107,-0.00150250965441014
1.71525,0.785593605583427,-0.00150250965441014
1.715375,0.785592955101045,-0.00150250965441014
1.7155,0.785592301048448,-0.00150250965441014
1.715625,0.785591643441127,-0.00150250965441014
1.71575,0.785590982294564,-0.00150250965441014
1.715875,0.785590317624229,-0.00150250965441014
1.716,0.785589649445572,-0.00137220236723939
1.716125,0.785588977774064,-0.00137220236723939
1.71625,0.785588302625405,-0.00137220236723939
1.716375,0.785587624015472,-0.00137220236723939
1.7165,0.785586941960281,-0.00137220236723939
1.716625,0.785586256475975,-0.00137220236723939
1.71675,0.785585567578819,-0.00137220236723939
1.716875,0.785584875285188,-0.00137220236723939
1.717,0.785584179611562,-0.00135321431934147
1.717125,0.785583480574525,-0.00135321431934147
1.71725,0.785582778190785,-0.00135321431934147
1.717375,0.785582072477164,-0.00135321431934147
1.7175,0.785581363450579,-0.00135321431934147
1.717625,0.785580651128039,-0.00135321431934147
1.71775,0.785579935526633,-0.00135321431934147
1.717875,0.785579216663522,-0.00135321431934147
1.718,0.785578494555932,-0.00133471283746504
1.718125,0.785577769221149,-0.00133471283746504
1.71825,0.785577040676546,-0.00133471283746504
1.718375,0.785576308939564,-0.00133471283746504
1.7185,0.7855755740277,-0.00133471283746504
1.718625,0.785574835958498,-0.00133471283746504
1.71875,0.785574094749539,-0.00133471283746504
1.718875,0.785573350418436,-0.00133471283746504
1.719,0.785572602982821,-0.00131675480279112
1.719125,0.785571852460345,-0.00131675480279112
1.71925,0.7855710988687,-0.00131675480279112
1.719375,0.785570342225601,-0.00131675480279112
1.7195,0.785569582548776,-0.00131675480279112
1.719625,0.785568819855955,-0.00131675480279112
1.71975,0.78556805416486,-0.00131675480279112
1.719875,0.785567285493202,-0.00131675480279112
1.72,0.785566513858664,-0.00129938380332081
1.720125,0.785565739278907,-0.00129938380332081
1.72025,0.785564961771582,-0.00129938380332081
1.720375,0.785564181354323,-0.00129938380332081
1.7205,0.785563398044729,-0.00129938380332081
1.720625,0.785562611860356,-0.00129938380332081
1.72075,0.785561822818711,-0.00129938380332081
1.720875,0.785561030937238,-0.00129938380332081
1.721,0.785560236233317,-0.00112421772097532
1.721125,0.785559438724316,-0.00112421772097532
1.72125,0.785558638427873,-0.00112421772097532
1.721375,0.78555783536183,-0.00112421772097532
1.7215,0.785557029544178,-0.00112421772097532
1.721625,0.785556220993047,-0.00112421772097532
1.72175,0.785555409726698,-0.00112421772097532
1.721875,0.78555459576351,-0.00112421772097532
1.722,0.785553779121975,-0.00110706210051361
1.722125,0.785552959820692,-0.00110706210051361
1.72225,0.785552137878383,-0.00110706210051361
1.722375,0.785551313313887,-0.00110706210051361
1.7225,0.785550486146134,-0.00110706210051361
1.722625,0.785549656394143,-0.00110706210051361
1.72275,0.78554882407701,-0.00110706210051361
1.722875,0.785547989213898,-0.00110706210051361
1.723,0.785547151824026,-0.00109054873190345
1.723125,0.785546311926666,-0.00109054873190345
1.72325,0.785545469541162,-0.00109054873190345
1.723375,0.785544624686913,-0.00109054873190345
1.7235,0.785543777383357,-0.00109054873190345
1.723625,0.785542927649965,-0.00109054873190345
1.72375,0.785542075506227,-0.00109054873190345
1.723875,0.785541220971645,-0.00109054873190345
1.724,0.78554036406572,-0.00107473812072216
1.724125,0.785539504807951,-0.00107473812072216
1.72425,0.78553864321785,-0.00107473812072216
1.724375,0.785537779314925,-0.00107473812072216
1.7245,0.785536913118667,-0.00107473812072216
1.724625,0.785536044648544,-0.00107473812072216
1.72475,0.785535173923982,-0.00107473812072216
1.724875,0.785534300964366,-0.00107473812072216
1.725,0.785533425789019,-0.0010596729715287
1.725125,0.785532548417209,-0.0010596729715287
1.72525,0.785531668868155,-0.0010596729715287
1.725375,0.785530787161016,-0.0010596729715287
1.7255,0.785529903314879,-0.0010596729715287
1.725625,0.785529017348746,-0.0010596729715287
1.72575,0.785528129281527,-0.0010596729715287
1.725875,0.785527239132029,-0.0010596729715287
1.726,0.785526346918946,-0.000846492284316147
1.726125,0.785525452660933,-0.000846492284316147
1.72625,0.785524556376947,-0.000846492284316147
1.726375,0.785523658086166,-0.000846492284316147
1.7265,0.785522757807922,-0.000846492284316147
1.726625,0.785521855561697,-0.000846492284316147
1.72675,0.785520951367102,-0.000846492284316147
1.726875,0.785520045243877,-0.000846492284316147
1.727,0.785519137211873,-0.000831673578285221
1.727125,0.78551822729105,-0.000831673578285221
1.72725,0.785517315501491,-0.000831673578285221
1.727375,0.785516401863385,-0.000831673578285221
1.7275,0.785515486397013,-0.000831673578285221
1.727625,0.785514569122739,-0.000831673578285221
1.72775,0.785513650060993,-0.000831673578285221
1.727875,0.785512729232269,-0.000831673578285221
1.728,0.785511806657107,-0.000817627962745119
1.728125,0.78551088235609,-0.000817627962745119
1.72825,0.785509956349856,-0.000817627962745119
1.728375,0.785509028659083,-0.000817627962745119
1.7285,0.785508099304474,-0.000817627962745119
1.728625,0.785507168306745,-0.000817627962745119
1.72875,0.785506235686615,-0.000817627962745119
1.728875,0.785505301464797,-0.000817627962745119
1.729,0.785504365661982,-0.000804417517613983
1.729125,0.785503428298837,-0.000804417517613983
1.72925,0.785502489396017,-0.000804417517613983
1.729375,0.785501548974145,-0.000804417517613983
1.7295,0.785500607053802,-0.000804417517613983
1.729625,0.785499663655515,-0.000804417517613983
1.72975,0.785498718799745,-0.000804417517613983
1.729875,0.785497772506879,-0.000804417517613983
1.73,0.785496824797216,-0.000792082708212735
1.730125,0.785495875690963,-0.000792082708212735
1.73025,0.785494925208245,-0.000792082708212735
1.730375,0.78549397336909,-0.000792082708212735
1.7305,0.785493020193416,-0.000792082708212735
1.730625,0.785492065701019,-0.000792082708212735
1.73075,0.785491109911565,-0.000792082708212735
1.730875,0.785490152844579,-0.000792082708212735
1.731,0.785489194519433,-0.000548777985776868
1.731125,0.785488234955434,-0.000548777985776868
1.73125,0.785487274172207,-0.000548777985776868
1.731375,0.785486312189613,-0.000548777985776868
1.7315,0.785485349027668,-0.000548777985776868
1.731625,0.785484384706536,-0.000548777985776868
1.73175,0.785483419246515,-0.000548777985776868
1.731875,0.785482452668029,-0.000548777985776868
1.732,0.785481484991613,-0.000536711937265778
1.732125,0.785480516237908,-0.000536711937265778
1.73225,0.785479546427671,-0.000536711937265778
1.732375,0.785478575581756,-0.000536711937265778
1.7325,0.785477603721105,-0.000536711937265778
1.732625,0.785476630866729,-0.000536711937265778
1.73275,0.785475657039704,-0.000536711937265778
1.732875,0.785474682261154,-0.000536711937265778
1.733,0.785473706552242,-0.000525521403009028
1.733125,0.785472729934164,-0.000525521403009028
1.73325,0.785471752428151,-0.000525521403009028
1.733375,0.78547077405546,-0.000525521403009028
1.7335,0.785469794837354,-0.000525521403009028
1.733625,0.785468814795096,-0.000525521403009028
1.73375,0.785467833949932,-0.000525521403009028
1.733875,0.785466852323081,-0.000525521403009028
1.734,0.785465869935729,-0.000515267990563246
1.734125,0.785464886809012,-0.000515267990563246
1.73425,0.785463902964029,-0.000515267990563246
1.734375,0.785462918421825,-0.000515267990563246
1.7345,0.785461933203377,-0.000515267990563246
1.734625,0.785460947329581,-0.000515267990563246
1.73475,0.785459960821243,-0.000515267990563246
1.734875,0.78545897369907,-0.000515267990563246
1.735,0.785457985983652,-0.000505988678334247
1.735125,0.785456997695462,-0.000505988678334247
1.73525,0.785456008854855,-0.000505988678334247
1.735375,0.785455019482059,-0.000505988678334247
1.7355,0.785454029597158,-0.000505988678334247
1.735625,0.785453039220083,-0.000505988678334247
1.73575,0.785452048370599,-0.000505988678334247
1.735875,0.785451057068301,-0.000505988678334247
1.736,0.785450065332596,-0.000241214478644095
1.736125,0.7854490731828,-0.000241214478644095
1.73625,0.785448080638558,-0.000241214478644095
1.736375,0.785447087719753,-0.000241214478644095
1.7365,0.785446094446421,-0.000241214478644095
1.736625,0.785445100838741,-0.000241214478644095
1.73675,0.785444106917022,-0.000241214478644095
1.736875,0.785443112701695,-0.000241214478644095
1.737,0.785442118213297,-0.000232217008279285
1.737125,0.785441123472468,-0.000232217008279285
1.73725,0.785440128499949,-0.000232217008279285
1.737375,0.785439133316571,-0.000232217008279285
1.7375,0.785438137943239,-0.000232217008279285
1.737625,0.785437142400921,-0.000232217008279285
1.73775,0.785436146710636,-0.000232217008279285
1.737875,0.785435150893443,-0.000232217008279285
1.738,0.785434154970429,-0.000224166504973468
1.738125,0.785433158962698,-0.000224166504973468
1.73825,0.785432162891378,-0.000224166504973468
1.738375,0.785431166777599,-0.000224166504973468
1.7385,0.785430170642488,-0.000224166504973468
1.738625,0.785429174507148,-0.000224166504973468
1.73875,0.785428178392655,-0.000224166504973468
1.738875,0.785427182320038,-0.000224166504973468
1.739,0.785426186310276,-0.000217122126560736
1.739125,0.785425190384283,-0.000217122126560736
1.73925,0.785424194562909,-0.000217122126560736
1.739375,0.785423198866929,-0.000217122126560736
1.7395,0.785422203317028,-0.000217122126560736
1.739625,0.785421207933787,-0.000217122126560736
1.73975,0.785420212737678,-0.000217122126560736
1.739875,0.785419217749048,-0.000217122126560736
1.74,0.785418222988109,-0.000211116262399408
1.740125,0.785417228474929,-0.000211116262399408
1.74025,0.785416234229432,-0.000211116262399408
1.740375,0.785415240271387,-0.000211116262399408
1.7405,0.78541424662039,-0.000211116262399408
1.740625,0.785413253295859,-0.000211116262399408
1.74075,0.785412260317023,-0.000211116262399408
1.740875,0.785411267702907,-0.000211116262399408
1.741,0.785410275472328,6.6008475037604e-05
1.741125,0.785409283643986,6.6008475037604e-05
1.74125,0.785408292236913,6.6008475037604e-05
1.741375,0.785407301270371,6.6008475037604e-05
1.7415,0.785406310763767,6.6008475037604e-05
1.741625,0.785405320736644,6.6008475037604e-05
1.74175,0.785404331208666,6.6008475037604e-05
1.741875,0.785403342199613,6.6008475037604e-05
1.742,0.785402353729361,7.17288323926173e-05
1.742125,0.785401365817879,7.17288323926173e-05
1.74225,0.785400378485227,7.17288323926173e-05
1.742375,0.785399391751537,7.17288323926173e-05
1.7425,0.785398405637007,7.17288323926173e-05
1.742625,0.785397420161883,7.17288323926173e-05
1.74275,0.785396435346453,7.17288323926173e-05
1.742875,0.785395451211031,7.17288323926173e-05
1.743,0.785394467775948,7.64632295245271e-05
1.743125,0.785393485061542,7.64632295245271e-05
1.74325,0.785392503088153,7.64632295245271e-05
1.743375,0.78539152187611,7.64632295245271e-05
1.7435,0.78539054144572,7.64632295245271e-05
1.743625,0.785389561817255,7.64632295245271e-05
1.74375,0.78538858301094,7.64632295245271e-05
1.743875,0.785387605046943,7.64632295245271e-05
1.744,0.785386627945365,8.01568043282308e-05
1.744125,0.785385651726225,8.01568043282308e-05
1.74425,0.785384676409461,8.01568043282308e-05
1.744375,0.785383702014912,8.01568043282308e-05
1.7445,0.785382728562312,8.01568043282308e-05
1.744625,0.785381756071273,8.01568043282308e-05
1.74475,0.785380784561278,8.01568043282308e-05
1.744875,0.785379814051668,8.01568043282308e-05
1.745,0.785378844561632,8.27826813398621e-05
1.745125,0.7853778761102,8.27826813398621e-05
1.74525,0.785376908716231,8.27826813398621e-05
1.745375,0.785375942398407,8.27826813398621e-05
1.7455,0.785374977175221,8.27826813398621e-05
1.745625,0.785374013064963,8.27826813398621e-05
1.74575,0.785373050085715,8.27826813398621e-05
1.745875,0.785372088255338,8.27826813398621e-05
1.746,0.785371127591465,0.000362981316546846
1.746125,0.785370168111594,0.000362981316546846
1.74625,0.785369209833545,0.000362981316546846
1.746375,0.785368252775353,0.000362981316546846
1.7465,0.785367296955187,0.000362981316546846
1.746625,0.785366342391339,0.000362981316546846
1.74675,0.785365389102212,0.000362981316546846
1.746875,0.78536443710631,0.000362981316546846
1.747,0.785363486422227,0.000365327308450808
1.747125,0.785362537068635,0.000365327308450808
1.74725,0.78536158906428,0.000365327308450808
1.747375,0.785360642427967,0.000365327308450808
1.7475,0.785359697178551,0.000365327308450808
1.747625,0.785358753334923,0.000365327308450808
1.74775,0.785357810916003,0.000365327308450808
1.747875,0.785356869940725,0.000365327308450808
1.748,0.785355930428029,0.000366681208006728
1.748125,0.785354992396846,0.000366681208006728
1.74825,0.785354055866096,0.000366681208006728
1.748375,0.78535312085467,0.000366681208006728
1.7485,0.785352187381424,0.000366681208006728
1.748625,0.785351255465162,0.000366681208006728
1.74875,0.785350325124632,0.000366681208006728
1.748875,0.785349396378511,0.000366681208006728
1.749,0.785348469245395,0.000366994107358753
1.749125,0.785347543743787,0.000366994107358753
1.74925,0.785346619892092,0.000366994107358753
1.749375,0.7853456977086,0.000366994107358753
1.7495,0.78534477721148,0.000366994107358753
1.749625,0.785343858418765,0.000366994107358753
1.74975,0.785342941348349,0.000366994107358753
1.749875,0.78534202601797,0.000366994107358753
1.75,0.785341112445202,0.000366245367319407
1.750125,0.785340200647446,0.000366245367319407
1.75025,0.785339290641918,0.000366245367319407
1.750375,0.78533838244564,0.000366245367319407
1.7505,0.785337476075431,0.000366245367319407
1.750625,0.785336571547894,0.000366245367319407
1.75075,0.785335668879411,0.000366245367319407
1.750875,0.785334768086134,0.000366245367319407
1.751,0.785333869183971,0.000640387217197659
1.751125,0.785332972188687,0.000640387217197659
1.75125,0.785332077116346,0.000640387217197659
1.751375,0.785331183983206,0.000640387217197659
1.7515,0.785330292805645,0.000640387217197659
1.751625,0.785329403600148,0.000640387217197659
1.75175,0.785328516383293,0.000640387217197659
1.751875,0.785327631171747,0.000640387217197659
1.752,0.785326747982253,0.000639373074544029
1.752125,0.785325866831619,0.000639373074544029
1.75225,0.785324987736707,0.000639373074544029
1.752375,0.785324110714421,0.000639373074544029
1.7525,0.785323235781701,0.000639373074544029
1.752625,0.78532236295551,0.000639373074544029
1.75275,0.785321492252824,0.000639373074544029
1.752875,0.785320623690623,0.000639373074544029
1.753,0.785319757285879,0.000637392898322166
1.753125,0.785318893055545,0.000637392898322166
1.75325,0.785318031016547,0.000637392898322166
1.753375,0.785317171185765,0.000637392898322166
1.7535,0.785316313580033,0.000637392898322166
1.753625,0.785315458216122,0.000637392898322166
1.75375,0.785314605110734,0.000637392898322166
1.753875,0.78531375428049,0.000637392898322166
1.754,0.785312905741924,0.000634405157366812
1.754125,0.785312059511464,0.000634405157366812
1.75425,0.785311215605428,0.000634405157366812
1.754375,0.785310374040008,0.000634405157366812
1.7545,0.785309534831261,0.000634405157366812
1.754625,0.785308697995104,0.000634405157366812
1.75475,0.785307863547304,0.000634405157366812
1.754875,0.785307031503465,0.000634405157366812
1.755,0.785306201879022,0.000630395950710991
1.755125,0.785305374689231,0.000630395950710991
1.75525,0.785304549949149,0.000630395950710991
1.755375,0.785303727673634,0.000630395950710991
1.7555,0.78530290787733,0.000630395950710991
1.755625,0.785302090574664,0.000630395950710991
1.75575,0.785301275779834,0.000630395950710991
1.755875,0.785300463506804,0.000630395950710991
1.756,0.785299653769293,0.000889787200353542
1.756125,0.785298846580869,0.000889787200353542
1.75625,0.785298041955364,0.000889787200353542
1.756375,0.785297239906785,0.000889787200353542
1.7565,0.785296440449237,0.000889787200353542
1.756625,0.78529564359691,0.000889787200353542
1.75675,0.785294849364074,0.000889787200353542
1.756875,0.785294057765069,0.000889787200353542
1.757,0.785293268814294,0.000885535233565533
1.757125,0.7852924825262,0.000885535233565533
1.75725,0.78529169891527,0.000885535233565533
1.757375,0.785290917996013,0.000885535233565533
1.7575,0.785290139782957,0.000885535233565533
1.757625,0.78528936429064,0.000885535233565533
1.75775,0.785288591533596,0.000885535233565533
1.757875,0.785287821526355,0.000885535233565533
1.758,0.785287054283427,0.000880373791166929
1.758125,0.785286289819291,0.000880373791166929
1.75825,0.785285528148383,0.000880373791166929
1.758375,0.785284769285083,0.000880373791166929
1.7585,0.785284013243712,0.000880373791166929
1.758625,0.785283260038519,0.000880373791166929
1.75875,0.785282509683676,0.000880373791166929
1.758875,0.785281762193267,0.000880373791166929
1.759,0.785281017581281,0.00087426986536477
1.759125,0.7852802758616,0.00087426986536477
1.75925,0.78527953704798,0.00087426986536477
1.759375,0.785278801154046,0.00087426986536477
1.7595,0.785278068193285,0.00087426986536477
1.759625,0.785277338179039,0.00087426986536477
1.75975,0.785276611124493,0.00087426986536477
1.759875,0.785275887042671,0.00087426986536477
1.76,0.785275165946427,0.000867216564540629
1.760125,0.785274447848433,0.000867216564540629
1.76025,0.785273732761163,0.000867216564540629
1.760375,0.785273020696886,0.000867216564540629
1.7605,0.785272311667657,0.000867216564540629
1.760625,0.785271605685317,0.000867216564540629
1.76075,0.78527090276148,0.000867216564540629
1.760875,0.785270202907529,0.000867216564540629
1.761,0.785269506134609,0.00110386938779793
1.761125,0.785268812453708,0.00110386938779793
1.76125,0.785268121876045,0.00110386938779793
1.761375,0.785267434412979,0.00110386938779793
1.7615,0.785266750075945,0.00110386938779793
1.761625,0.785266068876445,0.00110386938779793
1.76175,0.785265390826038,0.00110386938779793
1.761875,0.785264715936336,0.00110386938779793
1.762,0.785264044218993,0.0010966031834492
1.762125,0.785263375685695,0.0010966031834492
1.76225,0.785262710348145,0.0010966031834492
1.762375,0.78526204821805,0.0010966031834492
1.7625,0.78526138930712,0.0010966031834492
1.762625,0.785260733627062,0.0010966031834492
1.76275,0.785260081189568,0.0010966031834492
1.762875,0.78525943200631,0.0010966031834492
1.763,0.785258786088931,0.00108851192892341
1.763125,0.785258143449037,0.00108851192892341
1.76325,0.785257504098173,0.00108851192892341
1.763375,0.78525686804782,0.00108851192892341
1.7635,0.78525623530939,0.00108851192892341
1.763625,0.785255605894217,0.00108851192892341
1.76375,0.785254979813552,0.00108851192892341
1.763875,0.785254357078554,0.00108851192892341
1.764,0.785253737700284,0.00107957198099237
1.764125,0.785253121689694,0.00107957198099237
1.76425,0.785252509057605,0.00107957198099237
1.764375,0.785251899814703,0.00107957198099237
1.7645,0.785251293971536,0.00107957198099237
1.764625,0.785250691538505,0.00107957198099237
1.76475,0.78525009252586,0.00107957198099237
1.764875,0.785249496943692,0.00107957198099237
1.765,0.785248904801926,0.00106978349504698
1.765125,0.785248316110313,0.00106978349504698
1.76525,0.785247730878403,0.00106978349504698
1.765375,0.785247149115551,0.00106978349504698
1.7655,0.785246570830904,0.00106978349504698
1.765625,0.785245996033402,0.00106978349504698
1.76575,0.785245424731768,0.00106978349504698
1.765875,0.785244856934505,0.00106978349504698
1.766,0.78524429264989,0.00127665528189653
1.766125,0.785243731886049,0.00127665528189653
1.76625,0.78524317465129,0.00127665528189653
1.766375,0.785242620954029,0.00127665528189653
1.7665,0.785242070802735,0.00127665528189653
1.766625,0.785241524205918,0.00127665528189653
1.76675,0.785240981172127,0.00127665528189653
1.766875,0.785240441709941,0.00127665528189653
1.767,0.785239905827965,0.00126668980934277
1.767125,0.78523937353482,0.00126668980934277
1.76725,0.78523884483912,0.00126668980934277
1.767375,0.785238319749467,0.00126668980934277
1.7675,0.785237798274452,0.00126668980934277
1.767625,0.785237280422646,0.00126668980934277
1.76775,0.785236766202595,0.00126668980934277
1.767875,0.785236255622812,0.00126668980934277
1.768,0.785235748691777,0.00125600811765721
1.768125,0.785235245417919,0.00125600811765721
1.76825,0.785234745809598,0.00125600811765721
1.768375,0.785234249875102,0.00125600811765721
1.7685,0.785233757622643,0.00125600811765721
1.768625,0.78523326906035,0.00125600811765721
1.76875,0.785232784196267,0.00125600811765721
1.768875,0.785232303038345,0.00125600811765721
1.769,0.785231825594437,0.00124459644479552
1.769125,0.78523135187229,0.00124459644479552
1.76925,0.785230881879516,0.00124459644479552
1.769375,0.785230415623597,0.00124459644479552
1.7695,0.785229953111877,0.00124459644479552
1.769625,0.785229494351561,0.00124459644479552
1.76975,0.785229039349708,0.00124459644479552
1.769875,0.785228588113228,0.00124459644479552
1.77,0.785228140648875,0.00123246180230588
1.770125,0.785227696963237,0.00123246180230588
1.77025,0.785227257062717,0.00123246180230588
1.770375,0.785226820953525,0.00123246180230588
1.7705,0.785226388641683,0.00123246180230588
1.770625,0.785225960133018,0.00123246180230588
1.77075,0.785225535433156,0.00123246180230588
1.770875,0.785225114547523,0.00123246180230588
1.771,0.785224697481337,0.00140365756154074
1.771125,0.785224284239674,0.00140365756154074
1.77125,0.78522387482774,0.00140365756154074
1.771375,0.785223469250815,0.00140365756154074
1.7715,0.785223067514204,0.00140365756154074
1.771625,0.785222669623233,0.00140365756154074
1.77175,0.785222275583242,0.00140365756154074
1.771875,0.785221885399581,0.00140365756154074
1.772,0.785221499077611,0.00139138659072987
1.772125,0.785221116622686,0.00139138659072987
1.77225,0.785220738040138,0.00139138659072987
1.772375,0.785220363335267,0.00139138659072987
1.7725,0.78521999251335,0.00139138659072987
1.772625,0.785219625579629,0.00139138659072987
1.77275,0.785219262539311,0.00139138659072987
1.772875,0.78521890339756,0.00139138659072987
1.773,0.785218548159499,0.0013785284791207
1.773125,0.785218196830194,0.0013785284791207
1.77325,0.785217849414636,0.0013785284791207
1.773375,0.785217505917733,0.0013785284791207
1.7735,0.785217166344318,0.0013785284791207
1.773625,0.785216830699139,0.0013785284791207
1.77375,0.785216498986856,0.0013785284791207
1.773875,0.785216171212042,0.0013785284791207
1.774,0.785215847379173,0.00136507952979233
1.774125,0.785215527492622,0.00136507952979233
1.77425,0.785215211556636,0.00136507952979233
1.774375,0.785214899575332,0.00136507952979233
1.7745,0.7852145915527,0.00136507952979233
1.774625,0.7852142874926,0.00136507952979233
1.77475,0.785213987398757,0.00136507952979233
1.774875,0.78521369127476,0.00136507952979233
1.775,0.785213399124057,0.00135105320328234
1.775125,0.785213110949949,0.00135105320328234
1.77525,0.785212826755561,0.00135105320328234
1.775375,0.785212546543846,0.00135105320328234
1.7755,0.785212270317587,0.00135105320328234
1.775625,0.785211998079392,0.00135105320328234
1.77575,0.785211729831692,0.00135105320328234
1.775875,0.785211465576741,0.00135105320328234
1.776,0.785211205316611,0.00148198557181486
1.776125,0.785210949053243,0.00148198557181486
1.77625,0.785210696788655,0.00148198557181486
1.776375,0.785210448524906,0.00148198557181486
1.7765,0.785210204264048,0.00148198557181486
1.776625,0.785209964008134,0.00148198557181486
1.77675,0.785209727759209,0.00148198557181486
1.776875,0.785209495519307,0.00148198557181486
1.777,0.785209267290454,0.00146786687954599
1.777125,0.785209043074656,0.00146786687954599
1.77725,0.785208822873873,0.00146786687954599
1.777375,0.785208606690023,0.00146786687954599
1.7775,0.785208394524983,0.00146786687954599
1.777625,0.785208186380586,0.00146786687954599
1.77775,0.785207982258619,0.00146786687954599
1.777875,0.78520778216082,0.00146786687954599
1.778,0.785207586088878,0.00145330566996176
1.778125,0.785207394044424,0.00145330566996176
1.77825,0.785207206029002,0.00145330566996176
1.778375,0.785207022044077,0.00145330566996176
1.7785,0.785206842091033,0.00145330566996176
1.778625,0.785206666171172,0.00145330566996176
1.77875,0.785206494285712,0.00145330566996176
1.778875,0.785206326435786,0.00145330566996176
1.779,0.78520616262244,0.00143830816537125
1.779125,0.785206002846623,0.00143830816537125
1.77925,0.785205847109165,0.00143830816537125
1.779375,0.785205695410776,0.00143830816537125
1.7795,0.785205547752052,0.00143830816537125
1.779625,0.785205404133471,0.00143830816537125
1.77975,0.785205264555391,0.00143830816537125
1.779875,0.785205129018055,0.00143830816537125
1.78,0.785204997521579,0.00142289367067456
1.780125,0.785204870065955,0.00142289367067456
1.78025,0.785204746651019,0.00142289367067456
1.780375,0.785204627276458,0.00142289367067456
1.7805,0.78520451194181,0.00142289367067456
1.780625,0.785204400646466,0.00142289367067456
1.78075,0.785204293389666,0.00142289367067456
1.780875,0.785204190170505,0.00142289367067456
1.781,0.785204090987925,0.00151039647384699
1.781125,0.785203995840751,0.00151039647384699
1.78125,0.785203904727836,0.00151039647384699
1.781375,0.78520381764803,0.00151039647384699
1.7815,0.785203734600158,0.00151039647384699
1.781625,0.785203655583018,0.00151039647384699
1.78175,0.785203580595378,0.00151039647384699
1.781875,0.785203509635983,0.00151039647384699
1.782,0.785203442703545,0.00149493537443392
1.782125,0.785203379796743,0.00149493537443392
1.78225,0.785203320914194,0.00149493537443392
1.782375,0.78520326605446,0.00149493537443392
1.7825,0.785203215216048,0.00149493537443392
1.782625,0.785203168397412,0.00149493537443392
1.78275,0.785203125596953,0.00149493537443392
1.782875,0.785203086813017,0.00149493537443392
1.783,0.785203052043896,0.00147918684654491
1.783125,0.785203021287819,0.00147918684654491
1.78325,0.785202994542932,0.00147918684654491
1.783375,0.785202971807295,0.00147918684654491
1.7835,0.785202953078892,0.00147918684654491
1.783625,0.785202938355627,0.00147918684654491
1.78375,0.785202927635328,0.00147918684654491
1.783875,0.785202920915744,0.00147918684654491
1.784,0.785202918194545,0.00146316656941433
1.784125,0.785202919469316,0.00146316656941433
1.78425,0.785202924737536,0.00146316656941433
1.784375,0.785202933996573,0.00146316656941433
1.7845,0.785202947243699,0.00146316656941433
1.784625,0.785202964476085,0.00146316656941433
1.78475,0.785202985690801,0.00146316656941433
1.784875,0.785203010884821,0.00146316656941433
1.785,0.785203040055016,0.00144689891495312
1.785125,0.785203073198157,0.00144689891495312
1.78525,0.785203110310883,0.00144689891495312
1.785375,0.785203151389708,0.00144689891495312
1.7855,0.785203196431029,0.00144689891495312
1.785625,0.785203245431123,0.00144689891495312
1.78575,0.785203298386151,0.00144689891495312
1.785875,0.785203355292158,0.00144689891495312
1.786,0.785203416145073,0.00148929183420217
1.786125,0.785203480940728,0.00148929183420217
1.78625,0.78520354967493,0.00148929183420217
1.786375,0.785203622343444,0.00148929183420217
1.7865,0.785203698941987,0.00148929183420217
1.786625,0.785203779466229,0.00148929183420217
1.78675,0.785203863911791,0.00148929183420217
1.786875,0.785203952274249,0.00148929183420217
1.787,0.785204044549136,0.00147302361040113
1.787125,0.785204140731932,0.00147302361040113
1.78725,0.785204240818047,0.00147302361040113
1.787375,0.785204344802817,0.00147302361040113
1.7875,0.78520445268152,0.00147302361040113
1.787625,0.785204564449369,0.00147302361040113
1.78775,0.785204680101521,0.00147302361040113
1.787875,0.785204799633071,0.00147302361040113
1.788,0.78520492303906,0.0014566282288413
1.788125,0.785205050314465,0.0014566282288413
1.78825,0.785205181454177,0.0014566282288413
1.788375,0.785205316453009,0.0014566282288413
1.7885,0.785205455305698,0.0014566282288413
1.788625,0.785205598006909,0.0014566282288413
1.78875,0.785205744551238,0.0014566282288413
1.788875,0.785205894933211,0.0014566282288413
1.789,0.785206049147288,0.00144013007025212
1.789125,0.785206207187859,0.00144013007025212
1.78925,0.785206369049217,0.00144013007025212
1.789375,0.785206534725565,0.00144013007025212
1.7895,0.785206704211027,0.00144013007025212
1.789625,0.785206877499643,0.00144013007025212
1.78975,0.785207054585379,0.00144013007025212
1.789875,0.785207235462121,0.00144013007025212
1.79,0.785207420123686,0.00142355765314033
1.790125,0.785207608563809,0.00142355765314033
1.79025,0.785207800776126,0.00142355765314033
1.790375,0.785207996754178,0.00142355765314033
1.7905,0.785208196491417,0.00142355765314033
1.790625,0.78520839998121,0.00142355765314033
1.79075,0.785208607216842,0.00142355765314033
1.790875,0.785208818191518,0.00142355765314033
1.791,0.785209032898366,0.00142066120857504
1.791125,0.785209251330437,0.00142066120857504
1.79125,0.785209473480707,0.00142066120857504
1.791375,0.785209699342076,0.00142066120857504
1.7915,0.785209928907374,0.00142066120857504
1.791625,0.785210162169363,0.00142066120857504
1.79175,0.785210399120742,0.00142066120857504
1.791875,0.785210639754147,0.00142066120857504
1.792,0.785210884062157,0.00140413303898942
1.792125,0.785211132037287,0.00140413303898942
1.79225,0.785211383671968,0.00140413303898942
1.792375,0.785211638958551,0.00140413303898942
1.7925,0.78521189788932,0.00140413303898942
1.792625,0.785212160456488,0.00140413303898942
1.79275,0.785212426652208,0.00140413303898942
1.792875,0.785212696468571,0.00140413303898942
1.793,0.785212969897611,0.00138763785303535
1.793125,0.785213246931301,0.00138763785303535
1.79325,0.785213527561532,0.00138763785303535
1.793375,0.785213811780118,0.00138763785303535
1.7935,0.785214099578806,0.00138763785303535
1.793625,0.785214390949281,0.00138763785303535
1.79375,0.785214685883165,0.00138763785303535
1.793875,0.785214984372026,0.00138763785303535
1.794,0.785215286407376,0.00137120771651886
1.794125,0.785215591980673,0.00137120771651886
1.79425,0.785215901083296,0.00137120771651886
1.794375,0.785216213706553,0.00137120771651886
1.7945,0.785216529841691,0.00137120771651886
1.794625,0.785216849479897,0.00137120771651886
1.79475,0.785217172612305,0.00137120771651886
1.794875,0.785217499229999,0.00137120771651886
1.795,0.785217829324016,0.00135487426456186
1.795125,0.785218162885341,0.00135487426456186
1.79525,0.785218499904892,0.00135487426456186
1.795375,0.78521884037352,0.00135487426456186
1.7955,0.785219184282024,0.00135487426456186
1.795625,0.785219531621153,0.00135487426456186
1.79575,0.785219882381607,0.00135487426456186
1.795875,0.785220236554047,0.00135487426456186
1.796,0.785220594129094,0.001307975949508
1.796125,0.785220955097318,0.001307975949508
1.79625,0.785221319449164,0.001307975949508
1.796375,0.785221687174971,0.001307975949508
1.7965,0.785222058264991,0.001307975949508
1.796625,0.78522243270939,0.001307975949508
1.79675,0.785222810498256,0.001307975949508
1.796875,0.785223191621601,0.001307975949508
1.797,0.785223576069367,0.00129172892929347
1.797125,0.785223963831424,0.00129172892929347
1.79725,0.785224354897548,0.00129172892929347
1.797375,0.785224749257431,0.00129172892929347
1.7975,0.785225146900688,0.00129172892929347
1.797625,0.785225547816867,0.00129172892929347
1.79775,0.785225951995447,0.00129172892929347
1.797875,0.785226359425851,0.00129172892929347
1.798,0.785226770097441,0.00127566973805719
1.798125,0.785227183999527,0.00127566973805719
1.79825,0.785227601121337,0.00127566973805719
1.798375,0.785228021452034,0.00127566973805719
1.7985,0.785228444980719,0.00127566973805719
1.798625,0.785228871696442,0.00127566973805719
1.79875,0.785229301588203,0.00127566973805719
1.798875,0.78522973464496,0.00127566973805719
1.799,0.78523017085563,0.00125983688898827
1.799125,0.785230610209092,0.00125983688898827
1.79925,0.785231052694167,0.00125983688898827
1.799375,0.785231498299624,0.00125983688898827
1.7995,0.785231947014192,0.00125983688898827
1.799625,0.785232398826565,0.00125983688898827
1.79975,0.785232853725408,0.00125983688898827
1.799875,0.785233311699361,0.00125983688898827
1.8,0.785233772737045,0.00124426403042787
1.800125,0.785234236827061,0.00124426403042787
1.80025,0.78523470395797,0.00124426403042787
1.800375,0.785235174118304,0.00124426403042787
1.8005,0.785235647296574,0.00124426403042787
1.800625,0.785236123481278,0.00124426403042787
1.80075,0.785236602660901,0.00124426403042787
1.800875,0.785237084823927,0.00124426403042787
1.801,0.785237569958842,0.00115603798751215
1.801125,0.785238058054101,0.00115603798751215
1.80125,0.785238549097996,0.00115603798751215
1.801375,0.785239043078685,0.00115603798751215
1.8015,0.785239539984223,0.00115603798751215
1.801625,0.785240039802567,0.00115603798751215
1.80175,0.785240542521583,0.00115603798751215
1.801875,0.785241048129051,0.00115603798751215
1.802,0.78524155661267,0.00114058982047206
1.802125,0.785242067960062,0.00114058982047206
1.80225,0.785242582158748,0.00114058982047206
1.802375,0.785243099196163,0.00114058982047206
1.8025,0.785243619059662,0.00114058982047206
1.802625,0.785244141736532,0.00114058982047206
1.80275,0.785244667213993,0.00114058982047206
1.802875,0.785245195479206,0.00114058982047206
1.803,0.785245726519281,0.00112547417248319
1.803125,0.785246260321276,0.00112547417248319
1.80325,0.785246796872177,0.00112547417248319
1.803375,0.785247336158913,0.00112547417248319
1.8035,0.785247878168364,0.00112547417248319
1.803625,0.785248422887366,0.00112547417248319
1.80375,0.785248970302722,0.00112547417248319
1.803875,0.785249520401205,0.00112547417248319
1.804,0.785250073169564,0.00111073459095512
1.804125,0.785250628594528,0.00111073459095512
1.80425,0.785251186662785,0.00111073459095512
1.804375,0.785251747360995,0.00111073459095512
1.8045,0.785252310675801,0.00111073459095512
1.804625,0.785252876593835,0.00111073459095512
1.80475,0.785253445101723,0.00111073459095512
1.804875,0.785254016186093,0.00111073459095512
1.805,0.785254589833581,0.00109640559819997
1.805125,0.785255166030835,0.00109640559819997
1.80525,0.785255744764492,0.00109640559819997
1.805375,0.785256326021195,0.00109640559819997
1.8055,0.785256909787599,0.00109640559819997
1.805625,0.785257496050379,0.00109640559819997
1.80575,0.78525808479624,0.00109640559819997
1.805875,0.785258676011916,0.00109640559819997
1.806,0.785259269684185,0.000970789656615796
1.806125,0.785259865799818,0.000970789656615796
1.80625,0.785260464345387,0.000970789656615796
1.806375,0.78526106530731,0.000970789656615796
1.8065,0.785261668671889,0.000970789656615796
1.806625,0.785262274425319,0.000970789656615796
1.80675,0.785262882553693,0.000970789656615796
1.806875,0.785263493043013,0.000970789656615796
1.807,0.785264105879193,0.000956618559804538
1.807125,0.785264721048065,0.000956618559804538
1.80725,0.785265338535358,0.000956618559804538
1.807375,0.785265958326714,0.000956618559804538
1.8075,0.785266580407697,0.000956618559804538
1.807625,0.785267204763804,0.000956618559804538
1.80775,0.785267831380465,0.000956618559804538
1.807875,0.785268460243058,0.000956618559804538
1.808,0.785269091336912,0.000942910113857895
1.808125,0.785269724647313,0.000942910113857895
1.80825,0.785270360159484,0.000942910113857895
1.808375,0.785270997858602,0.000942910113857895
1.8085,0.785271637729805,0.000942910113857895
1.808625,0.785272279758203,0.000942910113857895
1.80875,0.785272923928883,0.000942910113857895
1.808875,0.785273570226918,0.000942910113857895
1.809,0.785274218637376,0.000929711362031585
1.809125,0.785274869145317,0.000929711362031585
1.80925,0.785275521735787,0.000929711362031585
1.809375,0.785276176393823,0.000929711362031585
1.8095,0.785276833104466,0.000929711362031585
1.809625,0.785277491852772,0.000929711362031585
1.80975,0.785278152623814,0.000929711362031585
1.809875,0.785278815402695,0.000929711362031585
1.81,0.785279480174549,0.000917056563233713
1.810125,0.785280146924552,0.000917056563233713
1.81025,0.7852808156379,0.000917056563233713
1.810375,0.785281486299828,0.000917056563233713
1.8105,0.785282158895615,0.000917056563233713
1.810625,0.785282833410595,0.000917056563233713
1.81075,0.785283509830163,0.000917056563233713
1.810875,0.785284188139782,0.000917056563233713
1.811,0.785284868324992,0.000759091727247533
1.811125,0.785285550371352,0.000759091727247533
1.81125,0.785286234264196,0.000759091727247533
1.811375,0.785286919988681,0.000759091727247533
1.8115,0.785287607529848,0.000759091727247533
1.811625,0.785288296872621,0.000759091727247533
1.81175,0.785288988001818,0.000759091727247533
1.811875,0.785289680902159,0.000759091727247533
1.812,0.785290375558278,0.000746622035673829
1.812125,0.785291071954718,0.000746622035673829
1.81225,0.785291770075927,0.000746622035673829
1.812375,0.785292469906265,0.000746622035673829
1.8125,0.785293171430018,0.000746622035673829
1.812625,0.785293874631406,0.000746622035673829
1.81275,0.785294579494589,0.000746622035673829
1.812875,0.785295286003681,0.000746622035673829
1.813,0.785295994142753,0.000734726751866261
1.813125,0.785296703895837,0.000734726751866261
1.81325,0.785297415246918,0.000734726751866261
1.813375,0.785298128179945,0.000734726751866261
1.8135,0.785298842678843,0.000734726751866261
1.813625,0.785299558727518,0.000734726751866261
1.81375,0.785300276309871,0.000734726751866261
1.813875,0.785300995409802,0.000734726751866261
1.814,0.785301716011221,0.000723454804311556
1.814125,0.785302438098051,0.000723454804311556
1.81425,0.785303161654217,0.000723454804311556
1.814375,0.78530388666366,0.000723454804311556
1.8145,0.785304613110347,0.000723454804311556
1.814625,0.785305340978279,0.000723454804311556
1.81475,0.785306070251502,0.000723454804311556
1.814875,0.785306800914112,0.000723454804311556
1.815,0.785307532950263,0.000712839089681022
1.815125,0.785308266344175,0.000712839089681022
1.81525,0.785309001080122,0.000712839089681022
1.815375,0.785309737142441,0.000712839089681022
1.8155,0.785310474515549,0.000712839089681022
1.815625,0.785311213183947,0.000712839089681022
1.81575,0.785311953132227,0.000712839089681022
1.815875,0.785312694345083,0.000712839089681022
1.816,0.785313436807316,0.000528477646419036
1.816125,0.785314180503774,0.000528477646419036
1.81625,0.785314925419054,0.000528477646419036
1.816375,0.785315671537572,0.000528477646419036
1.8165,0.785316418843619,0.000528477646419036
1.816625,0.785317167321369,0.000528477646419036
1.81675,0.785317916954889,0.000528477646419036
1.816875,0.785318667728147,0.000528477646419036
1.817,0.785319419625022,0.000518067537609095
1.817125,0.785320172629305,0.000518067537609095
1.81725,0.785320926724698,0.000518067537609095
1.817375,0.785321681894816,0.000518067537609095
1.8175,0.78532243812321,0.000518067537609095
1.817625,0.785323195393365,0.000518067537609095
1.81775,0.78532395368872,0.000518067537609095
1.817875,0.785324712992666,0.000518067537609095
1.818,0.785325473288563,0.000508322095957303
1.818125,0.785326234559742,0.000508322095957303
1.81825,0.785326996789499,0.000508322095957303
1.818375,0.785327759961104,0.000508322095957303
1.8185,0.78532852405782,0.000508322095957303
1.818625,0.785329289062902,0.000508322095957303
1.81875,0.785330054959614,0.000508322095957303
1.818875,0.785330821731235,0.000508322095957303
1.819,0.785331589361068,0.000499290506232167
1.819125,0.785332357832445,0.000499290506232167
1.81925,0.785333127128722,0.000499290506232167
1.819375,0.78533389723329,0.000499290506232167
1.8195,0.785334668129587,0.000499290506232167
1.819625,0.785335439801107,0.000499290506232167
1.81975,0.785336212231407,0.000499290506232167
1.819875,0.785336985404117,0.000499290506232167
1.82,0.78533775930295,0.000491003277033763
1.820125,0.785338533911705,0.000491003277033763
1.82025,0.785339309214262,0.000491003277033763
1.820375,0.785340085194595,0.000491003277033763
1.8205,0.785340861836782,0.000491003277033763
1.820625,0.785341639125012,0.000491003277033763
1.82075,0.785342417043595,0.000491003277033763
1.820875,0.785343195576969,0.000491003277033763
1.821,0.78534397470971,0.000286892546601099
1.821125,0.785344754426457,0.000286892546601099
1.82125,0.785345534711593,0.000286892546601099
1.821375,0.78534631554931,0.000286892546601099
1.8215,0.785347096923679,0.000286892546601099
1.821625,0.785347878818655,0.000286892546601099
1.82175,0.785348661218087,0.000286892546601099
1.821875,0.785349444105728,0.000286892546601099
1.822,0.785350227465245,0.000278824225257475
1.822125,0.785351011280219,0.000278824225257475
1.82225,0.785351795534148,0.000278824225257475
1.822375,0.785352580210458,0.000278824225257475
1.8225,0.785353365292509,0.000278824225257475
1.822625,0.78535415076361,0.000278824225257475
1.82275,0.785354936607024,0.000278824225257475
1.822875,0.785355722805981,0.000278824225257475
1.823,0.785356509343686,0.000271486986884287
1.823125,0.785357296203323,0.000271486986884287
1.82325,0.785358083368056,0.000271486986884287
1.823375,0.785358870821037,0.000271486986884287
1.8235,0.785359658545422,0.000271486986884287
1.823625,0.785360446524374,0.000271486986884287
1.82375,0.785361234741079,0.000271486986884287
1.823875,0.785362023178748,0.000271486986884287
1.824,0.785362811820633,0.000264928678325156
1.824125,0.785363600650031,0.000264928678325156
1.82425,0.785364389650278,0.000264928678325156
1.824375,0.785365178804768,0.000264928678325156
1.8245,0.785365968096959,0.000264928678325156
1.824625,0.785366757510381,0.000264928678325156
1.82475,0.785367547028649,0.000264928678325156
1.824875,0.785368336635468,0.000264928678325156
1.825,0.785369126314645,0.000259176498464829
1.825125,0.785369916050093,0.000259176498464829
1.82525,0.785370705825831,0.000259176498464829
1.825375,0.785371495625994,0.000259176498464829
1.8255,0.785372285434845,0.000259176498464829
1.825625,0.785373075236782,0.000259176498464829
1.82575,0.785373865016344,0.000259176498464829
1.825875,0.785374654758224,0.000259176498464829
1.826,0.785375444447275,4.242585566037e-05
1.826125,0.785376234068431,4.242585566037e-05
1.82625,0.785377023606367,4.242585566037e-05
1.826375,0.785377813045571,4.242585566037e-05
1.8265,0.785378602370413,4.242585566037e-05
1.826625,0.785379391565152,4.242585566037e-05
1.82675,0.785380180613948,4.242585566037e-05
1.826875,0.785380969500868,4.242585566037e-05
1.827,0.785381758209897,3.68984502972029e-05
1.827125,0.785382546724946,3.68984502972029e-05
1.82725,0.785383335029849,3.68984502972029e-05
1.827375,0.785384123108376,3.68984502972029e-05
1.8275,0.785384910944243,3.68984502972029e-05
1.827625,0.785385698521123,3.68984502972029e-05
1.82775,0.785386485822654,3.68984502972029e-05
1.827875,0.785387272832446,3.68984502972029e-05
1.828,0.785388059534096,3.2143185826592e-05
1.828125,0.785388845911188,3.2143185826592e-05
1.82825,0.785389631947301,3.2143185826592e-05
1.828375,0.785390417626017,3.2143185826592e-05
1.8285,0.785391202930931,3.2143185826592e-05
1.828625,0.78539198784566,3.2143185826592e-05
1.82875,0.785392772353854,3.2143185826592e-05
1.828875,0.785393556439206,3.2143185826592e-05
1.829,0.785394340085455,2.82050622572694e-05
1.829125,0.785395123276401,2.82050622572694e-05
1.82925,0.785395905995904,2.82050622572694e-05
1.829375,0.785396688227894,2.82050622572694e-05
1.8295,0.785397469956381,2.82050622572694e-05
1.829625,0.785398251165466,2.82050622572694e-05
1.82975,0.785399031839345,2.82050622572694e-05
1.829875,0.785399811962326,2.82050622572694e-05
1.83,0.785400591518827,2.51071783097091e-05
1.830125,0.785401370493394,2.51071783097091e-05
1.83025,0.785402148870694,2.51071783097091e-05
1.830375,0.785402926635535,2.51071783097091e-05
1.8305,0.785403703772866,2.51071783097091e-05
1.830625,0.78540448026779,2.51071783097091e-05
1.83075,0.785405256105573,2.51071783097091e-05
1.830875,0.785406031271647,2.51071783097091e-05
1.831,0.785406805751623,-0.000196953684816255
1.831125,0.785407579531212,-0.000196953684816255
1.83125,0.785408352595866,-0.000196953684816255
1.831375,0.785409124930862,-0.000196953684816255
1.8315,0.785409896521365,-0.000196953684816255
1.831625,0.785410667352441,-0.000196953684816255
1.83175,0.78541143740906,-0.000196953684816255
1.831875,0.785412206676112,-0.000196953684816255
1.832,0.785412975138411,-0.000199828355522685
1.832125,0.785413742780703,-0.000199828355522685
1.83225,0.785414509587672,-0.000199828355522685
1.832375,0.785415275543951,-0.000199828355522685
1.8325,0.785416040634126,-0.000199828355522685
1.832625,0.785416804842752,-0.000199828355522685
1.83275,0.785417568154358,-0.000199828355522685
1.832875,0.785418330553456,-0.000199828355522685
1.833,0.785419092024552,-0.000201915840931869
1.833125,0.785419852552151,-0.000201915840931869
1.83325,0.785420612120767,-0.000201915840931869
1.833375,0.785421370714927,-0.000201915840931869
1.8335,0.785422128319186,-0.000201915840931869
1.833625,0.785422884918132,-0.000201915840931869
1.83375,0.785423640496395,-0.000201915840931869
1.833875,0.785424395038659,-0.000201915840931869
1.834,0.785425148529668,-0.000203175365020155
1.834125,0.785425900954234,-0.000203175365020155
1.83425,0.785426652297244,-0.000203175365020155
1.834375,0.785427402543672,-0.000203175365020155
1.8345,0.785428151678581,-0.000203175365020155
1.834625,0.78542889968714,-0.000203175365020155
1.83475,0.785429646554625,-0.000203175365020155
1.834875,0.785430392266432,-0.000203175365020155
1.835,0.785431136808081,-0.000203588566429823
1.835125,0.78543188016523,-0.000203588566429823
1.83525,0.785432622323677,-0.000203588566429823
1.835375,0.785433363269369,-0.000203588566429823
1.8355,0.785434102988414,-0.000203588566429823
1.835625,0.785434841467081,-0.000203588566429823
1.83575,0.785435578691817,-0.000203588566429823
1.835875,0.785436314649247,-0.000203588566429823
1.836,0.785437049326185,-0.00042365209879317
1.836125,0.785437782709555,-0.00042365209879317
1.83625,0.785438514786041,-0.00042365209879317
1.836375,0.78543924554216,-0.00042365209879317
1.8365,0.785439974964332,-0.00042365209879317
1.836625,0.785440703038887,-0.00042365209879317
1.83675,0.785441429752074,-0.00042365209879317
1.836875,0.785442155090069,-0.00042365209879317
1.837,0.785442879038982,-0.000423850829001711
1.837125,0.785443601584868,-0.000423850829001711
1.83725,0.785444322713733,-0.000423850829001711
1.837375,0.785445042411542,-0.000423850829001711
1.8375,0.78544576066423,-0.000423850829001711
1.837625,0.785446477457707,-0.000423850829001711
1.83775,0.78544719277787,-0.000423850829001711
1.837875,0.785447906610608,-0.000423850829001711
1.838,0.785448618941814,-0.000423273141484047
1.838125,0.785449329757389,-0.000423273141484047
1.83825,0.785450039043256,-0.000423273141484047
1.838375,0.785450746785365,-0.000423273141484047
1.8385,0.785451452969701,-0.000423273141484047
1.838625,0.785452157582295,-0.000423273141484047
1.83875,0.785452860609229,-0.000423273141484047
1.838875,0.785453562036648,-0.000423273141484047
1.839,0.785454261850762,-0.000421883688611217
1.839125,0.785454960037861,-0.000421883688611217
1.83925,0.785455656584322,-0.000421883688611217
1.839375,0.785456351476617,-0.000421883688611217
1.8395,0.78545704470132,-0.000421883688611217
1.839625,0.785457736245115,-0.000421883688611217
1.83975,0.785458426094806,-0.000421883688611217
1.839875,0.78545911423732,-0.000421883688611217
1.84,0.78545980065972,-0.000419669313813459
1.840125,0.785460485349206,-0.000419669313813459
1.84025,0.785461168293136,-0.000419669313813459
1.840375,0.785461849479023,-0.000419669313813459
1.8405,0.785462528894546,-0.000419669313813459
1.840625,0.785463206527559,-0.000419669313813459
1.84075,0.785463882366092,-0.000419669313813459
1.840875,0.785464556398365,-0.000419669313813459
1.841,0.785465228612788,-0.000630685439759379
1.841125,0.785465898997891,-0.000630685439759379
1.84125,0.785466567541982,-0.000630685439759379
1.841375,0.785467234233225,-0.000630685439759379
1.8415,0.785467899059699,-0.000630685439759379
1.841625,0.785468562009407,-0.000630685439759379
1.84175,0.785469223070285,-0.000630685439759379
1.841875,0.785469882230208,-0.000630685439759379
1.842,0.785470539476998,-0.000628272044135124
1.842125,0.785471194798432,-0.000628272044135124
1.84225,0.785471848182256,-0.000628272044135124
1.842375,0.785472499616186,-0.000628272044135124
1.8425,0.785473149087922,-0.000628272044135124
1.842625,0.785473796585151,-0.000628272044135124
1.84275,0.785474442095557,-0.000628272044135124
1.842875,0.785475085606823,-0.000628272044135124
1.843,0.785475727106649,-0.000625117780772617
1.843125,0.785476366582751,-0.000625117780772617
1.84325,0.785477004022877,-0.000625117780772617
1.843375,0.785477639414815,-0.000625117780772617
1.8435,0.785478272746398,-0.000625117780772617
1.843625,0.785478904005511,-0.000625117780772617
1.84375,0.785479533180099,-0.000625117780772617
1.843875,0.785480160258175,-0.000625117780772617
1.844,0.785480785227825,-0.000621193727788036
1.844125,0.785481408077219,-0.000621193727788036
1.84425,0.785482028794624,-0.000621193727788036
1.844375,0.785482647368408,-0.000621193727788036
1.8445,0.785483263787047,-0.000621193727788036
1.844625,0.785483878039135,-0.000621193727788036
1.84475,0.785484490113385,-0.000621193727788036
1.844875,0.785485099998639,-0.000621193727788036
1.845,0.785485707683877,-0.000616492220447024
1.845125,0.785486313158219,-0.000616492220447024
1.84525,0.785486916410944,-0.000616492220447024
1.845375,0.785487517431496,-0.000616492220447024
1.8455,0.785488116209483,-0.000616492220447024
1.845625,0.785488712734689,-0.000616492220447024
1.84575,0.785489306997077,-0.000616492220447024
1.845875,0.785489898986796,-0.000616492220447024
1.846,0.785490488694187,-0.000811889145715027
1.846125,0.785491076109712,-0.000811889145715027
1.84625,0.785491661223641,-0.000811889145715027
1.846375,0.785492244026119,-0.000811889145715027
1.8465,0.785492824507227,-0.000811889145715027
1.846625,0.785493402656984,-0.000811889145715027
1.84675,0.785493978465359,-0.000811889145715027
1.846875,0.785494551922272,-0.000811889145715027
1.847,0.785495123017604,-0.000807010099696363
1.847125,0.785495691741206,-0.000807010099696363
1.84725,0.78549625808291,-0.000807010099696363
1.847375,0.785496822032536,-0.000807010099696363
1.8475,0.785497383579898,-0.000807010099696363
1.847625,0.785497942714811,-0.000807010099696363
1.84775,0.785498499427094,-0.000807010099696363
1.847875,0.78549905370658,-0.000807010099696363
1.848,0.785499605543121,-0.000801448715889733
1.848125,0.785500154926596,-0.000801448715889733
1.84825,0.785500701846929,-0.000801448715889733
1.848375,0.78550124629409,-0.000801448715889733
1.8485,0.785501788258103,-0.000801448715889733
1.848625,0.78550232772905,-0.000801448715889733
1.84875,0.785502864697079,-0.000801448715889733
1.848875,0.785503399152409,-0.000801448715889733
1.849,0.785503931085336,-0.000795183261719559
1.849125,0.785504460486243,-0.000795183261719559
1.84925,0.785504987345615,-0.000795183261719559
1.849375,0.785505511654043,-0.000795183261719559
1.8495,0.785506033402228,-0.000795183261719559
1.849625,0.785506552580987,-0.000795183261719559
1.84975,0.78550706918126,-0.000795183261719559
1.849875,0.785507583194114,-0.000795183261719559
1.85,0.785508094610748,-0.000788211666456124
1.850125,0.785508603422504,-0.000788211666456124
1.85025,0.785509109620879,-0.000788211666456124
1.850375,0.785509613197535,-0.000788211666456124
1.8505,0.785510114144295,-0.000788211666456124
1.850625,0.785510612453153,-0.000788211666456124
1.85075,0.785511108116276,-0.000788211666456124
1.850875,0.785511601126011,-0.000788211666456124
1.851,0.785512091474889,-0.000962095414092747
1.851125,0.785512579155561,-0.000962095414092747
1.85125,0.785513064160522,-0.000962095414092747
1.851375,0.785513546482165,-0.000962095414092747
1.8515,0.785514026112838,-0.000962095414092747
1.851625,0.785514503044848,-0.000962095414092747
1.85175,0.785514977270463,-0.000962095414092747
1.851875,0.785515448781923,-0.000962095414092747
1.852,0.78551591757144,-0.000954972940679254
1.852125,0.785516383631209,-0.000954972940679254
1.85225,0.785516846953423,-0.000954972940679254
1.852375,0.78551730753028,-0.000954972940679254
1.8525,0.785517765353981,-0.000954972940679254
1.852625,0.78551822041674,-0.000954972940679254
1.85275,0.785518672710785,-0.000954972940679254
1.852875,0.785519122228368,-0.000954972940679254
1.853,0.785519568961766,-0.00094724714265463
1.853125,0.785520012903291,-0.00094724714265463
1.85325,0.785520454045308,-0.00094724714265463
1.853375,0.785520892380238,-0.00094724714265463
1.8535,0.785521327900558,-0.00094724714265463
1.853625,0.785521760598811,-0.00094724714265463
1.85375,0.785522190467607,-0.00094724714265463
1.853875,0.785522617499629,-0.00094724714265463
1.854,0.785523041687638,-0.000938903988052751
1.854125,0.785523463024481,-0.000938903988052751
1.85425,0.78552388150311,-0.000938903988052751
1.854375,0.785524297116584,-0.000938903988052751
1.8545,0.78552470985807,-0.000938903988052751
1.854625,0.785525119720848,-0.000938903988052751
1.85475,0.785525526698317,-0.000938903988052751
1.854875,0.785525930783997,-0.000938903988052751
1.855,0.785526331971534,-0.00092994691902506
1.855125,0.785526730254712,-0.00092994691902506
1.85525,0.785527125627463,-0.00092994691902506
1.855375,0.785527518083876,-0.00092994691902506
1.8555,0.785527907618195,-0.00092994691902506
1.855625,0.785528294224823,-0.00092994691902506
1.85575,0.785528677898328,-0.00092994691902506
1.855875,0.785529058633442,-0.00092994691902506
1.856,0.78552943642507,-0.00107727371452734
1.856125,0.785529811268233,-0.00107727371452734
1.85625,0.785530183157831,-0.00107727371452734
1.856375,0.785530552088694,-0.00107727371452734
1.8565,0.785530918055625,-0.00107727371452734
1.856625,0.785531281053403,-0.00107727371452734
1.85675,0.785531641076789,-0.00107727371452734
1.856875,0.785531998120528,-0.00107727371452734
1.857,0.785532352179353,-0.00106819660827719
1.857125,0.785532703247995,-0.00106819660827719
1.85725,0.785533051321199,-0.00106819660827719
1.857375,0.785533396393726,-0.00106819660827719
1.8575,0.785533738460356,-0.00106819660827719
1.857625,0.785534077515888,-0.00106819660827719
1.85775,0.785534413555148,-0.00106819660827719
1.857875,0.785534746572991,-0.00106819660827719
1.858,0.785535076564307,-0.00105861258175257
1.858125,0.785535403524022,-0.00105861258175257
1.85825,0.785535727447128,-0.00105861258175257
1.858375,0.785536048328672,-0.00105861258175257
1.8585,0.785536366163766,-0.00105861258175257
1.858625,0.785536680947588,-0.00105861258175257
1.85875,0.785536992675383,-0.00105861258175257
1.858875,0.78553730134247,-0.00105861258175257
1.859,0.785537606944243,-0.00104851555279056
1.859125,0.785537909476181,-0.00104851555279056
1.85925,0.785538208933864,-0.00104851555279056
1.859375,0.785538505312977,-0.00104851555279056
1.8595,0.785538798609308,-0.00104851555279056
1.859625,0.785539088818753,-0.00104851555279056
1.85975,0.785539375937317,-0.00104851555279056
1.859875,0.78553965996112,-0.00104851555279056
1.86,0.785539940886395,-0.00103791421946751
1.860125,0.785540218709501,-0.00103791421946751
1.86025,0.785540493426938,-0.00103791421946751
1.860375,0.785540765035351,-0.00103791421946751
1.8605,0.785541033531524,-0.00103791421946751
1.860625,0.785541298912389,-0.00103791421946751
1.86075,0.785541561175024,-0.00103791421946751
1.860875,0.785541820316655,-0.00103791421946751
1.861,0.785542076334662,-0.00115463087337138
1.861125,0.785542329226534,-0.00115463087337138
1.86125,0.785542578989678,-0.00115463087337138
1.861375,0.785542825621462,-0.00115463087337138
1.8615,0.785543069119247,-0.00115463087337138
1.861625,0.785543309480389,-0.00115463087337138
1.86175,0.785543546702244,-0.00115463087337138
1.861875,0.785543780782165,-0.00115463087337138
1.862,0.785544011717513,-0.00114394341762314
1.862125,0.785544239505654,-0.00114394341762314
1.86225,0.785544464143988,-0.00114394341762314
1.862375,0.785544685629942,-0.00114394341762314
1.8625,0.785544903960972,-0.00114394341762314
1.862625,0.785545119134566,-0.00114394341762314
1.86275,0.785545331148244,-0.00114394341762314
1.862875,0.785545539999563,-0.00114394341762314
1.863,0.785545745686118,-0.00113285926524928
1.863125,0.785545948205549,-0.00113285926524928
1.86325,0.785546147555562,-0.00113285926524928
1.863375,0.785546343733925,-0.00113285926524928
1.8635,0.785546536738471,-0.00113285926524928
1.863625,0.785546726567099,-0.00113285926524928
1.86375,0.785546913217774,-0.00113285926524928
1.863875,0.785547096688532,-0.00113285926524928
1.864,0.785547276977479,-0.00112138026985337
1.864125,0.785547454082801,-0.00112138026985337
1.86425,0.78554762800278,-0.00112138026985337
1.864375,0.785547798735799,-0.00112138026985337
1.8645,0.785547966280333,-0.00112138026985337
1.864625,0.785548130634956,-0.00112138026985337
1.86475,0.78554829179834,-0.00112138026985337
1.864875,0.785548449769261,-0.00112138026985337
1.865,0.785548604546592,-0.00110951996558734
1.865125,0.785548756129318,-0.00110951996558734
1.86525,0.785548904516552,-0.00110951996558734
1.865375,0.785549049707533,-0.00110951996558734
1.8655,0.785549191701626,-0.00110951996558734
1.865625,0.785549330498321,-0.00110951996558734
1.86575,0.785549466097234,-0.00110951996558734
1.865875,0.785549598498111,-0.00110951996558734
1.866,0.785549727700825,-0.00119266856321408
1.866125,0.785549853705348,-0.00119266856321408
1.86625,0.785549976511612,-0.00119266856321408
1.866375,0.785550096119543,-0.00119266856321408
1.8665,0.785550212529075,-0.00119266856321408
1.866625,0.78555032574016,-0.00119266856321408
1.86675,0.785550435752764,-0.00119266856321408
1.866875,0.785550542566867,-0.00119266856321408
1.867,0.785550646182469,-0.00118075794866803
1.867125,0.785550746599592,-0.00118075794866803
1.86725,0.785550843818302,-0.00118075794866803
1.867375,0.785550937838705,-0.00118075794866803
1.8675,0.785551028660946,-0.00118075794866803
1.867625,0.785551116285209,-0.00118075794866803
1.86775,0.785551200711718,-0.00118075794866803
1.867875,0.785551281940741,-0.00118075794866803
1.868,0.785551359972584,-0.00116857075681485
1.868125,0.785551434807604,-0.00116857075681485
1.86825,0.785551506446223,-0.00116857075681485
1.868375,0.785551574888933,-0.00116857075681485
1.8685,0.785551640136284,-0.00116857075681485
1.868625,0.785551702188892,-0.00116857075681485
1.86875,0.785551761047436,-0.00116857075681485
1.868875,0.78555181671266,-0.00116857075681485
1.869,0.785551869185372,-0.00115611650716386
1.869125,0.785551918466452,-0.00115611650716386
1.86925,0.785551964556871,-0.00115611650716386
1.869375,0.785552007457685,-0.00115611650716386
1.8695,0.785552047170039,-0.00115611650716386
1.869625,0.785552083695158,-0.00115611650716386
1.86975,0.785552117034356,-0.00115611650716386
1.869875,0.78555214718903,-0.00115611650716386
1.87,0.785552174160664,-0.00114341300505736
1.870125,0.785552197950831,-0.00114341300505736
1.87025,0.785552218561214,-0.00114341300505736
1.870375,0.785552235993607,-0.00114341300505736
1.8705,0.785552250249904,-0.00114341300505736
1.870625,0.785552261332103,-0.00114341300505736
1.87075,0.785552269242306,-0.00114341300505736
1.870875,0.785552273982716,-0.00114341300505736
1.871,0.78555227555564,-0.00119119746587802
1.871125,0.785552273963469,-0.00119119746587802
1.87125,0.785552269208596,-0.00119119746587802
1.871375,0.785552261293435,-0.00119119746587802
1.8715,0.785552250220433,-0.00119119746587802
1.871625,0.785552235992067,-0.00119119746587802
1.87175,0.785552218610846,-0.00119119746587802
1.871875,0.78555219807931,-0.00119119746587802
1.872,0.785552174400029,-0.00117848015627601
1.872125,0.785552147575606,-0.00117848015627601
1.87225,0.785552117608704,-0.00117848015627601
1.872375,0.785552084502032,-0.00117848015627601
1.8725,0.785552048258348,-0.00117848015627601
1.872625,0.785552008880457,-0.00117848015627601
1.87275,0.785551966371208,-0.00117848015627601
1.872875,0.785551920733497,-0.00117848015627601
1.873,0.785551871970262,-0.00116561214488315
1.873125,0.785551820084491,-0.00116561214488315
1.87325,0.785551765079243,-0.00116561214488315
1.873375,0.785551706957637,-0.00116561214488315
1.8735,0.785551645722857,-0.00116561214488315
1.873625,0.785551581378143,-0.00116561214488315
1.87375,0.785551513926793,-0.00116561214488315
1.873875,0.785551443372166,-0.00116561214488315
1.874,0.785551369717673,-0.00115261010690173
1.874125,0.785551292966788,-0.00115261010690173
1.87425,0.785551213123067,-0.00115261010690173
1.874375,0.78555113019014,-0.00115261010690173
1.8745,0.785551044171707,-0.00115261010690173
1.874625,0.78555095507154,-0.00115261010690173
1.87475,0.78555086289348,-0.00115261010690173
1.874875,0.785550767641434,-0.00115261010690173
1.875,0.785550669319375,-0.00113949543101251
1.875125,0.785550567931348,-0.00113949543101251
1.87525,0.785550463481486,-0.00113949543101251
1.875375,0.785550355974007,-0.00113949543101251
1.8755,0.78555024541321,-0.00113949543101251
1.875625,0.78555013180347,-0.00113949543101251
1.87575,0.78555001514924,-0.00113949543101251
1.875875,0.785549895455046,-0.00113949543101251
1.876,0.785549772725489,-0.00115130879859874
1.876125,0.785549646965236,-0.00115130879859874
1.87625,0.785549518179001,-0.00115130879859874
1.876375,0.785549386371544,-0.00115130879859874
1.8765,0.785549251547676,-0.00115130879859874
1.876625,0.785549113712255,-0.00115130879859874
1.87675,0.785548972870185,-0.00115130879859874
1.876875,0.785548829026413,-0.00115130879859874
1.877,0.785548682185929,-0.00113821631148998
1.877125,0.78554853235377,-0.00113821631148998
1.87725,0.785548379535034,-0.00113821631148998
1.877375,0.785548223734883,-0.00113821631148998
1.8775,0.785548064958527,-0.00113821631148998
1.877625,0.785547903211232,-0.00113821631148998
1.87775,0.785547738498311,-0.00113821631148998
1.877875,0.785547570825124,-0.00113821631148998
1.878,0.785547400197079,-0.00112510053835128
1.878125,0.78554722661963,-0.00112510053835128
1.87825,0.785547050098299,-0.00112510053835128
1.878375,0.785546870638669,-0.00112510053835128
1.8785,0.78554668824638,-0.00112510053835128
1.878625,0.785546502927124,-0.00112510053835128
1.87875,0.785546314686643,-0.00112510053835128
1.878875,0.785546123530732,-0.00112510053835128
1.879,0.785545929465227,-0.00111198458233524
1.879125,0.785545732496018,-0.00111198458233524
1.87925,0.785545532629058,-0.00111198458233524
1.879375,0.785545329870367,-0.00111198458233524
1.8795,0.785545124226018,-0.00111198458233524
1.879625,0.785544915702135,-0.00111198458233524
1.87975,0.785544704304897,-0.00111198458233524
1.879875,0.785544490040529,-0.00111198458233524
1.88,0.7855442729153,-0.00109889263009931
1.880125,0.785544052935529,-0.00109889263009931
1.88025,0.785543830107601,-0.00109889263009931
1.880375,0.785543604437961,-0.00109889263009931
1.8805,0.785543375933107,-0.00109889263009931
1.880625,0.785543144599589,-0.00109889263009931
1.88075,0.785542910444003,-0.00109889263009931
1.880875,0.785542673472993,-0.00109889263009931
1.881,0.785542433693244,-0.00107530525234812
1.881125,0.785542191111489,-0.00107530525234812
1.88125,0.785541945734547,-0.00107530525234812
1.881375,0.785541697569311,-0.00107530525234812
1.8815,0.785541446622737,-0.00107530525234812
1.881625,0.785541192901844,-0.00107530525234812
1.88175,0.78554093641371,-0.00107530525234812
1.881875,0.785540677165466,-0.00107530525234812
1.882,0.785540415164299,-0.00106226982949339
1.882125,0.785540150417446,-0.00106226982949339
1.88225,0.78553988293222,-0.00106226982949339
1.882375,0.785539612715997,-0.00106226982949339
1.8825,0.785539339776211,-0.00106226982949339
1.882625,0.785539064120352,-0.00106226982949339
1.88275,0.78553878575596,-0.00106226982949339
1.882875,0.785538504690625,-0.00106226982949339
1.883,0.785538220931979,-0.00104933592231405
1.883125,0.785537934487703,-0.00104933592231405
1.88325,0.78553764536554,-0.00104933592231405
1.883375,0.78553735357329,-0.00104933592231405
1.8835,0.785537059118804,-0.00104933592231405
1.883625,0.785536762009976,-0.00104933592231405
1.88375,0.785536462254743,-0.00104933592231405
1.883875,0.785536159861083,-0.00104933592231405
1.884,0.785535854837007,-0.00103653214588311
1.884125,0.785535547190562,-0.00103653214588311
1.88425,0.78553523692985,-0.00103653214588311
1.884375,0.785534924063019,-0.00103653214588311
1.8845,0.785534608598253,-0.00103653214588311
1.884625,0.785534290543776,-0.00103653214588311
1.88475,0.785533969907838,-0.00103653214588311
1.884875,0.785533646698721,-0.00103653214588311
1.885,0.785533320924729,-0.00102388462989531
1.885125,0.785532992594189,-0.00102388462989531
1.88525,0.785532661715472,-0.00102388462989531
1.885375,0.785532328296983,-0.00102388462989531
1.8855,0.785531992347154,-0.00102388462989531
1.885625,0.785531653874436,-0.00102388462989531
1.88575,0.785531312887305,-0.00102388462989531
1.885875,0.785530969394247,-0.00102388462989531
1.886,0.785530623403763,-0.000966594645745551
1.886125,0.785530274924379,-0.000966594645745551
1.88625,0.785529923964744,-0.000966594645745551
1.886375,0.785529570533604,-0.000966594645745551
1.8865,0.785529214639779,-0.000966594645745551
1.886625,0.785528856292167,-0.000966594645745551
1.88675,0.785528495499731,-0.000966594645745551
1.886875,0.785528132271501,-0.000966594645745551
1.887,0.785527766616568,-0.000954035278738733
1.887125,0.785527398544082,-0.000954035278738733
1.88725,0.785527028063271,-0.000954035278738733
1.887375,0.785526655183432,-0.000954035278738733
1.8875,0.785526279913922,-0.000954035278738733
1.887625,0.785525902264156,-0.000954035278738733
1.88775,0.785525522243599,-0.000954035278738733
1.887875,0.785525139861764,-0.000954035278738733
1.888,0.785524755128206,-0.000941695654906449
1.888125,0.785524368052524,-0.000941695654906449
1.88825,0.785523978644373,-0.000941695654906449
1.888375,0.785523586913462,-0.000941695654906449
1.8885,0.785523192869537,-0.000941695654906449
1.888625,0.785522796522384,-0.000941695654906449
1.88875,0.78552239788182,-0.000941695654906449
1.888875,0.785521996957692,-0.000941695654906449
1.889,0.785521593759867,-0.000929608831472651
1.889125,0.785521188298236,-0.000929608831472651
1.88925,0.785520780582727,-0.000929608831472651
1.889375,0.785520370623299,-0.000929608831472651
1.8895,0.785519958429931,-0.000929608831472651
1.889625,0.785519544012619,-0.000929608831472651
1.88975,0.785519127381369,-0.000929608831472651
1.889875,0.785518708546194,-0.000929608831472651
1.89,0.785518287517111,-0.000917801986091749
1.890125,0.785517864304136,-0.000917801986091749
1.89025,0.785517438917304,-0.000917801986091749
1.890375,0.785517011366654,-0.000917801986091749
1.8905,0.785516581662227,-0.000917801986091749
1.890625,0.78551614981406,-0.000917801986091749
1.89075,0.785515715832176,-0.000917801986091749
1.890875,0.785515279726586,-0.000917801986091749
1.891,0.785514841507281,-0.000829550711729157
1.891125,0.785514401184262,-0.000829550711729157
1.89125,0.785513958767678,-0.000829550711729157
1.891375,0.785513514267795,-0.000829550711729157
1.8915,0.785513067694967,-0.000829550711729157
1.891625,0.785512619059629,-0.000829550711729157
1.89175,0.785512168372296,-0.000829550711729157
1.891875,0.78551171564355,-0.000829550711729157
1.892,0.785511260884045,-0.000817859964633617
1.892125,0.785510804104495,-0.000817859964633617
1.89225,0.785510345315699,-0.000817859964633617
1.892375,0.785509884528521,-0.000817859964633617
1.8925,0.78550942175389,-0.000817859964633617
1.892625,0.785508957002789,-0.000817859964633617
1.89275,0.785508490286253,-0.000817859964633617
1.892875,0.785508021615359,-0.000817859964633617
1.893,0.785507551001227,-0.000806496970726288
1.893125,0.785507078455011,-0.000806496970726288
1.89325,0.785506603987921,-0.000806496970726288
1.893375,0.785506127611204,-0.000806496970726288
1.8935,0.785505649336142,-0.000806496970726288
1.893625,0.785505169174045,-0.000806496970726288
1.89375,0.785504687136244,-0.000806496970726288
1.893875,0.785504203234086,-0.000806496970726288
1.894,0.785503717478927,-0.000795498044470198
1.894125,0.785503229882135,-0.000795498044470198
1.89425,0.785502740455096,-0.000795498044470198
1.894375,0.78550224920921,-0.000795498044470198
1.8945,0.785501756155879,-0.000795498044470198
1.894625,0.785501261306502,-0.000795498044470198
1.89475,0.785500764672473,-0.000795498044470198
1.894875,0.785500266265169,-0.000795498044470198
1.895,0.785499766095949,-0.000784890506219365
1.895125,0.78549926417615,-0.000784890506219365
1.89525,0.785498760517101,-0.000784890506219365
1.895375,0.785498255130111,-0.000784890506219365
1.8955,0.785497748026464,-0.000784890506219365
1.895625,0.785497239217412,-0.000784890506219365
1.89575,0.785496728714166,-0.000784890506219365
1.895875,0.785496216527896,-0.000784890506219365
1.896,0.785495702669723,-0.000669346376999614
1.896125,0.785495187150757,-0.000669346376999614
1.89625,0.785494669982283,-0.000669346376999614
1.896375,0.785494151175716,-0.000669346376999614
1.8965,0.785493630742566,-0.000669346376999614
1.896625,0.785493108694432,-0.000669346376999614
1.89675,0.785492585042994,-0.000669346376999614
1.896875,0.78549205980001,-0.000669346376999614
1.897,0.785491532977308,-0.000658878410350386
1.897125,0.785491004586783,-0.000658878410350386
1.89725,0.785490474640408,-0.000658878410350386
1.897375,0.785489943150227,-0.000658878410350386
1.8975,0.785489410128344,-0.000658878410350386
1.897625,0.785488875586916,-0.000658878410350386
1.89775,0.785488339538148,-0.000658878410350386
1.897875,0.785487801994285,-0.000658878410350386
1.898,0.785487262967609,-0.000648832772257585
1.898125,0.785486722470432,-0.000648832772257585
1.89825,0.785486180515109,-0.000648832772257585
1.898375,0.785485637114027,-0.000648832772257585
1.8985,0.785485092279597,-0.000648832772257585
1.898625,0.785484546024248,-0.000648832772257585
1.89875,0.785483998360418,-0.000648832772257585
1.898875,0.78548344930055,-0.000648832772257585
1.899,0.785482898857084,-0.00063924777566426
1.899125,0.785482347042455,-0.00063924777566426
1.89925,0.785481793869103,-0.00063924777566426
1.899375,0.785481239349463,-0.00063924777566426
1.8995,0.785480683495954,-0.00063924777566426
1.899625,0.785480126320975,-0.00063924777566426
1.89975,0.7854795678369,-0.00063924777566426
1.899875,0.785479008056068,-0.00063924777566426
1.9,0.785478446990778,-0.000630149997676564
1.900125,0.785477884653287,-0.000630149997676564
1.90025,0.785477321055818,-0.000630149997676564
1.900375,0.785476756210553,-0.000630149997676564
1.9005,0.78547619012962,-0.000630149997676564
1.900625,0.78547562282509,-0.000630149997676564
1.90075,0.78547505430897,-0.000630149997676564
1.900875,0.785474484593198,-0.000630149997676564
1.901,0.785473913689635,-0.000491765641495241
1.901125,0.785473341610114,-0.000491765641495241
1.90125,0.785472768366659,-0.000491765641495241
1.901375,0.785472193971436,-0.000491765641495241
1.9015,0.78547161843671,-0.000491765641495241
1.901625,0.785471041774838,-0.000491765641495241
1.90175,0.785470463998258,-0.000491765641495241
1.901875,0.785469885119492,-0.000491765641495241
1.902,0.78546930515113,-0.000482825792540657
1.902125,0.785468724105829,-0.000482825792540657
1.90225,0.785468141996326,-0.000482825792540657
1.902375,0.785467558835419,-0.000482825792540657
1.9025,0.785466974635967,-0.000482825792540657
1.902625,0.785466389410878,-0.000482825792540657
1.90275,0.785465803173102,-0.000482825792540657
1.902875,0.785465215935626,-0.000482825792540657
1.903,0.785464627711465,-0.000474386714430266
1.903125,0.785464038513661,-0.000474386714430266
1.90325,0.785463448355287,-0.000474386714430266
1.903375,0.785462857249439,-0.000474386714430266
1.9035,0.785462265209227,-0.000474386714430266
1.903625,0.785461672247767,-0.000474386714430266
1.90375,0.785461078378174,-0.000474386714430266
1.903875,0.785460483613555,-0.000474386714430266
1.904,0.785459887967005,-0.000466487428570092
1.904125,0.785459291451597,-0.000466487428570092
1.90425,0.785458694080395,-0.000466487428570092
1.904375,0.785458095866438,-0.000466487428570092
1.9045,0.785457496822738,-0.000466487428570092
1.904625,0.785456896962265,-0.000466487428570092
1.90475,0.785456296297948,-0.000466487428570092
1.904875,0.785455694842663,-0.000466487428570092
1.905,0.78545509260923,-0.000459152930275586
1.905125,0.785454489610404,-0.000459152930275586
1.90525,0.785453885858885,-0.000459152930275586
1.905375,0.785453281367309,-0.000459152930275586
1.9055,0.785452676148235,-0.000459152930275586
1.905625,0.785452070214145,-0.000459152930275586
1.90575,0.78545146357743,-0.000459152930275586
1.905875,0.785450856250391,-0.000459152930275586
1.906,0.785450248245227,-0.000303000697009357
1.906125,0.785449639574091,-0.000303000697009357
1.90625,0.785449030249342,-0.000303000697009357
1.906375,0.785448420283482,-0.000303000697009357
1.9065,0.785447809689116,-0.000303000697009357
1.906625,0.785447198478937,-0.000303000697009357
1.90675,0.785446586665725,-0.000303000697009357
1.906875,0.785445974262336,-0.000303000697009357
1.907,0.785445361281698,-0.000295836911456098
1.907125,0.785444747736803,-0.000295836911456098
1.90725,0.785444133640716,-0.000295836911456098
1.907375,0.785443519006561,-0.000295836911456098
1.9075,0.785442903847514,-0.000295836911456098
1.907625,0.785442288176797,-0.000295836911456098
1.90775,0.785441672007668,-0.000295836911456098
1.907875,0.785441055353417,-0.000295836911456098
1.908,0.785440438227354,-0.000289234099657666
1.908125,0.785439820642809,-0.000289234099657666
1.90825,0.785439202613132,-0.000289234099657666
1.908375,0.785438584151688,-0.000289234099657666
1.9085,0.785437965271842,-0.000289234099657666
1.908625,0.785437345986957,-0.000289234099657666
1.90875,0.785436726310383,-0.000289234099657666
1.908875,0.785436106255452,-0.000289234099657666
1.909,0.785435485835471,-0.000283230712682567
1.909125,0.785434865063714,-0.000283230712682567
1.90925,0.785434243953429,-0.000283230712682567
1.909375,0.785433622517826,-0.000283230712682567
1.9095,0.785433000770069,-0.000283230712682567
1.909625,0.785432378723269,-0.000283230712682567
1.90975,0.785431756390477,-0.000283230712682567
1.909875,0.785431133784677,-0.000283230712682567
1.91,0.785430510918779,-0.000277849398737519
1.910125,0.785429887805614,-0.000277849398737519
1.91025,0.785429264457936,-0.000277849398737519
1.910375,0.785428640888415,-0.000277849398737519
1.9105,0.785428017109625,-0.000277849398737519
1.910625,0.785427393134042,-0.000277849398737519
1.91075,0.785426768974035,-0.000277849398737519
1.910875,0.785426144641857,-0.000277849398737519
1.911,0.785425520149645,-0.000109441226942241
1.911125,0.785424895509473,-0.000109441226942241
1.91125,0.785424270733622,-0.000109441226942241
1.911375,0.785423645834522,-0.000109441226942241
1.9115,0.785423020824699,-0.000109441226942241
1.911625,0.785422395716766,-0.000109441226942241
1.91175,0.78542177052342,-0.000109441226942241
1.911875,0.785421145257432,-0.000109441226942241
1.912,0.785420519931638,-0.000104237569917311
1.912125,0.785419894558938,-0.000104237569917311
1.91225,0.785419269152294,-0.000104237569917311
1.912375,0.785418643724723,-0.000104237569917311
1.9125,0.785418018289287,-0.000104237569917311
1.912625,0.785417392859084,-0.000104237569917311
1.91275,0.785416767447246,-0.000104237569917311
1.912875,0.785416142066927,-0.000104237569917311
1.913,0.785415516731294,-9.96353883836722e-05
1.913125,0.78541489145353,-9.96353883836722e-05
1.91325,0.785414266246822,-9.96353883836722e-05
1.913375,0.785413641124365,-9.96353883836722e-05
1.9135,0.785413016099341,-9.96353883836722e-05
1.913625,0.785412391184921,-9.96353883836722e-05
1.91375,0.785411766394256,-9.96353883836722e-05
1.913875,0.785411141740464,-9.96353883836722e-05
1.914,0.785410517236629,-9.56713364784861e-05
1.914125,0.785409892895793,-9.56713364784861e-05
1.91425,0.785409268730956,-9.56713364784861e-05
1.914375,0.785408644755066,-9.56713364784861e-05
1.9145,0.785408020981013,-9.56713364784861e-05
1.914625,0.785407397421618,-9.56713364784861e-05
1.91475,0.785406774089632,-9.56713364784861e-05
1.914875,0.785406150997724,-9.56713364784861e-05
1.915,0.785405528158476,-9.2365045980929e-05
1.915125,0.785404905584378,-9.2365045980929e-05
1.91525,0.785404283287825,-9.2365045980929e-05
1.915375,0.78540366128111,-9.2365045980929e-05
1.9155,0.785403039576417,-9.2365045980929e-05
1.915625,0.785402418185814,-9.2365045980929e-05
1.91575,0.785401797121245,-9.2365045980929e-05
1.915875,0.785401176394529,-9.2365045980929e-05
1.916,0.785400556017343,8.25371017413833e-05
1.916125,0.785399936001297,8.25371017413833e-05
1.91625,0.7853993163582,8.25371017413833e-05
1.916375,0.78539869710001,8.25371017413833e-05
1.9165,0.785398078238772,8.25371017413833e-05
1.916625,0.785397459786615,8.25371017413833e-05
1.91675,0.785396841755744,8.25371017413833e-05
1.916875,0.785396224158433,8.25371017413833e-05
1.917,0.785395607007018,8.56647009157795e-05
1.917125,0.78539499031389,8.56647009157795e-05
1.91725,0.785394374091495,8.56647009157795e-05
1.917375,0.785393758352323,8.56647009157795e-05
1.9175,0.785393143108902,8.56647009157795e-05
1.917625,0.785392528373792,8.56647009157795e-05
1.91775,0.785391914159573,8.56647009157795e-05
1.917875,0.785391300478844,8.56647009157795e-05
1.918,0.78539068734421,8.81708111643688e-05
1.918125,0.78539007476828,8.81708111643688e-05
1.91825,0.785389462763661,8.81708111643688e-05
1.918375,0.785388851342953,8.81708111643688e-05
1.9185,0.785388240518738,8.81708111643688e-05
1.918625,0.785387630303575,8.81708111643688e-05
1.91875,0.785387020709991,8.81708111643688e-05
1.918875,0.785386411750477,8.81708111643688e-05
1.919,0.785385803437478,9.00217114471914e-05
1.919125,0.785385195783387,9.00217114471914e-05
1.91925,0.785384588800542,9.00217114471914e-05
1.919375,0.78538398250122,9.00217114471914e-05
1.9195,0.785383376897625,9.00217114471914e-05
1.919625,0.785382772001887,9.00217114471914e-05
1.91975,0.785382167826049,9.00217114471914e-05
1.919875,0.785381564382066,9.00217114471914e-05
1.92,0.785380961681794,9.12013406588847e-05
1.920125,0.785380359736987,9.12013406588847e-05
1.92025,0.785379758559292,9.12013406588847e-05
1.920375,0.785379158160237,9.12013406588847e-05
1.9205,0.785378558551234,9.12013406588847e-05
1.920625,0.785377959743562,9.12013406588847e-05
1.92075,0.78537736174837,9.12013406588847e-05
1.920875,0.785376764576665,9.12013406588847e-05
1.921,0.785376168239308,0.000266778104087473
1.921125,0.785375572747076,0.000266778104087473
1.92125,0.785374978110942,0.000266778104087473
1.921375,0.785374384342014,0.000266778104087473
1.9215,0.785373791451483,0.000266778104087473
1.921625,0.785373199450614,0.000266778104087473
1.92175,0.785372608350739,0.000266778104087473
1.921875,0.785372018163253,0.000266778104087473
1.922,0.785371428899605,0.000267783794917016
1.922125,0.785370840571292,0.000267783794917016
1.92225,0.785370253189854,0.000267783794917016
1.922375,0.785369666766866,0.000267783794917016
1.9225,0.785369081313934,0.000267783794917016
1.922625,0.785368496842683,0.000267783794917016
1.92275,0.785367913364754,0.000267783794917016
1.922875,0.785367330891798,0.000267783794917016
1.923,0.785366749435464,0.000268168576556348
1.923125,0.785366169007398,0.000268168576556348
1.92325,0.785365589619233,0.000268168576556348
1.923375,0.785365011282585,0.000268168576556348
1.9235,0.785364434009044,0.000268168576556348
1.923625,0.785363857810166,0.000268168576556348
1.92375,0.785363282697471,0.000268168576556348
1.923875,0.785362708682433,0.000268168576556348
1.924,0.785362135776471,0.000267902672509106
1.924125,0.78536156399095,0.000267902672509106
1.92425,0.785360993337165,0.000267902672509106
1.924375,0.785360423826341,0.000267902672509106
1.9245,0.785359855469623,0.000267902672509106
1.924625,0.785359288278072,0.000267902672509106
1.92475,0.785358722262657,0.000267902672509106
1.924875,0.785358157434251,0.000267902672509106
1.925,0.78535759380362,0.000266974016664946
1.925125,0.785357031381423,0.000266974016664946
1.92525,0.785356470178199,0.000266974016664946
1.925375,0.785355910204365,0.000266974016664946
1.9255,0.785355351470207,0.000266974016664946
1.925625,0.785354793985876,0.000266974016664946
1.92575,0.785354237761385,0.000266974016664946
1.925875,0.785353682806597,0.000266974016664946
1.926,0.785353129131224,0.000437538027875161
1.926125,0.785352576744888,0.000437538027875161
1.92625,0.785352025657392,0.000437538027875161
1.926375,0.78535147587866,0.000437538027875161
1.9265,0.785350927418688,0.000437538027875161
1.926625,0.785350380287535,0.000437538027875161
1.92675,0.78534983449532,0.000437538027875161
1.926875,0.785349290052213,0.000437538027875161
1.927,0.78534874696843,0.000436445667864769
1.927125,0.785348205254226,0.000436445667864769
1.92725,0.785347664919887,0.000436445667864769
1.927375,0.785347125975725,0.000436445667864769
1.9275,0.78534658843207,0.000436445667864769
1.927625,0.785346052299264,0.000436445667864769
1.92775,0.785345517587658,0.000436445667864769
1.927875,0.785344984307602,0.000436445667864769
1.928,0.785344452469441,0.000434753008818626
1.928125,0.785343922083505,0.000434753008818626
1.92825,0.785343393160104,0.000434753008818626
1.928375,0.785342865709521,0.000434753008818626
1.9285,0.785342339742005,0.000434753008818626
1.928625,0.785341815267765,0.000434753008818626
1.92875,0.785341292296966,0.000434753008818626
1.928875,0.785340770839722,0.000434753008818626
1.929,0.785340250906087,0.000432435076153115
1.929125,0.785339732506055,0.000432435076153115
1.92925,0.785339215649541,0.000432435076153115
1.929375,0.785338700346385,0.000432435076153115
1.9295,0.785338186606341,0.000432435076153115
1.929625,0.785337674439072,0.000432435076153115
1.92975,0.785337163854148,0.000432435076153115
1.929875,0.785336654861035,0.000432435076153115
1.93,0.785336147469092,0.000429484082883038
1.930125,0.785335641687567,0.000429484082883038
1.93025,0.785335137525583,0.000429484082883038
1.930375,0.785334634992133,0.000429484082883038
1.9305,0.785334134096081,0.000429484082883038
1.930625,0.785333634846149,0.000429484082883038
1.93075,0.785333137250919,0.000429484082883038
1.930875,0.785332641318825,0.000429484082883038
1.931,0.785332147058147,0.000589660092635143
1.931125,0.785331654477071,0.000589660092635143
1.93125,0.785331163583942,0.000589660092635143
1.931375,0.785330674387213,0.000589660092635143
1.9315,0.785330186895394,0.000589660092635143
1.931625,0.785329701117046,0.000589660092635143
1.93175,0.785329217060778,0.000589660092635143
1.931875,0.785328734735241,0.000589660092635143
1.932,0.78532825414912,0.000586560635729739
1.932125,0.78532777531113,0.000586560635729739
1.93225,0.785327298230004,0.000586560635729739
1.932375,0.78532682291449,0.000586560635729739
1.9325,0.785326349373343,0.000586560635729739
1.932625,0.785325877615324,0.000586560635729739
1.93275,0.785325407649192,0.000586560635729739
1.932875,0.785324939483697,0.000586560635729739
1.933,0.785324473127578,0.00058290032580006
1.933125,0.785324008589553,0.00058290032580006
1.93325,0.785323545878311,0.00058290032580006
1.933375,0.785323085002504,0.00058290032580006
1.9335,0.785322625970746,0.00058290032580006
1.933625,0.785322168791603,0.00058290032580006
1.93375,0.785321713473595,0.00058290032580006
1.933875,0.785321260025183,0.00058290032580006
1.934,0.78532080845477,0.000578659669858292
1.934125,0.785320358770689,0.000578659669858292
1.93425,0.785319910981196,0.000578659669858292
1.934375,0.785319465094461,0.000578659669858292
1.9345,0.78531902111857,0.000578659669858292
1.934625,0.785318579061514,0.000578659669858292
1.93475,0.78531813893119,0.000578659669858292
1.934875,0.78531770073539,0.000578659669858292
1.935,0.785317264481802,0.000573835298513875
1.935125,0.785316830178,0.000573835298513875
1.93525,0.785316397831433,0.000573835298513875
1.935375,0.785315967449421,0.000573835298513875
1.9355,0.785315539039152,0.000573835298513875
1.935625,0.78531511260768,0.000573835298513875
1.93575,0.785314688161916,0.000573835298513875
1.935875,0.785314265708629,0.000573835298513875
1.936,0.785313845254437,0.000718725469298988
1.936125,0.785313426805864,0.000718725469298988
1.93625,0.785313010369569,0.000718725469298988
1.936375,0.785312595952296,0.000718725469298988
1.9365,0.785312183560835,0.000718725469298988
1.936625,0.785311773202013,0.000718725469298988
1.93675,0.785311364882691,0.000718725469298988
1.936875,0.785310958609761,0.000718725469298988
1.937,0.785310554390136,0.000713772257125636
1.937125,0.785310152230752,0.000713772257125636
1.93725,0.785309752138548,0.000713772257125636
1.937375,0.785309354120466,0.000713772257125636
1.9375,0.785308958183447,0.000713772257125636
1.937625,0.785308564334428,0.000713772257125636
1.93775,0.785308172580334,0.000713772257125636
1.937875,0.785307782928077,0.000713772257125636
1.938,0.785307395384551,0.000708314702683006
1.938125,0.785307009956622,0.000708314702683006
1.93825,0.785306626651119,0.000708314702683006
1.938375,0.785306245474829,0.000708314702683006
1.9385,0.785305866434494,0.000708314702683006
1.938625,0.785305489536806,0.000708314702683006
1.93875,0.785305114788406,0.000708314702683006
1.938875,0.785304742195875,0.000708314702683006
1.939,0.785304371765734,0.000702339279326451
1.939125,0.785304003504435,0.000702339279326451
1.93925,0.785303637418347,0.000702339279326451
1.939375,0.785303273513754,0.000702339279326451
1.9395,0.785302911796855,0.000702339279326451
1.939625,0.785302552273756,0.000702339279326451
1.93975,0.785302194950469,0.000702339279326451
1.939875,0.785301839832908,0.000702339279326451
1.94,0.785301486926882,0.000695847027447377
1.940125,0.785301136238092,0.000695847027447377
1.94025,0.785300787772119,0.000695847027447377
1.940375,0.785300441534414,0.000695847027447377
1.9405,0.785300097530306,0.000695847027447377
1.940625,0.785299755764992,0.000695847027447377
1.94075,0.785299416243537,0.000695847027447377
1.940875,0.785299078970868,0.000695847027447377
1.941,0.785298743951773,0.000821176447784657
1.941125,0.785298411190946,0.000821176447784657
1.94125,0.78529808069319,0.000821176447784657
1.941375,0.785297752463369,0.000821176447784657
1.9415,0.785297426506377,0.000821176447784657
1.941625,0.785297102827134,0.000821176447784657
1.94175,0.785296781430576,0.000821176447784657
1.941875,0.785296462321659,0.000821176447784657
1.942,0.785296145505353,0.000814578611132551
1.942125,0.785295830986634,0.000814578611132551
1.94225,0.78529551877047,0.000814578611132551
1.942375,0.785295208861822,0.000814578611132551
1.9425,0.78529490126564,0.000814578611132551
1.942625,0.785294595986861,0.000814578611132551
1.94275,0.785294293030403,0.000814578611132551
1.942875,0.785293992401165,0.000814578611132551
1.943,0.785293694104019,0.000807547732454645
1.943125,0.785293398143808,0.000807547732454645
1.94325,0.785293104525332,0.000807547732454645
1.943375,0.78529281325334,0.000807547732454645
1.9435,0.785292524332535,0.000807547732454645
1.943625,0.785292237767568,0.000807547732454645
1.94375,0.785291953563038,0.000807547732454645
1.943875,0.785291671723482,0.000807547732454645
1.944,0.785291392253378,0.000800076530761187
1.944125,0.785291115157137,0.000800076530761187
1.94425,0.785290840439088,0.000800076530761187
1.944375,0.785290568103475,0.000800076530761187
1.9445,0.785290298154458,0.000800076530761187
1.944625,0.785290030596113,0.000800076530761187
1.94475,0.785289765432423,0.000800076530761187
1.944875,0.785289502667279,0.000800076530761187
1.945,0.785289242304476,0.000792170306246592
1.945125,0.785288984347709,0.000792170306246592
1.94525,0.785288728800556,0.000792170306246592
1.945375,0.785288475666477,0.000792170306246592
1.9455,0.785288224948815,0.000792170306246592
1.945625,0.785287976650794,0.000792170306246592
1.94575,0.785287730775515,0.000792170306246592
1.945875,0.785287487325956,0.000792170306246592
1.946,0.785287246304968,0.000894408549189729
1.946125,0.785287007715312,0.000894408549189729
1.94625,0.785286771559827,0.000894408549189729
1.946375,0.785286537841392,0.000894408549189729
1.9465,0.785286306562897,0.000894408549189729
1.946625,0.785286077727243,0.000894408549189729
1.94675,0.785285851337337,0.000894408549189729
1.946875,0.78528562739609,0.000894408549189729
1.947,0.785285405906415,0.000886422782672528
1.947125,0.785285186871223,0.000886422782672528
1.94725,0.785284970293402,0.000886422782672528
1.947375,0.785284756175826,0.000886422782672528
1.9475,0.785284544521344,0.000886422782672528
1.947625,0.785284335332787,0.000886422782672528
1.94775,0.785284128612961,0.000886422782672528
1.947875,0.785283924364645,0.000886422782672528
1.948,0.785283722590589,0.000878087371240336
1.948125,0.785283523293509,0.000878087371240336
1.94825,0.785283326476071,0.000878087371240336
1.948375,0.78528313214089,0.000878087371240336
1.9485,0.785282940290532,0.000878087371240336
1.948625,0.78528275092751,0.000878087371240336
1.94875,0.785282564054285,0.000878087371240336
1.948875,0.785282379673259,0.000878087371240336
1.949,0.785282197786777,0.000869401349842643
1.949125,0.78528201839712,0.000869401349842643
1.94925,0.78528184150649,0.000869401349842643
1.949375,0.785281667117009,0.000869401349842643
1.9495,0.785281495230719,0.000869401349842643
1.949625,0.785281325849585,0.000869401349842643
1.94975,0.785281158975487,0.000869401349842643
1.949875,0.785280994610223,0.000869401349842643
1.95,0.785280832755503,0.000860373994929148
1.950125,0.785280673412948,0.000860373994929148
1.95025,0.785280516584073,0.000860373994929148
1.950375,0.785280362270286,0.000860373994929148
1.9505,0.78528021047289,0.000860373994929148
1.950625,0.785280061193084,0.000860373994929148
1.95075,0.785279914431957,0.000860373994929148
1.950875,0.785279770190493,0.000860373994929148
1.951,0.785279628469563,0.000936829428122048
1.951125,0.785279489269961,0.000936829428122048
1.95125,0.785279352592519,0.000936829428122048
1.951375,0.78527921843809,0.000936829428122048
1.9515,0.785279086807522,0.000936829428122048
1.951625,0.785278957701657,0.000936829428122048
1.95175,0.785278831121331,0.000936829428122048
1.951875,0.78527870706737,0.000936829428122048
1.952,0.785278585540593,0.000927750446538527
1.952125,0.785278466541803,0.000927750446538527
1.95225,0.785278350071773,0.000927750446538527
1.952375,0.785278236131247,0.000927750446538527
1.9525,0.785278124720943,0.000927750446538527
1.952625,0.785278015841547,0.000927750446538527
1.95275,0.785277909493719,0.000927750446538527
1.952875,0.785277805678083,0.000927750446538527
1.953,0.785277704395236,0.000918414301982804
1.953125,0.785277605645733,0.000918414301982804
1.95325,0.785277509430079,0.000918414301982804
1.953375,0.785277415748726,0.000918414301982804
1.9535,0.785277324602076,0.000918414301982804
1.953625,0.785277235990481,0.000918414301982804
1.95375,0.785277149914239,0.000918414301982804
1.953875,0.785277066373597,0.000918414301982804
1.954,0.785276985368747,0.000908826209855451
1.954125,0.785276906899825,0.000908826209855451
1.95425,0.785276830966887,0.000908826209855451
1.954375,0.785276757569923,0.000908826209855451
1.9545,0.785276686708848,0.000908826209855451
1.954625,0.785276618383506,0.000908826209855451
1.95475,0.78527655259367,0.000908826209855451
1.954875,0.785276489339042,0.000908826209855451
1.955,0.785276428619247,0.000898999018427825
1.955125,0.785276370433835,0.000898999018427825
1.95525,0.785276314782263,0.000898999018427825
1.955375,0.785276261663896,0.000898999018427825
1.9555,0.785276211078008,0.000898999018427825
1.955625,0.785276163023788,0.000898999018427825
1.95575,0.785276117500333,0.000898999018427825
1.955875,0.785276074506651,0.000898999018427825
1.956,0.785276034041661,0.000947883540990187
1.956125,0.78527599610421,0.000947883540990187
1.95625,0.785275960693156,0.000947883540990187
1.956375,0.785275927807349,0.000947883540990187
1.9565,0.785275897445621,0.000947883540990187
1.956625,0.785275869606783,0.000947883540990187
1.95675,0.785275844289627,0.000947883540990187
1.956875,0.785275821492924,0.000947883540990187
1.957,0.785275801215425,0.000938033560309751
1.957125,0.785275783455859,0.000938033560309751
1.95725,0.78527576821291,0.000938033560309751
1.957375,0.785275755485231,0.000938033560309751
1.9575,0.785275745271434,0.000938033560309751
1.957625,0.7852757375701,0.000938033560309751
1.95775,0.785275732379776,0.000938033560309751
1.957875,0.78527572969897,0.000938033560309751
1.958,0.78527572952616,0.000928024757665979
1.958125,0.785275731859784,0.000928024757665979
1.95825,0.785275736698223,0.000928024757665979
1.958375,0.78527574403981,0.000928024757665979
1.9585,0.785275753882827,0.000928024757665979
1.958625,0.785275766225509,0.000928024757665979
1.95875,0.785275781066042,0.000928024757665979
1.958875,0.785275798402565,0.000928024757665979
1.959,0.785275818233168,0.000917868197459201
1.959125,0.785275840555891,0.000917868197459201
1.95925,0.785275865368706,0.000917868197459201
1.959375,0.785275892669522,0.000917868197459201
1.9595,0.785275922456185,0.000917868197459201
1.959625,0.785275954726485,0.000917868197459201
1.95975,0.785275989478147,0.000917868197459201
1.959875,0.785276026708841,0.000917868197459201
1.96,0.785276066416177,0.000907579790714514
1.960125,0.785276108597702,0.000907579790714514
1.96025,0.785276153250887,0.000907579790714514
1.960375,0.785276200373128,0.000907579790714514
1.9605,0.785276249961749,0.000907579790714514
1.960625,0.785276302014005,0.000907579790714514
1.96075,0.785276356527084,0.000907579790714514
1.960875,0.785276413498104,0.000907579790714514
1.961,0.785276472924115,0.000928042689532352
1.961125,0.785276534802111,0.000928042689532352
1.96125,0.78527659912906,0.000928042689532352
1.961375,0.785276665901901,0.000928042689532352
1.9615,0.785276735117541,0.000928042689532352
1.961625,0.785276806772853,0.000928042689532352
1.96175,0.785276880864676,0.000928042689532352
1.961875,0.78527695738982,0.000928042689532352
1.962,0.785277036345066,0.000917760297880713
1.962125,0.78527711772716,0.000917760297880713
1.96225,0.7852772015328,0.000917760297880713
1.962375,0.785277287758641,0.000917760297880713
1.9625,0.785277376401295,0.000917760297880713
1.962625,0.785277467457337,0.000917760297880713
1.96275,0.785277560923302,0.000917760297880713
1.962875,0.78527765679569,0.000917760297880713
1.963,0.785277755070962,0.000907419954634221
1.963125,0.785277855745544,0.000907419954634221
1.96325,0.785277958815806,0.000907419954634221
1.963375,0.785278064278069,0.000907419954634221
1.9635,0.785278172128606,0.000907419954634221
1.963625,0.78527828236365,0.000907419954634221
1.96375,0.785278394979387,0.000907419954634221
1.963875,0.785278509971965,0.000907419954634221
1.964,0.785278627337489,0.000897038061658648
1.964125,0.785278747072023,0.000897038061658648
1.96425,0.785278869171573,0.000897038061658648
1.964375,0.785278993632091,0.000897038061658648
1.9645,0.78527912044948,0.000897038061658648
1.964625,0.785279249619596,0.000897038061658648
1.96475,0.785279381138249,0.000897038061658648
1.964875,0.785279515001205,0.000897038061658648
1.965,0.785279651204187,0.000886632998230259
1.965125,0.785279789742872,0.000886632998230259
1.96525,0.78527993061288,0.000886632998230259
1.965375,0.785280073809774,0.000886632998230259
1.9655,0.785280219329064,0.000886632998230259
1.965625,0.785280367166215,0.000886632998230259
1.96575,0.785280517316644,0.000886632998230259
1.965875,0.785280669775721,0.000886632998230259
1.966,0.785280824538775,0.000878763647582662
1.966125,0.78528098160109,0.000878763647582662
1.96625,0.785281140957893,0.000878763647582662
1.966375,0.785281302604362,0.000878763647582662
1.9665,0.785281466535629,0.000878763647582662
1.966625,0.785281632746779,0.000878763647582662
1.96675,0.785281801232856,0.000878763647582662
1.966875,0.785281971988862,0.000878763647582662
1.967,0.785282145009762,0.000868392441659394
1.967125,0.78528232029048,0.000868392441659394
1.96725,0.785282497825884,0.000868392441659394
1.967375,0.785282677610793,0.000868392441659394
1.9675,0.785282859639981,0.000868392441659394
1.967625,0.785283043908179,0.000868392441659394
1.96775,0.785283230410079,0.000868392441659394
1.967875,0.785283419140335,0.000868392441659394
1.968,0.785283610093562,0.000858063360469577
1.968125,0.785283803264341,0.000858063360469577
1.96825,0.7852839986472,0.000858063360469577
1.968375,0.78528419623662,0.000858063360469577
1.9685,0.785284396027041,0.000858063360469577
1.968625,0.785284598012866,0.000858063360469577
1.96875,0.78528480218846,0.000858063360469577
1.968875,0.785285008548153,0.000858063360469577
1.969,0.785285217086245,0.000847797472998802
1.969125,0.785285427797004,0.000847797472998802
1.96925,0.78528564067465,0.000847797472998802
1.969375,0.785285855713361,0.000847797472998802
1.9695,0.785286072907279,0.000847797472998802
1.969625,0.785286292250514,0.000847797472998802
1.96975,0.785286513737144,0.000847797472998802
1.969875,0.785286737361218,0.000847797472998802
1.97,0.785286963116762,0.000837614968288446
1.970125,0.785287190997772,0.000837614968288446
1.97025,0.785287420998205,0.000837614968288446
1.970375,0.785287653111982,0.000837614968288446
1.9705,0.785287887332997,0.000837614968288446
1.970625,0.785288123655114,0.000837614968288446
1.97075,0.785288362072175,0.000837614968288446
1.970875,0.785288602577998,0.000837614968288446
1.971,0.785288845166387,0.000802415108911167
1.971125,0.785289089831113,0.000802415108911167
1.97125,0.785289336565864,0.000802415108911167
1.971375,0.785289585364258,0.000802415108911167
1.9715,0.785289836219855,0.000802415108911167
1.971625,0.78529008912616,0.000802415108911167
1.97175,0.785290344076627,0.000802415108911167
1.971875,0.785290601064661,0.000802415108911167
1.972,0.785290860083621,0.000792292468920739
1.972125,0.78529112112682,0.000792292468920739
1.97225,0.785291384187512,0.000792292468920739
1.972375,0.785291649258895,0.000792292468920739
1.9725,0.785291916334121,0.000792292468920739
1.972625,0.785292185406299,0.000792292468920739
1.97275,0.785292456468495,0.000792292468920739
1.972875,0.785292729513738,0.000792292468920739
1.973,0.785293004535022,0.000782308025988172
1.973125,0.785293281525305,0.000782308025988172
1.97325,0.785293560477499,0.000782308025988172
1.973375,0.785293841384473,0.000782308025988172
1.9735,0.785294124239061,0.000782308025988172
1.973625,0.785294409034064,0.000782308025988172
1.97375,0.785294695762255,0.000782308025988172
1.973875,0.78529498441638,0.000782308025988172
1.974,0.785295274989166,0.00077248671290012
1.974125,0.785295567473315,0.00077248671290012
1.97425,0.785295861861495,0.00077248671290012
1.974375,0.785296158146347,0.00077248671290012
1.9745,0.785296456320486,0.00077248671290012
1.974625,0.785296756376512,0.00077248671290012
1.97475,0.785297058307008,0.00077248671290012
1.974875,0.785297362104546,0.00077248671290012
1.975,0.785297667761689,0.000762849828941916
1.975125,0.785297975270992,0.000762849828941916
1.97525,0.785298284624989,0.000762849828941916
1.975375,0.7852985958162,0.000762849828941916
1.9755,0.785298908837136,0.000762849828941916
1.975625,0.785299223680307,0.000762849828941916
1.97575,0.785299540338218,0.000762849828941916
1.975875,0.785299858803378,0.000762849828941916
1.976,0.785300179068302,0.00070217712429439
1.976125,0.785300501125493,0.00070217712429439
1.97625,0.785300824967341,0.00070217712429439
1.976375,0.785301150586153,0.00070217712429439
1.9765,0.785301477974168,0.00070217712429439
1.976625,0.78530180712356,0.00070217712429439
1.97675,0.785302138026449,0.00070217712429439
1.976875,0.785302470674895,0.00070217712429439
1.977,0.785302805060909,0.000692623486132861
1.977125,0.785303141176453,0.000692623486132861
1.97725,0.785303479013424,0.000692623486132861
1.977375,0.785303818563665,0.000692623486132861
1.9775,0.78530415981897,0.000692623486132861
1.977625,0.785304502771088,0.000692623486132861
1.97775,0.785304847411728,0.000692623486132861
1.977875,0.785305193732562,0.000692623486132861
1.978,0.78530554172523,0.000683297117457248
1.978125,0.785305891381341,0.000683297117457248
1.97825,0.785306242692461,0.000683297117457248
1.978375,0.785306595650118,0.000683297117457248
1.9785,0.785306950245814,0.000683297117457248
1.978625,0.785307306471025,0.000683297117457248
1.97875,0.785307664317206,0.000683297117457248
1.978875,0.785308023775796,0.000683297117457248
1.979,0.785308384838223,0.000674225908010377
1.979125,0.785308747495903,0.000674225908010377
1.97925,0.785309111740228,0.000674225908010377
1.979375,0.785309477562579,0.000674225908010377
1.9795,0.785309844954325,0.000674225908010377
1.979625,0.785310213906835,0.000674225908010377
1.97975,0.785310584411475,0.000674225908010377
1.979875,0.785310956459618,0.000674225908010377
1.98,0.785311330042645,0.000665431550434384
1.980125,0.785311705151945,0.000665431550434384
1.98025,0.785312081778911,0.000665431550434384
1.980375,0.785312459914938,0.000665431550434384
1.9805,0.785312839551436,0.000665431550434384
1.980625,0.785313220679834,0.000665431550434384
1.98075,0.78531360329158,0.000665431550434384
1.980875,0.785313987378149,0.000665431550434384
1.981,0.785314372931045,0.000581917000110098
1.981125,0.785314759941776,0.000581917000110098
1.98125,0.785315148401716,0.000581917000110098
1.981375,0.785315538302143,0.000581917000110098
1.9815,0.785315929634259,0.000581917000110098
1.981625,0.785316322389199,0.000581917000110098
1.98175,0.785316716558033,0.000581917000110098
1.981875,0.785317112131772,0.000581917000110098
1.982,0.785317509101374,0.000573225958005284
1.982125,0.78531790745774,0.000573225958005284
1.98225,0.785318307191711,0.000573225958005284
1.982375,0.785318708294073,0.000573225958005284
1.9825,0.785319110755562,0.000573225958005284
1.982625,0.785319514566872,0.000573225958005284
1.98275,0.785319919718656,0.000573225958005284
1.982875,0.785320326201535,0.000573225958005284
1.983,0.785320734006102,0.000564841567162234
1.983125,0.78532114312292,0.000564841567162234
1.98325,0.785321553542517,0.000564841567162234
1.983375,0.785321965255393,0.000564841567162234
1.9835,0.785322378252025,0.000564841567162234
1.983625,0.785322792522874,0.000564841567162234
1.98375,0.785323208058389,0.000564841567162234
1.983875,0.785323624849011,0.000564841567162234
1.984,0.785324042885182,0.00055679369592121
1.984125,0.78532446215734,0.00055679369592121
1.98425,0.785324882655917,0.00055679369592121
1.984375,0.785325304371343,0.00055679369592121
1.9845,0.785325727294054,0.00055679369592121
1.984625,0.785326151414496,0.00055679369592121
1.98475,0.785326576723132,0.00055679369592121
1.984875,0.785327003210445,0.00055679369592121
1.985,0.785327430866943,0.000549103719629643
1.985125,0.785327859683161,0.000549103719629643
1.98525,0.785328289649653,0.000549103719629643
1.985375,0.785328720757002,0.000549103719629643
1.9855,0.785329152995822,0.000549103719629643
1.985625,0.785329586356765,0.000549103719629643
1.98575,0.785330020830526,0.000549103719629643
1.985875,0.78533045640785,0.000549103719629643
1.986,0.785330893079531,0.00044604628643309
1.986125,0.785331330836381,0.00044604628643309
1.98625,0.785331769669065,0.00044604628643309
1.986375,0.785332209568139,0.00044604628643309
1.9865,0.785332650524082,0.00044604628643309
1.986625,0.785333092527299,0.00044604628643309
1.98675,0.785333535568132,0.00044604628643309
1.986875,0.785333979636857,0.00044604628643309
1.987,0.785334424723698,0.000438475823620287
1.987125,0.78533487081882,0.000438475823620287
1.98725,0.785335317912332,0.000438475823620287
1.987375,0.785335765994285,0.000438475823620287
1.9875,0.785336215054685,0.000438475823620287
1.987625,0.785336665083499,0.000438475823620287
1.98775,0.785337116070656,0.000438475823620287
1.987875,0.785337568006056,0.000438475823620287
1.988,0.785338020879573,0.000431279396381233
1.988125,0.78533847468106,0.000431279396381233
1.98825,0.785338929400341,0.000431279396381233
1.988375,0.785339385027217,0.000431279396381233
1.9885,0.785339841551478,0.000431279396381233
1.988625,0.785340298962905,0.000431279396381233
1.98875,0.785340757251274,0.000431279396381233
1.988875,0.785341216406365,0.000431279396381233
1.989,0.785341676417966,0.000424487835257486
1.989125,0.785342137275876,0.000424487835257486
1.98925,0.785342598969897,0.000424487835257486
1.989375,0.785343061489843,0.000424487835257486
1.9895,0.785343524825551,0.000424487835257486
1.989625,0.785343988966878,0.000424487835257486
1.98975,0.785344453903714,0.000424487835257486
1.989875,0.785344919625983,0.000424487835257486
1.99,0.78534538612365,0.000418121516665695
1.990125,0.785345853386723,0.000418121516665695
1.99025,0.785346321405249,0.000418121516665695
1.990375,0.785346790169317,0.000418121516665695
1.9905,0.785347259669072,0.000418121516665695
1.990625,0.785347729894714,0.000418121516665695
1.99075,0.785348200836504,0.000418121516665695
1.990875,0.785348672484773,0.000418121516665695
1.991,0.785349144829922,0.000299363971767977
1.991125,0.785349617862384,0.000299363971767977
1.99125,0.785350091572432,0.000299363971767977
1.991375,0.785350565950227,0.000299363971767977
1.9915,0.785351040985848,0.000299363971767977
1.991625,0.785351516669303,0.000299363971767977
1.99175,0.785351992990534,0.000299363971767977
1.991875,0.785352469939417,0.000299363971767977
1.992,0.785352947505776,0.00029312907251303
1.992125,0.785353425679378,0.00029312907251303
1.99225,0.785353904449936,0.00029312907251303
1.992375,0.78535438380711,0.00029312907251303
1.9925,0.785354863740517,0.00029312907251303
1.992625,0.78535534423974,0.00029312907251303
1.99275,0.785355825294328,0.00029312907251303
1.992875,0.785356306893804,0.00029312907251303
1.993,0.785356789027671,0.000287321737145969
1.993125,0.785357271685417,0.000287321737145969
1.99325,0.785357754856508,0.000287321737145969
1.993375,0.785358238530398,0.000287321737145969
1.9935,0.785358722696534,0.000287321737145969
1.993625,0.785359207344365,0.000287321737145969
1.99375,0.785359692463343,0.000287321737145969
1.993875,0.785360178042935,0.000287321737145969
1.994,0.785360664072622,0.000281972737794555
1.994125,0.785361150541907,0.000281972737794555
1.99425,0.785361637440311,0.000281972737794555
1.994375,0.785362124757378,0.000281972737794555
1.9945,0.785362612482687,0.000281972737794555
1.994625,0.78536310060585,0.000281972737794555
1.99475,0.785363589116526,0.000281972737794555
1.994875,0.785364078004421,0.000281972737794555
1.995,0.785364567259294,0.000277100820564073
1.995125,0.785365056870962,0.000277100820564073
1.99525,0.785365546829299,0.000277100820564073
1.995375,0.785366037124238,0.000277100820564073
1.9955,0.785366527745781,0.000277100820564073
1.995625,0.785367018684004,0.000277100820564073
1.99575,0.785367509929062,0.000277100820564073
1.995875,0.785368001471195,0.000277100820564073
1.996,0.78536849330073,0.000146891312189486
1.996125,0.78536898540804,0.000146891312189486
1.99625,0.785369477783332,0.000146891312189486
1.996375,0.785369970416698,0.000146891312189486
1.9965,0.78537046329815,0.000146891312189486
1.996625,0.785370956417631,0.000146891312189486
1.99675,0.785371449765017,0.000146891312189486
1.996875,0.785371943330124,0.000146891312189486
1.997,0.785372437102713,0.000142158157188894
1.997125,0.785372931072496,0.000142158157188894
1.99725,0.78537342522913,0.000142158157188894
1.997375,0.785373919562229,0.000142158157188894
1.9975,0.785374414061369,0.000142158157188894
1.997625,0.785374908716093,0.000142158157188894
1.99775,0.785375403515915,0.000142158157188894
1.997875,0.785375898450334,0.000142158157188894
1.998,0.785376393508829,0.000137890876295861
1.998125,0.785376888680872,0.000137890876295861
1.99825,0.78537738395592,0.000137890876295861
1.998375,0.785377879323429,0.000137890876295861
1.9985,0.785378374772854,0.000137890876295861
1.998625,0.785378870293661,0.000137890876295861
1.99875,0.785379365875329,0.000137890876295861
1.998875,0.785379861507356,0.000137890876295861
1.999,0.785380357179267,0.000134119191453888
1.999125,0.785380852880616,0.000134119191453888
1.99925,0.785381348600986,0.000134119191453888
1.999375,0.785381844329998,0.000134119191453888
1.9995,0.785382340057315,0.000134119191453888
1.999625,0.785382835772648,0.000134119191453888
1.99975,0.785383331465762,0.000134119191453888
1.999875,0.785383827126485,0.000134119191453888
2,0.785384322744705,0.000130859656388583
