0,0,0,0,0
0.0005,0,1.19187445298671e-11,-1.19187445298671e-11,1.51754168590227e-09
0.001,0,4.87297131197276e-11,-4.87297131197276e-11,6.20445977476371e-09
0.0015,0,1.13108927207955e-10,-1.13108927207955e-10,1.44014758983739e-08
0.002,0,2.08845256758216e-10,-2.08845256758216e-10,2.65910039634929e-08
0.0025,0,3.40788918461086e-10,-3.40788918461086e-10,4.33905927392181e-08
0.003,0,5.14788259993427e-10,-5.14788259993427e-10,6.55448769789038e-08
0.0035,0,7.37618203633991e-10,-7.37618203633991e-10,9.39164665783311e-08
0.004,0,1.01690075318818e-09,-1.01690075318818e-09,1.29475825203016e-07
0.0045,0,1.36101695079171e-09,-1.36101695079171e-09,1.73290060280288e-07
0.005,0,1.77901205001926e-09,-1.77901205001926e-09,2.26510849264489e-07
0.0055,0,2.28049319093558e-09,-2.28049319093558e-09,2.90361411219845e-07
0.006,0,2.87552180167836e-09,-2.87552180167836e-09,3.66122806964498e-07
0.0065,0,3.57449998509005e-09,-3.57449998509005e-09,4.55119473367191e-07
0.007,0,4.38805343681211e-09,-4.38805343681211e-09,5.58704316016021e-07
0.0075,0,5.3269101848944e-09,-5.3269101848944e-09,6.78243269866005e-07
0.008,0,6.40177788601924e-09,-6.40177788601924e-09,8.15099676109077e-07
0.0085,0,7.62321904418016e-09,-7.62321904418016e-09,9.70618394522837e-07
0.009,0,9.00152694799886e-09,-9.00152694799886e-09,1.14611000731914e-06
0.0095,0,1.05466017992413e-08,-1.05466017992413e-08,1.34283504733691e-06
0.01,0,1.22678297700359e-08,-1.22678297700359e-08,1.5619885991289e-06
0.0105,0,1.41739645870453e-08,-1.41739645870453e-08,1.80468522179018e-06
0.011,0,1.62730142116788e-08,-1.62730142116788e-08,2.07194452063468e-06
0.0115,6.99370682333136e-12,1.85988325240893e-08,-1.8591838817266e-08,2.36718643914852e-06
0.012,7.94974368906998e-11,2.12487858803093e-08,-2.11692884434186e-08,2.69535751800656e-06
0.0125,3.47152568971823e-10,2.43911196025882e-08,-2.40439670336164e-08,3.0613729639509e-06
0.013,1.00827486166486e-09,2.82601675183647e-08,-2.72518926566998e-08,3.4698187399388e-06
0.0135,2.32768045174043e-09,3.31538870702827e-08,-3.08262066185422e-08,3.92491452809048e-06
0.014,4.63407496295057e-09,3.9430836114065e-08,-3.47967611511145e-08,4.43046123263032e-06
0.0145,8.31672652735384e-09,4.75065427175925e-08,-3.91898161902387e-08,4.98980237243142e-06
0.015,1.38216642408691e-08,5.78493562624092e-08,-4.402769202154e-08,5.60577985452456e-06
0.0155,2.16472690459258e-08,7.0975724772103e-08,-4.93284557261773e-08,6.28069405112866e-06
0.016,3.23393439632887e-08,8.74450182847747e-08,-5.51056743214861e-08,7.01627236854131e-06
0.0165,4.65338554623494e-08,1.08037534983965e-07,-6.15036795216153e-08,7.83089169136389e-06
0.017,6.52573395357844e-08,1.34008285122878e-07,-6.87509455870941e-08,8.75364226594236e-06
0.0175,9.00555892327912e-08,1.671318443327e-07,-7.70762550999088e-08,9.81365359532992e-06
0.018,1.22970023855831e-07,2.09663246265306e-07,-8.66932224094759e-08,1.10381239032265e-05
0.0185,1.66515971661507e-07,2.64314501870572e-07,-9.77985302090655e-08,1.24520956079159e-05
0.019,2.23657318869002e-07,3.34227065004507e-07,-1.10569746135505e-07,1.40781773231053e-05
0.0195,2.97776508493412e-07,4.22939864731672e-07,-1.2516335623826e-07,1.59362934714327e-05
0.02,3.92640629530468e-07,5.34353678375652e-07,-1.41713048845184e-07,1.80434657794673e-05
0.0205,5.12363880159684e-07,6.72691429016285e-07,-1.60327548856601e-07,2.04135375314683e-05
0.021,6.61365798368794e-07,8.42455398074736e-07,-1.81089599705942e-07,2.30570439485867e-05
0.0215,8.44455327415487e-07,1.04886979987738e-06,-2.0441447246189e-07,2.60268589854656e-05
0.022,1.06759760333086e-06,1.29852364699172e-06,-2.30926043660865e-07,2.94024170698251e-05
0.0225,1.33822384695101e-06,1.59945595155859e-06,-2.61232104607578e-07,3.32611045940761e-05
0.023,1.66513270966171e-06,1.9610166761451e-06,-2.95883966483394e-07,3.76731166779751e-05
0.0235,2.0583981031037e-06,2.39376824169698e-06,-3.3537013859328e-07,4.27006522580276e-05
0.024,2.52926409547677e-06,2.90937607006033e-06,-3.8011197458356e-07,4.83973597467155e-05
0.0245,3.09003016681168e-06,3.52048695990997e-06,-4.3045679309829e-07,5.48074611272624e-05
0.025,3.75392275004306e-06,4.24059820059234e-06,-4.8667545054928e-07,6.19654429091146e-05
0.0255,4.53496121311894e-06,5.08391616533702e-06,-5.48954952218082e-07,6.98951153442263e-05
0.026,5.44780926895012e-06,6.06520782492273e-06,-6.17398555972611e-07,7.86096256326714e-05
0.0265,6.5078699407418e-06,7.20057553057826e-06,-6.9270558983646e-07,8.81980149838877e-05
0.027,7.73267500601089e-06,8.50861344627331e-06,-7.75938440262416e-07,9.87955506422231e-05
0.0275,9.14240992340396e-06,1.00105009147266e-05,-8.68090991322677e-07,0.000110528777858038
0.028,1.07596533476149e-05,1.17296696977167e-05,-9.70016350101783e-07,0.000123506317598926
0.0285,1.26091378078416e-05,1.36915494016706e-05,-1.08241159382901e-06,0.000137816924494291
0.029,1.47174789259584e-05,1.59232944266001e-05,-1.20581550064165e-06,0.000153529197907157
0.0295,1.71128975456391e-05,1.84534899224551e-05,-1.34059237681606e-06,0.000170689522753271
0.03,1.98249089592249e-05,2.13118436752302e-05,-1.48693471600537e-06,0.000189322408085759
0.0305,2.28840151372946e-05,2.45288613733571e-05,-1.64484623606252e-06,0.000209428327276359
0.031,2.63213625262138e-05,2.81355130195417e-05,-1.81415049332787e-06,0.000230984814820584
0.0315,3.01688062150608e-05,3.2164382421851e-05,-1.99557620679016e-06,0.000254084654101782
0.032,3.44610403726913e-05,3.66514330790913e-05,-2.19039270639993e-06,0.000278889461228787
0.0325,3.9236360284449e-05,4.16360726228881e-05,-2.39971233843912e-06,0.000305540864528958
0.033,4.45361528381137e-05,4.71605394775234e-05,-2.62438663940978e-06,0.000334147284997115
0.0335,5.04044431789266e-05,5.32694204578155e-05,-2.86497727888887e-06,0.000364780236624905
0.034,5.68873798363439e-05,6.00091459175425e-05,-3.1217660811986e-06,0.000397475602399498
0.0345,6.40327335226046e-05,6.74274582649436e-05,-3.39472474233898e-06,0.000432229778543687
0.035,7.18893322169549e-05,7.55728662896948e-05,-3.68353407273983e-06,0.000469002124579173
0.0355,8.05065284738944e-05,8.44940811624829e-05,-3.98755268858857e-06,0.000507710976982598
0.036,8.99336007236892e-05,9.42394475280742e-05,-4.30584680438507e-06,0.00054823744249146
0.0365,0.000100219769465524,0.000104858508743115,-4.63873927759086e-06,0.000590622628594491
0.037,0.000111417162256185,0.000116404465395653,-4.98730313946779e-06,0.000635003157875222
0.0375,0.00012358184982461,0.000128934203095709,-5.35235327109933e-06,0.000681482784215627
0.038,0.000136773040690233,0.000142507359007721,-5.73431831748784e-06,0.000730116084392473
0.0385,0.000151052394101847,0.00015718558670073,-6.13319259888301e-06,0.000780902335237488
0.039,0.000166483228112713,0.000173031800438012,-6.54857232529826e-06,0.000833790124612804
0.0395,0.000183129786983316,0.000190109392906615,-6.97960592329979e-06,0.000888671026821307
0.04,0.000201056400668156,0.000208481444797289,-7.42504412913321e-06,0.000945385980661607
0.0405,0.000220326731458267,0.000228209920414959,-7.88318895669212e-06,0.00100371879182799
0.041,0.000241002909514003,0.0002493548685936,-8.35195907959694e-06,0.00106340445761527
0.0415,0.000263145526241304,0.000271976444782662,-8.83091854135824e-06,0.00112438747031923
0.042,0.000286817489742689,0.000296138121790477,-9.32063204778764e-06,0.00118673973051691
0.0425,0.000312085387621749,0.000321906712990138,-9.82132536838829e-06,0.00125048998407426
0.043,0.000339018398519221,0.000349351143113663,-1.03327445944424e-05,0.00131560590232926
0.0435,0.000367687410232308,0.000378541493312873,-1.08540830805648e-05,0.00138198478000159
0.044,0.000398163975318126,0.000409548032277677,-1.1384056959551e-05,0.00144946315004178
0.0445,0.000430519395774913,0.000442440225743782,-1.19208299688683e-05,0.00151780721224271
0.045,0.000464823641225942,0.000477285747967653,-1.24621067417108e-05,0.00158672471142569
0.0455,0.00050114443214242,0.000514149487884561,-1.30050557421417e-05,0.00165585512523799
0.046,0.00053954615244978,0.000553092574065373,-1.35464216155937e-05,0.00172478396906291
0.0465,0.000580089874311594,0.00059417487171003,-1.40849973984359e-05,0.00179335756751805
0.047,0.000622838089741802,0.00063745894957095,-1.46208598291479e-05,0.00186158569125009
0.0475,0.000667856441447775,0.000683010150360617,-1.51537089128421e-05,0.00192943014372363
0.048,0.000715212410180669,0.000730895137057312,-1.5682726876643e-05,0.00199678680286228
0.0485,0.000764974314164787,0.000781180787771383,-1.62064736065953e-05,0.00206347230766238
0.049,0.000817210074904262,0.000833933084420683,-1.67230095164209e-05,0.00212923970232896
0.0495,0.000871986198207291,0.000889215986455108,-1.72297882478171e-05,0.00219376477445339
0.05,0.000929366517006438,0.000947090316641753,-1.77237996353149e-05,0.00225666425786455
0.0505,0.000989411190893643,0.00100761265081567,-1.820145992203e-05,0.00231748185446407
0.051,0.00105217546284758,0.001070834238712,-1.86587758644217e-05,0.00237570912869317
0.0515,0.00111770976638004,0.00113680394457358,-1.90941781935314e-05,0.0024311462750224
0.052,0.00118606522666365,0.00120557289402647,-1.95076673628249e-05,0.00248379335118882
0.0525,0.00125729575748711,0.00127719463034559,-1.98988728584736e-05,0.00253360318190658
0.053,0.00133145659646277,0.00135172351817242,-2.02669217096477e-05,0.00258046461707751
0.0535,0.00140860326194423,0.00142921355848324,-2.06102965390113e-05,0.00262418445821875
0.054,0.00148879019616288,0.00150971720274182,-2.0927006578942e-05,0.00266450923292419
0.0545,0.00157206971484303,0.0015932841574307,-2.12144425876708e-05,0.00270110672221362
0.055,0.00165849063885083,0.00167996020729582,-2.14695684449954e-05,0.00273359035525663
0.0555,0.00174809727620082,0.0017697860494967,-2.16887732958819e-05,0.00276150038371129
0.056,0.00184092808213567,0.00186279616667531,-2.18680845396448e-05,0.00278433100034874
0.0565,0.00193701586956513,0.00195902212626503,-2.20062566998933e-05,0.00280192362618973
0.057,0.00203639389583784,0.00205849775986934,-2.21038640314968e-05,0.0028143513776351
0.0575,0.00213909826984916,0.00216125941029834,-2.21611404491759e-05,0.00282164403763207
0.058,0.00224516639167432,0.00226734425434393,-2.21778626696119e-05,0.00282377317686556
0.0585,0.00235463591486587,0.00237678908250708,-2.21531676412186e-05,0.00282062890819469
0.059,0.00246754331400778,0.00248962907948962,-2.2085765481844e-05,0.00281204699872306
0.0595,0.00258392284394908,0.0026058965979212,-2.1973753972118e-05,0.0027977852503582
0.06,0.0027038051020527,0.00272561995304009,-2.18148509873858e-05,0.00277755309396445
0.0605,0.0028272160254963,0.00284882223211232,-2.16062066160203e-05,0.00275098766752355
0.061,0.00295417548987566,0.00297552014565652,-2.13446557808606e-05,0.00271768598089517
0.0615,0.00308469760932084,0.00310572757221071,-2.10299628898699e-05,0.00267761803756954
0.062,0.00321879720039738,0.00323946109543492,-2.06638950375417e-05,0.00263100883100547
0.0625,0.00335649240856775,0.00337674031668755,-2.02479081198087e-05,0.00257804373163046
0.063,0.00349780308374681,0.00351758612766274,-1.97830439159228e-05,0.00251885538289852
0.0635,0.00364274976138264,0.00366201946930151,-1.92697079188764e-05,0.00245349541378098
0.064,0.00379135217707472,0.00381006009008843,-1.87079130137152e-05,0.00238196546485277
0.0645,0.00394362824330164,0.0039617252986652,-1.809705536356e-05,0.00230418865321462
0.065,0.0040995925609405,0.0041170287364902,-1.74361755497067e-05,0.0022200428218831
0.0655,0.00425925543367089,0.00427597916699985,-1.67237333289607e-05,0.00212933186100381
0.066,0.00442262141918166,0.00443857930616657,-1.59578869849105e-05,0.00203182127596026
0.0665,0.00458968968619024,0.0046048295108734,-1.51398246831585e-05,0.00192766234869549
0.067,0.0047604606856594,0.00477473352677374,-1.4272841114338e-05,0.0018172745722497
0.0675,0.00493493890637275,0.0049482988311097,-1.33599247369469e-05,0.00170103844897662
0.068,0.00511313119942123,0.00512553486238207,-1.24036629608401e-05,0.00157928341813085
0.0685,0.00529504576814641,0.00530645175408327,-1.14059859368651e-05,0.00145225523415097
0.069,0.00548069063734419,0.00549105906524436,-1.03684279001799e-05,0.00132014924192444
0.0695,0.00567007263507401,0.00567936450579312,-9.29187071911294e-06,0.00118307772441414
0.07,0.00586319585936045,0.0058713726798724,-8.17682051194868e-06,0.00104110512260147
0.0705,0.00606006069466132,0.00606708384668646,-7.02315202513477e-06,0.000894215488708843
0.071,0.00626066231965845,0.0062664927211731,-5.83040151464972e-06,0.000742349777013582
0.0715,0.00646499108899972,0.00646959224545385,-4.60115645412301e-06,0.000585837434890283
0.072,0.00667303932186014,0.00667637946488763,-3.34014302749101e-06,0.000425280218767298
0.0725,0.00688480412565826,0.0068868558747345,-2.05174907624058e-06,0.000261236805974335
0.073,0.00710028567361331,0.00710102560234973,-7.39928736416366e-07,9.42106527491238e-05
0.0735,0.00731948618453814,0.00731889410566349,5.92078874649647e-07,7.53858236806224e-05
0.074,0.00754240834820896,0.00754046686597679,1.94148223216836e-06,0.000247197195339744
0.0745,0.00776905429278361,0.00776574807593788,3.30621684573214e-06,0.000420960603145571
0.075,0.00799942400763199,0.00799473934351428,4.6846641177066e-06,0.00059646996084659
0.0755,0.00823351434192537,0.0082274384142847,6.07592764067383e-06,0.000773611134305534
0.076,0.00847131746910872,0.00846383793214876,7.47953695996034e-06,0.000952324223372973
0.0765,0.00871282127192607,0.00870392928004898,8.89199187709307e-06,0.00113216356893787
0.077,0.00895801624082261,0.00894770856921883,1.03076716037841e-05,0.00131241351000816
0.0775,0.00920689834206322,0.00919517697809224,1.17213639709846e-05,0.00149241041260915
0.078,0.00945946724652954,0.00944633887722246,1.31283693070878e-05,0.00167155589596715
0.0785,0.00971572527843556,0.00970120048190003,1.45247965355338e-05,0.0018493545328274
0.079,0.00997567579370616,0.00995976849698432,1.5907296721844e-05,0.00202537992360879
0.0795,0.010239322111966,0.0102220487568027,1.72733551632668e-05,0.00219931188641266
0.08,0.0105066658911191,0.0104880448795521,1.86210115669955e-05,0.00237090082900696
0.0805,0.0107777060870648,0.0107577569403161,1.99491467487711e-05,0.00254000425242603
0.081,0.0110524373692762,0.0110311801816541,2.12571876221489e-05,0.00270654918903749
0.0815,0.0113308504967797,0.0113083089406677,2.2541556112067e-05,0.00287008006417504
0.082,0.011612939373288,0.0115891427806673,2.37965926207211e-05,0.00302987627546551
0.0825,0.0118987039630757,0.0118736868196858,2.5017143389967e-05,0.00318528162604159
0.083,0.0121881484605071,0.0121619497836442,2.61986768629267e-05,0.00333571914016164
0.0835,0.0124812801856774,0.0124539426007059,2.73375849714989e-05,0.003480729424327
0.084,0.012778107904467,0.0127496769860706,2.84309183963827e-05,0.00361993695954128
0.0845,0.0130786407029181,0.0130491640208755,2.94766820426156e-05,0.0037530877224243
0.085,0.0133828863005047,0.013352412744612,3.04735558926614e-05,0.00388001364312337
0.0855,0.0136908499490876,0.013659428765788,3.14211832995945e-05,0.00400066931194158
0.086,0.0140025327852843,0.0139702129100272,3.23198752570919e-05,0.00411509432582369
0.0865,0.0143179321887431,0.0142847652592051,3.31669295379859e-05,0.00422294462652084
0.087,0.0146370490578063,0.0146030914681678,3.39575896385284e-05,0.00432361459716633
0.0875,0.0149598907882644,0.0149252030815828,3.46877066815781e-05,0.00441657598631594
0.088,0.0152864693642819,0.0152511154976996,3.53538665823772e-05,0.00450139409919736
0.0885,0.0156168001796801,0.0155808464902613,3.5953689418753e-05,0.00457776591470825
0.089,0.0159509002807643,0.0159144147196624,3.64855611019073e-05,0.00464548592067994
0.0895,0.0162887871625443,0.0162518382367995,3.69489257448369e-05,0.00470448333938094
0.09,0.0166304770011419,0.0165931330003032,3.73440008387023e-05,0.00475478586264588
0.0905,0.0169759834729367,0.0169383114115398,3.76720613969352e-05,0.00479655583022688
0.091,0.0173253160243643,0.0172873808880531,3.7935136311229e-05,0.00483005156863756
0.0915,0.0176784802066853,0.0176403480338503,3.81321728350099e-05,0.00485513903802106
0.092,0.0180354852237368,0.0179972251745137,3.82600492230892e-05,0.0048714207654351
0.0925,0.0183963469906064,0.0183580306612102,3.83163293962499e-05,0.00487858657964038
0.093,0.0187610861258234,0.0187227867314279,3.82993943955877e-05,0.00487643034838705
0.0935,0.01912972668498,0.0190915179485305,3.82087364495173e-05,0.00486488742018893
0.094,0.0195022943088127,0.0194642496306075,3.80446782051284e-05,0.00484399887574935
0.0945,0.0198788149306332,0.0198410062712392,3.78086593939633e-05,0.00481394802738167
0.095,0.0202593129121501,0.020221809974976,3.75029371741005e-05,0.00477502226537831
0.0955,0.0206438097755093,0.0206066789110743,3.71308644349921e-05,0.00472764849288324
0.096,0.0210323223773741,0.0209956258083377,3.66965690363971e-05,0.00467235228532447
0.0965,0.0214248632220568,0.0213886622638363,3.6200958220458e-05,0.00460924915635925
0.097,0.02182144830481,0.0217858055096374,3.56427951725448e-05,0.00453818162985796
0.0975,0.0222221002661506,0.0221870787074158,3.50215587347699e-05,0.00445908334993742
0.098,0.0226268462775843,0.0225925087069831,3.43375706012457e-05,0.00437199527596416
0.0985,0.0230357166918301,0.0230021244068929,3.359228493717e-05,0.00427710255800162
0.099,0.0234487430927484,0.0234159551061303,3.27879866181616e-05,0.00417469611544906
0.0995,0.0238659569224298,0.0238340288485728,3.19280738569905e-05,0.00406520862219452
0.1,0.0242873875209279,0.0242563707852227,3.1016735705245e-05,0.0039491734448517
0.1005,0.0247130607839365,0.0246830015568919,3.00592270446494e-05,0.00382725965574203
0.101,0.0251429972457739,0.0251139357223041,2.9061523469813e-05,0.00370022809120149
0.1015,0.0255772123846592,0.0255491862005512,2.80261841079654e-05,0.00356840458942898
0.102,0.0260157247498433,0.0259887712586769,2.69534911664787e-05,0.00343182508218306
0.1025,0.0264585592236376,0.0264327148085215,2.58444151161157e-05,0.00329061313363897
0.103,0.0269057448147316,0.0268810440843122,2.47007304193803e-05,0.00314499467537977
0.1035,0.027357313250858,0.0273337879455217,2.35253053363881e-05,0.00299533490562584
0.104,0.0278132969485695,0.0277909751740381,2.23217745313441e-05,0.00284209660419695
0.1045,0.0282737275896192,0.0282526327667087,2.10948229105168e-05,0.00268587627188553
0.105,0.0287386340866202,0.0287187842498117,1.98498368084964e-05,0.00252735971811172
0.1055,0.0292080411991403,0.0291894480176449,1.85931814954098e-05,0.00236735739423938
0.106,0.0296819675510404,0.029664635721548,1.73318294924008e-05,0.00220675706923318
0.1065,0.0301604259508289,0.0301443568285198,1.60691223090904e-05,0.002045984197312
0.107,0.030643431753122,0.0306286257931326,1.48059599894348e-05,0.00188515337563151
0.1075,0.0311310062307517,0.0311174623734014,1.35438573503344e-05,0.00172445747666977
0.108,0.0316231743099364,0.0316108892651337,1.22850448026762e-05,0.00156418048516106
0.1085,0.0321199631461604,0.032108930380971,1.10327651894337e-05,0.00140473529269646
0.109,0.0326214000492062,0.0326116091272589,9.79092194725723e-06,0.00124661890026633
0.1095,0.033127511050963,0.0331189466797371,8.56437122591369e-06,0.00109044961206253
0.11,0.0336383188343324,0.0336309602850555,7.35854927686602e-06,0.000936919593118816
0.1105,0.0341538413500216,0.0341476615903741,6.17975964747192e-06,0.000786831436011987
0.111,0.0346740898063012,0.0346690550275771,5.03477872407232e-06,0.000641047937048012
0.1115,0.0351990690264318,0.0351951424556995,3.9265707322822e-06,0.00049994651315414
0.112,0.0357287859600681,0.0357259304558989,2.85550416912611e-06,0.000363574082828749
0.1125,0.0362632531504672,0.0362614306795266,1.82247094061838e-06,0.000232044207072601
0.113,0.0368024864539656,0.0368016574806714,8.28973294217383e-07,0.000105548157972695
0.1135,0.0373465036399957,0.0373466262056159,-1.22565620160053e-07,1.56055394412769e-05
0.114,0.0378953223111721,0.0378963514825594,-1.02917138730674e-06,0.000131038170862889
0.1145,0.0384489585016632,0.0384508455131507,-1.88701148740728e-06,0.000240261764713646
0.115,0.0390074246080933,0.0390101163921155,-2.69178402221432e-06,0.000342728586296954
0.1155,0.0395707280430929,0.0395741664579129,-3.43841481992985e-06,0.000437792571993812
0.116,0.0401388692339083,0.0401429907000261,-4.12146611784847e-06,0.000524761364353079
0.1165,0.0407118420267362,0.0407165814394937,-4.73941275751927e-06,0.000603440774169585
0.117,0.0412896422415443,0.0412949356687404,-5.29342719614301e-06,0.000673980083330585
0.1175,0.0418722711992369,0.0418780554332617,-5.784234024718e-06,0.000736471549627359
0.118,0.042459733461157,0.0424659454935119,-6.21203235486728e-06,0.000790940524739132
0.1185,0.043052035479682,0.0430586116470785,-6.57616739647288e-06,0.000837303638198735
0.119,0.0436491835436933,0.0436560590516835,-6.87550799016723e-06,0.00087541686632235
0.1195,0.0442511824300962,0.0442582905516486,-7.10812155240576e-06,0.00090503414493073
0.12,0.044858033363952,0.0448653050325023,-7.27166855030159e-06,0.0009258575954451
0.1205,0.0454697327266145,0.0454770958078306,-7.36308121607188e-06,0.000937496617539938
0.121,0.0460862700864109,0.0460936490622622,-7.37897585133263e-06,0.000939520385356251
0.1215,0.0467076286426529,0.0467149485191621,-7.31987650912092e-06,0.000931995623399073
0.122,0.0473337937180611,0.0473409827461362,-7.1890280750192e-06,0.000915335483332575
0.1225,0.0479647562972547,0.0479717455585137,-6.98926125895782e-06,0.000889900382339057
0.123,0.0486005108058337,0.048607233723837,-6.72291800335456e-06,0.000855988505788299
0.1235,0.0492410538168669,0.0492474453220337,-6.39150516681258e-06,0.000813791712876489
0.124,0.049886382035519,0.0498923781052701,-5.99606975108108e-06,0.000763443312006675
0.1245,0.0505364910051343,0.0505420278615371,-5.53685640285184e-06,0.000704974452563105
0.125,0.0511913731070467,0.0511963868046427,-5.01369759598608e-06,0.000638363804455309
0.1255,0.0518510163204985,0.0518554419961344,-4.42567563595231e-06,0.000563494523186542
0.126,0.0525154022921281,0.0525191738210354,-3.77152890724403e-06,0.000480205974881489
0.1265,0.0531845067995239,0.0531875605993693,-3.05379984544968e-06,0.000388821872493266
0.127,0.0538583081019163,0.0538605857961367,-2.27769422033591e-06,0.000290005035214641
0.1275,0.0545367904420584,0.0545382384276593,-1.44798560086645e-06,0.000184363252723027
0.128,0.0552199418678569,0.0552205108056451,-5.68937788193724e-07,7.24394090422408e-05
0.1285,0.0559077529823713,0.055907396927233,3.56055138275857e-07,4.53343482158968e-05
0.129,0.0566002149665004,0.0565988908627671,1.32410373328978e-06,0.000168590123455601
0.1295,0.0572973183249397,0.0572949851467673,2.33317817242146e-06,0.000297069471403992
0.13,0.057999050922427,0.0579956691928777,3.38172954938987e-06,0.00043057517918826
0.1305,0.0587053967785886,0.0587009277396764,4.46903891219985e-06,0.000569015706997307
0.131,0.0594163341709041,0.0594107393474168,5.59482348731766e-06,0.000712355050986593
0.1315,0.060131836094531,0.0601250809286554,6.75516587561598e-06,0.000860094432407979
0.132,0.0608518784355815,0.0608439348324674,7.94360311407588e-06,0.00101141096125228
0.1325,0.0615764434033832,0.061567289236755,9.1541666282155e-06,0.00116554469501389
0.133,0.062305517387045,0.0622951359203454,1.03814666995161e-05,0.00132180939341752
0.1335,0.0630390897284256,0.0630274686697826,1.16210586429966e-05,0.00147963914159496
0.134,0.0637771507737153,0.0637642816821,1.28690916153529e-05,0.0016385436349487
0.1345,0.0645196906384219,0.0645055679701356,1.41226682862511e-05,0.00179815397392321
0.135,0.0652666972702507,0.0652513177897784,1.53794804722274e-05,0.00195817627147221
0.1355,0.0660181552580979,0.0660015170970077,1.66381610901961e-05,0.00211843646517116
0.136,0.0667740439583294,0.0667561460535363,1.78979047930905e-05,0.00227883201504678
0.1365,0.0675343379334537,0.0675151834732717,1.91544601819832e-05,0.00243882161617561
0.137,0.0682990149563017,0.0682786137818296,2.04011744721344e-05,0.0025975582096963
0.1375,0.0690680593613295,0.0690464273862239,2.16319751055044e-05,0.00275426861350548
0.138,0.0698414599250915,0.0698186184633195,2.28414617720052e-05,0.00290826523876735
0.1385,0.0706192086429813,0.0705951833728128,2.40252701685234e-05,0.003058992405151
0.139,0.0714012987991526,0.0713761190652686,2.5179733884037e-05,0.00320598329070639
0.1395,0.0721877237324379,0.0721614214923222,2.63022401157248e-05,0.00334890522304604
0.14,0.07297847491566,0.0729510840377206,2.73908779393206e-05,0.0034875148957357
0.1405,0.0737735407621569,0.0737450959774803,2.84447846765762e-05,0.00362170246916936
0.141,0.0745729047658497,0.0745434409873955,2.9463778454239e-05,0.00375144478652529
0.1415,0.0753765459110403,0.0753461015169217,3.04443941186866e-05,0.00387630065074144
0.142,0.0761844465437934,0.0761530656442685,3.13808995249382e-05,0.00399554022245122
0.1425,0.0769965956494518,0.0769643274237796,3.22682256722745e-05,0.00410851809643783
0.143,0.0778129867473741,0.0777798846840463,3.31020633278223e-05,0.0042146856041311
0.1435,0.078633616659226,0.0785997374426508,3.38792165751889e-05,0.00431363582881775
0.144,0.0794584835890841,0.0794238863159669,3.45972731172206e-05,0.0044050616272848
0.1445,0.0802875858797099,0.080252330931099,3.52549486108689e-05,0.00448879947189642
0.145,0.0811209201008642,0.0810850683585522,3.58517423119792e-05,0.00456478560592667
0.1455,0.0819584798447249,0.0819220915737642,3.63882709606411e-05,0.00463309855516264
0.146,0.0828002538733431,0.0827633879657642,3.68659075789396e-05,0.00469391313820576
0.1465,0.083646226500282,0.083608943653131,3.72828471509878e-05,0.00474699953329544
0.147,0.0844963853695853,0.0844587502565381,3.76351130472602e-05,0.004791851420235
0.1475,0.0853507246755593,0.0853128052293756,3.79194461837262e-05,0.00482805383955771
0.148,0.0862092430658345,0.0861711096653685,3.81334004659895e-05,0.00485529534485201
0.1485,0.0870719423977169,0.0870336667168267,3.82756808901819e-05,0.00487341105110435
0.149,0.0879388258242642,0.087900480008694,3.83458155702315e-05,0.00488234087591401
0.1495,0.0888098965390921,0.0887715520550112,3.83444840808961e-05,0.00488217134542648
0.15,0.0896851558703816,0.0896468826967268,3.82731736548736e-05,0.00487309181999011
0.1505,0.0905646020652071,0.0905264675684547,3.81344967523983e-05,0.00485543492837282
0.151,0.0914482284422007,0.091410296612834,3.79318293666636e-05,0.00482963051537827
0.1515,0.0923360237508543,0.0922983583457556,3.76654050987663e-05,0.00479570832402186
0.152,0.0932279798815504,0.0931906465551553,3.7333326395092e-05,0.00475342675027362
0.1525,0.0941240950424196,0.0940871606214877,3.69344209319444e-05,0.00470263652924458
0.153,0.0950243716701089,0.0949879033410287,3.64683290802331e-05,0.00464329187153681
0.1535,0.0959288151792937,0.0958928793544119,3.59358248818303e-05,0.00457549133122242
0.154,0.096837432055731,0.0968020935722008,3.53384835302256e-05,0.00449943546816555
0.1545,0.0977502285962685,0.0977155496034906,3.4678992777884e-05,0.0044154664976387
0.155,0.0986672090107181,0.0986332482068942,3.39608038238959e-05,0.00432402383995774
0.1555,0.0995883742033343,0.0995551857708808,3.31884324534654e-05,0.00422568246275239
0.156,0.100513719934111,0.10048135284252,3.23670915905877e-05,0.00412110609612012
0.1565,0.101443237164062,0.101411738336806,3.14988272561573e-05,0.00401055524753212
0.157,0.10237691969178,0.102346336150888,3.05835408914296e-05,0.0038940173680993
0.1575,0.103314767294512,0.103285145479886,2.9621814626235e-05,0.00377156657689369
0.158,0.104256783653167,0.104228168667913,2.86149852535417e-05,0.00364337307968228
0.1585,0.105202975107968,0.105175409657892,2.75654500763445e-05,0.00350974211056247
0.159,0.10615334876631,0.106126872439934,2.64763263763401e-05,0.00337107057416709
0.1595,0.107107911252331,0.107082559503792,2.53517485387239e-05,0.00322788487676852
0.16,0.108066666825875,0.108042470314881,2.4196510994362e-05,0.00308079546426409
0.1605,0.10902961617663,0.109006599820377,2.30163562526531e-05,0.00293053349565903
0.161,0.109996754604514,0.109974937004516,2.18175999975034e-05,0.00277790310880352
0.1615,0.110968072360331,0.110947469025396,2.06033349346713e-05,0.00262329807922469
0.162,0.111943562176019,0.111924187715843,1.93744601759555e-05,0.00246683288539231
0.1625,0.112923222367292,0.112905089898673,1.81324686191059e-05,0.0023086976089515
0.163,0.113907054787527,0.113890175282406,1.68795051212478e-05,0.00214916534159324
0.1635,0.114895063608713,0.114879444946678,1.5618662034908e-05,0.00198862981386987
0.164,0.115887253459301,0.115872899827829,1.43536314713838e-05,0.0018275611199921
0.1645,0.116883628203349,0.116870539209983,1.30889933658979e-05,0.00166654239542374
0.165,0.117884189092995,0.117872359240741,1.182985225473e-05,0.00150622356990966
0.1655,0.118888933595615,0.118878351477867,1.05821177480009e-05,0.00134735707837985
0.166,0.119897853610481,0.119888501485579,9.35212490230097e-06,0.00119074952529121
0.1665,0.120910935813776,0.120902792874892,8.14293888398709e-06,0.0010367911797454
0.167,0.121928169028628,0.121921213650659,6.95537796897849e-06,0.000885586227868316
0.1675,0.122949547277341,0.122943756529076,5.79074826474735e-06,0.000737300968428285
0.168,0.123975067785181,0.1239704168975,4.65088768122901e-06,0.00059216941138624
0.1685,0.125004729808155,0.125001191351025,3.5384571297481e-06,0.000450530354494536
0.169,0.126038532821203,0.126036076230578,2.45659062536596e-06,0.000312782832944163
0.1695,0.127076475348362,0.127075066168069,1.40918029212234e-06,0.000179422407359161
0.17,0.128118553169491,0.128118152656685,4.00512806086883e-07,5.09948742882666e-05
0.1705,0.129164758201121,0.129165322652936,-5.64451815260325e-07,7.18682372286992e-05
0.171,0.130215076769889,0.130216557227972,-1.4804580827088e-06,0.000188497777522765
0.1715,0.131269489967963,0.131271835484709,-2.34551674652139e-06,0.00029864046745096
0.172,0.132327980798739,0.132331140706561,-3.15990782143172e-06,0.00040233195959648
0.1725,0.133390537158884,0.133394460677791,-3.92351890668441e-06,0.000499557942650666
0.173,0.134457149914494,0.134461785725171,-4.63581067694507e-06,0.000590249747579195
0.1735,0.135527811794023,0.135533107318976,-5.2955249527642e-06,0.000674247177999118
0.174,0.136602515647261,0.136608416676269,-5.90102900777101e-06,0.000751342348732335
0.1745,0.137681253343578,0.137687703372496,-6.45002891808133e-06,0.000821243188318651
0.175,0.138764014052575,0.138770953977932,-6.93992535688581e-06,0.00088361874018973
0.1755,0.139850783193812,0.139858150726127,-7.36753231506126e-06,0.00093806334906502
0.176,0.140941540785251,0.140949270230221,-7.72944496962857e-06,0.000984143499418538
0.1765,0.142036261809401,0.142044287251069,-8.02544166772501e-06,0.00102183096953128
0.177,0.143134923072115,0.14314318060614,-8.25753402541873e-06,0.00105138188631593
0.1775,0.144237506089347,0.14424593348987,-8.42740052298119e-06,0.00107300996051814
0.178,0.145343995253421,0.145352531608852,-8.53635543127118e-06,0.00108688253030093
0.1785,0.146454376800878,0.146462961854668,-8.58505379011665e-06,0.0010930829979255
0.179,0.147568637156923,0.147577210978993,-8.57382206959079e-06,0.00109165293085261
0.1795,0.148686761909515,0.148695264277657,-8.50236814201044e-06,0.00108255513423041
0.18,0.149808734176955,0.149817104298383,-8.37012142776428e-06,0.00106571695960646
0.1805,0.150934533631789,0.150942709579945,-8.17594815652467e-06,0.00104099405085918
0.181,0.152064134935117,0.152072053436826,-7.91850170983599e-06,0.00100821495120162
0.1815,0.153197508106798,0.153205107556698,-7.59944990014194e-06,0.00096759201310944
0.182,0.154334625047403,0.154341847636796,-7.22258939273024e-06,0.000919608643020886
0.1825,0.155475462303414,0.155482253697786,-6.79139437195775e-06,0.000864707187826843
0.183,0.156619999332079,0.156626308315802,-6.30898372333544e-06,0.000803284756364116
0.1835,0.157768217543013,0.157773995367191,-5.77782417771067e-06,0.000735655422558815
0.184,0.15892009873355,0.15892529877485,-5.20004129950236e-06,0.000662089821678242
0.1845,0.160075624135499,0.160080201263516,-4.57712801724131e-06,0.000582778039286688
0.185,0.161234772873226,0.161238683136889,-3.91026366353131e-06,0.000497870232674906
0.1855,0.16239752105646,0.162400721084907,-3.20002844764189e-06,0.000407440276381513
0.186,0.163563840301978,0.163566287033485,-2.44673150684438e-06,0.000311527530986372
0.1865,0.16473369809599,0.164735351556651,-1.65346066152705e-06,0.00021052514999202
0.187,0.165907063950267,0.16590788922066,-8.25270393051136e-07,0.000105076689953184
0.1875,0.167083912023739,0.167083878883032,3.31407067066802e-08,4.21960583194151e-06
0.188,0.168264219484676,0.168263302017454,9.17467221944746e-07,0.000116815554797836
0.1885,0.169447965615784,0.169446141524769,1.82409101590064e-06,0.000232250481464083
0.189,0.170635130337131,0.170632380544671,2.7497924597053e-06,0.000350114449951136
0.1895,0.171825693314156,0.1718220012759,3.6920382554817e-06,0.000470084910755432
0.19,0.173019632501582,0.173014983816271,4.64868531052653e-06,0.000591888996839184
0.1905,0.174216923292728,0.174211305031229,5.61826149952926e-06,0.000715339271386373
0.191,0.175417537122714,0.175410937461759,6.5996609556751e-06,0.00084029493106102
0.1915,0.176621441810161,0.176613852545061,7.58926509966673e-06,0.000966295244037413
0.192,0.17782860734253,0.177820025660746,8.58168178397012e-06,0.00109265366076842
0.1925,0.179039008341274,0.17902943640799,9.57193328396388e-06,0.00121873639767095
0.193,0.180252622513559,0.180242067015875,1.05554976840561e-05,0.00134396770657006
0.1935,0.181469429806853,0.181457901213201,1.1528593651805e-05,0.00146786613326609
0.194,0.182689411011065,0.182676923098334,1.24879127315902e-05,0.00159001043210624
0.1945,0.183912546913828,0.183899116017053,1.34308967743579e-05,0.00171007488943685
0.195,0.185138816921526,0.185124461458605,1.43554629211673e-05,0.00182779430742096
0.1955,0.186368198251477,0.186352937978686,1.52602727910567e-05,0.00194299827810194
0.196,0.187600664607891,0.187584520159154,1.61444487364049e-05,0.00205557505591403
0.1965,0.188836186493623,0.188819181638973,1.70048546493107e-05,0.00216512533919759
0.197,0.190074736639783,0.190056899868088,1.78367716944794e-05,0.0022710483071824
0.1975,0.191316292312852,0.191297656359528,1.86359533241032e-05,0.00237280327260869
0.198,0.1925608338467,0.192541435179044,1.93986676556568e-05,0.00246991507743572
0.1985,0.193808343834872,0.193788221868653,2.01219662194496e-05,0.00256200831084284
0.199,0.195058805803479,0.195038002370106,2.08034333727125e-05,0.00264877540364008
0.1995,0.196312203402967,0.196290761956141,2.14414468261426e-05,0.0027300097995381
0.2,0.197568519098325,0.197546484178913,2.20349194115232e-05,0.00280557307598039
0.2005,0.198827733394663,0.198805149844145,2.25835505181793e-05,0.00287542695802701
0.201,0.200089823578802,0.200066736020049,2.30875587534374e-05,0.00293959927962729
0.2015,0.201354763998061,0.201331218884699,2.35451133620002e-05,0.00299785694177709
0.202,0.202622531158943,0.202598578197938,2.39529610049916e-05,0.00304978571650546
0.2025,0.203893105883807,0.203868797529824,2.43083539828437e-05,0.00309503575583771
0.203,0.205166471916809,0.205141862827967,2.46090888422756e-05,0.00313332650738862
0.2035,0.206442615148477,0.206417761394448,2.48537540285254e-05,0.00316447824642394
0.204,0.207721522354465,0.207696480863189,2.50414912761898e-05,0.00318838169519855
0.2045,0.209003180419871,0.208978008185243,2.51722346279737e-05,0.00320502845576879
0.205,0.210287575094702,0.210262328630884,2.52464638179628e-05,0.00321447960977557
0.2055,0.211574690250537,0.211549424816582,2.52654339547853e-05,0.00321689496261272
0.206,0.212864506684993,0.212839275765429,2.52309195643563e-05,0.00321250045393705
0.2065,0.214157002370594,0.214131859576448,2.5142794145866e-05,0.00320127997716523
0.207,0.215452157244092,0.215427157621809,2.49996222837223e-05,0.00318305076950776
0.2075,0.216749955224103,0.216725154756106,2.48004679970493e-05,0.0031576936581782
0.208,0.218050382889754,0.218025837965149,2.45449246045193e-05,0.0031251568629017
0.2085,0.219353428739654,0.21932919540068,2.42333389739169e-05,0.00308548454825628
0.209,0.220659081996776,0.220635215416463,2.38665803133364e-05,0.00303878738525377
0.2095,0.221967331868759,0.221943885612794,2.34462559649817e-05,0.00298527002705974
0.21,0.223278166369911,0.223255191897767,2.29744721435277e-05,0.00292520064525558
0.2105,0.224591571613722,0.224569117572888,2.24540408332863e-05,0.00285893727280382
0.211,0.225907530682516,0.225885642451101,2.18882314148294e-05,0.00278689618016753
0.2115,0.227226023853133,0.227204745348466,2.12785046669883e-05,0.00270926335948413
0.212,0.228547033084415,0.228526408004849,2.06250795659613e-05,0.0026260666916691
0.2125,0.229870543904948,0.229850615279117,1.99286258301123e-05,0.00253739144791296
0.213,0.231196544168569,0.231177353887267,1.91902813024836e-05,0.00244338250289139
0.2135,0.232525023355951,0.232506611502419,1.8411853531769e-05,0.00234427000085201
0.214,0.233855971450724,0.233838375857291,1.75955934333394e-05,0.00224034053724101
0.2145,0.235189378244866,0.235172633855722,1.67443891443408e-05,0.00213196184110089
0.215,0.236525232233129,0.236509370700987,1.58615321421418e-05,0.00201955299634628
0.2155,0.237863519951231,0.23784856904801,1.49509032202622e-05,0.00190360812095461
0.216,0.23920422491724,0.23919020818688,1.40167303599448e-05,0.00178466553821716
0.2165,0.240547327841543,0.240534266350285,1.30614912575155e-05,0.00166304071822814
0.217,0.241892810801241,0.241880724344888,1.20864563530887e-05,0.00153889541844681
0.2175,0.243240659000604,0.243229565735996,1.10932646071871e-05,0.00141243831780816
0.218,0.244590859611872,0.244580775684908,1.00839269647768e-05,0.0012839254577775
0.2185,0.245943401131108,0.24593434012261,9.06100849820679e-06,0.00115368343350983
0.219,0.247298272334242,0.247290244926956,8.02740728633733e-06,0.00102208123986599
0.2195,0.248655461639519,0.248648475109584,6.98652993505466e-06,0.000889552619378759
0.22,0.250014956083492,0.250009014019436,5.94206405613029e-06,0.000756567093361451
0.2205,0.251376740716911,0.251371842569657,4.89814725473936e-06,0.000623651478067013
0.221,0.252740797627204,0.25273693849435,3.85913285355644e-06,0.00049136005575347
0.2215,0.254107106138667,0.254104278459296,2.82767937070938e-06,0.000360031319461902
0.222,0.255475646645965,0.255473841382747,1.8052632184129e-06,0.000229853251833918
0.2225,0.256846402242165,0.256845608610784,7.93631380668902e-07,0.000101048285781041
0.223,0.258219357655874,0.258219562863646,-2.05207771941662e-07,2.61278650123119e-05
0.2235,0.25959449867353,0.259595687490748,-1.1888172180563e-06,0.000151364909349133
0.224,0.260971811185929,0.260973965729921,-2.15454399210557e-06,0.000274325061162038
0.2245,0.262351280619711,0.262354379977041,-3.09935733011635e-06,0.000394622431596893
0.225,0.263732891005568,0.263736911071681,-4.02006611271988e-06,0.000511850714716471
0.2255,0.265116624443282,0.265121537605476,-4.91316219325411e-06,0.000625563239414887
0.226,0.266502460215733,0.266508235258402,-5.77504266874307e-06,0.000735301269837656
0.2265,0.267890374982524,0.267896978697668,-6.60371514343838e-06,0.000840811126279219
0.227,0.269280346235557,0.269287744563485,-7.39832792839845e-06,0.000941984368335548
0.2275,0.270672353783349,0.270680511634208,-8.15785085833687e-06,0.00103868983128862
0.228,0.272066378796068,0.272075259889657,-8.8810935888195e-06,0.00113077595577789
0.2285,0.273462403304336,0.273471969853129,-9.56654879341601e-06,0.00121805082304157
0.229,0.274860409346722,0.274870621938034,-1.02125913120643e-05,0.0013003075112739
0.2295,0.276260378479715,0.276271195805437,-1.08173257216126e-05,0.00137730468770381
0.23,0.277662290948337,0.27767366973664,-1.13787883027627e-05,0.00144879232382474
0.2305,0.279066125228792,0.279078020027541,-1.18947987492457e-05,0.0015144928144206
0.231,0.280471857243566,0.280484220408488,-1.23631649220912e-05,0.00157412704768892
0.2315,0.281879460548506,0.281892243717241,-1.27831687349866e-05,0.00162760359404072
0.232,0.283288909373496,0.283302064527682,-1.31551541853181e-05,0.00167496625258353
0.2325,0.284700179948589,0.284713659302404,-1.34793538144051e-05,0.00171624463139774
0.233,0.286113249666677,0.28612700557816,-1.37559114833929e-05,0.00175145704745324
0.2335,0.287528096664731,0.287542081397879,-1.39847331482312e-05,0.00178059152668967
0.234,0.288944699080549,0.288958864747415,-1.41656668667944e-05,0.00180362872323473
0.2345,0.290363034646164,0.290377333003477,-1.42983573132582e-05,0.00182052339559936
0.235,0.291783079968471,0.291797462395244,-1.43824267732073e-05,0.00183122745169053
0.2355,0.29320481015326,0.293219227486533,-1.44173332738418e-05,0.00183567188538814
0.236,0.294628198128031,0.294642600680592,-1.4402552561521e-05,0.00183378994664553
0.2365,0.296053214819485,0.296067553656729,-1.4338837243999e-05,0.00182567746045809
0.237,0.297479831750439,0.297494059626339,-1.4227875900108e-05,0.00181154942336019
0.2375,0.298908022193373,0.29892209346985,-1.40712764777895e-05,0.00179161056564233
0.238,0.300337760456554,0.300351631045904,-1.38705893504287e-05,0.00176605828697483
0.2385,0.301769021548272,0.301782648713505,-1.3627165232899e-05,0.00173506456571671
0.239,0.303201780547073,0.303215122858737,-1.33423116646103e-05,0.00169879588295631
0.2395,0.304636012278145,0.304649029432682,-1.30171545367208e-05,0.00165739559160817
0.24,0.306071690707262,0.306084343501378,-1.26527941167187e-05,0.00161100378207987
0.2405,0.30750878864457,0.307521038814813,-1.22501702424782e-05,0.00155974011824612
0.241,0.308947277177378,0.308959087395399,-1.18102180211022e-05,0.00150372366164111
0.2415,0.310387125832551,0.31039846073269,-1.13349001392149e-05,0.00144320430928725
0.242,0.311828304713997,0.311839131659236,-1.08269452390175e-05,0.00137852948269992
0.2425,0.313270785472117,0.313281074468562,-1.02889964456176e-05,0.00131003571501999
0.243,0.314714540714066,0.31472426434634,-9.72363227358386e-06,0.001238051312919
0.2435,0.316159543746359,0.316168676980222,-9.13323386270148e-06,0.00116287945253058
0.244,0.317605768057999,0.317614288173951,-8.52011595220414e-06,0.00108481485560752
0.2445,0.319053187074389,0.319061073472431,-7.88639804283342e-06,0.00100412738536575
0.245,0.320501773663098,0.32050900779711,-7.23413401138018e-06,0.000921078549520285
0.2455,0.321951499911193,0.321958065098628,-6.5651874346373e-06,0.000835905626037861
0.246,0.323402336665613,0.323408218025762,-5.88136014945118e-06,0.000748838031911074
0.2465,0.324854253673903,0.324859438877351,-5.18520344799933e-06,0.000660200607748986
0.247,0.32630722126113,0.326311701098126,-4.47983699608523e-06,0.00057039056173833
0.2475,0.327761211108646,0.327764979374837,-3.76826619147286e-06,0.000479790553007181
0.248,0.329216195784448,0.329219249185386,-3.05340093764706e-06,0.000388771081974366
0.2485,0.330672148556095,0.330674486492428,-2.33793633325208e-06,0.000297675299256967
0.249,0.332129042982048,0.332130667440974,-1.62445892598617e-06,0.00020683253433636
0.2495,0.333586852734708,0.333587768066598,-9.15331889339566e-07,0.000116543675806428
0.25,0.335045551212776,0.335045764012303,-2.12799526888574e-07,2.70944772735466e-05
0.2505,0.336505111383554,0.336504630260839,4.81122714890425e-07,6.1258446646883e-05
0.251,0.337965505425299,0.337964340880241,1.16454505783015e-06,0.000148274481925524
0.2515,0.339426704840451,0.339424869735765,1.83510468521053e-06,0.000233652785393882
0.252,0.340888681683259,0.340886191611462,2.49007179697891e-06,0.00031704578811433
0.2525,0.342351409147134,0.342348282282718,3.12686441561461e-06,0.000398124742498572
0.253,0.343814861208326,0.343811118178862,3.74302946487548e-06,0.000476577313178836
0.2535,0.345279012500541,0.345274676156752,4.33634378971259e-06,0.000552120439262881
0.254,0.346743838007886,0.346738933278285,4.90472960090749e-06,0.000624489568410853
0.2545,0.348209312948649,0.348203866598176,5.44635047322606e-06,0.000693450879699848
0.255,0.349675412487627,0.349669452959017,5.95952861043303e-06,0.000758790749478393
0.2555,0.351142111635507,0.351135668800037,6.44283546991087e-06,0.000820327290051287
0.256,0.352609384986767,0.352602489976376,6.89501039075058e-06,0.000877899989086348
0.2565,0.354077206802111,0.354069892235881,7.31456622959925e-06,0.000931319497611015
0.257,0.355545551805487,0.355537851974818,7.69983066895019e-06,0.000980372889547198
0.2575,0.357014395584689,0.357006346286827,8.04929786113462e-06,0.00102486843441488
0.258,0.35848371434168,0.358475352735957,8.36160572315059e-06,0.00106463270641992
0.2585,0.359953484822691,0.359944849208139,8.63561455133333e-06,0.0010995205939848
0.259,0.361423684106899,0.361414813766796,8.87034010238485e-06,0.00112940677936065
0.2595,0.362894289545482,0.36288522451855,9.06502693182043e-06,0.0011541950763683
0.26,0.364365278568474,0.364356059485151,9.21908332301991e-06,0.00117381014530774
0.2605,0.365836628636699,0.365827296487591,9.33214910875391e-06,0.00118820612826305
0.261,0.367308317070436,0.36729891303834,9.40403209576113e-06,0.00119735855442818
0.2615,0.368780321101314,0.368770886588094,9.43451322016342e-06,0.00120123953172387
0.262,0.370252618258194,0.370243194923368,9.42333482634172e-06,0.00119981625441783
0.2625,0.371725186589165,0.371715816193598,9.37039556725416e-06,0.00119307581860391
0.263,0.373198004514359,0.373188728794193,9.27572016562461e-06,0.00118102137207706
0.2635,0.374671050809657,0.374661911296292,9.13951336434238e-06,0.00116367898351162
0.264,0.376144304488061,0.376135342381129,8.96210693240862e-06,0.00114109089504878
0.2645,0.377617744793065,0.37760900078455,8.74400851469392e-06,0.00111332174204093
0.265,0.379091351097692,0.379082865246961,8.48585073098818e-06,0.00108045207214139
0.2655,0.38056510290903,0.380556914474148,8.1884348817618e-06,0.00104258391009479
0.266,0.38203897978613,0.382031127104125,7.85268200537148e-06,0.000999834526146919
0.2665,0.383512961364787,0.383505481727278,7.4796375081343e-06,0.000952337025564096
0.267,0.384987027346217,0.38497995693024,7.07041597686198e-06,0.000900233321946796
0.2675,0.386461157549139,0.386454531303901,6.62624523811717e-06,0.000843679747028384
0.268,0.387935331864636,0.387929183438747,6.14842588930742e-06,0.000782841898013967
0.2685,0.389409530296173,0.389403891935502,5.63836067135615e-06,0.000717898377425015
0.269,0.390883732934202,0.390878635421024,5.09751317773199e-06,0.000649035535769698
0.2695,0.392357920007308,0.392353392574562,4.52743274587109e-06,0.000576450640817197
0.27,0.393832071874637,0.393828142158748,3.92971588858426e-06,0.000500346966891956
0.2705,0.395306169087211,0.39530286306032,3.30602689091464e-06,0.000420936417347036
0.271,0.396780192396926,0.396777534334814,2.65806211158237e-06,0.000338434979282892
0.2715,0.398254122759351,0.398252135000811,1.9877585396566e-06,0.000253089277807581
0.272,0.399727940929484,0.399726643729684,1.29719979924392e-06,0.000165164608181987
0.2725,0.401201627350151,0.401201038837243,5.88512908072936e-07,7.49317907145551e-05
0.273,0.402675162211928,0.402675298395252,-1.36183324450645e-07,1.7339399402406e-05
0.2735,0.404148525555368,0.40414940032667,-8.74771301839772e-07,0.000111379341410186
0.274,0.40562169734238,0.405623322506767,-1.6251643875087e-06,0.000206922356487138
0.2745,0.407094657571408,0.407097042874853,-2.38530344542909e-06,0.000303706267291335
0.275,0.408567386367194,0.408570539550007,-3.15318281302046e-06,0.000401475704931691
0.2755,0.410039864105383,0.410043790955369,-3.92684998518078e-06,0.000499982068737486
0.276,0.411512071516861,0.411516775944242,-4.704427381097e-06,0.000598986297694758
0.2765,0.412983989673545,0.412989473366259,-5.48369271430316e-06,0.000698205441502688
0.277,0.414455599185167,0.414461861398282,-6.26221311472719e-06,0.000797329737522981
0.2775,0.415926879925965,0.415933917521333,-7.03759536868631e-06,0.000896054472325645
0.278,0.41739781120472,0.417405618752314,-7.80754759427404e-06,0.00099408783444316
0.2785,0.418868371936091,0.41887694182722,-8.56989112840711e-06,0.0010911524278763
0.279,0.420338540813795,0.420347863390705,-9.32257691010907e-06,0.00118698735807858
0.2795,0.421808296496626,0.421818360196456,-1.00636998298653e-05,0.00128135005897291
0.28,0.423277617800661,0.423288409310616,-1.07915099549216e-05,0.00137401772220094
0.2805,0.424746483893696,0.424757988322509,-1.15044288129806e-05,0.00146478937042776
0.281,0.426214874499953,0.426227075554753,-1.22010548000984e-05,0.0015534865458966
0.2815,0.427682769872127,0.427695649397382,-1.28795252550273e-05,0.0016398720872116
0.282,0.429150149575836,0.429163687272993,-1.35376971563406e-05,0.00172367313641016
0.2825,0.430616992052108,0.43063116559911,-1.41735470026161e-05,0.00180463205328933
0.283,0.432083274902933,0.432098060142868,-1.47852399354775e-05,0.00188251521642476
0.2835,0.433548975137324,0.433564346294149,-1.53711568249837e-05,0.0019571164717895
0.284,0.435014069451183,0.435029999345327,-1.59298941437291e-05,0.0020282571167241
0.2845,0.436478534489352,0.436494994781881,-1.64602925284973e-05,0.00209578953651916
0.285,0.437942347144902,0.43795930857486,-1.69614299588838e-05,0.00215959633589066
0.2855,0.439405484827988,0.439422917479216,-1.74326512286105e-05,0.00221959409138429
0.286,0.440867925775194,0.440885799328835,-1.78735536406904e-05,0.00227573153002722
0.2865,0.442329649008671,0.442347932134704,-1.82831260330252e-05,0.00232787990666246
0.287,0.443790632692938,0.443809292678198,-1.86599852595726e-05,0.0023758631136663
0.2875,0.445250853527743,0.44526985645778,-1.90029300375927e-05,0.00241952819896987
0.288,0.446710287153174,0.446729598167316,-1.93110141419317e-05,0.00245875468544474
0.2885,0.448168908473301,0.448188492059178,-1.95835858767812e-05,0.00249345959660349
0.289,0.449626692046024,0.449646512313988,-1.98202679644877e-05,0.00252359489596332
0.2895,0.451083612423362,0.451103633421132,-2.00209977695986e-05,0.00254915260853075
0.29,0.452539644560692,0.452559830559713,-2.01859990216491e-05,0.00257016122043489
0.2905,0.4539947641615,0.454015079983774,-2.03158222747968e-05,0.00258669083040827
0.291,0.455448948093659,0.455469359401313,-2.04113076534562e-05,0.00259884840641359
0.2915,0.456902174334257,0.456922646834503,-2.04725002461159e-05,0.00260663968929551
0.292,0.458354419887263,0.458374918838549,-2.04989512859743e-05,0.00261000754029023
0.2925,0.459805660000728,0.459826150430986,-2.049043025798e-05,0.00260892260930981
0.293,0.461255868693075,0.461276315692104,-2.04469990288114e-05,0.00260339277346442
0.2935,0.462705019153746,0.462725388216243,-2.03690624975827e-05,0.00259346958611043
0.294,0.464153084243858,0.464173341569603,-2.02573257451766e-05,0.00257924282093405
0.2945,0.465600036913533,0.465620149758596,-2.01128450625365e-05,0.00256084696907529
0.295,0.467045850721364,0.467065787697087,-1.99369757231671e-05,0.00253845458931613
0.2955,0.468490500253199,0.468510231676183,-1.9731422984226e-05,0.00251228280174129
0.296,0.469933961645071,0.469953459824802,-1.94981797311256e-05,0.00248258534840227
0.2965,0.471376212510778,0.471395450733037,-1.9238222258855e-05,0.00244948653503784
0.297,0.472817229417071,0.472836181299083,-1.89518820114531e-05,0.00241302856241371
0.2975,0.474256986920891,0.474275626639466,-1.86397185757414e-05,0.00237328267933686
0.298,0.475695458215495,0.475713760808236,-1.83025927404379e-05,0.00233035848483082
0.2985,0.477132615604402,0.477150557333352,-1.79417289499773e-05,0.00228441188000307
0.299,0.478568431110927,0.478585989759414,-1.75586484875145e-05,0.00223563656064078
0.2995,0.480002876968312,0.48002003220058,-1.71552322674184e-05,0.00218427201219938
0.3,0.481435926247014,0.481452659890815,-1.67336438006149e-05,0.00213059370144553
0.3005,0.482867553342835,0.482883849734883,-1.62963920475323e-05,0.00207492107914258
0.301,0.484297734603641,0.484313580847157,-1.58462435160822e-05,0.0020176063880179
0.3015,0.48572644823619,0.485741832942427,-1.5384706236854e-05,0.00195884163648961
0.302,0.487153671345341,0.487168583818497,-1.49124731558814e-05,0.00189871505318698
0.3025,0.488579378790341,0.488593809246223,-1.4430455881953e-05,0.00183734270774587
0.303,0.49000354394669,0.490017483802998,-1.39398563080984e-05,0.00177487762993967
0.3035,0.491426139247483,0.491439581490496,-1.34422430132508e-05,0.00171151953744109
0.304,0.492847136897482,0.492860076358588,-1.29394611052547e-05,0.00164750335667728
0.3045,0.494266509429904,0.494278943139048,-1.24337091447213e-05,0.00158310901707944
0.305,0.495684230436799,0.495696157875103,-1.19274383038048e-05,0.00151864861157932
0.3055,0.497100275120282,0.497111698549908,-1.14234296262339e-05,0.00145447623366202
0.306,0.498514621018082,0.498525545700018,-1.09246819354203e-05,0.0013909737053831
0.3065,0.4999272478866,0.499937680580503,-1.04326939024957e-05,0.00132833184347749
0.307,0.501338134319409,0.501348082294572,-9.94797516284951e-06,0.00126661553673832
0.3075,0.502747256425525,0.50275672766311,-9.4712375852124e-06,0.00120591542310744
0.308,0.504154588700949,0.504163592167662,-9.00346671306451e-06,0.00114635698587805
0.3085,0.505560104630802,0.505568650645828,-8.54601502608965e-06,0.00108811242811182
0.309,0.50696377750205,0.506971877992735,-8.10049068566965e-06,0.00103138650727535
0.3095,0.50836558102035,0.508373249871901,-7.66885155145669e-06,0.000976428505801826
0.31,0.509765490137544,0.509772743420585,-7.25328304085338e-06,0.000923516679677143
0.3105,0.511163481659592,0.511170337952327,-6.85629273544652e-06,0.000872970304105094
0.311,0.512559535065036,0.512566015641846,-6.48057680974201e-06,0.000825132666685717
0.3115,0.513953632362516,0.513959759472706,-6.12711018976864e-06,0.000780127898856319
0.312,0.515345754309582,0.515351550027166,-5.79571758352326e-06,0.000737933681745874
0.3125,0.516735878919367,0.516741365335735,-5.48641636810565e-06,0.000698552227875438
0.313,0.518123982435127,0.518129181925329,-5.19949020172383e-06,0.000662019653729779
0.3135,0.519510039987341,0.519514975589205,-4.93560186443087e-06,0.000628420347086198
0.314,0.520894026498977,0.520898722163026,-4.69566404925903e-06,0.000597870515630784
0.3145,0.522275917356883,0.522280398309939,-4.48095305627394e-06,0.000570532662934987
0.315,0.523655689330392,0.523659982298976,-4.29296858439621e-06,0.000546597736595898
0.3155,0.525033321230952,0.525037454779006,-4.13354805406385e-06,0.000526299684249718
0.316,0.526408794817835,0.526412799532623,-4.00471478734232e-06,0.000509896123262991
0.3165,0.527782094630148,0.527786001214811,-3.90658466209448e-06,0.000497401807663455
0.317,0.529153203828671,0.529157041816172,-3.83798750136499e-06,0.000488667745893721
0.3175,0.530522102539714,0.53052590049373,-3.79795401617145e-06,0.000483570524247521
0.318,0.531888768926739,0.531892554720916,-3.78579417759095e-06,0.000482022285513693
0.3185,0.53325317989864,0.533256981129928,-3.80123128773668e-06,0.000483987799423091
0.319,0.534615312102457,0.534619156360373,-3.84425791633003e-06,0.000489466119923259
0.3195,0.535975142645977,0.535979057916635,-3.915270658017e-06,0.000498507743012851
0.32,0.537332650102703,0.53733666501756,-4.01491485624295e-06,0.000511194836371321
0.3205,0.538687815220464,0.538691959440156,-4.14421969141543e-06,0.000527658439318028
0.321,0.540040621910107,0.54004492634104,-4.304430932911e-06,0.000548057168136355
0.3215,0.541391057053872,0.541395551793851,-4.49473997976568e-06,0.000572288068553979
0.322,0.542739105990814,0.542743818937589,-4.71294677517609e-06,0.000600071020638625
0.3225,0.544084750707468,0.544089707790349,-4.95708288128505e-06,0.000631155395098184
0.323,0.545427971002415,0.545433196498971,-5.22549655579407e-06,0.000665330885571441
0.3235,0.546768745244552,0.546774262252669,-5.5170081170175e-06,0.000702447290321155
0.324,0.548107051449977,0.548112882203204,-5.8307532262436e-06,0.000742394558324548
0.3245,0.549442868055085,0.549449034393542,-6.16633845629266e-06,0.0007851225968773
0.325,0.55077617500502,0.55078269867794,-6.52367291931188e-06,0.000830619833778577
0.3255,0.552106954511106,0.552113857634627,-6.90312352003009e-06,0.00087893298478937
0.326,0.553435192120166,0.553442497454133,-7.30533396697819e-06,0.000930144009425363
0.3265,0.554760876502464,0.554768605282096,-7.72877963217677e-06,0.000984058786023115
0.327,0.556083994596477,0.556092165062438,-8.17046596113258e-06,0.00104029603606266
0.3275,0.557404529655215,0.557413157335825,-8.62768061016261e-06,0.00109851041322038
0.328,0.558722462501732,0.558731560587639,-9.09808590732197e-06,0.00115840427586
0.3285,0.560037772338411,0.560047352232374,-9.57989396255243e-06,0.00121974998274914
0.329,0.561350437906709,0.561360509604805,-1.00716980959703e-05,0.00128236842984232
0.3295,0.562660438312079,0.562671010959489,-1.0572647410334e-05,0.00134615127753791
0.33,0.563967754194931,0.563978836460782,-1.10822658504484e-05,0.00141103791260589
0.3305,0.565272368538541,0.565283969164102,-1.16006255602707e-05,0.00147703752070022
0.331,0.56657426781838,0.566586395970783,-1.21281524027017e-05,0.00154420432436946
0.3315,0.567873441773253,0.567886104781807,-1.26630085547363e-05,0.001612304324721
0.332,0.569169878219535,0.569183080043838,-1.32018243029774e-05,0.00168090847651966
0.3325,0.570463560960044,0.570477302533859,-1.37415738155067e-05,0.00174963151888003
0.333,0.571754471130121,0.571768750804341,-1.42796742194085e-05,0.00181814459020861
0.3335,0.573042588060112,0.573057402237861,-1.48141777486233e-05,0.00188619969322829
0.334,0.574327890517982,0.574343234108688,-1.53435907065402e-05,0.0019536066445798
0.3345,0.575610357588292,0.575626224652495,-1.58670642033121e-05,0.00202025736025087
0.335,0.576889969925813,0.57690635412563,-1.63841998174208e-05,0.00208610111163828
0.3355,0.57816671061616,0.578183605854293,-1.68952381333076e-05,0.00215116853090448
0.336,0.579440566405414,0.579457967255173,-1.7400849758431e-05,0.00221554500244297
0.3365,0.580711527457515,0.580729426805047,-1.78993475324907e-05,0.00227901571033249
0.337,0.58197958184353,0.581997969296906,-1.83874533750128e-05,0.00234116327640403
0.3375,0.583244713317581,0.583263575611636,-1.88622940550109e-05,0.00240162186952629
0.338,0.584506902753699,0.584526224258635,-1.93215049363316e-05,0.0024600904148733
0.3385,0.585766129063408,0.585785892499465,-1.97634360574739e-05,0.00251635883282205
0.339,0.587022370521482,0.587042557478512,-2.01869570300994e-05,0.00257028319785921
0.3395,0.588275605700649,0.588296197361511,-2.05916608617684e-05,0.00262181169009789
0.34,0.589525814808049,0.58954679246258,-2.0977654530685e-05,0.00267095793042609
0.3405,0.590772980600017,0.590794326359735,-2.13457597185718e-05,0.00271782653861005
0.341,0.592017089692073,0.592038786979687,-2.16972876134758e-05,0.00276258446029698
0.3415,0.593258132304315,0.593280163388409,-2.20310840938209e-05,0.00280508474816386
0.342,0.594496096429448,0.594518440765216,-2.23443357688646e-05,0.00284496919017588
0.3425,0.595730965478277,0.595753600161671,-2.26346833940294e-05,0.00288193739798386
0.343,0.596962719806945,0.596985620134697,-2.29003277516515e-05,0.00291576028807988
0.3435,0.598191337689987,0.59821447793695,-2.31402469635933e-05,0.00294630775089848
0.344,0.599416796728648,0.599440150714083,-2.33539854355147e-05,0.00297352177836664
0.3445,0.60063907484129,0.600662616709523,-2.35418682325017e-05,0.00299744375905657
0.345,0.601858151681843,0.601881856456583,-2.37047747401187e-05,0.00301818565981583
0.3455,0.603074009608301,0.603097853957595,-2.38443492932561e-05,0.00303595684386516
0.346,0.604286635071975,0.604310597830051,-2.39627580760349e-05,0.00305103311833295
0.3465,0.605496018351087,0.605520077924313,-2.40595732260429e-05,0.00306336000608492
0.347,0.60670214740282,0.6067262800255,-2.41326226796401e-05,0.00307266095138904
0.3475,0.607905005380099,0.607929185599299,-2.41802191991436e-05,0.0030787211284714
0.348,0.609104572247238,0.609128773513219,-2.42012659807944e-05,0.00308140088794013
0.3485,0.610300825806606,0.610325021290124,-2.41954835175084e-05,0.00308066464184796
0.349,0.611493743187327,0.611517906368469,-2.41631811424003e-05,0.00307655177571031
0.3495,0.612683301889049,0.612707407369569,-2.41054805202312e-05,0.00306920510432015
0.35,0.613869481279846,0.61389350535099,-2.4024071144324e-05,0.00305883974064843
0.3505,0.615052263615708,0.615076185045427,-2.39214297185208e-05,0.00304577102842237
0.351,0.616231635506193,0.616255436064357,-2.38005581633116e-05,0.00303038118402976
0.3515,0.617407587635205,0.617431249350754,-2.36617155489061e-05,0.00301270319331421
0.352,0.618580108306858,0.618603611621626,-2.35033147677477e-05,0.00299253497946543
0.3525,0.619749180835934,0.619772505100293,-2.3324264359692e-05,0.00296973757346169
0.353,0.620914785247953,0.620937909320136,-2.31240721828563e-05,0.0029442483138523
0.3535,0.622076899355394,0.622099802436801,-2.29030814069553e-05,0.00291611089436241
0.354,0.623235500322641,0.623258162546855,-2.26622242138763e-05,0.00288544400407621
0.3545,0.624390565758674,0.624412969012911,-2.24032542366359e-05,0.00285247092248404
0.355,0.62554207528996,0.625564203773679,-2.21284837197411e-05,0.00281748605370026
0.3555,0.626690011626212,0.626711852637969,-2.18410117567291e-05,0.00278088398656932
0.356,0.627834362097757,0.627855906541295,-2.15444435378576e-05,0.00274312374817142
0.3565,0.628975118361915,0.628996357843508,-2.12394815934935e-05,0.00270429478745106
0.357,0.630112269658735,0.630133194527982,-2.09248692468744e-05,0.00266423709935332
0.3575,0.631245800079451,0.631266399920204,-2.05998407538655e-05,0.00262285318630685
0.358,0.632375690345086,0.632395954567554,-2.02642224684801e-05,0.00258012093901797
0.3585,0.633501918926511,0.63352183760518,-1.99186786697947e-05,0.00253612493612554
0.359,0.634624463679845,0.634644028128059,-1.9564448214382e-05,0.00249102291374744
0.3595,0.63574330298213,0.635762506568941,-1.92035868106233e-05,0.00244507661280402
0.36,0.636858417373171,0.636877256060086,-1.88386869148793e-05,0.00239861611509092
0.3605,0.637969790661567,0.637988263777449,-1.84731158819895e-05,0.00235207016554242
0.361,0.639077411527682,0.639095522245485,-1.81107178033324e-05,0.0023059282090742
0.3615,0.640181273214207,0.64019902549136,-1.77522771525052e-05,0.00226029012796681
0.362,0.641281366514102,0.64129876301949,-1.739650538779e-05,0.00221499185999326
0.3625,0.642377676923984,0.642394719516816,-1.70425928323059e-05,0.00216993031389119
0.363,0.643470186493979,0.643486876801845,-1.66903078661074e-05,0.00212507599889323
0.3635,0.644558874985204,0.64457521523915,-1.63402539451463e-05,0.0020805057493975
0.364,0.645643721568712,0.645659715159827,-1.59935911145936e-05,0.00203636726694256
0.3645,0.646724705997692,0.64674035828724,-1.56522895480293e-05,0.00199291140181958
0.365,0.647801810311241,0.647817129145546,-1.53188343052779e-05,0.00195045456167254
0.3655,0.648875019974391,0.648890016449246,-1.49964748551445e-05,0.00190941048171966
0.366,0.649944325539748,0.649959014451558,-1.46889118100013e-05,0.0018702503385621
0.3665,0.651009722321639,0.651024118968116,-1.43966464771772e-05,0.00183303796063142
0.367,0.652071203143264,0.652085321147213,-1.41180039483491e-05,0.00179756009197652
0.3675,0.653128755384543,0.653142607162693,-1.38517781492764e-05,0.00176366317045572
0.368,0.654182362895276,0.654195960225652,-1.35973303753145e-05,0.00173126587366791
0.3685,0.655232007183923,0.655245362042806,-1.33548588832078e-05,0.00170039344444578
0.369,0.656277669172784,0.656290794280643,-1.31251078586692e-05,0.00167114063545718
0.3695,0.657319330400723,0.657332240034272,-1.29096335482748e-05,0.00164370559417032
0.37,0.658356974781612,0.658369685278191,-1.27104965785829e-05,0.00161835068770728
0.3705,0.659390589772679,0.659403120296753,-1.25305240747942e-05,0.00159543587682839
0.371,0.660420168087826,0.66043254107187,-1.23729840446618e-05,0.00157537725720406
0.3715,0.661445707355856,0.661457945189569,-1.22378337131801e-05,0.00155816938255141
0.372,0.662467202656098,0.662479325426834,-1.21227707362559e-05,0.00154351910931592
0.3725,0.663484643472099,0.663496669433506,-1.20259614067031e-05,0.00153119296264733
0.373,0.664498015660342,0.664509961800443,-1.19461401006937e-05,0.00152102979831498
0.3735,0.665507302665209,0.665519185557436,-1.18828922278658e-05,0.00151297682903448
0.374,0.66651248732344,0.66652432367678,-1.18363533399002e-05,0.0015070513137819
0.3745,0.667513553092495,0.667525360580988,-1.1807488492499e-05,0.00150337612726551
0.375,0.668510485856869,0.66852228363167,-1.17977748010922e-05,0.00150213934166306
0.3755,0.669503275120307,0.669515084596898,-1.18094765912957e-05,0.00150362925986619
0.376,0.670491915764373,0.670503761074416,-1.1845310042724e-05,0.00150819171660448
0.3765,0.671476407692387,0.67148831229433,-1.19046019434466e-05,0.00151574099587272
0.377,0.672456748182419,0.672468732543086,-1.19843606671832e-05,0.00152589619198264
0.3775,0.673432928759134,0.673445010836003,-1.20820768694241e-05,0.00153833780526808
0.378,0.674404937211082,0.674417133036153,-1.21958250719478e-05,0.00155282067622765
0.3785,0.675372758828147,0.675385083387895,-1.23245597487553e-05,0.00156921168435666
0.379,0.67633637824917,0.676348846055954,-1.24678067834338e-05,0.00158745046327853
0.3795,0.677295780712481,0.677308406668122,-1.26259556409991e-05,0.00160758660121921
0.38,0.678250953904193,0.678263753838457,-1.27999342642848e-05,0.0016297382475298
0.3805,0.679201889171244,0.679214880667852,-1.29914966086053e-05,0.00165412872273691
0.381,0.680148583319714,0.68016178619922,-1.32028795062356e-05,0.00168104282917126
0.3815,0.681091038246961,0.681104471129174,-1.34328822137819e-05,0.00171032768343568
0.382,0.682029253138652,0.682042931088967,-1.36779503147055e-05,0.00174153072316059
0.3825,0.68296322127091,0.682977156309294,-1.39350383840942e-05,0.00177426419280311
0.383,0.683892932070303,0.683907133784447,-1.42017141437911e-05,0.00180821840508995
0.3835,0.684818372371376,0.684832848837716,-1.44764663398966e-05,0.00184320094119839
0.384,0.685739528302348,0.685754286692246,-1.47583898977288e-05,0.00187909656344083
0.3845,0.686656386555606,0.686671434044988,-1.50474893815256e-05,0.00191590585295408
0.385,0.687568936273099,0.687584280620531,-1.53443474321113e-05,0.00195370299387196
0.3855,0.688477170278287,0.688492820701271,-1.5650422984459e-05,0.00199267374356452
0.386,0.689381086909683,0.689397054611083,-1.59677013997772e-05,0.00203307088607194
0.3865,0.690280689644071,0.690296984348491,-1.62947044193285e-05,0.00207470620364598
0.387,0.691175979161187,0.691192606743798,-1.66275826105622e-05,0.00211708957131185
0.3875,0.692066950087458,0.692083913117668,-1.69630302094825e-05,0.00215980008612504
0.388,0.69295359309375,0.69297089148504,-1.72983912901659e-05,0.00220249958509415
0.3885,0.693835896171415,0.693853528148601,-1.76319771867384e-05,0.00224497306060235
0.389,0.694713846551786,0.694731809297536,-1.79627457500553e-05,0.00228708782209939
0.3895,0.695587431995107,0.695605722608845,-1.82906137387029e-05,0.00232883327095928
0.39,0.696456642708861,0.696475258827944,-1.8616119082826e-05,0.0023702778985753
0.3905,0.697321472597267,0.697340413324615,-1.89407273480935e-05,0.00241160830656394
0.391,0.698181921126113,0.698201187601434,-1.92664753208005e-05,0.00245308382661073
0.3915,0.699037992939798,0.699057584860855,-1.95919210569384e-05,0.00249452086470235
0.392,0.699889689814694,0.699909603057766,-1.9913243072156e-05,0.00253543285433926
0.3925,0.700737007354534,0.700757234553056,-2.02271985212388e-05,0.00257540690364498
0.393,0.701579937121464,0.701600468351427,-2.05312299625948e-05,0.00261411738904272
0.3935,0.70241846792908,0.702439291718709,-2.08237896293095e-05,0.00265136724272829
0.394,0.703252587791751,0.703273691804223,-2.11040124717954e-05,0.0026870463231674
0.3945,0.704082285230343,0.704103657265123,-2.13720347801427e-05,0.0027211719833533
0.395,0.704907551219512,0.70492917986943,-2.16286499179486e-05,0.0027538452374765
0.3955,0.705728380453089,0.705750256073461,-2.18756203723691e-05,0.00278529049237145
0.396,0.706544773236324,0.706566888550761,-2.21153144371877e-05,0.00281580928856799
0.3965,0.707356735098889,0.707379081705918,-2.23466070287115e-05,0.00284525837596122
0.397,0.70816426865678,0.708186834642496,-2.25659857160387e-05,0.00287319053795894
0.3975,0.70896737026834,0.708990140812523,-2.27705441824266e-05,0.00289923573082048
0.398,0.709766032193946,0.70978899028162,-2.29580876741631e-05,0.00292311450982413
0.3985,0.710560243903789,0.710583371365315,-2.31274615255517e-05,0.00294467985836734
0.399,0.71134999405268,0.711373272270074,-2.32782173945623e-05,0.00296387469176986
0.3995,0.712135271800072,0.712158682735693,-2.34109356214152e-05,0.00298077290124348
0.4,0.712916068781856,0.712939595655755,-2.3526873898394e-05,0.00299553462114328
0.4005,0.713692380388996,0.713716008671554,-2.36282825581968e-05,0.00300844637272723
0.401,0.714464207682703,0.714487925716639,-2.37180339363041e-05,0.0030198738731073
0.4015,0.715231557004681,0.715255352490975,-2.37954862942757e-05,0.00302973541360755
0.402,0.715994431768213,0.716018289365672,-2.38575974593758e-05,0.00303764365276504
0.4025,0.716752829083297,0.716776731029095,-2.39019457982659e-05,0.00304329025864686
0.403,0.717506741939429,0.717530668771869,-2.39268324401243e-05,0.00304645892430184
0.4035,0.718256160524577,0.718280092136609,-2.39316120316246e-05,0.00304706748079243
0.404,0.719001074220188,0.719024990571989,-2.39163518007679e-05,0.00304512448785357
0.4045,0.719741472931653,0.71976535508745,-2.38821557964064e-05,0.00304077051735107
0.405,0.720477349079106,0.720501179885387,-2.3830806281766e-05,0.00303423249408676
0.4055,0.721208698885284,0.721232463965897,-2.37650806131917e-05,0.00302586404205347
0.406,0.721935524308073,0.721959212681349,-2.36883732761539e-05,0.00301609736056468
0.4065,0.722657832648456,0.722681433185673,-2.36005372169501e-05,0.00300491372616148
0.407,0.72337562829411,0.723399127299249,-2.34990051389827e-05,0.00299198626048876
0.4075,0.724088909322423,0.724112291152272,-2.33818298495114e-05,0.0029770670392667
0.408,0.724797669699526,0.724820917481322,-2.32477817956322e-05,0.00295999951095732
0.4085,0.725501900605453,0.725524997286306,-2.30966808526523e-05,0.00294076074137243
0.409,0.726201592442797,0.72622452149128,-2.29290484828892e-05,0.00291941712515644
0.4095,0.726896736172303,0.726919482605148,-2.27464328448335e-05,0.00289616577997047
0.41,0.727587325315893,0.727609876359286,-2.25510433938814e-05,0.00287128802241284
0.4105,0.728273357248324,0.72829570331687,-2.23460685462307e-05,0.00284518981424235
0.411,0.728954835140273,0.728976970431389,-2.21352911164985e-05,0.00281835279837508
0.4115,0.729631767563967,0.72965368648713,-2.19189231632777e-05,0.00279080397494967
0.412,0.730304160216551,0.730325854949686,-2.16947331345141e-05,0.00276225921393396
0.4125,0.73097201251084,0.7309934736073,-2.14610964597295e-05,0.00273251166859034
0.413,0.731635319782408,0.731656536870071,-2.12170876631168e-05,0.00270144350367929
0.4135,0.732294074614655,0.73231503742744,-2.09628127852968e-05,0.00266906822071197
0.414,0.732948268853333,0.732968967909076,-2.06990557429787e-05,0.0026354856310638
0.4145,0.733597894940782,0.733618322544842,-2.04276040609574e-05,0.00260092332946036
0.415,0.73424294792322,0.734263098801228,-2.01508780082182e-05,0.00256568947411976
0.4155,0.734883426739718,0.73490329898867,-1.98722489525016e-05,0.0025302133209147
0.416,0.735519336167887,0.735538931817646,-1.95956497585081e-05,0.00249499561773126
0.4165,0.736150686427126,0.73617000784765,-1.93214205241876e-05,0.00246007966718533
0.417,0.7367774849133,0.736796532350666,-1.90474373664706e-05,0.00242519504808566
0.4175,0.737399732788736,0.737418504951482,-1.8772162745373e-05,0.00239014599476131
0.418,0.738017427188051,0.738035921920227,-1.84947321765216e-05,0.00235482243764332
0.4185,0.738630562536147,0.738648777823566,-1.82152874180774e-05,0.0023192424259413
0.419,0.739239132559898,0.739257067178813,-1.79346189157492e-05,0.00228350660232872
0.4195,0.739843131613944,0.739860786106316,-1.76544923718991e-05,0.00224783978301272
0.42,0.740442556683441,0.740459933957933,-1.73772744924694e-05,0.00221254330635297
0.4205,0.74103740866343,0.741054514915732,-1.71062523016685e-05,0.00217803568927012
0.421,0.741627694298475,0.741644539539227,-1.68452407522945e-05,0.00214480266664057
0.4215,0.74221342578383,0.742230020241127,-1.6594457297181e-05,0.00211287192541898
0.422,0.742794612546649,0.742810964192508,-1.63516458588919e-05,0.00208195621290462
0.4225,0.743371257848515,0.743387372963431,-1.61151149159489e-05,0.00205184015789376
0.423,0.743943360980035,0.743959244799433,-1.58838193985433e-05,0.00202239069796569
0.4235,0.744510918564745,0.744526576259628,-1.56576948836529e-05,0.00199359963052643
0.424,0.745073926558744,0.745089363857277,-1.54372985329276e-05,0.00196553789560056
0.4245,0.745632381561059,0.745647605697797,-1.52241367372685e-05,0.00193839729283456
0.425,0.74618628280265,0.746201303092652,-1.50202900025542e-05,0.00191244272046423
0.4255,0.746735633409444,0.746750462142872,-1.48287334280628e-05,0.00188805297989458
0.426,0.747280442327002,0.747295095271149,-1.46529441467091e-05,0.00186567079343857
0.4265,0.747820723920632,0.74783521674323,-1.44928225983554e-05,0.00184528348470575
0.427,0.748356489840613,0.748370835644362,-1.43458037489275e-05,0.00182656446341444
0.4275,0.748887745652078,0.74890195552183,-1.4209869752535e-05,0.00180925680944636
0.428,0.749414493008296,0.749428576636127,-1.40836278316181e-05,0.00179318318885489
0.4285,0.749936730933921,0.749950697579326,-1.39666454048726e-05,0.00177828852367774
0.429,0.750454457803415,0.750468316895478,-1.38590920629733e-05,0.00176459440687028
0.4295,0.7509676726295,0.75098143469764,-1.37620681396333e-05,0.0017522409372721
0.43,0.751476377029352,0.751490054260676,-1.36772313240607e-05,0.00174143917842846
0.4305,0.751980576465186,0.751994183583232,-1.36071180463215e-05,0.0017325120786456
0.431,0.75248028214521,0.752493836898558,-1.35547533480773e-05,0.00172584479819034
0.4315,0.752975510624457,0.752989030260694,-1.35196362371914e-05,0.00172137354876266
0.432,0.753466275792218,0.753479774622065,-1.34988298469141e-05,0.00171872439687423
0.4325,0.753952585545025,0.753966075479764,-1.34899347390416e-05,0.00171759183656444
0.433,0.754434443928847,0.754447935092242,-1.34911633947743e-05,0.00171774827387101
0.4335,0.754911852395899,0.754925354071466,-1.35016755672401e-05,0.00171908672523947
0.434,0.755384811753056,0.755398332976653,-1.35212235966575e-05,0.00172157565764706
0.4345,0.755853323422732,0.755866873903818,-1.35504810850895e-05,0.00172530083677218
0.435,0.756317391377586,0.756330982051108,-1.35906735221347e-05,0.0017304182967967
0.4355,0.756777023353351,0.756790667252969,-1.36438996184429e-05,0.00173719525385985
0.436,0.757232232717795,0.757245945463644,-1.37127458490482e-05,0.00174596102819112
0.4365,0.757683038074655,0.757696834427372,-1.37963527169216e-05,0.0017566061852299
0.437,0.758129455410796,0.758143346887051,-1.38914762557452e-05,0.00176871769035643
0.4375,0.758571494828315,0.758585490236133,-1.39954078182125e-05,0.00178195066788438
0.438,0.759009162646412,0.759023268691726,-1.41060453143771e-05,0.00179603747140911
0.4385,0.759442462626744,0.759456684854066,-1.42222273220582e-05,0.00181083022406574
0.439,0.759871397883553,0.759885741267089,-1.43433835366746e-05,0.00182625631241974
0.4395,0.760295972112049,0.760310441974022,-1.44698619728434e-05,0.00184236004706838
0.44,0.760716191483476,0.760730794048823,-1.46025653470216e-05,0.00185925636544073
0.4405,0.761132065825577,0.761146809096245,-1.47432706674167e-05,0.00187717152324889
0.441,0.761543610451752,0.761558504701893,-1.48942501404514e-05,0.0018963948268
0.4415,0.761950845770832,0.761965900205711,-1.5054434879147e-05,0.00191679018117703
0.442,0.762353789630069,0.762369010071689,-1.52204416203894e-05,0.00193792681594127
0.4425,0.762752454122117,0.762767843547166,-1.53894250487507e-05,0.00195944245428073
0.443,0.763146847637808,0.763162406783089,-1.55591452811743e-05,0.00198105190542706
0.4435,0.763536976055587,0.763552704354189,-1.57282986023022e-05,0.00200258917518539
0.444,0.763922844605485,0.763938740779735,-1.58961742500185e-05,0.00202396376651244
0.4445,0.764304459060541,0.764320522038482,-1.60629779406563e-05,0.00204520187202521
0.445,0.764681827584453,0.764698057059624,-1.62294751702152e-05,0.00206640095770155
0.4455,0.765054961875429,0.765071359182231,-1.63973068020296e-05,0.00208776994474989
0.446,0.765423878948071,0.765440447565543,-1.65686174726787e-05,0.00210958189678045
0.4465,0.765788600751714,0.765805343085179,-1.67423334651584e-05,0.00213170010389826
0.447,0.76614914674402,0.766166061894228,-1.69151502078524e-05,0.00215370381497729
0.4475,0.76650553078801,0.766522615091625,-1.70843036146895e-05,0.00217524109564845
0.448,0.766857763147247,0.766875010779961,-1.72476327134907e-05,0.00219603680238842
0.4485,0.767205851634954,0.767223255539435,-1.74039044813501e-05,0.00221593394184485
0.449,0.767549803424144,0.76756735590182,-1.75524776762082e-05,0.00223485086854294
0.4495,0.767889626197593,0.767907319817746,-1.76936201529143e-05,0.00225282168682135
0.45,0.76822532994041,0.76824315810021,-1.78281598001151e-05,0.00226995180673643
0.4505,0.768556928042904,0.768574885836519,-1.79577936151309e-05,0.00228645729669773
0.451,0.768884439027756,0.768902523752118,-1.8084724361489e-05,0.00230261862126832
0.4515,0.76920788617935,0.769226094249408,-1.82080700578124e-05,0.00231832348309151
0.452,0.769527290382149,0.769545615191336,-1.83248091872867e-05,0.00233318717069797
0.4525,0.769842667122405,0.769861099580342,-1.84324579373119e-05,0.0023468934352453
0.453,0.770154028417143,0.770172557543629,-1.85291264861442e-05,0.00235920165715585
0.4535,0.77046138391817,0.770479997753538,-1.86138353677201e-05,0.00236998712693712
0.454,0.770764742660461,0.770783428847295,-1.86861868336496e-05,0.00237919920169123
0.4545,0.771064114165742,0.771082860839193,-1.8746673450587e-05,0.00238690059695242
0.455,0.771359510172014,0.771378306509242,-1.87963372280109e-05,0.00239322398548812
0.4555,0.771650945690539,0.771669782760306,-1.88370697669082e-05,0.00239841021341627
0.456,0.771938440670494,0.771957311928328,-1.88712578342853e-05,0.00240276317335053
0.4565,0.772222019641273,0.772240917984349,-1.88983430751133e-05,0.00240621177332062
0.457,0.772501704850383,0.772520620572869,-1.89157224860237e-05,0.00240842458864415
0.4575,0.772777513384217,0.772796434702802,-1.89213185848303e-05,0.00240913710607383
0.458,0.773049459021701,0.773068372649502,-1.89136278011537e-05,0.00240815788508312
0.4585,0.773317553287653,0.773336445313737,-1.88920260841829e-05,0.00240540746905499
0.459,0.773581807130961,0.773600663579335,-1.88564483745157e-05,0.00240087757436905
0.4595,0.773842231976007,0.77386103966232,-1.88076863124609e-05,0.00239466899579994
0.46,0.774098841380576,0.774117588436846,-1.87470562701408e-05,0.00238694933905186
0.4605,0.774351652041205,0.774370328729754,-1.86766885490464e-05,0.00237798984253482
0.461,0.774600685386855,0.774619284569613,-1.8599182758039e-05,0.00236812149872916
0.4615,0.774845967235685,0.774864481573411,-1.85143377259278e-05,0.00235731869372334
0.462,0.775087521268955,0.775105941273461,-1.84200045062477e-05,0.00234530781515545
0.4625,0.775325366285479,0.775343680821748,-1.83145362687709e-05,0.00233187918208855
0.463,0.775559517969974,0.775577714797451,-1.81968274770572e-05,0.00231689203325126
0.4635,0.775789989889289,0.775808056496238,-1.80666069489188e-05,0.00230031184065505
0.464,0.776016795091094,0.776034719217493,-1.79241263990049e-05,0.00228217065360445
0.4645,0.776239947096442,0.776257717542047,-1.77704456046923e-05,0.00226260340714594
0.465,0.776459461476642,0.776477068587124,-1.7607110481932e-05,0.00224180693341168
0.4655,0.776675356800301,0.776692793230136,-1.74364298349827e-05,0.00222007519849
0.466,0.776887656146708,0.776904917288595,-1.72611418868263e-05,0.00219775684375917
0.4665,0.777096386778243,0.777113468113925,-1.70813356821231e-05,0.00217486320673749
0.467,0.777301573989422,0.777318469242222,-1.68952527997979e-05,0.00215117039830001
0.4675,0.777503238510361,0.777519940113479,-1.67016031183964e-05,0.00212651415508144
0.468,0.777701398178914,0.77771789777283,-1.64995939154755e-05,0.00210079354452551
0.4685,0.777896068872424,0.777912358081547,-1.62892091227773e-05,0.00207400652075808
0.469,0.778087266016757,0.7781033369252,-1.60709084430222e-05,0.0020462116149474
0.4695,0.778275005512462,0.778290851411301,-1.58458988395171e-05,0.00201756250243463
0.47,0.778459305220331,0.778474921044687,-1.56158243562743e-05,0.00198826850940469
0.4705,0.778640185842669,0.778655568872083,-1.53830294132851e-05,0.00195862813668187
0.471,0.778817672346278,0.778832822584674,-1.51502383957114e-05,0.00192898826375848
0.4715,0.778991793651561,0.779006711342431,-1.4917690869698e-05,0.00189937939314341
0.472,0.779162576898857,0.779177260785475,-1.46838866179611e-05,0.00186961051123955
0.4725,0.779330045017325,0.779344492769816,-1.44477524909314e-05,0.00183954498039999
0.473,0.779494218289113,0.779508426950186,-1.4208661072157e-05,0.00180910291548094
0.4735,0.779655115208652,0.779669081903914,-1.396669526188e-05,0.00177829487166908
0.474,0.779812753891138,0.779826476251159,-1.37223600212844e-05,0.00174718514261921
0.4745,0.779967152924185,0.77998062976359,-1.34768394047802e-05,0.00171592448682112
0.475,0.780118332751097,0.78013156445145,-1.32317003528337e-05,0.00168471241333141
0.4755,0.780266316478448,0.780279305620274,-1.29891418261252e-05,0.00165382890251961
0.476,0.780411131197906,0.780423882887763,-1.27516898569269e-05,0.00162359557880376
0.4765,0.780552807693274,0.780565327262797,-1.2519569523306e-05,0.00159404110001344
0.477,0.780691375169049,0.780703666555387,-1.22913863384033e-05,0.00156498791456726
0.4775,0.780826859002376,0.780838925130721,-1.2066128344812e-05,0.00153630717604645
0.478,0.780959282186882,0.780971125361271,-1.18431743887371e-05,0.00150791979669347
0.4785,0.781088666111296,0.781100288654606,-1.1622543309886e-05,0.0014798281752544
0.479,0.781215031855993,0.781226436476753,-1.14046207604357e-05,0.00145208141448943
0.4795,0.781338400961877,0.781349591362962,-1.11904010847708e-05,0.00142480611825774
0.48,0.781458796699958,0.781469777907628,-1.09812076701798e-05,0.00139817078546221
0.4805,0.781576244797247,0.78158702372448,-1.07789272333347e-05,0.00137241564033046
0.481,0.781690774646319,0.781701360369361,-1.05857230415785e-05,0.00134781611861519
0.4815,0.781802419031911,0.781812820698731,-1.04016668200924e-05,0.00132438135265012
0.482,0.781911209368715,0.781921434717058,-1.02253483431625e-05,0.00130193178692066
0.4825,0.782017173655227,0.782027229351179,-1.00556959512499e-05,0.00128033097349646
0.483,0.782120337784574,0.782130229759239,-9.89197466449987e-06,0.00125948533183596
0.4835,0.782220726234391,0.782230460253494,-9.7340191027584e-06,0.00123937380508395
0.484,0.782318363239852,0.782327945217835,-9.58197798350824e-06,0.00122001532853844
0.4845,0.78241327347171,0.782422710011663,-9.43653995244542e-06,0.00120149758329268
0.485,0.782505483180645,0.782514781853827,-9.29867318200106e-06,0.00118394384088921
0.4855,0.782595020833733,0.782604190677603,-9.16984387000497e-06,0.00116754078343376
0.486,0.782681918200581,0.782690969950973,-9.05175039200845e-06,0.00115250465481772
0.4865,0.782766210101582,0.782775154339854,-8.94423827202395e-06,0.00113881578654746
0.487,0.782847930203106,0.782856776032426,-8.84582932059175e-06,0.00112628596969552
0.4875,0.782927109192905,0.782935864535928,-8.75534302258174e-06,0.00111476489640722
0.488,0.7830037759453,0.783012447829947,-8.67188464770408e-06,0.00110413864608386
0.4885,0.783077958114607,0.783086553175241,-8.59506063466409e-06,0.00109435710894508
0.489,0.783149683173154,0.783158207916432,-8.52474327728281e-06,0.00108540402493517
0.4895,0.783218978990816,0.783227440270001,-8.4612791855232e-06,0.00107732352580527
0.49,0.783285874842704,0.783294280093389,-8.40525068412923e-06,0.00107018975544456
0.4905,0.783350401948894,0.78335875962603,-8.3576771354732e-06,0.00106413250310134
0.491,0.783412594426102,0.783420914198709,-8.31977260729033e-06,0.00105930634868064
0.4915,0.783472489060163,0.783480780227081,-8.29116691836163e-06,0.0010556641592458
0.492,0.783530121706994,0.783538392052891,-8.27034589723219e-06,0.00105301314449942
0.4925,0.783585525709711,0.783593781765399,-8.25605568777199e-06,0.0010511936585207
0.493,0.783638732905719,0.783646980186435,-8.24728071635583e-06,0.0010500763944596
0.4935,0.783689774116425,0.783698017556196,-8.24343977057218e-06,0.00104958735005351
0.494,0.783738680038958,0.783746924212052,-8.24417309330805e-06,0.00104968071960414
0.4945,0.783785481719937,0.783793731251581,-8.24953164368925e-06,0.00105036299142892
0.495,0.783830211415327,0.783838471177865,-8.25976253715499e-06,0.00105166562924278
0.4955,0.783872903026481,0.783881178517783,-8.27549130177907e-06,0.0010536682777537
0.496,0.78391359290657,0.783921890411888,-8.29750531816664e-06,0.00105647118937401
0.4965,0.783952319660125,0.783960644964087,-8.32530396155384e-06,0.00106001062257907
0.497,0.783989121197815,0.783997478640171,-8.35744235616609e-06,0.00106410261007153
0.4975,0.784024033415519,0.784032426116059,-8.39270053965002e-06,0.00106859182142025
0.498,0.784057091031094,0.78406552108183,-8.43005073614123e-06,0.00107334739613788
0.4985,0.784088327963422,0.784096796795304,-8.46883188199143e-06,0.00107828516498654
0.499,0.784117778066738,0.784126286627717,-8.50856097889263e-06,0.00108334363071166
0.4995,0.784145475491669,0.78415402459254,-8.54910087100258e-06,0.00108850533008903
0.5,0.784171455386226,0.784180045857829,-8.59047160250981e-06,0.00109377281522399
0.5005,0.784195754221467,0.784204387232759,-8.6330112925026e-06,0.00109918913677595
0.501,0.784218410442026,0.784227087629287,-8.67718726094147e-06,0.00110481379577029
0.5015,0.784239464295641,0.784248186794204,-8.7224985633183e-06,0.00111058300997125
0.502,0.784258955589328,0.784267723305989,-8.76771666169507e-06,0.00111634035707035
0.5025,0.784276922650522,0.784285734452008,-8.81180148593064e-06,0.0011219534112243
0.503,0.784293402981371,0.784302256838423,-8.8538570525154e-06,0.00112730809226949
0.5035,0.784308433520245,0.784317326802109,-8.89328186415295e-06,0.00113232781519156
0.504,0.784322051207634,0.784330980813692,-8.92960605736182e-06,0.00113695275511397
0.5045,0.784334293227497,0.784343255862622,-8.96263512495388e-06,0.00114115814661237
0.505,0.784345197538369,0.784354189827145,-8.99228877637714e-06,0.00114493376677615
0.5055,0.784354803081914,0.784363821819796,-9.01873788194951e-06,0.00114830137148992
0.506,0.784363150266862,0.784372192511805,-9.04224494291395e-06,0.00115129438344996
0.5065,0.784370280831328,0.784379343274242,-9.06244291321023e-06,0.00115386606890042
0.507,0.784376236347847,0.784385314814986,-9.07846713948945e-06,0.00115590633675767
0.5075,0.78438105748648,0.784390147086964,-9.08960048362495e-06,0.00115732387815951
0.508,0.7843847844744,0.784393879690442,-9.09521604208763e-06,0.00115803887326956
0.5085,0.784387457232736,0.784396552133482,-9.09490074585406e-06,0.00115799872850627
0.509,0.784389115762846,0.784398204082517,-9.08831967050272e-06,0.00115716079996785
0.5095,0.784389800260725,0.784398875593803,-9.07533307747954e-06,0.001155507295589
0.51,0.784389551467013,0.784398607331248,-9.05586423538551e-06,0.00115302844562457
0.5105,0.784388410751356,0.784397440761235,-9.03000987917402e-06,0.00114973656675135
0.511,0.784386420418808,0.784395418330411,-8.99791160324792e-06,0.00114564968732866
0.5115,0.784383623600307,0.784392583015732,-8.95941542577994e-06,0.00114074820178132
0.512,0.784380063508662,0.784388977605468,-8.91409680647826e-06,0.00113497805596055
0.5125,0.7843757830033,0.784384644632817,-8.86162951718727e-06,0.00112829771320752
0.513,0.784370824845028,0.78437962656148,-8.80171645245564e-06,0.00112066934488126
0.5135,0.784365231702889,0.784373965886985,-8.73418409619298e-06,0.00111207085822698
0.514,0.784359046351879,0.784367705227637,-8.65887575729474e-06,0.00110248230271363
0.5145,0.784352311656101,0.784360887395817,-8.57573971624337e-06,0.0010918970932077
0.515,0.784345070729925,0.784353555457785,-8.48472786008081e-06,0.0010803091037771
0.5155,0.784337366895094,0.78434575277268,-8.38587758622555e-06,0.00106772309600906
0.516,0.784329243803273,0.784337523019329,-8.27921605639492e-06,0.00105414252824083
0.5165,0.784320745325597,0.784328910048211,-8.1647226146675e-06,0.00103956477047881
0.517,0.784311915380098,0.784319957657504,-8.04227740658359e-06,0.00102397456237924
0.5175,0.784302797721105,0.784310709521446,-7.91180034154237e-06,0.00100736170649009
0.518,0.784293435995912,0.784301209176585,-7.7731806730208e-06,0.000989712102126117
0.5185,0.784283873631865,0.7842914999734,-7.62634153494979e-06,0.000971015962395433
0.519,0.784274153854759,0.784281625020177,-7.47116541854886e-06,0.000951258325615425
0.5195,0.784264319557221,0.784271627110129,-7.30755290800911e-06,0.000930426533772163
0.52,0.784254413286851,0.784261548642082,-7.13535523044762e-06,0.000908501644513878
0.5205,0.784244477098499,0.784251431525879,-6.95442737996821e-06,0.000885465195116447
0.521,0.784234552515087,0.784241317083052,-6.76456796544489e-06,0.000861291543665312
0.5215,0.784224680407404,0.784231246089622,-6.56568221757414e-06,0.000835968623757986
0.522,0.784214901187401,0.784221258880687,-6.35769328682922e-06,0.000809486650608824
0.5225,0.784205254751887,0.784211395267377,-6.14051549041594e-06,0.000781834714745641
0.523,0.784195780386679,0.784201694382613,-5.91399593385944e-06,0.00075299334903928
0.5235,0.784186516581238,0.784192194531857,-5.67795061956478e-06,0.000722939126188339
0.524,0.784177500917955,0.784182933042769,-5.43212481451949e-06,0.000691639612578338
0.5245,0.784168769881454,0.784173946105613,-5.17622415840968e-06,0.000659057329090069
0.525,0.78416035873269,0.784165268615465,-4.90988277523918e-06,0.000625145690944855
0.5255,0.784152301318736,0.784156934008381,-4.63268964523422e-06,0.000589852365479732
0.526,0.784144629937934,0.784148974102424,-4.34416448991115e-06,0.000553116201738913
0.5265,0.78413737523831,0.784141419253683,-4.04401537357213e-06,0.000514900029314898
0.527,0.784130566602216,0.78413429865193,-3.73204971382268e-06,0.000475179327855659
0.5275,0.78412423220551,0.784127640256695,-3.40805118459464e-06,0.000433926553870741
0.528,0.784118398856257,0.784121470599669,-3.07174341163119e-06,0.000391106518296853
0.5285,0.784113091817977,0.784115814619094,-2.72280111690559e-06,0.000346677805449327
0.529,0.7841083346578,0.78411069550128,-2.36084347959853e-06,0.000300591927715501
0.5295,0.784104149081359,0.784106134522569,-1.98544120988409e-06,0.000252794226217125
0.53,0.784100554784751,0.784102150901416,-1.59611666472603e-06,0.000203223885553998
0.5305,0.784097569307216,0.784098761654361,-1.19234714546224e-06,0.000151814353665461
0.531,0.784095207893485,0.784095981464998,-7.73571512735494e-07,9.84941840695431e-05
0.5315,0.784093483455165,0.784093822892573,-3.39437408181098e-07,4.32185131058585e-05
0.532,0.784092406991266,0.784092296733988,1.10257277641246e-07,1.40383925987678e-05
0.5325,0.784091987731999,0.784091412019015,5.75712984396404e-07,7.33020538150999e-05
0.533,0.784092233011052,0.784091175871984,1.05713906839444e-06,0.000134599126616429
0.5335,0.784093148178545,0.784091593415624,1.55476292162948e-06,0.000197958563450663
0.534,0.78409473649959,0.784092667687523,2.06881206632481e-06,0.000263409333347001
0.5345,0.784096999090978,0.78409439956461,2.59952636827432e-06,0.000330981976966864
0.535,0.784099934837939,0.78409678770196,3.14713597904248e-06,0.00040070579811757
0.5355,0.784103540358175,0.784099828481848,3.71187632619563e-06,0.000472610772367855
0.536,0.784107809940884,0.784103515978507,4.29396237699997e-06,0.000546724270200136
0.5365,0.784112735595143,0.784107842152954,4.89344218901344e-06,0.000623052410492731
0.537,0.784118307358929,0.78411279715483,5.51020409922387e-06,0.000701580975869363
0.5375,0.784124513477392,0.784118369390677,6.14408671528732e-06,0.000782289417218579
0.538,0.784131340377285,0.784124545510152,6.79486713317523e-06,0.000865149353517995
0.5385,0.784138772710565,0.784131310426006,7.4622845589456e-06,0.000950127579451613
0.539,0.784146793357986,0.78413864734662,8.14601136656101e-06,0.00103718238037676
0.5395,0.784155383497652,0.784146537818942,8.84567870984565e-06,0.00112626679333974
0.54,0.784164522630618,0.78415496178374,9.56084687808723e-06,0.00121732483263384
0.5405,0.784174188674054,0.784163897641527,1.02910325269212e-05,0.00131029495694319
0.541,0.784184358009035,0.784173322330195,1.10356788400878e-05,0.00140510627021969
0.5415,0.784195005597782,0.784183211431782,1.17941659996124e-05,0.00150167985478774
0.542,0.784206105056704,0.784193539297644,1.25657590596129e-05,0.00159992213443132
0.5425,0.784217628796339,0.784204279162813,1.33496335257277e-05,0.00169972813126788
0.543,0.784229548111087,0.78421540326132,1.41448497670282e-05,0.00180097820777183
0.5435,0.784241833336543,0.78422688295253,1.49503840127796e-05,0.00190354201340473
0.544,0.784254453957713,0.784238688854824,1.57651028895867e-05,0.00200727524258403
0.5445,0.784267378782156,0.784250790987089,1.6587795066525e-05,0.00211202366386624
0.545,0.784280576063944,0.784263158915637,1.74171483066088e-05,0.00221762019804914
0.5455,0.784294013688764,0.784275761907442,1.82517813221983e-05,0.00232388897412815
0.546,0.784307659310325,0.784288569086635,1.90902236901769e-05,0.00243064277201732
0.5465,0.784321480484672,0.784301549394774,1.99310898973959e-05,0.00253770518270359
0.547,0.784335444443454,0.784314671468766,2.07729746881657e-05,0.00264489728347552
0.5475,0.784349518125812,0.784327903749349,2.1614376462975e-05,0.00275202788474528
0.548,0.784363668348174,0.784341214679513,2.24536686606047e-05,0.00285888988630625
0.5485,0.784377862015741,0.784354572885992,2.32891297489157e-05,0.00296526409587876
0.549,0.784392066293387,0.784367947360964,2.41189324223789e-05,0.00307091785369679
0.5495,0.784406248819428,0.78438130764669,2.49411727378801e-05,0.00317560874219395
0.55,0.784420377881512,0.784394624017602,2.57538639096833e-05,0.00327908379595365
0.5505,0.784434422627,0.784407867662877,2.65549641232932e-05,0.00338108304308004
0.551,0.784448353238623,0.784421010863631,2.73423749914681e-05,0.00348133930861149
0.5515,0.784462141030708,0.784434026794499,2.81142362089648e-05,0.00357961573112792
0.552,0.78447575795112,0.784446889162212,2.88687889079542e-05,0.00367568836462191
0.5525,0.784489176473226,0.784459572263321,2.96042099051652e-05,0.00376932507418967
0.553,0.784502369791174,0.78447205120125,3.03185899240832e-05,0.00386028276319518
0.5535,0.784515312017718,0.784484302063529,3.10099541884767e-05,0.00394830999531944
0.554,0.784527978365022,0.784496302093674,3.16762713481467e-05,0.00403314813102217
0.5545,0.78454034533372,0.784508029861851,3.23154718689933e-05,0.0041145336690379
0.555,0.784552390889573,0.784519465427508,3.29254620649033e-05,0.00419220003297124
0.5555,0.78456409463803,0.784530590498156,3.35041398733527e-05,0.00426587957990907
0.556,0.784575437991244,0.78454138857749,3.40494137537339e-05,0.00433530600663034
0.5565,0.784586404196112,0.784551844653141,3.45595429713796e-05,0.00440025767591347
0.557,0.784596977681369,0.784561944683183,3.50329981854136e-05,0.00446053986603038
0.5575,0.784607143832248,0.78457167558856,3.54682436882747e-05,0.00451595704462147
0.558,0.784616889165725,0.784581025436922,3.58637288038199e-05,0.0045663117734681
0.5585,0.784626201468211,0.784589983575442,3.62178927686418e-05,0.00461140533000125
0.559,0.784635069947814,0.784598540756092,3.65291917223676e-05,0.00465104114381308
0.5595,0.784643485358177,0.784606689257593,3.67961005843798e-05,0.0046850250356085
0.56,0.784651440141915,0.784614422997775,3.70171441403944e-05,0.00471316917527116
0.5605,0.784658928535975,0.784621737640319,3.71908956562361e-05,0.0047352919053639
0.561,0.784665946701518,0.784628630689926,3.73160115922921e-05,0.00475122216111021
0.5615,0.784672492687059,0.78463510114862,3.73915384388468e-05,0.00476083853788246
0.562,0.784678565780221,0.784641148980062,3.7416800159118e-05,0.00476405496000419
0.5625,0.784684166228765,0.784646775052887,3.73911758780876e-05,0.00476079237521287
0.563,0.78468929537113,0.784651981265548,3.73141055814985e-05,0.0047509794802787
0.5635,0.784693955698561,0.784656770621671,3.71850768903226e-05,0.00473455103707763
0.564,0.784698150961511,0.784661147298594,3.70036629168125e-05,0.00471145269257357
0.5645,0.78470188621817,0.784665116712141,3.67695060294881e-05,0.00468163891171223
0.565,0.784705167930996,0.784668685573286,3.64823577106987e-05,0.00464507805224354
0.5655,0.784708003998585,0.784671861939311,3.61420592739359e-05,0.00460174990957374
0.566,0.784710403838833,0.784674655255655,3.5748583177897e-05,0.00455165097703526
0.5665,0.784712378311792,0.784677076062749,3.53022490436894e-05,0.00449482195005144
0.567,0.784713939215948,0.784679135556627,3.48036593212919e-05,0.00443133953493594
0.5675,0.784715099027674,0.784680845512798,3.42535148757372e-05,0.00436129296859628
0.568,0.784715870979024,0.784682218348322,3.36526307020968e-05,0.00428478601942783
0.5685,0.784716269052019,0.784683267145268,3.30019067511511e-05,0.00420193327272279
0.569,0.784716308035878,0.784684005669536,3.23023663415523e-05,0.00411286502145864
0.5695,0.784716003510757,0.784684448386006,3.15551247510593e-05,0.00401772326721
0.57,0.784715371895609,0.784684610468476,3.07614271328749e-05,0.00391666654780655
0.5705,0.784714430419917,0.784684507804842,2.9922615075173e-05,0.00380986567955988
0.571,0.784713197160159,0.78468415699657,2.90401635887338e-05,0.00369750846667541
0.5715,0.784711690949776,0.784683575165086,2.81157846900859e-05,0.00357981288986768
0.572,0.784709931093149,0.784682779674447,2.71514187020205e-05,0.00345702599870744
0.5725,0.784707937173908,0.784681788059976,2.61491139325054e-05,0.00332940859186511
0.573,0.784705729080367,0.784680618036001,2.51110443657554e-05,0.00319723746960789
0.5735,0.784703326950482,0.784679287480005,2.40394704769109e-05,0.00306080044456964
0.574,0.784700751182488,0.784677814414572,2.29367679164261e-05,0.00292039999396064
0.5745,0.784698022373308,0.784676216985901,2.18053874069257e-05,0.0027763481534768
0.575,0.784695161320965,0.784674513440148,2.06478808173483e-05,0.00262896983716264
0.5755,0.784692188956524,0.784672722095967,1.94668605574266e-05,0.00247859766735608
0.576,0.784689126337891,0.784670861314997,1.82650228931491e-05,0.00232557494330505
0.5765,0.784685994566397,0.784668949413324,1.70451530722149e-05,0.0021702562937608
0.577,0.784682814713109,0.784667004548308,1.58101648012332e-05,0.00201301270337101
0.5775,0.784679607713256,0.784665044663636,1.45630496199978e-05,0.00185422506681215
0.578,0.784676394345893,0.784663087457923,1.33068879701881e-05,0.00169428559810041
0.5785,0.784673195152414,0.784661150344394,1.20448080198621e-05,0.00153359258796316
0.579,0.78467003040832,0.784659250410706,1.07799976141187e-05,0.00137255192544467
0.5795,0.784666920039801,0.784657404376099,9.51566370210877e-06,0.00121157193199259
0.58,0.784663883589825,0.784655628549199,8.25504062607063e-06,0.00105106441685084
0.5805,0.784660940134172,0.784653938783468,7.00135070441643e-06,0.000891439658342239
0.581,0.784658108242963,0.784652350433866,5.75780909661816e-06,0.000733107023285009
0.5815,0.784655405916,0.784650878346459,4.52756954039124e-06,0.000576468058036453
0.582,0.784652850657435,0.784649536864295,3.31379314000291e-06,0.000421925246892381
0.5825,0.784650459446817,0.784648339792335,2.11965448149165e-06,0.000269882790701028
0.583,0.784648248689446,0.784647300348997,9.48340448947427e-07,0.000120746456147176
0.5835,0.784646234135142,0.784646431119934,-1.96984792144583e-07,2.5080882706992e-05
0.584,0.784644430828356,0.784645744014251,-1.31318589580154e-06,0.000167200021212299
0.5845,0.784642853030427,0.784645250219804,-2.39718937666833e-06,0.000305219631059315
0.585,0.78464151416863,0.784644960161646,-3.44599301582704e-06,0.000438757457863217
0.5855,0.784640426763991,0.784644883460329,-4.45669633808432e-06,0.000567444201652535
0.586,0.784639602381337,0.78464502889407,-5.42651273272021e-06,0.000690925060130825
0.5865,0.784639051593065,0.784645404426771,-6.35283370664652e-06,0.000808867909642881
0.587,0.784638784112405,0.784646017267629,-7.2331552239957e-06,0.000920953926439905
0.5875,0.784638808817921,0.784646873858236,-8.06504031503064e-06,0.00102687282589803
0.588,0.784639133702273,0.784647979835197,-8.84613292317926e-06,0.00112632462557755
0.5885,0.784639765820399,0.78464934000069,-9.57418029179369e-06,0.00121902249559358
0.589,0.784640711245206,0.784650958297421,-1.02470522151954e-05,0.00130469520973528
0.5895,0.784641975024586,0.784652837785108,-1.08627605222011e-05,0.00138308962618545
0.59,0.784643561141866,0.784654980621899,-1.1419480033692e-05,0.00145397335592103
0.5905,0.784645472483412,0.784657388048068,-1.19155646559621e-05,0.00151713681178196
0.591,0.784647710805839,0.784660060375098,-1.23495692588849e-05,0.00157239599408579
0.5915,0.784650276736032,0.784662997014569,-1.27202785362712e-05,0.00161959616524264
0.592,0.784653169875744,0.784666196528057,-1.30266523126199e-05,0.00165860488599434
0.5925,0.784656388851651,0.784669656638818,-1.32677871677034e-05,0.00168930712930497
0.593,0.784659931294444,0.784673374232672,-1.34429382288026e-05,0.00171160805503435
0.5935,0.784663793840572,0.784677345366162,-1.35515255904606e-05,0.00172543382732649
0.594,0.784667972122606,0.784681565279988,-1.35931573815862e-05,0.00173073455160442
0.5945,0.784672460782989,0.784686028416029,-1.356763304039e-05,0.00172748469154799
0.595,0.784677253473736,0.784690728439602,-1.34749658662336e-05,0.00171568594048452
0.5955,0.784682342882662,0.784695658265547,-1.33153828846266e-05,0.00169536720419964
0.596,0.784687720743223,0.784700810089372,-1.30893461488535e-05,0.00166658731314472
0.5965,0.784693377871497,0.784706175387742,-1.27975162453886e-05,0.00162943037580194
0.597,0.784699304174882,0.784711744909362,-1.24407344804789e-05,0.0015840035106096
0.5975,0.784705488698133,0.784717508709009,-1.20200108754132e-05,0.00153043531747228
0.598,0.784711919655279,0.78472345620159,-1.15365463114747e-05,0.00146887869734382
0.5985,0.784718584493215,0.784729576216889,-1.09917236738033e-05,0.0013995097246288
0.599,0.784725469934218,0.784735857058688,-1.03871244698794e-05,0.00132252976311368
0.5995,0.784732562050671,0.784742286568038,-9.72451736647173e-06,0.00123816400644556
0.6,0.784739846317823,0.784748852190104,-9.00587228169769e-06,0.00114666327238918
0.6005,0.784747307698262,0.784755541044614,-8.23334635235984e-06,0.00104830221613256
0.601,0.784754930703904,0.784762339998946,-7.40929504172705e-06,0.000943380744573705
0.6015,0.784762699458016,0.784769235620695,-6.53616267853874e-06,0.000832210079313762
0.602,0.784770597571088,0.784776214080673,-5.61650958419424e-06,0.000715116210598015
0.6025,0.784778608153892,0.784783261197985,-4.6530440933612e-06,0.000592443974306386
0.603,0.784786713903985,0.784790362541761,-3.6486377769096e-06,0.00046455899019759
0.6035,0.784794897217198,0.784797503523209,-2.60630601034428e-06,0.000331845187805127
0.604,0.784803140278827,0.784804669489503,-1.52921067597678e-06,0.000194705150488482
0.6045,0.784811425181172,0.784811845820504,-4.20639332143757e-07,5.35574631756421e-05
0.605,0.784819734021613,0.784819018025896,7.15995717381901e-07,9.11634061231658e-05
0.6055,0.784828049023222,0.7848261718439,1.87717932242926e-06,0.000239009894587609
0.606,0.784836352637,0.784833293338902,3.05929809774064e-06,0.000389521931717644
0.6065,0.784844627605717,0.784840368798619,4.25880709775672e-06,0.000542248161026265
0.607,0.78485285670703,0.784847384545466,5.47216156432384e-06,0.000696737249887694
0.6075,0.784861022711706,0.784854326974361,6.69573734557449e-06,0.000852527756954549
0.608,0.784869108504707,0.784861182677784,7.92582692299426e-06,0.00100914762630829
0.6085,0.78487709721253,0.784867938550631,9.1586618991002e-06,0.00116611705067936
0.609,0.784884972320152,0.784874581893697,1.03904264551202e-05,0.00132295018493215
0.6095,0.784892717797242,0.784881100517551,1.1617279691678e-05,0.00147915799056932
0.61,0.784900318216034,0.784887482843411,1.28353726229768e-05,0.00163425039949852
0.6105,0.784907758872659,0.784893718002815,1.4040869843801e-05,0.00178773907276069
0.611,0.78491502590235,0.784899795932643,1.52299697070424e-05,0.0019391399696125
0.6115,0.784922106319864,0.78490570722506,1.63990948042203e-05,0.00208799760025942
0.612,0.784928987668458,0.784911442870832,1.75447976252796e-05,0.00223387301408816
0.6125,0.784935657917652,0.78491699427303,1.86636446219968e-05,0.002376329038161
0.613,0.784942105587117,0.78492235336339,1.97522237265213e-05,0.00251493123450631
0.6135,0.784948319853283,0.784927512691565,2.08071617183725e-05,0.00264925011135315
0.614,0.784954290661082,0.784932465510525,2.18251505578193e-05,0.00277886447600142
0.6145,0.784960008823238,0.784937205860053,2.28029631857973e-05,0.00290336344652973
0.615,0.784965466127237,0.784941728645,2.37374822376069e-05,0.00302235010773696
0.6155,0.784970655423845,0.784946029710132,2.46257137128669e-05,0.00313544325165491
0.616,0.784975570725864,0.784950105908409,2.5464817454135e-05,0.00324228125820668
0.6165,0.784980207209705,0.784953954928031,2.62522816736332e-05,0.00334254431663961
0.617,0.784984560838669,0.784957575013727,2.6985824942094e-05,0.00343594194635746
0.6175,0.78498862821598,0.784960964950007,2.76632659735876e-05,0.00352219641740984
0.618,0.784992406682456,0.784964124143273,2.82825391832997e-05,0.00360104473136989
0.6185,0.784995894376415,0.784967052675861,2.88417005540609e-05,0.00367223936828404
0.619,0.78499909031512,0.784969751355493,2.93389596265348e-05,0.00373555235978924
0.6195,0.785001994444516,0.784972221761591,2.97726829252554e-05,0.00379077572532965
0.62,0.785004607712715,0.784974466286131,3.01414265837519e-05,0.00383772562611645
0.6205,0.785006932107213,0.784976488170316,3.04439368973286e-05,0.00387624243551007
0.621,0.785008970717912,0.784978291535001,3.06791829109976e-05,0.00390619488824453
0.6215,0.785010727700798,0.784979881218681,3.08464821161536e-05,0.00392749608462527
0.622,0.785012207953132,0.784981262530976,3.09454221562033e-05,0.00394009352178017
0.6225,0.785013416954468,0.784982441212566,3.09757419018064e-05,0.00394395395168899
0.623,0.785014360822426,0.784983423473113,3.09373493125875e-05,0.00393906565540716
0.6235,0.785015046319145,0.784984216006094,3.08303130513998e-05,0.00392543737536069
0.624,0.785015480891626,0.784984826000032,3.06548915940397e-05,0.00390310202171008
0.6245,0.785015672669003,0.784985261146695,3.04115223077606e-05,0.00387211528178363
0.625,0.785015630494837,0.7849855296454,3.01008494373312e-05,0.00383255918337292
0.6255,0.785015363914249,0.784985640203778,2.97237104711634e-05,0.00378454035881439
0.626,0.785014883196926,0.78498560203444,2.92811624855727e-05,0.00372819339924469
0.6265,0.785014199277982,0.784985424734642,2.87745433397157e-05,0.00366368864618219
0.627,0.78501332354531,0.784985118114898,2.82054304118207e-05,0.00359122693766059
0.6275,0.785012267705271,0.784984692151523,2.75755537477718e-05,0.00351102854996329
0.628,0.785011043796502,0.784984156986481,2.68868100204989e-05,0.00342333497498808
0.6285,0.785009664154217,0.784983522912844,2.61412413722351e-05,0.00332840622635966
0.629,0.785008141413069,0.784982800358645,2.53410544238664e-05,0.00322652325977526
0.6295,0.785006488465912,0.784981999868667,2.44885972449094e-05,0.00311798504073112
0.63,0.785004718460762,0.784981132084786,2.35863759759924e-05,0.0030031106609625
0.6305,0.785002844754242,0.78498020772419,2.26370300522305e-05,0.00288223618378582
0.631,0.785000880902585,0.784979237556352,2.16433462333354e-05,0.00275571643046775
0.6315,0.784998840600192,0.784978232339683,2.06082605088698e-05,0.0026239252228097
0.632,0.7849967376013,0.784977202741353,1.95348599466572e-05,0.00248725561849469
0.6325,0.784994585636211,0.784976159298386,1.8426337824895e-05,0.00234611419833056
0.633,0.784992398394256,0.784975112395459,1.72859987970231e-05,0.00220092172386142
0.6335,0.784990189467411,0.784974072237439,1.6117229971857e-05,0.00205210945517592
0.634,0.784987972328294,0.784973048822392,1.49235059011543e-05,0.00190011978594382
0.6345,0.784985760272695,0.784972051913728,1.37083589671905e-05,0.00174540247304518
0.635,0.784983566394722,0.784971091013168,1.24753815536893e-05,0.00158841491298168
0.6355,0.784981403529226,0.784970175333092,1.12281961335281e-05,0.00142961833332504
0.636,0.784979284224855,0.784969313770061,9.97045479456116e-06,0.00126947773234296
0.6365,0.784977220697307,0.784968514893155,8.70580415113231e-06,0.00110845741139412
0.637,0.78497522486396,0.784967786940161,7.43792379864772e-06,0.000947025871116505
0.6375,0.784973308316992,0.784967137796432,6.17052055973399e-06,0.000785655078825467
0.638,0.784971482291492,0.784966574968757,4.90732273472627e-06,0.000624819736463139
0.6385,0.78496975761109,0.784966105560752,3.65205033725502e-06,0.000464993490875648
0.639,0.784968144656602,0.784965736250193,2.40840640919338e-06,0.000306647827997862
0.6395,0.784966653314436,0.784965473266527,1.18004790938819e-06,0.00015024836629151
0.64,0.784965292945367,0.784965322370655,-2.94252874288858e-08,3.74654395696559e-06
0.6405,0.784964072336936,0.784965288835233,-1.21649829665227e-06,0.000154889373740064
0.641,0.784962999673523,0.784965377427565,-2.37775404143825e-06,0.000302745047321303
0.6415,0.784962082513079,0.784965592428006,-3.50991492703567e-06,0.000446896248375805
0.642,0.784961327881438,0.784965937665624,-4.60978418626024e-06,0.000586935951864133
0.6425,0.784960742289928,0.784966416515691,-5.67422576291943e-06,0.000722464862710406
0.643,0.784960331704936,0.784967031884513,-6.70017957726809e-06,0.000853093359460466
0.6435,0.7849601015135,0.784967786198762,-7.68468526246568e-06,0.000978444516501482
0.644,0.784960056497283,0.784968681397377,-8.62490009434502e-06,0.00109815638695101
0.6445,0.784960200803508,0.784969718924431,-9.51812092364612e-06,0.00121188479515574
0.645,0.784960537921586,0.784970899724751,-1.03618031647157e-05,0.0013193057544078
0.6455,0.784961070660395,0.784972224240757,-1.11535803620777e-05,0.00142011795823789
0.646,0.78496180112864,0.784973692412191,-1.18912835511686e-05,0.00151404524550067
0.6465,0.784962730735914,0.78497530369722,-1.25729613054126e-05,0.00160083915284764
0.647,0.784963860283029,0.78497705710476,-1.31968217308431e-05,0.00168027152925298
0.6475,0.784965190000924,0.784978951205874,-1.37612049500024e-05,0.00175213103255484
0.648,0.784966719535797,0.784980984139075,-1.42646032772475e-05,0.00181622569825504
0.6485,0.7849684479453,0.784983153619188,-1.47056738881712e-05,0.00187238455263989
0.649,0.784970373689887,0.784985456948733,-1.50832588455829e-05,0.00192046016256726
0.6495,0.784972494635464,0.784987891030768,-1.53963953039016e-05,0.00196032993473022
0.65,0.784974808049172,0.784990452384157,-1.5644334984688e-05,0.00199189859535885
0.6505,0.784977310608867,0.784993137160363,-1.58265514965672e-05,0.00201509912222168
0.651,0.784979998403926,0.784995941162513,-1.59427585872951e-05,0.00202989506855102
0.6515,0.784982866956091,0.784998859846739,-1.59928906474649e-05,0.00203627808069774
0.652,0.784985911253131,0.785001888317603,-1.59770644716506e-05,0.00203426302940887
0.6525,0.78498912578457,0.785005021346859,-1.58955622894252e-05,0.00202388584926972
0.653,0.784992504552278,0.785008253402786,-1.5748850507924e-05,0.00200520592508112
0.6535,0.784996041099841,0.785011578679212,-1.55375793712276e-05,0.00197830604849083
0.654,0.784999728528981,0.785014991126444,-1.52625974626508e-05,0.00194329426448215
0.6545,0.785003559534931,0.785018484483831,-1.49249488998748e-05,0.00190030351424722
0.655,0.785007526427979,0.785022052313829,-1.45258858496033e-05,0.00184949322860239
0.6555,0.785011621174363,0.785025688037462,-1.40668630983498e-05,0.00179104863671948
0.656,0.785015835422693,0.785029384970817,-1.35495481237147e-05,0.00172518204844056
0.6565,0.785020160536795,0.785033136295127,-1.29757583323675e-05,0.00165212486316971
0.657,0.785024587544452,0.785036934999403,-1.23474549508229e-05,0.00157212679202237
0.6575,0.785029107151005,0.785040773900369,-1.16667493637035e-05,0.00148545666483811
0.658,0.785033709778584,0.785044645693143,-1.09359145589183e-05,0.00139240388742598
0.6585,0.785038385622892,0.785048542996318,-1.01573734258009e-05,0.00129327695163718
0.659,0.785043124695792,0.785052458397905,-9.33370211242401e-06,0.00118840386283164
0.6595,0.785047916886105,0.785056384502629,-8.46761652439909e-06,0.00107813042085178
0.66,0.785052752006514,0.785060313979424,-7.56197290963101e-06,0.000962820294475822
0.6605,0.785057619857012,0.785064239609712,-6.6197526998879e-06,0.000842853091386464
0.661,0.785062510274953,0.785068154335166,-5.6440602125285e-06,0.000718624065545763
0.6615,0.785067413170032,0.785072051196542,-4.63802651029521e-06,0.000590531876243789
0.662,0.785072318387806,0.785075923226031,-3.60483822536839e-06,0.000458982258091196
0.6625,0.785077215690794,0.78507976346289,-2.54777209585111e-06,0.000324392418341042
0.663,0.785082094820942,0.78508356501677,-1.47019582796837e-06,0.000187191146667398
0.6635,0.785086945570526,0.785087321120343,-3.75549816578058e-07,4.7816487748522e-05
0.664,0.785091757843944,0.785091025181524,7.32662419511421e-07,9.32854765463284e-05
0.6645,0.785096521729459,0.785094670836288,1.85089317072951e-06,0.000235663037805306
0.665,0.785101227563035,0.785098252000271,2.97556276385169e-06,0.000378860417877743
0.6655,0.785105865998921,0.785101762920166,4.10307875442495e-06,0.000522420212529654
0.666,0.785110428073647,0.785105198223086,5.22985056095049e-06,0.000665885254725754
0.6665,0.785114905232485,0.785108552832783,6.35239970181445e-06,0.000808812650431401
0.667,0.785119289131265,0.785111821828267,7.46730299783227e-06,0.000950766546935948
0.6675,0.785123571583771,0.785115000450425,8.57113334629123e-06,0.00109131059196962
0.668,0.785127744634203,0.78511808416517,9.66046903283502e-06,0.0012300091193295
0.6685,0.785131800624435,0.785121068712395,1.07319120395966e-05,0.00136642947994337
0.669,0.785135732261365,0.78512395015338,1.17821079848035e-05,0.00150014458065917
0.6695,0.78513953268154,0.785126724917742,1.28077637978619e-05,0.00163073513470651
0.67,0.785143195517463,0.785129389848071,1.38056693917976e-05,0.00175779242111766
0.6705,0.785146714957443,0.785131942243258,1.47727141849296e-05,0.00188092038833225
0.671,0.785150085808739,0.785134379898753,1.57059099865631e-05,0.0019997385680943
0.6715,0.785153303506699,0.785136701013696,1.66024930027264e-05,0.00211389506322601
0.672,0.785156363893535,0.785138904039972,1.745985356294e-05,0.00222305760016203
0.6725,0.785159263139528,0.785140987676924,1.82754626039117e-05,0.0023269041685629
0.673,0.785161997808662,0.785142950921298,1.90468873637606e-05,0.00242512501956565
0.6735,0.785164564905449,0.78514479310208,1.97718033694283e-05,0.0025174241920684
0.674,0.785166961932071,0.785146513913142,2.04480189288647e-05,0.00260352263117237
0.6745,0.785169186929979,0.785148113444528,2.10734854507733e-05,0.00268315950213256
0.675,0.785171238533249,0.78514959221097,2.16463222789676e-05,0.00275609535236633
0.6755,0.785173116003217,0.785150951178355,2.21648248626138e-05,0.00282211315172091
0.676,0.785174819276231,0.7851521917869,2.26274893303513e-05,0.00288102142134762
0.6765,0.78517634895175,0.785153315864125,2.30330876248575e-05,0.00293266380013186
0.677,0.78517770609116,0.785154325489509,2.33806016510796e-05,0.00297691066018548
0.6775,0.785178892127409,0.785155222977831,2.36691495784092e-05,0.00301364972334821
0.678,0.785179908909617,0.785156010907354,2.38980022635449e-05,0.00304278815221158
0.6785,0.785180758719532,0.785156692134838,2.40665846943378e-05,0.00306425273395488
0.679,0.785181444306533,0.785157269808461,2.41744980717939e-05,0.0030779926919132
0.6795,0.785181968898096,0.78515774737898,2.42215191157413e-05,0.00308397959717205
0.68,0.785182336229649,0.785158128608524,2.42076211248721e-05,0.00308221005001534
0.6805,0.78518255054809,0.785158417577242,2.41329708486893e-05,0.00307270528164921
0.681,0.785182616635403,0.785158618687368,2.39979480356478e-05,0.00305551364314863
0.6815,0.785182539779066,0.78515873659504,2.38031840260611e-05,0.00303071551925893
0.682,0.785182325627016,0.785158776110481,2.35495165342714e-05,0.00299841757108289
0.6825,0.785181980103982,0.78515874217454,2.32379294418106e-05,0.00295874507030787
0.683,0.785181509428653,0.785158639864199,2.28695644535204e-05,0.00291184338330918
0.6835,0.785180920100169,0.785158474389031,2.24457111377419e-05,0.00285787670302754
0.684,0.785180218907182,0.785158251086355,2.19678208263074e-05,0.00279702981877113
0.6845,0.785179412909622,0.785157975414889,2.14374947328233e-05,0.00272950660338824
0.685,0.785178509443055,0.785157652947131,2.08564959238711e-05,0.00265553153748804
0.6855,0.785177516095638,0.785157289360152,2.02267354864061e-05,0.00257534794821902
0.686,0.785176440707516,0.785156890425177,1.95502823392424e-05,0.00248921925850609
0.6865,0.785175291332993,0.785156461966068,1.88293669249884e-05,0.00239742945712235
0.687,0.785174076170959,0.785156009804486,1.80663664730574e-05,0.00230028122231742
0.6875,0.785172803504413,0.785155539736862,1.72637675514009e-05,0.00219809115375594
0.688,0.785171481693196,0.785155057523853,1.64241693435541e-05,0.002091190189764
0.6885,0.785170119140544,0.785154568875652,1.55502648926387e-05,0.00197992121924144
0.689,0.785168724281138,0.785154079437182,1.46448439556357e-05,0.00186463944507911
0.6895,0.785167305545622,0.7851535947725,1.37107731223995e-05,0.00174570985283311
0.69,0.785165871345804,0.785153120349282,1.27509965222039e-05,0.00162350730068505
0.6905,0.785164430037718,0.78515266152266,1.17685150573532e-05,0.00149841387538333
0.691,0.78516298990441,0.785152223519358,1.07663850520412e-05,0.00137081872021044
0.6915,0.785161559121676,0.785151811422969,9.74769870731862e-06,0.00124111554643219
0.692,0.78516014576099,0.785151430160451,8.71560053872233e-06,0.00110970472620164
0.6925,0.785158757761418,0.785151084486435,7.67327498307768e-06,0.000976991714608154
0.693,0.785157402908039,0.785150778967542,6.62394049744108e-06,0.000843386298331469
0.6935,0.78515608879382,0.78515051796673,5.57082709018442e-06,0.000709299734810472
0.694,0.785154822797365,0.78515030562859,4.51716877558628e-06,0.000575143791531936
0.6945,0.785153612045768,0.785150145864689,3.46618107893715e-06,0.000441327881891557
0.695,0.785152463391919,0.785150042340101,2.42105181869068e-06,0.000308257891540996
0.6955,0.785151383379203,0.785149998460192,1.38491901113813e-06,0.000176333365123659
0.696,0.785150378219159,0.785150017358812,3.60860347714542e-07,4.59461664837036e-05
0.6965,0.785149453770328,0.785150101902597,-6.48132269409629e-07,8.25227635631284e-05
0.697,0.78514861558984,0.785150254703365,-1.63911352513146e-06,0.000208698415850763
0.6975,0.785147868936448,0.785150478113418,-2.60917697014751e-06,0.000332210729760409
0.698,0.785147218747402,0.785150774215492,-3.55546808961105e-06,0.000452696257173677
0.6985,0.785146669610318,0.785151144814926,-4.47520460766793e-06,0.000569800747726381
0.699,0.785146225742637,0.785151591433407,-5.36569076980964e-06,0.000683180967294209
0.6995,0.78514589096677,0.785152115303386,-6.22433661612298e-06,0.000792507151939083
0.7,0.785145668691209,0.785152717364181,-7.04867297163236e-06,0.000897464916538824
0.7005,0.785145561889715,0.785153398258917,-7.83636920220765e-06,0.000997757515539552
0.701,0.785145573084853,0.785154158333236,-8.58524838254215e-06,0.00109310777420263
0.7015,0.785145704344044,0.785154997645605,-9.2933015609642e-06,0.00118325990485686
0.702,0.785145957343457,0.785155915983858,-9.95864040043148e-06,0.00126797347696266
0.7025,0.785146333391285,0.785156912870757,-1.05794794724723e-05,0.00134702116270656
0.703,0.785146833414098,0.785157987566552,-1.11541524541181e-05,0.00142019079925879
0.7035,0.785147457948277,0.785159139073625,-1.16811253478843e-05,0.00148728707199346
0.704,0.785148207130586,0.785160366142717,-1.21590121304749e-05,0.00154813350694352
0.7045,0.785149080693885,0.78516166728011,-1.25865862252716e-05,0.00160257393152347
0.705,0.785150077960618,0.785163040756333,-1.29627957151657e-05,0.00165047441148725
0.7055,0.785151197843168,0.78516448461583,-1.32867726623243e-05,0.00169172443755773
0.706,0.785152438840708,0.785165996688061,-1.35578473530185e-05,0.00172623873913461
0.7065,0.785153799050598,0.78516757459031,-1.37755397121575e-05,0.00175395619115886
0.707,0.785155276208081,0.785169215727958,-1.39395198769376e-05,0.00177483479419388
0.7075,0.78515686771381,0.785170917306131,-1.4049592320764e-05,0.00178884965302042
0.708,0.785158570636315,0.785172676346682,-1.41057103664188e-05,0.00179599482451052
0.7085,0.785160381725488,0.785174489705171,-1.41079796835974e-05,0.00179628376294765
0.709,0.7851622974191,0.785176354088972,-1.40566698714206e-05,0.00178975079475801
0.7095,0.785164313860262,0.785178266076268,-1.39522160061967e-05,0.00177645131557765
0.71,0.785166426907121,0.785180222135934,-1.37952288132848e-05,0.00175646308537441
0.7105,0.785168632154096,0.785182218648148,-1.35864940514763e-05,0.00172988615006486
0.711,0.785170924944716,0.785184251925605,-1.33269808887393e-05,0.00169684390794726
0.7115,0.785173300392339,0.785186318199638,-1.30178072984544e-05,0.00165747870381341
0.712,0.785175753370594,0.785188413591855,-1.26602212605631e-05,0.00161194943540458
0.7125,0.785178278529996,0.78519053412655,-1.22555965533788e-05,0.00156043101760819
0.713,0.785180870317885,0.785192675759316,-1.18054414304236e-05,0.00150311548722702
0.7135,0.785183523010025,0.785194834402634,-1.13113926089037e-05,0.00144021123756812
0.714,0.785186230733007,0.78519700595187,-1.07752188632793e-05,0.00137194347599034
0.7145,0.785188987498479,0.785199186311884,-1.01988134052489e-05,0.00129855325369379
0.715,0.785191787228142,0.785201371423678,-9.58419553676038e-06,0.00122029767618776
0.7155,0.785194623789896,0.785203557291344,-8.93350144803851e-06,0.00113744873165915
0.716,0.785197491024848,0.785205740008644,-8.24898379636618e-06,0.0010502932373413
0.7165,0.785200382769782,0.785207915726237,-7.53295645561369e-06,0.000959125804805538
0.717,0.785203292791393,0.785210080593548,-6.78780215523922e-06,0.000864249812588914
0.7175,0.785206214782329,0.785212230767529,-6.01598520011404e-06,0.000765979025732667
0.718,0.78520914239525,0.785214362447286,-5.22005203551501e-06,0.000664637667719299
0.7185,0.785212069284172,0.785216471902746,-4.40261857415081e-06,0.000560558806899434
0.719,0.785214989138573,0.785218555503045,-3.56636447262915e-06,0.000454083627748999
0.7195,0.785217895725501,0.785220609745112,-2.71401961149387e-06,0.000345559709454076
0.72,0.785220782925046,0.785222631281537,-1.84835649086335e-06,0.000235340057693513
0.7205,0.785223644772115,0.785224616948226,-9.72176111280199e-07,0.00012378130693288
0.721,0.785226475492259,0.785226563790892,-8.82986331829372e-08,1.1242531151458e-05
0.7215,0.785229269519047,0.785228469017896,8.0050115081054e-07,0.000101922972081799
0.722,0.785232021383198,0.785230329921219,1.69146197959158e-06,0.000215363628083202
0.7225,0.785234725685955,0.785232143879215,2.58180674050923e-06,0.000328725843888015
0.723,0.785237377140346,0.785233908390615,3.46874973056188e-06,0.000441654932774083
0.7235,0.785239970612105,0.78523562110068,4.34951142469497e-06,0.000553796994619902
0.724,0.785242501158459,0.785237279826526,5.22133193292529e-06,0.000664800629318896
0.7245,0.785244964067884,0.785238882582223,6.0814856618352e-06,0.000774318803538846
0.725,0.785247354898704,0.785240427602665,6.92729603901654e-06,0.000882010725496311
0.7255,0.785249669516456,0.785241913366776,7.75614968018257e-06,0.000987543648769343
0.726,0.785251904131094,0.785243338619076,8.56551201777744e-06,0.00109059486219385
0.7265,0.785254055304522,0.785244702316761,9.35298776094662e-06,0.00119085938786612
0.727,0.785256119818253,0.785246003544331,1.01162739220007e-05,0.00128804400028643
0.7275,0.785258094628849,0.785247241509988,1.0853118861065e-05,0.0013818620117619
0.728,0.785259976907752,0.785248415573105,1.15613346478582e-05,0.00147203484635699
0.7285,0.785261764072362,0.78524952526338,1.22388089823788e-05,0.00155829355768246
0.729,0.78526345382138,0.785250570298914,1.28835224660895e-05,0.0016403810279309
0.7295,0.785265044163227,0.78525155060368,1.34935595472729e-05,0.00171805336148266
0.73,0.785266533449705,0.785252466323605,1.40671261004144e-05,0.00179108212318237
0.7305,0.785267920400657,0.785253317841667,1.46025589901067e-05,0.00185925555605318
0.731,0.785269204134812,0.78525410579131,1.50983435018848e-05,0.00192238080065949
0.7315,0.785270384165628,0.785254831007075,1.55531585525059e-05,0.00198028965145865
0.732,0.785271460275247,0.785255494447813,1.59658274340169e-05,0.00203283228534078
0.7325,0.785272432461253,0.78525609718793,1.63352733232314e-05,0.00207987159691956
0.733,0.785273300966955,0.785256640434453,1.66605325019331e-05,0.00212128488178067
0.7335,0.785274066296303,0.785257125536765,1.69407595378424e-05,0.00215696449614303
0.734,0.785274729238735,0.785257553995317,1.71752434179329e-05,0.00218681991101644
0.7345,0.785275290880731,0.785257927469512,1.73634112191623e-05,0.00221077817957356
0.735,0.78527575262796,0.785258247784396,1.75048435648861e-05,0.00222878590512159
0.7355,0.785276116212763,0.785258516936277,1.75992764858135e-05,0.00224080947804654
0.736,0.785276383712789,0.785258737096995,1.76466157939537e-05,0.00224683690596099
0.7365,0.785276557536427,0.785258910575331,1.76469610950747e-05,0.0022468808710652
0.737,0.785276640326789,0.785259039759722,1.76005670678991e-05,0.00224097380006126
0.7375,0.785276634910629,0.785259127106643,1.75078039863497e-05,0.00222916283768923
0.738,0.785276544313841,0.785259175146379,1.73691674627552e-05,0.00221151108727072
0.7385,0.785276371758691,0.78525918648353,1.71852751607027e-05,0.00218809719217616
0.739,0.785276120674238,0.785259163796826,1.69568774126549e-05,0.00215901668770187
0.7395,0.785275794690506,0.785259109838136,1.66848523709406e-05,0.00212438138367499
0.74,0.785275397646013,0.785259027430763,1.63702152502498e-05,0.00208432054124447
0.7405,0.785274933578655,0.785258919466844,1.6014111810958e-05,0.00203898004315222
0.741,0.785274406730008,0.78525878890401,1.56178259981266e-05,0.00198852336636076
0.7415,0.785273821524456,0.785258638741132,1.51827833239082e-05,0.00193313201271455
0.742,0.78527318251694,0.785258471985074,1.4710531865747e-05,0.00187300308955558
0.7425,0.78527249435359,0.785258291639087,1.420271450292e-05,0.00180834577477013
0.743,0.785271761771798,0.785258100699621,1.36610721764852e-05,0.00173938173185822
0.7435,0.785270989583397,0.785257902150389,1.30874330074304e-05,0.00166634372441327
0.744,0.78527018267121,0.785257698956246,1.24837149639845e-05,0.00158947595573471
0.7445,0.785269345970386,0.785257494056536,1.18519138497808e-05,0.00150903253943353
0.745,0.785268484462733,0.785257290358344,1.11941043888786e-05,0.00142527763758136
0.7455,0.785267603156435,0.785257090729239,1.05124271955193e-05,0.00133848380164845
0.746,0.785266707078308,0.785256897990019,9.80908828862592e-06,0.00124893191068771
0.7465,0.785265801252518,0.785256714904307,9.08634821084053e-06,0.00115690978592758
0.747,0.785264890693006,0.785256544167132,8.34652587455853e-06,0.00106271268046432
0.7475,0.785263980381825,0.785256388396179,7.59198564626029e-06,0.000966641634788034
0.748,0.785263075257804,0.78525625012447,6.82513333427615e-06,0.000869002965929054
0.7485,0.785262180193352,0.785256131792522,6.04840083007208e-06,0.000770106311925675
0.749,0.785261299981847,0.785256035740863,5.2642409847925e-06,0.000670263979485339
0.7495,0.785260439314314,0.785255964202434,4.47511187939842e-06,0.000569788941196416
0.75,0.785259602765904,0.78525591929547,3.68347043422368e-06,0.000468994021871639
0.7505,0.785258794772949,0.785255903016353,2.89175659651253e-06,0.000368189885242852
0.751,0.785258019618993,0.785255917233074,2.10238591902279e-06,0.000267684089039419
0.7515,0.785257281419006,0.785255963684775,1.31773423062143e-06,0.000167779133187836
0.752,0.785256584145254,0.785256043984485,5.40160769113562e-07,6.87754051749947e-05
0.7525,0.785255931624247,0.785256159615247,-2.27991000634198e-07,2.902871578512e-05
0.753,0.785255327521193,0.785256311924328,-9.84403135229073e-07,0.000125338099973493
0.7535,0.785254775319506,0.78525650211825,-1.72679874432813e-06,0.00021986284470776
0.754,0.785254278306207,0.785256731258591,-2.45295238376908e-06,0.000312319597636718
0.7545,0.785253839552941,0.785257000258058,-3.16070511641176e-06,0.00040243347434622
0.755,0.785253461901927,0.785257309877403,-3.84797547603455e-06,0.00048993945432583
0.7555,0.785253147949021,0.785257660722711,-4.51277369040159e-06,0.000574584191905975
0.756,0.785252900030753,0.785258053243589,-5.15321283656167e-06,0.000656127436594718
0.7565,0.785252720218,0.785258487736557,-5.76751855740909e-06,0.000734343270228715
0.757,0.785252610355768,0.785258964351346,-6.35399557791239e-06,0.00080901584368704
0.7575,0.785252572074404,0.785259483092364,-6.91101795924354e-06,0.000879938136008377
0.758,0.785252606777597,0.785260043818984,-7.43704138739254e-06,0.000946913519026024
0.7585,0.785252715632089,0.785260646246842,-7.93061475323764e-06,0.00100975723178823
0.759,0.785252899558116,0.785261289950012,-8.39039189592938e-06,0.00106829787577227
0.7595,0.785253159221654,0.785261974363708,-8.81514205353096e-06,0.00112237874550135
0.76,0.78525349502652,0.785262698787862,-9.20376134272427e-06,0.00117185929018613
0.7605,0.785253907109501,0.785263462391245,-9.55528174351183e-06,0.00121661625769252
0.761,0.785254395334502,0.785264264216417,-9.86888191589763e-06,0.00125654507176426
0.7615,0.785254959296407,0.785265103180451,-1.01438840439672e-05,0.0012915594301987
0.762,0.785255598352968,0.785265978074417,-1.03797214494605e-05,0.00132158718127889
0.7625,0.785256311642081,0.785266887568882,-1.05759268002048e-05,0.00134656882242452
0.763,0.785257098079084,0.785267830222275,-1.07321431906948e-05,0.00136645891101528
0.7635,0.785257956360297,0.785268804489357,-1.08481290598261e-05,0.00138122669053613
0.764,0.785258884963111,0.785269808730383,-1.0923767271187e-05,0.00139085724671591
0.7645,0.785259882152225,0.785270841220831,-1.09590686053762e-05,0.00139535195218306
0.765,0.785260945981837,0.785271900161711,-1.09541798739565e-05,0.00139472949956635
0.7655,0.785262074304576,0.785272983690352,-1.09093857766362e-05,0.00138902613795846
0.766,0.785263264775889,0.78527408989163,-1.08251157414641e-05,0.00137829654383671
0.7665,0.785264514865574,0.785275216790965,-1.0701925391321e-05,0.00136261146130352
0.767,0.785265821864188,0.78527636233989,-1.05404757025918e-05,0.001342055048486
0.7675,0.785267182897023,0.785277524422986,-1.0341525962354e-05,0.00131672398081745
0.768,0.785268594932884,0.785278700873395,-1.01059405108739e-05,0.00128672830951857
0.7685,0.785270054800445,0.785279889486843,-9.83468639736973e-06,0.00125219116312001
0.769,0.785271559199072,0.785281088035972,-9.52883689964157e-06,0.00121324919559553
0.7695,0.785273104717195,0.78528229428508,-9.18956788542591e-06,0.00117005212307526
0.77,0.785274687844978,0.785283506004965,-8.81815998732272e-06,0.00112276300076606
0.7705,0.785276304994354,0.785284720987991,-8.4159936372119e-06,0.00107155759071377
0.771,0.78527795251328,0.785285937063045,-7.98454976536078e-06,0.00101662445081632
0.7715,0.785279626700277,0.785287152078755,-7.52537847870105e-06,0.000958160946818112
0.772,0.785281323777043,0.785288363873193,-7.04009615026813e-06,0.000896372881725916
0.7725,0.785283039891625,0.785289570279455,-6.53038782938431e-06,0.000831474802682933
0.773,0.785284771137127,0.785290769145132,-5.99800800438199e-06,0.000763690098081719
0.7735,0.785286513576101,0.785291958348634,-5.44477253283659e-06,0.000693249970089538
0.774,0.785288263259821,0.785293135815395,-4.87255557357624e-06,0.000620393044019699
0.7745,0.785290016253496,0.785294299534203,-4.28328070767314e-06,0.000545364237821066
0.775,0.785291768656611,0.785295447573171,-3.6789165593909e-06,0.000468414204519752
0.7755,0.78529351662834,0.785296578095592,-3.06146725181922e-06,0.000389798116992791
0.776,0.785295256408403,0.78529768937519,-2.43296678725802e-06,0.000309774952456417
0.7765,0.785296984329578,0.785298779770939,-1.79544136114096e-06,0.00022860269412578
0.777,0.785298696759377,0.78529984768442,-1.15092504293646e-06,0.000146540327769271
0.7775,0.785300390088992,0.785300891562035,-5.0147304342385e-07,6.38495309505939e-05
0.778,0.785302060757665,0.785301909914386,1.50843278423629e-07,1.92059627146461e-05
0.7785,0.785303705278466,0.785302901331319,8.03947147076656e-07,0.000102361729953501
0.779,0.785305320261537,0.785303864496513,1.455765023195e-06,0.000185353759537417
0.7795,0.785306902439393,0.785304798201926,2.10423746715982e-06,0.000267919835470124
0.78,0.785308448690241,0.785305701361544,2.7473286965396e-06,0.000349800753881992
0.7805,0.785309956062061,0.785306573024744,3.38303731650669e-06,0.000430741689269104
0.781,0.785311421795281,0.785307412388735,4.0094065461016e-06,0.000510493496541658
0.7815,0.785312843329461,0.785308218769137,4.62456032446212e-06,0.000588817308211845
0.782,0.785314218226263,0.785308991552339,5.22667392444109e-06,0.000665480792803453
0.7825,0.78531554414559,0.785309730193759,5.8139518311906e-06,0.000740255338265729
0.783,0.785316818870144,0.785310434233561,6.38463658264588e-06,0.00081291717757875
0.7835,0.785318040326235,0.785311103307685,6.93701855003503e-06,0.000883248634046599
0.784,0.785319206605843,0.785311737158266,7.46944757723522e-06,0.000951039603266214
0.7845,0.785320315985935,0.785312335643701,7.9803422333713e-06,0.00101608873120485
0.785,0.785321366949651,0.785312898747934,8.46820171707119e-06,0.00107820492989692
0.7855,0.785322358203455,0.785313426589176,8.93161427883982e-06,0.00113720844981401
0.786,0.785323288696744,0.785313919427672,9.36926907169067e-06,0.00119293238873407
0.7865,0.785324157621081,0.785314377637315,9.77998376605616e-06,0.00124522620778106
0.787,0.785324964331538,0.785314801661475,1.01626700624857e-05,0.0012939513403653
0.7875,0.785325708315268,0.785315192008058,1.05163072104952e-05,0.00133897782049861
0.788,0.785326389211193,0.78531554925945,1.08399517423363e-05,0.00138018552213634
0.7885,0.7853270068215,0.785315874078287,1.11327432130714e-05,0.00141746489002646
0.789,0.785327561128118,0.785316167212636,1.13939154819942e-05,0.00145071837610452
0.7895,0.785328052302219,0.785316429500755,1.16228014639397e-05,0.00147986104444937
0.79,0.785328480719181,0.785316661875173,1.18188440078049e-05,0.00150482195637934
0.7905,0.78532884696561,0.785316865366198,1.19815994112926e-05,0.00152554461796333
0.791,0.785329151852262,0.785317041104667,1.21107475948845e-05,0.00154198827541132
0.7915,0.785329396406461,0.785317190299139,1.22061073218882e-05,0.00155412985295095
0.792,0.785329581808112,0.785317314201963,1.22676061488081e-05,0.00156196012678987
0.7925,0.785329709357752,0.785317414102723,1.22952550282163e-05,0.00156548049145288
0.793,0.785329780487985,0.785317491332117,1.22891558678173e-05,0.00156470392223192
0.7935,0.785329796764272,0.785317547262771,1.22495015010271e-05,0.00155965497144004
0.794,0.785329759893228,0.785317583309675,1.21765835529031e-05,0.0015503707699328
0.7945,0.785329671721495,0.785317600930214,1.20707912811824e-05,0.00153690087954458
0.795,0.785329534242344,0.785317601623801,1.19326185430424e-05,0.00151930818012417
0.7955,0.785329349592425,0.785317586931041,1.17626613835853e-05,0.001497668562491
0.796,0.78532912005639,0.785317558432482,1.15616239075855e-05,0.00147207167604934
0.7965,0.78532884805494,0.785317517733855,1.13303210852456e-05,0.00144262128602813
0.797,0.785328536106292,0.785317466445514,1.10696607783511e-05,0.00140943298498005
0.7975,0.785328186800252,0.785317406176062,1.07806241893549e-05,0.00137263170348151
0.798,0.785327802800484,0.785317338531495,1.04642689894296e-05,0.00133235210840877
0.7985,0.785327386836205,0.785317265112632,1.01217235727313e-05,0.00128873787136796
0.799,0.785326941702092,0.78531718751246,9.75418963189423e-06,0.00124194199661735
0.7995,0.785326470248677,0.785317107313189,9.36293548758904e-06,0.00119212597176026
0.8,0.785325975380821,0.785317026083244,8.94929757688789e-06,0.00113945995724962
0.8005,0.785325460046876,0.785316945373985,8.5146728910912e-06,0.00108412182354218
0.801,0.785324927235735,0.785316866716391,8.06051934443275e-06,0.00102629719804345
0.8015,0.785324379963919,0.785316791614242,7.58834967651278e-06,0.000966178688741436
0.802,0.785323821265184,0.785316721535964,7.09972922041668e-06,0.000903965600034627
0.8025,0.785323254174931,0.785316657909916,6.59626501586796e-06,0.000839862546575621
0.803,0.785322681724928,0.785316602121213,6.07960371534766e-06,0.000774079186669946
0.8035,0.785322106929911,0.78531655550806,5.55142185054702e-06,0.000706828982962333
0.804,0.785321532781195,0.785316519358261,5.01342293379725e-06,0.000638328833379284
0.8045,0.785320962232905,0.785316494905634,4.46732727088506e-06,0.000568797774056467
0.805,0.785320398194798,0.785316483326658,3.91486813988706e-06,0.0004984564928128
0.8055,0.785319843518393,0.785316485737071,3.35778132254383e-06,0.000427525996243594
0.806,0.785319300989237,0.785316503188744,2.79780049272649e-06,0.000356227022561889
0.8065,0.78531877331644,0.785316536668548,2.23664789134048e-06,0.000284778854290322
0.807,0.785318263145123,0.785316587098364,1.67604675826993e-06,0.000213400901145446
0.8075,0.785317773052261,0.785316655332899,1.11771936295302e-06,0.000142312449282798
0.808,0.785317305537503,0.785316742156958,5.63380545326453e-07,7.17318389044101e-05
0.8085,0.785316863009813,0.785316848283006,1.47268076622353e-08,1.87507538832668e-06
0.809,0.785316447778499,0.785316974349082,-5.26570582914943e-07,6.70450489261551e-05
0.8095,0.785316062040468,0.785317120916838,-1.05887637014135e-06,0.000134820326744959
0.81,0.785315707871286,0.785317288469968,-1.58059868249349e-06,0.000201248074690702
0.8105,0.785315387213383,0.785317477412807,-2.09019942343236e-06,0.000266132456229672
0.811,0.78531510186748,0.785317688069354,-2.58620187432168e-06,0.000329285449705456
0.8115,0.785314853487113,0.785317920684383,-3.06719726939075e-06,0.000390527685489202
0.812,0.78531464360287,0.785318175425777,-3.5318229066883e-06,0.000449685658979703
0.8125,0.785314473627612,0.785318452384986,-3.97875737412345e-06,0.000506591122764062
0.813,0.785314344847879,0.785318751577105,-4.40672922541463e-06,0.000561082191273806
0.8135,0.785314258415334,0.785319072941382,-4.81452604772503e-06,0.0006130044953121
0.814,0.785314215339401,0.785319416342175,-5.20100277323632e-06,0.000662212240316173
0.8145,0.785314216480057,0.785319781570151,-5.56509009386197e-06,0.000708569277751898
0.815,0.785314262541256,0.785320168343936,-5.90580267945118e-06,0.000751950151488012
0.8155,0.785314354065332,0.785320576312016,-6.22224668445082e-06,0.000792241053574003
0.816,0.785314491427494,0.785321005055081,-6.51362758707918e-06,0.00082934082235471
0.8165,0.785314674836323,0.785321454085844,-6.77924952152686e-06,0.000863160857443493
0.817,0.785314904356609,0.785321922848129,-7.01849152040523e-06,0.000893622094816836
0.8175,0.785315179919552,0.785322410719365,-7.23079981346242e-06,0.000920654026256399
0.818,0.785315501318707,0.785322917014728,-7.41569602114023e-06,0.000944195742585094
0.8185,0.78531586820921,0.785323440991288,-7.57278207819123e-06,0.00096419656056148
0.819,0.785316280105419,0.785323981852546,-7.70174712660943e-06,0.000980616900514953
0.8195,0.785316736381777,0.785324538753261,-7.80237148434448e-06,0.000993428791658139
0.82,0.785317236271673,0.785325110804607,-7.87453293416007e-06,0.0010026166728092
0.8205,0.785317778870028,0.785325697079583,-7.91820955481359e-06,0.00100817775286885
0.821,0.785318363133513,0.785326296618684,-7.93348517114101e-06,0.00101012270474667
0.8215,0.785318987886202,0.785326908425838,-7.92053963549755e-06,0.00100847442795577
0.822,0.785319651829564,0.785327531460399,-7.87963083526133e-06,0.00100326575773693
0.8225,0.785320353552239,0.785328164640578,-7.81108833913802e-06,0.000994538656081023
0.823,0.785321091532755,0.785328806851486,-7.71531873144937e-06,0.000982344890911727
0.8235,0.785321864146961,0.785329456952405,-7.5928054440455e-06,0.000966746014683916
0.824,0.785322669672227,0.785330113784267,-7.44411203990047e-06,0.000947813782464042
0.8245,0.785323506296282,0.785330776177366,-7.26988108379345e-06,0.000925630008140794
0.825,0.785324372122659,0.785331442959182,-7.07083652307094e-06,0.000900286867553161
0.8255,0.785325265180807,0.785332112962344,-6.84778153725585e-06,0.000871886624694149
0.826,0.785326183432689,0.785332785032585,-6.60159989562814e-06,0.000840541804563327
0.8265,0.785327124781301,0.785333458019674,-6.33323837351263e-06,0.000806372954339048
0.827,0.785328087061177,0.785334130761152,-6.0436999754776e-06,0.000769507780529301
0.8275,0.785329068042938,0.785334802085355,-5.73404241777098e-06,0.000730080955749483
0.828,0.785330065442708,0.785335470821961,-5.40537925308726e-06,0.000688234261932172
0.8285,0.785331076935655,0.785336135810877,-5.0588752219527e-06,0.000644115998447105
0.829,0.785332100166115,0.785336795911108,-4.69574499328829e-06,0.00059788082174468
0.8295,0.785333132761908,0.785337450009735,-4.31724782645748e-06,0.000549689065706759
0.83,0.785334172345338,0.785338097030737,-3.92468539867075e-06,0.000499706465023228
0.8305,0.785335216547947,0.785338735943794,-3.51939584763983e-06,0.000448103396679176
0.831,0.785336263022094,0.7853393657728,-3.1027507058079e-06,0.000395054489608956
0.8315,0.785337309449343,0.785339985582349,-2.6761330061964e-06,0.000340735837046025
0.832,0.78533835351122,0.785340594454746,-2.24094352696547e-06,0.000285325791605072
0.8325,0.785339392885663,0.785341191491519,-1.79860585602931e-06,0.000229005610128876
0.833,0.785340425261009,0.785341775824328,-1.35056331873606e-06,0.000171959062508352
0.8335,0.785341448351825,0.785342346623553,-8.98271727778344e-07,0.000114371508572497
0.834,0.785342459912566,0.785342903106657,-4.43194090538057e-07,5.6429224206599e-05
0.8345,0.785343457753376,0.785343444546497,1.32068790348328e-08,1.68155206496828e-06
0.835,0.785344439753997,0.785343970279285,4.69474711328743e-07,5.97753767716881e-05
0.8355,0.785345403879092,0.785344479712355,9.24166736804288e-07,0.000117668563522807
0.836,0.785346348191999,0.785344972331448,1.37586055137806e-06,0.000175180006205567
0.8365,0.785347270860263,0.785345447684693,1.82317557018141e-06,0.000232133923295005
0.837,0.785348170112378,0.785345905356459,2.26475591891262e-06,0.000288357679513257
0.8375,0.785349044225964,0.785346344966801,2.69925916307479e-06,0.000343680350791556
0.838,0.785349891542971,0.785346766180655,3.1253623162808e-06,0.00039793348927138
0.8385,0.785350710483617,0.78534716871443,3.54176918704319e-06,0.000450952058726789
0.839,0.785351499560304,0.785347552342279,3.94721802554621e-06,0.000502575408181688
0.8395,0.7853522573908,0.785347916902174,4.34048862540948e-06,0.000552648176134452
0.84,0.785352982711762,0.785348262301559,4.72041020294078e-06,0.000601021293775554
0.8405,0.785353674390727,0.785348588522685,5.08586804170985e-06,0.000647552831000976
0.841,0.785354331438804,0.785348895627414,5.43581138967575e-06,0.000692109001905696
0.8415,0.785354953011758,0.78534918374133,5.76927042783559e-06,0.000734566325299143
0.842,0.78535553836234,0.785349453028805,6.08533353452234e-06,0.000774808729905684
0.8425,0.785356086822596,0.785349703690559,6.38313203649155e-06,0.000812725612812693
0.843,0.785356597816846,0.785349935969736,6.66184710973461e-06,0.000848212718109375
0.8435,0.78535707087048,0.785350150155598,6.92071488217483e-06,0.000881172786582214
0.844,0.785357505621057,0.785350346586885,7.15903417136676e-06,0.000911516540909449
0.8445,0.785357901825899,0.785350525654929,7.37617096990828e-06,0.000939163256761474
0.845,0.785358259372334,0.785350687806372,7.57156596153941e-06,0.000964041719780269
0.8455,0.785358578283764,0.785350833545564,7.74473819953325e-06,0.000986090693926674
0.846,0.785358858728685,0.7853509634365,7.89529218425677e-06,0.00100525982262342
0.8465,0.785359101017198,0.785351078089546,8.02292765234025e-06,0.00102151087515088
0.847,0.785359305559294,0.785351178141515,8.12741777955761e-06,0.00103481497135164
0.8475,0.785359472845327,0.785351264252098,8.20859322847589e-06,0.00104515055051408
0.848,0.785359603454287,0.785351337106507,8.26634778050561e-06,0.00105250408846735
0.8485,0.785359698055977,0.785351397416296,8.30063968149108e-06,0.00105687026890723
0.849,0.785359757417309,0.785351445919967,8.31149734181746e-06,0.00105825270915632
0.8495,0.785359782403236,0.78535148338333,8.2990199056221e-06,0.00105666403263823
0.85,0.785359773982,0.785351510599623,8.26338237702728e-06,0.00105212652156988
0.8505,0.785359733224656,0.785351528389356,8.20483530017402e-06,0.00104467207622206
0.851,0.785359661309063,0.785351537599904,8.12370915970195e-06,0.00103434277520598
0.8515,0.785359559513089,0.785351539096407,8.02041668235276e-06,0.00102119116852251
0.852,0.785359429186789,0.78535153374895,7.89543783963342e-06,0.00100527836804196
0.8525,0.785359271735368,0.785351522428903,7.74930646496585e-06,0.000986672343546638
0.853,0.785359088621799,0.785351506008821,7.58261297828522e-06,0.000965448269637481
0.8535,0.785358881362937,0.785351485361265,7.39600167176668e-06,0.000941688180142071
0.854,0.785358651530544,0.785351461357557,7.19017298733693e-06,0.000915481258096394
0.8545,0.78535840074648,0.785351434866373,6.96588010618004e-06,0.000886923401507241
0.855,0.785358130682789,0.785351406752286,6.72393050293874e-06,0.000856117421239259
0.8555,0.78535784305597,0.785351377874137,6.46518183256006e-06,0.000823172517311882
0.856,0.785357539626091,0.785351349083378,6.19054271344677e-06,0.000788204378613254
0.8565,0.785357222188807,0.785351321219408,5.90096939900864e-06,0.000751334759108988
0.857,0.785356892564775,0.785351295103717,5.59746105832648e-06,0.000712690876957641
0.8575,0.785356552588379,0.785351271537097,5.28105128161371e-06,0.000672404332952489
0.858,0.785356204105387,0.785351251298157,4.95280722978553e-06,0.000630611002241315
0.8585,0.785355848965206,0.785351235141444,4.61382376160113e-06,0.00058745028657093
0.859,0.785355489017668,0.785351223795663,4.26522200425161e-06,0.000543064932288772
0.8595,0.785355126104903,0.785351217961837,3.90814306638898e-06,0.000497600229860899
0.86,0.785354762057545,0.78535121831158,3.54374596500673e-06,0.000451203749914224
0.8605,0.785354398686367,0.785351225485347,3.17320102016794e-06,0.000404024502227178
0.861,0.785354037778012,0.78535124009081,2.79768720246043e-06,0.000356212597997211
0.8615,0.785353681088038,0.785351262701588,2.41838644965409e-06,0.000307918526215126
0.862,0.785353330345766,0.785351293856294,2.03648947272317e-06,0.0002592938929108
0.8625,0.785352987250104,0.785351334057175,1.65319292866339e-06,0.000210491061185077
0.863,0.785352653464218,0.785351383768788,1.26969543012834e-06,0.000161662643140892
0.8635,0.785352330607017,0.785351443416734,8.87190282794492e-07,0.000112960575175872
0.864,0.785352020247763,0.785351513386594,5.06861169258244e-07,6.45355684390298e-05
0.8645,0.785351723897778,0.785351594022919,1.29874859866597e-07,1.65361807449089e-05
0.865,0.785351443004956,0.785351685628431,-2.42623475421588e-07,3.08917803387846e-05
0.8655,0.785351178945889,0.785351788463308,-6.09517419203343e-07,7.76061681334615e-05
0.866,0.785350933020476,0.785351902744691,-9.69724214816559e-07,0.00012346912177917
0.8665,0.785350706447727,0.785352028646942,-1.32219921555876e-06,0.000168347632726723
0.867,0.785350500380044,0.785352166302418,-1.66592237482721e-06,0.000212111824608912
0.8675,0.785350315905363,0.785352315801615,-1.99989625260244e-06,0.000254634699418109
0.868,0.785350154041472,0.785352477193269,-2.32315179737874e-06,0.000295792873684518
0.8685,0.785350015729706,0.785352650484645,-2.63475493877952e-06,0.000335467417874035
0.869,0.785349901829887,0.785352835642058,-2.93381217153499e-06,0.000373544567362369
0.8695,0.785349813114731,0.785353032591529,-3.21947679859935e-06,0.000409916517333406
0.87,0.785349750265147,0.785353241219667,-3.49095452001347e-06,0.000444482134375311
0.8705,0.785349713865541,0.78535346137469,-3.74750914844402e-06,0.000477147684205572
0.871,0.785349704399659,0.785353692867669,-3.98846800986341e-06,0.000507827519306925
0.8715,0.785349722249959,0.785353935472301,-4.21322234200883e-06,0.000536444129660733
0.872,0.785349767713297,0.785354188924222,-4.42121092480985e-06,0.000562926058508302
0.8725,0.785349841006924,0.785354452922281,-4.61191535716665e-06,0.000587207300971597
0.873,0.785349942264931,0.785354727130759,-4.78486582800031e-06,0.000609228038846195
0.8735,0.785350071536256,0.785355011181555,-4.93964529879598e-06,0.000628935173139218
0.874,0.785350228782122,0.785355304676597,-5.07589447451551e-06,0.000646282956985585
0.8745,0.785350413875002,0.785355607190387,-5.19331538550993e-06,0.000661233451711278
0.875,0.785350626596726,0.785355918272738,-5.29167601126534e-06,0.000673757115546947
0.8755,0.785350866638507,0.785356237451626,-5.37081311968723e-06,0.000683833165136821
0.876,0.785351133599827,0.785356564236201,-5.43063637414853e-06,0.000691450098464309
0.8765,0.785351426991115,0.785356898114514,-5.47112339865929e-06,0.000696605066529886
0.877,0.785351746243268,0.785357238549132,-5.49230586355254e-06,0.00069930210172559
0.8775,0.785352090714245,0.785357584978917,-5.49426467111314e-06,0.000699551504850258
0.878,0.785352459689276,0.785357936823303,-5.4771340275428e-06,0.000697370363568206
0.8785,0.785352852383868,0.785358293486156,-5.44110228817285e-06,0.000692782660025065
0.879,0.785353267944993,0.785358654359742,-5.38641474812085e-06,0.000685819626165216
0.8795,0.785353705455002,0.785359018828826,-5.31337382425612e-06,0.000676519766900359
0.88,0.785354163933573,0.785359386274843,-5.22234127031673e-06,0.000664929142146973
0.8805,0.7853546423425,0.785359756080131,-5.11373763056877e-06,0.000651101297264045
0.881,0.785355139588399,0.785360127632179,-4.98804377924156e-06,0.000635097459060058
0.8815,0.78535565452751,0.785360500318654,-4.8457911433486e-06,0.000616985290923885
0.882,0.785356185964083,0.785360873518537,-4.68755445448554e-06,0.000596837969955046
0.8825,0.785356732654472,0.785361246603717,-4.51394924438908e-06,0.000574733868088359
0.883,0.785357293311513,0.78536161894466,-4.32563314722856e-06,0.000550756717906862
0.8835,0.785357866611687,0.7853619899152,-4.12330351273749e-06,0.000524995308736277
0.884,0.785358451200103,0.785362358897322,-3.90769721814177e-06,0.000497543462698969
0.8845,0.785359045698263,0.785362725286012,-3.67958774916133e-06,0.000468499663055525
0.885,0.785359648709651,0.785363088494046,-3.43978439454329e-06,0.000437966951649541
0.8855,0.785360258827946,0.785363447956767,-3.18912882035782e-06,0.000406052492733418
0.886,0.785360874643083,0.785363803136723,-2.92849363947578e-06,0.000372867390828596
0.8865,0.785361494746514,0.785364153516257,-2.65876974370194e-06,0.000338525077802668
0.887,0.785362117717233,0.785364498584918,-2.38086768578061e-06,0.000303141488831796
0.8875,0.785362742121316,0.785364837840306,-2.09571899001393e-06,0.000266835229273817
0.888,0.785363366519565,0.785365170794082,-1.8042745176805e-06,0.000229727366546878
0.8885,0.78536398947683,0.785365496976723,-1.50749989302756e-06,0.000191940847748672
0.889,0.785364609569673,0.785365815942162,-1.20637248912647e-06,0.000153600115883642
0.8895,0.785365225395826,0.785366127272426,-9.01876599845863e-07,0.000114830495139504
0.89,0.785365835582141,0.78536643058209,-5.94999949088404e-07,7.57577464294764e-05
0.8905,0.785366438793933,0.785366725522642,-2.86728708998041e-07,3.65074330907166e-05
0.891,0.785367033742988,0.785367011786603,2.19563850434312e-08,2.79557376967283e-06
0.8915,0.785367619191574,0.785367289098691,3.30092882472321e-07,4.20287311399376e-05
0.892,0.785368193928681,0.785367557201374,6.36727306990714e-07,8.10706386473303e-05
0.8925,0.785368756764457,0.785367815854675,9.40909781754762e-07,0.000119800354215829
0.893,0.785369306539299,0.785368064841426,1.24169787318884e-06,0.000158097883475758
0.8935,0.785369842132825,0.785368303971083,1.53816174142118e-06,0.000195844835537615
0.894,0.785370362472364,0.785368533083382,1.82938898274365e-06,0.000232925039553205
0.8945,0.785370866541602,0.785368752051898,2.1144897041081e-06,0.000269225190820579
0.895,0.78537135338896,0.785368960787388,2.3926015718656e-06,0.00030463549360948
0.8955,0.785371822135633,0.785369159240963,2.66289466943626e-06,0.000339050279659071
0.896,0.785372271983599,0.785369347406985,2.92457661443812e-06,0.00037236865971103
0.8965,0.785372702217192,0.785369525314192,3.17690300011275e-06,0.000404495852953133
0.897,0.785373112174842,0.785369693011704,3.4191631379521e-06,0.000435341371714138
0.8975,0.785373501239438,0.785369850567837,3.65067160168486e-06,0.000464817944810682
0.898,0.785373868846719,0.785369998073775,3.87077294372595e-06,0.000492842118064282
0.8985,0.785374214491661,0.785370135645905,4.07884575681638e-06,0.000519334771445384
0.899,0.785374537735834,0.785370263427963,4.27430787142136e-06,0.000544221780826645
0.8995,0.785374838213119,0.785370381593059,4.45662006021141e-06,0.000567434489652117
0.9,0.785375115636612,0.785370490345478,4.62529113409715e-06,0.000588910357784545
0.9005,0.785375369803457,0.785370589922304,4.77988115321626e-06,0.000608593370340925
0.901,0.785375600601062,0.785370680594791,4.92000627139166e-06,0.000626434654508087
0.9015,0.78537580800584,0.78537076266077,5.04534506928778e-06,0.000642393285905177
0.902,0.78537599205675,0.785370836433159,5.15562359082455e-06,0.000656434383360732
0.9025,0.785376152843745,0.785370902238103,5.25060564193769e-06,0.000668527873712462
0.903,0.785376290513682,0.785370960416799,5.33009688252761e-06,0.000678649012810377
0.9035,0.785376405272834,0.785371011326254,5.39394657927961e-06,0.000686778608692776
0.904,0.785376497391589,0.785371055339905,5.44205168473422e-06,0.000692903540949622
0.9045,0.785376567206187,0.785371092848108,5.47435807918273e-06,0.000697016918845588
0.905,0.785376615122783,0.785371124258485,5.49086429857404e-06,0.000699118555971897
0.9055,0.785376641618282,0.785371149996107,5.49162217522436e-06,0.000699215051824019
0.906,0.785376647243615,0.785371170503517,5.47674009854227e-06,0.000697320206970076
0.9065,0.785376632620148,0.785371186235296,5.44638485233673e-06,0.00069345525698417
0.907,0.785376598420384,0.78537119765027,5.40077011335072e-06,0.000687647408034194
0.9075,0.785376545357114,0.785371205209511,5.34014760267265e-06,0.00067992871024455
0.908,0.785376474185927,0.785371209376573,5.26480935325591e-06,0.000670336346405698
0.9085,0.785376385703768,0.785371210617062,5.17508670505595e-06,0.000658912504031044
0.909,0.785376280750381,0.785371209398149,5.07135223282162e-06,0.000645704620810946
0.9095,0.785376160206228,0.785371206187985,4.95401824296415e-06,0.000630765193228137
0.91,0.785376024993306,0.78537120145508,4.82353822661707e-06,0.000614151961567058
0.9105,0.785375876072396,0.785371195667562,4.68040483436738e-06,0.000595927652048618
0.911,0.785375714443218,0.785371189292412,4.52515080617832e-06,0.000576160095231644
0.9115,0.785375541139642,0.785371182792395,4.35834724776818e-06,0.000554922006554611
0.912,0.785375357220522,0.785371176622058,4.18059846429841e-06,0.000532290328540383
0.9125,0.785375163761797,0.785371171226107,3.99253569016711e-06,0.000508345432448726
0.913,0.785374961855716,0.785371167038754,3.79481696177741e-06,0.000483171102076675
0.9135,0.785374752606543,0.785371164482787,3.58812375578221e-06,0.000456854105726557
0.914,0.785374537129107,0.785371163968663,3.37316044407565e-06,0.000429484126813354
0.9145,0.785374316544167,0.785371165893575,3.1506505919765e-06,0.000401153292534773
0.915,0.785374091976527,0.785371170640558,2.92133596901945e-06,0.000371956047921277
0.9155,0.785373864550131,0.785371178577576,2.68597255503877e-06,0.000341988647314871
0.916,0.785373635385791,0.785371190056656,2.44532913473705e-06,0.000311348975424023
0.9165,0.785373405596628,0.785371205412757,2.20018387175891e-06,0.000280136111121196
0.917,0.78537317628888,0.785371224962578,1.95132630176342e-06,0.000248450581208701
0.9175,0.7853729485582,0.785371249003685,1.69955451501114e-06,0.000216394001694537
0.918,0.785372723486646,0.785371277813826,1.44567281989971e-06,0.000184068780304511
0.9185,0.785372502137327,0.78537131165024,1.19048708724367e-06,0.000151577523697523
0.919,0.785372285551223,0.785371350749061,9.34802162566584e-07,0.000119022707988372
0.9195,0.785372074741867,0.785371395324748,6.79417119120451e-07,8.65060743434199e-05
0.92,0.785371870692018,0.785371445569629,4.25122389180466e-07,5.41282637256861e-05
0.9205,0.785371674348501,0.785371501653476,1.72695025613123e-07,2.1988213578968e-05
0.921,0.785371486618843,0.785371563723201,-7.71043577874053e-08,9.8172317406333e-06
0.9215,0.785371308368143,0.785371631902709,-3.23534565693784e-07,4.11937003130042e-05
0.922,0.785371140426921,0.785371706292916,-5.65865994728298e-07,7.20482961508969e-05
0.9225,0.785370983591549,0.785371786971705,-8.03380156733091e-07,0.00010228953850081
0.923,0.785370838620563,0.785371873993963,-1.03537340068183e-06,0.000131827835731503
0.9235,0.785370706230197,0.785371967391691,-1.2611614944591e-06,0.000160576068704262
0.924,0.785370587090985,0.785372067174245,-1.48008325961957e-06,0.000188450053564816
0.9245,0.785370481823657,0.785372173328642,-1.69150498496862e-06,0.00021536910369787
0.925,0.785370390995892,0.785372285819999,-1.89482410684061e-06,0.000241256498314695
0.9255,0.785370315118703,0.785372404592036,-2.08947333346643e-06,0.000266040007583906
0.926,0.785370254643466,0.785372529567714,-2.27492424786924e-06,0.000289652351366401
0.9265,0.785370209960918,0.785372660648983,-2.45068806548066e-06,0.000312031295678049
0.927,0.785370181411368,0.785372797716271,-2.61630490328013e-06,0.000333118286394077
0.9275,0.785370169288031,0.785372940629105,-2.77134107318222e-06,0.000352858104632439
0.928,0.78537017383427,0.785373089227283,-2.91539301311428e-06,0.000371199367274169
0.9285,0.785370195241488,0.785373243332033,-3.04809054518795e-06,0.000388094941806666
0.929,0.785370233646946,0.785373402747277,-3.16910033115736e-06,0.000403502386286285
0.9295,0.78537028913222,0.785373567260989,-3.27812876865785e-06,0.000417384318098916
0.93,0.78537036172139,0.785373736646646,-3.37492525592786e-06,0.00042970882963728
0.9305,0.785370451380132,0.785373910664756,-3.4592846235304e-06,0.00044044979791732
0.931,0.785370558014372,0.785374089064464,-3.53105009187615e-06,0.000449587261141745
0.9315,0.785370681471416,0.785374271582315,-3.590110899232e-06,0.00045710711668869
0.932,0.785370821547659,0.785374457939877,-3.63639221800938e-06,0.000462999837213675
0.9325,0.78537097799289,0.785374647844697,-3.66985180699775e-06,0.000467260044398733
0.933,0.785371150509611,0.785374840992606,-3.69048299442287e-06,0.000469886888767184
0.9335,0.785371338753974,0.78537503706981,-3.69831583602043e-06,0.000470884197134149
0.934,0.785371542335728,0.785375235755037,-3.69341930961387e-06,0.000470260752028882
0.9345,0.785371760819726,0.785375436721761,-3.675902034872e-06,0.000468030383337149
0.935,0.785371993726348,0.785375639640463,-3.64591411483595e-06,0.000464212202771722
0.9355,0.78537224053358,0.785375844180938,-3.60364735851881e-06,0.000458830632214657
0.936,0.785372500677916,0.785376050014606,-3.54933669000079e-06,0.000451915583128842
0.9365,0.785372773557044,0.785376256811834,-3.48325479004874e-06,0.000443501774307823
0.937,0.785373058531396,0.785376464237148,-3.40570575163568e-06,0.000433627924071454
0.9375,0.78537335492742,0.785376671950119,-3.31702269873446e-06,0.000422336447081287
0.938,0.78537366203944,0.785376879608465,-3.21756902554871e-06,0.000409673612124359
0.9385,0.785373979133331,0.785377086870672,-3.10773734080172e-06,0.000395689407695885
0.939,0.785374305448841,0.785377293398619,-2.98794977771077e-06,0.0003804375814664
0.9395,0.785374640203691,0.785377498860245,-2.85865655413886e-06,0.000363975456954595
0.94,0.785374982596302,0.785377702932181,-2.72033587922493e-06,0.000346363921639108
0.9405,0.785375331810252,0.785377905302383,-2.57349213128588e-06,0.000327667194961796
0.941,0.785375687017349,0.78537810567269,-2.41865534089669e-06,0.000307952762511457
0.9415,0.785376047380875,0.785378303754778,-2.25637390294242e-06,0.000287290448093471
0.942,0.785376412049538,0.785378499263269,-2.08721373062826e-06,0.00026575230601501
0.9425,0.785376780158216,0.785378691916228,-1.91175801123045e-06,0.000243412589986285
0.943,0.78537715083201,0.785378881438486,-1.73060647590262e-06,0.000220347660149397
0.9435,0.785377523191616,0.785379067564285,-1.54437266897123e-06,0.000196635635394235
0.944,0.785377896357512,0.785379250039864,-1.35368235265609e-06,0.000172356190241187
0.9445,0.785378269455494,0.785379428626048,-1.15917055365511e-06,0.000147590178800624
0.945,0.7853786416211,0.785379603100736,-9.61479635464002e-07,0.000122419389333032
0.9455,0.785379012005171,0.785379773261349,-7.61256178538616e-07,9.69261470189337e-05
0.946,0.785379379778391,0.78537993892715,-5.59148759515793e-07,7.11930312005119e-05
0.9465,0.785379744134031,0.785380099934339,-3.55800307882959e-07,4.53019022025529e-05
0.947,0.785380104275262,0.785380256128036,-1.51852774132877e-07,1.93344957003716e-05
0.9475,0.785380459412755,0.785380407362211,5.20505446521824e-08,6.6272811776162e-06
0.948,0.785380808769981,0.785380553502653,2.55267328608255e-07,3.25016457262936e-05
0.9485,0.785381151588801,0.785380694429146,4.57159654909667e-07,5.82073750888468e-05
0.949,0.78538148713451,0.785380830037563,6.57096947298541e-07,8.3664181802526e-05
0.9495,0.785381814701315,0.78538096024191,8.54459405008612e-07,0.000108793150382784
0.95,0.785382133617377,0.785381084976253,1.04864112360215e-06,0.000133517134680576
0.9505,0.785382443250003,0.785381204196561,1.23905344118214e-06,0.000157761183935328
0.951,0.785382743010543,0.785381317882396,1.42512814693685e-06,0.000181452951299514
0.9515,0.785383032355823,0.785381426031916,1.60632390722171e-06,0.000204523512032817
0.952,0.785383310771664,0.785381528653981,1.78211768253611e-06,0.000226906270677676
0.9525,0.785383577767744,0.785381625767545,1.95200019892372e-06,0.000248536384460058
0.953,0.785383832882858,0.785381717403815,2.11547904238607e-06,0.000269351157282442
0.9535,0.785384075689313,0.785381803607662,2.27208165115567e-06,0.000289290420711856
0.954,0.785384305797632,0.785381884438926,2.42135870553994e-06,0.00030829696558822
0.9545,0.785384522860593,0.785381959973663,2.56288693012419e-06,0.000326316898811902
0.955,0.785384726577721,0.785382030305266,2.69627245463866e-06,0.000343300071262609
0.9555,0.785384916698826,0.785382095545494,2.82115333161137e-06,0.000359200398356895
0.956,0.78538509302813,0.785382155825361,2.93720276933751e-06,0.000373976271682615
0.9565,0.785385255424012,0.78538221129078,3.04413323204411e-06,0.000387591081048102
0.957,0.785385403782514,0.785382262095935,3.14168657888914e-06,0.000400011958940537
0.9575,0.785385538030624,0.785382308402301,3.22962832266516e-06,0.000411209049521397
0.958,0.78538565813033,0.785382350379827,3.30775050250143e-06,0.000421155874390242
0.9585,0.785385764080842,0.785382388207501,3.37587334153788e-06,0.000429829543646327
0.959,0.78538585592193,0.785382422073835,3.43384809420311e-06,0.000437211118415287
0.9595,0.78538593373568,0.785382452177294,3.48155838647557e-06,0.000443285781496504
0.96,0.785385997649478,0.785382478726617,3.51892286098998e-06,0.000448043174148504
0.9605,0.785386047837204,0.785382501941076,3.54589612849843e-06,0.000451477517232751
0.961,0.785386084521748,0.78538252205062,3.56247112753838e-06,0.000453587911655913
0.9615,0.78538610797321,0.785382539292668,3.56868054240955e-06,0.000454378518912277
0.962,0.785386118495923,0.785382553907435,3.56458848882468e-06,0.000453857502467934
0.9625,0.785386116421707,0.785382566136862,3.55028484511077e-06,0.000452036305986899
0.963,0.785386102111966,0.785382576224916,3.52588704977119e-06,0.000448929882203828
0.9635,0.785386075957466,0.78538258441749,3.49153997580842e-06,0.000444556676922294
0.964,0.78538603837975,0.785382590962263,3.44741748736777e-06,0.000438938827212817
0.9645,0.785385989830484,0.785382596108511,3.39372197277754e-06,0.0004321021019577
0.965,0.785385930792482,0.785382600106881,3.3306856010995e-06,0.000424076061839989
0.9655,0.78538586177859,0.785382603209103,3.25856948668601e-06,0.000414893952971599
0.966,0.785385783332279,0.785382605667678,3.17766460100621e-06,0.000404592822990619
0.9665,0.78538569602489,0.785382607733941,3.08829094886054e-06,0.000393213416173692
0.967,0.785385600448441,0.785382609655468,2.99079297250149e-06,0.000380799588270492
0.9675,0.785385497210305,0.785382611675161,2.88553514427026e-06,0.000367397745340797
0.968,0.78538538693324,0.785382614031023,2.77290221672999e-06,0.000353056875602441
0.9685,0.785385270253155,0.785382616955727,2.65329742799025e-06,0.000337828320926129
0.969,0.785385147818656,0.785382620676204,2.52714245230212e-06,0.000321765770545006
0.9695,0.785385020288543,0.785382625413198,2.39487534570149e-06,0.000304924999485843
0.97,0.785384888331043,0.785382631380846,2.25695019684391e-06,0.000287363824111948
0.9705,0.785384752621066,0.785382638786234,2.1138348319516e-06,0.000269141809907938
0.971,0.785384613839146,0.785382647828974,1.9660101726604e-06,0.000250320189718283
0.9715,0.785384472668553,0.785382658700345,1.81396820786439e-06,0.000230961605514532
0.972,0.785384329794346,0.785382671582295,1.65821205122541e-06,0.00021113011571766
0.9725,0.785384185900442,0.785382686646897,1.49925354520075e-06,0.000190890890133398
0.973,0.785384041668027,0.785382704056036,1.33761199105908e-06,0.000170310048252836
0.9735,0.785383897772333,0.785382723961053,1.17381128017513e-06,0.000149454293997518
0.974,0.785383754880863,0.785382746502436,1.00837842731405e-06,0.00012839072897141
0.9745,0.785383613650114,0.785382771809519,8.418405945676e-07,0.000107186473536683
0.975,0.785383474723657,0.785382800000241,6.74723416471679e-07,8.59084535610554e-05
0.9755,0.785383338728882,0.785382831180908,5.07547974315514e-07,6.46230151748739e-05
0.976,0.785383206274989,0.785382865446026,3.40828963385498e-07,4.33956914173509e-05
0.9765,0.785383077950772,0.785382902878037,1.750727341987e-07,2.22909528386693e-05
0.977,0.785382954328594,0.78538294354708,1.07815132377453e-08,1.3727449006383e-06
0.9775,0.785382835964038,0.785382987510888,-1.5154685018004e-07,1.92955442529282e-05
0.978,0.78538272339361,0.785383034814808,-3.11421198495587e-07,3.965137849934e-05
0.9785,0.785382617131699,0.785383085491838,-4.68360138339285e-07,5.9633464931121e-05
0.979,0.785382517668394,0.785383139562729,-6.21894335139928e-07,7.91820460146938e-05
0.9795,0.785382425466605,0.785383197036124,-7.71569518831505e-07,9.82392822888554e-05
0.98,0.785382340959925,0.785383257908765,-9.16948840412601e-07,0.000116749552411238
0.9805,0.785382264550002,0.785383322165735,-1.0576157328801e-06,0.000134659817423701
0.981,0.785382196604511,0.785383389780762,-1.19317625146831e-06,0.000151919918720832
0.9815,0.78538213745614,0.785383460715992,-1.32325985147119e-06,0.00016848267708535
0.982,0.785382087408893,0.785383534921563,-1.44751267017185e-06,0.000184303037316798
0.9825,0.785382046739778,0.785383612335896,-1.56559611752538e-06,0.000199337888791715
0.983,0.785382015696809,0.785383692886297,-1.67718948740347e-06,0.00021354639793762
0.9835,0.785381994497184,0.785383776489548,-1.78199236355869e-06,0.000226890314569901
0.984,0.785381983325602,0.785383863052561,-1.87972695941951e-06,0.000239334269803771
0.9845,0.785381982332765,0.785383952473082,-1.97014031610987e-06,0.000250846055914812
0.985,0.785381991633892,0.785384044640438,-2.05300654676499e-06,0.000261396912094136
0.9855,0.785382011307591,0.785384139436345,-2.12812875344248e-06,0.000270961768517092
0.986,0.785382041394642,0.785384236735739,-2.19534109668906e-06,0.000279519509848678
0.9865,0.78538208189832,0.785384336406076,-2.25450775537261e-06,0.000287052842805252
0.987,0.785382132790023,0.785384438306005,-2.30551598146e-06,0.000293547411861378
0.9875,0.785382194011925,0.785384542285859,-2.34827393386094e-06,0.000298991523446256
0.988,0.785382265476085,0.785384648188888,-2.38271280283975e-06,0.000303376416432232
0.9885,0.78538234706443,0.785384755852373,-2.4087879438861e-06,0.000306696406503709
0.989,0.78538243862825,0.785384865108776,-2.42648052584116e-06,0.000308949096003073
0.9895,0.785382539988549,0.785384975786932,-2.4357983831047e-06,0.000310135482437088
0.99,0.785382650935817,0.78538508771327,-2.43677745204174e-06,0.000310260141365853
0.9905,0.785382771230758,0.785385200713054,-2.42948229567386e-06,0.000309331293208592
0.991,0.78538290060437,0.78538531461164,-2.41400726930241e-06,0.000307360951655397
0.9915,0.78538303875937,0.785385429233016,-2.39047364603007e-06,0.000304364557677273
0.992,0.785383185372615,0.78538554439722,-2.35902460532511e-06,0.000300360341450319
0.9925,0.785383340097477,0.785385659920821,-2.31982334364389e-06,0.000295369081792715
0.993,0.785383502564482,0.785385775618617,-2.27305413469381e-06,0.000289414241161592
0.9935,0.785383672383069,0.785385891305067,-2.2189219972546e-06,0.000282521923358728
0.994,0.785383849142557,0.785386006795737,-2.15765317990169e-06,0.00027472093524744
0.9945,0.785384032414206,0.785386121908768,-2.08949456192986e-06,0.000266042710475817
0.995,0.785384221752444,0.785386236466323,-2.01471387895058e-06,0.000256521338200665
0.9955,0.785384416697199,0.785386350296048,-1.93359884870237e-06,0.000246193451782224
0.996,0.785384616775373,0.785386463232489,-1.84645711553966e-06,0.000235098221716271
0.9965,0.785384821502799,0.785386575114892,-1.75361209375779e-06,0.000223276826389825
0.997,0.785385030382134,0.785386685783453,-1.65540131824571e-06,0.000210772242079715
0.9975,0.785385242903925,0.785386795079608,-1.55217568320598e-06,0.000197629146023417
0.998,0.785385458548676,0.785386902847893,-1.44429921722367e-06,0.000183893887779921
0.9985,0.785385676789886,0.78538700893742,-1.33214753339495e-06,0.000169614291893985
0.999,0.785385897096269,0.785387113203329,-1.21610705949848e-06,0.000154839559878507
0.9995,0.785386118934932,0.785387215508245,-1.0965733124868e-06,0.000139620050515943
1,0.785386341773785,0.785387315723685,-9.7394990050681e-07,0.000124007152791615
1.0005,0.785386565084791,0.78538741373144,-8.48646649065365e-07,0.000108053047309701
1.001,0.785386788346491,0.785387509424886,-7.21078395105046e-07,9.1810552750191e-05
1.0015,0.785387011045836,0.785387602706289,-5.9166045218717e-07,7.53325484780593e-05
1.002,0.785387232671713,0.785387693482365,-4.60810652636034e-07,5.86722345571418e-05
1.0025,0.785387452714123,0.785387781664279,-3.28950155892294e-07,4.18832346728865e-05
1.003,0.785387670667218,0.785387867169328,-1.96502110028085e-07,2.50194257111658e-05
1.0035,0.785387886032725,0.785387949922195,-6.38894699367398e-08,8.13465996156255e-06
1.004,0.785388098322892,0.785388029856151,6.84667411654516e-08,8.71745623509998e-06
1.0045,0.785388307063898,0.785388106914242,2.00149656404136e-07,2.54838457398901e-05
1.005,0.785388511798837,0.785388181050401,3.30748435861672e-07,4.21121987898382e-05
1.0055,0.785388712091003,0.785388252230524,4.59860479251617e-07,5.85512547244023e-05
1.006,0.785388907526835,0.785388320433455,5.87093380355341e-07,7.47510508320662e-05
1.0065,0.785389097717064,0.785388385648185,7.1206887919395e-07,9.06634255564983e-05
1.007,0.785389282287314,0.785388447869402,8.34417911987906e-07,0.000106241388237835
1.0075,0.785389460875476,0.78538850709718,9.53778296231e-07,0.000121438824367144
1.008,0.785389633134942,0.785388563338248,1.06979669345364e-06,0.000136210745493209
1.0085,0.785389798737539,0.785388616606837,1.18213070210427e-06,0.00015051355569647
1.009,0.785389957376473,0.785388666925463,1.2904510107159e-06,0.000164305325738694
1.0095,0.785390108769082,0.785388714325684,1.3944433979729e-06,0.000177546047719397
1.01,0.78539025265968,0.785388758848786,1.49381089364908e-06,0.000190197910215019
1.0105,0.785390388822046,0.785388800546423,1.5882756229102e-06,0.000202225533102813
1.011,0.785390517062076,0.785388839481165,1.67758091040859e-06,0.000213596235462504
1.0115,0.785390637217942,0.785388875724007,1.76149393427139e-06,0.000224280373492545
1.012,0.785390749149978,0.785388909350536,1.83979944123891e-06,0.000234250540296704
1.0125,0.785390852736846,0.785388940440411,1.91229643498048e-06,0.000243481144227322
1.013,0.785390947878227,0.785388969078101,1.97880012642315e-06,0.00025194865720889
1.0135,0.785391034496568,0.785388995353272,2.03914329588439e-06,0.00025963178817016
1.014,0.785391112539355,0.785389019361127,2.09317822774668e-06,0.000266511729374574
1.0145,0.78539118198059,0.785389041202707,2.14077788318612e-06,0.0002725723057367
1.015,0.785391242822873,0.785389060985148,2.1818377246019e-06,0.000277800207115812
1.0155,0.785391295098533,0.785389078821886,2.21627664709345e-06,0.000282185106915244
1.016,0.785391338871443,0.785389094832807,2.24403863546829e-06,0.000285719873059176
1.0165,0.785391374236176,0.785389109142347,2.26509382827977e-06,0.000288400703470137
1.017,0.785391401309451,0.785389121876701,2.27943275032949e-06,0.000290226391728394
1.0175,0.785391420226004,0.785389133163232,2.28706277105584e-06,0.000291197876139987
1.018,0.785391431140189,0.785389143130732,2.28800945689667e-06,0.000291318411924886
1.0185,0.785391434226248,0.785389151909422,2.28231682575242e-06,0.000290593603616241
1.019,0.785391429679491,0.785389159630952,2.27004853903257e-06,0.000289031556836454
1.0195,0.785391417716282,0.785389166428349,2.25128793318596e-06,0.000286642882311746
1.02,0.78539139857499,0.785389172435962,2.22613902789437e-06,0.00028344082423934
1.0205,0.785391372515665,0.785389177789357,2.19472630802464e-06,0.000279441232524758
1.021,0.785391339820714,0.785389182625202,2.15719551255322e-06,0.0002746626632308
1.0215,0.785391300793357,0.785389187080063,2.11371329450483e-06,0.000269126335279599
1.022,0.785391255752288,0.785389191288752,2.0644635360112e-06,0.000262855661271324
1.0225,0.785391205028172,0.785389195383813,2.00964435870254e-06,0.000255875866835402
1.023,0.785391148963985,0.78538919949547,1.94946851517219e-06,0.000248214040473338
1.0235,0.785391087913946,0.785389203751436,1.88416251090118e-06,0.000239899021758688
1.024,0.785391022243522,0.785389208276733,1.81396678955448e-06,0.000230961424929705
1.0245,0.785390952328161,0.785389213193493,1.73913466794406e-06,0.000221433503284624
1.025,0.785390878553092,0.785389218620769,1.65993232292827e-06,0.000211349147513637
1.0255,0.785390801311865,0.785389224674321,1.57663754429826e-06,0.000200743726911469
1.026,0.785390721005947,0.785389231466426,1.48953952061603e-06,0.000189654062109419
1.0265,0.785390638042943,0.785389239105278,1.39893766504251e-06,0.00017811827557516
1.027,0.785390552835092,0.785389247694243,1.30514084950573e-06,0.000166175694103993
1.0275,0.785390465797085,0.785389257331541,1.20846554385601e-06,0.000153866611888735
1.028,0.785390377345309,0.785389268110116,1.10923519247574e-06,0.000141232211147204
1.0285,0.785390287895978,0.785389280117461,1.00777851763656e-06,0.000128314346098945
1.029,0.785390197864214,0.785389293435468,9.04428746117958e-07,0.000115155444495262
1.0295,0.785390107662101,0.785389308140287,7.99521813865667e-07,0.000101798279029215
1.03,0.785390017697643,0.7853893243022,6.93395442841194e-07,8.82858497964558e-05
1.0305,0.78538992837279,0.78538934198551,5.86387279066791e-07,7.46611472237492e-05
1.031,0.785389840082301,0.785389361248454,4.7883384690639e-07,6.09670189238879e-05
1.0315,0.785389753212248,0.785389382142961,3.7106928718611e-07,4.72460090282044e-05
1.032,0.785389668141823,0.785389404714385,2.63427437974251e-07,3.35406231197085e-05
1.0325,0.785389585242733,0.785389429001416,1.56241317106343e-07,1.98932623461302e-05
1.033,0.785389504877837,0.7853894550361,4.98417368488546e-08,6.34604703342454e-06
1.0335,0.785389427399178,0.785389482843861,-5.54446832889965e-08,7.05943633088672e-06
1.034,0.785389353146634,0.785389512443551,-1.5929691699057e-07,2.02823134066788e-05
1.0345,0.785389282446015,0.78538954384752,-2.6140150566345e-07,3.32826734064017e-05
1.035,0.785389215607705,0.785389577061725,-3.61454019603968e-07,4.60217551363251e-05
1.0355,0.785389152924876,0.785389612085847,-4.59160970911476e-07,5.84621905563483e-05
1.036,0.785389094672166,0.785389648913455,-5.54241288863722e-07,7.05681926306275e-05
1.0365,0.785389041104835,0.785389687531812,-6.46426977390924e-07,8.23056390397747e-05
1.037,0.785388992462488,0.785389727921571,-7.35459083411882e-07,9.36415588534685e-05
1.0375,0.785388948969844,0.785389770056895,-8.21087051128266e-07,0.000104544050316649
1.038,0.785388910835373,0.785389813905782,-9.03070409230544e-07,0.00011498249567125
1.0385,0.785388878249895,0.785389859430367,-9.8118047187068e-07,0.000124927777730766
1.039,0.785388851385389,0.785389906587268,-1.0552018792076e-06,0.000134352476028597
1.0395,0.785388830393761,0.785389955327946,-1.12493418480408e-06,0.000143231068931697
1.04,0.785388815405745,0.785390005599102,-1.19019335687032e-06,0.000151540124784838
1.0405,0.78538880652989,0.785390057343093,-1.25081320279108e-06,0.000159258483287044
1.041,0.785388803851599,0.785390110498377,-1.30664677788772e-06,0.000166367434860743
1.0415,0.785388807433092,0.785390164999094,-1.35756600161407e-06,0.000172850671784304
1.042,0.785388817317245,0.785390220774316,-1.40345707089207e-06,0.000178693704199796
1.0425,0.78538883352915,0.785390277748292,-1.44421914161086e-06,0.000183883692236242
1.043,0.7853888560753,0.785390335841103,-1.47976580322506e-06,0.000188409633761294
1.0435,0.785388884943216,0.78539039496926,-1.51002604342754e-06,0.000192262487207192
1.044,0.785388920100869,0.785390455046309,-1.53494543941868e-06,0.000195435323247875
1.0445,0.785388961496524,0.785390515983473,-1.55448694882931e-06,0.000197923425502419
1.045,0.785389009058324,0.785390577690303,-1.56863197864343e-06,0.000199724426634498
1.0455,0.785389062694374,0.785390640075341,-1.5773809672881e-06,0.000200838382466381
1.046,0.785389122292507,0.785390703046797,-1.58075429002036e-06,0.000201267887256368
1.0465,0.785389187720988,0.785390766511747,-1.57879075846079e-06,0.00020101788265347
1.047,0.785389258830788,0.785390830374715,-1.5715439267705e-06,0.000200095187385258
1.0475,0.7853893354572,0.785390894537937,-1.55908073684596e-06,0.000198508324758712
1.048,0.785389417419907,0.785390958902276,-1.54148236863882e-06,0.000196267630926298
1.0485,0.785389504523735,0.785391023368002,-1.51884426691229e-06,0.000193385258292702
1.049,0.785389596558947,0.785391087835584,-1.49127663706672e-06,0.000189875238645301
1.0495,0.785389693302193,0.785391152206485,-1.4589042921509e-06,0.000185753463675038
1.05,0.785389794516971,0.785391216383957,-1.42186698615099e-06,0.000181037727412084
1.0505,0.785389899954775,0.785391280273845,-1.38031907082059e-06,0.000175747682532087
1.051,0.785390009355717,0.785391343785363,-1.33442964567188e-06,0.000169904859453636
1.0515,0.785390122449674,0.78539140682989,-1.28438021551602e-06,0.000163532368087047
1.052,0.78539023895596,0.785391469318925,-1.23036296439949e-06,0.000156654678065101
1.0525,0.785390358584302,0.785391531164252,-1.172579949138e-06,0.000149297516060604
1.053,0.785390481035837,0.785391592278967,-1.11124312984767e-06,0.000141487869673733
1.0535,0.785390606004758,0.785391652578306,-1.04657354760285e-06,0.000133253882728171
1.054,0.785390733179441,0.785391711980452,-9.78801010687036e-07,0.000124624815323348
1.0545,0.78539086224421,0.78539177040735,-9.0816313969011e-07,0.000115630922252429
1.055,0.785390992880599,0.785391827785501,-8.34904901436673e-07,0.000106303393660239
1.0555,0.785391124769199,0.785391884046734,-7.5927753473426e-07,9.66742182652685e-05
1.056,0.785391257591015,0.785391939128953,-6.81537937419208e-07,8.67761053159374e-05
1.0565,0.785391391028654,0.785391992974649,-6.01945994826991e-07,7.66421444408673e-05
1.057,0.785391524763214,0.785392045528447,-5.20765232381315e-07,6.63058887391087e-05
1.0575,0.785391658474195,0.785392096737125,-4.38262929836064e-07,5.58013693258769e-05
1.058,0.785391791841176,0.785392146550569,-3.54709392968999e-07,4.51630026017135e-05
1.0585,0.785391924545882,0.785392194922492,-2.7037661032292e-07,3.44254192234591e-05
1.059,0.785392056273861,0.785392241811127,-1.8553726599535e-07,2.36233384087327e-05
1.0595,0.785392186716562,0.785392287179908,-1.0046334564251e-07,1.2791390446844e-05
1.06,0.785392315573069,0.785392330998119,-1.54250507922171e-08,1.96397846481993e-06
1.0605,0.785392442552135,0.78539237324152,6.93106146920641e-08,8.8249015495838e-06
1.061,0.785392567373923,0.785392413892921,1.53481002351796e-07,1.95418081559898e-05
1.0615,0.785392689770862,0.785392452940618,2.36830243638408e-07,3.01541631589685e-05
1.062,0.785392809482429,0.785392490375893,3.19106535751068e-07,4.06299060301705e-05
1.0625,0.785392926253906,0.785392526192864,4.00061041849753e-07,5.09373538791054e-05
1.063,0.785393039838328,0.785392560389228,4.79449099866081e-07,6.10453553637172e-05
1.0635,0.785393149998398,0.785392592966767,5.5703163015508e-07,7.0923469918174e-05
1.064,0.785393256508297,0.785392623931824,6.32576473091895e-07,8.05421380609699e-05
1.0645,0.785393359155516,0.785392653295757,7.05859758531879e-07,8.98728557600002e-05
1.065,0.785393457742627,0.785392681075363,7.76667264834607e-07,9.88883474688719e-05
1.0655,0.785393552088975,0.785392707293265,8.44795709831203e-07,0.00010756273049797
1.066,0.785393642032357,0.785392731978266,9.10054091418644e-07,0.000115871685704225
1.0665,0.785393727429316,0.785392755163915,9.7226540174411e-07,0.000123792675747842
1.067,0.785393808149062,0.785392776886311,1.03126275097232e-06,0.000131304451555032
1.0675,0.785393884071347,0.78539279718383,1.08688751709884e-06,0.000138386816744926
1.068,0.785393955088213,0.785392816097579,1.13899063403089e-06,0.00014502079163311
1.0685,0.785394021105288,0.785392833671659,1.18743362853557e-06,0.000151188745259985
1.069,0.785394082043292,0.785392849953388,1.23208990465695e-06,0.000156874558927821
1.0695,0.785394137839183,0.785392864993512,1.27284567041919e-06,0.000162063744192265
1.07,0.785394188447559,0.785392878846392,1.30960116739853e-06,0.000166743599416315
1.0705,0.785394233841602,0.785392891570149,1.34227145298649e-06,0.000170903309371152
1.071,0.785394274014327,0.785392903226793,1.37078753426056e-06,0.000174534089605056
1.0715,0.785394308978246,0.785392913881098,1.39509714813801e-06,0.000177629285775657
1.072,0.785394338759848,0.78539292359895,1.41516089791072e-06,0.000180183881738285
1.0725,0.78539436339711,0.78539293244702,1.43095009053074e-06,0.000182194224180609
1.073,0.785394382940669,0.785392940492955,1.4424477147168e-06,0.000183658147159029
1.0735,0.785394397454234,0.785392947805421,1.4496488123239e-06,0.000184575019382915
1.074,0.785394407015487,0.785392954454134,1.45256135275496e-06,0.000184945855548161
1.0745,0.785394411716332,0.785392960509869,1.45120646288799e-06,0.000184773345612423
1.075,0.785394411663653,0.78539296604446,1.44561919313002e-06,0.000184061952332128
1.0755,0.785394406979363,0.78539297113078,1.43584858314227e-06,0.00018281791963087
1.076,0.785394397800992,0.785392975842699,1.42195829211378e-06,0.000181049352848334
1.0765,0.785394384280856,0.785392980254351,1.4040265052806e-06,0.000178766206837957
1.077,0.785394366582248,0.785392984439085,1.38214316336427e-06,0.000175979933208074
1.0775,0.785394344877174,0.785392988469182,1.35640799170389e-06,0.00017270322938322
1.078,0.785394319346759,0.785392992415862,1.32693089727187e-06,0.000168950089153746
1.0785,0.785394290180801,0.785392996349203,1.29383159852559e-06,0.000164735755547068
1.079,0.785394257577952,0.785393000338068,1.25723988364523e-06,0.000160076753707535
1.0795,0.785394221745131,0.78539300445002,1.21729511037838e-06,0.000154990827214651
1.08,0.785394182897573,0.785393008751235,1.17414633782342e-06,0.000149496954862275
1.0805,0.785394141258103,0.785393013306408,1.12795169504576e-06,0.000143615270268332
1.081,0.785394097057044,0.785393018178665,1.07887837885734e-06,0.000137367061592093
1.0815,0.785394050531148,0.785393023429157,1.02710199179068e-06,0.000130774687242414
1.082,0.785394001922083,0.785393029116539,9.7280554356427e-07,0.000123861448740361
1.0825,0.785393951474865,0.785393035296782,9.16178083620878e-07,0.000116651416608578
1.083,0.785393899437559,0.785393042023118,8.57414441335358e-07,0.000109169397293518
1.0835,0.785393846060226,0.785393049345964,7.96714262119025e-07,0.000101440810438444
1.084,0.785393791594485,0.785393057312848,7.34281637271295e-07,9.34916417546693e-05
1.0845,0.785393736292396,0.785393065968337,6.70324058926752e-07,8.53483099612924e-05
1.085,0.785393680405933,0.785393075353985,6.05051947544233e-07,7.70376066232343e-05
1.0855,0.785393624185815,0.785393085508272,5.38677542571975e-07,6.85865549063397e-05
1.086,0.785393567880903,0.785393096466565,4.71414337899212e-07,6.00223376968421e-05
1.0865,0.785393511737213,0.785393108260928,4.03476284160931e-07,5.13721960356499e-05
1.087,0.785393455998567,0.785393120919894,3.35078673363576e-07,4.26635417523902e-05
1.0875,0.785393400905982,0.785393134468395,2.66437587548296e-07,3.39238872670328e-05
1.088,0.78539334669689,0.785393148927787,1.97769102761036e-07,2.51807442362143e-05
1.0885,0.785393293603902,0.785393164315859,1.29288043382303e-07,1.64614649495783e-05
1.089,0.785393241854019,0.785393180646862,6.12071566763461e-08,7.79313723011247e-06
1.0895,0.785393191667404,0.785393197931548,-6.26414398130493e-09,7.97575583091219e-07
1.09,0.785393143256568,0.785393216177224,-7.29206564020757e-08,9.28454633591681e-06
1.0905,0.785393096825191,0.785393235387819,-1.38562627927108e-07,1.76423417299219e-05
1.091,0.78539305256731,0.785393255563967,-2.02996657705512e-07,2.58463372039726e-05
1.0915,0.785393010666665,0.785393276702867,-2.66036201956865e-07,3.38727812662631e-05
1.092,0.785392971298815,0.785393298798068,-3.27499253049979e-07,4.16984999854461e-05
1.0925,0.785392934631409,0.78539332183952,-3.87208110241843e-07,4.93008678002087e-05
1.093,0.78539290082331,0.78539334581375,-4.44990439829596e-07,5.66579425020134e-05
1.0935,0.785392870023591,0.785393370704024,-5.00680432669043e-07,6.37486126149336e-05
1.094,0.785392842370733,0.785393396490524,-5.54119791162933e-07,7.05527230629036e-05
1.0945,0.785392817991714,0.785393423150545,-6.0515883049117e-07,7.70512153827041e-05
1.095,0.785392797001247,0.7853934506587,-6.53657453497658e-07,8.32262518504104e-05
1.0955,0.785392779500985,0.785393478987148,-6.9948616265858e-07,8.90613443291957e-05
1.096,0.78539276557883,0.785393508105821,-7.42526990893388e-07,9.45414727838668e-05
1.0965,0.785392755308767,0.785393537982188,-7.82673420851587e-07,9.96530750041387e-05
1.097,0.78539274875336,0.785393568580816,-8.19827456699507e-07,0.000104383673772947
1.0975,0.785392745964635,0.785393599863502,-8.53898866948199e-07,0.0001087217804603
1.098,0.785392746983441,0.78539363178962,-8.84806179102249e-07,0.000112657021665901
1.0985,0.785392751839008,0.785393664316442,-9.1247743339018e-07,0.000116180235187082
1.099,0.785392760548451,0.785393697399464,-9.36851013433326e-07,0.000119283575782852
1.0995,0.785392773116454,0.78539373099275,-9.57876296503457e-07,0.000121960597967267
1.1,0.785392789534864,0.785393765049282,-9.75514417134171e-07,0.00012420635323545
1.1005,0.785392809782526,0.785393799521315,-9.89738788481631e-07,0.000126017456445308
1.101,0.785392833824976,0.785393834360746,-1.00053577034576e-06,0.000127392170872628
1.1015,0.785392861614753,0.785393869518667,-1.00790391466266e-06,0.000128330312144187
1.102,0.785392893093215,0.785393904944588,-1.0118513728008e-06,0.000128832918124454
1.1025,0.785392928191585,0.785393940586571,-1.01239498562222e-06,0.00012890213305858
1.103,0.785392966830805,0.785393976391736,-1.00956093140869e-06,0.000128541290068921
1.1035,0.785393008921782,0.785394012306681,-1.00338489883445e-06,0.000127754933178611
1.104,0.785393054365393,0.785394048277911,-9.93912517399664e-07,0.000126548872116053
1.1045,0.785393103052862,0.785394084252277,-9.8119941471797e-07,0.000124930189608992
1.105,0.78539315486586,0.785394120177408,-9.65311547918013e-07,0.000122907283579873
1.1055,0.785393209677018,0.785394156002151,-9.4632513270021e-07,0.000120489858113066
1.106,0.78539326735014,0.785394191676998,-9.24326858386948e-07,0.000117688950835908
1.1065,0.785393327740837,0.785394227153426,-8.99412588850623e-07,0.000114516767515724
1.107,0.785393390696901,0.78539426238277,-8.7168586915265e-07,0.000110986491919199
1.1075,0.785393456059067,0.78539429731632,-8.41257252637284e-07,0.000107112200135305
1.108,0.785393523661447,0.785394331905887,-8.08244439598482e-07,0.00010290887823091
1.1085,0.785393593332381,0.785394366104261,-7.72771879709033e-07,9.83923716304865e-05
1.109,0.785393664894968,0.785394399865662,-7.34970693749837e-07,9.35793751503729e-05
1.1095,0.785393738168012,0.785394433146193,-6.94978181559058e-07,8.84873703489127e-05
1.11,0.785393812966638,0.785394465904282,-6.52937643730311e-07,8.31346028243631e-05
1.1105,0.785393889103315,0.785394498101114,-6.08997799078637e-07,7.75400080443599e-05
1.111,0.785393966388547,0.785394529701054,-5.63312506529634e-07,7.17231759357415e-05
1.1115,0.785394044631615,0.785394560670819,-5.16039203701801e-07,6.57041520786777e-05
1.112,0.785394123639225,0.785394590978125,-4.67338899468039e-07,5.95034367595718e-05
1.1125,0.785394203215685,0.785394620591702,-4.17376017636251e-07,5.31419650678555e-05
1.113,0.785394283163806,0.785394649481836,-3.66318030020629e-07,4.66410601771748e-05
1.1135,0.785394363286112,0.785394677620774,-3.14334662188109e-07,4.0022332217887e-05
1.114,0.785394443385767,0.785394704983124,-2.61597357442689e-07,3.33076100294251e-05
1.1145,0.785394523267806,0.785394731546242,-2.08278435831488e-07,2.65188340816236e-05
1.115,0.78539460274012,0.785394757290607,-1.54550486741734e-07,1.96779791377643e-05
1.1155,0.785394681614681,0.785394782200179,-1.00585497930794e-07,1.28069433592364e-05
1.116,0.785394759708547,0.785394806262739,-4.65541920569024e-08,5.92746383000437e-06
1.1165,0.785394836844458,0.785394829469005,7.37545369222659e-09,9.39071930130585e-07
1.117,0.785394912848046,0.785394851811236,6.10368103837189e-08,7.77144806650527e-06
1.1175,0.785394987547289,0.785394873283155,1.14264133932451e-07,1.45485613867712e-05
1.118,0.785395060773671,0.785394893880386,1.66893285302727e-07,2.124951305982e-05
1.1185,0.785395132363395,0.785394913600748,2.18762646775339e-07,2.78537252785292e-05
1.119,0.785395202158475,0.785394932444544,2.69713931078108e-07,3.43410442814622e-05
1.1195,0.785395270007917,0.78539495041483,3.19593086994807e-07,4.06918556585774e-05
1.12,0.785395335768808,0.785394967517674,3.68251134030828e-07,4.68871906241619e-05
1.1205,0.78539539930742,0.785394983762387,4.15545032939058e-07,5.29088368556284e-05
1.121,0.785395460500268,0.785394999161747,4.61338520829635e-07,5.87394448229918e-05
1.1215,0.785395519234389,0.785395013731175,5.05503214065506e-07,6.43626682138926e-05
1.122,0.785395575403779,0.785395027487484,5.47916295001727e-07,6.97628694000976e-05
1.1225,0.78539562890825,0.785395040448733,5.88459517114615e-07,7.49249927666086e-05
1.123,0.785395679654547,0.785395052634511,6.27020036003678e-07,7.98346705181148e-05
1.1235,0.785395727557254,0.785395064066097,6.63491156793761e-07,8.44783178411894e-05
1.124,0.785395772539787,0.785395074766619,6.97773168467641e-07,8.88432391348152e-05
1.1245,0.785395814535218,0.785395084761186,7.29774032315333e-07,9.29177156664719e-05
1.125,0.785395853487208,0.785395094077017,7.59410191175647e-07,9.66911086079723e-05
1.1255,0.78539588935072,0.785395102743547,7.86607173619558e-07,0.000100153935962478
1.126,0.78539592209287,0.785395110792517,8.11300353120714e-07,0.000103297969225089
1.1265,0.785395951692829,0.78539511825732,8.33435508496017e-07,0.000106116304740359
1.127,0.785395978138339,0.785395125172025,8.5296631457954e-07,0.000108603044204968
1.1275,0.785396001424253,0.785395131571198,8.69853055252001e-07,0.000110753130805555
1.128,0.785396021553352,0.785395137490042,8.84063309336547e-07,0.000112562436549673
1.1285,0.78539603853675,0.785395142964437,8.95572312864523e-07,0.000114027808390904
1.129,0.785396052394562,0.785395148030981,9.04363581244461e-07,0.000115147147445876
1.1295,0.785396063156199,0.785395152727015,9.10429184153294e-07,0.000115919443994495
1.13,0.785396070860953,0.785395157090647,9.13770305976946e-07,0.00011634484883746
1.1305,0.78539607555817,0.785395161160754,9.14397415896495e-07,0.000116424694952306
1.131,0.785396077307733,0.785395164976987,9.12330745950207e-07,0.000116161558362153
1.1315,0.785396076179623,0.78539516857931,9.07600313126977e-07,0.000115559260948728
1.132,0.785396072251299,0.785395172007365,9.00243933288358e-07,0.000114622617577066
1.1325,0.785396065606261,0.785395175300306,8.90305955070225e-07,0.000113357274890862
1.133,0.78539605633443,0.785395178496824,8.77837606272358e-07,0.000111769755416162
1.1335,0.785396044532009,0.785395181635125,8.62896883391251e-07,0.000109867443496247
1.134,0.785396030301708,0.785395184752901,8.45548806860386e-07,0.000107658617789828
1.1345,0.785396013752521,0.785395187887296,8.25865224762801e-07,0.000105152426278959
1.135,0.78539599499986,0.785395191074872,8.0392498780224e-07,0.000102358908547055
1.1355,0.785395974165236,0.785395194351574,7.79813661755391e-07,9.92889591671694e-05
1.136,0.785395951376303,0.785395197752686,7.53623616511767e-07,9.59543390389109e-05
1.1365,0.785395926766234,0.78539520131257,7.25453664585096e-07,9.23676293622783e-05
1.137,0.785395900472425,0.785395205064311,6.95408114093077e-07,8.85421110593007e-05
1.1375,0.785395872635411,0.785395209039607,6.63595803973571e-07,8.44916419339474e-05
1.138,0.785395843398789,0.785395213268755,6.3013003381851e-07,8.02306477383032e-05
1.1385,0.785395812908652,0.785395217780611,5.95128040847825e-07,7.57740555788215e-05
1.139,0.785395781313415,0.785395222602564,5.58710851139566e-07,7.11372749743536e-05
1.1395,0.785395748763192,0.785395227760495,5.2100269642974e-07,6.63361236007994e-05
1.14,0.785395715409555,0.78539523327876,4.8213079428816e-07,6.1386799302226e-05
1.1405,0.78539568140487,0.785395239180158,4.42224712293715e-07,5.63057991351488e-05
1.141,0.785395646901993,0.78539524548591,4.01416082373984e-07,5.11098829971224e-05
1.1415,0.785395612053639,0.78539525221553,3.5983810897644e-07,4.58160110051525e-05
1.142,0.785395577012465,0.785395259386639,3.17625826529166e-07,4.04413762766126e-05
1.1425,0.785395541930538,0.785395267014922,2.74915615716687e-07,3.50033433395701e-05
1.143,0.785395506958914,0.785395275114147,2.31844766274136e-07,2.95193924660111e-05
1.1435,0.785395472246889,0.78539528369617,1.88550718149827e-07,2.40070230536574e-05
1.144,0.785395437941543,0.785395292770951,1.45170591991928e-07,1.84836938456736e-05
1.1445,0.785395404186985,0.785395302346572,1.0184041299155e-07,1.29667241073001e-05
1.145,0.785395371123873,0.785395312429274,5.86945994029975e-08,7.47322850222853e-06
1.1455,0.785395338888669,0.785395323023485,1.58651837223189e-08,2.02001792997451e-06
1.146,0.785395307613145,0.785395334131868,-2.65187226622388e-08,3.37646863694269e-06
1.1465,0.785395277423922,0.785395345755217,-6.83312950666704e-08,8.70021070218514e-06
1.147,0.785395248443593,0.785395357892316,-1.09448723639716e-07,1.39354443058876e-05
1.1475,0.78539522079076,0.785395370539953,-1.49749192490667e-07,1.90666593671275e-05
1.148,0.785395194579487,0.785395383693015,-1.89113527726548e-07,2.4078682194581e-05
1.1485,0.785395169918613,0.785395397344575,-2.27425961951688e-07,2.89567728256324e-05
1.149,0.785395146911238,0.785395411485989,-2.64574750552526e-07,3.36867034941918e-05
1.1495,0.785395125654083,0.785395426106994,-3.00452910440008e-07,3.8254852690299e-05
1.15,0.785395106236985,0.785395441195824,-3.34958838221766e-07,4.264828386825e-05
1.1505,0.785395088742322,0.785395456739325,-3.67997002870268e-07,4.68548336398445e-05
1.151,0.785395073244535,0.78539547272308,-3.99478545132226e-07,5.0863188093562e-05
1.1515,0.785395059809947,0.785395489131267,-4.29321319606046e-07,5.46628881520302e-05
1.152,0.78539504849832,0.785395505946405,-4.57448085522394e-07,5.82440992150505e-05
1.1525,0.785395039363324,0.785395523149421,-4.83786097849048e-07,6.15975590974523e-05
1.153,0.785395032452076,0.785395540719838,-5.08267762100445e-07,6.47146614020331e-05
1.1535,0.785395027804754,0.785395558635943,-5.30831189227143e-07,6.75875261702793e-05
1.154,0.785395025454211,0.78539557687497,-5.51420758498899e-07,7.02090715508657e-05
1.1545,0.785395025425664,0.785395595413277,-5.69987613108225e-07,7.25730769018598e-05
1.155,0.785395027736352,0.78539561422654,-5.86490187526323e-07,7.46742499357655e-05
1.1555,0.785395032395318,0.785395633289944,-6.00894626723303e-07,7.65082800962984e-05
1.156,0.785395039403123,0.785395652578383,-6.13175259234211e-07,7.80718987910232e-05
1.1565,0.785395048751969,0.785395672066207,-6.2331423789086e-07,7.93628336479103e-05
1.157,0.785395060427012,0.7853956917268,-6.31299787334783e-07,8.03795853817544e-05
1.1575,0.785395074407023,0.785395711532646,-6.37125623481616e-07,8.11213538780839e-05
1.158,0.785395090664184,0.785395731455609,-6.40791424699749e-07,8.15880981854905e-05
1.1585,0.785395109164116,0.785395751467156,-6.423030407543e-07,8.17805631192015e-05
1.159,0.785395129865769,0.785395771538601,-6.41672832202289e-07,8.17003224742165e-05
1.1595,0.785395152721528,0.785395791641334,-6.38919806283944e-07,8.13497963275247e-05
1.16,0.785395177677169,0.785395811747067,-6.34069897920142e-07,8.07322868158113e-05
1.1605,0.785395204672048,0.78539583182807,-6.27156022003916e-07,7.98519847934182e-05
1.161,0.785395233639126,0.785395851857409,-6.1821828334363e-07,7.87139965631397e-05
1.1615,0.785395264505313,0.785395871808582,-6.07303268229664e-07,7.73242536756914e-05
1.162,0.785395297192021,0.785395891654897,-5.94462875591617e-07,7.56893641080226e-05
1.1625,0.785395331615718,0.785395911369531,-5.79753812623984e-07,7.38165480443837e-05
1.163,0.785395367688081,0.785395930925842,-5.63237760431434e-07,7.17136589669372e-05
1.1635,0.785395405316409,0.785395950297619,-5.44981209937845e-07,6.9389162763048e-05
1.164,0.785395444403849,0.785395969459339,-5.25055490752102e-07,6.68521414005904e-05
1.1645,0.785395484849873,0.785395988386416,-5.0353654257318e-07,6.41122638223393e-05
1.165,0.785395526550565,0.785396007055445,-4.80504879885046e-07,6.11797814507861e-05
1.1655,0.785395569399153,0.785396025444452,-4.56045298857788e-07,5.80654908696301e-05
1.166,0.785395613286347,0.785396043533122,-4.30246774762999e-07,5.47807207623013e-05
1.1665,0.785395658100786,0.785396061302346,-4.03201559917576e-07,5.13372170585962e-05
1.167,0.785395703728561,0.785396078733474,-3.75004912345211e-07,4.77471083867867e-05
1.1675,0.78539575005345,0.785396095808319,-3.45754868957826e-07,4.40228771941828e-05
1.168,0.785395796957385,0.785396112509469,-3.15552083574033e-07,4.01773391230034e-05
1.1685,0.78539584432114,0.785396128820515,-2.84499374614278e-07,3.62235854211321e-05
1.169,0.785395892024825,0.785396144726278,-2.52701453096194e-07,3.21749483094111e-05
1.1695,0.785395939948599,0.785396160213032,-2.20264432249095e-07,2.80449385438187e-05
1.17,0.785395987973209,0.785396175268714,-1.87295505438279e-07,2.38472044075176e-05
1.1705,0.78539603598071,0.785396189883136,-1.53902426691666e-07,1.95954655694533e-05
1.171,0.785396083855029,0.785396204048175,-1.20193145214387e-07,1.53034665493053e-05
1.1715,0.785396131482372,0.785396217757281,-8.62749088836878e-08,1.09848625709134e-05
1.172,0.785396178749774,0.785396231004694,-5.22549192805144e-08,6.65330296348948e-06
1.1725,0.785396225544922,0.785396243785405,-1.82404823467763e-08,2.32245034389593e-06
1.173,0.785396271756814,0.785396256095408,1.56614062829519e-08,1.99407218056181e-06
1.1735,0.785396317276512,0.785396267931876,4.93446368210471e-08,6.28275429211519e-06
1.174,0.785396361997791,0.785396279293328,8.27044631668272e-08,1.05302593030097e-05
1.1745,0.785396405817873,0.78539629017979,1.15638082331948e-07,1.47234979302377e-05
1.175,0.785396448638084,0.785396300592951,1.48045133263608e-07,1.88496918076813e-05
1.1755,0.785396490364563,0.785396310536297,1.79828265389759e-07,2.2896445875537e-05
1.176,0.785396530908898,0.785396320015252,2.10893646102051e-07,2.68518129950513e-05
1.1765,0.785396570188371,0.785396329036706,2.41151665081318e-07,3.07043836260264e-05
1.177,0.7853966081239,0.785396337608299,2.70515601030752e-07,3.44431160700153e-05
1.1775,0.78539664463946,0.785396345738347,2.9890111219455e-07,3.80572716011422e-05
1.178,0.78539667966277,0.785396353436012,3.26226758051718e-07,4.15364808902197e-05
1.1785,0.785396713125921,0.785396360711405,3.52414516791022e-07,4.48708098917063e-05
1.179,0.785396744965997,0.785396367575682,3.77390314776349e-07,4.80508272573299e-05
1.1795,0.785396775125651,0.785396374041138,4.01084513157457e-07,5.10676662932925e-05
1.18,0.785396803553712,0.785396380121282,4.23432429563775e-07,5.39130913843884e-05
1.1805,0.785396830205693,0.785396385830915,4.44374778307832e-07,5.65795540424453e-05
1.181,0.785396855044353,0.785396391186187,4.63858166432907e-07,5.90602560650721e-05
1.1815,0.785396878039709,0.785396396204219,4.81835489507532e-07,6.13491999297814e-05
1.182,0.785396899166876,0.78539640090253,4.98264345560884e-07,6.34409868499703e-05
1.1825,0.785396918405233,0.785396405298941,5.13106292010512e-07,6.53307221640212e-05
1.183,0.785396935738973,0.785396409411662,5.26327311844987e-07,6.70140746915194e-05
1.1835,0.785396951157451,0.785396413259335,5.37898115826607e-07,6.84873152108971e-05
1.184,0.78539696465564,0.785396416861066,5.47794573813043e-07,6.97473713770111e-05
1.1845,0.785396976234414,0.785396420236448,5.55997966111832e-07,7.07918597245905e-05
1.185,0.785396985900964,0.785396423405587,5.62495377831596e-07,7.16191358785934e-05
1.1855,0.785396993669004,0.785396426389116,5.67279887508931e-07,7.22283185709286e-05
1.186,0.785396999559121,0.785396429208208,5.70350912942885e-07,7.26193336734683e-05
1.1865,0.785397003598575,0.785396431884297,5.71714278585489e-07,7.2792922778478e-05
1.187,0.785397005819535,0.785396434438689,5.71380845859615e-07,7.27504688052688e-05
1.1875,0.785397006258191,0.785396436892472,5.69365719349513e-07,7.24938949292382e-05
1.188,0.785397004955065,0.785396439266542,5.65688522691232e-07,7.20256997093291e-05
1.1885,0.785397001955011,0.7853964415816,5.60373410896098e-07,7.13489586571038e-05
1.189,0.785396997307432,0.785396443858145,5.53449287066243e-07,7.04673518298224e-05
1.1895,0.785396991066223,0.785396446116464,5.44949758984892e-07,6.9385158303346e-05
1.19,0.785396983289931,0.785396448376623,5.34913307759233e-07,6.81072776444145e-05
1.1905,0.785396974041637,0.785396450658456,5.23383181572079e-07,6.66392163826875e-05
1.191,0.785396963389053,0.785396452981543,5.10407510256883e-07,6.49871025988881e-05
1.1915,0.785396951404167,0.785396455365048,4.96039118669245e-07,6.31576621625261e-05
1.192,0.785396938162227,0.785396457827486,4.80334741426169e-07,6.11581187493938e-05
1.1925,0.785396923741021,0.785396460386656,4.63354365320967e-07,5.89961101152318e-05
1.193,0.785396908220894,0.785396463059646,4.45161247197845e-07,5.66796903715921e-05
1.1935,0.785396891684464,0.785396465862815,4.25821649274738e-07,5.42172962860944e-05
1.194,0.785396874216582,0.78539646881178,4.05404802172882e-07,5.16177425752049e-05
1.1945,0.785396855904001,0.785396471921405,3.83982595608678e-07,4.8890182521902e-05
1.195,0.785396836835284,0.785396475205789,3.61629495571059e-07,4.60440974303701e-05
1.1955,0.785396817100448,0.785396478678253,3.38422194712251e-07,4.30892521123701e-05
1.196,0.785396796790822,0.785396482351339,3.14439482895779e-07,4.00356784048981e-05
1.1965,0.785396775998657,0.785396486236707,2.89761950433842e-07,3.68936373851958e-05
1.197,0.785396754816964,0.785396490345011,2.64471953448364e-07,3.36736149603814e-05
1.1975,0.7853967333391,0.785396494685872,2.38653227846441e-07,3.0386272717278e-05
1.198,0.785396711658549,0.785396499267886,2.12390662945872e-07,2.70424190995201e-05
1.1985,0.785396689868486,0.785396504098633,1.8576985294505e-07,2.36529522989274e-05
1.199,0.785396668061528,0.785396509184684,1.58876843570077e-07,2.02288279976125e-05
1.1995,0.785396646329277,0.785396514531614,1.31797663005528e-07,1.67809996442317e-05
1.2,0.785396624762056,0.785396520144018,1.0461803756634e-07,1.33203822522053e-05
1.2005,0.785396603448446,0.785396526025532,7.74229141908833e-08,9.85779160164699e-06
1.201,0.785396582475006,0.785396532178854,5.02961524651013e-08,6.40390502665959e-06
1.2015,0.78539656192595,0.785396538605677,2.33202729349458e-08,2.96922936947901e-06
1.202,0.7853965418837,0.78539654530659,-3.42288986043826e-09,4.35815872758302e-07
1.2025,0.785396522428825,0.78539655228108,-2.9852255112317e-08,3.80090717085245e-06
1.203,0.785396503639706,0.785396559527589,-5.58878824330478e-08,7.1158661985266e-06
1.2035,0.78539648559209,0.785396567043553,-8.14514623526108e-08,1.03707222843851e-05
1.204,0.785396468358767,0.785396574825459,-1.06466691573992e-07,1.35557601909129e-05
1.2045,0.785396452009142,0.785396582868896,-1.30859754698953e-07,1.6661581449705e-05
1.205,0.78539643660891,0.785396591168617,-1.54559706366797e-07,1.96791530168861e-05
1.2055,0.785396422219665,0.785396599718597,-1.774989318859e-07,2.25998659225381e-05
1.206,0.785396408898581,0.785396608512104,-1.99613523599318e-07,2.54155831910577e-05
1.2065,0.785396396698252,0.785396617541612,-2.20843359932665e-07,2.8118649905845e-05
1.207,0.785396385667629,0.785396626798653,-2.41131023703822e-07,3.07017554842178e-05
1.2075,0.785396375852245,0.785396636273844,-2.60421599729277e-07,3.31579079078507e-05
1.208,0.785396367293903,0.785396645956999,-2.78663095598652e-07,3.54804872974519e-05
1.2085,0.785396360030377,0.785396655837211,-2.95806834249568e-07,3.7663295896947e-05
1.209,0.785396354095128,0.785396665902953,-3.11807824227017e-07,3.97006052163669e-05
1.2095,0.785396349517053,0.785396676142173,-3.26625119839719e-07,4.15872018883791e-05
1.21,0.785396346320225,0.785396686542399,-3.40222174211036e-07,4.33184326201266e-05
1.2105,0.785396344523689,0.785396697090844,-3.52567155248451e-07,4.48902444237109e-05
1.211,0.785396344141238,0.785396707774507,-3.63633269606645e-07,4.62992258644523e-05
1.2115,0.785396345181435,0.785396718580042,-3.73398606368092e-07,4.75425871576853e-05
1.212,0.785396347648522,0.785396729493512,-3.81844989960634e-07,4.8618014117688e-05
1.2125,0.785396351542807,0.785396740500435,-3.88957627217579e-07,4.95236232199779e-05
1.213,0.785396356860486,0.785396751585924,-3.94725438335186e-07,5.0258003740128e-05
1.2135,0.785396363593574,0.785396762734822,-3.99141248164092e-07,5.08202421097473e-05
1.214,0.785396371729784,0.785396773931824,-4.0220203978425e-07,5.12099542026452e-05
1.2145,0.785396381252508,0.78539678516161,-4.03909101609479e-07,5.14273040647641e-05
1.215,0.785396392140727,0.785396796408974,-4.04268246656514e-07,5.14730318323822e-05
1.2155,0.785396404369051,0.785396807658958,-4.03289906469873e-07,5.13484656909987e-05
1.216,0.785396417907672,0.78539681889698,-4.00989308091404e-07,5.10555444077967e-05
1.2165,0.785396432722537,0.785396830108634,-3.97386097139574e-07,5.05967693406074e-05
1.217,0.785396448775873,0.78539684127935,-3.92503477164574e-07,4.99750948571991e-05
1.2175,0.785396466026563,0.785396852394422,-3.86367858706826e-07,4.91938836520179e-05
1.218,0.785396484430172,0.785396863439183,-3.7900901161958e-07,4.82569261405038e-05
1.2185,0.785396503939127,0.785396874399147,-3.70460019993857e-07,4.71684347199558e-05
1.219,0.785396524502794,0.785396885260144,-3.60757350104102e-07,4.5933052420641e-05
1.2195,0.785396546067703,0.785396896008467,-3.49940763033629e-07,4.45558417809214e-05
1.22,0.785396568577661,0.785396906631003,-3.38053342319178e-07,4.3042288367067e-05
1.2205,0.785396591974016,0.785396917115377,-3.25141360502101e-07,4.13982837820267e-05
1.221,0.785396616195809,0.785396927450074,-3.11254264584448e-07,3.96301238136381e-05
1.2215,0.785396641180035,0.785396937624194,-2.96444159331166e-07,3.77444426466212e-05
1.222,0.78539666686156,0.785396947627034,-2.80765473981148e-07,3.57481704269109e-05
1.2225,0.785396693173347,0.785396957448096,-2.64274749195437e-07,3.36485061350597e-05
1.223,0.785396720046679,0.78539696707726,-2.47030581657093e-07,3.14529105324739e-05
1.2235,0.785396747411535,0.785396976504915,-2.29093380266221e-07,2.91690751192003e-05
1.224,0.785396775196846,0.785396985722084,-2.10525238353299e-07,2.68049058636215e-05
1.2245,0.785396803330896,0.785396994720558,-1.9138966145249e-07,2.43684885414785e-05
1.225,0.785396831741604,0.78539700349301,-1.7175140587522e-07,2.18680681824189e-05
1.2255,0.785396860356938,0.785397012033119,-1.51676180282223e-07,1.93120110729706e-05
1.226,0.785396889105224,0.785397020335679,-1.31230454392117e-07,1.67087804005608e-05
1.2265,0.785396917915405,0.785397028396325,-1.10480920412215e-07,1.4066867680757e-05
1.227,0.785396946716341,0.785397036211092,-8.949475138742e-08,1.13948256512705e-05
1.2275,0.785396975436785,0.785397043776397,-6.83396117473478e-08,8.70126961485709e-06
1.228,0.785397004005755,0.785397051089183,-4.70834284893584e-08,5.99484830543613e-06
1.2285,0.785397032352987,0.785397058147026,-2.57940383496802e-08,3.28419896452281e-06
1.229,0.78539706040931,0.785397064948226,-4.53891635388004e-09,5.77912779200521e-07
1.2295,0.785397088107096,0.785397071491911,1.66151850056195e-08,2.11551105922455e-06
1.23,0.785397115380646,0.78539707777812,3.76025262038837e-08,4.78770233447249e-06
1.2305,0.785397142166632,0.785397083807892,5.83587403957253e-08,7.43046560527708e-06
1.231,0.785397168404476,0.785397089583342,7.88211341751222e-08,1.00358184992642e-05
1.2315,0.785397194036532,0.785397095107398,9.89291339958953e-08,1.25960485529978e-05
1.232,0.785397219006938,0.785397100383391,1.18623546874197e-07,1.51036190816973e-05
1.2325,0.785397243261335,0.785397105415017,1.37846317693757e-07,1.75511382783818e-05
1.233,0.785397266747285,0.785397110206437,1.56540848395004e-07,1.99313998542911e-05
1.2335,0.785397289414684,0.785397114762342,1.74652342810333e-07,2.22374269446758e-05
1.234,0.785397311216151,0.785397119088015,1.92128136178304e-07,2.4462514063848e-05
1.2345,0.785397332107412,0.785397123189386,2.08918026545213e-07,2.66002693005395e-05
1.235,0.785397352047686,0.785397127073084,2.2497460272497e-07,2.86446560750515e-05
1.2355,0.785397371000034,0.785397130746483,2.40253551275771e-07,3.05900322247369e-05
1.236,0.785397388931719,0.785397134217745,2.54713974356946e-07,3.24311904747922e-05
1.2365,0.785397405814259,0.785397137495596,2.68318662288713e-07,3.41633931416429e-05
1.237,0.785397421622114,0.785397140588994,2.81033119997609e-07,3.57822481761258e-05
1.2375,0.785397436332222,0.785397143507073,2.92825149017517e-07,3.7283655942207e-05
1.238,0.785397449924362,0.785397146259206,3.03665156353716e-07,3.86638485427738e-05
1.2385,0.785397462381417,0.78539714885503,3.13526386963581e-07,3.9919419419997e-05
1.239,0.785397473689686,0.785397151304472,3.22385213635812e-07,4.10473602639009e-05
1.2395,0.78539748383911,0.78539715361777,3.3022134005023e-07,4.2045086866739e-05
1.24,0.785397492823562,0.785397155805491,3.37018071561168e-07,4.29104736002064e-05
1.2405,0.785397500641027,0.785397157878547,3.42762480287639e-07,4.36418744353729e-05
1.241,0.785397507293856,0.785397159848208,3.47445648474221e-07,4.4238153928353e-05
1.2415,0.785397512788676,0.785397161725932,3.51062743764174e-07,4.46986968043775e-05
1.242,0.78539751713524,0.785397163523135,3.53612104708745e-07,4.50232915212205e-05
1.2425,0.785397520345889,0.785397165251134,3.55094754489471e-07,4.52120683544019e-05
1.243,0.785397522435784,0.785397166921175,3.55514608085805e-07,4.5265525774587e-05
1.2435,0.785397523422963,0.785397168544433,3.54878530783864e-07,4.51845378971531e-05
1.244,0.785397523328521,0.785397170132012,3.5319650881771e-07,4.4970376208911e-05
1.2445,0.785397522176625,0.785397171694952,3.50481672684033e-07,4.46247125366237e-05
1.245,0.785397519994659,0.78539717324422,3.46750438473542e-07,4.41496370418771e-05
1.2455,0.785397516813205,0.785397174790713,3.42022491328642e-07,4.35476561148466e-05
1.246,0.785397512666143,0.785397176345251,3.36320892246889e-07,4.28217059729352e-05
1.2465,0.78539750759046,0.78539717791847,3.2967199037337e-07,4.19751414934925e-05
1.247,0.785397501625499,0.785397179520678,3.22104820704716e-07,4.10116595271074e-05
1.2475,0.785397494812484,0.785397181161816,3.13650668659626e-07,3.99352434570062e-05
1.248,0.785397487194581,0.785397182851459,3.04343122259354e-07,3.87501698428778e-05
1.2485,0.78539747881677,0.78539718459882,2.94217949670106e-07,3.74609928290879e-05
1.249,0.785397469725852,0.785397186412739,2.83313113413897e-07,3.60725459540611e-05
1.2495,0.785397459970299,0.78539718830168,2.71668618934129e-07,3.45899228690521e-05
1.25,0.785397449600229,0.785397190273731,2.59326498053269e-07,3.30184752319109e-05
1.2505,0.785397438667223,0.785397192336596,2.46330627229341e-07,3.13637895667813e-05
1.251,0.785397427224276,0.785397194497594,2.32726681925755e-07,2.96316814542873e-05
1.2515,0.785397415325561,0.7853971967636,2.18561961307095e-07,2.7828173211107e-05
1.252,0.78539740302619,0.785397199140949,2.03885241023549e-07,2.59594751459043e-05
1.2525,0.785397390381913,0.785397201635428,1.88746484997004e-07,2.40319488627948e-05
1.253,0.785397377449015,0.785397204252276,1.73196738173509e-07,2.20520936061654e-05
1.2535,0.785397364284065,0.785397206996194,1.57287870172773e-07,2.00265136211145e-05
1.254,0.785397350943795,0.785397209871349,1.41072445725143e-07,1.79619016569757e-05
1.2545,0.785397337484832,0.78539721288138,1.24603452111849e-07,1.5865004263932e-05
1.255,0.785397323963559,0.785397216029412,1.07934147286493e-07,1.37426024552432e-05
1.2555,0.785397310435837,0.785397219318062,9.11177751028447e-08,1.16014754489227e-05
1.256,0.785397296956852,0.785397222749455,7.42073961168543e-08,9.44837912478055e-06
1.2565,0.785397283580899,0.78539722632518,5.72557194988832e-08,7.29002462282422e-06
1.257,0.785397270361626,0.785397230046217,4.03154091221936e-08,5.13311731565535e-06
1.2575,0.785397257351933,0.785397233912944,2.34389885278574e-08,2.98434470822619e-06
1.258,0.785397244603782,0.785397237925164,6.67861810299542e-09,8.5034806729179e-07
1.2585,0.785397232167916,0.785397242082128,-9.91421245100099e-09,1.26231673475202e-06
1.259,0.785397220093658,0.785397246382563,-2.6288905274896e-08,3.34720737837944e-06
1.2595,0.785397208428642,0.785397250824703,-4.23960613282759e-08,5.3980341824178e-06
1.26,0.785397197218609,0.785397255406319,-5.81877094285588e-08,7.40868926620001e-06
1.2605,0.785397186507148,0.785397260124753,-7.36176046789438e-08,9.37328454659117e-06
1.261,0.785397176335495,0.785397264976954,-8.86414589507112e-08,1.12861810839064e-05
1.2615,0.785397166742408,0.785397269959428,-1.03217019598034e-07,1.31419991041921e-05
1.262,0.7853971577647,0.785397275068145,-1.17303444846506e-07,1.49355384712232e-05
1.2625,0.785397149437344,0.785397280298561,-1.3086121652961e-07,1.6661767575765e-05
1.263,0.785397141793262,0.785397285645667,-1.43852405098954e-07,1.83158570777251e-05
1.2635,0.785397134863108,0.785397291104045,-1.56240936743934e-07,1.98932139168842e-05
1.264,0.78539712867508,0.785397296667912,-1.67992832089681e-07,2.13895117048636e-05
1.2645,0.785397123254722,0.785397302331179,-1.79076456996441e-07,2.28007226578934e-05
1.265,0.785397118624751,0.785397308087504,-1.89462752930858e-07,2.41231469285956e-05
1.2655,0.785397114804885,0.785397313930349,-1.991254641176e-07,2.53534415278271e-05
1.266,0.785397111811683,0.785397319853036,-2.08041352700583e-07,2.64886477198578e-05
1.2665,0.785397109658527,0.785397325848669,-2.16190142676709e-07,2.75261838837923e-05
1.267,0.785397108356213,0.785397331910004,-2.23553790479336e-07,2.8463752641373e-05
1.2675,0.785397107913183,0.785397338029463,-2.30116280142134e-07,2.9299314776432e-05
1.268,0.785397108335372,0.78539734419922,-2.358638488964e-07,3.00311179588336e-05
1.2685,0.785397109626126,0.785397350411269,-2.40785143046374e-07,3.06577165911356e-05
1.269,0.785397111786091,0.78539735665749,-2.44871398935587e-07,3.11779948499409e-05
1.2695,0.785397114813152,0.785397362929725,-2.48116572398871e-07,3.15911831682388e-05
1.27,0.785397118702346,0.785397369219847,-2.50517500743896e-07,3.18968788595349e-05
1.2705,0.785397123445836,0.785397375519835,-2.52073999340574e-07,3.20950584159964e-05
1.271,0.785397129032843,0.785397381821841,-2.52788997845421e-07,3.21860948530762e-05
1.2715,0.785397135449734,0.785397388118081,-2.526683472448e-07,3.21707331414955e-05
1.272,0.785397142680433,0.785397394400648,-2.51720214561324e-07,3.20500131388698e-05
1.2725,0.785397150706676,0.785397400661527,-2.49954850595202e-07,3.18252400176181e-05
1.273,0.785397159507974,0.785397406892689,-2.47384714602283e-07,3.14980001394649e-05
1.2735,0.78539716906169,0.785397413086174,-2.4402448406402e-07,3.10701622993906e-05
1.274,0.785397179343035,0.785397419234164,-2.39891129072412e-07,3.05438871966161e-05
1.2745,0.785397190325171,0.785397425329064,-2.35003893123142e-07,2.99216249891101e-05
1.275,0.785397201979232,0.785397431363575,-2.29384342853578e-07,2.92061216264264e-05
1.2755,0.785397214274455,0.785397437330774,-2.23056318970904e-07,2.84004126016816e-05
1.276,0.785397227178228,0.785397443224187,-2.16045958678635e-07,2.75078258069856e-05
1.2765,0.785397240656241,0.785397449037645,-2.08381404132041e-07,2.65319444128354e-05
1.277,0.785397254672564,0.78539745476506,-2.00092496016602e-07,2.547656785331e-05
1.2775,0.785397269189822,0.785397460400426,-1.91210603572856e-07,2.43456901841638e-05
1.278,0.785397284169296,0.785397465937916,-1.81768620266531e-07,2.31434995315297e-05
1.2785,0.785397299571118,0.785397471371958,-1.71800840109704e-07,2.18743623446398e-05
1.279,0.785397315354399,0.785397476697307,-1.61342908588935e-07,2.05428171478023e-05
1.2795,0.785397331477441,0.785397481909117,-1.50431676670948e-07,1.91535559518265e-05
1.28,0.785397347897881,0.78539748700301,-1.39105129082218e-07,1.77114151222969e-05
1.2805,0.785397364572925,0.785397491975145,-1.27402220329031e-07,1.62213545009985e-05
1.281,0.7853973814595,0.78539749682228,-1.1536277977342e-07,1.46884453198092e-05
1.2815,0.785397398514428,0.785397501541621,-1.03027192777105e-07,1.31178296026863e-05
1.282,0.785397415694109,0.785397506130572,-9.04364620968323e-08,1.1514727982763e-05
1.2825,0.785397432954564,0.785397510586727,-7.76321639195388e-08,9.88443410457191e-06
1.283,0.785397450251629,0.785397514907959,-6.46563290684909e-08,8.23229949874123e-06
1.2835,0.785397467541236,0.785397519092469,-5.15512332821544e-08,6.56370687947064e-06
1.284,0.785397484779607,0.785397523138855,-3.83592476671524e-08,4.88405110361084e-06
1.2845,0.785397501923538,0.785397527046159,-2.51226212055755e-08,3.19871147863409e-06
1.285,0.785397518930611,0.785397530813928,-1.18833168860633e-08,1.51303089819548e-06
1.2855,0.785397535759465,0.785397534442256,1.31720945262259e-09,1.67712316377804e-07
1.286,0.78539755237002,0.785397537931836,1.4438183537635e-08,1.83832662342612e-06
1.2865,0.785397568723602,0.785397541283811,2.74397915500657e-08,3.49374277008334e-06
1.287,0.785397584782327,0.785397544499535,4.02827914358639e-08,5.12896430284608e-06
1.2875,0.785397600508968,0.785397547580559,5.29284083228276e-08,6.73905425165139e-06
1.288,0.785397615867215,0.785397550528688,6.53385267002093e-08,8.31915959894408e-06
1.2885,0.785397630821934,0.785397553346022,7.7475912241276e-08,9.86453952300237e-06
1.289,0.785397645339405,0.785397556034991,8.93044133087884e-08,1.13705910544122e-05
1.2895,0.785397659387573,0.785397558598395,1.0078917789258e-07,1.28328766974179e-05
1.29,0.785397672936286,0.785397561039429,1.11896856891391e-07,1.42471503125691e-05
1.2905,0.785397685957531,0.785397563361721,1.2259581028129e-07,1.56093833668988e-05
1.291,0.785397698425658,0.785397565569351,1.32856306178653e-07,1.69157902794103e-05
1.2915,0.785397710317434,0.785397567666729,1.42650705359237e-07,1.81628519147745e-05
1.292,0.785397721611273,0.785397569658392,1.51952880278472e-07,1.93472416106958e-05
1.2925,0.785397732286975,0.785397571548986,1.60737988141868e-07,2.04657962843398e-05
1.293,0.785397742325967,0.785397573343296,1.68982670412099e-07,2.15155418343633e-05
1.2935,0.785397751711488,0.785397575046266,1.76665221673922e-07,2.24937146414641e-05
1.294,0.7853977604288,0.78539757666302,1.83765779815381e-07,2.33977857830038e-05
1.2945,0.785397768465351,0.785397578198872,1.90266478572454e-07,2.42254804555954e-05
1.295,0.785397775810975,0.785397579659347,1.96151628384378e-07,2.49748010023186e-05
1.2955,0.785397782458032,0.785397581050186,2.01407846511792e-07,2.56440434798763e-05
1.296,0.785397788401583,0.78539758237736,2.060242231261e-07,2.62318188057491e-05
1.2965,0.785397793639359,0.785397583646969,2.09992389477165e-07,2.67370614375754e-05
1.297,0.785397798171027,0.785397584865104,2.13305923590923e-07,2.7158953704222e-05
1.2975,0.785397801997872,0.785397586037812,2.15960059946063e-07,2.74968888406704e-05
1.298,0.785397805122957,0.785397587171119,2.17951837688801e-07,2.77504898593081e-05
1.2985,0.785397807551201,0.785397588271032,2.19280168800573e-07,2.79196182293091e-05
1.299,0.785397809289508,0.785397589343543,2.19945964552437e-07,2.80043899773081e-05
1.2995,0.785397810346814,0.785397590394633,2.19952181246263e-07,2.80051815113498e-05
1.3,0.785397810734203,0.785397591430273,2.19303930237835e-07,2.79226436294653e-05
1.3005,0.785397810464924,0.785397592456426,2.18008498586997e-07,2.77577041489304e-05
1.301,0.785397809554484,0.785397593479046,2.16075437764474e-07,2.75115792007689e-05
1.3015,0.785397808020544,0.785397594504016,2.13516528013713e-07,2.71857686921613e-05
1.302,0.785397805882387,0.785397595537047,2.10345340034834e-07,2.67820004983115e-05
1.3025,0.785397803160622,0.785397596583666,2.06576955541493e-07,2.63021948826427e-05
1.303,0.785397799877239,0.785397597649215,2.02228024215323e-07,2.57484717484609e-05
1.3035,0.785397796055569,0.785397598738853,1.97316716188389e-07,2.51231445888342e-05
1.304,0.785397791720312,0.785397599857556,1.91862756016015e-07,2.44287248121464e-05
1.3045,0.785397786897472,0.785397601010116,1.85887355286241e-07,2.36679131616676e-05
1.305,0.785397781614367,0.78539760220114,1.79413226164549e-07,2.28436014401217e-05
1.3055,0.785397775899546,0.785397603435051,1.72464494463398e-07,2.19588614413557e-05
1.306,0.78539776978278,0.785397604716086,1.65066693091909e-07,2.10169441163281e-05
1.3065,0.78539776329492,0.785397606048257,1.5724666257988e-07,2.0021266907433e-05
1.307,0.785397756467672,0.785397607435291,1.49032380880598e-07,1.8975392078321e-05
1.3075,0.785397749333379,0.785397608880621,1.4045275842367e-07,1.78830006192152e-05
1.308,0.785397741924982,0.785397610387389,1.31537593706099e-07,1.67478865925913e-05
1.3085,0.785397734275886,0.785397611958452,1.22317433293162e-07,1.55739393079359e-05
1.309,0.785397726419899,0.785397613596388,1.12823511089211e-07,1.43651355894649e-05
1.3095,0.78539771839109,0.785397615303495,1.03087595015872e-07,1.31255202545851e-05
1.31,0.785397710223712,0.785397617081801,9.31419111838139e-08,1.18591964591442e-05
1.3105,0.785397701952049,0.78539761893307,8.30189794687186e-08,1.05703047623129e-05
1.311,0.785397693610333,0.785397620858808,7.27515252485489e-08,9.26301188862511e-06
1.3115,0.785397685232604,0.785397622860233,6.23723706016932e-08,7.94149687489527e-06
1.312,0.785397676852791,0.785397624938236,5.19145549882083e-08,6.60996643583149e-06
1.3125,0.785397668504616,0.785397627093372,4.1411243434375e-08,5.27264327373006e-06
1.313,0.785397660221487,0.785397629325884,3.08956029648755e-08,3.93375034533164e-06
1.3135,0.785397652036325,0.785397631635711,2.04006149751024e-08,2.59748697232167e-06
1.314,0.785397643981452,0.785397634022504,9.95894799959984e-09,1.26801264170517e-06
1.3145,0.785397636088414,0.785397636485646,-3.97231803006548e-10,5.05771240014385e-08
1.315,0.78539762838787,0.785397639024264,-1.06363945429067e-08,1.3542678145434e-06
1.3155,0.785397620909415,0.785397641637251,-2.07278354480422e-08,2.63914997692107e-06
1.316,0.785397613681471,0.785397644323282,-3.06418110884721e-08,3.90143656001471e-06
1.3165,0.785397606731179,0.785397647080785,-4.03496055456642e-08,5.13747133952049e-06
1.317,0.785397600084706,0.785397649907888,-4.98231822465556e-08,6.34368458808615e-06
1.3175,0.785397593767269,0.785397652802427,-5.90351584284221e-08,7.51658982407724e-06
1.318,0.785397587803008,0.785397655761975,-6.79589670093961e-08,8.65280442157154e-06
1.3185,0.785397582214835,0.785397658783869,-7.65690336690383e-08,9.74907215695777e-06
1.319,0.785397577024311,0.785397661865238,-8.48409266174244e-08,1.08022822781279e-05
1.3195,0.785397572251506,0.785397665003032,-9.2751525682111e-08,1.18094910332983e-05
1.32,0.785397567914882,0.785397668194051,-1.00279169301665e-07,1.27679403868072e-05
1.3205,0.785397564031166,0.785397671434978,-1.07403811178131e-07,1.36750779647264e-05
1.321,0.785397560615246,0.785397674722406,-1.14107160054111e-07,1.45285748518319e-05
1.3215,0.785397557680131,0.785397678052799,-1.20372668277469e-07,1.53263241356161e-05
1.322,0.785397555237329,0.785397681422411,-1.26185081383845e-07,1.60663835573536e-05
1.3225,0.785397553296974,0.785397684827299,-1.31530325186979e-07,1.67469611359937e-05
1.323,0.785397551867714,0.78539768826337,-1.36395655769839e-07,1.73664342656243e-05
1.3235,0.785397550956636,0.785397691726413,-1.4076977672417e-07,1.79233646428753e-05
1.324,0.785397550569176,0.785397695212141,-1.44642964827746e-07,1.84165142686423e-05
1.3245,0.785397550709058,0.78539769871623,-1.48007171740794e-07,1.88448583964787e-05
1.325,0.785397551378217,0.785397702234356,-1.50856139025102e-07,1.92076001772825e-05
1.3255,0.785397552576754,0.785397705762235,-1.53185481077678e-07,1.95041812187379e-05
1.326,0.785397554302882,0.785397709295666,-1.54992784717756e-07,1.9734294265127e-05
1.3265,0.785397556552949,0.785397712830464,-1.56277514706815e-07,1.98978711677648e-05
1.327,0.785397559321754,0.785397716362357,-1.57040603188108e-07,1.99950306108162e-05
1.3275,0.785397562602694,0.785397719886997,-1.5728430324824e-07,2.00260594661776e-05
1.328,0.785397566387729,0.785397723400012,-1.57012282953062e-07,1.99914247664985e-05
1.3285,0.78539757066739,0.785397726897047,-1.56229656878004e-07,1.98917777197481e-05
1.329,0.785397575430761,0.785397730373811,-1.54943049723855e-07,1.97279618090278e-05
1.3295,0.785397580665507,0.785397733826116,-1.53160609528413e-07,1.95010144747317e-05
1.33,0.785397586357868,0.785397737249924,-1.50892056627328e-07,1.92121733484331e-05
1.3305,0.785397592492709,0.785397740641387,-1.48148677436843e-07,1.88628754612803e-05
1.331,0.78539759905353,0.785397743996886,-1.44943355762095e-07,1.84547612302916e-05
1.3315,0.785397606022545,0.785397747312959,-1.41290414035211e-07,1.79896542441635e-05
1.332,0.785397613380804,0.785397750586167,-1.37205363182069e-07,1.7469529415316e-05
1.3325,0.785397621108323,0.785397753813102,-1.32704778832426e-07,1.68964972184779e-05
1.333,0.78539762918412,0.785397756990439,-1.2780631908349e-07,1.6272805952414e-05
1.3335,0.78539763758631,0.785397760114977,-1.22528666990362e-07,1.56008344175815e-05
1.334,0.785397646292165,0.785397763183685,-1.16891519241769e-07,1.48830904742791e-05
1.3345,0.78539765527822,0.785397766193735,-1.10915514439647e-07,1.41222019109202e-05
1.335,0.785397664520342,0.785397769142549,-1.04622206453797e-07,1.33209130514421e-05
1.3355,0.785397673993853,0.785397772027833,-9.803397948982e-08,1.24820739414195e-05
1.336,0.785397683673609,0.785397774847616,-9.1174006455752e-08,1.16086350471402e-05
1.3365,0.785397693534101,0.785397777600162,-8.40660610013089e-08,1.07036233236985e-05
1.337,0.78539770354934,0.785397780283833,-7.67344926488889e-08,9.7701390485755e-06
1.3375,0.785397713692914,0.785397782897085,-6.92041715044667e-08,8.81134878201213e-06
1.338,0.785397723938086,0.785397785438515,-6.15004290827059e-08,7.83047783262816e-06
1.3385,0.785397734257956,0.785397787906896,-5.3648939624118e-08,6.83079514625362e-06
1.339,0.78539774462557,0.785397790301211,-4.56756409361603e-08,5.81560322710435e-06
1.3395,0.785397755014077,0.785397792620684,-3.76066067175884e-08,4.78822188161366e-06
1.34,0.785397765396857,0.785397794864815,-2.94679580736812e-08,3.75197695220087e-06
1.3405,0.785397775747673,0.785397797033404,-2.12857310666337e-08,2.71018345326358e-06
1.341,0.785397786040804,0.785397799126584,-1.30857799041095e-08,1.6661332447613e-06
1.3415,0.785397796251129,0.785397801144732,-4.89360274524842e-09,6.23072853147483e-07
1.342,0.785397806353805,0.785397803088338,3.26546634177305e-09,4.15772087834711e-07
1.3425,0.785397816324218,0.785397804957995,1.13662232958944e-08,1.44719249746228e-06
1.343,0.785397826138138,0.785397806754434,1.93837044193401e-08,2.46800989901616e-06
1.3435,0.785397835771875,0.785397808478548,2.72933272649212e-08,3.4750943581096e-06
1.344,0.785397845202425,0.785397810131415,3.50710094298989e-08,4.46537960799271e-06
1.3445,0.785397854407628,0.785397811714321,4.26933075559077e-08,5.43588074757222e-06
1.345,0.785397863366316,0.785397813228776,5.01375402306437e-08,6.38370988974056e-06
1.3455,0.785397872058458,0.785397814676535,5.73819224358729e-08,7.30609327982793e-06
1.346,0.785397880465305,0.785397816059618,6.44056868948084e-08,8.20038674603013e-06
1.3465,0.785397888569436,0.785397817380228,7.11892079729992e-08,9.06409147495983e-06
1.347,0.78539789635431,0.785397818640646,7.77136646146204e-08,9.89481109536204e-06
1.3475,0.785397903804131,0.785397819843208,8.396092254781e-08,1.06902366800318e-05
1.348,0.785397910903998,0.785397820990337,8.9913660517027e-08,1.14481628182171e-05
1.3485,0.785397917640036,0.785397822084548,9.55554878556697e-08,1.21665025854299e-05
1.349,0.785397923999531,0.785397823128465,1.00871066055497e-07,1.28433030221451e-05
1.3495,0.785397929971044,0.785397824124827,1.05846217457461e-07,1.34767589727477e-05
1.35,0.785397935544546,0.785397825076502,1.10468043934553e-07,1.40652281967014e-05
1.3505,0.785397940711518,0.785397825986495,1.14725022370976e-07,1.46072435253353e-05
1.351,0.785397945465068,0.785397826857952,1.1860711546241e-07,1.5101526969371e-05
1.3515,0.785397949799932,0.785397827694105,1.22105826672048e-07,1.55469967161429e-05
1.352,0.78539795371201,0.785397828498186,1.25213824531123e-07,1.59427192940556e-05
1.3525,0.785397957198183,0.785397829273409,1.27924773329902e-07,1.62878880154913e-05
1.353,0.785397960256423,0.785397830022988,1.30233435924332e-07,1.65818360665592e-05
1.3535,0.785397962885868,0.785397830750133,1.32135734687289e-07,1.6824044267649e-05
1.354,0.785397965086903,0.785397831458062,1.33628841214595e-07,1.70141524951558e-05
1.3545,0.785397966861223,0.785397832149999,1.34711224619721e-07,1.7151965830553e-05
1.355,0.785397968211909,0.785397832829178,1.35382730914735e-07,1.7237464667488e-05
1.3555,0.785397969143465,0.785397833498848,1.35644617205166e-07,1.72708090656081e-05
1.356,0.785397969661887,0.785397834162269,1.35499617970325e-07,1.72523471896325e-05
1.3565,0.785397969774614,0.785397834822678,1.34951936181515e-07,1.71826141784881e-05
1.357,0.785397969490163,0.785397835483225,1.34006937657638e-07,1.70622932294564e-05
1.3575,0.785397968817942,0.785397836146966,1.32670975316884e-07,1.6892193221204e-05
1.358,0.785397967768304,0.785397836816865,1.30951439580862e-07,1.66732551314351e-05
1.3585,0.785397966352541,0.785397837495793,1.28856748049522e-07,1.64065507222627e-05
1.359,0.785397964582918,0.785397838186536,1.26396381805449e-07,1.60932871626142e-05
1.3595,0.78539796247265,0.785397838891788,1.23580861211003e-07,1.57348039466277e-05
1.36,0.785397960035928,0.785397839614157,1.20421770333223e-07,1.53325760035276e-05
1.3605,0.785397957287882,0.785397840356162,1.16931719529312e-07,1.48882089338601e-05
1.361,0.785397954244594,0.785397841120238,1.13124356326821e-07,1.4403440394802e-05
1.3615,0.785397950923014,0.785397841908704,1.09014310800681e-07,1.38801331453477e-05
1.362,0.785397947340773,0.78539784272373,1.0461704280651e-07,1.33202555954499e-05
1.3625,0.785397943516031,0.785397843567331,9.99487004271771e-08,1.2725863782877e-05
1.363,0.785397939467474,0.785397844441366,9.50261079823989e-08,1.20990998465464e-05
1.3635,0.785397935214237,0.785397845347544,8.9866693198104e-08,1.14421827534409e-05
1.364,0.785397930775891,0.785397846287428,8.44884628925513e-08,1.07574052028686e-05
1.3645,0.785397926172355,0.785397847262435,7.89099204867583e-08,1.00471231235648e-05
1.365,0.785397921423873,0.785397848273841,7.31500318096323e-08,9.31375131986589e-06
1.3655,0.78539791655092,0.785397849322786,6.7228133504571e-08,8.55975180967547e-06
1.366,0.785397911574165,0.785397850410276,6.11638898417866e-08,7.7876283256388e-06
1.3665,0.785397906514389,0.785397851537164,5.49772251057234e-08,6.99991770644139e-06
1.367,0.785397901392476,0.785397852704124,4.86883517947234e-08,6.19919348730191e-06
1.3675,0.785397896229344,0.785397853911649,4.23176942376813e-08,5.38805617454271e-06
1.368,0.78539789104588,0.785397855160058,3.58858219806635e-08,4.56912476411071e-06
1.3685,0.785397885862846,0.785397856449506,2.94133398748286e-08,3.74502274713674e-06
1.369,0.785397880700807,0.78539785777999,2.29208166890871e-08,2.91836902061713e-06
1.3695,0.785397875580033,0.785397859151362,1.64286710901962e-08,2.09176336994851e-06
1.37,0.785397870520427,0.785397860563331,9.95709603657247e-09,1.26777684244898e-06
1.3705,0.785397865541425,0.785397862015483,3.5259423158962e-09,4.48936918905413e-07
1.371,0.785397860661921,0.785397863507281,-2.84536005867864e-09,3.6228249457196e-07
1.3715,0.785397855900202,0.785397865038054,-9.13785136447132e-09,1.1634673711157e-06
1.372,0.785397851274103,0.785397866606961,-1.53328576502076e-08,1.95224006940394e-06
1.3725,0.785397846801002,0.785397868212996,-2.14119937336221e-08,2.72625971532692e-06
1.373,0.785397842497746,0.785397869855005,-2.73572595688165e-08,3.48323447186016e-06
1.3735,0.785397838380546,0.785397871531701,-3.31511552653652e-08,4.22093618375182e-06
1.374,0.785397834464904,0.785397873241675,-3.87767716825138e-08,4.93721191233432e-06
1.3745,0.785397830765516,0.785397874983418,-4.42179023396605e-08,5.62999818440932e-06
1.375,0.785397827296198,0.785397876755332,-4.94591341215767e-08,6.29733254119516e-06
1.3755,0.785397824069797,0.78539787855575,-5.44859523055052e-08,6.93736691079233e-06
1.376,0.78539782109812,0.785397880382948,-5.92848288238912e-08,7.54837884614333e-06
1.3765,0.785397818391899,0.785397882235128,-6.38432293698088e-08,8.12877242972379e-06
1.377,0.785397815961025,0.785397884110368,-6.81493425025437e-08,8.67704378219394e-06
1.3775,0.785397813814607,0.785397886006628,-7.21920212498617e-08,9.19177362696851e-06
1.378,0.785397811960899,0.785397887921779,-7.59608802525236e-08,9.67163965904053e-06
1.3785,0.785397810407237,0.785397889853618,-7.94463808073687e-08,1.0115427373003e-05
1.379,0.78539780915998,0.785397891799893,-8.26399136899525e-08,1.05220406083548e-05
1.3795,0.785397808224447,0.785397893758323,-8.55338758709578e-08,1.08905113173372e-05
1.38,0.785397807604868,0.785397895726617,-8.81217482318064e-08,1.12200094599932e-05
1.3805,0.785397807304338,0.785397897702499,-9.03981607347504e-08,1.1509851301881e-05
1.381,0.785397807324767,0.78539789968373,-9.23589625889676e-08,1.17595083478989e-05
1.3815,0.785397807666891,0.785397901668069,-9.40011779526628e-08,1.19686017021017e-05
1.382,0.785397808330483,0.785397903653221,-9.53227377031851e-08,1.21368679156113e-05
1.3825,0.785397809314447,0.785397905636837,-9.63223891758958e-08,1.22641474942121e-05
1.383,0.785397810616778,0.785397907616543,-9.69997653310628e-08,1.2350393704954e-05
1.3835,0.785397812234553,0.785397909589971,-9.73554181715741e-08,1.23956768310276e-05
1.384,0.785397814163902,0.785397911554772,-9.73908701462634e-08,1.2400190716639e-05
1.3845,0.785397816400014,0.78539791350865,-9.71086366874374e-08,1.23642556365765e-05
1.385,0.785397818937112,0.78539791544938,-9.65122683993513e-08,1.22883236678148e-05
1.3855,0.785397821768471,0.785397917374833,-9.56063617163494e-08,1.2172980046551e-05
1.386,0.785397824886409,0.785397919282999,-9.43965899891097e-08,1.20189471262286e-05
1.3865,0.785397828282327,0.785397921171945,-9.28896179974714e-08,1.18270734929724e-05
1.387,0.785397831946827,0.785397923039742,-9.10929143227435e-08,1.15983100760889e-05
1.3875,0.785397835869801,0.785397924884467,-8.90146660825764e-08,1.13336992917732e-05
1.388,0.785397840040434,0.785397926704236,-8.66638019125787e-08,1.1034377969219e-05
1.3885,0.785397844447255,0.785397928497226,-8.40499702059461e-08,1.07015745800023e-05
1.389,0.785397849078151,0.785397930261695,-8.11835444425313e-08,1.03366099165995e-05
1.3895,0.785397853920421,0.785397931996013,-7.80755916585107e-08,9.94089307782107e-06
1.39,0.785397858960807,0.785397933698675,-7.47378676724253e-08,9.51592086097156e-06
1.3905,0.785397864185556,0.785397935368331,-7.11827757848837e-08,9.06327250333305e-06
1.391,0.78539786958045,0.785397937003803,-6.74233533448643e-08,8.5846079717333e-06
1.3915,0.785397875130873,0.785397938604035,-6.34731623927465e-08,8.08165403878416e-06
1.392,0.785397880821785,0.78539794016802,-5.9346234815294e-08,7.5561972997971e-06
1.3925,0.785397886637774,0.785397941694795,-5.50570216084623e-08,7.01007771272325e-06
1.393,0.785397892563101,0.78539794318347,-5.06203681194251e-08,6.44518544587031e-06
1.3935,0.785397898581796,0.785397944633245,-4.60514484323937e-08,5.86345252364558e-06
1.394,0.785397904677708,0.785397946043434,-4.1365725622633e-08,5.26684776594009e-06
1.3945,0.7853979108346,0.78539794741348,-3.65788807021872e-08,4.65736774121746e-06
1.395,0.785397917036211,0.785397948742978,-3.1706766545625e-08,4.03703090015756e-06
1.3955,0.785397923266353,0.785397950031684,-2.67653308405613e-08,3.40786776541223e-06
1.396,0.785397929508976,0.78539795127954,-2.17705641292198e-08,2.77191431605155e-06
1.3965,0.785397935748227,0.785397952486621,-1.67383937821342e-08,2.13119848787624e-06
1.397,0.785397941968293,0.785397953653061,-1.16847679310084e-08,1.48775086008131e-06
1.3975,0.785397948153389,0.785397954779047,-6.62565768916323e-09,8.43604937972123e-07
1.398,0.785397954287844,0.78539795586484,-1.57699608926976e-09,2.00789378275096e-07
1.3985,0.7853979603562,0.785397956910791,3.44540884711364e-09,4.38683079192547e-07
1.399,0.785397966343295,0.785397957917353,8.42594238825711e-09,1.07282430503892e-06
1.3995,0.785397972234364,0.785397958885094,1.33492696896553e-08,1.69968180622037e-06
1.4,0.78539797801512,0.785397959814711,1.8200408291591e-08,2.31734795671794e-06
1.4005,0.785397983671853,0.78539796070704,2.29648128291515e-08,2.92397078315171e-06
1.401,0.785397989191513,0.785397961563065,2.76284484179712e-08,3.51776330854366e-06
1.4015,0.785397994561749,0.785397962383877,3.21778719225563e-08,4.09701389972219e-06
1.402,0.785397999770653,0.78539796317061,3.6600042441215e-08,4.66006213751402e-06
1.4025,0.785398004806695,0.78539796392443,4.08822645736606e-08,5.20529159335101e-06
1.403,0.785398009658816,0.78539796464655,4.50122661366237e-08,5.73113972432927e-06
1.4035,0.785398014316517,0.785397965338239,4.89782771007086e-08,6.23610792376188e-06
1.404,0.785398018769936,0.78539796600083,5.27691060847602e-08,6.71877126074415e-06
1.4045,0.78539802300994,0.785397966635726,5.63742144077395e-08,7.17778790873127e-06
1.405,0.785398027028197,0.785397967244405,5.97837918059341e-08,7.61190878615292e-06
1.4055,0.785398030817256,0.785397967828432,6.29888242675847e-08,8.01998619338627e-06
1.406,0.785398034370621,0.785397968389456,6.59811656422704e-08,8.40098293034597e-06
1.4065,0.78539803768276,0.785397968929181,6.87535789412053e-08,8.75397755500133e-06
1.407,0.78539804074882,0.785397969449314,7.12995055218713e-08,9.07813499505096e-06
1.4075,0.785398043564526,0.785397969951557,7.36129690537268e-08,9.37269432045708e-06
1.408,0.785398046126256,0.785397970437612,7.56886440189675e-08,9.63697746523319e-06
1.4085,0.785398048431094,0.78539797090919,7.75219047843834e-08,9.87039547546709e-06
1.409,0.785398050476894,0.785397971368007,7.9108887107715e-08,1.00724563405532e-05
1.4095,0.785398052262325,0.785397971815795,8.04465293269274e-08,1.02427702375741e-05
1.41,0.785398053786927,0.785397972254298,8.15326293146512e-08,1.03810567829647e-05
1.4105,0.78539805505115,0.785397972685274,8.23658758974943e-08,1.04871490329439e-05
1.411,0.785398056056402,0.785397973110505,8.2945897705855e-08,1.05609997032652e-05
1.4115,0.785398056805027,0.78539797353176,8.32732668376579e-08,1.06026816356989e-05
1.412,0.785398057300062,0.78539797395077,8.33492918017598e-08,1.06123614347671e-05
1.4125,0.785398057545124,0.785397974369215,8.31759096042717e-08,1.05902857277476e-05
1.413,0.785398057544456,0.78539797478873,8.27557261606771e-08,1.05367863101048e-05
1.4135,0.785398057302928,0.785397975210906,8.20920219579691e-08,1.04522808664153e-05
1.414,0.785398056826075,0.785397975637292,8.11887836960068e-08,1.03372769990705e-05
1.4145,0.785398056120094,0.785397976069393,8.00507011788909e-08,1.01923718324742e-05
1.415,0.785398055191867,0.785397976508675,7.86831914068031e-08,1.00182550805108e-05
1.4155,0.785398054048952,0.785397976956565,7.70923871407092e-08,9.81570759055835e-06
1.416,0.7853980526996,0.785397977414448,7.52851526675258e-08,9.58560335077177e-06
1.4165,0.785398051152711,0.785397977883656,7.32690556004556e-08,9.32890589958994e-06
1.417,0.785398049417684,0.78539797836544,7.10522438662764e-08,9.04665266327095e-06
1.4175,0.785398047504322,0.78539797886097,6.86433515584284e-08,8.73994296873491e-06
1.418,0.785398045422834,0.785397979371333,6.60515014905272e-08,8.40993836868728e-06
1.4185,0.785398043183806,0.785397979897536,6.32862696692271e-08,8.05785811816335e-06
1.419,0.785398040798193,0.785397980440513,6.03576794100391e-08,7.68497842533091e-06
1.4195,0.785398038277279,0.78539798100112,5.72761591488558e-08,7.29262707988678e-06
1.42,0.78539803563267,0.78539798158014,5.40525301184758e-08,6.88218188398318e-06
1.4205,0.785398032876245,0.785397982178288,5.06979576098132e-08,6.45506444661212e-06
1.421,0.78539803002014,0.785397982796208,4.72239314319722e-08,6.01273769570489e-06
1.4215,0.785398027076694,0.785397983434467,4.36422262772851e-08,5.55670083165194e-06
1.422,0.78539802405842,0.785397984093532,3.99648877325021e-08,5.08848754619228e-06
1.4225,0.785398020977946,0.785397984773771,3.62041745471942e-08,4.60965867179819e-06
1.423,0.785398017847984,0.785397985475459,3.23725256601293e-08,4.12179798334304e-06
1.4235,0.785398014681274,0.785397986198779,2.8482495140203e-08,3.62650391452335e-06
1.424,0.785398011490548,0.785397986943832,2.45467159931678e-08,3.12538494958843e-06
1.4245,0.785398008288469,0.785397987710636,2.05778329931405e-08,2.62005107118225e-06
1.425,0.785398005087596,0.785397988499136,1.65884604941269e-08,2.11210838873993e-06
1.4255,0.785398001900321,0.785397989309206,1.25911142623281e-08,1.6031504591075e-06
1.426,0.785397998738824,0.785397990140658,8.5981661790413e-09,1.09475251913598e-06
1.4265,0.785397995615037,0.785397990993226,4.62181037885756e-09,5.88467174262885e-07
1.427,0.785397992540706,0.785397991866552,6.74153732838079e-10,8.58359191880266e-08
1.4275,0.785397989527387,0.785397992760184,-3.23279736313964e-09,4.11612544286495e-07
1.428,0.785397986586393,0.785397993673587,-7.08719372077837e-09,9.02369530649376e-07
1.4285,0.785397983728734,0.785397994606149,-1.08774147467017e-08,1.3849554599986e-06
1.429,0.785397980965069,0.785397995557192,-1.4592123176449e-08,1.85792682699013e-06
1.4295,0.785397978305642,0.785397996525978,-1.82203364618161e-08,2.31988529015642e-06
1.43,0.785397975760238,0.78539799751172,-2.17514819489395e-08,2.76948469739828e-06
1.4305,0.785397973338124,0.785397998513588,-2.51754643798563e-08,3.20543968055045e-06
1.431,0.785397971048001,0.785397999530723,-2.84827215146777e-08,3.62653273741666e-06
1.4315,0.785397968897981,0.785398000562216,-3.16642353448415e-08,4.03161565948531e-06
1.432,0.785397966895715,0.78539800160709,-3.47113749965544e-08,4.41958952977445e-06
1.4325,0.78539796504843,0.785398002664299,-3.76158687531714e-08,4.78940116061055e-06
1.433,0.785397963362875,0.785398003732741,-4.03698660056406e-08,5.14005098140414e-06
1.4335,0.785397961845277,0.785398004811272,-4.29659954281902e-08,5.4706004458082e-06
1.434,0.785397960501296,0.785398005898715,-4.5397419712323e-08,5.78017900066693e-06
1.4345,0.785397959335984,0.785398006993873,-4.76578887464996e-08,6.06799085706321e-06
1.435,0.785397958353746,0.785398008095538,-4.97417921296872e-08,6.33332167655141e-06
1.4355,0.785397957558303,0.78539800920251,-5.16442070219725e-08,6.57554466368647e-06
1.436,0.785397956952654,0.785398010313599,-5.33609448849504e-08,6.79412651719523e-06
1.4365,0.785397956539081,0.785398011427615,-5.48885343842898e-08,6.98862525306334e-06
1.437,0.785397956319279,0.785398012543328,-5.62240490831201e-08,7.15866826577592e-06
1.4375,0.78539795629442,0.785398013659475,-5.73650553725713e-08,7.30394569862801e-06
1.438,0.785397956465116,0.785398014774776,-5.83096598782973e-08,7.42421647971054e-06
1.4385,0.785397956831406,0.785398015887946,-5.90565402136534e-08,7.51931223752658e-06
1.439,0.785397957392725,0.785398016997707,-5.96049819501232e-08,7.58914200821225e-06
1.4395,0.785397958147903,0.785398018102805,-5.99549022650692e-08,7.63369524646178e-06
1.44,0.785397959095138,0.785398019202021,-6.01068824712669e-08,7.65304596731659e-06
1.4405,0.785397960231998,0.785398020294181,-6.00621836710502e-08,7.64735473931277e-06
1.441,0.785397961555404,0.785398021378178,-5.98227736237078e-08,7.61687210534444e-06
1.4415,0.785397963061655,0.785398022452936,-5.93912807822505e-08,7.56193273044309e-06
1.442,0.785397964746519,0.78539802351738,-5.87708615107374e-08,7.48293849536246e-06
1.4425,0.78539796660529,0.785398024570434,-5.7965143684946e-08,7.38035131559289e-06
1.443,0.785397968632785,0.785398025611034,-5.69782484527437e-08,7.25469591197784e-06
1.4435,0.785397970823363,0.785398026638149,-5.58147856821734e-08,7.10655923114611e-06
1.444,0.785397973170922,0.785398027650787,-5.44798649526612e-08,6.93659184495595e-06
1.4445,0.78539797566893,0.785398028648014,-5.29790844527867e-08,6.74550653691518e-06
1.445,0.785397978310426,0.785398029628962,-5.13185358652635e-08,6.53407892415632e-06
1.4455,0.785397981088056,0.785398030592843,-4.95047868254161e-08,6.30314522398041e-06
1.446,0.785397983994083,0.785398031538962,-4.75448796999345e-08,6.05360209836327e-06
1.4465,0.785397987020421,0.78539803246669,-4.54462693033619e-08,5.78639872377241e-06
1.447,0.785397990158652,0.785398033375417,-4.32167653885429e-08,5.50252946882347e-06
1.4475,0.785397993400065,0.785398034264557,-4.0864492345527e-08,5.20302876298524e-06
1.448,0.785397996735676,0.785398035133558,-3.83978813189856e-08,4.888970092938e-06
1.4485,0.785398000156281,0.785398035981916,-3.58256357912978e-08,4.56146162047598e-06
1.449,0.785398003652475,0.785398036809189,-3.31567139300049e-08,4.22164393491534e-06
1.4495,0.785398007214712,0.785398037615002,-3.04002897300037e-08,3.8706851055647e-06
1.45,0.78539801083333,0.785398038399061,-2.75657316972655e-08,3.5097779676518e-06
1.4505,0.785398014498607,0.785398039161166,-2.4662558772981e-08,3.14013451041145e-06
1.451,0.785398018200798,0.785398039901213,-2.17004147984312e-08,2.76298262585187e-06
1.4515,0.78539802193017,0.785398040619174,-1.8689003677963e-08,2.37955785344834e-06
1.452,0.785398025676931,0.785398041315049,-1.56381183558096e-08,1.99110706958657e-06
1.4525,0.785398029431235,0.785398041988868,-1.25576321563514e-08,1.59888738497045e-06
1.453,0.785398033183233,0.785398042640698,-9.45746470026876e-09,1.20416180493191e-06
1.4535,0.785398036923126,0.785398043270657,-6.34753083428308e-09,8.08192726963499e-07
1.454,0.785398040641215,0.785398043878918,-3.23770232846243e-09,4.12237063867948e-07
1.4545,0.785398044327963,0.785398044465718,-1.3775514062786e-10,1.75395292537945e-08
1.455,0.785398047974039,0.785398045031368,2.94267132883164e-09,3.74672550302681e-07
1.4555,0.785398051570383,0.785398045576255,5.99412786073117e-09,7.63196062848171e-07
1.456,0.78539805510825,0.785398046100853,9.00739716147569e-09,1.14685742611261e-06
1.4565,0.785398058579243,0.785398046605696,1.19735468206983e-08,1.5245193302851e-06
1.457,0.785398061975166,0.785398047091339,1.48838272817642e-08,1.89506774721502e-06
1.4575,0.785398065288005,0.785398047558358,1.77296471948196e-08,2.25740879226472e-06
1.458,0.785398068509974,0.785398048007353,2.05026201571812e-08,2.61047467548073e-06
1.4585,0.785398071633575,0.785398048438959,2.31946158946172e-08,2.95323021819694e-06
1.459,0.785398074651654,0.785398048853847,2.57978070017373e-08,3.28467880420576e-06
1.4595,0.785398077557448,0.785398049252728,2.83047192350949e-08,3.60386878327489e-06
1.46,0.785398080344639,0.785398049636362,3.07082772543765e-08,3.90989929509635e-06
1.4605,0.785398083007408,0.785398050005556,3.30018519179021e-08,4.20192629113669e-06
1.461,0.785398085540476,0.785398050361171,3.51793042474569e-08,4.47916813241317e-06
1.4615,0.78539808793912,0.785398050704103,3.72350172916924e-08,4.74090964646804e-06
1.462,0.785398090199004,0.785398051035248,3.91637560159808e-08,4.98648428799063e-06
1.4625,0.785398092316116,0.785398051355501,4.09606152329545e-08,5.21526750912791e-06
1.463,0.785398094286827,0.785398051665763,4.26210644555169e-08,5.42668247034704e-06
1.4635,0.785398096107922,0.785398051966937,4.41409847562468e-08,5.62020473352055e-06
1.464,0.785398097776647,0.785398052259939,4.55167087354269e-08,5.7953673508138e-06
1.4645,0.785398099290744,0.785398052545691,4.67450532726232e-08,5.95176503474557e-06
1.465,0.785398100648487,0.785398052825129,4.78233581624465e-08,6.08905907744601e-06
1.4655,0.785398101848718,0.785398053099205,4.87495125378601e-08,6.20698071497661e-06
1.466,0.785398102890873,0.785398053368884,4.95219889540266e-08,6.30533546702046e-06
1.4665,0.785398103774982,0.785398053635132,5.01398503827133e-08,6.3840040274375e-06
1.467,0.78539810450151,0.785398053898894,5.06026157642836e-08,6.44292514581248e-06
1.4675,0.785398105071285,0.785398054161091,5.09101943935164e-08,6.48208727319795e-06
1.468,0.785398105485536,0.78539805442262,5.10629158956277e-08,6.5015323787799e-06
1.4685,0.785398105745901,0.785398054684359,5.10615418836124e-08,6.50135743413662e-06
1.469,0.785398105854453,0.785398054947162,5.09072903831509e-08,6.48171752311438e-06
1.4695,0.78539810581371,0.785398055211869,5.06018412727016e-08,6.44282653448156e-06
1.47,0.785398105626654,0.785398055479296,5.01473575997835e-08,6.38495987600198e-06
1.4705,0.785398105296732,0.785398055750248,4.95464844707527e-08,6.3084543330769e-06
1.471,0.785398104827873,0.785398056025508,4.88023654821035e-08,6.21371016084324e-06
1.4715,0.785398104224463,0.785398056305834,4.79186283985911e-08,6.10118926065555e-06
1.472,0.785398103491238,0.785398056591944,4.68992942259661e-08,5.97140360286695e-06
1.4725,0.785398102633224,0.785398056884509,4.57487149274627e-08,5.82490729664613e-06
1.473,0.785398101655741,0.785398057184159,4.44715819725161e-08,5.66229767843389e-06
1.4735,0.785398100564392,0.785398057491481,4.30729105715955e-08,5.48421330465966e-06
1.474,0.785398099365067,0.785398057807025,4.15580420076722e-08,5.29133424859333e-06
1.4745,0.785398098063924,0.7853980581313,3.99326239852726e-08,5.0843795983089e-06
1.475,0.785398096667388,0.78539805846478,3.82026082990095e-08,4.86410715983265e-06
1.4755,0.785398095182126,0.785398058807899,3.6374226297653e-08,4.63131033313175e-06
1.476,0.785398093615046,0.785398059161063,3.44539832219937e-08,4.38681739118842e-06
1.4765,0.785398091973264,0.78539805952463,3.24486335578911e-08,4.13148834185274e-06
1.477,0.785398090264064,0.78539805989891,3.03651542798988e-08,3.86621152111514e-06
1.4775,0.785398088494857,0.785398060284154,2.82107028848344e-08,3.59189824977455e-06
1.478,0.785398086673167,0.785398060680566,2.59926017376344e-08,3.3094808402908e-06
1.4785,0.785398084806601,0.785398061088298,2.37183027662624e-08,3.01990810160067e-06
1.479,0.785398082902828,0.785398061507459,2.13953684768953e-08,2.72414292189632e-06
1.4795,0.785398080969548,0.785398061938114,1.90314347614517e-08,2.42315753313278e-06
1.48,0.785398079014473,0.785398062380285,1.66341883600651e-08,2.11793064146083e-06
1.4805,0.785398077045288,0.78539806283396,1.42113275591882e-08,1.8094424231543e-06
1.481,0.785398075069629,0.785398063299091,1.17705372115751e-08,1.49867134405541e-06
1.4815,0.785398073095057,0.78539806377559,9.31946664284311e-09,1.18659134655081e-06
1.482,0.785398071129085,0.785398064263315,6.8657695084795e-09,8.741769243233e-07
1.4825,0.785398069179161,0.785398064762073,4.41708791765194e-09,5.62401100932634e-07
1.483,0.785398067252643,0.785398065271623,1.98102034776326e-09,2.52231344569719e-07
1.4835,0.785398065356761,0.785398065791683,-4.3492198731343e-10,5.53759873122264e-08
1.484,0.785398063498584,0.785398066321931,-2.82334711165788e-09,3.59479719107662e-07
1.4845,0.785398061684988,0.785398066862014,-5.17702636315676e-09,6.59159468970764e-07
1.485,0.785398059922622,0.785398067411549,-7.48892714508287e-09,9.53519818876011e-07
1.4855,0.785398058217872,0.785398067970128,-9.75225622479314e-09,1.24169582757963e-06
1.486,0.785398056576835,0.785398068537328,-1.19604925963301e-08,1.52285721481597e-06
1.4865,0.785398055005296,0.785398069112695,-1.41073991377638e-08,1.79620984555636e-06
1.487,0.785398053508804,0.785398069695738,-1.61869339043719e-08,2.06098443550606e-06
1.4875,0.785398052092683,0.785398070285922,-1.81932391374318e-08,2.31643515166016e-06
1.488,0.785398050762004,0.785398070882683,-2.01206794558928e-08,2.56184447501831e-06
1.4885,0.78539804952155,0.785398071485431,-2.19638809362266e-08,2.79652817638585e-06
1.489,0.785398048375786,0.785398072093552,-2.37177658624077e-08,3.01983974087872e-06
1.4895,0.785398047328834,0.785398072706423,-2.53775890302066e-08,3.23117499032963e-06
1.49,0.785398046384441,0.785398073323413,-2.69389717200141e-08,3.42997640884242e-06
1.4905,0.785398045545953,0.785398073943888,-2.83979350035324e-08,3.61573738353163e-06
1.491,0.785398044816292,0.785398074567223,-2.97509311630861e-08,3.7880062049535e-06
1.4915,0.785398044197949,0.785398075192787,-3.09948379184632e-08,3.94638533204443e-06
1.492,0.785398043693074,0.785398075819926,-3.21268519565265e-08,4.09051783589018e-06
1.4925,0.785398043303506,0.785398076447965,-3.31444590662144e-08,4.22008359719601e-06
1.493,0.785398043030747,0.785398077076214,-3.40454668901202e-08,4.33480347634727e-06
1.4935,0.785398042875952,0.785398077703982,-3.48280292383762e-08,4.43444240914931e-06
1.494,0.785398042839904,0.785398078330575,-3.5490671068672e-08,4.51881258738213e-06
1.4945,0.785398042923003,0.785398078955313,-3.60323099135584e-08,4.58777618700954e-06
1.495,0.785398043125249,0.785398079577529,-3.64522791951316e-08,4.64124833669684e-06
1.4955,0.785398043446239,0.785398080196582,-3.67503429909988e-08,4.67919899787204e-06
1.496,0.785398043885146,0.785398080811863,-3.69267169064713e-08,4.70165562225598e-06
1.4965,0.785398044440733,0.785398081422778,-3.6982045426015e-08,4.70870026815945e-06
1.497,0.785398045111422,0.785398082028732,-3.69173099867837e-08,4.70045789604193e-06
1.4975,0.785398045895331,0.785398082629124,-3.67337937845491e-08,4.67709188746347e-06
1.498,0.785398046790261,0.78539808322336,-3.64330993152251e-08,4.63880627854082e-06
1.4985,0.785398047793707,0.785398083810859,-3.60171518165586e-08,4.58584619815723e-06
1.499,0.785398048902851,0.785398084391061,-3.5488209926271e-08,4.51849922499912e-06
1.4995,0.785398050114567,0.785398084963433,-3.48488652379686e-08,4.43709533101282e-06
1.5,0.78539805142543,0.785398085527479,-3.41020491845256e-08,4.34200775782416e-06
1.5005,0.785398052831716,0.785398086082745,-3.32510281531029e-08,4.23365239476328e-06
1.501,0.785398054329418,0.785398086628825,-3.22994071488836e-08,4.11248824534602e-06
1.5015,0.785398055914254,0.785398087165349,-3.12510948230482e-08,3.97901297449733e-06
1.502,0.7853980575817,0.785398087691954,-3.011025406785e-08,3.83375661812094e-06
1.5025,0.785398059327017,0.785398088208289,-2.88812727067267e-08,3.67727785124848e-06
1.503,0.785398061145256,0.78539808871402,-2.75687631612342e-08,3.51016394563214e-06
1.5035,0.78539806303129,0.785398089208835,-2.6177545464634e-08,3.33302860696746e-06
1.504,0.785398064979817,0.785398089692458,-2.47126417107779e-08,3.14651126810341e-06
1.5045,0.785398066985393,0.785398090164648,-2.31792549598708e-08,2.95127440324062e-06
1.505,0.785398069042446,0.785398090625207,-2.15827611338426e-08,2.74800249601815e-06
1.5055,0.785398071145302,0.785398091073988,-1.99286854796199e-08,2.53739904272415e-06
1.506,0.785398073288208,0.785398091510898,-1.8222690023606e-08,2.32018495495061e-06
1.5065,0.785398075465349,0.785398091935884,-1.64705349359195e-08,2.09709364033548e-06
1.507,0.785398077670825,0.785398092348908,-1.46780826382198e-08,1.86887152558721e-06
1.5075,0.785398079898662,0.785398092749947,-1.28512844810302e-08,1.6362763601889e-06
1.508,0.785398082142832,0.785398093138997,-1.09961648675494e-08,1.40007519497914e-06
1.5085,0.785398084397292,0.785398093516082,-9.11879038945074e-09,1.16104045239996e-06
1.509,0.785398086656007,0.785398093881257,-7.22525028695742e-09,9.19947438596327e-07
1.5095,0.785398088912987,0.785398094234611,-5.3216244744192e-09,6.775702723061e-07
1.51,0.785398091162315,0.785398094576276,-3.41396144687423e-09,4.34679071836154e-07
1.5105,0.785398093398179,0.785398094906426,-1.50824630562596e-09,1.92035883952369e-07
1.511,0.785398095614906,0.785398095225283,3.89623444618792e-10,4.96083977244576e-08
1.5115,0.785398097806975,0.785398095533104,2.27387131346291e-09,2.89518287593986e-07
1.512,0.785398099968949,0.785398095830159,4.13878964433678e-09,5.26967064250997e-07
1.5125,0.785398102095459,0.785398096116727,5.97873184293718e-09,7.61235780979496e-07
1.513,0.78539810418124,0.785398096393101,7.78813857849059e-09,9.91616601801172e-07
1.5135,0.785398106221166,0.785398096659594,9.56157109044398e-09,1.21741704221498e-06
1.514,0.78539810821028,0.785398096916541,1.12937388330181e-08,1.43796348901098e-06
1.5145,0.785398110143832,0.7853980971643,1.29795317826975e-08,1.65260531378773e-06
1.515,0.785398112017305,0.785398097403257,1.46140489709623e-08,1.86071850585254e-06
1.5155,0.785398113826454,0.785398097633825,1.61926282382652e-08,2.06170946061545e-06
1.516,0.785398115567329,0.785398097856454,1.771087509983e-08,2.25501865489689e-06
1.5165,0.785398117236292,0.785398098071609,1.9164683617845e-08,2.44012330445783e-06
1.517,0.785398118829915,0.785398098279759,2.05501554662035e-08,2.61652705900258e-06
1.5175,0.785398120344946,0.785398098481374,2.18635721749294e-08,2.78375646822915e-06
1.518,0.78539812177835,0.785398098676926,2.31014236629079e-08,2.9413646147295e-06
1.5185,0.785398123127326,0.785398098866892,2.42604342171049e-08,3.0889344217664e-06
1.519,0.785398124389343,0.785398099051754,2.5337589026897e-08,3.2260820317293e-06
1.5195,0.785398125562162,0.785398099232004,2.6330157831822e-08,3.35245981705941e-06
1.52,0.785398126643862,0.785398099408142,2.72357197905748e-08,3.46775954666859e-06
1.5205,0.785398127632864,0.785398099580679,2.80521844642223e-08,3.57171505760532e-06
1.521,0.785398128527952,0.785398099750138,2.87778146867979e-08,3.66410516702914e-06
1.5215,0.785398129328276,0.785398099917042,2.94112342258401e-08,3.74475464758079e-06
1.522,0.785398130033249,0.785398100081907,2.9951341851131e-08,3.81352328627413e-06
1.5225,0.785398130642507,0.785398100245234,3.03972728099566e-08,3.87030097937397e-06
1.523,0.785398131155934,0.785398100407513,3.07484205874786e-08,3.91501050301266e-06
1.5235,0.785398131573674,0.785398100569226,3.10044481199867e-08,3.94760894090568e-06
1.524,0.78539813189615,0.785398100730844,3.11653060025563e-08,3.96809000262268e-06
1.5245,0.785398132124069,0.785398100892829,3.12312407046988e-08,3.9764850696365e-06
1.525,0.785398132258447,0.785398101055637,3.12028106685958e-08,3.97286524501404e-06
1.5255,0.785398132300607,0.785398101219716,3.10808901948789e-08,3.95734184816912e-06
1.526,0.785398132252192,0.785398101385509,3.08666832093962e-08,3.93006816770161e-06
1.5265,0.785398132115161,0.785398101553444,3.05617164908512e-08,3.89123859911364e-06
1.527,0.785398131891705,0.785398101723929,3.01677753888896e-08,3.84108046018224e-06
1.5275,0.785398131584212,0.785398101897347,2.96868645222048e-08,3.77984898688665e-06
1.528,0.785398131195276,0.78539810207406,2.91212162162324e-08,3.707828407729e-06
1.5285,0.785398130727692,0.785398102254407,2.84732853961245e-08,3.62533129348759e-06
1.529,0.785398130184463,0.785398102438707,2.77457553599092e-08,3.5326992922784e-06
1.5295,0.78539812956879,0.785398102627261,2.69415283415952e-08,3.43030192801222e-06
1.53,0.785398128884078,0.785398102820349,2.60637289528631e-08,3.31853703860441e-06
1.5305,0.785398128133927,0.785398103018234,2.5115692747768e-08,3.19782931998764e-06
1.531,0.785398127322128,0.785398103221162,2.4100965556606e-08,3.06863024129709e-06
1.5315,0.785398126452647,0.785398103429357,2.30232899411931e-08,2.93141632030303e-06
1.532,0.785398125529592,0.785398103643015,2.18865773282673e-08,2.78668557532539e-06
1.5325,0.785398124557178,0.7853981038623,2.06948782555116e-08,2.63495373683973e-06
1.533,0.785398123539729,0.785398104087352,1.94523768204391e-08,2.47675354068727e-06
1.5335,0.785398122481653,0.785398104318281,1.81633712514895e-08,2.31263225431022e-06
1.534,0.785398121387442,0.785398104555176,1.68322656923792e-08,2.14315063070261e-06
1.5345,0.78539812026165,0.7853981047981,1.54635496629751e-08,1.9688802932876e-06
1.535,0.785398119108883,0.785398105047095,1.40617876231985e-08,1.79040240715239e-06
1.5355,0.78539811793378,0.785398105302184,1.26315959914081e-08,1.60830475293789e-06
1.536,0.785398116741001,0.78539810556337,1.11776308209244e-08,1.42318015776515e-06
1.5365,0.78539811553521,0.785398105830636,9.70457347815312e-09,1.23562467171726e-06
1.537,0.785398114321079,0.785398106103934,8.21714407628349e-09,1.04623927827104e-06
1.5375,0.785398113103276,0.785398106383188,6.72008815261194e-09,8.55628198001178e-07
1.538,0.785398111886453,0.785398106668295,5.21815868292919e-09,6.64396598580859e-07
1.5385,0.785398110675217,0.785398106959127,3.71608921412303e-09,4.73147173918526e-07
1.539,0.785398109474116,0.785398107255539,2.21857721083296e-09,2.82478023788077e-07
1.5395,0.785398108287618,0.785398107557361,7.30256299874554e-10,9.29791198792262e-08
1.54,0.785398107120091,0.785398107864413,-7.4432215946274e-10,9.47700407450633e-08
1.5405,0.785398105975781,0.785398108176497,-2.2007161648574e-09,2.80203884783435e-07
1.541,0.785398104858796,0.785398108493408,-3.63461138963572e-09,4.62773095102902e-07
1.5415,0.785398103773089,0.785398108814921,-5.04183195193519e-09,6.41945981911316e-07
1.542,0.785398102722501,0.785398109140793,-6.41829189795828e-09,8.17202305413379e-07
1.5425,0.78539810171076,0.785398109470752,-7.75999209334799e-09,9.88032880008286e-07
1.543,0.785398100741469,0.785398109804513,-9.06304442604977e-09,1.15394265589382e-06
1.5435,0.785398099818075,0.785398110141771,-1.03236961201958e-08,1.31445381480623e-06
1.544,0.785398098943859,0.785398110482211,-1.15383516074985e-08,1.46910855477256e-06
1.5445,0.785398098121912,0.785398110825509,-1.27035972852241e-08,1.61747224239376e-06
1.545,0.785398097355114,0.785398111171336,-1.38162219442961e-08,1.75913601383155e-06
1.5455,0.785398096646121,0.785398111519361,-1.48732400839791e-08,1.89371974332623e-06
1.546,0.785398095997345,0.785398111869257,-1.58719114518036e-08,2.02087453109712e-06
1.5465,0.78539809541095,0.785398112220691,-1.68097409325441e-08,2.14028268920684e-06
1.547,0.785398094888903,0.785398112573318,-1.7684414377328e-08,2.25164957106971e-06
1.5475,0.785398094432994,0.785398112926777,-1.84937827274467e-08,2.35470155003253e-06
1.548,0.785398094044818,0.7853981132807,-1.92358827755257e-08,2.44918866276893e-06
1.5485,0.78539809372576,0.785398113634716,-1.9908955595227e-08,2.53488695582194e-06
1.549,0.785398093476986,0.78539811398845,-2.05114639717507e-08,2.61160070492436e-06
1.5495,0.785398093299426,0.785398114341535,-2.10421085000689e-08,2.67916446468957e-06
1.55,0.785398093193764,0.785398114693607,-2.1499843572137e-08,2.73744510416649e-06
1.5505,0.785398093160429,0.785398115044319,-2.18838904775254e-08,2.78634347486386e-06
1.551,0.785398093199586,0.785398115393337,-2.21937516142745e-08,2.82579622013242e-06
1.5515,0.785398093311136,0.785398115740336,-2.2429200385865e-08,2.85577448880725e-06
1.552,0.785398093494766,0.785398116084986,-2.25902200279293e-08,2.87627614638279e-06
1.5525,0.785398093749974,0.785398116426956,-2.26769821809469e-08,2.88732304680363e-06
1.553,0.785398094076054,0.785398116765914,-2.26898602129211e-08,2.88896272876041e-06
1.5535,0.7853980944721,0.785398117101535,-2.26294347704936e-08,2.88126912247974e-06
1.554,0.785398094937002,0.785398117433505,-2.24965031048185e-08,2.86434373713123e-06
1.5545,0.78539809546944,0.785398117761523,-2.22920828463202e-08,2.83831614144473e-06
1.555,0.785398096067889,0.785398118085307,-2.20174183329647e-08,2.80334476945076e-06
1.5555,0.785398096730616,0.785398118404597,-2.16739810543487e-08,2.75961697702375e-06
1.556,0.785398097455684,0.78539811871916,-2.1263475535882e-08,2.70734979107937e-06
1.5565,0.785398098240959,0.785398119028779,-2.07878196878397e-08,2.64678740753817e-06
1.557,0.785398099084136,0.785398119333242,-2.02491060585785e-08,2.57819625793186e-06
1.5575,0.785398099982759,0.785398119632341,-1.96495816284781e-08,2.50186243668798e-06
1.558,0.785398100934225,0.785398119925876,-1.89916513626542e-08,2.41809215347548e-06
1.5585,0.785398101935791,0.785398120213661,-1.8277869995309e-08,2.32721068715557e-06
1.559,0.785398102984583,0.785398120495525,-1.75109415856411e-08,2.22956232923858e-06
1.5595,0.785398104077607,0.785398120771317,-1.66937101919729e-08,2.12550919647683e-06
1.56,0.785398105211755,0.785398121040911,-1.58291566521029e-08,2.01543082092651e-06
1.5605,0.78539810638382,0.785398121304207,-1.49203863708536e-08,1.89972259500983e-06
1.561,0.785398107590508,0.785398121561134,-1.39706258783789e-08,1.77879533330525e-06
1.5615,0.785398108828446,0.785398121811644,-1.29831982942363e-08,1.65307214853598e-06
1.562,0.785398110094179,0.785398122055697,-1.19615177762711e-08,1.52298774478009e-06
1.5625,0.78539811138418,0.785398122293257,-1.09090769750964e-08,1.38898682012525e-06
1.563,0.785398112694862,0.785398122524302,-9.82944015071041e-09,1.25152319024921e-06
1.5635,0.785398114022597,0.785398122748823,-8.72622585301741e-09,1.11105758323521e-06
1.564,0.785398115363732,0.785398122966829,-7.60309648573099e-09,9.68056310806964e-07
1.5645,0.785398116714605,0.785398123178346,-6.46374087587276e-09,8.22989049008229e-07
1.565,0.785398118071564,0.785398123383426,-5.31186172825215e-09,6.76327240857591e-07
1.5655,0.785398119430985,0.785398123582143,-4.15115763985341e-09,5.28541806349085e-07
1.566,0.78539812078929,0.785398123774599,-2.98530933307006e-09,3.80101389613176e-07
1.5665,0.785398122142957,0.785398123960916,-1.8179588945344e-09,2.31469715522422e-07
1.567,0.785398123488486,0.785398124141221,-6.52734311046288e-10,8.31087137029596e-08
1.5675,0.785398124822397,0.785398124315647,5.06749420203789e-10,6.4521340107508e-08
1.568,0.785398126141243,0.785398124484337,1.65690605680169e-09,2.10963831343111e-07
1.5685,0.785398127441639,0.785398124647441,2.79419809512405e-09,3.5576835105356e-07
1.569,0.785398128720278,0.785398124805125,3.91515297959444e-09,4.98492759730734e-07
1.5695,0.785398129973949,0.785398124957566,5.01638330874243e-09,6.38705760024029e-07
1.57,0.785398131199563,0.785398125104959,6.09460371059356e-09,7.75989045381738e-07
1.5705,0.785398132394166,0.785398125247516,7.14665049361685e-09,9.09939802087404e-07
1.571,0.785398133554965,0.785398125385467,8.16949852211479e-09,1.0401728579012e-06
1.5715,0.78539813467933,0.785398125519054,9.16027553810039e-09,1.16632250557796e-06
1.572,0.785398135764739,0.785398125648522,1.01162166421531e-08,1.28803670718973e-06
1.5725,0.785398136808765,0.785398125774115,1.10346503046088e-08,1.40497531301519e-06
1.573,0.785398137809095,0.785398125896079,1.19130163511727e-08,1.51681235153897e-06
1.5735,0.785398138763547,0.785398126014664,1.27488832823985e-08,1.62323823463628e-06
1.574,0.785398139670089,0.785398126130124,1.35399651490786e-08,1.72396190621428e-06
1.5745,0.785398140526857,0.785398126242718,1.42841384276338e-08,1.81871299085345e-06
1.575,0.785398141332172,0.785398126352714,1.49794574522133e-08,1.90724375868358e-06
1.5755,0.785398142084554,0.785398126460384,1.56241702908844e-08,1.98933114680303e-06
1.576,0.785398142782743,0.78539812656601,1.62167336226204e-08,2.06477865347567e-06
1.5765,0.785398143425693,0.785398126669874,1.67558183994387e-08,2.13341705905664e-06
1.577,0.785398144012515,0.785398126772257,1.72402576659181e-08,2.19509778216704e-06
1.5775,0.785398144542454,0.78539812687343,1.76690240216715e-08,2.24969001012676e-06
1.578,0.785398145014905,0.785398126973661,1.80412444983347e-08,2.29708259315154e-06
1.5785,0.78539814542942,0.78539812707321,1.83562103295287e-08,2.3371852883032e-06
1.579,0.785398145785727,0.785398127172337,1.86133899404695e-08,2.36993041337814e-06
1.5795,0.785398146083732,0.785398127271296,1.88124360533948e-08,2.39527375159837e-06
1.58,0.785398146323537,0.785398127370339,1.89531977889956e-08,2.41319609241363e-06
1.5805,0.785398146505443,0.785398127469716,1.90357266616203e-08,2.42370399483445e-06
1.581,0.785398146629959,0.785398127569674,1.90602854610589e-08,2.42683091829608e-06
1.5815,0.785398146697801,0.785398127670454,1.90273471423197e-08,2.4226370813005e-06
1.582,0.785398146709836,0.785398127772286,1.89375498615973e-08,2.41120373641797e-06
1.5825,0.785398146667061,0.785398127875388,1.87916731064774e-08,2.39263013109033e-06
1.583,0.78539814657061,0.785398127979966,1.85906449123863e-08,2.36703442645798e-06
1.5835,0.785398146421755,0.785398128086213,1.83355419736131e-08,2.33455371149556e-06
1.584,0.78539814622191,0.785398128194315,1.80275946393138e-08,2.295344639123e-06
1.5845,0.78539814597263,0.785398128304445,1.76681846930649e-08,2.24958314348947e-06
1.585,0.785398145675618,0.785398128416769,1.72588489055769e-08,2.19746489231897e-06
1.5855,0.785398145332717,0.785398128531443,1.68012749268698e-08,2.1392047638858e-06
1.586,0.785398144945916,0.785398128648613,1.62973031736513e-08,2.07503708732307e-06
1.5865,0.785398144517336,0.785398128768417,1.57489193908233e-08,2.00521469552427e-06
1.587,0.785398144049206,0.785398128890975,1.51582304486197e-08,1.93000584353913e-06
1.5875,0.785398143543838,0.785398129016393,1.45274448026811e-08,1.84969172067309e-06
1.588,0.785398143003631,0.78539812914476,1.38588706066756e-08,1.76456621017871e-06
1.5885,0.785398142431059,0.785398129276152,1.31549064974479e-08,1.67493471598442e-06
1.589,0.78539814182867,0.785398129410631,1.24180387084394e-08,1.5811137951637e-06
1.5895,0.785398141199078,0.785398129548248,1.16508294123463e-08,1.48342967367628e-06
1.59,0.785398140544954,0.785398129689041,1.08559132794284e-08,1.38221780815838e-06
1.5905,0.785398139869022,0.785398129833038,1.00359841548325e-08,1.27782118962683e-06
1.591,0.785398139174048,0.785398129980258,9.19379028463396e-09,1.17058973563979e-06
1.5915,0.785398138462831,0.785398130130707,8.3321245458734e-09,1.06087904634645e-06
1.592,0.785398137738201,0.785398130284375,7.45382611189171e-09,9.49050616524008e-07
1.5925,0.785398137003006,0.785398130441237,6.56176901703276e-09,8.35470379590409e-07
1.593,0.785398136260105,0.785398130601251,5.65885371894836e-09,7.2050763328367e-07
1.5935,0.785398135512355,0.785398130764365,4.74799044525298e-09,6.04532919292081e-07
1.594,0.785398134762603,0.785398130930511,3.8320914219625e-09,4.87917033748306e-07
1.5945,0.785398134013668,0.785398131099615,2.91405322094818e-09,3.71028779637409e-07
1.595,0.785398133268337,0.78539813127159,1.9967474340632e-09,2.54233779389773e-07
1.5955,0.785398132529348,0.785398131446344,1.08300390877503e-09,1.37892340375512e-07
1.596,0.785398131799378,0.785398131623778,1.75599979002072e-10,2.23580837320103e-08
1.5965,0.785398131081038,0.785398131803784,-7.22746196224477e-10,9.20229037839924e-08
1.597,0.78539813037689,0.785398131986242,-1.60935176296562e-09,2.04909030599707e-07
1.5975,0.785398129689447,0.785398132171017,-2.48156961646373e-09,3.15963256869489e-07
1.598,0.785398129021161,0.785398132357963,-3.33680250097501e-09,4.24854889721258e-07
1.5985,0.785398128374408,0.785398132546927,-4.17251888595871e-09,5.31261604675693e-07
1.599,0.78539812775148,0.785398132737746,-4.98626595568652e-09,6.34871099534675e-07
1.5995,0.785398127154568,0.785398132930254,-5.77568548543184e-09,7.35383115800472e-07
1.6,0.785398126585753,0.785398133124279,-6.53852638698993e-09,8.32511036020991e-07
1.6005,0.785398126046992,0.785398133319652,-7.27266014077799e-09,9.25983848665773e-07
1.601,0.785398125540107,0.7853981335162,-7.97609289726608e-09,1.01554768892804e-06
1.6015,0.785398125066783,0.785398133713751,-8.64696769742324e-09,1.10096612144068e-06
1.602,0.785398124628595,0.785398133912121,-9.28352628104534e-09,1.18201527756151e-06
1.6025,0.78539812422702,0.785398134111121,-9.8841006490602e-09,1.25848278105259e-06
1.603,0.785398123863426,0.785398134310554,-1.04471278294938e-08,1.33016962814147e-06
1.6035,0.785398123539059,0.785398134510221,-1.09711616458341e-08,1.39689168591577e-06
1.604,0.785398123255037,0.785398134709922,-1.14548847074403e-08,1.4584812189895e-06
1.6045,0.785398123012338,0.785398134909458,-1.18971197338169e-08,1.51478833135448e-06
1.605,0.785398122811793,0.785398135108634,-1.22968409899116e-08,1.56568242236757e-06
1.6055,0.785398122654077,0.78539813530726,-1.26531837230104e-08,1.61105338829361e-06
1.606,0.785398122539702,0.785398135505156,-1.29654539327007e-08,1.65081286625565e-06
1.6065,0.785398122469018,0.785398135702143,-1.32331248181572e-08,1.6848937818894e-06
1.607,0.785398122442244,0.785398135898041,-1.34557969211357e-08,1.71324527459157e-06
1.6075,0.785398122459482,0.785398136092667,-1.36331854694305e-08,1.73583108603877e-06
1.608,0.785398122520708,0.785398136285838,-1.37651299247921e-08,1.75263077586626e-06
1.6085,0.785398122625773,0.785398136477372,-1.3851599645065e-08,1.76364044259363e-06
1.609,0.785398122774393,0.785398136667095,-1.38927016557489e-08,1.76887371313071e-06
1.6095,0.785398122966153,0.785398136854837,-1.38886840916896e-08,1.76836218098734e-06
1.61,0.785398123200496,0.785398137040438,-1.38399428584179e-08,1.76215625442127e-06
1.6105,0.785398123476729,0.785398137223753,-1.3747023852595e-08,1.75032543915414e-06
1.611,0.785398123794019,0.785398137404646,-1.36106274029046e-08,1.73295890380342e-06
1.6115,0.785398124151395,0.785398137582994,-1.34315982780464e-08,1.71016420766054e-06
1.612,0.785398124547775,0.785398137758673,-1.32108980421819e-08,1.68206378087703e-06
1.6125,0.78539812498197,0.785398137931561,-1.29495907330579e-08,1.64879310094653e-06
1.613,0.785398125452694,0.785398138101542,-1.26488476359654e-08,1.6105013005441e-06
1.6135,0.78539812595856,0.785398138268503,-1.23099438420482e-08,1.56735072931649e-06
1.614,0.785398126498083,0.785398138432343,-1.19342596915928e-08,1.51951713764748e-06
1.6145,0.785398127069692,0.785398138592969,-1.15232769992701e-08,1.46718919604079e-06
1.615,0.785398127671723,0.785398138750303,-1.10785792761803e-08,1.41056852339162e-06
1.6155,0.785398128302432,0.785398138904278,-1.0601845734648e-08,1.34986892365356e-06
1.616,0.785398128959997,0.785398139054848,-1.00948504000442e-08,1.28531627275219e-06
1.6165,0.785398129642525,0.785398139201974,-9.55944901015471e-09,1.21714685056084e-06
1.617,0.785398130348057,0.785398139345625,-8.99756846806099e-09,1.14560599799974e-06
1.6175,0.785398131074572,0.78539813948577,-8.41119840444549e-09,1.07094704271533e-06
1.618,0.785398131819998,0.785398139622385,-7.80238762487784e-09,9.93430846734673e-07
1.6185,0.785398132582219,0.785398139755455,-7.17323556109761e-09,9.13324718009e-07
1.619,0.785398133359084,0.785398139884971,-6.52588671989918e-09,8.30901703623767e-07
1.6195,0.785398134148415,0.785398140010937,-5.86252146828059e-09,7.4643941652737e-07
1.62,0.78539813494802,0.785398140133369,-5.18534981619467e-09,6.60219243926427e-07
1.6205,0.785398135755698,0.785398140252298,-4.49660053636336e-09,5.72524961977517e-07
1.621,0.785398136569253,0.785398140367768,-3.79851505805107e-09,4.8364195831826e-07
1.6215,0.785398137386502,0.785398140479836,-3.09333347825458e-09,3.9385545095669e-07
1.622,0.785398138205254,0.78539814058856,-2.38330533086639e-09,3.03451859443721e-07
1.6225,0.785398139023315,0.785398140694002,-1.67068714418406e-09,2.1271849388558e-07
1.623,0.785398139838495,0.78539814079623,-9.57734336282101e-10,1.21942523030506e-07
1.6235,0.785398140648626,0.785398140895315,-2.46689446647963e-10,3.14094758741022e-08
1.624,0.785398141451566,0.785398140991338,4.60228299914434e-10,5.85980871057291e-08
1.6245,0.785398142245219,0.785398141084385,1.16083376244802e-09,1.47801945121252e-07
1.625,0.785398143027542,0.785398141174555,1.85298709709514e-09,2.35929644790554e-07
1.6255,0.785398143796559,0.785398141261954,2.53460497035007e-09,3.22715927853201e-07
1.626,0.785398144550371,0.7853981413467,3.20367110617781e-09,4.07904074071103e-07
1.6265,0.785398145287163,0.785398141428918,3.85824550086511e-09,4.91247074499798e-07
1.627,0.785398146005174,0.785398141508734,4.49643977606939e-09,5.72504493341167e-07
1.6275,0.785398146702687,0.785398141586276,5.11641085054748e-09,6.51441662202912e-07
1.628,0.785398147378042,0.78539814166167,5.71637170931893e-09,7.27831051271021e-07
1.6285,0.78539814802965,0.785398141735047,6.29460306100782e-09,8.01453753568616e-07
1.629,0.785398148656003,0.785398141806539,6.84946366291683e-09,8.72100799585227e-07
1.6295,0.785398149255685,0.785398141876284,7.37940120121294e-09,9.39574542585048e-07
1.63,0.785398149827385,0.785398141944422,7.88296294906843e-09,1.0036900156436e-06
1.6305,0.785398150369904,0.785398142011098,8.3588058696904e-09,1.06427621800542e-06
1.631,0.785398150882171,0.785398142076465,8.80570627526112e-09,1.1211773448985e-06
1.6315,0.785398151363238,0.785398142140673,9.2225652670308e-09,1.17425348018846e-06
1.632,0.785398151812251,0.785398142203875,9.60837598373843e-09,1.22337642631794e-06
1.6325,0.785398152228428,0.785398142266216,9.96221183324764e-09,1.26842820591195e-06
1.633,0.785398152611078,0.785398142327841,1.02832361514871e-08,1.30930229159236e-06
1.6335,0.785398152959604,0.785398142388894,1.05707098629892e-08,1.34590458134799e-06
1.634,0.785398153273513,0.785398142449513,1.08239995855186e-08,1.37815443044793e-06
1.6345,0.785398153552425,0.78539814250984,1.10425850685658e-08,1.40598559854e-06
1.635,0.785398153796078,0.785398142570012,1.12260660767305e-08,1.42934712607032e-06
1.6355,0.785398154004337,0.785398142630168,1.13741686069702e-08,1.44820412588797e-06
1.636,0.785398154177196,0.785398142690445,1.14867512168715e-08,1.46253858898555e-06
1.6365,0.785398154314784,0.785398142750978,1.15638053577172e-08,1.47234942690658e-06
1.637,0.785398154417323,0.785398142811897,1.16054258425535e-08,1.47764871162305e-06
1.6375,0.785398154485121,0.785398142873325,1.16117959692019e-08,1.47845978133843e-06
1.638,0.78539815451857,0.785398142935376,1.15831939595523e-08,1.47481806036395e-06
1.6385,0.785398154518156,0.785398142998162,1.15199938477417e-08,1.46677117220505e-06
1.639,0.78539815448446,0.785398143061789,1.14226704761577e-08,1.45437957567229e-06
1.6395,0.785398154418157,0.785398143126357,1.12917999395279e-08,1.4377166214245e-06
1.64,0.785398154320024,0.785398143191961,1.11280628045662e-08,1.41686896190702e-06
1.6405,0.785398154190936,0.785398143258693,1.09322434438397e-08,1.39193646653684e-06
1.641,0.785398154031873,0.78539814332664,1.0705232256214e-08,1.36303250441861e-06
1.6415,0.785398153843908,0.785398143395885,1.04480223361847e-08,1.33028352027066e-06
1.642,0.785398153628191,0.785398143466501,1.01616900449741e-08,1.29382656066027e-06
1.6425,0.785398153385935,0.785398143538552,9.84738257603368e-09,1.25380769079421e-06
1.643,0.785398153118413,0.785398143612095,9.50631839913285e-09,1.21038205106194e-06
1.6435,0.785398152826961,0.785398143687179,9.13978248640035e-09,1.16371324919628e-06
1.644,0.785398152512972,0.785398143763846,8.74912631232405e-09,1.11397336027339e-06
1.6445,0.785398152177893,0.785398143842131,8.33576219161358e-09,1.06134220578707e-06
1.645,0.785398151823225,0.785398143922063,7.90116183591039e-09,1.00600716988334e-06
1.6455,0.785398151450517,0.785398144003667,7.44685013653879e-09,9.48162407755763e-07
1.646,0.785398151061364,0.785398144086961,6.97440249997072e-09,8.8800850638625e-07
1.6465,0.785398150657398,0.785398144171958,6.48543996284445e-09,8.2575186256993e-07
1.647,0.785398150240285,0.78539814425866,5.98162508413935e-09,7.61604159890602e-07
1.6475,0.785398149811717,0.785398144347063,5.46465372952554e-09,6.9578132267164e-07
1.648,0.785398149373403,0.785398144437153,4.93625085251637e-09,6.2850297881565e-07
1.6485,0.785398148927069,0.785398144528907,4.39816161268425e-09,5.59991328940576e-07
1.649,0.785398148474446,0.7853981446223,3.85214626863473e-09,4.90470496132974e-07
1.6495,0.785398148017268,0.785398144717296,3.29997162928919e-09,4.20165437491512e-07
1.65,0.785398147557263,0.785398144813858,2.74340472561363e-09,3.49301138386459e-07
1.6505,0.785398147096147,0.785398144911943,2.18420392883445e-09,2.78101481595793e-07
1.651,0.785398146635618,0.785398145011505,1.62411262216722e-09,2.06788441564682e-07
1.6515,0.785398146177347,0.785398145112493,1.06485431583536e-09,1.35581462430349e-07
1.652,0.785398145722992,0.785398145214847,5.08144637478836e-10,6.46989846883167e-08
1.6525,0.785398145274191,0.785398145318503,-4.4311887492654e-11,5.64196474575026e-09
1.653,0.785398144832558,0.785398145423386,-5.90828719282399e-10,7.52266489555581e-08
1.6535,0.785398144399672,0.78539814552942,-1.12974762878082e-09,1.43843935653452e-07
1.654,0.785398143977075,0.785398145636521,-1.65944691321585e-09,2.11287343229511e-07
1.6545,0.785398143566255,0.785398145744605,-2.17835016691481e-09,2.77356157479638e-07
1.655,0.78539814316865,0.785398145853584,-2.68493494104405e-09,3.41856534197846e-07
1.6555,0.785398142785628,0.78539814596337,-3.17774173641538e-09,4.04602644175945e-07
1.656,0.785398142418491,0.785398146073874,-3.65538221913653e-09,4.6541771925264e-07
1.6565,0.785398142068465,0.785398146185005,-4.11654077492329e-09,5.24134250214707e-07
1.657,0.785398141736716,0.785398146296669,-4.55995319281755e-09,5.80591272723666e-07
1.6575,0.785398141424363,0.785398146408766,-4.9844028904289e-09,6.34633886698632e-07
1.658,0.78539814113246,0.78539814652119,-5.38873001776352e-09,6.86114415451793e-07
1.6585,0.785398140861998,0.785398146633837,-5.77183911776302e-09,7.34893381058519e-07
1.659,0.785398140613891,0.785398146746598,-6.13270767502172e-09,7.80840592813849e-07
1.6595,0.785398140388975,0.785398146859369,-6.47039344325862e-09,8.23836080195198e-07
1.66,0.785398140188001,0.785398146972043,-6.78404166176705e-09,8.63771011689265e-07
1.6605,0.785398140011626,0.785398147084518,-7.07289238288666e-09,9.00548627754742e-07
1.661,0.78539813986041,0.785398147196697,-7.33628735538616e-09,9.34085117241821e-07
1.6615,0.785398139734815,0.785398147308483,-7.57366802606185e-09,9.64309362947825e-07
1.662,0.785398139635225,0.785398147419777,-7.78455144789802e-09,9.91159874148913e-07
1.6625,0.785398139561956,0.785398147530479,-7.96852250850577e-09,1.01458379709418e-06
1.663,0.785398139515246,0.785398147640487,-8.12524092452804e-09,1.03453780556096e-06
1.6635,0.785398139495257,0.785398147749703,-8.25444612662096e-09,1.05098872282998e-06
1.664,0.785398139502065,0.785398147858028,-8.35596236647973e-09,1.06391417193208e-06
1.6645,0.785398139535665,0.785398147965367,-8.42970249159691e-09,1.07330305626537e-06
1.665,0.78539813959596,0.785398148071633,-8.47567294126605e-09,1.07915619570617e-06
1.6655,0.785398139682764,0.785398148176741,-8.49397630009463e-09,1.08148665173237e-06
1.666,0.7853981397958,0.785398148280615,-8.48481496174003e-09,1.0803201939048e-06
1.6665,0.785398139934699,0.785398148383185,-8.44848679903976e-09,1.07569474857104e-06
1.667,0.785398140099016,0.78539814848438,-8.38536462488548e-09,1.06765778374275e-06
1.6675,0.785398140288242,0.78539814858413,-8.29588786555036e-09,1.05626524891073e-06
1.668,0.785398140501799,0.785398148682365,-8.18056622442498e-09,1.04158204152627e-06
1.6685,0.785398140739042,0.785398148779021,-8.03997912690591e-09,1.02368193632219e-06
1.669,0.785398140999259,0.785398148874037,-7.87477771879708e-09,1.00264783975718e-06
1.6695,0.785398141281673,0.785398148967357,-7.6856837560868e-09,9.7857164865784e-07
1.67,0.785398141585443,0.785398149058933,-7.47349060414848e-09,9.51554377440853e-07
1.6705,0.785398141909664,0.785398149148725,-7.23906112831685e-09,9.21705889532816e-07
1.671,0.785398142253373,0.785398149236701,-6.9833281379772e-09,8.89144953913434e-07
1.6715,0.785398142615549,0.785398149322835,-6.70728628193729e-09,8.53998213202223e-07
1.672,0.78539814299512,0.785398149407104,-6.41198327766546e-09,8.16399066930424e-07
1.6725,0.785398143390972,0.785398149489485,-6.09851313893017e-09,7.76486809257286e-07
1.673,0.785398143801945,0.785398149569959,-5.7680148435324e-09,7.34406459340485e-07
1.6735,0.785398144226844,0.785398149648512,-5.42166878059192e-09,6.9030830899057e-07
1.674,0.78539814466444,0.785398149725133,-5.06069341987825e-09,6.44347498597001e-07
1.6745,0.785398145113477,0.785398149799818,-4.68634131500778e-09,5.96683508239409e-07
1.675,0.785398145572674,0.785398149872569,-4.29989555073007e-09,5.47479705342031e-07
1.6755,0.785398146040733,0.785398149943397,-3.90266408079043e-09,4.96902623747988e-07
1.676,0.785398146516344,0.785398150012321,-3.49597695237236e-09,4.4512161032432e-07
1.6765,0.785398146998188,0.785398150079366,-3.08117764635796e-09,3.92307722369697e-07
1.677,0.785398147484931,0.785398150144557,-2.6596265190193e-09,3.3863416582417e-07
1.6775,0.785398147975226,0.785398150207924,-2.23269769339396e-09,2.84275899466817e-07
1.678,0.785398148467722,0.785398150269497,-1.80177495145983e-09,2.29409111891194e-07
1.6785,0.785398148961064,0.785398150329309,-1.36824451768547e-09,1.74210302678423e-07
1.679,0.785398149453909,0.785398150387399,-9.33489618937244e-10,1.18855589743066e-07
1.6795,0.785398149944924,0.785398150443808,-4.9888393416353e-10,6.3519875321006e-08
1.68,0.7853981504328,0.785398150498585,-6.5785377145744e-11,8.3760543647278e-09
1.6805,0.785398150916255,0.785398150551784,3.64470786884397e-10,4.64058618761956e-08
1.681,0.785398151394042,0.785398150603464,7.90577825426908e-10,1.00659495052427e-07
1.6815,0.785398151864954,0.78539815065369,1.21126431107399e-09,1.5422296199858e-07
1.682,0.785398152327806,0.785398150702526,1.62528024372222e-09,2.06937107758393e-07
1.6825,0.785398152781433,0.785398150750037,2.03139571830491e-09,2.5864533595515e-07
1.683,0.785398153224696,0.78539815079629,2.42840636488495e-09,3.09194301445808e-07
1.6835,0.785398153656492,0.785398150841351,2.81514112021597e-09,3.58434899826902e-07
1.684,0.785398154075759,0.78539815088529,3.19046855601357e-09,4.06223073175057e-07
1.6845,0.785398154481483,0.785398150928178,3.55330453949421e-09,4.52420785417099e-07
1.685,0.785398154872708,0.78539815097009,3.902617673468e-09,4.9689671498418e-07
1.6855,0.785398155248539,0.785398151011102,4.23743695687762e-09,5.39527230181881e-07
1.686,0.785398155608152,0.785398151051295,4.55685689182417e-09,5.80197039436949e-07
1.6865,0.785398155950794,0.785398151090752,4.86004259059314e-09,6.18799841544031e-07
1.687,0.785398156275762,0.785398151129552,5.14620979163993e-09,6.55235781221926e-07
1.6875,0.785398156582394,0.785398151167775,5.41461897540785e-09,6.89410699916266e-07
1.688,0.78539815687008,0.785398151205499,5.6645810264655e-09,7.21236856725237e-07
1.6885,0.785398157138264,0.785398151242801,5.89546322871115e-09,7.50633691732708e-07
1.689,0.785398157386452,0.785398151279757,6.10669492751015e-09,7.77528546933955e-07
1.6895,0.785398157614215,0.785398151316443,6.29777219263161e-09,8.01857259939204e-07
1.69,0.785398157821199,0.785398151352936,6.46826348038587e-09,8.23564884899359e-07
1.6905,0.785398158007123,0.78539815138931,6.61781340838274e-09,8.4260617312315e-07
1.691,0.785398158171791,0.785398151425643,6.74614797357975e-09,8.58946237459672e-07
1.6915,0.785398158315084,0.785398151462009,6.85307477432673e-09,8.72560580569979e-07
1.692,0.785398158436947,0.785398151498482,6.93846524679742e-09,8.8343283319931e-07
1.6925,0.785398158537373,0.785398151535128,7.00224433991536e-09,8.91553439547821e-07
1.693,0.785398158616411,0.785398151572015,7.04439617749131e-09,8.96920378196315e-07
1.6935,0.785398158674169,0.785398151609204,7.06496516844624e-09,8.99539303464227e-07
1.694,0.785398158710815,0.785398151646755,7.06406044770347e-09,8.99424110841563e-07
1.6945,0.785398158726581,0.785398151684725,7.04185632027787e-09,8.96596993532103e-07
1.695,0.785398158721765,0.78539815172317,6.99859570296724e-09,8.91088880663147e-07
1.6955,0.785398158696733,0.785398151762142,6.93459079048608e-09,8.82939522100315e-07
1.696,0.785398158651918,0.785398151801693,6.85022483182252e-09,8.72197714620321e-07
1.6965,0.785398158587822,0.785398151841872,6.74595068694828e-09,8.58921118145588e-07
1.697,0.785398158504998,0.785398151882721,6.62227694903095e-09,8.43174488769433e-07
1.6975,0.785398158404041,0.785398151924281,6.47976006185047e-09,8.25028675114358e-07
1.698,0.785398158285592,0.785398151966587,6.31900498593296e-09,8.04560703146851e-07
1.6985,0.785398158150331,0.785398152009668,6.14066364423849e-09,7.81853578276198e-07
1.699,0.785398157998987,0.785398152053551,5.94543558829486e-09,7.56996370169278e-07
1.6995,0.785398157832327,0.785398152098261,5.73406566672929e-09,7.30083915898793e-07
1.7,0.785398157651162,0.785398152143818,5.50734369220152e-09,7.01216777535873e-07
1.7005,0.78539815745634,0.785398152190239,5.26610155482388e-09,6.70500874619309e-07
1.701,0.785398157248751,0.785398152237539,5.01121255602754e-09,6.38047399340764e-07
1.7015,0.785398157029317,0.785398152285729,4.74358829993804e-09,6.03972420742415e-07
1.702,0.78539815679899,0.785398152334816,4.46417369737162e-09,5.68396248606013e-07
1.7025,0.785398156558743,0.785398152384802,4.17394108165325e-09,5.31442684255558e-07
1.703,0.785398156309572,0.785398152435684,3.87388821021517e-09,4.93238766112928e-07
1.7035,0.785398156052487,0.785398152487454,3.56503326859325e-09,4.53914133586938e-07
1.704,0.785398155788515,0.785398152540102,3.2484132050925e-09,4.13600815036367e-07
1.7045,0.785398155518691,0.785398152593613,2.9250776245604e-09,3.7243245030103e-07
1.705,0.78539815524406,0.785398152647973,2.59608734509698e-09,3.30544106936399e-07
1.7055,0.785398154965668,0.78539815270316,2.26250773671666e-09,2.8807143206569e-07
1.706,0.785398154684561,0.785398152759155,1.92540616783532e-09,2.45150327256492e-07
1.7065,0.785398154401783,0.785398152815934,1.58584856357891e-09,2.01916510311012e-07
1.707,0.785398154118374,0.78539815287347,1.24490440178704e-09,1.58506151377013e-07
1.7075,0.785398153835373,0.785398152931729,9.03643937455456e-10,1.15055519552847e-07
1.708,0.78539815355381,0.785398152990676,5.6313398388852e-10,7.17004457271117e-08
1.7085,0.785398153274704,0.785398153050272,2.24431917494883e-10,2.85755592455224e-08
1.709,0.785398152999057,0.785398153110475,-1.11418874126912e-10,1.41862916568254e-08
1.7095,0.785398152727849,0.785398153171243,-4.43394654325857e-10,5.64547607811859e-08
1.71,0.785398152462034,0.78539815323253,-7.70496222379791e-10,9.81026259403007e-08
1.7105,0.785398152202537,0.785398153294292,-1.09175490869973e-09,1.39006552291522e-07
1.711,0.785398151950246,0.785398153356483,-1.40623701572196e-09,1.79047657768756e-07
1.7115,0.78539815170601,0.785398153419056,-1.71304526119798e-09,2.18111696847844e-07
1.712,0.785398151470654,0.785398153481961,-2.01130756494194e-09,2.56087632830907e-07
1.7125,0.785398151244972,0.785398153545147,-2.30017549451844e-09,2.92867439945164e-07
1.713,0.785398151029729,0.785398153608558,-2.57882937226839e-09,3.28346753589667e-07
1.7135,0.785398150825654,0.785398153672139,-2.84648427051337e-09,3.62425633668425e-07
1.714,0.785398150633437,0.785398153735831,-3.10239434142545e-09,3.95009115886549e-07
1.7145,0.785398150453721,0.785398153799579,-3.34585847916458e-09,4.26007932675979e-07
1.715,0.785398150287102,0.785398153863327,-3.57622476077069e-09,4.55339078627428e-07
1.7155,0.785398150134123,0.785398153927018,-3.79289522012272e-09,4.82926418329722e-07
1.716,0.785398149995271,0.785398153990602,-3.99533062189761e-09,5.08701294209136e-07
1.7165,0.785398149870974,0.785398154054024,-4.18305001748109e-09,5.32602469986204e-07
1.717,0.785398149761617,0.785398154117233,-4.35561564593456e-09,5.54574208207107e-07
1.7175,0.785398149667544,0.785398154180173,-4.51262915923678e-09,5.74565789626526e-07
1.718,0.785398149589052,0.785398154242788,-4.65373606317598e-09,5.9253207863958e-07
1.7185,0.785398149526395,0.785398154305024,-4.77862904801896e-09,6.08433947355788e-07
1.719,0.785398149479775,0.785398154366827,-4.88705209633622e-09,6.22238798623615e-07
1.7195,0.785398149449341,0.785398154428144,-4.97880381367111e-09,6.33920990104429e-07
1.72,0.785398149435186,0.785398154488926,-5.05374009307502e-09,6.43462173531668e-07
1.7205,0.785398149437349,0.785398154549126,-5.1117770016873e-09,6.50851662241601e-07
1.721,0.785398149455807,0.785398154608701,-5.15289400038199e-09,6.56086841111492e-07
1.7215,0.785398149490479,0.785398154667611,-5.17713127923258e-09,6.59172827300426e-07
1.722,0.785398149541239,0.785398154725815,-5.18457610176881e-09,6.60120731546093e-07
1.7225,0.785398149607916,0.785398154783274,-5.17535803101765e-09,6.58947050325438e-07
1.723,0.785398149690296,0.785398154839947,-5.14965126097167e-09,6.55673962706442e-07
1.7235,0.785398149788122,0.785398154895798,-5.10767583783434e-09,6.50329485841898e-07
1.724,0.78539814990109,0.785398154950789,-5.04969877024308e-09,6.42947616327401e-07
1.7245,0.785398150028854,0.785398155004889,-4.97603480642539e-09,6.33568429151939e-07
1.725,0.785398150171021,0.785398155058068,-4.88704710033261e-09,6.22238162512679e-07
1.7255,0.785398150327155,0.785398155110302,-4.78314721163997e-09,6.09009217814974e-07
1.726,0.785398150496774,0.78539815516157,-4.66479566085809e-09,5.93940230351352e-07
1.7265,0.785398150679358,0.785398155211856,-4.53249793253008e-09,5.77095560412766e-07
1.727,0.785398150874347,0.785398155261143,-4.38679659264807e-09,5.58544289646899e-07
1.7275,0.785398151081151,0.785398155309418,-4.22826662571651e-09,5.38359627354618e-07
1.728,0.785398151299149,0.785398155356665,-4.0575159898637e-09,5.1661898116897e-07
1.7285,0.785398151527691,0.785398155402874,-3.87518284128419e-09,4.93403603660219e-07
1.729,0.7853981517661,0.785398155448036,-3.68193564526109e-09,4.6879860647164e-07
1.7295,0.785398152013675,0.785398155492145,-3.47847017856395e-09,4.42892578652961e-07
1.73,0.78539815226969,0.785398155535199,-3.26550830820338e-09,4.15777431166576e-07
1.7305,0.785398152533404,0.7853981555772,-3.04379588200732e-09,3.87548128307376e-07
1.731,0.785398152804057,0.785398155618157,-2.81409973101887e-09,3.58302306036181e-07
1.7315,0.785398153080874,0.785398155658079,-2.57720456087185e-09,3.28139876177386e-07
1.732,0.785398153363066,0.785398155696977,-2.33391128645621e-09,2.97162814381977e-07
1.7325,0.785398153649829,0.785398155734865,-2.08503547760586e-09,2.65474962226354e-07
1.733,0.78539815394035,0.785398155771754,-1.83140458354103e-09,2.33181673817367e-07
1.7335,0.785398154233808,0.785398155807662,-1.57385438015467e-09,2.00389363446758e-07
1.734,0.785398154529379,0.785398155842605,-1.31322586138793e-09,1.67205109788802e-07
1.7345,0.785398154826241,0.785398155876602,-1.0503610203827e-09,1.33736118739962e-07
1.735,0.785398155123578,0.785398155909679,-7.861005180132e-10,1.0008942656712e-07
1.7355,0.785398155420582,0.785398155941861,-5.21278575860151e-10,6.63712496608373e-08
1.736,0.785398155716458,0.785398155973178,-2.56719867586241e-10,3.26865887329977e-08
1.7365,0.785398156010427,0.785398156003663,6.76381173292384e-12,8.6119525715023e-10
1.737,0.785398156301718,0.78539815603335,2.68368216538306e-10,3.4169702584662e-08
1.7375,0.785398156589566,0.785398156062271,5.27295429542107e-10,6.71373392651125e-08
1.738,0.785398156873218,0.78539815609046,7.82757858530658e-10,9.96638259433446e-08
1.7385,0.785398157151934,0.785398156117951,1.03398267725652e-09,1.31650763325413e-07
1.739,0.785398157424997,0.785398156144781,1.28021537815215e-09,1.6300208452414e-07
1.7395,0.785398157691712,0.785398156170987,1.52072510140044e-09,1.93624733577444e-07
1.74,0.785398157951415,0.785398156196607,1.75480763253688e-09,2.23429047114905e-07
1.7405,0.785398158203473,0.785398156221683,1.98178995436393e-09,2.52329333925505e-07
1.741,0.78539815844729,0.785398156246256,2.20103457682086e-09,2.80244426253774e-07
1.7415,0.785398158682312,0.785398156270371,2.41194142436285e-09,3.07097920108364e-07
1.742,0.785398158908009,0.785398156294071,2.6139377329315e-09,3.32816888904377e-07
1.7425,0.785398159123872,0.785398156317398,2.80647405315193e-09,3.57331374574621e-07
1.743,0.785398159329424,0.785398156340395,2.98902880224716e-09,3.80574967137347e-07
1.7435,0.785398159524214,0.785398156363102,3.16111192777413e-09,4.02485271177603e-07
1.744,0.785398159707829,0.785398156385561,3.32226790522583e-09,4.23004287513798e-07
1.7445,0.785398159879893,0.785398156407813,3.47208028994572e-09,4.42078992765442e-07
1.745,0.785398160040074,0.785398156429899,3.61017471472991e-09,4.5966172101971e-07
1.7455,0.785398160188083,0.785398156451861,3.73622188742928e-09,4.75710545498001e-07
1.746,0.785398160323683,0.785398156473742,3.84994081059631e-09,4.90189688494097e-07
1.7465,0.785398160446682,0.785398156495582,3.95110022477496e-09,5.03069705139547e-07
1.747,0.785398160556929,0.785398156517423,4.03950606298054e-09,5.14325886058427e-07
1.7475,0.785398160654298,0.785398156539301,4.11499689878525e-09,5.23937677799594e-07
1.748,0.785398160738701,0.785398156561254,4.17744649983121e-09,5.31889007960058e-07
1.7485,0.785398160810083,0.785398156583317,4.22676615929873e-09,5.38168582036751e-07
1.749,0.785398160868431,0.785398156605523,4.26290713839705e-09,5.42770194414094e-07
1.7495,0.785398160913768,0.785398156627906,4.2858621096542e-09,5.4569291212938e-07
1.75,0.785398160946163,0.785398156650495,4.29566759940769e-09,5.46941385860344e-07
1.7505,0.785398160965728,0.785398156673323,4.29240465393832e-09,5.46525934739952e-07
1.751,0.785398160972619,0.785398156696419,4.27620061582701e-09,5.4446277252918e-07
1.7515,0.785398160967039,0.78539815671981,4.2472287908879e-09,5.40773965209619e-07
1.752,0.785398160949223,0.785398156743524,4.20569901127266e-09,5.35486229440592e-07
1.7525,0.785398160919435,0.785398156767583,4.1518516402661e-09,5.28630169226035e-07
1.753,0.785398160877968,0.785398156792009,4.08595968170999e-09,5.20240544494666e-07
1.7535,0.785398160825148,0.785398156816819,4.0083282248915e-09,5.10356200420996e-07
1.754,0.785398160761327,0.785398156842032,3.91929477761011e-09,4.99020109832719e-07
1.7545,0.78539816068689,0.785398156867661,3.8192286000438e-09,4.86279288395928e-07
1.755,0.785398160602253,0.785398156893721,3.7085318149721e-09,4.72184935973095e-07
1.7555,0.78539816050786,0.785398156920223,3.58763718733002e-09,4.56792153907101e-07
1.756,0.785398160404187,0.785398156947178,3.45700890136413e-09,4.40160043971827e-07
1.7565,0.785398160291736,0.785398156974595,3.3171405622312e-09,4.2235145392778e-07
1.757,0.78539816017103,0.78539815700248,3.16855042203912e-09,4.03432369682749e-07
1.7575,0.785398160042613,0.785398157030835,3.01177727202173e-09,3.83471392267266e-07
1.758,0.785398159907043,0.785398157059663,2.84738022049424e-09,3.62539709563e-07
1.7585,0.785398159764896,0.785398157088961,2.67593569525104e-09,3.40710714636201e-07
1.759,0.785398159616762,0.785398157118726,2.49803666640958e-09,3.18059906787107e-07
1.7595,0.785398159463242,0.785398157148953,2.3142898708528e-09,2.94664538154982e-07
1.76,0.785398159304949,0.785398157179634,2.12531503507307e-09,2.70603514767523e-07
1.7605,0.785398159142505,0.785398157210764,1.93174110041383e-09,2.45956915923711e-07
1.761,0.785398158976536,0.785398157242331,1.7342047797797e-09,2.20805810428425e-07
1.7615,0.785398158807675,0.785398157274326,1.53334911434655e-09,1.95232072827067e-07
1.762,0.78539815863656,0.785398157306736,1.32982413969529e-09,1.69318468220346e-07
1.7625,0.785398158463831,0.785398157339546,1.12428555354427e-09,1.43148482634702e-07
1.763,0.785398158290129,0.785398157372737,9.17391163035575e-10,1.16805870676748e-07
1.7635,0.78539815811609,0.785398157406292,7.09798664288996e-10,9.03743728172948e-08
1.764,0.78539815794235,0.785398157440188,5.02161978666038e-10,6.39372489100055e-08
1.7645,0.785398157769533,0.785398157474404,2.95128699256964e-10,3.75769530680217e-08
1.765,0.785398157598255,0.785398157508918,8.93369822563272e-11,1.13747378616059e-08
1.7655,0.785398157429119,0.785398157543707,-1.14588005750704e-10,1.45897980274137e-08
1.766,0.785398157262711,0.785398157578747,-3.16036641301309e-10,4.02390349290109e-08
1.7665,0.785398157099599,0.785398157614015,-5.14416509389548e-10,6.549754422194e-08
1.767,0.78539815694034,0.785398157649486,-7.09145631105912e-10,9.02912260500221e-08
1.7675,0.785398156785478,0.785398157685131,-8.99652796704231e-10,1.14547351729541e-07
1.768,0.785398156635541,0.785398157720921,-1.08538078524845e-09,1.38194973687403e-07
1.7685,0.785398156491039,0.785398157756829,-1.26578947323708e-09,1.61165321263494e-07
1.769,0.785398156352464,0.785398157792823,-1.44035905425e-09,1.83392210648843e-07
1.7695,0.785398156220279,0.785398157828872,-1.60859325859519e-09,2.04812454823779e-07
1.77,0.785398156094926,0.785398157864948,-1.77002268397786e-09,2.25366287631888e-07
1.7705,0.785398155976813,0.785398157901021,-1.92420801514714e-09,2.4499777371817e-07
1.771,0.78539815586632,0.785398157937062,-2.07074213331992e-09,2.63655077109218e-07
1.7715,0.785398155763793,0.785398157973044,-2.20925122640381e-09,2.81290602571198e-07
1.772,0.785398155669553,0.785398158008938,-2.33938513005683e-09,2.97859765795376e-07
1.7725,0.785398155583897,0.785398158044713,-2.46081621746441e-09,3.13320852040129e-07
1.773,0.785398155507099,0.78539815808034,-2.57324128671854e-09,3.27635256439524e-07
1.7735,0.785398155439404,0.785398158115789,-2.6763848914868e-09,3.40767908077273e-07
1.774,0.785398155381027,0.785398158151029,-2.77000167248076e-09,3.52687566838504e-07
1.7745,0.785398155332153,0.785398158186032,-2.85387868892428e-09,3.63367120261534e-07
1.775,0.785398155292933,0.78539815822077,-2.92783741695501e-09,3.72783837982238e-07
1.7755,0.785398155263481,0.785398158255218,-2.99173674722653e-09,3.80919753400616e-07
1.776,0.785398155243877,0.785398158289351,-3.04547365104213e-09,3.87761748495582e-07
1.7765,0.785398155234163,0.785398158323147,-3.08898340239949e-09,3.9330158209656e-07
1.777,0.785398155234352,0.785398158356582,-3.12223003007261e-09,3.97534674204811e-07
1.7775,0.785398155244431,0.785398158389635,-3.14520387512118e-09,4.00459795005856e-07
1.778,0.785398155264359,0.785398158422282,-3.15792281213589e-09,4.02079220363269e-07
1.7785,0.785398155294068,0.785398158454502,-3.16043369252839e-09,4.02398915584051e-07
1.779,0.785398155333459,0.785398158486273,-3.15281412088808e-09,4.01428761591413e-07
1.7795,0.785398155382405,0.785398158517577,-3.13517212191528e-09,3.99182512517378e-07
1.78,0.785398155440748,0.785398158548396,-3.10764813882258e-09,3.95678050147154e-07
1.7805,0.785398155508301,0.785398158578716,-3.07041470026803e-09,3.90937341511742e-07
1.781,0.785398155584845,0.785398158608523,-3.02367797466729e-09,3.84986636789112e-07
1.7815,0.785398155670134,0.785398158637809,-2.96767455054692e-09,3.77856059366049e-07
1.782,0.785398155763895,0.785398158666562,-2.90266666258532e-09,3.69578997998806e-07
1.7825,0.785398155865834,0.785398158694772,-2.8289384168545e-09,3.60191626195963e-07
1.783,0.785398155975635,0.785398158722431,-2.74679645695386e-09,3.49732987033209e-07
1.7835,0.785398156092962,0.785398158749531,-2.65656896480948e-09,3.38244865931159e-07
1.784,0.785398156217457,0.785398158776064,-2.55860643783024e-09,3.25771889605942e-07
1.7845,0.785398156348746,0.785398158802026,-2.45327969050635e-09,3.12361271624833e-07
1.785,0.785398156486434,0.785398158827414,-2.340980076454e-09,2.98062840677838e-07
1.7855,0.78539815663011,0.785398158852228,-2.22211771205849e-09,2.82928814404929e-07
1.786,0.785398156779349,0.78539815887647,-2.09712103238502e-09,2.67013742852844e-07
1.7865,0.78539815693371,0.785398158900144,-1.96643457073264e-09,2.50374225759112e-07
1.787,0.785398157092739,0.785398158923255,-1.83051651614363e-09,2.33068601564491e-07
1.7875,0.785398157255971,0.785398158945808,-1.68983738113582e-09,2.15156777783383e-07
1.788,0.785398157422929,0.785398158967808,-1.54487878045728e-09,1.96700075510044e-07
1.7885,0.78539815759313,0.785398158989261,-1.39613132166261e-09,1.7776096083842e-07
1.789,0.785398157766083,0.785398159010176,-1.24409293977834e-09,1.5840283282516e-07
1.7895,0.785398157941295,0.785398159030563,-1.08926723196845e-09,1.38689811452644e-07
1.79,0.78539815811827,0.785398159050431,-9.32161126065978e-10,1.18686440777206e-07
1.7905,0.785398158296511,0.785398159069794,-7.73283104216205e-10,9.84574627563634e-08
1.791,0.785398158475527,0.785398159088668,-6.13140982430593e-10,7.80675345328399e-08
1.7915,0.785398158654828,0.785398159107068,-4.52239690140743e-10,5.75809457185971e-08
1.792,0.785398158833928,0.785398159125012,-2.91083601666742e-10,3.70619152466034e-08
1.7925,0.785398159012339,0.785398159142516,-1.30176647239466e-10,1.65746055066328e-08
1.793,0.785398159189577,0.785398159159598,2.99793523339531e-11,3.81708969171375e-09
1.7935,0.785398159365163,0.785398159176274,1.88888682473021e-10,2.40500540077574e-08
1.794,0.785398159538627,0.785398159192564,3.46062511979994e-10,4.40620475203315e-08
1.7945,0.785398159709509,0.785398159208487,5.01022667798168e-10,6.37921873449336e-08
1.795,0.785398159877365,0.785398159224062,6.53303522391013e-10,8.31811879423012e-08
1.7955,0.785398160041766,0.785398159239311,8.02454880322045e-10,1.02171728649175e-07
1.796,0.785398160202301,0.785398159254258,9.48043643589358e-10,1.20708665715278e-07
1.7965,0.785398160358581,0.785398159268924,1.08965692025009e-09,1.38739428105675e-07
1.797,0.785398160510228,0.785398159283334,1.22689469694848e-09,1.56213084538066e-07
1.7975,0.785398160656878,0.785398159297509,1.35936906175971e-09,1.730802445322e-07
1.798,0.785398160798179,0.785398159311473,1.48670631361369e-09,1.89293326990039e-07
1.7985,0.785398160933796,0.785398159325246,1.60854984887493e-09,2.04806927726533e-07
1.799,0.785398161063414,0.785398159338852,1.72456193769932e-09,2.19578045642387e-07
1.7995,0.78539816118674,0.785398159352313,1.83442683265866e-09,2.33566478526428e-07
1.8,0.785398161303503,0.785398159365651,1.93785198998597e-09,2.46734978549387e-07
1.8005,0.78539816141346,0.785398159378889,2.03457140024454e-09,2.59049676337855e-07
1.801,0.785398161516396,0.785398159392049,2.1243468095733e-09,2.7048023646807e-07
1.8015,0.785398161612125,0.785398159405156,2.20696916297669e-09,2.81000041231298e-07
1.802,0.785398161700482,0.785398159418231,2.28225105480817e-09,2.9058522939953e-07
1.8025,0.785398161781318,0.785398159431295,2.35002362014569e-09,2.99214300423118e-07
1.803,0.785398161854508,0.785398159444368,2.41013908830467e-09,3.06868439554146e-07
1.8035,0.785398161919944,0.785398159457471,2.46247244817255e-09,3.1353172988341e-07
1.804,0.785398161977544,0.785398159470622,2.50692222536486e-09,3.19191251291002e-07
1.8045,0.785398162027253,0.78539815948384,2.54341325778284e-09,3.23837433841281e-07
1.805,0.785398162069038,0.785398159497141,2.57189669561342e-09,3.2746405778287e-07
1.8055,0.785398162102897,0.785398159510544,2.59235255484214e-09,3.30068578672024e-07
1.806,0.785398162128856,0.785398159524067,2.6047899392978e-09,3.31652155644227e-07
1.8065,0.785398162146972,0.785398159537724,2.60924781780858e-09,3.32219750364781e-07
1.807,0.785398162157319,0.785398159551532,2.60578736366313e-09,3.31779151658708e-07
1.8075,0.785398162159994,0.785398159565504,2.59449006723145e-09,3.30340735202167e-07
1.808,0.78539816215511,0.785398159579652,2.57545784698721e-09,3.27917477658259e-07
1.8085,0.785398162142803,0.785398159593989,2.54881382666383e-09,3.24525055627615e-07
1.809,0.785398162123226,0.785398159608523,2.51470289036604e-09,3.20181916327385e-07
1.8095,0.785398162096557,0.785398159623265,2.47329168256982e-09,3.14909277591247e-07
1.81,0.785398162062992,0.785398159638224,2.42476883016707e-09,3.08731156140993e-07
1.8105,0.785398162022751,0.785398159653405,2.36934527553245e-09,3.01674409993935e-07
1.811,0.785398161976072,0.785398159668818,2.30725394345654e-09,2.93768696055502e-07
1.8115,0.785398161923217,0.785398159684468,2.23874874194507e-09,2.85046342897056e-07
1.812,0.785398161864461,0.785398159700359,2.16410189768368e-09,2.75542011496727e-07
1.8125,0.785398161800095,0.785398159716496,2.0835994041235e-09,2.65292115671667e-07
1.813,0.785398161730421,0.785398159732878,1.99754268681573e-09,2.54335034115032e-07
1.8135,0.785398161655755,0.785398159749508,1.90624649398785e-09,2.42710841815809e-07
1.814,0.785398161576423,0.785398159766384,1.81003845245442e-09,2.30461253515621e-07
1.8145,0.785398161492764,0.785398159783506,1.70925840148328e-09,2.17629538893933e-07
1.815,0.785398161405127,0.785398159800869,1.60425728257252e-09,2.0426038121007e-07
1.8155,0.785398161313869,0.785398159818473,1.49539614024974e-09,1.9039975008103e-07
1.816,0.785398161219356,0.785398159836312,1.38304456775984e-09,1.76094703580298e-07
1.8165,0.785398161121963,0.785398159854383,1.26757992990889e-09,1.61393289287263e-07
1.817,0.785398161022067,0.78539815987268,1.14938769613104e-09,1.46344586694609e-07
1.8175,0.785398160920054,0.785398159891195,1.02885888697557e-09,1.3099838208495e-07
1.818,0.78539816081631,0.785398159909921,9.06389407973052e-10,1.15405083716038e-07
1.8185,0.785398160711225,0.785398159928847,7.82377496122422e-10,9.96153966973949e-08
1.819,0.785398160605188,0.785398159947964,6.57223275801755e-10,8.36802664471179e-08
1.8195,0.785398160498588,0.785398159967261,5.31326316277614e-10,6.7650567704312e-08
1.82,0.78539816039181,0.785398159986727,4.05083522281302e-10,5.15768359489161e-08
1.8205,0.785398160285237,0.785398160006349,2.78888134808142e-10,3.55091401795157e-08
1.821,0.785398160179244,0.785398160026117,1.53127510671425e-10,1.94968001973714e-08
1.8215,0.7853981600742,0.785398160046018,2.81822343239924e-11,3.58827352002997e-09
1.822,0.785398159970468,0.785398160066039,-9.55706624949926e-11,1.21684346805162e-08
1.8225,0.785398159868408,0.785398160086166,-2.17758144849256e-10,2.7725828121024e-08
1.823,0.785398159768371,0.785398160106384,-3.38012950962252e-10,4.30371455797767e-08
1.8235,0.785398159670702,0.785398160126677,-4.55975590618607e-10,5.80566153409582e-08
1.824,0.785398159575734,0.78539816014703,-5.71296676632471e-10,7.27397520464239e-08
1.8245,0.785398159483789,0.785398160167427,-6.83638479159754e-10,8.70435545968804e-08
1.825,0.785398159395174,0.785398160187851,-7.92677035121869e-10,1.00926774732059e-07
1.8255,0.785398159310184,0.785398160208288,-8.98104257629484e-10,1.14350185610888e-07
1.826,0.785398159229092,0.785398160228722,-9.99629490294751e-10,1.27276779712673e-07
1.8265,0.785398159152157,0.785398160249137,-1.09697995132052e-09,1.39671825380294e-07
1.827,0.785398159079624,0.78539816026952,-1.18989584851903e-09,1.51502244845063e-07
1.8275,0.785398159011724,0.785398160289853,-1.27812915806658e-09,1.62736458732942e-07
1.828,0.785398158948674,0.78539816031012,-1.36144562290497e-09,1.7334464050892e-07
1.8285,0.785398158890678,0.785398160330304,-1.43962619603144e-09,1.83298900242389e-07
1.829,0.785398158837921,0.78539816035039,-1.51246914992242e-09,1.92573553187321e-07
1.8295,0.78539815879057,0.785398160370362,-1.57979163084576e-09,2.01145317683448e-07
1.83,0.785398158748772,0.785398160390203,-1.64143110215065e-09,2.08993498921643e-07
1.8305,0.785398158712654,0.785398160409901,-1.69724689857986e-09,2.16100186845099e-07
1.831,0.785398158682319,0.785398160429441,-1.74712178058201e-09,2.22450454050512e-07
1.8315,0.78539815865785,0.785398160448811,-1.79096115715538e-09,2.28032256837488e-07
1.832,0.78539815863931,0.785398160467998,-1.82868808984438e-09,2.32835799097607e-07
1.8325,0.785398158626748,0.785398160486989,-1.86024096127113e-09,2.36853235462656e-07
1.833,0.785398158620196,0.785398160505772,-1.88557536251466e-09,2.400789116132e-07
1.8335,0.785398158619668,0.785398160524333,-1.90466442617776e-09,2.42509406685983e-07
1.834,0.78539815862516,0.785398160542661,-1.91750082478848e-09,2.44143787718298e-07
1.8345,0.785398158636648,0.785398160560745,-1.92409643773317e-09,2.44983567240593e-07
1.835,0.785398158654091,0.785398160578574,-1.92448379454646e-09,2.45032887041853e-07
1.8355,0.785398158677424,0.785398160596141,-1.91871685206735e-09,2.44298617120191e-07
1.836,0.785398158706566,0.785398160613437,-1.9068708834169e-09,2.42790341547047e-07
1.8365,0.785398158741413,0.785398160630455,-1.88904214493135e-09,2.40520316059793e-07
1.837,0.785398158781848,0.785398160647191,-1.8653431022031e-09,2.37502860222395e-07
1.8375,0.785398158827736,0.785398160663637,-1.83590098679076e-09,2.33754173660031e-07
1.838,0.785398158878929,0.785398160679787,-1.8008580182638e-09,2.29292364330686e-07
1.8385,0.785398158935265,0.785398160695637,-1.76037129318019e-09,2.24137434389359e-07
1.839,0.785398158996568,0.785398160711181,-1.71461289610875e-09,2.18311294323854e-07
1.8395,0.785398159062646,0.785398160726416,-1.66377012167374e-09,2.11837791226383e-07
1.84,0.785398159133296,0.78539816074134,-1.60804447535412e-09,2.04742581571377e-07
1.8405,0.785398159208299,0.785398160755952,-1.5476521175728e-09,1.9705318775868e-07
1.841,0.785398159287428,0.785398160770251,-1.48282330858507e-09,1.88798927434554e-07
1.8415,0.785398159370439,0.78539816078424,-1.41380052109952e-09,1.80010673183109e-07
1.842,0.785398159457082,0.785398160797919,-1.34083744107727e-09,1.70720725304108e-07
1.8425,0.785398159547095,0.785398160811291,-1.26419652524135e-09,1.60962500825407e-07
1.843,0.785398159640208,0.785398160824358,-1.18414977823278e-09,1.50770632453535e-07
1.8435,0.785398159736146,0.785398160837122,-1.10097664318687e-09,1.4018069999353e-07
1.844,0.785398159834623,0.785398160849587,-1.01496389071087e-09,1.29229216213134e-07
1.8445,0.785398159935352,0.785398160861757,-9.26404286616389e-10,1.17953457213215e-07
1.845,0.78539816003804,0.785398160873636,-8.35596036807829e-10,1.06391391748771e-07
1.8455,0.785398160142391,0.785398160885232,-7.4284067785868e-10,9.45814126487546e-08
1.846,0.785398160248108,0.785398160896552,-6.48443188033809e-10,8.25623509518785e-08
1.8465,0.785398160354894,0.785398160907603,-5.52709655821104e-10,7.03731790548391e-08
1.847,0.785398160462447,0.785398160918396,-4.55948612199109e-10,5.80531803419022e-08
1.8475,0.785398160570466,0.785398160928937,-3.5847058654781e-10,4.5641892641708e-08
1.848,0.785398160678648,0.785398160939235,-2.60586663358708e-10,3.31789244618897e-08
1.8485,0.785398160786693,0.7853981609493,-1.62607372011792e-10,2.07038136310875e-08
1.849,0.7853981608943,0.785398160959141,-6.48406883740904e-11,8.25577285457414e-09
1.8495,0.785398161001176,0.785398160968767,3.24089644010428e-11,4.12643750793218e-09
1.85,0.785398161107031,0.785398160978189,1.28842159163867e-10,1.64046932076497e-08
1.8505,0.785398161211585,0.785398160987419,2.24166352147392e-10,2.85417464153088e-08
1.851,0.785398161314564,0.785398160996467,3.18096882168106e-10,4.05013529433394e-08
1.8515,0.785398161415706,0.785398161005347,4.10358635960506e-10,5.22484842828497e-08
1.852,0.785398161514753,0.785398161014071,5.0068238444112e-10,6.37488611222727e-08
1.8525,0.785398161611455,0.785398161022651,5.888044496416e-10,7.49689109399709e-08
1.853,0.785398161705566,0.785398161031098,6.74468147998653e-10,8.58759517696173e-08
1.8535,0.785398161796849,0.785398161039424,7.57425344666274e-10,9.6438390101376e-08
1.854,0.78539816188508,0.785398161047642,8.37438118850287e-10,1.06625932918881e-07
1.8545,0.785398161970042,0.785398161055762,9.14279874031365e-10,1.16409729057222e-07
1.855,0.785398162051535,0.785398161063798,9.87736892277269e-10,1.25762567104123e-07
1.8555,0.785398162129372,0.785398161071762,1.05760999957738e-09,1.34659087436926e-07
1.856,0.785398162203382,0.785398161079666,1.12371623117724e-09,1.43075994259562e-07
1.8565,0.785398162273412,0.785398161087523,1.18588849851164e-09,1.50992013195163e-07
1.857,0.785398162339318,0.785398161095345,1.24397248058017e-09,1.58387495483697e-07
1.8575,0.785398162400968,0.785398161103145,1.29782362634501e-09,1.65244036315405e-07
1.858,0.785398162458242,0.785398161110932,1.34731026335544e-09,1.71544870633169e-07
1.8585,0.785398162511031,0.785398161118718,1.39231326468092e-09,1.77274830725107e-07
1.859,0.785398162559241,0.785398161126513,1.43272793629023e-09,1.82420586533153e-07
1.8595,0.785398162602793,0.785398161134328,1.4684650162522e-09,1.86970772875246e-07
1.86,0.785398162641625,0.785398161142173,1.49945156291409e-09,1.90916102531716e-07
1.8605,0.78539816267569,0.785398161150057,1.52563206512468e-09,1.94249507603272e-07
1.861,0.78539816270496,0.785398161157991,1.54696899734574e-09,1.96966210189991e-07
1.8615,0.785398162729428,0.785398161165984,1.56344337476355e-09,1.99063793070315e-07
1.862,0.785398162749095,0.785398161174045,1.5750505344414e-09,2.00541662540705e-07
1.8625,0.785398162763979,0.785398161182181,1.58179780385126e-09,2.01400751563866e-07
1.863,0.785398162774105,0.7853981611904,1.58370561109678e-09,2.01643661126738e-07
1.8635,0.785398162779516,0.785398161198709,1.5808078179802e-09,2.0127470264789e-07
1.864,0.785398162780266,0.785398161207113,1.5731523861362e-09,2.00299982792309e-07
1.8645,0.785398162776421,0.785398161215619,1.56080148805415e-09,1.98727417607203e-07
1.865,0.785398162768064,0.785398161224232,1.54383228423427e-09,1.96566831472589e-07
1.8655,0.785398162755293,0.785398161232957,1.52233659012069e-09,1.93829914693894e-07
1.866,0.785398162738219,0.785398161241797,1.49642143121298e-09,1.90530294180956e-07
1.8665,0.785398162716967,0.785398161250758,1.46620882102155e-09,1.86683505176416e-07
1.867,0.785398162691675,0.785398161259843,1.43183231937627e-09,1.82306553045973e-07
1.8675,0.785398162662489,0.785398161269053,1.39343603322573e-09,1.77417786056189e-07
1.868,0.785398162629565,0.785398161278391,1.35117406152574e-09,1.72036824695499e-07
1.8685,0.785398162593068,0.785398161287858,1.30521027319475e-09,1.66184533402614e-07
1.869,0.785398162553172,0.785398161297453,1.2557184181361e-09,1.59883034702316e-07
1.8695,0.785398162510059,0.785398161307178,1.20288135008195e-09,1.53155610254876e-07
1.87,0.785398162463921,0.78539816131703,1.14689102659327e-09,1.46026700856045e-07
1.8705,0.785398162414957,0.78539816132701,1.08794739883677e-09,1.38521765079074e-07
1.871,0.785398162363374,0.785398161337116,1.0262586336296e-09,1.30667307546308e-07
1.8715,0.785398162309386,0.785398161347346,9.62040003216202e-10,1.22490737571201e-07
1.872,0.785398162253212,0.785398161357698,8.95513441179219e-10,1.14020312615125e-07
1.8725,0.785398162195075,0.785398161368169,8.26905766082575e-10,1.05284912114586e-07
1.873,0.785398162135203,0.785398161378755,7.56448792493813e-10,9.63140516170287e-08
1.8735,0.785398162073829,0.785398161389451,6.84377998716457e-10,8.71377131512503e-08
1.874,0.785398162011183,0.785398161400252,6.10931527589287e-10,7.77862180052141e-08
1.8745,0.785398161947502,0.785398161411153,5.3634952035253e-10,6.82901419112579e-08
1.875,0.785398161883021,0.785398161422148,4.60873006424833e-10,5.86801736881081e-08
1.8755,0.785398161817975,0.785398161433232,3.8474290420254e-10,4.89869880186926e-08
1.876,0.785398161752598,0.785398161444399,3.08199243903573e-10,3.92411464995507e-08
1.8765,0.785398161687123,0.785398161455643,2.31480279389018e-10,2.94729845544442e-08
1.877,0.78539816162178,0.785398161466957,1.54823709408447e-10,1.9712766928142e-08
1.8775,0.7853981615568,0.785398161478333,7.84668996445248e-11,9.99071595801745e-09
1.878,0.78539816149241,0.785398161489765,2.64510635616944e-12,3.36785401270526e-10
1.8785,0.785398161428834,0.785398161501244,-7.24095228221699e-11,9.219466787259e-09
1.879,0.785398161366292,0.785398161512761,-1.46468948081235e-10,1.8649005677279e-08
1.8795,0.785398161304998,0.785398161524308,-2.19310347659984e-10,2.79234607210309e-08
1.88,0.78539816124516,0.785398161535878,-2.90717783180128e-10,3.70153377902682e-08
1.8805,0.785398161186977,0.785398161547461,-3.60483309869153e-10,4.58981605342425e-08
1.881,0.785398161130642,0.78539816155905,-4.2840764269414e-10,5.45465551944951e-08
1.8815,0.785398161076335,0.785398161570636,-4.94300933517877e-10,6.29363495554468e-08
1.882,0.785398161024232,0.785398161582212,-5.57979551452092e-10,7.10441630062393e-08
1.8825,0.785398160974502,0.785398161593769,-6.19266193879753e-10,7.88474206765333e-08
1.883,0.785398160927306,0.785398161605297,-6.77990663611183e-10,8.63244523870994e-08
1.8835,0.785398160882798,0.785398161616789,-7.33990979107091e-10,9.34546340078029e-08
1.884,0.785398160841119,0.785398161628234,-7.871149287908e-10,1.00218585358785e-07
1.8845,0.785398160802404,0.785398161639625,-8.37220737182065e-10,1.06598255025253e-07
1.885,0.785398160766775,0.785398161650953,-8.84178175120098e-10,1.12577061715468e-07
1.8855,0.78539816073434,0.78539816166221,-9.27869669986592e-10,1.18140035618729e-07
1.886,0.785398160705197,0.785398161673388,-9.68191415928743e-10,1.23273959763361e-07
1.8865,0.785398160679429,0.785398161684482,-1.00505292977005e-09,1.27967313473515e-07
1.887,0.785398160657109,0.785398161695483,-1.03837394238582e-09,1.32209876566817e-07
1.8875,0.785398160638301,0.785398161706384,-1.06808317745788e-09,1.35992573860576e-07
1.888,0.785398160623059,0.785398161717178,-1.09411968374218e-09,1.39307644801367e-07
1.8885,0.785398160611426,0.785398161727859,-1.1164330571134e-09,1.42148671736635e-07
1.889,0.785398160603434,0.785398161738418,-1.13498455078798e-09,1.44510721272673e-07
1.8895,0.785398160599103,0.78539816174885,-1.14974763043563e-09,1.46390414953619e-07
1.89,0.785398160598441,0.785398161759149,-1.16070852929084e-09,1.47785999940449e-07
1.8905,0.785398160601443,0.78539816176931,-1.16786702530902e-09,1.48697447961567e-07
1.891,0.785398160608092,0.785398161779329,-1.17123666321106e-09,1.49126483584398e-07
1.8915,0.785398160618356,0.7853981617892,-1.17084419937186e-09,1.49076513536403e-07
1.892,0.785398160632194,0.785398161798922,-1.16672738137424e-09,1.48552343989099e-07
1.8925,0.785398160649556,0.785398161808489,-1.15893294960756e-09,1.47559926113691e-07
1.893,0.785398160670381,0.785398161817898,-1.14751719237915e-09,1.46106426760061e-07
1.8935,0.785398160694599,0.785398161827146,-1.1325466120482e-09,1.4420031327156e-07
1.894,0.785398160722132,0.785398161836229,-1.1140978140034e-09,1.41851339349213e-07
1.8945,0.785398160752889,0.785398161845146,-1.09225728461837e-09,1.39070516780116e-07
1.895,0.785398160786773,0.785398161853895,-1.06712205738546e-09,1.35870200252231e-07
1.8955,0.785398160823675,0.785398161862474,-1.03879915780425e-09,1.32264016675395e-07
1.896,0.785398160863477,0.785398161870883,-1.00740582542613e-09,1.28266893452912e-07
1.8965,0.785398160906054,0.785398161879123,-9.73068625675921e-10,1.23894945395168e-07
1.897,0.785398160951271,0.785398161887193,-9.35921784517291e-10,1.19165262682652e-07
1.8975,0.785398160998988,0.785398161895094,-8.96106522318973e-10,1.14095826051162e-07
1.898,0.785398161049057,0.785398161902828,-8.53770387720942e-10,1.08705421977018e-07
1.8985,0.785398161101327,0.785398161910394,-8.09067368656713e-10,1.03013656812855e-07
1.899,0.785398161155637,0.785398161917794,-7.62157226219529e-10,9.70408719728367e-08
1.8995,0.785398161211825,0.78539816192503,-7.13205272617756e-10,9.0808115661055e-08
1.9,0.785398161269723,0.785398161932105,-6.62381260951861e-10,8.4337001513545e-08
1.9005,0.785398161329161,0.78539816193902,-6.09859496236709e-10,7.76497227340843e-08
1.901,0.785398161389962,0.78539816194578,-5.55818169267752e-10,7.07689672794004e-08
1.9015,0.785398161451952,0.78539816195239,-5.00437913331098e-10,6.37177340937902e-08
1.902,0.785398161514949,0.785398161958852,-4.43902803404228e-10,5.65194603313062e-08
1.9025,0.785398161578773,0.785398161965172,-3.86399023888373e-10,4.91978517261743e-08
1.903,0.785398161643238,0.785398161971353,-3.28114979630811e-10,4.17768967285921e-08
1.9035,0.785398161708161,0.7853981619774,-2.69239630590334e-10,3.42806544677501e-08
1.904,0.785398161773356,0.785398161983318,-2.09962713881851e-10,2.67332830234287e-08
1.9045,0.785398161838639,0.785398161989112,-1.50473078441848e-10,1.91588273890198e-08
1.905,0.785398161903829,0.785398161994787,-9.09581299168849e-11,1.15811487925336e-08
1.9055,0.785398161968746,0.785398162000349,-3.16030535074674e-11,4.02382574600888e-09
1.906,0.785398162033214,0.785398162005804,2.74102962549705e-11,3.48998731247346e-09
1.9065,0.785398162097062,0.785398162011159,8.59038395972789e-11,1.09376165619842e-08
1.907,0.785398162160121,0.78539816201642,1.43701939236962e-10,1.8296699169163e-08
1.9075,0.785398162222224,0.785398162021593,2.00630845270666e-10,2.55451126092254e-08
1.908,0.785398162283205,0.785398162026685,2.56520249486414e-10,3.26611725671432e-08
1.9085,0.785398162342906,0.785398162031702,3.11203507408209e-10,3.96236612092413e-08
1.909,0.78539816240117,0.785398162036651,3.6451919260827e-10,4.64120250843783e-08
1.9095,0.785398162457848,0.785398162041537,4.16311429773941e-10,5.30064175313418e-08
1.91,0.785398162512799,0.785398162046367,4.66431337997619e-10,5.93878824442302e-08
1.9105,0.785398162565887,0.785398162051149,5.14737696910572e-10,6.55384390872443e-08
1.911,0.785398162616986,0.785398162055888,5.61097834861357e-10,7.1441195181076e-08
1.9115,0.78539816266598,0.785398162060592,6.05388406071938e-10,7.70804458534981e-08
1.912,0.785398162712759,0.785398162065267,6.47491837924008e-10,8.24412212938098e-08
1.9125,0.785398162757218,0.785398162069921,6.87297108115104e-10,8.75093857034268e-08
1.913,0.785398162799257,0.785398162074558,7.24699522614003e-10,9.22716090242843e-08
1.9135,0.785398162838787,0.785398162079185,7.59601936906051e-10,9.67155224326209e-08
1.914,0.785398162875723,0.785398162083808,7.91914978037767e-10,1.00829746610576e-07
1.9145,0.785398162909992,0.785398162088433,8.2155893199598e-10,1.04604132054767e-07
1.915,0.785398162941528,0.785398162093065,8.48463188596327e-10,1.08029688397293e-07
1.9155,0.785398162970277,0.785398162097709,8.72567906817778e-10,1.11098796442718e-07
1.916,0.785398162996196,0.785398162102372,8.93824014802647e-10,1.13805208168068e-07
1.9165,0.785398163019252,0.785398162107058,9.12193653945792e-10,1.16144103266024e-07
1.917,0.785398163039421,0.785398162111774,9.27647514359364e-10,1.18111749885762e-07
1.9175,0.785398163056686,0.785398162116522,9.40163613627476e-10,1.19705349139161e-07
1.918,0.785398163071037,0.785398162121309,9.49728073962319e-10,1.20923134051399e-07
1.9185,0.785398163082472,0.785398162126137,9.56335233226469e-10,1.21764383696746e-07
1.919,0.785398163090998,0.78539816213101,9.59988422088998e-10,1.22229522149162e-07
1.9195,0.785398163096631,0.785398162135931,9.60700186070085e-10,1.22320146753886e-07
1.92,0.785398163099397,0.785398162140905,9.58492396563315e-10,1.22039042263239e-07
1.9205,0.785398163099329,0.785398162145933,9.53396805947193e-10,1.21390251515616e-07
1.921,0.785398163096474,0.785398162151018,9.45455269629747e-10,1.20379103707084e-07
1.9215,0.785398163090884,0.785398162156164,9.34719524003924e-10,1.19012186119782e-07
1.922,0.785398163082622,0.785398162161373,9.21249077023845e-10,1.17297075541753e-07
1.9225,0.785398163071755,0.785398162166645,9.05110209004079e-10,1.1524221104475e-07
1.923,0.785398163058359,0.785398162171983,8.86375972619646e-10,1.12856893984243e-07
1.9235,0.785398163042513,0.785398162177387,8.65126525972926e-10,1.10151330406808e-07
1.924,0.785398163024306,0.785398162182858,8.4144857748214e-10,1.07136560371141e-07
1.9245,0.785398163003831,0.785398162188395,8.15435829970568e-10,1.03824514491247e-07
1.925,0.785398162981188,0.785398162194,7.87188092488122e-10,1.00227900850052e-07
1.9255,0.785398162956484,0.785398162199672,7.56812168489773e-10,9.6360318085795e-08
1.926,0.785398162929832,0.785398162205411,7.24420634590217e-10,9.22360998982406e-08
1.9265,0.785398162901348,0.785398162211216,6.90132062608484e-10,8.78703433202765e-08
1.927,0.785398162871156,0.785398162217086,6.54070131389517e-10,8.32787956315257e-08
1.9275,0.785398162839383,0.785398162223021,6.16362627603451e-10,7.84777271361586e-08
1.928,0.785398162806158,0.785398162229017,5.77141223701005e-10,7.34839028912963e-08
1.9285,0.785398162771614,0.785398162235073,5.36540811779673e-10,6.83144978922186e-08
1.929,0.785398162735886,0.785398162241187,4.94699503583718e-10,6.29870970723644e-08
1.9295,0.785398162699114,0.785398162247356,4.51757964370358e-10,5.75196104885399e-08
1.93,0.785398162661435,0.785398162253577,4.07858524731353e-10,5.19301602345303e-08
1.9305,0.785398162622993,0.785398162259847,3.63145069570692e-10,4.62370663053007e-08
1.931,0.785398162583927,0.785398162266165,3.17762482993089e-10,4.04587759180036e-08
1.9315,0.785398162544382,0.785398162272526,2.71855982170166e-10,3.46137786971873e-08
1.932,0.785398162504499,0.785398162278927,2.2557200551887e-10,2.87207197611844e-08
1.9325,0.785398162464422,0.785398162285365,1.79057546567662e-10,2.27983149073206e-08
1.933,0.785398162424294,0.785398162291835,1.32459376800398e-10,1.68652516613242e-08
1.9335,0.785398162384258,0.785398162298334,8.59236015671172e-11,1.09401327341322e-08
1.934,0.785398162344452,0.785398162304857,3.95952159948365e-11,5.04141947869561e-09
1.9345,0.785398162305016,0.785398162311399,-6.38322728008234e-12,8.12737739603311e-10
1.935,0.785398162266085,0.785398162317957,-5.1871951178839e-11,6.60454195034696e-09
1.9355,0.785398162227791,0.785398162324526,-9.67346203140096e-11,1.23166343928738e-08
1.936,0.785398162190262,0.785398162331101,-1.40839229167966e-10,1.79322076026672e-08
1.9365,0.785398162153621,0.785398162337679,-1.84058324137482e-10,2.34350336829524e-08
1.937,0.785398162117988,0.785398162344255,-2.26267227176891e-10,2.88092381319192e-08
1.9375,0.78539816208348,0.785398162350824,-2.67344257842694e-10,3.40393281143192e-08
1.938,0.785398162050212,0.785398162357383,-3.07171288405073e-10,3.91102631404588e-08
1.9385,0.785398162018291,0.785398162363925,-3.45634298959396e-10,4.40075257451919e-08
1.939,0.785398161987822,0.785398162370446,-3.82624487649252e-10,4.87172628459059e-08
1.9395,0.785398161958903,0.785398162376941,-4.18038936800258e-10,5.32263705573132e-08
1.94,0.785398161931626,0.785398162383407,-4.51780945986968e-10,5.75225365988468e-08
1.9405,0.785398161906077,0.785398162389837,-4.83760698166691e-10,6.15943251094522e-08
1.941,0.785398161882333,0.785398162396229,-5.13896258880209e-10,6.5431303869774e-08
1.9415,0.785398161860465,0.785398162402579,-5.42113798296384e-10,6.90240725737538e-08
1.942,0.785398161840537,0.785398162408882,-5.68344593609993e-10,7.23638811620678e-08
1.9425,0.785398161822609,0.785398162415135,-5.92525362108631e-10,7.54426722295231e-08
1.943,0.785398161806734,0.785398162421333,-6.14598705261926e-10,7.82531375682515e-08
1.9435,0.785398161792959,0.785398162427472,-6.34513441788442e-10,8.07887605751058e-08
1.944,0.785398161781324,0.785398162433549,-6.52225162767195e-10,8.30438869306521e-08
1.9445,0.785398161771863,0.78539816243956,-6.67697008793766e-10,8.50138235497605e-08
1.945,0.785398161764601,0.785398162445501,-6.80900225091818e-10,8.66949092605977e-08
1.9455,0.785398161759557,0.78539816245137,-6.91813717423884e-10,8.80844582614326e-08
1.946,0.785398161756739,0.785398162457164,-7.00425273336691e-10,8.91809156144211e-08
1.9465,0.78539816175615,0.785398162462881,-7.06731007049655e-10,8.99837865666125e-08
1.947,0.785398161757784,0.785398162468518,-7.10733916164941e-10,9.04934527845688e-08
1.9475,0.78539816176163,0.785398162474073,-7.12442660422141e-10,9.07110168605795e-08
1.948,0.785398161767672,0.785398162479544,-7.11871894765181e-10,9.06383447200577e-08
1.9485,0.785398161775886,0.785398162484929,-7.09042602409227e-10,9.02781080289359e-08
1.949,0.785398161786243,0.785398162490225,-7.03982760974498e-10,8.96338690084572e-08
1.9495,0.785398161798706,0.785398162495432,-6.9672645430785e-10,8.87099673487871e-08
1.95,0.785398161813233,0.785398162500548,-6.87315204750405e-10,8.75116898385961e-08
1.9505,0.785398161829775,0.785398162505572,-6.75796973936826e-10,8.60451431428725e-08
1.951,0.785398161848277,0.785398162510504,-6.62227384040648e-10,8.43174092967072e-08
1.9515,0.785398161868676,0.785398162515344,-6.46667830395131e-10,8.23363053967172e-08
1.952,0.785398161890905,0.785398162520091,-6.29185703537871e-10,8.01104118726432e-08
1.9525,0.785398161914893,0.785398162524746,-6.09852945920863e-10,7.76488887219678e-08
1.953,0.785398161940563,0.785398162529308,-5.887458298659e-10,7.49614472383184e-08
1.9535,0.785398161967833,0.785398162533779,-5.65945623698383e-10,7.20584348262587e-08
1.954,0.785398161996619,0.785398162538157,-5.41537814591209e-10,6.89507360506985e-08
1.9545,0.785398162026833,0.785398162542445,-5.15612108564767e-10,6.56497726368941e-08
1.955,0.785398162058381,0.785398162546643,-4.88262097420034e-10,6.21674610630519e-08
1.9555,0.785398162091166,0.785398162550752,-4.59585369760873e-10,5.85162266961276e-08
1.956,0.785398162125091,0.785398162554774,-4.29682622815619e-10,5.4708890705437e-08
1.9565,0.785398162160053,0.785398162558711,-3.98657995503982e-10,5.07587124700522e-08
1.957,0.785398162195948,0.785398162562566,-3.66617847191719e-10,4.6679234085017e-08
1.9575,0.785398162232669,0.78539816256634,-3.33670979735246e-10,4.2484308632944e-08
1.958,0.785398162270107,0.785398162570035,-2.99928304414721e-10,3.81880577766188e-08
1.9585,0.785398162308152,0.785398162573654,-2.65502286822539e-10,3.38048010800074e-08
1.959,0.785398162346692,0.785398162577199,-2.30506280729514e-10,2.93489711934643e-08
1.9595,0.785398162385617,0.785398162580672,-1.95054750129486e-10,2.48351421253298e-08
1.96,0.785398162424814,0.785398162584076,-1.59262047993991e-10,2.02778737481459e-08
1.9605,0.785398162464173,0.785398162587415,-1.23242194227657e-10,1.56916835270585e-08
1.961,0.785398162503582,0.785398162590691,-8.71086536236021e-11,1.10910182482208e-08
1.9615,0.785398162542934,0.785398162593908,-5.09736697296148e-11,6.49016920400153e-09
1.962,0.78539816258212,0.785398162597069,-1.49487089373679e-11,1.90332873617927e-09
1.9625,0.785398162621033,0.785398162600178,2.08552064506762e-11,2.65536735666168e-09
1.963,0.785398162659566,0.785398162603238,5.63281643550795e-11,7.17192463392288e-09
1.9635,0.785398162697613,0.785398162606252,9.13615849640337e-11,1.16325182845889e-08
1.964,0.785398162735072,0.785398162609223,1.25849441978687e-10,1.60236486210118e-08
1.9645,0.785398162771844,0.785398162612155,1.59688262613145e-10,2.03321410789109e-08
1.965,0.78539816280783,0.785398162615052,1.92777793728283e-10,2.45452310321648e-08
1.9655,0.785398162842939,0.785398162617917,2.25021890010169e-10,2.86506768791993e-08
1.966,0.785398162877082,0.785398162620754,2.56328513970061e-10,3.26367600429881e-08
1.9665,0.785398162910176,0.785398162623566,2.86610624122829e-10,3.64923980574412e-08
1.967,0.785398162942142,0.785398162626357,3.15784731697022e-10,4.02069608020232e-08
1.9675,0.785398162972901,0.785398162629131,3.43770012456446e-10,4.37701574153646e-08
1.968,0.78539816300238,0.785398162631891,3.70489194878587e-10,4.71721493816509e-08
1.9685,0.78539816303051,0.785398162634641,3.95869115266123e-10,5.0403621209615e-08
1.969,0.785398163057224,0.785398162637383,4.19841161836132e-10,5.34558369757318e-08
1.9695,0.785398163082462,0.785398162640121,4.42341718809303e-10,5.63206968674126e-08
1.97,0.78539816310617,0.785398162642857,4.63312943566052e-10,5.89908361335948e-08
1.9705,0.785398163128299,0.785398162645596,4.82702877668828e-10,6.14596392205412e-08
1.971,0.785398163148806,0.78539816264834,5.00466224018226e-10,6.37213387224292e-08
1.9715,0.785398163167656,0.785398162651092,5.16564013786081e-10,6.57709729739557e-08
1.972,0.785398163184817,0.785398162653855,5.30962385170142e-10,6.76042305565527e-08
1.9725,0.785398163200264,0.785398162656632,5.43631806237954e-10,6.92173513477967e-08
1.973,0.785398163213972,0.785398162659425,5.54547519016069e-10,7.06071830646033e-08
1.9735,0.785398163225926,0.785398162662236,5.63689983579252e-10,7.17712378064218e-08
1.974,0.785398163236113,0.785398162665068,5.71044878050486e-10,7.27076920552348e-08
1.9745,0.785398163244526,0.785398162667923,5.76603653712482e-10,7.34154573545512e-08
1.975,0.785398163251166,0.785398162670802,5.80363979096887e-10,7.38942368526008e-08
1.9755,0.785398163256037,0.785398162673707,5.82329517939684e-10,7.4144497030737e-08
1.976,0.785398163259151,0.785398162676641,5.82510262248093e-10,7.41675101108322e-08
1.9765,0.785398163260527,0.785398162679604,5.80923087412089e-10,7.39654247342713e-08
1.977,0.785398163260187,0.785398162682598,5.77589642780652e-10,7.35409973817782e-08
1.9775,0.78539816325816,0.785398162685624,5.72535685527953e-10,7.28975075586245e-08
1.978,0.785398163254475,0.785398162688683,5.65791857809472e-10,7.20388567452194e-08
1.9785,0.785398163249169,0.785398162691776,5.57393242672788e-10,7.09695118539157e-08
1.979,0.785398163242283,0.785398162694903,5.47379586102181e-10,6.96945335006063e-08
1.9795,0.78539816323386,0.785398162698065,5.3579496395173e-10,6.82195335973294e-08
1.98,0.78539816322395,0.785398162701262,5.22688448079123e-10,6.65507601670591e-08
1.9805,0.785398163212607,0.785398162704493,5.08113773278751e-10,6.46950549363103e-08
1.981,0.785398163199889,0.78539816270776,4.92128893192501e-10,6.26597967919439e-08
1.9815,0.785398163185858,0.785398162711061,4.7479642439896e-10,6.04529583243615e-08
1.982,0.78539816317058,0.785398162714398,4.56182536190397e-10,5.80829644695193e-08
1.9825,0.785398163154124,0.785398162717768,4.36356506483548e-10,5.55586359657339e-08
1.983,0.785398163136562,0.785398162721172,4.15390610797317e-10,5.28891752178837e-08
1.9835,0.785398163117967,0.785398162724607,3.9335956714126e-10,5.00840956184159e-08
1.984,0.785398163098416,0.785398162728075,3.703409801048e-10,4.71532780905409e-08
1.9845,0.785398163077986,0.785398162731572,3.46414674723405e-10,4.41068862734408e-08
1.985,0.78539816305676,0.785398162735098,3.2166236341169e-10,4.09553241148737e-08
1.9855,0.785398163034819,0.785398162738651,2.9616775698571e-10,3.7709250006972e-08
1.986,0.785398163012246,0.78539816274223,2.70015898529152e-10,3.43794919714514e-08
1.9865,0.785398162989127,0.785398162745834,2.43293163393332e-10,3.09770476596104e-08
1.987,0.785398162965547,0.78539816274946,2.16087148174893e-10,2.7513070216532e-08
1.9875,0.785398162941594,0.785398162753108,1.88486781738106e-10,2.39988824168823e-08
1.988,0.785398162917355,0.785398162756774,1.60581326014153e-10,2.04458494427229e-08
1.9885,0.785398162892918,0.785398162760457,1.3246037600112e-10,1.68653788835115e-08
1.989,0.785398162868368,0.785398162764155,1.04213637719397e-10,1.3268892464504e-08
1.9895,0.785398162843795,0.785398162767865,7.59300400332563e-11,9.6677129603666e-09
1.99,0.785398162819282,0.785398162771584,4.76977346508534e-11,6.07306419517511e-09
1.9905,0.785398162794915,0.785398162775312,1.96034299904113e-11,2.49598622762389e-09
1.991,0.785398162770777,0.785398162779045,-8.26771984208108e-12,1.05267878477292e-09
1.9915,0.785398162746948,0.785398162782781,-3.58327811866843e-11,4.56237140047286e-09
1.992,0.785398162723509,0.785398162786518,-6.30098195841811e-11,8.02265940012074e-09
1.9925,0.785398162700536,0.785398162790254,-8.97180107983786e-11,1.14232519223472e-08
1.993,0.785398162678107,0.785398162793986,-1.15878306949924e-10,1.47540842785602e-08
1.9935,0.785398162656297,0.785398162797711,-1.41413547538605e-10,1.80053320887437e-08
1.994,0.785398162635177,0.785398162801426,-1.66249236599469e-10,2.11675102320477e-08
1.9945,0.785398162614816,0.78539816280513,-1.90313653725127e-10,2.42314869825866e-08
1.995,0.78539816259528,0.785398162808819,-2.13538853266471e-10,2.7188611231627e-08
1.9955,0.785398162576632,0.785398162812492,-2.35860109221164e-10,3.00306418085941e-08
1.996,0.785398162558928,0.785398162816146,-2.57217580568181e-10,3.27499595180511e-08
1.9965,0.785398162542223,0.785398162819778,-2.77555090022474e-10,3.53394116459142e-08
1.997,0.785398162526568,0.785398162823388,-2.96819790968073e-10,3.77922695520575e-08
1.9975,0.78539816251201,0.785398162826972,-3.14961945413472e-10,4.01022003987151e-08
1.998,0.785398162498594,0.785398162830528,-3.31934479902429e-10,4.22632106072872e-08
1.9985,0.78539816248636,0.785398162834054,-3.47694428803891e-10,4.42698296237218e-08
1.999,0.785398162475346,0.785398162837548,-3.6220271226739e-10,4.61170816469173e-08
1.9995,0.785398162465584,0.785398162841008,-3.75424358267651e-10,4.78005139003194e-08
2,0.785398162457103,0.785398162844432,-3.87329168738404e-10,4.93162814467134e-08
