0.5,-0.00311944259186644,1.64643520789645
0.500125,-0.00447287945698471,1.64687136523745
0.50025,-0.00582368076499716,1.64730767521899
0.500375,-0.00717109674557688,1.64774436540171
0.5005,-0.0085143794737534,1.64818166228854
0.500625,-0.00985278328520912,1.64861979088735
0.50075,-0.0111855651903394,1.64905897387056
0.500875,-0.0125119852868464,1.64949943017587
0.501,-0.0138313071706371,1.64994137290535
0.501125,-0.0151427983447977,1.65038500641171
0.50125,-0.0164457306264175,1.65083052251537
0.501375,-0.0177393805510351,1.65127809588159
0.5015,-0.0190230297744839,1.65172787869851
0.501625,-0.0202959654719119,1.6521799949276
0.50175,-0.0215574807337559,1.6526345345256
0.501875,-0.0228068749584487,1.65309154813429
0.502,-0.0240434542416417,1.65355104276994
0.502125,-0.0252665317617268,1.65401297899274
0.50225,-0.0264754281614427,1.65447726988775
0.502375,-0.0276694719253546,1.65494378195688
0.5025,-0.0288479997529962,1.65541233774125
0.502625,-0.0300103569274682,1.65588271971922
0.50275,-0.0311558976792869,1.65635467481267
0.502875,-0.0322839855452812,1.6568279187288
0.503,-0.0333939937223397,1.6573021393958
0.503125,-0.034485305415809,1.65777699892957
0.50325,-0.0355573141823518,1.65825213389979
0.503375,-0.0366094242670718,1.6587271541576
0.5035,-0.0376410509347211,1.65920164116049
0.503625,-0.0386516207948021,1.65967514758946
0.50375,-0.039640572120387,1.66014720103179
0.503875,-0.0406073551604746,1.66061731534396
0.504,-0.0415514324457121,1.6610850134266
0.504125,-0.0424722790873116,1.66154986358339
0.50425,-0.0433693830689957,1.66201152746121
0.504375,-0.0442422455318078,1.66246981091494
0.5045,-0.0450903810516312,1.66292470258251
0.504625,-0.0459133179092608,1.66337638350845
0.50475,-0.0467105983528777,1.66382519895847
0.504875,-0.0474817788527809,1.66427159865652
0.505,-0.0482264303482339,1.6647160649979
0.505125,-0.048944138486289,1.66515905136541
0.50525,-0.0496345038524561,1.66560094402967
0.505375,-0.0502971421930881,1.66604204880975
0.5055,-0.0509316846293586,1.66648259539459
0.505625,-0.0515377778627129,1.66692275030264
0.50575,-0.0521150843716777,1.66736263168822
0.505875,-0.0526632825999203,1.66780232243587
0.506,-0.0531820671354515,1.66824188040042
0.506125,-0.0536711488808742,1.66868134590615
0.50625,-0.0541302552145804,1.66912074705816
0.506375,-0.0545591301428083,1.66956010345103
0.5065,-0.0549575344424747,1.66999942874942
0.506625,-0.0553252457947019,1.67043873248744
0.50675,-0.0556620589089659,1.6708780213319
0.506875,-0.0559677856377953,1.67131729997694
0.507,-0.0562422550819579,1.67175657178351
0.507125,-0.0564853136860752,1.67219583925193
0.50725,-0.0566968253246125,1.67263510440125
0.507375,-0.0568766713781953,1.67307436912278
0.5075,-0.0570247508002093,1.67351363558347
0.507625,-0.0571409801736481,1.67395290678214
0.50775,-0.0572252937581741,1.6743921874192
0.507875,-0.0572776435273689,1.67483148534956
0.508,-0.0572979991961492,1.67527081407912
0.508125,-0.0572863482383353,1.67571019709932
0.50825,-0.0572426958943596,1.67614967543706
0.508375,-0.0571670651691128,1.67658932080008
0.5085,-0.057059496819926,1.67702925840248
0.508625,-0.0569200493346972,1.67746970640025
0.50875,-0.0567487989001725,1.67791104347208
0.508875,-0.0565458393604002,1.6783539231227
0.509,-0.0563112821653795,1.67879946285187
0.509125,-0.0560452563099324,1.67924954576987
0.50925,-0.0557479082628326,1.67970727039782
0.509375,-0.0554194018862294,1.68017753983528
0.5095,-0.0550599183454127,1.68066763055032
0.509625,-0.054669656008966,1.68118726066432
0.50975,-0.0542488303393658,1.68174731561112
0.509875,-0.0537976737740845,1.68235662136242
0.51,-0.0533164355972653,1.68301772586337
0.510125,-0.0528053818020374,1.6837244441639
0.51025,-0.0522647949435497,1.68446296011036
0.510375,-0.0516949739828027,1.6852151642067
0.5105,-0.0510962341213657,1.68596221989429
0.510625,-0.0504689066270705,1.68668826669415
0.51075,-0.0498133386507778,1.68738448265872
0.510875,-0.049129893034318,1.68805122653362
0.511,-0.0484189481097129,1.68869555754444
0.511125,-0.047680897489788,1.6893261646783
0.51125,-0.0469161498502936,1.68994984936874
0.511375,-0.0461251287036533,1.69057060582822
0.5115,-0.0453082721644659,1.69119011715039
0.511625,-0.0444660327068909,1.69180856193003
0.51175,-0.0435988769140519,1.69242525879873
0.511875,-0.0427072852195956,1.69303906816101
0.512,-0.0417917516415515,1.69364861390571
0.512125,-0.040852783508638,1.69425240897805
0.51225,-0.0398909011791675,1.69484894985204
0.512375,-0.038906637752706,1.69543681937774
0.5125,-0.0379005387746469,1.69601481031519
0.512625,-0.0368731619338632,1.69658205284074
0.51275,-0.0358250767536049,1.69713810903755
0.512875,-0.0347568642758139,1.69768300028202
0.513,-0.0336691167390304,1.69821715967291
0.513125,-0.03256243725007,1.69874133510842
0.51325,-0.0314374394496538,1.69925648951222
0.513375,-0.030294747172176,1.6997637414263
0.5135,-0.0291349940997988,1.70026436121047
0.513625,-0.0279588234110648,1.70075979516155
0.51375,-0.0267668874242241,1.70125165562142
0.513875,-0.0255598472354715,1.70174162297697
0.514,-0.0243383723522962,1.70223126554964
0.514125,-0.0231031403221467,1.70272185080315
0.51425,-0.0218548363566163,1.70321423254896
0.514375,-0.0205941529513595,1.70370884767551
0.5145,-0.0193217895019475,1.70420579594662
0.514625,-0.018038451915879,1.70470495196985
0.51475,-0.0167448522209583,1.70520606873909
0.514875,-0.015441708170261,1.70570885409402
0.515,-0.0141297428439045,1.70621301832176
0.515125,-0.0128096842478452,1.70671829902188
0.51525,-0.0114822649099243,1.70722447090686
0.515375,-0.0101482214733873,1.70773134688617
0.5155,-0.00880829428810253,1.70823877478796
0.515625,-0.00746322699970464,1.70874663235648
0.51575,-0.00611376613689243,1.70925482196136
0.515875,-0.00476066069710934,1.70976326570598
0.516,-0.00340466173083666,1.71027190119577
0.516125,-0.00204652192473035,1.71078067800445
0.51625,-0.000686995183832785,1.7112895547717
0.516375,0.00067316378690863,1.7117984968261
0.5165,0.0020331999015836,1.71230747421929
0.516625,0.00339235811248933,1.71281646006419
0.51675,0.00474988382929635,1.71332542908076
0.516875,0.00610502333797716,1.71383435626345
0.517,0.0074570242192649,1.71434321559134
0.517125,0.00880513576640996,1.71485197870517
0.51725,0.0101486094020022,1.71536061347319
0.517375,0.0114866990936278,1.71586908236139
0.5175,0.012818661768129,1.7163773405121
0.517625,0.0141437577242384,1.71688533342022
0.51775,0.0154612510433563,1.71739299407987
0.517875,0.0167704099982448,1.71790023946026
0.518,0.0180705074594111,1.71840696616769
0.518125,0.0193608212989543,1.71891304517507
0.51825,0.0206406347916504,1.71941831558287
0.518375,0.0219092370130547,1.71992257756413
0.5185,0.0231659232343988,1.72042558502325
0.518625,0.0244099953140634,1.72092703917991
0.51875,0.025640762085409,1.72142658541878
0.518875,0.0268575397407503,1.72192381742349
0.519,0.028059652211259,1.72241829472116
0.519125,0.0292464315425858,1.72290958157641
0.51925,0.0304172182659913,1.72339731480894
0.519375,0.0315713617647808,1.72388130223412
0.5195,0.0327082206358387,1.72436163861125
0.519625,0.0338271630460617,1.72483880353723
0.51975,0.0349275670834928,1.72531368879893
0.519875,0.0360088211029608,1.72578751521934
0.52,0.0370703240660331,1.72626165260605
0.520125,0.0381114858750935,1.72673741996658
0.52025,0.0391317277013584,1.72721595839545
0.520375,0.0401304823066489,1.72769821799966
0.5205,0.0411071943587416,1.72818503157644
0.520625,0.0420613207401208,1.72867721594928
0.52075,0.0429923308499608,1.72917565211591
0.520875,0.0438997068991721,1.72968132017796
0.521,0.0447829441983446,1.73019528335239
0.521125,0.0456415514384301,1.73071862427153
0.52125,0.0464750509640067,1.73125234237348
0.521375,0.0472829790389735,1.7317972288312
0.5215,0.0480648861045274,1.73235374534716
0.521625,0.0488203370292793,1.73292194034953
0.52175,0.0495489113513696,1.73350143507168
0.521875,0.0502502035124488,1.73409150272024
0.522,0.0509238230833926,1.73469125338314
0.522125,0.0515693949816269,1.73529993307738
0.52225,0.0521865596799396,1.73591734827095
0.522375,0.0527749734066657,1.73654441436767
0.5225,0.0533343083371317,1.73718369968598
0.522625,0.0538642527762545,1.73783937995618
0.52275,0.0543645113321916,1.73851520479506
0.522875,0.0548348050809474,1.73920937493784
0.523,0.0552748717218425,1.7399094215782
0.523125,0.0556844657237602,1.7405939465941
0.52325,0.056063358462088,1.74124174921607
0.523375,0.0564113383462784,1.74184090079864
0.5235,0.0567282109379572,1.74239164618679
0.523625,0.0570137990595141,1.74290277738972
0.52375,0.0572679428931137,1.74338571849857
0.523875,0.0574905000700735,1.74385044547315
0.524,0.0576813457505564,1.74430413102867
0.524125,0.0578403726935357,1.74475139322763
0.52425,0.0579674913169916,1.74519501826251
0.524375,0.0580626297483058,1.74563662251795
0.5245,0.0581257338648263,1.74607712077368
0.524625,0.0581567673245793,1.7465170219481
0.52475,0.0581557115871105,1.74695660537146
0.524875,0.0581225659244439,1.74739602248283
0.525,0.0580573474221526,1.74783535434106
0.525125,0.0579600909705386,1.74827464370276
0.52525,0.0578308492459289,1.74871391271887
0.525375,0.0576696926820948,1.74915317259916
0.5255,0.0574767094318128,1.74959242883541
0.525625,0.057252005318586,1.75003168399148
0.52575,0.0569957037785537,1.75047093917325
0.525875,0.0567079457926201,1.75091019479003
0.526,0.0563888898088405,1.75134945094059
0.526125,0.0560387116551067,1.75178870760359
0.52625,0.0556576044421802,1.7522279647285
0.526375,0.0552457784571272,1.75266722227776
0.5265,0.054803461047213,1.7531064802471
0.526625,0.0543308964943207,1.75354573867774
0.52675,0.053828345879964,1.75398499766757
0.526875,0.0532960869409675,1.75442425738601
0.527,0.0527344139158955,1.75486351809575
0.527125,0.0521436373823131,1.75530278018452
0.52725,0.0515240840849705,1.75574204421031
0.527375,0.0508760967550056,1.75618131096484
0.5275,0.050200033920264,1.75662058156097
0.527625,0.0494962697068421,1.75705985755059
0.52775,0.0487651936319635,1.75749914108151
0.527875,0.0480072103883028,1.75793843510669
0.528,0.0472227396198756,1.75837774366284
0.528125,0.0464122156896209,1.75881707224169
0.52825,0.0455760874388026,1.75925642828502
0.528375,0.0447148179383636,1.75969582184492
0.5285,0.0438288842323723,1.76013526646081
0.528625,0.0429187770737007,1.76057478031748
0.52875,0.0419850006520826,1.76101438776581
0.528875,0.0410280723147021,1.76145412130898
0.529,0.0400485222794672,1.76189402416794
0.529125,0.0390468933411271,1.76233415351861
0.52925,0.0380237405703969,1.76277458440966
0.529375,0.0369796310062555,1.76321541418264
0.5295,0.0359151433415883,1.76365676688884
0.529625,0.0348308676023483,1.7640987967321
0.52975,0.0337274048204137,1.76454168906585
0.529875,0.0326053667003235,1.76498565717724
0.53,0.031465375280076,1.76543093334055
0.530125,0.0303080625861777,1.76587775367353
0.53025,0.029134070283135,1.76632633808703
0.530375,0.027944049317582,1.7667768684846
0.5305,0.0267386595572424,1.76722946945952
0.530625,0.0255185694249258,1.76768419540843
0.53075,0.0242844555277611,1.7681410263041
0.530875,0.0230370022818731,1.76859987210435
0.531,0.0217769015327101,1.76906058387215
0.531125,0.0205048521712332,1.7695229687402
0.53125,0.0192215597461808,1.76998680590767
0.531375,0.0179277360726226,1.77045186155304
0.5315,0.0166240988370212,1.77091790144371
0.531625,0.0153113711990195,1.77138470080144
0.53175,0.0139902813901753,1.7718520515067
0.531875,0.0126615623098669,1.77231976699452
0.532,0.0113259511185911,1.772787685277
0.532125,0.00998418882888295,1.77325567050139
0.53225,0.00863701989408101,1.77372361338001
0.532375,0.00728519179516879,1.77419143074919
0.5325,0.00592945462592015,1.7746590644479
0.532625,0.00457056067657974,1.77512647965775
0.53275,0.00320926401630928,1.77559366281432
0.532875,0.0018463200746315,1.77606061917934
0.533,0.000482485222104137,1.77652737014945
0.533125,-0.000881483649543249,1.77699395036698
0.53325,-0.00224482954757654,1.77746040468855
0.533375,-0.00360679579849515,1.77792678505803
0.5335,-0.00496662646810761,1.77839314732176
0.533625,-0.00632356678121135,1.77885954801674
0.53375,-0.00767686354064383,1.77932604115824
0.533875,-0.00902576554547208,1.7797926750513
0.534,-0.0103695240080887,1.78025948915297
0.534125,-0.0117073929699824,1.78072651101674
0.53425,-0.0130386297159526,1.78119375335815
0.534375,-0.0143624951865377,1.78166121128928
0.5345,-0.0156782543884281,1.78212885977991
0.534625,-0.0169851768026359,1.78259665141401
0.53475,-0.018282536790195,1.78306451452416
0.534875,-0.0195696139951659,1.78353235180516
0.535,-0.0208456937447213,1.78400003953743
0.535125,-0.0221100674460903,1.7844674275929
0.53525,-0.0233620329801415,1.78493434045717
0.535375,-0.0246008950913845,1.78540057957657
0.5355,-0.0258259657741754,1.78586592741598
0.535625,-0.0270365646549101,1.78633015366251
0.53575,-0.0282320193699935,1.78679302397735
0.535875,-0.0294116659393755,1.78725431151162
0.536,-0.0305748491354444,1.78771381098486
0.536125,-0.0317209228470746,1.78817135444365
0.53625,-0.0328492504386251,1.78862682694482
0.536375,-0.0339592051036901,1.78908017958684
0.5365,-0.0350501702134043,1.78953143694861
0.536625,-0.0361215396591098,1.78998069650747
0.53675,-0.0371727181891949,1.79042811915293
0.536875,-0.0382031217399157,1.79087391212301
0.537,-0.0392121777600181,1.79131830771434
0.537125,-0.0401993255289803,1.79176154204952
0.53725,-0.0411640164686961,1.7922038376397
0.537375,-0.0421057144484298,1.79264539183916
0.5375,-0.0430238960828687,1.79308637139897
0.537625,-0.0439180510231121,1.79352691194737
0.53775,-0.0447876822404304,1.793967120654
0.537875,-0.0456323063026405,1.79440708043727
0.538,-0.0464514536429409,1.79484685452149
0.538125,-0.0472446688210587,1.79528649064953
0.53825,-0.048011510776563,1.79572602465023
0.538375,-0.0487515530742024,1.79616548330356
0.5385,-0.0494643841411323,1.79660488656835
0.538625,-0.0501496074958984,1.79704424927976
0.53875,-0.0508068419690497,1.79748358242857
0.538875,-0.0514357219152578,1.79792289412288
0.539,-0.0520358974168248,1.79836219031432
0.539125,-0.0526070344784667,1.79880147534903
0.53925,-0.0531488152132632,1.79924075238529
0.539375,-0.0536609380196707,1.79968002370806
0.5395,-0.0541431177495003,1.80011929096381
0.539625,-0.0545950858667668,1.80055855533452
0.53975,-0.0550165905973199,1.80099781766545
0.539875,-0.0554073970691751,1.80143707855822
0.54,-0.0557672874434654,1.80187633843848
0.540125,-0.056096061035941,1.80231559760533
0.54025,-0.0563935344289491,1.8027548562673
0.540375,-0.0566595415738315,1.80319411456886
0.5405,-0.0568939338836828,1.80363337261078
0.540625,-0.0570965803164172,1.80407263046795
0.54075,-0.0572673674480976,1.80451188820862
0.540875,-0.0574061995364859,1.80495114592109
0.541,-0.0575129985747794,1.80539040375838
0.541125,-0.0575877043355017,1.80582966201928
0.54125,-0.0576302744045257,1.80626892129834
0.541375,-0.0576406842052068,1.80670818276428
0.5415,-0.0576189270126151,1.80714744867374
0.541625,-0.0575650139578564,1.80758672331253
0.54175,-0.0574789740224809,1.80802601470695
0.541875,-0.0573608540229804,1.80846533771219
0.542,-0.0572107185853849,1.80890471954683
0.542125,-0.0570286501099698,1.80934420964274
0.54225,-0.0568147487260947,1.80978389705063
0.542375,-0.0565691322371976,1.81022394095713
0.5425,-0.0562919360559755,1.81066462368351
0.542625,-0.0559833131297862,1.81110644155559
0.54275,-0.0556434338563134,1.81155025775121
0.542875,-0.0552724859895402,1.81199755149421
0.543,-0.0548706745360848,1.81245080264896
0.543125,-0.0544382216419537,1.81291402630914
0.54325,-0.0539753664697763,1.81339336133019
0.543375,-0.0534823650665882,1.81389733184553
0.5435,-0.0529594902222364,1.81443594917188
0.543625,-0.0524070313184846,1.81501767570545
0.54375,-0.0518252941689026,1.81564448857444
0.543875,-0.0512146008496272,1.81630792977637
0.544,-0.05057528952109,1.81699026152354
0.544125,-0.0499077142408091,1.81767183830297
0.54425,-0.0492122447673494,1.81833992877059
0.544375,-0.0484892663555598,1.81899150618298
0.5445,-0.0477391795432007,1.81962921271606
0.544625,-0.0469623999290792,1.82025655036582
0.54475,-0.046159357942817,1.82087571980806
0.544875,-0.0453304986063762,1.82148740261296
0.545,-0.0444762812874762,1.82209118496696
0.545125,-0.0435971794450388,1.82268602815633
0.54525,-0.0426936803668015,1.82327065451878
0.545375,-0.0417662848992456,1.8238438595464
0.5455,-0.0408155071699877,1.8244047650846
0.545625,-0.039841874302789,1.82495299820614
0.54575,-0.0388459261253407,1.82548876264147
0.545875,-0.0378282148699871,1.82601278741144
0.546,-0.0367893048675521,1.82652617932873
0.546125,-0.0357297722344396,1.82703023635197
0.54625,-0.0346502045531805,1.82752627754895
0.546375,-0.0335512005466046,1.82801552353849
0.5465,-0.032433369745816,1.82849903892469
0.546625,-0.0312973321521593,1.82897773534198
0.54675,-0.0301437178933606,1.82945242784224
0.546875,-0.0289731668740367,1.82992393018492
0.547,-0.0277863284207652,1.83039315990563
0.547125,-0.0265838609219124,1.83086120622424
0.54725,-0.0253664314624188,1.83132931195208
0.547375,-0.024134715453746,1.83179875394798
0.5475,-0.0228893962591874,1.83227066474274
0.547625,-0.0216311648147545,1.83274587533917
0.54775,-0.020360719245846,1.83322484229433
0.547875,-0.0190787644799131,1.83370766942542
0.548,-0.0177860118553377,1.83419419122142
0.548125,-0.0164831787267379,1.83468407433838
0.54825,-0.0151709880669218,1.8351769064819
0.548375,-0.0138501680657095,1.83567226012189
0.5485,-0.012521451725846,1.83616973115236
0.548625,-0.0111855764562302,1.83666895818485
0.54875,-0.00984328366268419,1.83716962904161
0.548875,-0.00849531833649151,1.8376714798161
0.549,-0.00714242864093141,1.83817429020798
0.549125,-0.00578536549603976,1.8386778774155
0.54925,-0.00442488216182633,1.83918208985393
0.549375,-0.00306173382018006,1.83968680132266
0.5495,-0.00169667715569448,1.84019190586444
0.549625,-0.000330469935645749,1.84069731335358
0.54975,0.00103612941064326,1.84120294574791
0.549875,0.00240236221281949,1.84170873389515
0.55,0.00376746998066311,1.84221461477036
0.550125,0.00513069482516376,1.84272052902173
0.55025,0.00649127987927617,1.84322641870635
0.550375,0.0078484697181213,1.84373222510277
0.5505,0.00920151077839974,1.84423788648905
0.550625,0.0105496517767846,1.84474333577392
0.55075,0.0118921441270612,1.8452484978637
0.550875,0.0132282423557828,1.84575328664129
0.551,0.0145572045162103,1.84625760142788
0.551125,0.0158782926003068,1.84676132279995
0.55125,0.0171907729485587,1.84726430765482
0.551375,0.0184939166573942,1.84776638347712
0.5515,0.019786999983975,1.84826734189029
0.551625,0.0210693047481339,1.84876693183488
0.55175,0.0223401187312378,1.84926485317746
0.551875,0.0235987360717522,1.84976075232109
0.552,0.0248444576572889,1.85025422255115
0.552125,0.0260765915129186,1.85074481339995
0.55225,0.0272944531855323,1.85123205493149
0.552375,0.0284973661240397,1.85171550355564
0.5525,0.0296846620551907,1.85219481378331
0.552625,0.0308556813548134,1.85266983243695
0.55275,0.0320097734142618,1.85314069666346
0.552875,0.0331462970018687,1.85360789888845
0.553,0.0342646206192044,1.85407227466802
0.553125,0.0353641228519423,1.85453489106045
0.55325,0.0364441927151361,1.85499686364896
0.553375,0.0375042299927184,1.85545917608994
0.5535,0.03854364557103,1.85592257528667
0.553625,0.0395618617661958,1.85638756729441
0.55375,0.0405583126451651,1.85685448706468
0.553875,0.041532444340238,1.85732359562918
0.554,0.0424837153569022,1.85779516980034
0.554125,0.0434115968748107,1.85826957011019
0.55425,0.0443155730417312,1.85874728689414
0.554375,0.0451951412603059,1.85922896906512
0.5545,0.0460498124674597,1.85971543830756
0.554625,0.0468791114063044,1.86020768664852
0.55475,0.0476825768903852,1.8607068498889
0.554875,0.0484597620601237,1.8612141449127
0.555,0.0492102346313152,1.86173075775814
0.555125,0.0499335771355407,1.86225767500464
0.55525,0.0506293871523616,1.86279546723291
0.555375,0.0512972775331668,1.86334406131588
0.5555,0.0519368766165473,1.86390257135688
0.555625,0.0525478284350803,1.86446926773987
0.55575,0.0531297929134056,1.86504167870336
0.555875,0.0536824460574856,1.86561654377236
0.556,0.0542054801349428,1.86618901820199
0.556125,0.0546986038463744,1.86675126782405
0.55625,0.0551615424875497,1.86729315287512
0.556375,0.0555940381023976,1.86780693380405
0.5565,0.0559958496267023,1.86829142907609
0.556625,0.056366753022424,1.86875132559353
0.55675,0.0567065414025716,1.86919385244438
0.556875,0.0570150251465576,1.86962608897547
0.557,0.0572920320059699,1.87005367755838
0.557125,0.057537407200703,1.87048045381098
0.55725,0.0577510135053932,1.87090856566895
0.557375,0.0579327313261116,1.87133886851855
0.5575,0.0580824587672694,1.87177141493695
0.557625,0.0582001116887012,1.87220587555327
0.55775,0.0582856237528914,1.87264181393479
0.557875,0.0583389464623192,1.87307882526848
0.558,0.0583600491869001,1.87351658557541
0.558125,0.0583489191815088,1.87395485540384
0.55825,0.0583055615935737,1.874393465985
0.558375,0.0582299994607378,1.87483230185934
0.5585,0.0581222736985874,1.87527128554318
0.558625,0.0579824430784561,1.87571036569407
0.55875,0.0578105841953135,1.87614950857974
0.558875,0.0576067914257594,1.87658869216554
0.559,0.0573711768761443,1.87702790211452
0.559125,0.0571038703208451,1.87746712912321
0.55925,0.0568050191307309,1.87790636716521
0.559375,0.0564747881918574,1.87834561234138
0.5595,0.0561133598144349,1.8787848621308
0.559625,0.0557209336321206,1.87922411490438
0.55975,0.0552977264916905,1.87966336960965
0.559875,0.0548439723331521,1.88010262556696
0.56,0.0543599220603631,1.88054188233799
0.560125,0.0538458434022305,1.88098113964174
0.56025,0.0533020207645626,1.88142039730068
0.560375,0.0527287550726605,1.88185965520624
0.5605,0.0521263636047323,1.88229891329702
0.560625,0.051495179816225,1.88273817154554
0.56075,0.0508355531551695,1.88317742995095
0.560875,0.0501478488686428,1.88361668853619
0.561,0.0494324478004522,1.88405594734874
0.561125,0.0486897461801563,1.88449520646456
0.56125,0.0479201554035373,1.88493446599512
0.561375,0.0471241018046476,1.88537372609777
0.5615,0.0463020264195572,1.88581298699003
0.561625,0.0454543847419313,1.8862522489687
0.56175,0.0445816464705756,1.88669151243476
0.561875,0.0436842952490875,1.88713077792501
0.562,0.0427628283977587,1.88757004615181
0.562125,0.041817756637877,1.88800931805239
0.56225,0.040849603808581,1.88844859484937
0.562375,0.0398589065764236,1.88888787812416
0.5625,0.0388462141378066,1.88932716990524
0.562625,0.0378120879144505,1.88976647277341
0.56275,0.0367571012420684,1.89020578998685
0.562875,0.0356818390524174,1.89064512562863
0.563,0.0345868975489028,1.89108448477993
0.563125,0.0334728838759162,1.89152387372124
0.56325,0.0323404157820897,1.89196330016336
0.563375,0.031190121277654,1.89240277350774
0.5635,0.0300226382860896,1.89284230513287
0.563625,0.0288386142902651,1.89328190869836
0.56375,0.0276387059732586,1.89372160045069
0.563875,0.0264235788540615,1.89416139950464
0.564,0.0251939069183661,1.89460132806219
0.564125,0.0239503722446435,1.89504141151817
0.56425,0.0226936646257178,1.8954816783926
0.564375,0.0214244811860468,1.8959221600269
0.5645,0.0201435259949223,1.89636288998993
0.564625,0.0188515096758042,1.89680390316239
0.56475,0.0175491490120042,1.89724523450482
0.564875,0.0162371665489406,1.89768691756009
0.565,0.0149162901931811,1.89812898278761
0.565125,0.0135872528085001,1.89857145586346
0.56525,0.012250791809172,1.89901435609747
0.565375,0.0109076487507263,1.89945769511114
0.5655,0.0095585689183942,1.89990147588917
0.565625,0.00820430091347124,1.90034569226978
0.56575,0.00684559623782928,1.90079032888472
0.565875,0.00548320887680584,1.90123536151039
0.566,0.00411789488070368,1.90168075775454
0.566125,0.00275041194513243,1.90212647798371
0.56625,0.00138151899042536,1.90257247639378
0.566375,1.19757403647903e-05,1.90301870213828
0.5665,-0.00135745769955011,1.90346510044975
0.566625,-0.00272602126405884,1.90391161371562
0.56675,-0.00409295535008424,1.90435818249454
0.566875,-0.00545750123843211,1.90480474648114
0.567,-0.00681890151501143,1.90525124544207
0.567125,-0.00817640049134163,1.90569762015406
0.56725,-0.00952924462411309,1.90614381337413
0.567375,-0.0108766829335682,1.90658977086362
0.5675,-0.0122179674204704,1.90703544247118
0.567625,-0.01355235348143,1.9074807832582
0.56775,-0.0148791003223556,1.90792575462412
0.567875,-0.0161974713698024,1.90837032536395
0.568,-0.0175067346799879,1.90881447256975
0.568125,-0.0188061633452486,1.90925818227727
0.56825,-0.0200950358977117,1.90970144976378
0.568375,-0.0213726367099579,1.91014427942477
0.5685,-0.0226382563924521,1.91058668419696
0.568625,-0.023891192187522,1.91102868454577
0.56875,-0.0251307483596655,1.91147030709046
0.568875,-0.0263562365819696,1.91191158298625
0.569,-0.0275669763184272,1.9123525462112
0.569125,-0.0287622952019388,1.91279323190953
0.56925,-0.0299415294077888,1.91323367492195
0.569375,-0.0311040240223895,1.91367390859481
0.5695,-0.032249133407088,1.9141139639119
0.569625,-0.0333762215568332,1.91455386894769
0.56975,-0.0344846624535048,1.91499364860553
0.569875,-0.0355738404137062,1.91543332458393
0.57,-0.0366431504308303,1.91587291550716
0.570125,-0.0376919985112061,1.91631243716064
0.57025,-0.0387198020041405,1.91675190278178
0.570375,-0.039725989925672,1.9171913233699
0.5705,-0.0407100032758553,1.91763070799071
0.570625,-0.0416712953494015,1.91807006406099
0.57075,-0.042609332039501,1.9185093976059
0.570875,-0.0435235921346599,1.91894871348662
0.571,-0.0444135676083856,1.91938801559844
0.571125,-0.0452787639015595,1.91982730704128
0.57125,-0.0461187001973413,1.92026659026505
0.571375,-0.0469329096884507,1.92070586719275
0.5715,-0.0477209398366787,1.92114513932372
0.571625,-0.0484823526244836,1.92158440781968
0.57175,-0.0492167247985334,1.92202367357543
0.571875,-0.0499236481050561,1.92246293727653
0.572,-0.050602729516871,1.92290219944552
0.572125,-0.0512535914519709,1.92334146047869
0.57225,-0.0518758719835363,1.92378072067477
0.572375,-0.052469225041264,1.92421998025727
0.5725,-0.053033320603897,1.92465923939181
0.572625,-0.0535678448828506,1.92509849819964
0.57275,-0.0540725004968309,1.92553775676791
0.572875,-0.0545470066373491,1.92597701515722
0.573,-0.0549910992250396,1.92641627340671
0.573125,-0.0554045310566944,1.92685553153688
0.57325,-0.0557870719429331,1.9272947895504
0.573375,-0.0561385088364295,1.92773404743037
0.5735,-0.0564586459506266,1.92817330513562
0.573625,-0.0567473048688706,1.92861256259155
0.57375,-0.0570043246439054,1.92905181967461
0.573875,-0.0572295618876709,1.92949107618695
0.574,-0.057422890851356,1.92993033181615
0.574125,-0.0575842034956594,1.93036958607234
0.57425,-0.0577134095512228,1.93080883819016
0.574375,-0.0578104365691982,1.93124808697602
0.5745,-0.0578752299619247,1.93168733057012
0.574625,-0.0579077530336896,1.93212656607744
0.57475,-0.0579079870015577,1.93256578899668
0.574875,-0.0578759310062567,1.93300499234074
0.575,-0.0578116021131118,1.93344416528886
0.575125,-0.0577150353030293,1.93388329113659
0.57525,-0.0575862834535347,1.93432234421021
0.575375,-0.0574254173098737,1.93476128529501
0.5755,-0.0572325254461935,1.93520005502383
0.575625,-0.0570077142168249,1.93563856468728
0.57575,-0.0567511076976924,1.93607668432241
0.575875,-0.0564628476178844,1.93651422930879
0.576,-0.0561430932814215,1.9369509502356
0.576125,-0.0557920214792649,1.93738653844332
0.57625,-0.0554098263916157,1.93782067336946
0.576375,-0.054996719480557,1.9382531562288
0.5765,-0.0545529293730993,1.93868418493027
0.576625,-0.0540787017346939,1.93911479666234
0.57675,-0.0535742991332829,1.93954740500009
0.576875,-0.0530400008939636,1.93998620889205
0.577,-0.0524761029443453,1.94043714461583
0.577125,-0.051882917650685,1.94090703516326
0.57725,-0.0512607736448939,1.94140166047074
0.577375,-0.0506100156425079,1.94192300896175
0.5775,-0.0499310042517261,1.94246751481415
0.577625,-0.04922411577362,1.94302780679447
0.57775,-0.0484897419936269,1.94359674524185
0.577875,-0.0477282899644408,1.9441692463726
0.578,-0.0469401817804223,1.9447414556468
0.578125,-0.0461258543436527,1.94530989250611
0.57825,-0.0452857591217608,1.94587142632645
0.578375,-0.0444203618976583,1.94642359237038
0.5785,-0.0435301425113208,1.94696483933524
0.578625,-0.0426155945937589,1.94749459046752
0.57875,-0.0416772252933264,1.94801313099063
0.578875,-0.0407155549945172,1.94852137887082
0.579,-0.0397311170294071,1.94902061368191
0.579125,-0.0387244573819004,1.94951223288008
0.57925,-0.0376961343849455,1.94999757544809
0.579375,-0.0366467184108872,1.95047781885155
0.5795,-0.0355767915551269,1.95095393459439
0.579625,-0.0344869473132685,1.95142668272917
0.57975,-0.033377790251925,1.95189663006444
0.579875,-0.0322499356733728,1.95236418422379
0.58,-0.031104009274237,1.95282964242898
0.580125,-0.0299406467983969,1.95329325749953
0.58025,-0.028760493684307,1.95375532150818
0.580375,-0.0275642047069251,1.95421625749993
0.5805,-0.0263524436144501,1.95467669331662
0.580625,-0.0251258827600686,1.95513747947039
0.58075,-0.023885202728915,1.95559962237174
0.580875,-0.022631091960453,1.9560641415315
0.581,-0.0213642463664872,1.95653190293248
0.581125,-0.0200853689450171,1.957003494546
0.58125,-0.0187951693901472,1.95747918250465
0.581375,-0.0174943636982713,1.95795894317068
0.5815,-0.0161836737707473,1.95844253895145
0.581625,-0.0148638270132845,1.95892960341638
0.58175,-0.0135355559322657,1.95941971358843
0.581875,-0.0121995977282274,1.95991244116938
0.582,-0.0108566938867244,1.96040738353115
0.582125,-0.00950758976680525,1.96090417914668
0.58225,-0.00815303418732797,1.96140251264649
0.582375,-0.00679377901134425,1.96190211374043
0.5825,-0.00543057872878416,1.96240275297132
0.582625,-0.0040641900376723,1.96290423616559
0.58275,-0.0026953714241079,1.96340639864558
0.582875,-0.0013248827412423,1.96390909974531
0.583,4.65152125127206e-05,1.96441221785422
0.583125,0.00141806111581152,1.96491564603321
0.58325,0.00278899354700153,1.96541928815232
0.583375,0.00415855140681613,1.96592305545295
0.5835,0.00552597434089858,1.96642686341804
0.583625,0.00689050316192252,1.96693062882672
0.58375,0.00825138027107474,1.96743426686853
0.583875,0.00960785007866604,1.96793768819206
0.584,0.0109591594236368,1.96844079576295
0.584125,0.0123045579917242,1.96894348140764
0.58425,0.0136432987320592,1.96944562192596
0.584375,0.0149746382719611,1.96994707467517
0.5845,0.016297837329701,1.97044767257394
0.584625,0.0176121611250027,1.97094721856933
0.58475,0.0189168797870554,1.97144547978862
0.584875,0.0202112687598097,1.97194218191201
0.585,0.0214946092043331,1.97243700481926
0.585125,0.0227661883980012,1.972929581353
0.58525,0.0240253001303021,1.97341950212545
0.585375,0.0252712450950358,1.97390633054458
0.5855,0.0265033312786891,1.97438963315993
0.585625,0.0277208743447714,1.9748690299202
0.58575,0.0289231980138973,1.9753442651689
0.585875,0.0301096344394057,1.97581529132303
0.586,0.0312795245783054,1.97628234356182
0.586125,0.0324322185573426,1.97674597163011
0.58625,0.0335670760339861,1.97720699667404
0.586375,0.0346834665521295,1.97766638725672
0.5865,0.035780769892314,1.9781250909471
0.586625,0.0368583764162752,1.97858388565851
0.58675,0.0379156874056253,1.97904330278878
0.586875,0.0389521153944791,1.97950363203295
0.587,0.0399670844958422,1.97996498030319
0.587125,0.040960030721578,1.98042734665015
0.58725,0.0419304022957765,1.98089068617257
0.587375,0.0428776599613505,1.98135495208915
0.5875,0.0438012772796894,1.98182011583195
0.587625,0.044700740923203,1.98228616843688
0.58775,0.0455755509605939,1.98275310494279
0.587875,0.0464252211346992,1.98322088933102
0.588,0.0472492791327468,1.98368939204975
0.588125,0.048047266848878,1.98415828637526
0.58825,0.0488187406387869,1.98462688655572
0.588375,0.0495632715663393,1.98509391850907
0.5885,0.0502804456420304,1.985557253404
0.588625,0.0509698640531513,1.98601373846051
0.58875,0.0516311433855337,1.9864594331889
0.588875,0.0522639158367533,1.98689064962858
0.589,0.0528678294206687,1.98730578247977
0.589125,0.0534425481631861,1.98770683816762
0.58925,0.0539877522891383,1.98809908977619
0.589375,0.0545031384001756,1.98848885506959
0.5895,0.0549884196435684,1.98888111667778
0.589625,0.0554433258718289,1.9892782390677
0.58975,0.0558676037930613,1.98968011929768
0.589875,0.056261017111959,1.99008540751353
0.59,0.0566233466613686,1.99049268967489
0.590125,0.0569543905243481,1.99090101963013
0.59025,0.0572539641466509,1.99131000977153
0.590375,0.0575219004395743,1.99171980407551
0.5905,0.0577580498731126,1.99213102808203
0.590625,0.0579622805593663,1.99254464090769
0.59075,0.058134478326157,1.99296162707072
0.590875,0.0582745467808105,1.99338263140307
0.591,0.0583824073640702,1.99380775127856
0.591125,0.058457999394111,1.99423658875133
0.59125,0.0585012801006302,1.994668467601
0.591375,0.0585122246489945,1.99510265596931
0.5915,0.0584908261544312,1.99553850619848
0.591625,0.0584370956862538,1.99597550804534
0.59175,0.0583510622621211,1.99641328766228
0.591875,0.0582327728323316,1.99685158358599
0.592,0.0580822922541621,1.99729021837197
0.592125,0.0578997032562641,1.99772907391995
0.59225,0.0576851063931391,1.99816807261076
0.592375,0.057438619989715,1.99860716384138
0.5925,0.0571603800760574,1.99904631478999
0.592625,0.0568505403122492,1.9994855042347
0.59275,0.0565092719034815,1.99992471847897
0.592875,0.0561367635054024,2.0003639486915
0.593,0.0557332211197752,2.00080318918006
0.593125,0.0552988679805056,2.00124243627565
0.59325,0.0548339444300983,2.00168168761253
0.593375,0.0543387077866142,2.00212094166409
0.5935,0.0538134322011997,2.00256019744421
0.593625,0.0532584085062679,2.0029994543159
0.59375,0.052673944054416,2.00343871186852
0.593875,0.0520603625481674,2.00387796983826
0.594,0.0514180038606336,2.0043172280564
0.594125,0.0507472238471942,2.00475648641561
0.59425,0.0500483941483012,2.00519574484809
0.594375,0.0493219019835143,2.00563500331138
0.5945,0.0485681499368841,2.00607426177919
0.594625,0.0477875557337998,2.00651352023569
0.59475,0.0469805520094268,2.00695277867195
0.594875,0.0461475860688616,2.00739203708372
0.595,0.0452891196391373,2.00783129547015
0.595125,0.0444056286132174,2.00827055383275
0.59525,0.0434976027861193,2.00870981217484
0.595375,0.0425655455833146,2.00914907050111
0.5955,0.0416099737815558,2.00958832881747
0.595625,0.0406314172222856,2.01002758713104
0.59575,0.0396304185177862,2.01046684545034
0.595875,0.0386075327502327,2.01090610378554
0.596,0.0375633271638175,2.01134536214882
0.596125,0.0364983808501153,2.01178462055484
0.59625,0.0354132844268647,2.01222387902118
0.596375,0.0343086397103441,2.01266313756881
0.5965,0.0331850593815232,2.01310239622253
0.596625,0.0320431666461751,2.01354165501129
0.59675,0.0308835948891397,2.01398091396839
0.596875,0.0297069873229267,2.01442017313157
0.597,0.0285139966308564,2.01485943254299
0.597125,0.0273052846049346,2.01529869224924
0.59725,0.0260815217786628,2.01573795230144
0.597375,0.0248433870549877,2.01617721275556
0.5975,0.0235915673295964,2.01661647367308
0.597625,0.0223267571097657,2.01705573512198
0.59775,0.0210496581289785,2.01749499717797
0.597875,0.0197609789575198,2.01793425992579
0.598,0.0184614346092681,2.01837352346044
0.598125,0.0171517461449026,2.01881278788788
0.59825,0.0158326402717436,2.01925205332486
0.598375,0.0145048489404506,2.0196913198975
0.5985,0.0131691089388003,2.02013058773832
0.598625,0.0118261614827705,2.02056985698125
0.59875,0.0104767518051574,2.0210091277549
0.598875,0.00912162874195395,2.02144840017397
0.599,0.00776154431671869,2.02188767432945
0.599125,0.00639725332316671,2.02232695027817
0.59925,0.0050295129062135,2.02276622803288
0.599375,0.00365908214170475,2.02320550755365
0.5995,0.00228672161506524,2.02364478874192
0.599625,0.000913192999100708,2.02408407143789
0.59975,-0.000460741368812818,2.02452335542214
0.599875,-0.00183431890991762,2.02496264042143
0.6,-0.00320677722740585,2.0254019261188
0.600125,-0.00457735452965895,2.02584121216706
0.60025,-0.0059452900531601,2.02628049820474
0.600375,-0.00730982448484478,2.02671978387324
0.6005,-0.00867020038365497,2.02715906883354
0.600625,-0.010025662601063,2.0275983527813
0.60075,-0.0113754587003315,2.02803763545893
0.600875,-0.0127188393742767,2.02847691666398
0.601,-0.0140550588613031,2.02891619625327
0.601125,-0.0153833753594782,2.02935547414278
0.60125,-0.0167030514384184,2.02979475030387
0.601375,-0.0180133544487557,2.03023402475642
0.6015,-0.0193135569289594,2.03067329756003
0.601625,-0.0206029370092861,2.03111256880415
0.60175,-0.0218807788126334,2.03155183859834
0.601875,-0.0231463728520755,2.03199110706326
0.602,-0.0243990164248595,2.03243037432306
0.602125,-0.0256380140026435,2.03286964049952
0.60225,-0.0268626776177598,2.03330890570792
0.602375,-0.0280723272452886,2.03374817005449
0.6025,-0.0292662911807311,2.03418743363531
0.602625,-0.0304439064130697,2.03462669653613
0.60275,-0.0316045189930112,2.03506595883294
0.602875,-0.0327474843962057,2.0355052205929
0.603,-0.0338721678812418,2.03594448187538
0.603125,-0.0349779448422169,2.03638374273311
0.60325,-0.0360642011556893,2.03682300321309
0.603375,-0.0371303335218166,2.03726226335753
0.6035,-0.0381757497994937,2.03770152320451
0.603625,-0.0391998693353018,2.03814078278866
0.60375,-0.0402021232860872,2.03858004214163
0.603875,-0.04118195493499,2.03901930129241
0.604,-0.0421388200007473,2.03945856026766
0.604125,-0.0430721869400991,2.0398978190918
0.60425,-0.0439815372431287,2.04033707778715
0.604375,-0.0448663657213733,2.04077633637393
0.6045,-0.0457261807885458,2.04121559487031
0.604625,-0.0465605047337102,2.04165485329243
0.60475,-0.0473688739867597,2.04209411165444
0.604875,-0.0481508393760502,2.04253336996859
0.605,-0.0489059663780454,2.04297262824529
0.605125,-0.0496338353588345,2.04341188649323
0.60525,-0.0503340418073898,2.04385114471946
0.605375,-0.0510061965604326,2.04429040292953
0.6055,-0.0516499260187831,2.04472966112741
0.605625,-0.0522648723550753,2.04516891931549
0.60575,-0.0528506937127189,2.04560817749415
0.605875,-0.0534070643959997,2.04604743566119
0.606,-0.0539336750512121,2.0464866938107
0.606125,-0.0544302328387222,2.04692595193125
0.60625,-0.0548964615958674,2.04736521000323
0.606375,-0.0553321019906001,2.04780446799457
0.6065,-0.0557369116657914,2.04824372585417
0.606625,-0.0561106653741135,2.04868298350144
0.60675,-0.0564531551034269,2.04912224081004
0.606875,-0.0567641901926009,2.04956149758206
0.607,-0.0570435974377048,2.05000075350741
0.607125,-0.0572912211885095,2.05044000809978
0.60725,-0.0575069234352452,2.05087926059671
0.607375,-0.057690583885569,2.05131850980324
0.6075,-0.0578421000316969,2.05175775384639
0.607625,-0.0579613872076645,2.05219698978937
0.60775,-0.0580483786366838,2.05263621302619
0.607875,-0.0581030254685692,2.05307541633293
0.608,-0.0581252968072133,2.05351458838479
0.608125,-0.0581151797280942,2.05395371144621
0.60825,-0.0580726792858076,2.05439275779344
0.608375,-0.0579978185116175,2.05483168422198
0.6085,-0.0578906384010261,2.05527042372751
0.608625,-0.0577511978913718,2.05570887317307
0.60875,-0.0575795738294652,2.05614687563096
0.608875,-0.0573758609292826,2.05658419654033
0.609,-0.057140171719739,2.0570204947821
0.609125,-0.0568726364825705,2.05745529485765
0.60925,-0.0565734031803597,2.05788797635462
0.609375,-0.0562426373747437,2.0583178108102
0.6095,-0.055880522134851,2.05874408319821
0.609625,-0.0554872579360168,2.05916630943689
0.60975,-0.0550630625488326,2.05958448018775
0.609875,-0.0546081709185933,2.05999916774934
0.61,-0.0541228350352062,2.06041135695502
0.610125,-0.0536073237936356,2.06082205377301
0.61025,-0.0530619228449594,2.06123188783864
0.610375,-0.0524869344381209,2.06164086320767
0.6105,-0.0518826772524628,2.06204827851529
0.610625,-0.0512494862211365,2.06245290334758
0.61075,-0.0505877123454849,2.06285369746466
0.610875,-0.0498977225005008,2.06325113794329
0.611,-0.0491798992314696,2.0636482772186
0.611125,-0.0484346405419079,2.06405038275382
0.61125,-0.0476623596729173,2.06446320113639
0.611375,-0.0468634848740738,2.06489070326767
0.6115,-0.0460384591659809,2.06533351903792
0.611625,-0.0451877400946183,2.06578914526667
0.61175,-0.0443117994776216,2.06625356673348
0.611875,-0.0434111231426341,2.06672290679792
0.612,-0.0424862106578762,2.06719427278694
0.612125,-0.0415375750550809,2.06766586274131
0.61225,-0.0405657425449501,2.06813672292723
0.612375,-0.0395712522252889,2.06860644606223
0.6125,-0.0385546557819797,2.06907493088626
0.612625,-0.0375165171829623,2.06954222273837
0.61275,-0.0364574123653903,2.07000841830266
0.612875,-0.0353779289161358,2.0704736127595
0.613,-0.034278665745821,2.07093787288307
0.613125,-0.0331602327565572,2.07140122639953
0.61325,-0.0320232505035755,2.07186366368066
0.613375,-0.0308683498509365,2.07232515218238
0.6135,-0.0296961716215109,2.07278566656458
0.613625,-0.0285073662414247,2.07324523693703
0.61375,-0.0273025933791656,2.07370401228012
0.613875,-0.0260825215795529,2.07416232506342
0.614,-0.0248478278927714,2.07462073041866
0.614125,-0.0235991974986774,2.07507998955406
0.61425,-0.0223373233265836,2.07554098343944
0.614375,-0.0210629056707354,2.07600457625802
0.6145,-0.0197766518016908,2.07647147652766
0.614625,-0.0184792755738196,2.07694214427599
0.61475,-0.0171714970291411,2.07741676597792
0.614875,-0.0158540419977188,2.07789528738392
0.615,-0.0145276416948336,2.07837747758725
0.615125,-0.0131930323151612,2.07886299845955
0.61525,-0.0118509546241761,2.07935146338934
0.615375,-0.0105021535470113,2.07984247940136
0.6155,-0.00914737775500074,2.08033567328572
0.615625,-0.00778737925013441,2.08083070520885
0.61575,-0.00642291294765626,2.08132727373704
0.615875,-0.00505473625703732,2.08182511557163
0.616,-0.00368360866155627,2.08232400237573
0.616125,-0.00231029129672071,2.08282373624259
0.61625,-0.000935546527763434,2.08332414472846
0.616375,0.000439862473551929,2.08382507594665
0.6165,0.00181517215258089,2.08432639394825
0.616625,0.00318961899566852,2.08482797445285
0.61675,0.00456243995400505,2.08532970090008
0.616875,0.00593287286723123,2.08583146074271
0.617,0.00730015688655836,2.08633314187702
0.617125,0.00866353289716807,2.08683462909576
0.61725,0.0100222439396573,2.08733580044725
0.617375,0.0113755356302943,2.08783652339191
0.6175,0.0127226565798531,2.08833665066671
0.617625,0.0140628588107924,2.08883601580812
0.61775,0.0153953981725492,2.08933442835901
0.617875,0.0167195347547146,2.08983166891909
0.618,0.0180345332978636,2.09032748442483
0.618125,0.019339663601811,2.09082158440798
0.61825,0.0206342009310653,2.09131363952782
0.618375,0.0219174264172565,2.09180328442339
0.6185,0.023188627458315,2.09229012782437
0.618625,0.0244470981141775,2.09277377363129
0.61875,0.0256921394988033,2.09325385669922
0.618875,0.0269230601682807,2.0937300952277
0.619,0.0281391765048092,2.09420235659739
0.619125,0.0293398130963442,2.09467072460364
0.61925,0.0305243031116928,2.09513554559029
0.619375,0.0316919886708535,2.09559742593554
0.6195,0.0328422212103925,2.09605716301854
0.619625,0.0339743618436548,2.09651561872193
0.61975,0.0350877817156102,2.09697357511728
0.619875,0.0361818623521358,2.09743162278149
0.62,0.0372559960035427,2.0978901127918
0.620125,0.0383095859821549,2.0983491692366
0.62025,0.0393420469937526,2.09880873489966
0.620375,0.0403528054626975,2.09926861904472
0.6205,0.0413412998505575,2.09972852571502
0.620625,0.0423069809680548,2.10018805186404
0.62075,0.0432493122801644,2.10064665054461
0.620875,0.0441677702041925,2.10110355507442
0.621,0.0450618444006701,2.1015576587488
0.621125,0.0459310380568994,2.10200734678465
0.62125,0.0467748681629963,2.10245029226196
0.621375,0.0475928657802752,2.10288327150694
0.6215,0.0483845763018263,2.103302141711
0.621625,0.0491495597051421,2.10370223207594
0.62175,0.0498873907966509,2.10407939336276
0.621875,0.0505976594480233,2.10443159273673
0.622,0.0512799708241189,2.10476028714553
0.622125,0.0519339456024467,2.10507064089566
0.62225,0.0525592201840182,2.10537053615991
0.622375,0.0531554468954747,2.10566918785888
0.6225,0.0537222941823776,2.10597579406279
0.622625,0.0542594467935529,2.10629785503559
0.62275,0.0547666059563889,2.10663927094862
0.622875,0.0552434895429888,2.10699962123872
0.623,0.0556898322270849,2.10737547935846
0.623125,0.0561053856316298,2.10776259256512
0.62325,0.056489918466979,2.10815733860976
0.623375,0.0568432166595913,2.10855711620161
0.6235,0.057165083471173,2.10896017801802
0.623625,0.0574553396082004,2.10936536569576
0.62375,0.0577138233217607,2.1097719274865
0.623875,0.0579403904976535,2.11017944771999
0.624,0.0581349147367049,2.1105878683406
0.624125,0.0582972874252476,2.1109975482738
0.62425,0.0584274177957292,2.11140925509868
0.624375,0.058525232977414,2.11182397528704
0.6245,0.0585906780371501,2.11224255525267
0.624625,0.0586237160101793,2.11266537231323
0.62475,0.0586243279209724,2.11309224401765
0.624875,0.0585925127940776,2.11352258282073
0.625,0.0585282876549768,2.11395563985821
0.625125,0.0584316875209484,2.11439069639137
0.62525,0.0583027653819419,2.11482715894499
0.625375,0.0581415921714742,2.11526458013002
0.6255,0.0579482567275646,2.11570264153133
0.625625,0.0577228657437285,2.11614112471374
0.62575,0.057465543710059,2.11657988332201
0.625875,0.0571764328444258,2.11701882076156
0.626,0.0568556930138332,2.1174578738847
0.626125,0.0565035016459777,2.11789700165393
0.62625,0.0561200536310551,2.11833617749668
0.626375,0.0557055612138722,2.11877538424322
0.6265,0.0552602538763216,2.11921461081279
0.626625,0.0547843782102854,2.11965385005892
0.62675,0.0542781977810383,2.12009309737411
0.626875,0.0537419929812253,2.12053234978813
0.627,0.0531760608754948,2.12097160538653
0.627125,0.0525807150358743,2.12141086293708
0.62725,0.0519562853679785,2.12185012164995
0.627375,0.0513031179281467,2.12228938102231
0.6275,0.0506215747316117,2.12272864073677
0.627625,0.049912033551805,2.12316790059516
0.62775,0.0491748877109106,2.12360716047549
0.627875,0.0484105458617837,2.12404642030417
0.628,0.047619431761354,2.12448568003846
0.628125,0.0468019840356406,2.12492493965515
0.62825,0.0459586559365084,2.12536419914313
0.628375,0.0450899150903004,2.12580345849842
0.6285,0.0441962432384857,2.12624271772091
0.628625,0.0432781359704675,2.12668197681227
0.62875,0.0423361024486982,2.12712123577458
0.628875,0.041370665126255,2.12756049460938
0.629,0.040382359457033,2.12799975331661
0.629125,0.0393717335987144,2.12843901189368
0.62925,0.038339348108682,2.12887827033445
0.629375,0.0372857756330424,2.12931752862821
0.6295,0.0362116005889335,2.12975678675868
0.629625,0.0351174188402919,2.13019604470299
0.62975,0.0340038373672596,2.13063530243056
0.629875,0.0328714739294152,2.13107455990197
0.63,0.0317209567230134,2.13151381706779
0.630125,0.0305529240324263,2.13195307386743
0.63025,0.0293680238759776,2.132392330228
0.630375,0.0281669136463673,2.13283158606339
0.6305,0.0269502597458863,2.1332708412735
0.630625,0.0257187372166227,2.13371009574388
0.63075,0.0244730293658662,2.13414934934581
0.630875,0.0232138273869168,2.13458860193699
0.631,0.0219418299755106,2.13502785336289
0.631125,0.0206577429420727,2.13546710345894
0.63125,0.0193622788200153,2.13590635205363
0.631375,0.0180561564702956,2.13634559897246
0.6315,0.0167401006824557,2.13678484404286
0.631625,0.0154148417723639,2.13722408709984
0.63175,0.0140811151768809,2.13766332799239
0.631875,0.0127396610456775,2.1381025665903
0.632,0.0113912238304284,2.13854180279118
0.632125,0.0100365518716111,2.13898103652729
0.63225,0.00867639698313905,2.1394202677719
0.632375,0.00731151403505967,2.13985949654467
0.6325,0.00594266053454905,2.14029872291582
0.632625,0.00457059620543543,2.1407379470086
0.63275,0.00319608256648534,2.14117716899991
0.632875,0.00181988250868628,2.14161638911878
0.633,0.000442759871760627,2.14205560764271
0.633125,-0.000934520979854031,2.14249482489191
0.63325,-0.00231119558132292,2.14293404122164
0.633375,-0.00368649979179473,2.14337325701282
0.6335,-0.00505967021860943,2.14381247266158
0.633625,-0.0064299446410976,2.14425168856795
0.63375,-0.00779656243373613,2.14469090512446
0.633875,-0.00915876498842525,2.14513012270501
0.634,-0.0105157961356525,2.14556934165479
0.634125,-0.0118669025643097,2.14600856228135
0.63425,-0.0132113342399303,2.1464477848476
0.634375,-0.0145483448211138,2.14688700956668
0.6345,-0.0158771920739072,2.147326236599
0.634625,-0.0171971382839133,2.14776546605143
0.63475,-0.0185074506658956,2.14820469797855
0.634875,-0.0198074017706548,2.14864393238564
0.635,-0.0210962698889478,2.14908316923325
0.635125,-0.0223733394522288,2.1495224084429
0.63525,-0.0236379014299861,2.1499616499036
0.635375,-0.0248892537234565,2.15040089347865
0.6355,-0.0261267015554982,2.15084013901264
0.635625,-0.0273495578564043,2.15127938633807
0.63575,-0.028557143645445,2.15171863528141
0.635875,-0.0297487884079246,2.15215788566857
0.636,-0.0309238304675445,2.15259713732942
0.636125,-0.0320816173538662,2.15303639010144
0.63625,-0.0332215061646687,2.1534756438325
0.636375,-0.0343428639230009,2.15391489838276
0.6365,-0.0354450679287288,2.15435415362583
0.636625,-0.0365275061043836,2.15479340944921
0.63675,-0.0375895773351179,2.15523266575427
0.636875,-0.0386306918025819,2.15567192245569
0.637,-0.0396502713125331,2.15611117948063
0.637125,-0.0406477496159982,2.15655043676773
0.63725,-0.0416225727238092,2.15698969426593
0.637375,-0.0425741992143376,2.15742895193325
0.6375,-0.0435021005342574,2.1578682097356
0.637625,-0.0444057612921685,2.15830746764566
0.63775,-0.0452846795449182,2.15874672564176
0.637875,-0.0461383670764614,2.15918598370701
0.638,-0.0469663496691043,2.15962524182839
0.638125,-0.0477681673669816,2.16006449999604
0.63825,-0.0485433747316203,2.1605037582026
0.638375,-0.0492915410894477,2.16094301644266
0.6385,-0.0500122507711076,2.1613822747122
0.638625,-0.0507051033424492,2.16182153300811
0.63875,-0.0513697138270635,2.16226079132751
0.638875,-0.0520057129202404,2.16270004966692
0.639,-0.0526127471942295,2.16313930802108
0.639125,-0.0531904792946906,2.16357856638123
0.63925,-0.0537385881282228,2.16401782473259
0.639375,-0.0542567690408708,2.16445708305069
0.6395,-0.0547447339875064,2.1648963412958
0.639625,-0.0552022116919928,2.16533559940448
0.63975,-0.0556289477980421,2.16577485727634
0.639875,-0.0560247050106817,2.16621411475335
0.64,-0.0563892632282519,2.16665337158731
0.640125,-0.0567224196648604,2.16709262738852
0.64025,-0.0570239889632252,2.16753188154509
0.640375,-0.0572938032978449,2.16797113309688
0.6405,-0.0575317124684374,2.16841038053863
0.640625,-0.0577375839835945,2.16884962151119
0.64075,-0.0579113031346083,2.16928885231654
0.640875,-0.0580527730594251,2.16972806715681
0.641,-0.0581619147966941,2.17016725694191
0.641125,-0.0582386673298782,2.17060640742569
0.64125,-0.0582829876214038,2.17104549630407
0.641375,-0.0582948506368309,2.17148448872555
0.6415,-0.0582742493590273,2.17192333041586
0.641625,-0.0582211947923429,2.17236193731749
0.64175,-0.0581357159567773,2.17280018038097
0.641875,-0.0580178598721478,2.17323786418728
0.642,-0.057867691532263,2.17367469909343
0.642125,-0.0576852938691187,2.17411026990482
0.64225,-0.0574707677071347,2.17454401169526
0.642375,-0.0572242317074573,2.17497521651692
0.6425,-0.0569458223023597,2.17540310849227
0.642625,-0.0566356936197754,2.17582701945517
0.64275,-0.0562940173980064,2.17624664104823
0.642875,-0.0559209828906541,2.17666222384291
0.643,-0.0555167967618251,2.17707454274233
0.643125,-0.0550816829716696,2.17748458275749
0.64325,-0.0546158826523165,2.17789313068573
0.643375,-0.0541196539742736,2.17830050091422
0.6435,-0.0535932720033665,2.17870643603268
0.643625,-0.0530370285482961,2.17911005988525
0.64375,-0.0524512319988996,2.17950976022037
0.643875,-0.0518362071552027,2.17990298516634
0.644,-0.0511922950473601,2.18028612126162
0.644125,-0.0505198527465832,2.1806548790979
0.64425,-0.0498192531671588,2.18100566373244
0.644375,-0.0490908848596706,2.18133763639431
0.6445,-0.0483351517955363,2.18165399632405
0.644625,-0.0475524731429808,2.18196140250325
0.64475,-0.0467432830345699,2.18226824880041
0.644875,-0.0459080303264325,2.1825830210718
0.645,-0.0450471783493056,2.18291302006721
0.645125,-0.0441612046515401,2.18326325621975
0.64525,-0.0432506007342095,2.18363571475172
0.645375,-0.0423158717784694,2.18402944044253
0.6455,-0.0413575363653176,2.18444145389112
0.645625,-0.0403761261879116,2.18486795814502
0.64575,-0.0393721857566026,2.18530527748802
0.645875,-0.0383462720968495,2.1857503347371
0.646,-0.0372989544401805,2.18620076502543
0.646125,-0.036230813908374,2.18665483854617
0.64625,-0.0351424431910342,2.18711131978916
0.646375,-0.0340344462167395,2.18756932877548
0.6465,-0.0329074378179471,2.18802822868607
0.646625,-0.0317620433898393,2.18848754474699
0.64675,-0.0305988985433004,2.18894691273509
0.646875,-0.0294186487522179,2.18940605483287
0.647,-0.0282219489953027,2.18986478121476
0.647125,-0.027009463392627,2.1903230146477
0.64725,-0.025781864837083,2.19078083058203
0.647375,-0.0245398346209645,2.19123849690825
0.6475,-0.0232840620578817,2.19169649004621
0.647625,-0.0220152441002162,2.19215546532707
0.64775,-0.0207340849523299,2.19261617541918
0.647875,-0.0194412956797428,2.19307935550357
0.648,-0.0181375938144957,2.19354561178125
0.648125,-0.0168237029569168,2.19401534749125
0.64825,-0.0155003523740148,2.19448874091905
0.648375,-0.0141682765947192,2.19496576798575
0.6485,-0.0128282150021938,2.19544625025309
0.648625,-0.0114809114234496,2.19592990922317
0.64875,-0.0101271137164849,2.19641641428215
0.648875,-0.00876757335518068,2.19690541882554
0.649,-0.00740304501218363,2.1973965841307
0.649125,-0.00603428614000667,2.19788959303632
0.64925,-0.00466205655058033,2.19838415618653
0.649375,-0.00328711799348816,2.19888001335792
0.6495,-0.00191023373312029,2.19937693181037
0.649625,-0.000532168124979983,2.19987470300668
0.64975,0.000846313808621765,2.20037313855671
0.649875,0.0022244468032479,2.20087206588508
0.65,0.00360146577715756,2.20137132388074
0.650125,0.00497660625603307,2.20187075863216
0.65025,0.00634910479737583,2.20237021925977
0.650375,0.0077181994143355,2.2028695538062
0.6505,0.00908312999873728,2.20336860512428
0.650625,0.0104431387430722,2.20386720670599
0.65075,0.0117974705612165,2.20436517842511
0.650875,0.0131453735076459,2.2048623222274
0.651,0.0144860991949127,2.20535841791073
0.651125,0.0158189032091539,2.2058532193136
0.65125,0.0171430455233982,2.20634645150079
0.651375,0.0184577909084452,2.20683780992524
0.6515,0.0197624093410854,2.20732696306253
0.651625,0.021056176409437,2.20781356060859
0.65175,0.0223383737151731,2.20829724982799
0.651875,0.0236082892724157,2.2087777026486
0.652,0.0248652179030765,2.20925465493992
0.652125,0.026108461628423,2.20972795622889
0.65225,0.0273373300566543,2.21019762239051
0.652375,0.0285511407662697,2.21066387658667
0.6525,0.0297492196850187,2.21112715862516
0.652625,0.0309309014642212,2.21158808591691
0.65275,0.0320955298482498,2.21204736416807
0.652875,0.0332424580389693,2.21250566809834
0.653,0.0343710490549319,2.2129635277306
0.653125,0.0354806760851265,2.21342125156707
0.65325,0.0365707228370879,2.21387889629163
0.653375,0.0376405838791706,2.2143362688325
0.6535,0.0386896649767995,2.21479293431957
0.653625,0.0397173834225074,2.21524820445639
0.65375,0.0407231683595796,2.21570108871666
0.653875,0.0417064610991231,2.21615020016306
0.654,0.0426667154303854,2.21659361939491
0.654125,0.0436033979241511,2.21702874166676
0.65425,0.0445159882290459,2.21745217466106
0.654375,0.045403979360586,2.21785982046707
0.6545,0.04626687798281,2.21824732783973
0.654625,0.0471042046823376,2.2186110266088
0.65475,0.0479154942347041,2.21894913335871
0.654875,0.0487002958628203,2.21926259884701
0.655,0.0494581734874167,2.21955500049535
0.655125,0.0501887059693312,2.21983158810458
0.65525,0.050891487343506,2.22009822906832
0.655375,0.0515661270445641,2.2203608836811
0.6555,0.0522122501238402,2.22062568263668
0.655625,0.052829497457744,2.22089919881763
0.65575,0.0534175259473422,2.22118817573465
0.655875,0.0539760087090467,2.22149804969329
0.656,0.0545046352563032,2.22183084300918
0.656125,0.0550031116721802,2.22218444812814
0.65625,0.0554711607727612,2.22255417728367
0.656375,0.0559085222612503,2.22293507971636
0.6565,0.0563149528727045,2.22332336162422
0.656625,0.0566902265093133,2.22371663467979
0.65675,0.0570341343661498,2.22411355323908
0.656875,0.0573464850473229,2.22451335108137
0.657,0.0576271046724672,2.22491550401619
0.657125,0.0578758369735101,2.2253195571049
0.65725,0.058092543381663,2.22572507774706
0.657375,0.0582771031045879,2.2261316857064
0.6575,0.0584294131936966,2.22653913155992
0.657625,0.0585493886015447,2.22694741084693
0.65775,0.0586369622292888,2.22735688232957
0.657875,0.0586920849641802,2.22776830314915
0.658,0.0587147257070735,2.22818266975791
0.658125,0.0587048713899366,2.22860086648437
0.65825,0.0586625269833499,2.22902331939338
0.658375,0.0585877154939919,2.22944988266668
0.6585,0.0584804779521121,2.22987998333309
0.658625,0.0583408733889979,2.23031286923686
0.65875,0.0581689788044481,2.23074780956196
0.658875,0.0579648891242701,2.23118419703675
0.659,0.0577287171478262,2.23162157225477
0.659125,0.0574605934856554,2.23205960755844
0.65925,0.0571606664872071,2.23249807785822
0.659375,0.0568291021587264,2.23293683217902
0.6595,0.0564660840713355,2.23337577078344
0.659625,0.0560718132593634,2.23381482841147
0.65975,0.0556465081089788,2.23425396261823
0.659875,0.0551904042371893,2.23469314590168
0.66,0.0547037543612734,2.23513236048546
0.660125,0.0541868281587167,2.23557159489942
0.66025,0.0536399121177316,2.2360108417532
0.660375,0.0530633093784425,2.23645009629195
0.6605,0.0524573395648241,2.23688935546234
0.660625,0.0518223386074869,2.23732861731136
0.66075,0.0511586585574075,2.23776788059958
0.660875,0.0504666673907075,2.23820714455004
0.661,0.0497467488045887,2.23864640868377
0.661125,0.0489993020045382,2.23908567271289
0.66125,0.0482247414829212,2.23952493647188
0.661375,0.0474234967890845,2.23996419987327
0.6615,0.0465960122910977,2.24040346287881
0.661625,0.0457427469292656,2.2408427254804
0.66175,0.0448641739615463,2.24128198768753
0.661875,0.0439607807010185,2.24172124951911
0.662,0.0430330682455421,2.24216051099828
0.662125,0.0420815511997632,2.24259977214921
0.66225,0.0411067573896164,2.24303903299542
0.662375,0.0401092275694842,2.2434782935591
0.6625,0.0390895151221753,2.24391755386106
0.662625,0.0380481857518877,2.24435681392071
0.66275,0.0369858171703282,2.24479607375576
0.662875,0.0359029987761617,2.24523533338189
0.663,0.0348003313279682,2.24567459281224
0.663125,0.033678426610889,2.24611385205701
0.66325,0.0325379070971473,2.24655311112312
0.663375,0.0313794056006316,2.2469923700139
0.6635,0.0302035649257329,2.24743162872888
0.663625,0.0290110375106318,2.2478708872637
0.66375,0.0278024850652321,2.24831014561
0.663875,0.0265785782039431,2.24874940375539
0.664,0.0253399960735134,2.24918866168352
0.664125,0.0240874259761232,2.24962791937424
0.66425,0.0228215629879445,2.25006717680387
0.664375,0.0215431095733802,2.25050643394556
0.6645,0.0202527751951969,2.25094569076989
0.664625,0.0189512759207678,2.25138494724561
0.66475,0.0176393340246433,2.25182420334049
0.664875,0.0163176775876708,2.25226345902247
0.665,0.0149870400928868,2.25270271426084
0.665125,0.0136481600184031,2.25314196902764
0.66525,0.0123017804275164,2.25358122329907
0.665375,0.0109486485562661,2.25402047705699
0.6655,0.00958951539867097,2.25445973029033
0.665625,0.00822513528987344,2.25489898299639
0.66575,0.00685626548742469,2.25533823518195
0.665875,0.00548366575094126,2.25577748686411
0.666,0.00410809792036762,2.25621673807075
0.666125,0.00273032549307825,2.25665598884066
0.66625,0.00135111320005437,2.25709523922314
0.666375,-2.8773418629761e-05,2.25753448927725
0.6665,-0.00140856843877502,2.25797373907058
0.666625,-0.0027875059772443,2.25841298867762
0.66675,-0.00416482061713205,2.25885223817784
0.666875,-0.00553974783268034,2.25929148765351
0.667,-0.00691152441370567,2.25973073718739
0.667125,-0.00827938888930085,2.26016998686037
0.66725,-0.00964258195057663,2.26060923674929
0.667375,-0.0110003468722085,2.2610484869248
0.6675,-0.0123519299325548,2.26148773744967
0.667625,-0.0136965808321119,2.26192698837738
0.66775,-0.0150335531100763,2.2623662397511
0.667875,-0.0163621045587792,2.26280549160321
0.668,-0.0176814976357666,2.26324474395512
0.668125,-0.0189909998732942,2.2636839968176
0.66825,-0.02028988428501,2.26412325019143
0.668375,-0.0215774297695995,2.26456250406839
0.6685,-0.0228529215111686,2.26500175843241
0.668625,-0.0241156513761424,2.26544101326088
0.66875,-0.0253649183064591,2.26588026852614
0.668875,-0.0266000287088413,2.26631952419678
0.669,-0.0278202968399273,2.26675878023909
0.669125,-0.0290250451870504,2.26719803661821
0.66925,-0.0302136048444533,2.26763729329925
0.669375,-0.0313853158847283,2.26807655024822
0.6695,-0.0325395277252793,2.26851580743275
0.669625,-0.0336755994895997,2.26895506482266
0.66975,-0.0347929003631662,2.26939432239034
0.669875,-0.0358908099437524,2.26983358011098
0.67,-0.0369687185859651,2.27027283796269
0.670125,-0.0380260277398138,2.27071209592648
0.67025,-0.0390621502831252,2.27115135398619
0.670375,-0.0400765108476167,2.27159061212829
0.6705,-0.0410685461384501,2.27202987034175
0.670625,-0.0420377052470855,2.27246912861779
0.67075,-0.0429834499572637,2.27290838694966
0.670875,-0.0439052550439458,2.27334764533247
0.671,-0.0448026085650449,2.27378690376295
0.671125,-0.0456750121457867,2.27422616223935
0.67125,-0.0465219812555428,2.27466542076124
0.671375,-0.0473430454769806,2.2751046793294
0.6715,-0.0481377487673831,2.27554393794561
0.671625,-0.0489056497119899,2.27598319661239
0.67175,-0.0496463217692229,2.27642245533251
0.671875,-0.0503593535076562,2.2768617141084
0.672,-0.0510443488346019,2.27730097294122
0.672125,-0.0517009272161828,2.27774023182966
0.67225,-0.0523287238887706,2.27817949076798
0.672375,-0.0529273900616716,2.2786187497431
0.6725,-0.053496593110948,2.27905800872984
0.672625,-0.0540360167642663,2.27949726768371
0.67275,-0.0545453612766705,2.27993652652975
0.672875,-0.0550243435971823,2.28037578514548
0.673,-0.0554726975261358,2.28081504333429
0.673125,-0.0558901738631589,2.28125430078364
0.67325,-0.0562765405457199,2.2816935569992
0.673375,-0.0566315827781612,2.28213281120109
0.6735,-0.0569551031511493,2.2825720621618
0.673625,-0.057246921751474,2.28301130795355
0.67375,-0.0575068762621363,2.28345054555297
0.673875,-0.0577348220526688,2.28388977022109
0.674,-0.0579306322596387,2.28432897453177
0.674125,-0.0580941978572883,2.28476814685127
0.67425,-0.0582254277182741,2.28520726896554
0.674375,-0.0583242486644701,2.28564631239453
0.6745,-0.0583906055078073,2.28608523271044
0.674625,-0.0584244610811268,2.286523960887
0.67475,-0.058425796259029,2.28696239039257
0.674875,-0.0583946099687065,2.28740035856579
0.675,-0.0583309191907567,2.28783762123455
0.675125,-0.0582347589499705,2.28827382157203
0.67525,-0.0581061822961053,2.28870845965388
0.675375,-0.0579452602746497,2.28914088018514
0.6755,-0.0577520818875989,2.28957031144537
0.675625,-0.0575267540442607,2.2899959963989
0.67575,-0.0572694015021191,2.29041742683113
0.675875,-0.0569801667977897,2.29083459850686
0.676,-0.056659210168104,2.29124810506354
0.676125,-0.0563067094613663,2.29165893532269
0.67625,-0.055922860038833,2.29206807403096
0.676375,-0.0555078746664679,2.29247617255294
0.6765,-0.0550619833970346,2.29288344231702
0.676625,-0.0545854334425907,2.2932897115651
0.67675,-0.0540784890374543,2.29369451498623
0.676875,-0.0535414312917192,2.2940971346671
0.677,-0.0529745580354001,2.29449656068368
0.677125,-0.0523781836532932,2.29489135017263
0.67725,-0.0517526389106454,2.29527936862106
0.677375,-0.0510982707697276,2.29565747228044
0.6775,-0.0504154421974136,2.2960214146031
0.677625,-0.0497045319638726,2.2963665252431
0.67775,-0.0489659344324859,2.29668946660007
0.677875,-0.0482000593411044,2.29699021108652
0.678,-0.0474073315747689,2.29727251699007
0.678125,-0.0465881909300181,2.29754244219675
0.67825,-0.045743091870917,2.29780646245734
0.678375,-0.0448725032769384,2.29807056561267
0.6785,-0.0439769081828397,2.29834023765354
0.678625,-0.0430568035106783,2.29862068293261
0.67875,-0.0421126997941142,2.29891679441013
0.678875,-0.0411451208951531,2.29923269914612
0.679,-0.0401546037134869,2.29957103819024
0.679125,-0.0391416978885928,2.29993241487593
0.67925,-0.0381069654947575,2.30031540811954
0.679375,-0.0370509807291931,2.30071716047262
0.6795,-0.0359743295934209,2.30113419271015
0.679625,-0.0348776095680976,2.30156307943344
0.67975,-0.0337614292814651,2.3020008332031
0.679875,-0.0326264081716084,2.30244503289794
0.68,-0.0314731761427082,2.30289379912754
0.680125,-0.0303023732154796,2.30334570668747
0.68025,-0.0291146491719899,2.30379968947468
0.680375,-0.0279106631950545,2.30425496499601
0.6805,-0.026691083502409,2.30471098820438
0.680625,-0.0254565869758614,2.30516743383571
0.68075,-0.0242078587856308,2.30562419824562
0.680875,-0.02294559201008,2.30608140448742
0.681,-0.0216704872510538,2.30653939051697
0.681125,-0.0203832522450361,2.3069986645912
0.68125,-0.0190846014703418,2.30745982585905
0.681375,-0.0177752557505619,2.30792346597891
0.6815,-0.0164559418544811,2.30839007828414
0.681625,-0.0151273920926902,2.30885999761493
0.68175,-0.0137903439111182,2.30933337991472
0.681875,-0.012445539481708,2.30981021594461
0.682,-0.0110937252904643,2.31029036548
0.682125,-0.00973565172310226,2.31077359808653
0.68225,-0.00837207264852533,2.31125963073764
0.682375,-0.00700374500036607,2.31174815749358
0.6825,-0.00563142835682001,2.3122388701941
0.682625,-0.00425588451900688,2.31273147118813
0.68275,-0.00287787708809304,2.31322567989896
0.682875,-0.0014981710414098,2.3137212350421
0.683,-0.000117532307803037,2.31421789399843
0.683125,0.00126327265755026,2.3147154304495
0.68325,0.00264347729862238,2.31521363102523
0.683375,0.00402231538407611,2.31571229143599
0.6835,0.0053990214326304,2.31621121236459
0.683625,0.00677283113801448,2.31671019526663
0.68375,0.00814298179327447,2.31720903815664
0.683875,0.00950871271419677,2.31770753143352
0.684,0.0108692656616134,2.31820545381785
0.684125,0.0122238852623548,2.31870256853884
0.68425,0.0135718194286157,2.31919862002853
0.684375,0.0149123197755028,2.3196933315677
0.6845,0.0162446420365308,2.32018640459278
0.684625,0.0175680464768364,2.32067752071353
0.68475,0.0188817983038824,2.32116634786772
0.684875,0.0201851680754212,2.32165255233721
0.685,0.0214774321044938,2.32213581832641
0.685125,0.0227578728612378,2.32261587605247
0.68525,0.0240257793712814,2.32309253729185
0.685375,0.0252804476105035,2.32356573370135
0.6855,0.0265211808959388,2.32403554835549
0.685625,0.0277472902726127,2.32450222668598
0.68575,0.0289580948960892,2.32496615282216
0.685875,0.0301529224105217,2.32542778445264
0.686,0.0313311093219948,2.32588755308597
0.686125,0.0324920013669508,2.3263457500594
0.68625,0.0336349538754961,2.32680242226681
0.686375,0.0347593321293853,2.32725729161421
0.6865,0.0358645117144855,2.32770969525823
0.686625,0.0369498788675231,2.3281585314059
0.68675,0.0380148308169227,2.32860219597348
0.686875,0.0390587761175469,2.32903851084562
0.687,0.040081134979152,2.3294646744044
0.687125,0.041081339588378,2.3298773066975
0.68725,0.0420588344240923,2.3302726991811
0.687375,0.043013076565913,2.33064736495362
0.6875,0.0439435359957406,2.33099885027287
0.687625,0.0448496958921302,2.3313265180097
0.68775,0.0457310529173411,2.33163185881619
0.687875,0.0465871174969032,2.33191809836466
0.688,0.0474174140915473,2.33218934122522
0.688125,0.0482214814613453,2.33244974613435
0.68825,0.0489988729219159,2.33270306777895
0.688375,0.0497491565925528,2.33295260886228
0.6885,0.0504719156361362,2.33320147588652
0.688625,0.0511667484906971,2.33345302208853
0.68875,0.051833269092503,2.33371135329293
0.688875,0.0524711070905429,2.33398162930269
0.689,0.0530799080522912,2.33426960463438
0.689125,0.0536593336606371,2.33457991648042
0.68925,0.05420906190187,2.33491388180267
0.689375,0.0547287872446153,2.33526883055124
0.6895,0.0552182208096233,2.33563965639359
0.689625,0.0556770905303138,2.33602104801706
0.68975,0.0561051413039909,2.33640886129757
0.689875,0.0565021351336408,2.33680041750722
0.69,0.0568678512602348,2.33719424846118
0.690125,0.0572020862854653,2.33758972425183
0.69025,0.0575046542848442,2.33798672344783
0.690375,0.0577753869111026,2.33838536280095
0.6905,0.0580141334878333,2.33878578475401
0.690625,0.0582207610933253,2.33918801966369
0.69075,0.0583951546345414,2.33959193740957
0.690875,0.0585372169112002,2.33999727805707
0.691,0.0586468686699251,2.34040373455779
0.691125,0.0587240486484311,2.34081106735746
0.69125,0.0587687136097243,2.34121924282576
0.691375,0.0587808383662945,2.34162857158174
0.6915,0.0587604157942893,2.34203976773857
0.691625,0.0587074568376589,2.34245381578185
0.69175,0.0586219905022719,2.34287162990384
0.691875,0.0585040638400031,2.3432936915593
0.692,0.058353741922804,2.34371990635146
0.692125,0.0581711078067681,2.34414972997539
0.69225,0.0579562624862129,2.34458241549677
0.692375,0.0577093248378028,2.34501722281969
0.6925,0.0574304315547439,2.34545353001456
0.692625,0.0571197370710881,2.34589086321115
0.69275,0.0567774134761864,2.34632888279597
0.692875,0.0564036504193413,2.34676735466103
0.693,0.0559986550047092,2.34720612138311
0.693125,0.0555626516765116,2.34764507877049
0.69325,0.0550958820946197,2.34808415856276
0.693375,0.0545986050005796,2.34852331633833
0.6935,0.0540710960741534,2.34896252332373
0.693625,0.0535136477804563,2.34940176094919
0.69375,0.0529265692077734,2.34984101727005
0.693875,0.0523101858961462,2.35028028463054
0.694,0.0516648396568245,2.35071955814678
0.694125,0.0509908883826842,2.35115883472871
0.69425,0.0502887058497142,2.35159811245106
0.694375,0.0495586815096847,2.35203739014436
0.6945,0.048801220274111,2.3524766671263
0.694625,0.0480167422896324,2.35291594302614
0.69475,0.0472056827049309,2.35335521766985
0.694875,0.04636849142932,2.3537944910047
0.695,0.0455056328831356,2.35423376305008
0.695125,0.0446175857400696,2.35467303386605
0.69525,0.0437048426615874,2.35511230353349
0.695375,0.0427679100235781,2.35555157214172
0.6955,0.041807307635388,2.35599083978096
0.695625,0.0408235684513935,2.35643010653775
0.69575,0.0398172382752745,2.3568693724924
0.695875,0.0387888754571503,2.3573086377178
0.696,0.0377390505837486,2.35774790227935
0.696125,0.0366683461617773,2.35818716623578
0.69625,0.0355773562946761,2.35862642964039
0.696375,0.0344666863529269,2.35906569254213
0.6965,0.0333369526381064,2.35950495498629
0.696625,0.0321887820408659,2.35994421701474
0.69675,0.0310228116930303,2.36038347866606
0.696875,0.0298396886140077,2.36082273997544
0.697,0.0286400693517063,2.36126200097463
0.697125,0.027424619618158,2.36170126169189
0.69725,0.026194013920051,2.36214052215206
0.697375,0.0249489351843766,2.36257978237666
0.6975,0.0236900743793969,2.36301904238409
0.697625,0.0224181301311459,2.36345830218989
0.69775,0.0211338083356738,2.36389756180699
0.697875,0.0198378217672535,2.36433682124605
0.698,0.0185308896827631,2.36477608051576
0.698125,0.0172137374224663,2.3652153396232
0.69825,0.0158870960074118,2.36565459857419
0.698375,0.0145517017336746,2.36609385737361
0.6985,0.0132082957636653,2.36653311602582
0.698625,0.0118576237147329,2.36697237453496
0.69875,0.0105004352452915,2.36741163290528
0.698875,0.0091374836386986,2.36785089114152
0.699,0.00776952538511737,2.36829014924912
0.699125,0.00639731976159408,2.36872940723447
0.69925,0.00502162841058461,2.36916866510513
0.699375,0.00364321491716339,2.36960792286989
0.6995,0.00226284438514979,2.37004718053888
0.699625,0.000881283012387047,2.37048643812348
0.69975,-0.000500702334590195,2.37092569563626
0.699875,-0.00188234454626395,2.37136495309082
0.7,-0.00326287669598,2.37180421050151
0.700125,-0.0046415324656977,2.37224346788321
0.70025,-0.00601754657140618,2.37268272525097
0.700375,-0.00739015518797066,2.37312198261969
0.7005,-0.00875859637317317,2.37356124000377
0.700625,-0.010122110490712,2.37400049741682
0.70075,-0.0114799406319255,2.37443975487135
0.700875,-0.0128313330360055,2.3748790123785
0.701,-0.0141755375084674,2.37531826994792
0.701125,-0.0155118078376449,2.3757575275876
0.70125,-0.0168394022089771,2.37619678530382
0.701375,-0.0181575836168596,2.37663604310118
0.7015,-0.0194656202738289,2.37707530098268
0.701625,-0.0207627860168549,2.37751455894981
0.70175,-0.0220483607105145,2.37795381700276
0.701875,-0.023321630646823,2.37839307514061
0.702,-0.0245818889415016,2.37883233336155
0.702125,-0.02582843592646,2.37927159166312
0.70225,-0.0270605795382774,2.37971085004244
0.702375,-0.0282776357024654,2.38015010849645
0.7025,-0.0294789287132995,2.38058936702208
0.702625,-0.0306637916090085,2.38102862561647
0.70275,-0.0318315665421135,2.38146788427714
0.702875,-0.0329816051447106,2.38190714300209
0.703,-0.0341132688884948,2.38234640178995
0.703125,-0.0352259294393246,2.38278566064007
0.70325,-0.0363189690061313,2.3832249195526
0.703375,-0.0373917806839786,2.38366417852859
0.7035,-0.0384437687910816,2.38410343757005
0.703625,-0.0394743491995998,2.38454269668004
0.70375,-0.0404829496600175,2.38498195586279
0.703875,-0.0414690101189348,2.38542121512383
0.704,-0.0424319830300903,2.38586047447017
0.704125,-0.043371333658443,2.38629973391044
0.70425,-0.0442865403771461,2.38673899345511
0.704375,-0.0451770949572462,2.3871782531165
0.7045,-0.0460425028499472,2.38761751290881
0.704625,-0.046882283461283,2.38805677284769
0.70475,-0.0476959704190459,2.3884960329498
0.704875,-0.0484831118318218,2.38893529323212
0.705,-0.0492432705399893,2.3893745537112
0.705125,-0.0499760243585434,2.38981381440197
0.70525,-0.0506809663116078,2.39025307531606
0.705375,-0.0513577048585061,2.39069233645899
0.7055,-0.0520058641112672,2.39113159782573
0.705625,-0.0526250840434423,2.39157085939358
0.70575,-0.0532150206901192,2.39201012111092
0.705875,-0.0537753463390216,2.39244938287915
0.706,-0.0543057497125876,2.39288864452443
0.706125,-0.0548059361409269,2.3933279057535
0.70625,-0.0552756277255591,2.39376716608516
0.706375,-0.0557145634938438,2.39420642474254
0.7065,-0.0561224995440155,2.39464568048314
0.706625,-0.0564992091807429,2.39508493133316
0.70675,-0.0568444830411377,2.3955241741743
0.706875,-0.0571581292111428,2.39596340409933
0.707,-0.0574399733322344,2.39640261340451
0.707125,-0.0576898586983796,2.3968417900153
0.70725,-0.0579076463431953,2.39728091503248
0.707375,-0.0580932151172597,2.397719958924
0.7075,-0.0582464617555338,2.3981588756585
0.707625,-0.0583673009348545,2.39859759377751
0.70775,-0.0584556653214686,2.39903600308077
0.707875,-0.0585115056085803,2.39947393542867
0.708,-0.0585347905438914,2.3999111386299
0.708125,-0.0585255069471189,2.40034724456344
0.70825,-0.0584836597174805,2.40078173851657
0.708375,-0.0584092718311427,2.40121394838401
0.7085,-0.0583023843286349,2.40164308861849
0.708625,-0.0581630562922333,2.40206840103098
0.70875,-0.0579913648133305,2.40248940004694
0.708875,-0.057787404949806,2.40290612971512
0.709,-0.0575512896734229,2.40331923941701
0.709125,-0.057283149807279,2.40372975074485
0.70925,-0.0569831339533477,2.40413864304537
0.709375,-0.0566514084101477,2.40454654002814
0.7095,-0.0562881570805886,2.40495363885847
0.709625,-0.055893581370042,2.40535980883502
0.70975,-0.0554679000746958,2.40576473445643
0.709875,-0.0550113492602529,2.40616803966418
0.71,-0.0545241821310412,2.40656938083038
0.710125,-0.054006668889609,2.40696849787904
0.71025,-0.0534590965868818,2.40736519005874
0.710375,-0.0528817689629647,2.40775917168193
0.7105,-0.0522750062786789,2.40814978398615
0.710625,-0.0516391451379243,2.40853558473354
0.71075,-0.050974538300969,2.40891390668732
0.710875,-0.0502815544887664,2.40928062173174
0.711,-0.0495605781784119,2.40963057076472
0.711125,-0.048812009389849,2.40995907908159
0.71125,-0.0480362634639463,2.41026412871977
0.711375,-0.0472337708320665,2.41054758131807
0.7115,-0.0464049767772557,2.41081422174187
0.711625,-0.0455503411871868,2.41106959977161
0.71175,-0.0446703382989913,2.41131852508637
0.711875,-0.0437654564361246,2.41156471806632
0.712,-0.0428361977374074,2.41181109672354
0.712125,-0.0418830778783962,2.41206021115148
0.71225,-0.040906625785236,2.4123146151997
0.712375,-0.0399073833411546,2.41257710742435
0.7125,-0.0388859050857606,2.41285079988338
0.712625,-0.0378427579073138,2.41313896813462
0.71275,-0.0367785207281364,2.4134446660407
0.712875,-0.0356937841833412,2.41377018810322
0.713,-0.0345891502930548,2.41411658540727
0.713125,-0.0334652321283169,2.4144834672118
0.71325,-0.0323226534708426,2.4148691799586
0.713375,-0.0311620484668353,2.41527125179921
0.7135,-0.0299840612750421,2.41568689271551
0.713625,-0.028789345709249,2.41611338984702
0.71375,-0.0275785648754115,2.4165483456202
0.713875,-0.0263523908036249,2.41698978424247
0.714,-0.0251115040751354,2.41743617756624
0.714125,-0.023856593444603,2.41788643258952
0.71425,-0.0225883554578211,2.41833986241565
0.714375,-0.0213074940651099,2.41879614415554
0.7145,-0.0200147202305936,2.4192552578759
0.714625,-0.0187107515375824,2.41971740254085
0.71475,-0.0173963117902749,2.4201828950198
0.714875,-0.0160721306120046,2.42065206879273
0.715,-0.0147389430402512,2.42112519197815
0.715125,-0.0133974891186441,2.4216024176861
0.71525,-0.0120485134861817,2.42208376831093
0.715375,-0.0106927649638973,2.42256914601356
0.7155,-0.00933099613919879,2.42305835785714
0.715625,-0.00796396294811406,2.42355114522311
0.71575,-0.00659242425567402,2.42404721065526
0.715875,-0.0052171414346656,2.42454623887928
0.716,-0.00383887794298901,2.42504791132391
0.716125,-0.0024583988998537,2.42555191487704
0.71625,-0.00107647066104838,2.42605794613888
0.716375,0.000306139606479191,2.42656571245229
0.7165,0.00168866435049646,2.42707493077876
0.716625,0.00307033605957794,2.42758532521708
0.71675,0.00445038768917815,2.42809662371507
0.716875,0.00582805308744907,2.42860855433263
0.717,0.00720256742056581,2.42912084128497
0.717125,0.00857316759732418,2.42963320092305
0.71725,0.00993909269277469,2.43014533778969
0.717375,0.0112995843706575,2.43065694092364
0.7175,0.0126538873044043,2.43116768067002
0.717625,0.0140012495964723,2.43167720639692
0.71775,0.0153409231957792,2.4321851457124
0.717875,0.0166721643130058,2.43269110600153
0.718,0.0179942338335365,2.43319467930323
0.718125,0.0193063977278082,2.43369545159438
0.71825,0.0206079274588401,2.43419301722006
0.718375,0.0218981003867172,2.43468699818188
0.7185,0.0231762001698045,2.4351770659365
0.718625,0.0244415171624672,2.43566296017832
0.71875,0.0256933488090781,2.4361444953936
0.718875,0.0269310000340914,2.4366215434821
0.719,0.0281537836279683,2.43709398199569
0.719125,0.0293610206287384,2.4375616044145
0.71925,0.0305520406989864,2.43802400032238
0.719375,0.0317261824980534,2.43848042482686
0.7195,0.032882794049248,2.43892968337855
0.719625,0.034021233101861,2.43937006039399
0.71975,0.0351408674877847,2.43979932319509
0.719875,0.0362410754725379,2.44021484006662
0.72,0.0373212461005012,2.44061385316502
0.720125,0.0383807795341721,2.44099391798854
0.72025,0.0394190873872503,2.44135343841709
0.720375,0.040435593051369,2.44169211578937
0.7205,0.0414297320162908,2.44201109201533
0.720625,0.0424009521833897,2.44231269100228
0.72075,0.0433487141722457,2.44259988438358
0.720875,0.0442724916201817,2.4428757342847
0.721,0.0451717714745759,2.44314300732943
0.721125,0.0460460542777882,2.4434040100995
0.72125,0.0468948544445413,2.44366059752781
0.721375,0.0477177005316035,2.44391428573271
0.7215,0.0485141354996222,2.44416642524118
0.721625,0.0492837169669646,2.44441842363793
0.72175,0.0500260174554218,2.44467203069876
0.721875,0.0507406246276432,2.44492969933154
0.722,0.0514271415161659,2.4451949753666
0.722125,0.0520851867439146,2.44547267926106
0.72225,0.0527143947360483,2.44576833968199
0.722375,0.0533144159230358,2.44608641882831
0.7225,0.0538849169348483,2.44642810682195
0.722625,0.0544255807861599,2.44679065457973
0.72275,0.0549361070524545,2.44716888336663
0.722875,0.0554162120369402,2.44755737389649
0.723,0.0558656289281786,2.44795182496404
0.723125,0.0562841079483419,2.44834934754636
0.72325,0.0566714164920154,2.44874820121622
0.723375,0.0570273392554673,2.44914742643766
0.7235,0.0573516783563154,2.44954656222627
0.723625,0.0576442534435229,2.44994547651262
0.72375,0.0579049017976631,2.45034427754013
0.723875,0.0581334784213966,2.45074325969697
0.724,0.0583298561201113,2.45114283927845
0.724125,0.0584939255726793,2.45154345601689
0.72425,0.058625595392293,2.45194545467441
0.724375,0.0587247921773449,2.45234899309745
0.7245,0.0587914605523236,2.45275401845764
0.724625,0.0588255631987033,2.45316031822046
0.72475,0.058827080875809,2.45356762516849
0.724875,0.0587960124316467,2.45397575599268
0.725,0.0587323748036907,2.45438476819513
0.725125,0.0586362030096302,2.45479509361905
0.72525,0.0585075501280776,2.45520755075118
0.725375,0.0583464872692505,2.4556231381053
0.7255,0.0581531035356436,2.45604265931808
0.725625,0.0579275059727119,2.45646641236595
0.72575,0.0576698195095923,2.45689414026319
0.725875,0.0573801868898971,2.45732521438175
0.726,0.0570587685926169,2.45775887984113
0.726125,0.056705742743178,2.45819443324666
0.72625,0.0563213050147019,2.45863130368678
0.726375,0.0559056685195229,2.45906906511813
0.7265,0.0554590636910236,2.45950741605532
0.726625,0.0549817381558537,2.45994615032205
0.72675,0.0544739565966032,2.46038513003293
0.726875,0.0539360006050057,2.46082426434545
0.727,0.0533681685257538,2.46126349404365
0.727125,0.0527707752910127,2.46170278084912
0.72725,0.0521441522457244,2.46214210020855
0.727375,0.0514886469637989,2.46258143651149
0.7275,0.0508046230552941,2.46302077995849
0.727625,0.0500924599646925,2.46346012452797
0.72775,0.0493525527603854,2.46389946665582
0.727875,0.0485853119154824,2.46433880436361
0.728,0.0477911630800663,2.46477813667691
0.728125,0.0469705468450225,2.46521746324237
0.72825,0.0461239184975701,2.46565678407958
0.728375,0.0452517477686345,2.46609609942185
0.7285,0.0443545185721983,2.46653540961589
0.728625,0.0434327287367769,2.46697471505969
0.72875,0.0424868897291678,2.46741401616479
0.728875,0.0415175263706256,2.46785331333395
0.729,0.0405251765456223,2.46829260694861
0.729125,0.0395103909033521,2.46873189736226
0.72925,0.0384737325521485,2.46917118489761
0.729375,0.0374157767469819,2.46961046984587
0.7295,0.0363371105702118,2.47004975246739
0.729625,0.0352383326057703,2.4704890329931
0.72975,0.0341200526069587,2.47092831162684
0.729875,0.0329828911580398,2.47136758854849
0.73,0.0318274793298156,2.47180686391766
0.730125,0.0306544583293807,2.47224613787703
0.73025,0.0294644791442455,2.47268541055498
0.730375,0.028258202181027,2.47312468206755
0.7305,0.0270362968989087,2.47356395252013
0.730625,0.0257994414380707,2.47400322200877
0.73075,0.024548322243299,2.47444249062136
0.730875,0.0232836336829807,2.47488175843842
0.731,0.0220060776636984,2.47532102553377
0.731125,0.0207163632406354,2.47576029197497
0.73125,0.019415206224011,2.47619955782374
0.731375,0.0181033287817614,2.4766388231363
0.7315,0.0167814590386886,2.4770780879637
0.731625,0.0154503306722997,2.47751735235226
0.73175,0.0141106825055591,2.47795661634392
0.731875,0.0127632580967828,2.47839587997664
0.732,0.0114088053268996,2.47883514328483
0.732125,0.0100480759843092,2.47927440629971
0.73225,0.00868182534756933,2.47971366904967
0.732375,0.00731081176614015,2.48015293156064
0.7325,0.00593579623942219,2.48059219385635
0.732625,0.00455754199431906,2.48103145595866
0.73275,0.00317681406156061,2.48147071788776
0.732875,0.00179437885102137,2.48190997966241
0.733,0.000411003726270082,2.48234924130012
0.733125,-0.000972543421413494,2.48278850281732
0.73325,-0.00235549459931803,2.48322776422945
0.733375,-0.00373708213963966,2.48366702555113
0.7335,-0.00511653912564395,2.48410628679619
0.733625,-0.00649309981741417,2.4845455479778
0.73375,-0.00786600007694956,2.4849848091085
0.733875,-0.00923447779237762,2.48542407020027
0.734,-0.0105977733010447,2.48586333126458
0.734125,-0.0119551298112506,2.48630259231243
0.73425,-0.0133057938223917,2.48674185335444
0.734375,-0.0146490155432817,2.48718111440088
0.7345,-0.0159840493084149,2.48762037546171
0.734625,-0.0173101539919429,2.48805963654673
0.73475,-0.018626593419135,2.48849889766559
0.734875,-0.0199326367750915,2.48893815882791
0.735,-0.0212275590104866,2.48937742004336
0.735125,-0.022510641244112,2.48981668132182
0.73525,-0.0237811711620004,2.49025594267345
0.735375,-0.0250384434129061,2.49069520410884
0.7355,-0.0262817599999229,2.49113446563918
0.735625,-0.0275104306680227,2.49157372727639
0.73575,-0.028723773287299,2.49201298903336
0.735875,-0.0299211142317027,2.49245225092411
0.736,-0.0311017887530602,2.49289151296411
0.736125,-0.0322651413501651,2.49333077517053
0.73625,-0.0334105261327403,2.49377003756263
0.736375,-0.0345373071800669,2.4942093001622
0.7365,-0.0356448588940808,2.49464856299402
0.736625,-0.0367325663467424,2.49508782608648
0.73675,-0.0377998256214849,2.49552708947219
0.736875,-0.0388460441485523,2.49596635318864
0.737,-0.0398706410340411,2.49640561727891
0.737125,-0.0408730473824623,2.49684488179224
0.73725,-0.0418527066126453,2.49728414678444
0.737375,-0.0428090747668078,2.49772341231797
0.7375,-0.0437416208126205,2.49816267846174
0.737625,-0.0446498269380981,2.49860194529078
0.73775,-0.0455331888391539,2.4990412128861
0.737875,-0.0463912159996575,2.4994804813346
0.738,-0.0472234319638398,2.49991975072883
0.738125,-0.0480293746008957,2.50035902116623
0.73825,-0.0488085963616351,2.50079829274715
0.738375,-0.0495606645270419,2.50123756557143
0.7385,-0.0502851614486014,2.50167683973218
0.738625,-0.0509816847802635,2.50211611530566
0.73875,-0.0516498477019126,2.50255539233502
0.738875,-0.0522892791342196,2.50299467080466
0.739,-0.0528996239447581,2.50343395060003
0.739125,-0.0534805431452679,2.50387323144438
0.73925,-0.0540317140799591,2.50431251279811
0.739375,-0.0545528306047497,2.50475179369935
0.7395,-0.0550436032573389,2.50519107251071
0.739625,-0.05550375941802,2.50563034651625
0.73975,-0.0559330434611456,2.5060696112883
0.739875,-0.0563312168971589,2.50650885970681
0.74,-0.0566980585051135,2.50694808044178
0.740125,-0.0570333644556071,2.50738725559889
0.74025,-0.0573369484240624,2.50782635707384
0.740375,-0.0576086416942901,2.50826534094259
0.7405,-0.0578482932522778,2.50870413892526
0.740625,-0.0580557698701527,2.5091426456372
0.74075,-0.0582309561802707,2.50958070013359
0.740875,-0.0583737547393915,2.51001806059545
0.741,-0.0584840860829026,2.51045437288548
0.741125,-0.0585618887690644,2.51088913896734
0.74125,-0.0586071194132494,2.51132170212954
0.741375,-0.0586197527121576,2.51175128220646
0.7415,-0.0585997814579942,2.51217710400826
0.741625,-0.0585472165426027,2.51259863471617
0.74175,-0.0584620869515486,2.5130158511287
0.741875,-0.0583444397481601,2.51342934636818
0.742,-0.0581943400475319,2.51384012473732
0.742125,-0.0580118709805078,2.51424918428019
0.74225,-0.057797133647662,2.5146571765999
0.742375,-0.0575502470633037,2.5150643165254
0.7425,-0.0572713480895377,2.51547048445889
0.742625,-0.056960591360415,2.51587539171654
0.74275,-0.0566181491962181,2.51627873747351
0.742875,-0.0562442115079272,2.51668033868009
0.743,-0.0558389856919193,2.51708021726446
0.743125,-0.0554026965149611,2.51747861526737
0.74325,-0.0549355859895572,2.5178759215699
0.743375,-0.0544379132397237,2.5182725367243
0.7435,-0.0539099543572614,2.51866873023
0.743625,-0.0533520022486093,2.51906452262702
0.74375,-0.0527643664723609,2.51945957495453
0.743875,-0.0521473730675368,2.51985303423733
0.744,-0.0515013643727055,2.52024328702178
0.744125,-0.0508266988360558,2.52062762902427
0.74425,-0.0501237508165235,2.52100200870566
0.744375,-0.0493929103760847,2.52136125174941
0.7445,-0.0486345830633302,2.52170026483912
0.744625,-0.0478491896884403,2.52201610367358
0.74475,-0.0470371660896868,2.52230957473364
0.744875,-0.0461989628915901,2.5225848290066
0.745,-0.0453350452548655,2.52284729870379
0.745125,-0.0444458926182993,2.5231018578567
0.74525,-0.0435319984326958,2.52335213939966
0.745375,-0.0425938698870442,2.5236006425765
0.7455,-0.0416320276270567,2.52384908271719
0.745625,-0.0406470054662342,2.52409871952621
0.74575,-0.0396393500896204,2.52435060212437
0.745875,-0.0386096207504078,2.52460574192263
0.746,-0.0375583889595647,2.5248652362332
0.746125,-0.036486238168655,2.52513035808705
0.74625,-0.0353937634460274,2.52540261599316
0.746375,-0.0342815711465534,2.52568377542817
0.7465,-0.0331502785750965,2.52597582412204
0.746625,-0.0320005136439017,2.52628086090242
0.74675,-0.0308329145240926,2.52660090101933
0.746875,-0.0296481292914719,2.52693762347366
0.747,-0.0284468155668205,2.52729212612116
0.747125,-0.0272296401508951,2.52766477318528
0.74725,-0.0259972786543279,2.52805519369935
0.747375,-0.0247504151226319,2.52846242850022
0.7475,-0.023489741656522,2.52888516690602
0.747625,-0.0222159580277608,2.52932199361167
0.74775,-0.020929771290744,2.52977158200363
0.747875,-0.0196318953900402,2.53023280258425
0.748,-0.0183230507641018,2.53070474674334
0.748125,-0.0170039639453698,2.5311866882677
0.74825,-0.0156753671569918,2.53167801496087
0.748375,-0.0143379979063781,2.53217816057012
0.7485,-0.0129925985758217,2.53268655628987
0.748625,-0.0116399160104095,2.53320260771138
0.74875,-0.0102807011034526,2.53372569303239
0.748875,-0.00891570837966685,2.53425517400558
0.749,-0.00754569557633426,2.53479041144779
0.749125,-0.00617142322267851,2.5353307797191
0.74925,-0.00479365421768735,2.53587567739616
0.749375,-0.00341315340661661,2.53642453342719
0.7495,-0.00203068715641098,2.53697680920155
0.749625,-0.000647022930276989,2.53753199741015
0.74975,0.000737071138355417,2.53808961860116
0.749875,0.00212082667224627,2.53864921617421
0.75,0.00350347547689726,2.53921035034262
0.750125,0.00488424996700485,2.53977259139419
0.75025,0.00626238359257812,2.54033551242459
0.750375,0.00763711126448473,2.54089868160671
0.7505,0.00900766977918882,2.54146165399351
0.750625,0.010373298242445,2.5420239628277
0.75075,0.0117332384917131,2.54258511034852
0.750875,0.0130867355170597,2.54314455814734
0.751,0.0144330378803118,2.54370171723476
0.751125,0.0157713981322309,2.54425593814357
0.75125,0.0171010732274754,2.54480650159641
0.751375,0.0184213249371209,2.54535261048125
0.7515,0.0197314202585092,2.54589338403642
0.751625,0.0210306318221998,2.54642785514988
0.75175,0.0223182382957954,2.5469549714366
0.751875,0.0235935247844201,2.54747360032317
0.752,0.0248557832276256,2.54798253813415
0.752125,0.0261043127925062,2.54848052404044
0.75225,0.0273384202628045,2.54896626282027
0.752375,0.0285574204237911,2.54943846583286
0.7525,0.0297606364427048,2.54989592456811
0.752625,0.0309474002445421,2.55033762888507
0.75275,0.0321170528829879,2.55076292538604
0.752875,0.0332689449062806,2.55117168127551
0.753,0.0344024367178086,2.55156439214097
0.753125,0.0355168989312386,2.55194217429287
0.75325,0.0366117127199782,2.55230662494266
0.753375,0.037686270160778,2.55265959354225
0.7535,0.0387399745712836,2.5530029425874
0.753625,0.0397722408413498,2.55333836488752
0.75375,0.040782495757932,2.5536672843807
0.753875,0.0417701783233758,2.5539908312618
0.754,0.0427347400669274,2.55430986624744
0.754125,0.0436756453492914,2.55462503017228
0.75425,0.0445923716600678,2.55493680380811
0.754375,0.0454844099079024,2.55524557193343
0.7545,0.0463512647031895,2.55555169315643
0.754625,0.0471924546331704,2.55585558341823
0.75475,0.0480075125292741,2.55615782773811
0.754875,0.0487959857265527,2.55645934194538
0.755,0.0495574363150667,2.55676161041336
0.755125,0.0502914413830807,2.55706701248899
0.75525,0.0509975932519348,2.55737917912577
0.755375,0.051675499702461,2.5577031249441
0.7555,0.0523247841928187,2.5580446071834
0.755625,0.0529450860676287,2.55840826145066
0.75575,0.0535360607582891,2.5587952936211
0.755875,0.0540973799743624,2.55920272403016
0.756,0.0546287318859266,2.5596249184345
0.756125,0.0551298212967905,2.56005591690569
0.75625,0.0556003698084749,2.56049093432775
0.756375,0.0560401159748707,2.56092672236458
0.7565,0.0564488154474864,2.56136131176408
0.756625,0.0568262411112056,2.56179361935872
0.75675,0.0571721832104777,2.56222312077173
0.756875,0.057486449465873,2.56264962254532
0.757,0.0577688651809363,2.56307311791249
0.757125,0.0580192733392806,2.56349370430929
0.75725,0.0582375346918665,2.56391154476681
0.757375,0.0584235278344181,2.56432686120346
0.7575,0.058577149274934,2.56473995069051
0.757625,0.0586983134912542,2.56515121231503
0.75775,0.0587869529786518,2.56556116238475
0.757875,0.0588430182874227,2.56597040835273
0.758,0.0588664780504525,2.56637956432362
0.758125,0.0588573190007454,2.56678912966891
0.75825,0.0588155459789047,2.56719938937667
0.758375,0.0587411819305613,2.56761039036782
0.7585,0.058634267893751,2.56802200572385
0.758625,0.0584948629762489,2.5684340637915
0.75875,0.0583230443228707,2.56884651350246
0.758875,0.0581189070727625,2.56925959288668
0.759,0.0578825643066993,2.56967393109317
0.759125,0.0576141469844245,2.57009047596695
0.75925,0.0573138038720626,2.5705102030926
0.759375,0.0569817014596464,2.57093374662287
0.7595,0.0566180238688054,2.571361193639
0.759625,0.0562229727506645,2.57179214466845
0.75975,0.0557967671740112,2.57222593407414
0.759875,0.0553396435037927,2.57266184869139
0.76,0.0548518552700105,2.57309926158092
0.760125,0.0543336730270852,2.57353768119145
0.76025,0.0537853842037691,2.57397674894778
0.760375,0.0532072929436908,2.5744162155002
0.7605,0.0525997199366193,2.57485591325272
0.760625,0.0519630022405414,2.57529573260352
0.76075,0.0512974930946517,2.57573560372875
0.760875,0.0506035617233585,2.5761754834354
0.761,0.0498815931314145,2.57661534600655
0.761125,0.0491319878902851,2.57705517700543
0.76125,0.0483551619158752,2.57749496919003
0.761375,0.0475515462377346,2.57793471984604
0.7615,0.0467215867598727,2.57837442902606
0.761625,0.0458657440133146,2.57881409839032
0.76175,0.0449844929005342,2.5792537304601
0.761875,0.0440783224319091,2.57969332814929
0.762,0.0431477354543412,2.58013289448017
0.762125,0.0421932483721942,2.5805724324174
0.76225,0.0412153908607034,2.58101194477579
0.762375,0.0402147055720169,2.58145143417334
0.7625,0.0391917478340298,2.58189090301163
0.762625,0.038147085342181,2.5823303534721
0.76275,0.0370812978443815,2.58276978752144
0.762875,0.0359949768192504,2.58320920692175
0.763,0.0348887251478362,2.5836486132432
0.763125,0.0337631567790067,2.58408800787796
0.76325,0.0326188963886923,2.58452739205464
0.763375,0.0314565790331724,2.58496676685286
0.7635,0.0302768497965964,2.58540613321801
0.763625,0.029080363432937,2.58584549197641
0.76375,0.0278677840025717,2.58628484385129
0.763875,0.0266397845036966,2.58672418947874
0.764,0.0253970464987762,2.58716352942192
0.764125,0.024140259736236,2.58760286418233
0.76425,0.0228701217676086,2.58804219420835
0.764375,0.0215873375603465,2.58848151990212
0.7645,0.0202926191065139,2.58892084162555
0.764625,0.0189866850275782,2.58936015970595
0.76475,0.017670260175518,2.58979947444108
0.764875,0.0163440752304695,2.59023878610362
0.765,0.0150088662951361,2.59067809494491
0.765125,0.0136653744861843,2.5911174011979
0.76525,0.0123143455228539,2.59155670507943
0.765375,0.010956529313011,2.59199600679196
0.7655,0.00959267953687239,2.59243530652485
0.765625,0.00822355322863447,2.59287460445543
0.76575,0.00684991035623641,2.59331390074983
0.765875,0.00547251339949296,2.59375319556376
0.766,0.00409212692682999,2.59419248904327
0.766125,0.00270951717085802,2.59463178132549
0.76625,0.00132545160301935,2.59507107253937
0.766375,-5.93014924550714e-05,2.59551036280642
0.7665,-0.00144397344504264,2.59594965224153
0.766625,-0.002827795624643,2.59638894095368
0.76675,-0.00420999986827211,2.59682822904675
0.766875,-0.00558981890649954,2.59726751662029
0.767,-0.00696648678939235,2.59770680377028
0.767125,-0.00833923931172889,2.59814609058993
0.76725,-0.00970731443724666,2.59858537717044
0.767375,-0.0110699527216886,2.59902466360184
0.7675,-0.0124263977344131,2.59946394997381
0.767625,-0.0137758964783331,2.59990323637659
0.76775,-0.0151176998079524,2.60034252290186
0.767875,-0.0164510628452654,2.60078180964382
0.768,-0.0177752453932909,2.60122109670025
0.768125,-0.0190895123470092,2.60166038417375
0.76825,-0.0203931341014756,2.6020996721731
0.768375,-0.0216853869568821,2.6025389608147
0.7685,-0.0229655535203441,2.60297825022432
0.768625,-0.0242329231041877,2.60341754053883
0.76875,-0.0254867921205176,2.60385683190818
0.768875,-0.0267264644718451,2.6042961244975
0.769,-0.0279512519375613,2.60473541848926
0.769125,-0.0291604745560384,2.60517471408547
0.76925,-0.03035346100215,2.60561401150998
0.769375,-0.0315295489599976,2.60605331101079
0.7695,-0.0326880854906387,2.60649261286255
0.769625,-0.0338284273946117,2.60693191736931
0.76975,-0.0349499415690557,2.60737122486767
0.769875,-0.0360520053592273,2.60781053573016
0.77,-0.0371340069042198,2.60824985036848
0.770125,-0.0381953454766918,2.60868916923608
0.77025,-0.0392354318164172,2.60912849283034
0.770375,-0.0402536884574718,2.60956782169516
0.7705,-0.0412495500488736,2.61000715642533
0.770625,-0.0422224636684994,2.61044649767283
0.77075,-0.0431718891301048,2.61088584615474
0.770875,-0.0440972992832738,2.61132520266184
0.771,-0.0449981803061349,2.61176456806722
0.771125,-0.0458740319906792,2.61220394333377
0.77125,-0.0467243680205223,2.61264332951944
0.771375,-0.0475487162409567,2.6130827277783
0.7715,-0.048346618921143,2.61352213935483
0.771625,-0.0491176330082965,2.6139615655676
0.77175,-0.0498613303737257,2.61440100777604
0.771875,-0.0505772980505884,2.6148404673213
0.772,-0.0512651384632314,2.61527994542714
0.772125,-0.0519244696479875,2.61571944303937
0.77225,-0.052554925465307,2.61615896057003
0.772375,-0.0531561558031055,2.61659849749088
0.7725,-0.053727826771216,2.61703805168839
0.772625,-0.0542696208868359,2.61747761843837
0.77275,-0.0547812372508673,2.6179171887736
0.772875,-0.0552623917150515,2.61835674692652
0.773,-0.0557128170398057,2.61879626638384
0.773125,-0.0561322630426741,2.61923570382839
0.77325,-0.0565204967373099,2.61967498993613
0.773375,-0.0568773024629131,2.62011401573207
0.7735,-0.0572024820040497,2.62055261313883
0.773625,-0.0574958547007878,2.62099052893068
0.77375,-0.0577572575490878,2.62142739363866
0.773875,-0.0579865452913927,2.62186269300187
0.774,-0.0581835904973659,2.62229576136334
0.774125,-0.0583482836347339,2.62272583223018
0.77425,-0.0584805331301928,2.62315218659909
0.774375,-0.0585802654203455,2.62357440157416
0.7745,-0.0586474249926415,2.62399259870702
0.774625,-0.0586819744162957,2.62440749588369
0.77475,-0.0586838943631696,2.62482014693583
0.774875,-0.0586531836186036,2.62523151769757
0.775,-0.0585898590821928,2.62564218941716
0.775125,-0.0584939557585078,2.62605232123599
0.77525,-0.0583655267377643,2.62646178990303
0.775375,-0.0582046431664521,2.62687038189835
0.7755,-0.0580113942079412,2.62727797130924
0.775625,-0.0577858869930843,2.62768465119888
0.77575,-0.0575282465608461,2.62809078347964
0.775875,-0.0572386157889895,2.62849694481541
0.776,-0.0569171553148591,2.62890379764881
0.776125,-0.056564043446305,2.62931196029881
0.77625,-0.0561794760627961,2.62972193612114
0.776375,-0.055763666506779,2.6301341081318
0.7765,-0.0553168454653408,2.63054876818217
0.776625,-0.0548392608422434,2.63096614749956
0.77675,-0.0543311776203991,2.63138642905125
0.776875,-0.0537928777148638,2.63180973222636
0.777,-0.0532246598164303,2.63223606102366
0.777125,-0.0526268392259072,2.63266520003782
0.77725,-0.0519997476791763,2.63309653164636
0.777375,-0.0513437331631254,2.63352874216632
0.7775,-0.0506591597225582,2.63395941598626
0.777625,-0.0499464072581886,2.63438465274047
0.77775,-0.0492058713158322,2.63479911634762
0.777875,-0.048437962866911,2.63519709838344
0.778,-0.0476431080803931,2.63557465869375
0.778125,-0.0468217480862956,2.63593161589435
0.77825,-0.0459743387308792,2.6362716188478
0.778375,-0.045101350323673,2.63660020360927
0.7785,-0.0442032673764683,2.63692265882146
0.778625,-0.0432805883344269,2.63724299421683
0.77875,-0.0423338252994522,2.63756386461188
0.778875,-0.041363503745979,2.63788687442752
0.779,-0.0403701622293363,2.63821291701164
0.779125,-0.0393543520868476,2.63854243798174
0.77925,-0.0383166371318343,2.63887561586775
0.779375,-0.0372575933406904,2.6392124810287
0.7795,-0.0361778085332039,2.63955299424096
0.779625,-0.0350778820463018,2.63989710062379
0.77975,-0.0339584244013991,2.64024476916046
0.779875,-0.032820056965538,2.6405960241905
0.78,-0.0316634116065032,2.64095097263534
0.780125,-0.030489130342107,2.64130982888581
0.78025,-0.0292978649838373,2.64167293781429
0.780375,-0.0280902767750668,2.6420407949899
0.7805,-0.0268670360240243,2.64241406170194
0.780625,-0.0256288217317315,2.64279357080623
0.78075,-0.0243763212151131,2.64318031787915
0.780875,-0.0231102297254865,2.64357543122185
0.781,-0.0218312500626466,2.64398011494678
0.781125,-0.0205400921847571,2.6443955631657
0.78125,-0.0192374728142656,2.64482285112877
0.781375,-0.0179241150400622,2.64526281957872
0.7815,-0.0166007479161014,2.64571597659026
0.781625,-0.0152681060567099,2.64618244059923
0.78175,-0.0139269292288059,2.64666193722425
0.781875,-0.0125779619412562,2.64715384601416
0.782,-0.0112219530315977,2.64765728006399
0.782125,-0.00985965525035452,2.64817117698626
0.78225,-0.00849182484317987,2.64869438337187
0.782375,-0.00711922113105629,2.64922572231645
0.7825,-0.00574260608878563,2.64976404069353
0.782625,-0.00436274392200398,2.65030823759512
0.78275,-0.00298040064295576,2.65085727758279
0.782875,-0.00159634364526268,2.65141019283593
0.783,-0.000211341277923523,2.65196607778755
0.783125,0.00117383758121859,2.65252407901068
0.78325,0.00255842395230488,2.6530833823012
0.783375,0.00394164918034848,2.65364319824337
0.7835,0.00532274536194381,2.65420274708213
0.783625,0.00670094577156115,2.65476124345721
0.78375,0.00807548528718938,2.6553178814606
0.783875,0.00944560081509097,2.6558718205514
0.784,0.0108105317134331,2.65642217309943
0.784125,0.0121695202145599,2.65696799473662
0.78425,0.0135218118456716,2.65750827926957
0.784375,0.0148666558476759,2.65804196060843
0.7845,0.0162033055919813,2.65856792487545
0.784625,0.0175310189949985,2.65908503630791
0.78475,0.0188490589301211,2.6595921803046
0.784875,0.0201566936369569,2.66008832533688
0.785,0.0214531971275824,2.66057260182056
0.785125,0.0227378495895942,2.66104439028893
0.78525,0.0240099377857352,2.66150340442326
0.785375,0.0252687554498717,2.66194974950303
0.7855,0.0265136036791038,2.6623839374664
0.785625,0.0277437913217893,2.66280684844065
0.78575,0.0289586353612668,2.66321964343889
0.785875,0.0301574612950647,2.66362364743593
0.786,0.0313396035093861,2.66402022898798
0.786125,0.0325044056486605,2.6644106991691
0.78625,0.0336512209799582,2.66479624220322
0.786375,0.0347794127520645,2.665177878991
0.7865,0.0358883545490144,2.66555645734982
0.786625,0.0369774306378921,2.66593266023168
0.78675,0.0380460363107013,2.66630702400092
0.786875,0.0390935782201167,2.66667996106087
0.787,0.040119474708931,2.66705178338979
0.787125,0.0411231561330135,2.66742272536818
0.78725,0.0421040651776017,2.66779296565515
0.787375,0.0430616571667498,2.66816264901614
0.7875,0.0439954003657626,2.66853191021015
0.787625,0.0449047762764467,2.66890090366506
0.78775,0.0457892799250148,2.66926984515696
0.787875,0.0466484201424843,2.66963907564209
0.788,0.0474817198374129,2.67000916329082
0.788125,0.0482887162608211,2.67038106722886
0.78825,0.0490689612631534,2.67075639113407
0.788375,0.0498220215431372,2.67113774029063
0.7885,0.0505474788883986,2.67152911873066
0.788625,0.0512449304077043,2.67193609350514
0.78875,0.0519139887546984,2.6723651365951
0.788875,0.0525542823430111,2.6728216198092
0.789,0.0531654555526197,2.67330719488628
0.789125,0.0537471689273465,2.67381875001409
0.78925,0.0542990993633853,2.67434998370295
0.789375,0.0548209402887499,2.67489403015796
0.7895,0.0553124018335472,2.67544522245179
0.789625,0.0557732109909784,2.67599956248754
0.78975,0.0562031117689799,2.67655445080112
0.789875,0.0566018653324193,2.67710823323114
0.79,0.0569692501357676,2.6776598189726
0.790125,0.057305062046174,2.67820842593587
0.79025,0.0576091144568749,2.67875343733605
0.790375,0.0578812383908738,2.67929433467956
0.7905,0.058121282594835,2.6798306698365
0.790625,0.0583291136231383,2.68036205081334
0.79075,0.0585046159120487,2.68088813251825
0.790875,0.0586476918439592,2.68140861151116
0.791,0.0587582618016719,2.68192322436774
0.791125,0.0588362642126854,2.68243174925771
0.79125,0.0588816555834668,2.68293401167946
0.791375,0.0588944105236857,2.68342989764974
0.7915,0.0588745217604001,2.68391937950006
0.791625,0.0588220001421832,2.68440255715154
0.79175,0.0587368746331918,2.68487970612946
0.791875,0.0586191922971764,2.6853513028395
0.792,0.0584690182714448,2.68581798525384
0.792125,0.0582864357307912,2.68628043246794
0.79225,0.058071545841412,2.68673920866321
0.792375,0.0578244677048345,2.68719465897984
0.7925,0.057545338291887,2.68764691801608
0.792625,0.0572343123667506,2.68809602765938
0.79275,0.0568915624011309,2.6885421209
0.792875,0.0565172784786005,2.68898561441524
0.793,0.0561116681891635,2.68942732690719
0.793125,0.0556749565141008,2.68986841620506
0.79325,0.0552073857011602,2.69031009508954
0.793375,0.0547092151301613,2.69075326039806
0.7935,0.0541807211690878,2.69119826949671
0.793625,0.0536221970207494,2.69164497484046
0.79375,0.0530339525600969,2.69209292728854
0.793875,0.0524163141622806,2.69254159281417
0.794,0.0517696245215487,2.69299049348364
0.794125,0.0510942424610854,2.69343926531535
0.79425,0.050390542733893,2.69388766230455
0.794375,0.0496589158148319,2.69433553637631
0.7945,0.0488997676839296,2.69478281168403
0.794625,0.0481135196010826,2.69522946174115
0.79475,0.0473006078722739,2.69567549218785
0.794875,0.046461483607437,2.69612092900586
0.795,0.0455966124701008,2.6965658103163
0.795125,0.0447064744189529,2.69701018025218
0.79525,0.0437915634414672,2.69745408464566
0.795375,0.0428523872797413,2.69789756835259
0.7955,0.0418894671486971,2.69834067374616
0.795625,0.0409033374468011,2.69878343995061
0.79575,0.0398945454594636,2.69922590253878
0.795875,0.038863651055284,2.69966809352269
0.796,0.0378112263753074,2.70011004152118
0.796125,0.036737855515468,2.70055177202275
0.79625,0.0356441342023943,2.7009933076869
0.796375,0.034530669462755,2.70143466864836
0.7965,0.0333980792863316,2.70187587280449
0.796625,0.0322469922830026,2.70231693607647
0.79675,0.03107804733383,2.70275787264171
0.796875,0.0298918932364433,2.70319869513784
0.797,0.0286891883449156,2.70363941484059
0.797125,0.0274706002043338,2.70408004181813
0.79725,0.0262368051802636,2.70452058506515
0.797375,0.0249884880833175,2.70496105261998
0.7975,0.0237263417890316,2.7054014516689
0.797625,0.022451066853264,2.70584178864229
0.79775,0.021163371123328,2.70628206930632
0.797875,0.0198639693450749,2.70672229885129
0.798,0.0185535827661462,2.70716248197387
0.798125,0.0172329387356134,2.7076026229485
0.79825,0.0159027703002298,2.70804272568545
0.798375,0.014563815797517,2.70848279377623
0.7985,0.0132168184459119,2.70892283052958
0.798625,0.0118625259322032,2.70936283900181
0.79875,0.0105016899964841,2.70980282202374
0.798875,0.00913506601485409,2.71024278222595
0.799,0.00776341258009941,2.71068272206274
0.799125,0.0063874910805864,2.71112264383491
0.79925,0.00500806527760058,2.71156254971159
0.799375,0.0036259008813666,2.71200244175066
0.7995,0.0022417651259842,2.71244232191822
0.799625,0.000856426343516282,2.7128821921067
0.79975,-0.000529346462534627,2.71332205415208
0.799875,-0.00191478404412456,2.71376190985024
0.8,-0.00329911733570412,2.71420176097253
0.800125,-0.00468157788115513,2.71464160928102
0.80025,-0.00606139826039095,2.71508145654336
0.800375,-0.0074378125153837,2.71552130454771
0.8005,-0.00881005657538174,2.71596115511775
0.800625,-0.0101773686810815,2.71640101012813
0.80075,-0.0115389898075181,2.71684087152047
0.800875,-0.0128941640854397,2.71728074132013
0.801,-0.0142421392209328,2.71772062165407
0.801125,-0.0155821669130633,2.71816051476992
0.80125,-0.0169135032693042,2.71860042305679
0.801375,-0.0182354092185172,2.71904034906813
0.8015,-0.0195471509212598,2.71948029554713
0.801625,-0.0208480001771896,2.71992026545548
0.80175,-0.0221372348293411,2.72036026200621
0.801875,-0.0234141391650482,2.7208002887014
0.802,-0.0246780043132916,2.72124034937566
0.802125,-0.0259281286382501,2.72168044824569
0.80225,-0.0271638181288369,2.72212058996561
0.802375,-0.0283843867840051,2.72256077968647
0.8025,-0.0295891569936078,2.72300102311759
0.802625,-0.0307774599146026,2.72344132658797
0.80275,-0.0319486358423901,2.723881697109
0.802875,-0.0331020345770817,2.72432214244364
0.803,-0.0342370157844916,2.72476267118908
0.803125,-0.035352949351655,2.72520329287757
0.80325,-0.0364492157366723,2.72564401809631
0.803375,-0.0375252063126875,2.72608485862491
0.8035,-0.0385803237058084,2.72652582758833
0.803625,-0.039613982126781,2.72696693962357
0.80375,-0.0406256076962354,2.72740821105843
0.803875,-0.0416146387633199,2.72784966010015
0.804,-0.0425805262175498,2.7282913070302
0.804125,-0.0435227337936945,2.72873317439941
0.80425,-0.0444407383695356,2.72917528721498
0.804375,-0.0453340302563308,2.72961767310773
0.8045,-0.0462021134818203,2.73006036246457
0.804625,-0.0470445060656209,2.73050338850732
0.80475,-0.0478607402868538,2.73094678729347
0.804875,-0.0486503629438571,2.73139059760345
0.805,-0.0494129356058399,2.73183486065543
0.805125,-0.050148034856337,2.73227961954715
0.80525,-0.05085525252833,2.7327249182666
0.805375,-0.0515341959309041,2.73317080005005
0.8055,-0.0521844880673139,2.73361730473681
0.805625,-0.0528057678443381,2.73406446431452
0.80575,-0.0533976902728068,2.73451229504196
0.805875,-0.0539599266591887,2.73496078466237
0.806,-0.0544921647881337,2.73540987457221
0.806125,-0.0549941090958684,2.73585943741439
0.80625,-0.0554654808343482,2.73630925195299
0.806375,-0.0559060182260751,2.73675898234109
0.8065,-0.0563154766094955,2.73720817892485
0.806625,-0.0566936285748962,2.73765633029314
0.80675,-0.0570402640907248,2.73810299998572
0.806875,-0.0573551906202622,2.73854805089464
0.807,-0.0576382332285847,2.73899187673693
0.807125,-0.0578892346797541,2.73943547108941
0.80725,-0.0581080555241837,2.73988020744166
0.807375,-0.0582945741761298,2.74032742690615
0.8075,-0.0584486869812676,2.740778103848
0.807625,-0.0585703082743123,2.74123276341838
0.80775,-0.0586593704266542,2.74169161218363
0.807875,-0.0587158238839812,2.74215475550152
0.808,-0.0587396371938677,2.74262240138348
0.808125,-0.0587307970233142,2.74309497845025
0.80825,-0.0586893081662289,2.74357311560132
0.808375,-0.0586151935408453,2.74405749395728
0.8085,-0.0585084941770794,2.74454866548527
0.808625,-0.0583692691938318,2.7450469448954
0.80875,-0.058197595766247,2.74555240550172
0.808875,-0.0579935690829505,2.74606493603006
0.809,-0.0577573022932843,2.74658430483917
0.809125,-0.0574889264445721,2.74711020610341
0.80925,-0.0571885904094478,2.74764228710261
0.809375,-0.0568564608032893,2.74818016421
0.8095,-0.0564927218918005,2.74872343399251
0.809625,-0.0560975754887964,2.74927168242743
0.80975,-0.0556712408442444,2.74982449257393
0.809875,-0.0552139545226268,2.75038144920463
0.81,-0.0547259702716901,2.75094213686694
0.810125,-0.0542075588816552,2.7515061244838
0.81025,-0.0536590080349653,2.75207292556888
0.810375,-0.0530806221466561,2.75264192196507
0.8105,-0.0524727221954367,2.75321223873083
0.810625,-0.0518356455455736,2.75378254746484
0.81075,-0.0511697457596785,2.7543507638173
0.810875,-0.0504753924025031,2.75491363352411
0.811,-0.0497529708358483,2.75546632918674
0.811125,-0.0490028820047049,2.75600244961192
0.81125,-0.0482255422147407,2.75651505667897
0.811375,-0.0474213829012605,2.75699899097897
0.8115,-0.0465908503897658,2.75745329881459
0.811625,-0.0457344056482468,2.7578816520001
0.81175,-0.0448525240313452,2.75829029765526
0.811875,-0.0439456950165297,2.75868550497927
0.812,-0.0430144219324288,2.75907219067029
0.812125,-0.0420592216794752,2.75945372041813
0.81225,-0.0410806244430124,2.75983223068667
0.812375,-0.0400791733990273,2.76020902437312
0.8125,-0.0390554244126682,2.76058488196756
0.812625,-0.0380099457297185,2.76096027098292
0.81275,-0.0369433176611952,2.76133547778929
0.812875,-0.0358561322612489,2.7617106887033
0.813,-0.0347489929985424,2.76208604029875
0.813125,-0.0336225144212927,2.76246165196682
0.81325,-0.0324773218161593,2.76283764877942
0.813375,-0.031314050861171,2.76321417951348
0.8135,-0.0301333472728815,2.7635914326848
0.813625,-0.0289358664479516,2.76396965208082
0.81375,-0.0277222730993559,2.76434915213883
0.813875,-0.0264932408874154,2.76473033223578
0.814,-0.0252494520458626,2.7651136873073
0.814125,-0.0239915970031445,2.76549981029624
0.81425,-0.0227203739991758,2.76588938050832
0.814375,-0.0214364886977535,2.76628313255698
0.8145,-0.0201406537948483,2.76668180472987
0.814625,-0.0188335886229914,2.76708607303292
0.81475,-0.0175160187519745,2.76749648454807
0.814875,-0.016188675586086,2.76791340625938
0.815,-0.0148522959581067,2.76833700080513
0.815125,-0.0135076217202902,2.76876723121165
0.81525,-0.0121553993325545,2.76920388789524
0.815375,-0.0107963794481147,2.76964662701079
0.8155,-0.00943131649678599,2.77009500995093
0.815625,-0.00806096826618795,2.77054853733175
0.81575,-0.00668609548108348,2.77100667471015
0.815875,-0.00530746138108529,2.77146887013868
0.816,-0.00392583129696453,2.77193456514943
0.816125,-0.00254197222579687,2.77240320116477
0.81625,-0.00115665240518172,2.77287422311913
0.816375,0.00022935911322898,2.77334708161655
0.8165,0.00161529289065561,2.77382123447093
0.816625,0.00300037952833238,2.77429614808003
0.81675,0.00438385009462844,2.77477129879545
0.816875,0.00576493655191139,2.77524617425455
0.817,0.00714287218291623,2.77572027451389
0.817125,0.00851689201638314,2.7761931127511
0.81725,0.00988623325172767,2.77666421527743
0.817375,0.0112501356825077,2.77713312063724
0.8175,0.0126078421184518,2.77759937768456
0.817625,0.0139585988058156,2.77806254274652
0.81775,0.0153016558458309,2.77852217633275
0.817875,0.0166362676110179,2.77897784033143
0.818,0.0179616931591269,2.77942909721105
0.818125,0.019277196644481,2.77987551331917
0.81825,0.0205820477264914,2.78031666872863
0.818375,0.021875521975118,2.78075217589774
0.8185,0.0231569012730508,2.78118170825432
0.818625,0.0244254742143882,2.78160503732295
0.81875,0.0256805364995908,2.78202207325835
0.818875,0.0269213913264928,2.78243289961555
0.819,0.028147349777152,2.78283779098069
0.819125,0.0293577312003249,2.78323720414435
0.81925,0.0305518635893539,2.78363174065273
0.819375,0.0317290839552574,2.78402208828693
0.8195,0.0328887386948152,2.78440895615071
0.819625,0.034030183953445,2.78479301854628
0.81975,0.0351527859826684,2.78517487708675
0.819875,0.0362559214919682,2.7855550427299
0.82,0.0373389779948413,2.78593393383801
0.820125,0.0384013541488553,2.78631188445687
0.82025,0.0394424600895202,2.78668915779479
0.820375,0.0404617177577892,2.78706596173244
0.8205,0.0414585612210076,2.78744246503282
0.820625,0.0424324369871305,2.78781881443124
0.82075,0.0433828043120359,2.7881951541269
0.820875,0.0443091354997624,2.78857165073691
0.821,0.045210916195504,2.78894852898872
0.821125,0.0460876456711999,2.78932612689951
0.82125,0.0469388371035614,2.78970498451792
0.821375,0.04776401784438,2.79008598751085
0.8215,0.0485627296829675,2.79047059326563
0.821625,0.0493345291005831,2.79086116112336
0.82175,0.0500789875167043,2.79126135624883
0.821875,0.050795691527007,2.79167643305158
0.822,0.0514842431329208,2.79211289938216
0.822125,0.0521442599626334,2.7925769220547
0.82225,0.0527753754834207,2.7930716875513
0.822375,0.0533772392051848,2.79359562598285
0.8225,0.0539495168750866,2.7941432461009
0.822625,0.0544918906631661,2.79470770829624
0.82275,0.0550040593388455,2.79528299573632
0.822875,0.0554857384382182,2.79586475560196
0.823,0.0559366604220312,2.79645019071848
0.823125,0.056356574824272,2.79703762762249
0.82325,0.0567452483912782,2.79762610637734
0.823375,0.0571024652112925,2.79821508875067
0.8235,0.0574280268343906,2.79880427525971
0.823625,0.0577217523827166,2.79939349768775
0.82375,0.0579834786509633,2.79998265811412
0.823875,0.0582130601970419,2.80057169503093
0.824,0.0584103694228919,2.80116056502793
0.824125,0.0585752966453846,2.80174923374599
0.82425,0.0587077501572817,2.80233767246539
0.824375,0.0588076562782155,2.80292585772991
0.8245,0.0588749593956612,2.80351377241224
0.824625,0.0589096219958797,2.80410140783034
0.82475,0.0589116246848126,2.8046887671389
0.824875,0.0588809661989194,2.80527587027319
0.825,0.0588176634059482,2.80586276059302
0.825125,0.0587217512956425,2.80644951312751
0.82525,0.0585932829603868,2.80703624383159
0.825375,0.058432329565803,2.80762311839852
0.8255,0.0582389803113134,2.80821035791046
0.825625,0.0580133423806925,2.80879823727537
0.82575,0.057755540882634,2.8093870719363
0.825875,0.0574657187813682,2.80997719007553
0.826,0.0571440368173652,2.81056889134008
0.826125,0.0567906734181704,2.81116239481584
0.82625,0.0564058245994212,2.8117577738441
0.826375,0.0559897038560983,2.81235487128644
0.8265,0.055542542044074,2.81295320664217
0.826625,0.0550645872520223,2.81355192246652
0.82675,0.0545561046637616,2.81414982782614
0.826875,0.0540173764111066,2.81474555919048
0.827,0.0534487014173117,2.81533783060051
0.827125,0.0528503952311911,2.8159257122779
0.82725,0.0522227898520106,2.8165088425653
0.827375,0.0515662335452444,2.81708745280857
0.8275,0.0508810906493022,2.81766214539151
0.827625,0.0501677413733332,2.81823352876241
0.82775,0.0494265815862183,2.81880192514965
0.827875,0.0486580225968677,2.81936728788135
0.828,0.0478624909259475,2.81992929442429
0.828125,0.04704042806916,2.82048749774708
0.82825,0.0461922902522097,2.82104145030062
0.828375,0.0453185481775919,2.8215907794741
0.8285,0.044419686763343,2.82213522553221
0.828625,0.0434962048738986,2.82267464972437
0.82875,0.0425486150432083,2.82320902007248
0.828875,0.0415774431902608,2.82373838880521
0.829,0.0405832283271776,2.82426287104028
0.829125,0.0395665222600373,2.82478262738813
0.82925,0.0385278892825952,2.82529785029835
0.829375,0.0374679058630713,2.82580875342858
0.8295,0.0363871603241766,2.826315563379
0.829625,0.0352862525165586,2.82681851328123
0.82975,0.0341657934858453,2.82731783785384
0.829875,0.0330264051334739,2.82781376962792
0.83,0.0318687198714908,2.82830653611156
0.830125,0.0306933802715161,2.82879635771062
0.83025,0.0295010387080668,2.82928344625857
0.830375,0.0282923569964362,2.82976800403575
0.8305,0.0270680060253317,2.83025022317949
0.830625,0.0258286653844739,2.83073028540362
0.83075,0.0245750229873634,2.8312083619597
0.830875,0.0233077746894268,2.83168461378375
0.831,0.022027623901751,2.83215919178269
0.831125,0.0207352812006223,2.83263223722261
0.83125,0.0194314639330866,2.83310388218954
0.831375,0.0181168958187484,2.83357425009973
0.8315,0.0167923065480319,2.83404345624325
0.831625,0.0154584313771255,2.83451160835026
0.83175,0.0141160107198345,2.83497880717377
0.831875,0.0127657897365698,2.83544514708585
0.832,0.0114085179207001,2.83591071668421
0.832125,0.0100449486824965,2.83637559940481
0.83225,0.00867583893090176,2.83683987413245
0.832375,0.00730194865335552,2.83730361579959
0.8325,0.00592404049390913,2.83776689596306
0.832625,0.00454287932986397,2.83822978335126
0.83275,0.00315923184716856,2.83869234437879
0.832875,0.00177386611481009,2.83915464363003
0.833,0.000387551158436544,2.83961674431659
0.833125,-0.00099894346655377,2.84007870871562
0.83325,-0.00238484810221831,2.8405405985963
0.833375,-0.00376939341533493,2.84100247564141
0.8335,-0.0051518108244877,2.84146440187017
0.833625,-0.00653133292673708,2.84192644006727
0.83375,-0.00790719392363723,2.84238865422236
0.833875,-0.00927863004636429,2.84285110998306
0.834,-0.0106448799797194,2.84331387512363
0.834125,-0.0120051852847712,2.84377702003013
0.83425,-0.0133587908199032,2.84424061820167
0.834375,-0.0147049451600317,2.84470474676568
0.8345,-0.0160429010137632,2.84516948700409
0.834625,-0.0173719156382568,2.84563492488678
0.83475,-0.0186912512515648,2.8461011516098
0.834875,-0.0200001754422197,2.84656826413788
0.835,-0.0212979615758412,2.84703636575495
0.835125,-0.0225838891985388,2.84750556662867
0.83525,-0.023857244436883,2.84797598439606
0.835375,-0.0251173203942267,2.84844774477367
0.8355,-0.0263634175431533,2.84892098218903
0.835625,-0.0275948441138365,2.84939584042147
0.83575,-0.0288109164780946,2.8498724732313
0.835875,-0.0300109595289254,2.85035104494898
0.836,-0.0311943070553141,2.8508317309889
0.836125,-0.0323603021121017,2.85131471824618
0.83625,-0.0335082973847129,2.85180020532776
0.836375,-0.0346376555485371,2.85228840256111
0.8365,-0.0357477496227669,2.85277953171487
0.836625,-0.0368379633184936,2.85327382535636
0.83675,-0.0379076913808697,2.85377152576062
0.836875,-0.0389563399251471,2.85427288327721
0.837,-0.0399833267664036,2.85477815405247
0.837125,-0.0409880817427769,2.85528759699932
0.83725,-0.0419700470320238,2.85580146990204
0.837375,-0.0429286774612314,2.85632002454065
0.8375,-0.043863440809507,2.85684350071463
0.837625,-0.0447738181034784,2.85737211903784
0.83775,-0.0456593039054416,2.85790607236279
0.837875,-0.0465194065939951,2.85844551567823
0.838,-0.0473536486370053,2.85899055433383
0.838125,-0.048161566856751,2.8595412305436
0.83825,-0.0489427126871005,2.86009750844454
0.838375,-0.0496966524225784,2.86065925875637
0.8385,-0.0504229674591826,2.86122624542823
0.838625,-0.0511212545268196,2.86179811810042
0.83875,-0.0517911259132277,2.86237441595249
0.838875,-0.0524322096792646,2.86295459700008
0.839,-0.0530441498654387,2.86353812041392
0.839125,-0.0536266066895714,2.86412459250847
0.83925,-0.0541792567354782,2.8647139260671
0.839375,-0.0547017931325657,2.86530639950409
0.8395,-0.0551939257262439,2.86590250864063
0.839625,-0.0556553812390599,2.86650263263623
0.83975,-0.0560859034224619,2.86710669847674
0.839875,-0.0564852531991115,2.86771404064027
0.84,-0.0568532087956632,2.86832349977137
0.840125,-0.0571895658659388,2.86893366694458
0.84025,-0.0574941376044274,2.8695431594495
0.840375,-0.0577667548500481,2.87015084991392
0.8405,-0.0580072661801188,2.87075599898479
0.840625,-0.0582155379944768,2.87135827218688
0.84075,-0.0583914545897068,2.87195766888338
0.840875,-0.0585349182234332,2.87255442082509
0.841,-0.0586458491686422,2.87314890056112
0.841125,-0.0587241857580028,2.8737415469771
0.84125,-0.0587698844181627,2.87433280451591
0.841375,-0.0587829196939988,2.87492307803567
0.8415,-0.0587632842628106,2.87551270674204
0.841625,-0.0587109889384472,2.87610195594986
0.84175,-0.0586260626653656,2.87669102133221
0.841875,-0.0585085525026248,2.87728003962685
0.842,-0.0583585235978231,2.87786910124111
0.842125,-0.0581760591509938,2.87845826209454
0.84225,-0.0579612603684793,2.87904755352492
0.842375,-0.0577142464068088,2.87963698999319
0.8425,-0.0574351543066111,2.88022657476397
0.842625,-0.057124138916599,2.88081630386907
0.84275,-0.0567813728076674,2.88140616859309
0.842875,-0.056407046177153,2.88199615650767
0.843,-0.0560013667433081,2.88258625080709
0.843125,-0.0555645596300483,2.88317642752226
0.84325,-0.0550968672420362,2.88376664988703
0.843375,-0.0545985491301727,2.88435685790301
0.8435,-0.0540698818475676,2.88494694878954
0.843625,-0.0535111587960732,2.88553674063156
0.84375,-0.052922690063462,2.88612590637438
0.843875,-0.0523048022513424,2.88671385755224
0.844,-0.0516578382939052,2.88729954813674
0.844125,-0.0509821572676033,2.88788116709171
0.84425,-0.0502781341918695,2.88845572038564
0.844375,-0.0495461598209827,2.8890186262639
0.8445,-0.0487866404271985,2.8895637101319
0.844625,-0.047999997575265,2.89008422584002
0.84475,-0.0471866678884474,2.8905751479711
0.844875,-0.0463471028061928,2.89103559267635
0.845,-0.0454817683335695,2.89146927087306
0.845125,-0.0445911447826186,2.89188248594598
0.84525,-0.0436757265057632,2.89228159521449
0.845375,-0.042736021621422,2.89267161798928
0.8455,-0.0417725517319797,2.89305601745175
0.845625,-0.0407858516342717,2.89343701344824
0.84575,-0.0397764690227421,2.89381597730262
0.845875,-0.0387449641854418,2.89419374554868
0.846,-0.0376919096930333,2.89457083270172
0.846125,-0.0366178900809772,2.89494756626161
0.84625,-0.0355235015250739,2.895324170653
0.846375,-0.034409351510544,2.89570082020274
0.8465,-0.0332760584948277,2.89607767437988
0.846625,-0.0321242515642931,2.89645490353038
0.84675,-0.0309545700850424,2.89683271006698
0.846875,-0.0297676633480101,2.89721134789309
0.847,-0.0285641902085505,2.8975911411108
0.847125,-0.0273448187207149,2.8979725012286
0.84725,-0.0261102257664204,2.89835593975724
0.847375,-0.0248610966797168,2.89874207037258
0.8475,-0.0235981248663607,2.89913159288044
0.847625,-0.022322011418907,2.8995252523574
0.84775,-0.0210334647275321,2.89992377321162
0.847875,-0.0197332000868043,2.90032777859396
0.848,-0.0184219392986205,2.9007377150147
0.848125,-0.017100410271529,2.90115380320081
0.84825,-0.0157693466166605,2.90157602717585
0.848375,-0.0144294872404925,2.90200415967841
0.8485,-0.013081575934673,2.90243781139307
0.848625,-0.0117263609631301,2.90287648830644
0.84875,-0.0103645946466981,2.90331964463502
0.848875,-0.00899703294549013,2.90376672443849
0.849,-0.00762443503924894,2.90421719010231
0.849125,-0.00624756290590881,2.90467053903855
0.84925,-0.00486718089860314,2.90512631128861
0.849375,-0.00348405532135183,2.90558409084124
0.8495,-0.00209895400366433,2.90604350302264
0.849625,-0.000712645874294469,2.90650420968898
0.84975,0.000674099465616274,2.90696590336758
0.849875,0.00206051216977023,2.90742830103131
0.85,0.00344582257408237,2.90789113785886
0.850125,0.00482926162394947,2.90835416111268
0.85025,0.00621006130118216,2.90881712412949
0.850375,0.00758745505036308,2.909279780344
0.8505,0.00896067820439436,2.90974187723904
0.850625,0.0103289684089981,2.91020315012706
0.85075,0.0116915660459344,2.91066331572046
0.850875,0.0130477146547017,2.91112206554773
0.851,0.0143966613524855,2.91157905943706
0.851125,0.0157376572521226,2.91203391954
0.85125,0.017069957877848,2.91248622573027
0.851375,0.0183928235785947,2.91293551370031
0.8515,0.0197055199386159,2.91338127766588
0.851625,0.021007318185203,2.91382298016794
0.85175,0.0222974955932711,2.91426007176826
0.851875,0.0235753358865892,2.91469202300467
0.852,0.0248401296354321,2.91511836916999
0.852125,0.0260911746504315,2.91553876479658
0.85225,0.0273277763724102,2.9159530394138
0.852375,0.0285492482579808,2.9163612409906
0.8525,0.0297549121606965,2.91676365188612
0.852625,0.0309440987075411,2.91716076737727
0.85275,0.0321161476705497,2.91755323870453
0.852875,0.0332704083333542,2.91794179553981
0.853,0.0344062398524492,2.9183271691047
0.853125,0.0355230116129788,2.91871003338988
0.85325,0.0366201035788453,2.91909097176308
0.853375,0.0376969066369474,2.91947046664135
0.8535,0.038752822935355,2.91984890512436
0.853625,0.0397872662152335,2.92022659340552
0.85375,0.0407996621363335,2.92060377507501
0.853875,0.0417894485958656,2.92098065112493
0.854,0.0427560760405815,2.92135740177094
0.854125,0.0436990077718903,2.92173421221974
0.85425,0.0446177202438397,2.92211130674207
0.854375,0.0455117033537953,2.92248899851496
0.8545,0.0463804607256599,2.9228677673562
0.854625,0.0472235099854715,2.92324838402583
0.85475,0.0480403830292303,2.92363210674849
0.854875,0.0488306262828047,2.92402097527807
0.855,0.0495938009537709,2.92441819566881
0.855125,0.050329483275049,2.92482849019845
0.85525,0.051037264740197,2.92525802518967
0.855375,0.0517167523302354,2.92571327592822
0.8555,0.0523675687318731,2.92619863098873
0.855625,0.0529893525470169,2.9267141119329
0.85575,0.0535817584934446,2.92725531562555
0.855875,0.0541444575965342,2.92781561662001
0.856,0.0546771373719388,2.92838862067194
0.856125,0.0551795019991089,2.92896943438648
0.85625,0.0556512724855642,2.92955480155581
0.856375,0.0560921868218235,2.93014273316373
0.8565,0.0565020001269082,2.93073207626201
0.856625,0.056880484784336,2.9313221839195
0.85675,0.0572274305685325,2.93191270064665
0.856875,0.0575426447615874,2.93250343385218
0.857,0.0578259522602929,2.93309428026367
0.857125,0.0580771956734032,2.93368518494812
0.85725,0.0582962354090617,2.93427611889567
0.857375,0.0584829497523479,2.93486706691887
0.8575,0.0586372349328993,2.93545802119576
0.857625,0.0587590051825732,2.93604897787167
0.85775,0.0588481927831135,2.93663993531499
0.857875,0.0589047481037984,2.93723089328316
0.858,0.0589286396290467,2.93782185262354
0.858125,0.058919853975968,2.93841281533185
0.85825,0.0588783959018463,2.93900378488328
0.858375,0.0588042883015541,2.93959476680597
0.8585,0.0586975721948967,2.94018576953209
0.858625,0.0585583067038955,2.94077680562602
0.85875,0.0583865690200212,2.94136789354152
0.858875,0.0581824543613961,2.94195906011593
0.859,0.0579460759199893,2.94255034407701
0.859125,0.0576775647988334,2.94314180089496
0.85925,0.0573770699392979,2.94373350932049
0.859375,0.0570447580384597,2.94432557989607
0.8595,0.0566808134566166,2.9449181655943
0.859625,0.0562854381149944,2.94551147439103
0.85975,0.0558588513837059,2.94610578283806
0.859875,0.0554012899600222,2.94670144848897
0.86,0.0549130077370248,2.94729891749675
0.860125,0.0543942756627115,2.94789872236034
0.86025,0.053845381589634,2.94850146461196
0.860375,0.0532666301151501,2.94910777907814
0.8605,0.0526583424123807,2.94971827963095
0.860625,0.0520208560519637,2.95033348862766
0.86075,0.0513545248147047,2.95095375310213
0.860875,0.050659718495228,2.95157915642319
0.861,0.0499368226967377,2.95220944944415
0.861125,0.0491862386170018,2.95284403797221
0.86125,0.0484083828256784,2.95348205381159
0.861375,0.0476036870331082,2.95412250628551
0.8615,0.0467725978507005,2.95476448041866
0.861625,0.0459155765430469,2.955407327119
0.86175,0.0450330987718992,2.95605077995513
0.861875,0.044125654332155,2.95669494525328
0.862,0.0431937468799951,2.95734016311656
0.862125,0.0422378936533271,2.95798680596632
0.86225,0.0412586251846867,2.95863511189072
0.862375,0.0402564850067589,2.95928511397211
0.8625,0.039232029350681,2.9599366607334
0.862625,0.0381858268372953,2.9605894828663
0.86275,0.0371184581615233,2.96124326298529
0.862875,0.0360305157700353,2.96189768640265
0.863,0.0349226035323964,2.962552469445
0.863125,0.0337953364058689,2.96320737059375
0.86325,0.0326493400940602,2.96386219129158
0.863375,0.0314852506996018,2.96451677174776
0.8635,0.0303037143710566,2.96517098504699
0.863625,0.029105386944247,2.96582473128885
0.86375,0.027890933578204,2.96647793249784
0.863875,0.0266610283859408,2.9671305285099
0.864,0.0254163540602533,2.96778247378873
0.864125,0.0241576014947572,2.9684337350284
0.86425,0.0228854694003716,2.96908428937823
0.864375,0.0216006639174612,2.96973412313921
0.8645,0.0203038982238535,2.97038323080559
0.864625,0.0189958921389479,2.97103161435128
0.86475,0.0176773717241365,2.97167928268353
0.864875,0.0163490688797591,2.97232625120551
0.865,0.015011720938815,2.97297254144441
0.865125,0.0136660702576584,2.9736181807136
0.86525,0.0123128638039031,2.9742632017864
0.865375,0.010952852741767,2.97490764256579
0.8655,0.00958679201508525,2.97555154573986
0.865625,0.008215439928224,2.97619495841657
0.86575,0.0068395577251277,2.97683793173461
0.865875,0.00545990916673292,2.97748052044895
0.866,0.00407726010698398,2.97812278249168
0.866125,0.00269237806768531,2.97876477850963
0.86625,0.00130603181242677,2.97940657138104
0.866375,-8.10090801815729e-05,2.98004822571421
0.8665,-0.00146797464372843,2.98068980733148
0.866625,-0.00285409495143669,2.981331382742
0.86675,-0.004238600543578,2.98197301860737
0.866875,-0.00562072285462941,2.98261478120442
0.867,-0.00699969463993465,2.9832567358895
0.867125,-0.00837475040163347,2.98389894656952
0.86725,-0.00974512681362242,2.98454147518448
0.867375,-0.0111100631453112,2.98518438120717
0.8675,-0.0124688016839393,2.98582772116506
0.867625,-0.0138205881552185,2.98647154818952
0.86775,-0.0151646721420682,2.98711591159709
0.867875,-0.0165003075012093,2.98776085650647
0.868,-0.0178267527773886,2.98840642349416
0.868125,-0.0191432716150003,2.98905264829013
0.86825,-0.0204491331668781,2.98969956151323
0.868375,-0.0217436125000311,2.99034718844372
0.8685,-0.0230259909980964,2.990995548828
0.868625,-0.0242955567602879,2.9916446567067
0.86875,-0.0255516049966161,2.99229452025382
0.868875,-0.0267934384191634,2.99294514160882
0.869,-0.0280203676291946,2.99359651667717
0.869125,-0.0292317114998895,2.99424863486625
0.86925,-0.0304267975544841,2.99490147871231
0.869375,-0.0316049623396111,2.99555502334019
0.8695,-0.032765551793632,2.99620923567941
0.869625,-0.033907921609757,2.99686407333846
0.86975,-0.0350314375937496,2.99751948301401
0.869875,-0.0361354760160198,2.99817539828678
0.87,-0.0372194239579073,2.99883173663969
0.870125,-0.0382826796519654,2.99948839554616
0.87025,-0.0393246528160545,3.0001452475553
0.870375,-0.0403447649810612,3.0008021345186
0.8705,-0.0413424498120599,3.00145886157772
0.870625,-0.0423171534227396,3.00211519243313
0.87075,-0.0432683346829202,3.00277084889696
0.870875,-0.0441954655189894,3.0034255197436
0.871,-0.0450980312070904,3.00407888563997
0.871125,-0.0459755306589014,3.00473066622984
0.87125,-0.0468274766998448,3.00538068827598
0.871375,-0.0476533963395738,3.00602895672003
0.8715,-0.0484528310345854,3.00667568787791
0.871625,-0.0492253369428139,3.0073212551796
0.87175,-0.0499704851700641,3.00796602876663
0.871875,-0.0506878620081465,3.00861015917784
0.872,-0.0513770691645835,3.00925341020151
0.872125,-0.0520377239837578,3.00989512843099
0.87225,-0.0526694596593811,3.01053435950676
0.872375,-0.0532719254381642,3.01117005395138
0.8725,-0.0538447868145772,3.01180128674269
0.872625,-0.0543877257165889,3.01242742696196
0.87275,-0.0549004406822852,3.01304821772127
0.872875,-0.0553826470272664,3.01366376174783
0.873,-0.0558340770027309,3.01427444359385
0.873125,-0.0562544799441584,3.01488083076199
0.87325,-0.0566436224105084,3.01548358096841
0.873375,-0.0570012883138588,3.01608336528445
0.8735,-0.0573272790394104,3.01668081068597
0.873625,-0.0576214135557924,3.01727646419428
0.87375,-0.0578835285156065,3.01787077765376
0.873875,-0.0581134783461546,3.01846410845343
0.874,-0.0583111353302988,3.01905672989718
0.874125,-0.05847638967741,3.01964884567068
0.87425,-0.0586091495843643,3.02024060465837
0.874375,-0.0587093412865544,3.02083211412234
0.8745,-0.0587769090988872,3.021423450506
0.874625,-0.0588118154467446,3.02201466784151
0.87475,-0.0588140408868908,3.02260580406395
0.874875,-0.0587835841183143,3.02319688563619
0.875,-0.0587204619829982,3.02378793088756
0.875125,-0.0586247094566189,3.02437895241248
0.87525,-0.0584963796291774,3.02496995878846
0.875375,-0.058335543675576,3.02556095579632
0.8755,-0.0581422908161533,3.02615194727187
0.875625,-0.0579167282672033,3.02674293567831
0.87575,-0.0576589811815026,3.02733392245561
0.875875,-0.0573691925788812,3.0279249081766
0.876,-0.057047523266874,3.02851589250853
0.876125,-0.0566941517514975,3.02910687391338
0.87625,-0.0563092741382008,3.02969784890985
0.876375,-0.0558931040230472,3.03028881054465
0.8765,-0.0554458723741844,3.03087974540943
0.876625,-0.0549678274036716,3.03147062797114
0.87675,-0.0544592344297332,3.03206140995222
0.876875,-0.0539203757295154,3.03265200066949
0.877,-0.0533515503824284,3.03324223109364
0.877125,-0.0527530741041601,3.03383178924273
0.87725,-0.0521252790714546,3.03442010691664
0.877375,-0.0514685137377512,3.0350061690609
0.8775,-0.050783142639788,3.03558821512827
0.877625,-0.0500695461952758,3.03616333180344
0.87775,-0.0493281204917553,3.03672705216365
0.877875,-0.0485592770667558,3.03727332616967
0.878,-0.0477634426793752,3.03779546791552
0.878125,-0.0469410590734101,3.03828835390942
0.87825,-0.0460925827321661,3.03875083752298
0.878375,-0.0452184846250861,3.03918634178043
0.8785,-0.0443192499463343,3.0396010094696
0.878625,-0.0433953778454848,3.04000118623608
0.87875,-0.0424473811504609,3.04039196080567
0.878875,-0.041475786082881,3.04077688383279
0.879,-0.0404811319659679,3.04115825152346
0.879125,-0.0394639709251848,3.04153749422725
0.87925,-0.0384248675817629,3.04191549331961
0.879375,-0.0373643987392915,3.04229279945479
0.8795,-0.0362831530635446,3.04266977293383
0.879625,-0.0351817307557211,3.04304667245921
0.87975,-0.0340607432192812,3.04342371260665
0.879875,-0.0329208127205616,3.0438011035921
0.88,-0.0317625720433615,3.04417908182161
0.880125,-0.0305866641376872,3.04455793617572
0.88025,-0.0293937417628531,3.04493803226046
0.880375,-0.0281844671251362,3.04531983414612
0.8805,-0.026959511510185,3.04570391981139
0.880625,-0.0257195549103874,3.04609098275554
0.88075,-0.0244652856474039,3.04648180973548
0.880875,-0.0231973999900766,3.04687722671665
0.881,-0.0219166017679243,3.04727801467977
0.881125,-0.0206236019804406,3.04768481164117
0.88125,-0.01931911840241,3.04809802823259
0.881375,-0.0180038751854618,3.04851780223138
0.8815,-0.016678602456083,3.04894400235939
0.881625,-0.0153440359103137,3.04937627328307
0.88175,-0.0140009164053489,3.04981410269367
0.881875,-0.0126499895482747,3.05025689089731
0.882,-0.0112920052821664,3.05070400972346
0.882125,-0.00992771746977806,3.05115484526871
0.88225,-0.00855788347505606,3.05160882464991
0.882375,-0.00718326374270692,3.0520654297905
0.8825,-0.00580462137605437,3.05252420198718
0.882625,-0.0044227217134193,3.05298474058221
0.88275,-0.00303833190325796,3.05344669823994
0.882875,-0.00165222047829417,3.05390977450202
0.883,-0.000265156928882044,3.05437370863812
0.883125,0.00112208872416401,3.05483827234442
0.88325,0.00250874635703482,3.05530326254266
0.883375,0.00389404617045018,3.05576849435393
0.8835,0.00527721911700362,3.05623379422286
0.883625,0.00665749732809066,3.05669899311948
0.88375,0.00803411454018388,3.05716391972661
0.883875,0.00940630652021798,3.05762839351946
0.884,0.0107733114898486,3.05809221765634
0.884125,0.0121343705483497,3.05855517162886
0.88425,0.0134887280939143,3.05901700367666
0.884375,0.014835632243125,3.05947742307482
0.8845,0.0161743352483611,3.05993609258043
0.884625,0.0175040939129115,3.06039262161619
0.88475,0.0188241700035613,3.06084656121602
0.884875,0.0201338306604248,3.06129740238779
0.885,0.0214323488037956,3.06174458033636
0.885125,0.0227190035377903,3.06218748778121
0.88525,0.0239930805505591,3.06262550100997
0.885375,0.0252538725108425,3.06305802162692
0.8855,0.0265006794606546,3.06348453424484
0.885625,0.0277328092038733,3.06390467495983
0.88575,0.0289495776905227,3.06431829801435
0.885875,0.0301503093965345,3.0647255217461
0.886,0.0313343376987773,3.06512673497963
0.886125,0.0325010052451448,3.06552255523879
0.88625,0.0336496643194995,3.06591374779261
0.886375,0.0347796772012665,3.06630112963092
0.8865,0.0358904165194807,3.06668548527917
0.886625,0.036981265601088,3.06706751138054
0.88675,0.0380516188133098,3.06744779269039
0.886875,0.0391008818998786,3.06782680236981
0.887,0.0401284723109589,3.06820491692046
0.887125,0.0411338195265709,3.0685824383564
0.88725,0.042116365373336,3.06895961996849
0.887375,0.0430755643343691,3.06933669555591
0.8875,0.0440108838521461,3.06971391509821
0.887625,0.0449218046241771,3.07009159314598
0.88775,0.0458078208913225,3.07047018055886
0.887875,0.0466684407185912,3.07085037622014
0.888,0.0475031862682649,3.07123330229353
0.888125,0.0483115940651976,3.07162076908909
0.88825,0.0490932152541419,3.0720156352538
0.888375,0.0498476158489607,3.07242218091365
0.8885,0.0505743769735838,3.0728461933072
0.888625,0.0512730950945784,3.07329417878824
0.88875,0.0519433822452016,3.0737712858103
0.888875,0.0525848662408125,3.07427882479366
0.889,0.0531971908855234,3.07481349550102
0.889125,0.053780016169975,3.07536908774577
0.88925,0.0543330184601273,3.07593902124881
0.889375,0.0548558906769594,3.07651796959575
0.8895,0.0553483424669798,3.07710225824044
0.889625,0.0558101003634524,3.07768958924901
0.88975,0.0562409079382479,3.07827860967347
0.889875,0.0566405259442369,3.07886855217377
0.89,0.0570087324481456,3.07945899181119
0.890125,0.0573453229538002,3.08004969700608
0.89025,0.0576501105156916,3.08064054299905
0.890375,0.0579229258427971,3.08123146317358
0.8905,0.0581636173926019,3.08182242222011
0.890625,0.0583720514552678,3.08241340154428
0.89075,0.0585481122279027,3.08300439141478
0.890875,0.058691701878889,3.0835953867738
0.891,0.0588027406022357,3.0841863850184
0.891125,0.0588811666619247,3.08477738483481
0.89125,0.0589269364262245,3.08536838559167
0.891375,0.0589400243919546,3.08595938702943
0.8915,0.058920423198686,3.08655038910708
0.891625,0.0588681436328692,3.08714139193441
0.89175,0.0587832146218892,3.08773239575385
0.891875,0.058665683218049,3.08832340095597
0.892,0.0585156145724917,3.08891440812347
0.892125,0.0583330918990747,3.08950541810447
0.89225,0.0581182164282172,3.09009643211948
0.892375,0.0578711073507446,3.09068745191172
0.8925,0.0575919017517642,3.09127847995764
0.892625,0.0572807545346047,3.09186951976191
0.89275,0.0569378383348661,3.09246057626877
0.892875,0.0565633434246236,3.09305165643228
0.893,0.0561574776068419,3.09364277000189
0.893125,0.0557204661000568,3.09423393059691
0.89325,0.0552525514133881,3.09482515716484
0.893375,0.054753993211954,3.09541647594158
0.8935,0.0542250681727611,3.09600792305582
0.893625,0.05366606983115,3.09659954793775
0.89375,0.0530773084178817,3.09719141769509
0.893875,0.0524591106869559,3.09778362258757
0.894,0.0518118197342557,3.09837628263688
0.894125,0.0511357948071196,3.09896955521214
0.89425,0.0504314111049479,3.09956364308842
0.894375,0.0496990595709516,3.10015880195775
0.8945,0.0489391466751619,3.10075534571414
0.894625,0.0481520941888192,3.10135364719426
0.89475,0.047338338950267,3.10195413176717
0.894875,0.046498332622482,3.1025572616485
0.895,0.0456325414423724,3.10316351023761
0.895125,0.0447414459619863,3.10377332759363
0.89525,0.0438255407817722,3.10438709938402
0.895375,0.0428853342760396,3.10500510235746
0.8955,0.0419213483107736,3.10562746095041
0.895625,0.0409341179539581,3.10625411266238
0.89575,0.0399241911785699,3.10688479357258
0.895875,0.038892128558408,3.10751905655136
0.896,0.037838502956927,3.10815632848935
0.896125,0.0367638992092471,3.10879599896338
0.89625,0.0356689137975181,3.10943751918795
0.896375,0.0345541545198157,3.11008048458657
0.8965,0.0334202401527567,3.11072467828741
0.896625,0.0322678001080174,3.11137006504457
0.89675,0.0310974740829486,3.11201674205895
0.896875,0.0299099117054782,3.11266486765452
0.897,0.0287057721735022,3.11331459321946
0.897125,0.0274857238889602,3.11396601679192
0.89725,0.0262504440868021,3.11461916398275
0.897375,0.0250006184590492,3.11527399128928
0.8975,0.0237369407741609,3.11593040221911
0.897625,0.0224601124919158,3.11658826729999
0.89775,0.0211708423740226,3.11724744218823
0.897875,0.0198698460906772,3.11790778131209
0.898,0.0185578458232826,3.11856914670391
0.898125,0.017235569863554,3.11923141278885
0.89825,0.0159037522092309,3.11989446823625
0.898375,0.0145631321566206,3.12055821590643
0.8985,0.0132144538901991,3.12122257169924
0.898625,0.0118584660694978,3.12188746286751
0.89875,0.0104959214135047,3.12255282615796
0.898875,0.00912757628281151,3.12321860599513
0.899,0.00775419025973802,3.12388475282498
0.899125,0.00637652572666679,3.1245512216721
0.89925,0.00499534744282288,3.12521797092688
0.899375,0.00361142211973297,3.12588496135692
0.8995,0.00222551799559974,3.12655215532551
0.899625,0.000838404408827843,3.12721951619342
0.89975,-0.000549148629061848,3.12788700787773
0.899875,-0.00193637086089264,3.1285545945397
0.9,-0.00332249221142968,3.12922224037347
0.900125,-0.00470674321487761,3.12988990946703
0.90025,-0.00608835544204081,3.13055756570684
0.900375,-0.0074665619269091,3.13122517269718
0.9005,-0.00884059759243215,3.13189269366547
0.900625,-0.0102096996752462,3.13256009132391
0.90075,-0.0115731081491172,3.13322732765814
0.900875,-0.0129300661468656,3.1338943636126
0.901,-0.0142798203805379,3.13456115864274
0.901125,-0.015621621559593,3.13522767010433
0.90125,-0.0169547248068691,3.13589385245168
0.901375,-0.0182783900721027,3.13655965622085
0.9015,-0.0195918825427684,3.13722502678161
0.901625,-0.0208944730520113,3.13788990285803
0.90175,-0.0221854384834475,3.1385542148451
0.901875,-0.0234640621726053,3.13921788299719
0.902,-0.0247296343047865,3.13988081564118
0.902125,-0.0259814523091256,3.1405429076874
0.90225,-0.0272188212486281,3.14120403988334
0.902375,-0.028441054205973,3.14186407948176
0.9025,-0.0296474726648627,3.1425228832462
0.902625,-0.0308374068867108,3.14318030390885
0.90275,-0.0320101962824579,3.14383620113738
0.902875,-0.0331651897793084,3.1444904574461
0.903,-0.0343017461821858,3.14514299791197
0.903125,-0.0354192345297052,3.14579380980856
0.90325,-0.0365170344444646,3.14644295479823
0.903375,-0.0375945364774631,3.14709056380848
0.9035,-0.0386511424464509,3.14773680600068
0.903625,-0.0396862657680276,3.14838183067857
0.90375,-0.0406993317833002,3.14902569348275
0.903875,-0.0416897780769237,3.14966828966609
0.904,-0.0426570547893445,3.15030931973273
0.904125,-0.0436006249220749,3.15094830318701
0.90425,-0.0445199646358275,3.15158463949762
0.904375,-0.0454145635413469,3.15221770018931
0.9045,-0.0462839249827733,3.15284692791592
0.904625,-0.0471275663133842,3.1534719186593
0.90475,-0.0479450191635593,3.15409247053359
0.904875,-0.0487358297008198,3.15470859392626
0.905,-0.0494995588817987,3.15532048879273
0.905125,-0.050235782696001,3.15592850197255
0.90525,-0.05094409240122,3.15653307741246
0.905375,-0.0516240947504769,3.15713470745697
0.9055,-0.0522754122103599,3.15773388968436
0.905625,-0.0528976831706397,3.15833109277795
0.90575,-0.0534905621450469,3.15892673388236
0.905875,-0.0540537199630976,3.15952116751532
0.906,-0.0545868439528628,3.16011468388379
0.906125,-0.0550896381145787,3.16070751348129
0.90625,-0.0555618232850021,3.16129983500012
0.906375,-0.0560031372924197,3.16189178432446
0.9065,-0.056413335102225,3.1624834632043
0.906625,-0.0567921889529816,3.16307494689282
0.90675,-0.0571394884828986,3.16366629049226
0.906875,-0.0574550408466464,3.16425753402141
0.907,-0.0577386708224487,3.16484870634908
0.907125,-0.0579902209093917,3.16543982818386
0.90725,-0.0582095514148953,3.16603091431052
0.907375,-0.058396540532299,3.16662197524233
0.9075,-0.0585510844085183,3.16721301842973
0.907625,-0.0586730972017346,3.16780404913752
0.90775,-0.0587625111290869,3.16839507107712
0.907875,-0.058819276504338,3.16898608685992
0.908,-0.0588433617654943,3.16957709832076
0.908125,-0.0588347534923649,3.17016810674781
0.90825,-0.0587934564140491,3.17075911304492
0.908375,-0.0587194934063486,3.17135011784498
0.9085,-0.0586129054791058,3.17194112158704
0.908625,-0.0584737517534751,3.1725321245671
0.90875,-0.0583021094291399,3.1731231269686
0.908875,-0.0580980737414931,3.17371412887396
0.909,-0.0578617579088061,3.17430513025238
0.909125,-0.0575932930694139,3.17489613091105
0.90925,-0.0572928282089516,3.1754871303827
0.909375,-0.0569605300776844,3.17607812769635
0.9095,-0.0565965830979742,3.17666912092861
0.909625,-0.0562011892619362,3.17726010634044
0.90975,-0.0557745680193417,3.17785107673295
0.909875,-0.0553169561558289,3.17844201833881
0.91,-0.0548286076614897,3.17903290498768
0.910125,-0.0543097935899059,3.17962368724213
0.91025,-0.0537608019077118,3.18021427235984
0.910375,-0.0531819373347674,3.18080448778404
0.9105,-0.0525735211750319,3.1813940157378
0.910625,-0.0519358911382288,3.18198227899163
0.91075,-0.0512694011524049,3.18256824945875
0.910875,-0.0505744211674839,3.18315015007419
0.911,-0.0498513369499264,3.1837250516999
0.911125,-0.0491005498686082,3.18428848343638
0.91125,-0.0483224766720377,3.18483442102974
0.911375,-0.0475175492570341,3.18535624541384
0.9115,-0.0466862144289958,3.18584892014765
0.911625,-0.0458289336538926,3.18631135168504
0.91175,-0.0449461828021185,3.18674694701963
0.911875,-0.0440384518843469,3.18716178847299
0.912,-0.0431062447795361,3.18756216421648
0.912125,-0.0421500789552355,3.18795313137067
0.91225,-0.0411704851803474,3.18833823310694
0.912375,-0.0401680072305039,3.18871977357387
0.9125,-0.0391432015862232,3.1890992001911
0.912625,-0.0380966371240119,3.18947741811078
0.91275,-0.0370288948005856,3.18985500895602
0.912875,-0.0359405673303819,3.19023237360607
0.913,-0.0348322588565466,3.19060982478505
0.913125,-0.0337045846155742,3.19098764958796
0.91325,-0.032558170595789,3.19136615537724
0.913375,-0.0313936531898574,3.19174570708119
0.9135,-0.0302116788415236,3.19212675950092
0.913625,-0.0290129036867642,3.19250988377789
0.91375,-0.0277979931895626,3.19289578196925
0.913875,-0.0265676217725032,3.19328527844104
0.914,-0.0253224724423924,3.19367927493597
0.914125,-0.0240632364111132,3.1940786630194
0.91425,-0.022790612711924,3.19448420509286
0.914375,-0.0215053078114147,3.19489641528469
0.9145,-0.0202080352173357,3.19531547885699
0.914625,-0.018899515082517,3.19574123489475
0.91475,-0.0175804738050978,3.19617322080248
0.914875,-0.016251643625288,3.19661075616613
0.915,-0.0149137622188866,3.19705303787612
0.915125,-0.0135675722877803,3.1974992252717
0.91525,-0.0122138211476528,3.19794850499754
0.915375,-0.0108532603131304,3.19840013399786
0.9155,-0.00948664508059729,3.19885346374096
0.915625,-0.00811473410890933,3.19930795022677
0.91575,-0.00673828899824124,3.19976315408959
0.915875,-0.00535807386729968,3.20021873428433
0.916,-0.00397485492913756,3.2006744379879
0.916125,-0.0025894000658048,3.20113008862886
0.91625,-0.00120247840207172,3.20158557338407
0.916375,0.000185140121538231,3.20204083101677
0.9165,0.00157268517616947,3.20249584055566
0.916625,0.00295938647227167,3.20295061101878
0.91675,0.0043444741872162,3.20340517216507
0.916875,0.00572717939265412,3.20385956610205
0.917,0.0071067344813786,3.20431383947759
0.917125,0.00848237359345477,3.20476803592347
0.91725,0.00985333304138038,3.20522218838726
0.917375,0.0112188517340412,3.20567631098152
0.9175,0.0125781715992263,3.20613038999727
0.917625,0.0139305380044673,3.20658437378522
0.91775,0.0152752001759702,3.20703816132473
0.917875,0.0166114116154047,3.20749158950989
0.918,0.0179384305143216,3.20794441952481
0.918125,0.0192555201659674,3.20839632320133
0.91825,0.0205619493742669,3.20884687098849
0.918375,0.0218569928597483,3.20929552412909
0.9185,0.023139931662184,3.20974163477731
0.918625,0.024410053539724,3.21018445890174
0.91875,0.025666653364301,3.21062318740722
0.918875,0.0269090335130865,3.21105700005295
0.919,0.0281365042557816,3.21148514310818
0.919125,0.0293483841375271,3.21190702417281
0.91925,0.0305440003572197,3.21232230692969
0.919375,0.031722689141026,3.21273097928763
0.9195,0.0328837961108847,3.21313336830966
0.919625,0.034026676647794,3.21353009021431
0.91975,0.0351506962496825,3.21392194899006
0.919875,0.0362552308836637,3.21430981740268
0.92,0.0373396673324798,3.21469453587868
0.920125,0.0384034035349418,3.21507684932252
0.92025,0.0394458489201771,3.21545738286712
0.920375,0.0404664247354992,3.21583664637622
0.9205,0.0414645643677169,3.21621505607479
0.920625,0.0424397136577054,3.21659296575321
0.92075,0.0433913312080641,3.21697070541332
0.920875,0.0443188886836902,3.21734863035687
0.921,0.0452218711051018,3.21772718882183
0.921125,0.0460997771343474,3.21810702221567
0.92125,0.0469521193533427,3.2184891189255
0.921375,0.0477784245344806,3.21887504753284
0.9215,0.0485782339033638,3.21926728549178
0.921625,0.049351103393515,3.21966960092832
0.92175,0.0500966038929218,3.22008727818515
0.921875,0.0508143214822809,3.22052669483464
0.922,0.0515038576648082,3.22099368966679
0.922125,0.0521648295874881,3.22149105495492
0.92225,0.0527968702536387,3.2220170005777
0.922375,0.0533996287266744,3.22256608184376
0.9225,0.053972770324954,3.22313165550841
0.922625,0.0545159768076049,3.22370790168807
0.92275,0.0550289465512214,3.22429060073202
0.922875,0.055511394717337,3.22487702846338
0.923,0.0559630534105809,3.22546554759571
0.923125,0.0563836718274271,3.22605521673351
0.92325,0.0567730163954571,3.22664550959209
0.923375,0.057130870903056,3.22723613739263
0.9235,0.0574570366194716,3.2278269437715
0.923625,0.0577513324051699,3.22841784493954
0.92375,0.058013594812424,3.2290087964111
0.923875,0.0582436781760835,3.22959977480251
0.924,0.0584414546944705,3.23019076799529
0.924125,0.0586068145003602,3.23078176987531
0.92425,0.0587396657220052,3.23137277754829
0.924375,0.0588399345341698,3.23196378988573
0.9245,0.0589075651991461,3.23255480678216
0.924625,0.0589425200977295,3.23314582879341
0.92475,0.0589447797501351,3.23373685698342
0.924875,0.0589143428268452,3.23432789289196
0.925,0.05885122614938,3.23491893857931
0.925125,0.058755464680993,3.23550999672533
0.92525,0.058627111507294,3.23610107077321
0.925375,0.0584662378068129,3.23669216511519
0.9255,0.0582729328115179,3.2372832853186
0.925625,0.0580473037573132,3.23787443838533
0.92575,0.0577894758245402,3.23846563302613
0.925875,0.0574995920685182,3.23905687992099
0.926,0.0571778133401611,3.23964819195522
0.926125,0.0568243181967157,3.24023958450404
0.92625,0.0564393028026694,3.24083107594016
0.926375,0.056022980820884,3.24142268848168
0.9265,0.055575583294015,3.24201444929782
0.926625,0.0550973585162827,3.24260639174063
0.92675,0.0545885718956653,3.2431985566905
0.926875,0.0540495058065927,3.24379099408244
0.927,0.0534804594332194,3.24438376468093
0.927125,0.0528817486033674,3.24497694214889
0.92725,0.0522537056132275,3.24557061543579
0.927375,0.0515966790429189,3.24616489148695
0.9275,0.050911033563009,3.24675989824357
0.927625,0.0501971497320995,3.24735578785482
0.92775,0.0494554237855924,3.24795273995337
0.927875,0.0486862674157535,3.24855096475362
0.928,0.0478901075431937,3.24915070561918
0.928125,0.047067386079897,3.24975224062302
0.92825,0.0462185596839248,3.25035588250916
0.928375,0.0453440995059348,3.25096197640624
0.9285,0.0444444909276532,3.25157089477814
0.928625,0.0435202332924464,3.25218302956665
0.92875,0.0425718396281416,3.25279878187597
0.928875,0.0415998363622503,3.25341854931322
0.929,0.0406047630297526,3.25404271116951
0.929125,0.0395871719736039,3.25467161255495
0.92925,0.038547628038132,3.25530554947036
0.929375,0.0374867082554925,3.25594475724617
0.9295,0.0364050015253583,3.2565894041864
0.929625,0.0353031082880207,3.25723958988164
0.92975,0.0341816401910824,3.25789534558284
0.929875,0.0330412197499291,3.25855663495002
0.93,0.0318824800021671,3.25922335568903
0.930125,0.030706064156219,3.25989534344156
0.93025,0.0295126252342722,3.26057237886381
0.930375,0.0283028257097795,3.2612541979735
0.9305,0.0270773371397118,3.26194050498334
0.930625,0.0258368397917676,3.262630986215
0.93075,0.0245820222667465,3.26332532350355
0.930875,0.0233135811162951,3.26402320579509
0.931,0.0220322204562398,3.26472433821388
0.931125,0.0207386515757186,3.26542844843514
0.93125,0.0194335925423307,3.26613529053832
0.931375,0.0181177678035217,3.2668446466099
0.9315,0.0167919077844274,3.26755632632993
0.931625,0.0154567484823977,3.26827016474867
0.93175,0.0141130310584266,3.26898601851237
0.931875,0.0127615014257153,3.26970376091878
0.932,0.0114029098355957,3.27042327631026
0.932125,0.0100380104610459,3.27114445437971
0.93225,0.00866756097802695,3.27186718493606
0.932375,0.00729232214487513,3.27259135355812
0.9325,0.00591305737998159,3.2733168383931
0.932625,0.00453053233799505,3.27404350817593
0.93275,0.00314551448478211,3.27477122139478
0.932875,0.00175877267138146,3.27549982642937
0.933,0.000371076707188332,3.27622916244462
0.933125,-0.00101680306739378,3.27695906082312
0.93325,-0.00240409620859693,3.27768934695105
0.933375,-0.00379003259699062,3.27841984221667
0.9335,-0.00517384286500443,3.27915036612454
0.933625,-0.0065547588240339,3.27988073846315
0.93375,-0.0079320138908928,3.28061078148202
0.933875,-0.00930484351337473,3.2813403220341
0.934,-0.0106724855946881,3.28206919362052
0.934125,-0.0120341809165287,3.28279723823962
0.93425,-0.0133891735605551,3.28352430789685
0.934375,-0.0147367113280324,3.28425026558673
0.9345,-0.0160760461574127,3.28497498552554
0.934625,-0.0174064345396185,3.28569835241107
0.93475,-0.0187271379308005,3.2864202595294
0.934875,-0.0200374231623389,3.28714060562776
0.935,-0.0213365628478621,3.28785929062396
0.935125,-0.0226238357870556,3.28857621040444
0.93525,-0.0238985273660376,3.28929125113542
0.935375,-0.0251599299540793,3.29000428362765
0.9355,-0.0264073432964486,3.29071515831742
0.935625,-0.0276400749031602,3.29142370135009
0.93575,-0.0288574404334157,3.29212971211294
0.935875,-0.0300587640755204,3.29283296243327
0.936,-0.0312433789220662,3.29353319760343
0.936125,-0.0324106273401712,3.29423013943489
0.93625,-0.0335598613365723,3.29492349160947
0.936375,-0.0346904429173666,3.29561294754589
0.9365,-0.035801744442202,3.29629820071005
0.936625,-0.0368931489727214,3.29697895677973
0.93675,-0.0379640506150661,3.29765494653244
0.936875,-0.0390138548562485,3.29832593806403
0.937,-0.0400419788942074,3.29899174715772
0.937125,-0.0410478519613626,3.29965224521598
0.93725,-0.0420309156414897,3.30030736478221
0.937375,-0.0429906241797378,3.30095710287678
0.9375,-0.0439264447856198,3.3016015219414
0.937625,-0.044837857928806,3.30224074755207
0.93775,-0.0457243576275561,3.30287496248162
0.937875,-0.0465854517296318,3.30350439856942
0.938,-0.047420662185531,3.30412932866085
0.938125,-0.0482295253138949,3.30475005913722
0.93825,-0.0490115920589383,3.30536692201188
0.938375,-0.0497664282397612,3.30598026580414
0.9385,-0.0504936147914038,3.30659044528145
0.938625,-0.0511927479975096,3.30719781104084
0.93875,-0.0518634397144688,3.30780270045396
0.938875,-0.052505317586917,3.30840543086661
0.939,-0.0531180252544696,3.30900629495837
0.939125,-0.0537012225495765,3.3096055579731
0.93925,-0.0542545856863891,3.31020345660516
0.939375,-0.0547778074405322,3.31080019926878
0.9395,-0.0552705973196829,3.31139596740712
0.939625,-0.0557326817248614,3.31199091749063
0.93975,-0.0561638041023432,3.31258518339957
0.939875,-0.0565637250861097,3.31317887895263
0.94,-0.0569322226307572,3.31377210041347
0.940125,-0.0572690921347908,3.31436492886759
0.94025,-0.0575741465542346,3.31495743240908
0.940375,-0.0578472165064955,3.31554966810931
0.9405,-0.0580881503644225,3.31614168375473
0.940625,-0.058296814340509,3.31673351933479
0.94075,-0.0584730925611928,3.31732520823201
0.940875,-0.0586168871312104,3.31791677806202
0.941,-0.0587281181879714,3.31850825124448
0.941125,-0.0588067239459226,3.31909964559656
0.94125,-0.0588526607308764,3.31969097514678
0.941375,-0.0588659030042852,3.32028225102736
0.9415,-0.0588464433774484,3.32087348222008
0.941625,-0.0587942926156428,3.32146467608645
0.94175,-0.058709479632176,3.32205583872529
0.941875,-0.0585920514723645,3.32264697521913
0.942,-0.0584420732874462,3.32323808981179
0.942125,-0.0582596282984416,3.32382918604032
0.94225,-0.0580448177499838,3.32442026682991
0.942375,-0.0577977608541423,3.32501133455046
0.9425,-0.0575185947242729,3.32560239102225
0.942625,-0.0572074742989296,3.32619343744447
0.94275,-0.0568645722558807,3.32678447419378
0.942875,-0.0564900789162773,3.32737550038671
0.943,-0.0560842021390268,3.32796651299677
0.943125,-0.055647167205431,3.32855750513342
0.94325,-0.0551792166941513,3.32914846275725
0.943375,-0.0546806103465718,3.32973935849967
0.9435,-0.0541516249226346,3.33033014016132
0.943625,-0.0535925540472266,3.33092070954045
0.94375,-0.0530037080472045,3.3315108839758
0.943875,-0.0523854137791467,3.33210032773359
0.944,-0.0517380144479294,3.33268843283023
0.944125,-0.0510618694162268,3.33327412089152
0.94425,-0.0503573540050401,3.33385553824871
0.944375,-0.049624859285369,3.334429652576
0.9445,-0.0488647918611376,3.3349918843532
0.944625,-0.0480775736434978,3.33553615588535
0.94475,-0.0472636416166354,3.33605593941254
0.944875,-0.0464234475952065,3.33654647371026
0.945,-0.0455574579735424,3.33700701895839
0.945125,-0.0446661534667589,3.33744122187988
0.94525,-0.0437500288439163,3.33785520641691
0.945375,-0.0428095926533761,3.33825517849489
0.9455,-0.0418453669405085,3.33864609497622
0.945625,-0.0408578869579065,3.33903143634978
0.94575,-0.0398477008682681,3.33941349459092
0.945875,-0.0388153694401102,3.33979375273413
0.946,-0.0377614657364849,3.34017319577114
0.946125,-0.0366865747968702,3.34055252927364
0.94625,-0.0355912933124106,3.34093232516339
0.946375,-0.0344762292946903,3.34131311794401
0.9465,-0.0333420017382204,3.34169546686358
0.946625,-0.0321892402768288,3.34207998919798
0.94675,-0.0310185848341436,3.34246736013274
0.946875,-0.0298306852683635,3.342858269316
0.947,-0.0286262010115121,3.34325333005713
0.947125,-0.0274058007033777,3.34365295953597
0.94725,-0.0261701618203406,3.34405727763449
0.947375,-0.0249199702992935,3.34446607920112
0.9475,-0.0236559201568661,3.34487889858678
0.947625,-0.0223787131041626,3.34529512970862
0.94775,-0.0210890581572271,3.34571414078993
0.947875,-0.0197876712434539,3.34613534600495
0.948,-0.0184752748041596,3.3465582331288
0.948125,-0.0171525973935394,3.34698236466357
0.94825,-0.0158203732742279,3.34740736864275
0.948375,-0.014479342009692,3.34783292785037
0.9485,-0.013130248053679,3.34825877073948
0.948625,-0.0117738403369503,3.3486846648553
0.94875,-0.0104108718515282,3.34911041268095
0.948875,-0.00904209923268874,3.34953584950268
0.949,-0.00766828233892989,3.34996084274492
0.949125,-0.00629018383015104,3.35038529216173
0.94925,-0.00490856874427596,3.35080913027835
0.949375,-0.00352420407255524,3.35123232254677
0.9495,-0.00213785833378364,3.3516548667988
0.949625,-0.000750301147668838,3.35207679172566
0.94975,0.000637697192411644,3.35249815426176
0.949875,0.00202536614702817,3.35291903588006
0.95,0.0034119353584539,3.35333953790405
0.950125,0.00479663507831955,3.35375977600235
0.95025,0.00617869659493047,3.35417987406032
0.950375,0.00755735266000887,3.35459995762948
0.9505,0.00893183791462433,3.35502014715105
0.950625,0.010301389314076,3.35544055114426
0.95075,0.011665246551491,3.3558612595476
0.950875,0.0130226524799032,3.35628233740136
0.951,0.0143728535325784,3.35670381905747
0.951125,0.0157151001413535,3.35712570309265
0.95125,0.0170486471527552,3.35754794808157
0.951375,0.0183727542416697,3.35797046936874
0.9515,0.0196866863223318,3.35839313698561
0.951625,0.0209897139564067,3.3588157749375
0.95175,0.0222811137579368,3.35923816228802
0.951875,0.0235601687949295,3.35966003684341
0.952,0.0248261689873624,3.3600811027688
0.952125,0.0260784115013859,3.36050104397539
0.95225,0.0273162011395032,3.36091954510968
0.952375,0.0285388507265117,3.36133632052764
0.9525,0.0297456814909922,3.36175114759531
0.952625,0.0309360234421318,3.36216389374461
0.95275,0.032109215741675,3.36257451982295
0.952875,0.0332646070707928,3.36298304324988
0.953,0.0344015559916682,3.36338946230035
0.953125,0.0355194313035973,3.3637936747771
0.95325,0.0366176123934072,3.36419544597618
0.953375,0.0376954895799978,3.36459446241218
0.9535,0.038752464452814,3.36499045254638
0.953625,0.0397879502040632,3.36538330923135
0.95375,0.0408013719544909,3.36577315242189
0.953875,0.0417921670725351,3.36616031728033
0.954,0.0427597854866827,3.36654529882193
0.954125,0.043703689990853,3.36692869927343
0.95425,0.0446233565426393,3.36731121287947
0.954375,0.0455182745542446,3.3676936666867
0.9545,0.046387947175947,3.36807712933515
0.954625,0.0472318915719401,3.36846310289009
0.95475,0.0480496391883935,3.36885381294978
0.954875,0.0488407360135855,3.36925258213298
0.955,0.0496047428299632,3.36966415945072
0.955125,0.0503412354579901,3.37009463544238
0.95525,0.0510498049916458,3.37055034961665
0.955375,0.0517300580254478,3.3710356217691
0.9555,0.0523816168728674,3.37155058554952
0.955625,0.053004119776021,3.37209108525503
0.95575,0.0535972211065181,3.37265072571363
0.955875,0.0541605915573563,3.37322323416121
0.956,0.0546939183257552,3.37380374104836
0.956125,0.0551969052868291,3.37438896601796
0.95625,0.0556692731580008,3.3749768857219
0.956375,0.0561107596540663,3.37556631997293
0.9565,0.0565211196328236,3.37615660631891
0.956625,0.0569001252311849,3.37674738503214
0.95675,0.0572475659916969,3.37733846903439
0.956875,0.0575632489793983,3.3779297692092
0.957,0.0578469988889508,3.37852125315508
0.957125,0.0580986581419826,3.37911292338004
0.95725,0.0583180869745916,3.37970480664294
0.957375,0.058505163514959,3.38029694972874
0.9575,0.0586597838510305,3.38088941908405
0.957625,0.0587818620882272,3.38148230310607
0.95775,0.058871330397155,3.38207571673178
0.957875,0.0589281390512846,3.38266980819854
0.958,0.0589522564545825,3.38326476781888
0.958125,0.058943669159077,3.38386083867988
0.95825,0.058902381872349,3.38445832907121
0.958375,0.058828417454945,3.38505762595502
0.9585,0.0587218169077118,3.38565920787416
0.958625,0.0585826393490608,3.38626365437066
0.95875,0.0584109619821755,3.3868716474526
0.958875,0.0582068800521778,3.38748395947882
0.959,0.0579705067932801,3.38810142202988
0.959125,0.0577019733659494,3.38872487301718
0.95925,0.0574014287841212,3.38935508488255
0.959375,0.0570690398325008,3.38999268404069
0.9595,0.0567049909740001,3.39063807763547
0.959625,0.0563094842473603,3.39129140464297
0.95975,0.0558827391550169,3.39195252282885
0.959875,0.0554249925412705,3.3926210332441
0.96,0.0549364984608295,3.39329633464884
0.960125,0.0544175280377995,3.39397769551742
0.96025,0.0538683693151955,3.3946643310776
0.960375,0.0532893270950621,3.39535547321711
0.9605,0.0526807227692902,3.39605042061629
0.960625,0.0520428941412227,3.39674856168891
0.96075,0.051376195238151,3.39744937526782
0.960875,0.0506809961148026,3.39815242093336
0.961,0.0499576826479333,3.39885732756206
0.961125,0.0492066563221334,3.39956378313489
0.96125,0.048428334006971,3.40027152609688
0.961375,0.0476231477255929,3.4009803379378
0.9615,0.0467915444149134,3.40169003672409
0.961625,0.0459339856775236,3.40240047144125
0.96175,0.0450509475254585,3.40311151708153
0.961875,0.0441429201159651,3.40382307044511
0.962,0.0432104074794166,3.40453504661508
0.962125,0.042253927239526,3.40524737599468
0.96225,0.0412740103260121,3.40596000175861
0.962375,0.0402712006798785,3.40667287767312
0.9625,0.0392460549514699,3.40738596630818
0.962625,0.0381991421914719,3.4080992376145
0.96275,0.0371310435350261,3.40881266779951
0.962875,0.0360423518791375,3.40952623844485
0.963,0.0349336715535504,3.41023993582645
0.963125,0.0338056179852783,3.41095375040424
0.96325,0.0326588173569725,3.41166767643659
0.963375,0.031493906259319,3.4123817116614
0.9635,0.030311531337657,3.41309585700011
0.963625,0.0291123489330163,3.41381011627204
0.96375,0.02789702471777,3.41452449591847
0.963875,0.026666233326108,3.41523900472638
0.964,0.0254206579795342,3.41595365353274
0.964125,0.024160990107596,3.41666845489022
0.96425,0.0228879289640572,3.41738342267909
0.964375,0.0216021812387264,3.41809857165754
0.9645,0.0203044606651569,3.41881391695034
0.964625,0.018995487624436,3.41952947348369
0.96475,0.0176759887452832,3.42024525538186
0.964875,0.0163466965006797,3.42096127534757
0.965,0.0150083488012532,3.42167754405317
0.965125,0.013661688585643,3.42239406957115
0.96525,0.0123074634080736,3.42311085687265
0.965375,0.0109464250233657,3.42382790741839
0.9655,0.00957932896961395,3.42454521886084
0.965625,0.00820693414876489,3.42526278486892
0.96575,0.00683000240532614,3.425980595078
0.965875,0.00544929810344187,3.42669863516088
0.966,0.00406558770256882,3.42741688700844
0.966125,0.00267963933198865,3.42813532900501
0.96625,0.00129222236439264,3.42885393638062
0.966375,-9.5893011224356e-05,3.42957268162293
0.9665,-0.00148393621712377,3.43029153493252
0.966625,-0.00287113671459948,3.43101046470868
0.96675,-0.00425672443173298,3.43172943805527
0.966875,-0.00563993019088984,3.43244842129997
0.967,-0.00701998613572043,3.43316738052237
0.967125,-0.00839612615742763,3.43388628208775
0.96725,-0.009767586320065,3.43460509318404
0.967375,-0.0111336052846292,3.43532378235781
0.9675,-0.0124934247317117,3.43604232004329
0.967625,-0.0138462897824739,3.43676067907473
0.96775,-0.0151914494177138,3.4374788351688
0.967875,-0.01652815689479,3.43819676735977
0.968,-0.0178556701621724,3.43891445836719
0.968125,-0.019173252271389,3.43963189487435
0.96825,-0.0204801717861404,3.44034906769679
0.968375,-0.0217757031883554,3.44106597182332
0.9685,-0.0230591272809605,3.44178260631845
0.968625,-0.0243297315871421,3.44249897408333
0.96875,-0.0255868107458779,3.44321508148208
0.968875,-0.0268296669035187,3.44393093784998
0.969,-0.0280576101012029,3.44464655490834
0.969125,-0.0292699586578895,3.44536194611661
0.96925,-0.0304660395487951,3.44607712599494
0.969375,-0.0316451887790272,3.44679210944924
0.9695,-0.0328067517522043,3.4475069111268
0.969625,-0.0339500836338592,3.44822154482393
0.96975,-0.0350745497094238,3.44893602295944
0.969875,-0.0361795257365963,3.44965035611974
0.97,-0.0372643982918948,3.45036455267454
0.970125,-0.0383285651112066,3.45107861845668
0.97025,-0.0393714354241416,3.45179255649452
0.970375,-0.0403924302820061,3.45250636677863
0.9705,-0.0413909828792149,3.4532200460293
0.970625,-0.0423665388679614,3.45393358741289
0.97075,-0.043318556665974,3.45464698015527
0.970875,-0.0442465077571842,3.45536020903556
0.971,-0.0451498769851437,3.45607325377035
0.971125,-0.0460281628390238,3.45678608828352
0.97125,-0.0468808777320407,3.45749867982957
0.971375,-0.0477075482721511,3.45821098793155
0.9715,-0.0485077155248687,3.45892296310641
0.971625,-0.0492809352680538,3.45963454535862
0.97175,-0.0500267782385374,3.46034566238214
0.971875,-0.0507448303704401,3.46105622733747
0.972,-0.0514346930250553,3.46176613612363
0.972125,-0.0520959832121685,3.46247526422189
0.97225,-0.0527283338026892,3.4631834632099
0.972375,-0.0533313937324787,3.46389055701491
0.9725,-0.0539048281972594,3.46459633805637
0.972625,-0.054448318838498,3.46530056361904
0.97275,-0.0549615639201596,3.46600295309552
0.972875,-0.0554442784962331,3.46670318718094
0.973,-0.055896194568938,3.46740091067693
0.973125,-0.0563170612375205,3.46809574093763
0.97325,-0.0567066448375603,3.46878728301095
0.973375,-0.0570647290707082,3.46947514832507
0.9735,-0.0573911151247835,3.47015896788815
0.973625,-0.0576856217841642,3.47083839325749
0.97375,-0.057948085530409,3.47151309211952
0.973875,-0.0581783606330549,3.47218275139558
0.974,-0.05837631923054,3.4728470916747
0.974125,-0.0585418514012067,3.473505888039
0.97425,-0.0586748652243464,3.47415899104867
0.974375,-0.0587752868312504,3.47480634344514
0.9745,-0.0588430604462401,3.47544798984544
0.974625,-0.0588781484176527,3.47608407803358
0.97475,-0.0588805312387662,3.4767148517276
0.974875,-0.0588502075586506,3.47734063595616
0.975,-0.0587871941829409,3.47796181721275
0.975125,-0.0586915260645302,3.47857882112993
0.97525,-0.058563256284189,3.47919209041868
0.975375,-0.0584024560211202,3.47980206531597
0.9755,-0.0582092145134682,3.4804091679784
0.975625,-0.0579836390088009,3.4810137913894
0.97575,-0.0577258547045961,3.48161629259037
0.975875,-0.057436004678761,3.48221698948194
0.976,-0.0571142498102271,3.48281616012176
0.976125,-0.0567607686896623,3.48341404362361
0.97625,-0.0563757575203501,3.48401084249343
0.976375,-0.0559594300092918,3.48460672601839
0.9765,-0.0555120172485916,3.48520183292704
0.976625,-0.0550337675871897,3.48579627163509
0.97675,-0.0545249464930161,3.48639011695351
0.976875,-0.0539858364056403,3.48698340112808
0.977,-0.0534167365794995,3.48757609475926
0.977125,-0.0528179629177917,3.48816806963434
0.97725,-0.0521898477971268,3.48875903019072
0.977375,-0.0515327398830316,3.48934839286749
0.9775,-0.0508470039364127,3.48993508507111
0.977625,-0.0501330206110837,3.49051723779876
0.97775,-0.0493911862424692,3.49109178666155
0.977875,-0.0486219126276037,3.49165412902097
0.978,-0.047825626796546,3.4921982373237
0.978125,-0.0470027707753374,3.492717799744
0.97825,-0.0461538013406351,3.49320848112871
0.978375,-0.0452791897661557,3.49367008715514
0.9785,-0.0443794215610714,3.49410676669564
0.978625,-0.0434549962005026,3.49452504998987
0.97875,-0.0425064268482578,3.49493153457047
0.978875,-0.0415342400719733,3.49533161907579
0.979,-0.0405389755508121,3.49572920985908
0.979125,-0.0395211857758834,3.49612678935292
0.97925,-0.0384814357435497,3.49652549426538
0.979375,-0.0374203026417908,3.49692523639758
0.9795,-0.0363383755297999,3.49732505463043
0.979625,-0.0352362550109891,3.49772370434317
0.97975,-0.0341145528995855,3.49812021979627
0.979875,-0.0329738918810036,3.49851419444098
0.98,-0.0318149051661823,3.49890577098089
0.980125,-0.0306382361400782,3.49929549807465
0.98025,-0.0294445380045106,3.49968418462132
0.980375,-0.0282344734155561,3.50007278220577
0.9805,-0.0270087141156952,3.50046226429226
0.980625,-0.0257679405609126,3.50085347722911
0.98075,-0.0245128415429617,3.50124698440088
0.980875,-0.0232441138069997,3.50164295720561
0.981,-0.0219624616648079,3.50204115277981
0.981125,-0.0206685966038106,3.50244097629115
0.98125,-0.01936323689211,3.50284159418741
0.981375,-0.0180471071797566,3.50324206063545
0.9815,-0.0167209380964763,3.50364143196204
0.981625,-0.0153854658460773,3.50403885750969
0.98175,-0.0140414317977619,3.50443364317317
0.981875,-0.0126895820745712,3.504825287194
0.982,-0.011330667139189,3.50521348982821
0.982125,-0.00996544137733732,3.50559814090422
0.98225,-0.00859466267899262,3.50597929164667
0.982375,-0.00721909201765678,3.5063571183264
0.9825,-0.00583949302791555,3.50673188475362
0.982625,-0.00445663158151934,3.50710390874513
0.98275,-0.00307127536222143,3.50747353534772
0.982875,-0.00168419343960991,3.507841117566
0.983,-0.000296155842169672,3.50820700399527
0.983125,0.00109206687018832,3.50857153210547
0.98325,0.00247970403389339,3.50893502577109
0.983375,0.00386598530953946,3.50929779577492
0.9835,0.00525014110952999,3.50966014225583
0.983625,0.00663140302530599,3.51002235831462
0.98375,0.00800900425392005,3.51038473418162
0.983875,0.00938218002371954,3.51074756146224
0.984,0.0107501680189026,3.51111113700372
0.984125,0.0121122088027114,3.51147576586933
0.98425,0.0134675462390275,3.5118417627659
0.984375,0.0148154279121355,3.51220945106198
0.9845,0.0161551055444216,3.51257915828788
0.984625,0.0174858354117758,3.51295120679832
0.98475,0.0188068787564668,3.51332589823355
0.984875,0.0201175021972595,3.51370349073263
0.985,0.0214169781365495,3.51408416876924
0.985125,0.0227045851642864,3.51446800716954
0.98525,0.023979608458463,3.51485493328514
0.985375,0.0252413401819478,3.5152446939991
0.9855,0.0264890798754404,3.51563683643136
0.985625,0.0277221348463309,3.51603071199058
0.98575,0.0289398205532493,3.51642551221999
0.985875,0.0301414609860894,3.516820341468
0.986,0.0313263890412975,3.51721432520874
0.986125,0.0324939468922172,3.51760674245861
0.98625,0.0336434863542843,3.51799715580731
0.986375,0.0347743692448698,3.51838549872943
0.9865,0.0358859677375705,3.51877208145821
0.986625,0.0369776647107516,3.51915750657618
0.98675,0.0380488540901458,3.51954253281027
0.986875,0.0390989411853212,3.5199279530931
0.987,0.0401273430198294,3.52031453449186
0.987125,0.041133488654851,3.52070302068335
0.98725,0.0421168195061593,3.52109416067759
0.987375,0.0430767896542255,3.52148871715473
0.9875,0.0440128661472937,3.52188741770545
0.987625,0.0449245292972575,3.52229084104443
0.98775,0.0458112729681736,3.52269929175527
0.987875,0.0466726048572519,3.52311280909644
0.988,0.0475080467681682,3.52353150300538
0.988125,0.0483171348765439,3.52395628126632
0.98825,0.0490994199874495,3.52438971183228
0.988375,0.0498544677847862,3.52483646460248
0.9885,0.0505818590724075,3.52530270760967
0.988625,0.0512811900068488,3.52579416683732
0.98875,0.0519520723215325,3.52631361418499
0.988875,0.0525941335423282,3.5268596389888
0.989,0.0532070171943438,3.52742773005139
0.989125,0.0537903829998372,3.52801254890378
0.98925,0.054343907067135,3.5286096756401
0.989375,0.0548672820704556,3.52921621972489
0.9895,0.055360217420536,3.52983066445761
0.989625,0.0558224394259678,3.53045245051662
0.98975,0.0562536914451522,3.53108156933297
0.989875,0.056653734028791,3.53171824648503
0.99,0.057022345052833,3.5323627192716
0.990125,0.0573593198418027,3.53301509693117
0.99025,0.0576644712824431,3.53367529081963
0.990375,0.0579376299276091,3.53434299970419
0.9905,0.058178644090353,3.53501773386287
0.990625,0.0583873799281524,3.535698862579
0.99075,0.0585637215172303,3.53638567123646
0.990875,0.0587075709169292,3.5370774165541
0.991,0.0588188482241013,3.53777337216722
0.991125,0.0588974916174861,3.53847286096683
0.99125,0.0589434573920493,3.53917527420989
0.991375,0.0589567199832657,3.53988007992223
0.9915,0.0589372719813306,3.54058682398888
0.991625,0.0588851241352939,3.54129512635391
0.99175,0.0588003053471122,3.54200467389672
0.991875,0.0586828626556249,3.54271521167238
0.992,0.058532861210461,3.54342653395862
0.992125,0.0583503842358916,3.54413847591671
0.99225,0.0581355329846494,3.54485090620486
0.992375,0.0578884266817388,3.54556372063784
0.9925,0.0576092024582698,3.54627683686426
0.992625,0.0572980152753504,3.54699018997156
0.99275,0.0569550378380819,3.54770372890317
0.992875,0.0565804604997028,3.54841741356639
0.993,0.056174491155936,3.54913121251585
0.993125,0.055737355129597,3.54984510110907
0.99325,0.0552692950455278,3.55055906004495
0.993375,0.0547705706959257,3.5512730742098
0.9935,0.0542414588961411,3.5519871317689
0.993625,0.0536822533310257,3.5527012234528
0.99375,0.0530932643919151,3.55341534199746
0.993875,0.0524748190043371,3.55412948170573
0.994,0.0518272604465404,3.554843638104
0.994125,0.0511509481589464,3.55555780767435
0.99425,0.0504462575446271,3.55627198764638
0.994375,0.0497135797609218,3.55698617583748
0.9945,0.0489533215023086,3.5577003705322
0.994625,0.0481659047746488,3.55841457039096
0.99475,0.0473517666609326,3.55912877437726
0.994875,0.0465113590786536,3.55984298169424
0.995,0.0456451485289487,3.56055719172861
0.995125,0.0447536158376409,3.56127140400481
0.99525,0.0438372558883303,3.56198561815078
0.995375,0.0428965773476805,3.56269983387389
0.9955,0.0419321023830532,3.56341405094408
0.995625,0.0409443663726479,3.56412826918158
0.99575,0.039933917608307,3.56484248844748
0.995875,0.0389013169911527,3.56555670863615
0.996,0.0378471377202221,3.56627092966883
0.996125,0.0367719649742767,3.56698515148741
0.99625,0.0356763955869594,3.56769937404779
0.996375,0.0345610377154829,3.56841359731197
0.9965,0.0334265105030298,3.56912782123839
0.996625,0.0322734437350548,3.56984204576971
0.99675,0.0311024774896782,3.57055627081769
0.996875,0.0299142617823653,3.57127049624448
0.997,0.0287094562050885,3.57198472184018
0.997125,0.0274887295601731,3.57269894729625
0.99725,0.0262527594890293,3.57341317217565
0.997375,0.0250022320959773,3.57412739588097
0.9975,0.0237378415673739,3.57484161762356
0.997625,0.0224602897862513,3.57555583639667
0.99775,0.021170285942684,3.57627005095714
0.997875,0.0198685461400975,3.57698425982029
0.998,0.0185557929977401,3.57769846127284
0.998125,0.0172327552495359,3.57841265340859
0.99825,0.0159001673395435,3.57912683419
0.998375,0.0145587690142445,3.57984100153725
0.9985,0.0132093049118872,3.58055515344316
0.998625,0.0118525241491154,3.58126928810981
0.99875,0.0104891799051096,3.58198340409839
0.998875,0.00912002900347298,3.58269750048148
0.999,0.00774583149209393,3.58341157698397
0.999125,0.00636735022121771,3.5841256340979
0.99925,0.00498535041996244,3.58483967315717
0.999375,0.00360059927151381,3.58555369635991
0.9995,0.00221386548723459,3.58626770673096
0.999625,0.000825918879925422,3.58698170802169
0.99975,-0.000562470063526357,3.58769570455129
0.999875,-0.00195053060987253,3.58840970099923
1,-0.00333749220736701,3.58912370216457
1.000125,-0.00472258491352855,3.58983771271133
1.00025,-0.00610503982256566,3.59055173692091
1.000375,-0.00748408949222647,3.59126577847222
1.0005,-0.00885896836983658,3.59197984026688
1.000625,-0.0102289132172883,3.5926939243124
1.00075,-0.0115931635347456,3.5934080316701
1.000875,-0.0129509619828291,3.59412216246794
1.001,-0.0143015548030474,3.59483631597263
1.001125,-0.0156441922362402,3.59555049071006
1.00125,-0.016978128938803,3.59626468461993
1.001375,-0.0183026243964595,3.5969788952288
1.0015,-0.0196169433353542,3.59769311982603
1.001625,-0.0209203561302365,3.598407355629
1.00175,-0.0222121392095091,3.59912159992697
1.001875,-0.0234915754569161,3.5998358501964
1.002,-0.0247579546096479,3.60055010418434
1.002125,-0.0260105736526428,3.60126435995991
1.00225,-0.0272487372088636,3.60197861593634
1.002375,-0.0284717579253367,3.60269287086825
1.0025,-0.0296789568547354,3.60340712382963
1.002625,-0.0308696638322979,3.60412137417836
1.00275,-0.0320432178478703,3.60483562151278
1.002875,-0.0331989674128677,3.60554986562507
1.003,-0.0343362709219499,3.60626410645512
1.003125,-0.035454497009211,3.60697834404771
1.00325,-0.0365530248986847,3.60769257851461
1.003375,-0.0376312447489717,3.6084068100024
1.0035,-0.0386885579917964,3.60912103866583
1.003625,-0.0397243776643068,3.60983526464605
1.00375,-0.0407381287349312,3.61054948805252
1.003875,-0.0417292484226123,3.61126370894814
1.004,-0.0426971865092404,3.61197792733681
1.004125,-0.0436414056451135,3.6126921431528
1.00425,-0.044561381647253,3.61340635625085
1.004375,-0.045456603790411,3.61412056639578
1.0045,-0.0463265750906068,3.61483477325076
1.004625,-0.0471708125810353,3.61554897636308
1.00475,-0.0479888475801942,3.6162631751468
1.004875,-0.0487802259520816,3.61697736886172
1.005,-0.049544508358318,3.61769155658784
1.005125,-0.0502812705020551,3.6184057371935
1.00525,-0.0509901033635339,3.61911990929657
1.005375,-0.0516706134271621,3.61983407121966
1.0055,-0.0523224228999856,3.62054822094269
1.005625,-0.0529451699214306,3.62126235605803
1.00575,-0.0535385087642027,3.62197647373671
1.005875,-0.0541021100262287,3.62269057071085
1.006,-0.0546356608135367,3.62340464325917
1.006125,-0.055138864913972,3.62411868714824
1.00625,-0.0556114429616518,3.62483269747906
1.006375,-0.0560531325920686,3.6255466684449
1.0065,-0.0564636885877559,3.62626059305432
1.006625,-0.056842883014434,3.62697446285193
1.00675,-0.0571905053475627,3.62768826762806
1.006875,-0.0575063625892283,3.62840199509209
1.007,-0.0577902793753011,3.62911563048728
1.007125,-0.0580420980728047,3.6298291561306
1.00725,-0.0582616788674408,3.63054255086365
1.007375,-0.0584488998412233,3.63125578940126
1.0075,-0.0586036570401772,3.63196884156356
1.007625,-0.0587258645320648,3.63268167137668
1.00775,-0.0588154544541077,3.63339423602673
1.007875,-0.0588723770506778,3.63410648465264
1.008,-0.058896600700936,3.63481835696559
1.008125,-0.0588881119364041,3.63552978168753
1.00825,-0.058846915448459,3.63624067480975
1.008375,-0.0587730340857464,3.63695093768597
1.0085,-0.0586665088415144,3.63766045499545
1.008625,-0.0585273988308738,3.63836909263986
1.00875,-0.058355781257999,3.6390766956605
1.008875,-0.0581517513732865,3.63978308623116
1.009,-0.0579154224204953,3.64048806165711
1.009125,-0.0576469255738984,3.64119139239212
1.00925,-0.0573464098654803,3.64189282083198
1.009375,-0.0570140421022213,3.64259206190164
1.0095,-0.0566500067735132,3.64328880546443
1.009625,-0.0562545059487596,3.64398272030718
1.00975,-0.0558277591652166,3.64467345990228
1.009875,-0.0553700033061358,3.64536067015678
1.01,-0.0548814924692785,3.64604399887677
1.010125,-0.0543624978258727,3.64672310578992
1.01025,-0.0538133074700918,3.64739767046215
1.010375,-0.0532342262591396,3.64806739304826
1.0105,-0.0526255756440275,3.64873197963862
1.010625,-0.0519876934911416,3.64939110046767
1.01075,-0.0513209338946956,3.65004430520991
1.010875,-0.050625666980175,3.65069087511474
1.011,-0.0499022786988819,3.65132959444548
1.011125,-0.049151170613694,3.65195845945237
1.01125,-0.0483727596761561,3.65257445871054
1.011375,-0.0475674779950298,3.65317376091775
1.0115,-0.0467357725964275,3.6537526802346
1.011625,-0.0458781051756655,3.65430909515526
1.01175,-0.0449949518409733,3.65484299878298
1.011875,-0.0440868028492014,3.65535562827288
1.012,-0.0431541623336747,3.65584849219971
1.012125,-0.0421975480243419,3.65632328189894
1.01225,-0.0412174909603768,3.65678213457714
1.012375,-0.040214535195391,3.65722756237382
1.0125,-0.0391892374954211,3.65766208247215
1.012625,-0.0381421670298588,3.65808788072635
1.01275,-0.0370739050554951,3.65850666336925
1.012875,-0.0359850445938538,3.65891966308663
1.013,-0.0348761901019937,3.6593277201763
1.013125,-0.0337479571369627,3.65973138672757
1.01325,-0.0326009720140883,3.66013103324127
1.013375,-0.031435871459297,3.66052694941343
1.0135,-0.0302533022556528,3.66091942349984
1.013625,-0.0290539208843131,3.66130877050414
1.01375,-0.0278383931600996,3.66169528386925
1.013875,-0.0266073938618885,3.66207912714015
1.014,-0.0253616063580227,3.66246023716277
1.014125,-0.024101722226957,3.66283831947728
1.01425,-0.0228284408733432,3.66321295660314
1.014375,-0.021542469139772,3.66358377231651
1.0145,-0.0202445209143846,3.66395056691819
1.014625,-0.0189353167345725,3.6643133716919
1.01475,-0.0176155833869859,3.66467242472111
1.014875,-0.016286053504073,3.66502810324058
1.015,-0.0149474651573729,3.6653808495638
1.015125,-0.0136005614477893,3.66573111251771
1.01525,-0.0122460900930713,3.66607931059604
1.015375,-0.0108848030127311,3.6664258138993
1.0155,-0.00951745591062912,3.66677093898372
1.015625,-0.00814480785545694,3.66711495117939
1.01575,-0.00676762085935292,3.66745807048252
1.015875,-0.00538665945488281,3.66780047863297
1.016,-0.00400269027062092,3.66814232609207
1.016125,-0.00261648160556737,3.66848373833394
1.01625,-0.00122880300263759,3.66882482126058
1.016375,0.000159575178539068,3.66916566575573
1.0165,0.00154788218927461,3.66950635148504
1.016625,0.00293534731969394,3.66984695008249
1.01675,0.00432120032658527,3.67018752786655
1.016875,0.00570467186099194,3.6705281482205
1.017,0.00708499389530809,3.67086887376019
1.017125,0.00846140014964124,3.67120976840223
1.01725,0.00983312651720502,3.67155089943954
1.017375,0.011199411488506,3.6718923397288
1.0175,0.0125594965740887,3.67223417009698
1.017625,0.0139126267256053,3.67257648207874
1.01775,0.0152580507549741,3.67291938110356
1.017875,0.0165950217513966,3.67326299025512
1.018,0.0179227974960001,3.67360745472083
1.018125,0.0192406408738756,3.67395294702455
1.01825,0.0205478202832829,3.67429967307433
1.018375,0.0218436100417962,3.67464787893569
1.0185,0.0231272907891626,3.67499785803451
1.018625,0.0243981498866526,3.67534995818942
1.01875,0.025655481812679,3.67570458751351
1.018875,0.0268985885544649,3.67606221797786
1.019,0.0281267799955443,3.67642338569006
1.019125,0.029339374298879,3.67678868833128
1.01925,0.0305356982853798,3.67715878317438
1.019375,0.0317150878076214,3.67753439276268
1.0195,0.0328768881185443,3.6779163257056
1.019625,0.0340204542349382,3.67830551064574
1.01975,0.0351451512955052,3.67870302029322
1.019875,0.0362503549133051,3.67911004343199
1.02,0.0373354515223851,3.67952777365762
1.020125,0.0383998387184038,3.67995723460552
1.02025,0.0394429255930584,3.68039911562867
1.020375,0.040464133062131,3.68085369456988
1.0205,0.0414628941869703,3.68132087128645
1.020625,0.0424386544892321,3.6818002797536
1.02075,0.0433908722587025,3.68229143107951
1.020875,0.0443190188540326,3.68279385957079
1.021,0.0452225789962197,3.68330727167854
1.021125,0.0461010510546698,3.68383171563363
1.02125,0.0469539473256838,3.68436779272803
1.021375,0.0477807943032133,3.68491691298363
1.0215,0.0485811329417335,3.68548153826771
1.021625,0.0493545189110906,3.68606522799974
1.02175,0.0501005228431786,3.68667214163103
1.021875,0.0508187305703113,3.68730569903976
1.022,0.0515087433551561,3.68796671215781
1.022125,0.0521701781121019,3.68865216967387
1.02225,0.0528026676199377,3.68935578549302
1.022375,0.0534058607257258,3.69007014415519
1.0225,0.0539794225397536,3.69078903978014
1.022625,0.0545230346214584,3.69150863112744
1.02275,0.0550363951562196,3.69222722532182
1.022875,0.055519219122923,3.69294444157703
1.023,0.0559712384522005,3.69366046497252
1.023125,0.0563922021752612,3.69437562314225
1.02325,0.0567818765632282,3.69509021440214
1.023375,0.0571400452569057,3.69580446312775
1.0235,0.0574665093869031,3.69651852312477
1.023625,0.0577610876840503,3.69723249355653
1.02375,0.0580236165800424,3.69794643493272
1.023875,0.058253950298258,3.69866038184649
1.024,0.0584519609347008,3.69937435223097
1.024125,0.0586175385290195,3.70008835375064
1.02425,0.0587505911255665,3.70080238805287
1.024375,0.0588510448244613,3.7015164535033
1.0245,0.0589188438226312,3.70223054688539
1.024625,0.0589539504448049,3.70294466441333
1.02475,0.0589563451644432,3.70365880230242
1.024875,0.0589260266145946,3.70437295706224
1.025,0.0588630115886699,3.70508712562222
1.025125,0.0587673350311346,3.70580130536204
1.02525,0.0586390500181263,3.70651549409373
1.025375,0.0584782277280049,3.70722969002108
1.0255,0.0582849574018547,3.70794389168787
1.025625,0.0580593462939585,3.70865809792358
1.02575,0.0578015196122725,3.70937230779258
1.025875,0.0575116204489331,3.7100865205497
1.026,0.0571898097008372,3.71080073560283
1.026125,0.0568362659803367,3.7115149524821
1.02625,0.0564511855160992,3.71222917081488
1.026375,0.0560347820441892,3.71294339030564
1.0265,0.0555872866894299,3.71365761071991
1.026625,0.0551089478371114,3.71437183187158
1.02675,0.0546000309951176,3.71508605361276
1.026875,0.0540608186465469,3.71580027582581
1.027,0.0534916100929097,3.71651449841709
1.027125,0.0528927212879887,3.7172287213119
1.02725,0.0522644846624549,3.71794294445059
1.027375,0.051607248939337,3.71865716778539
1.0275,0.0509213789404452,3.71937139127784
1.027625,0.0502072553838586,3.72008561489676
1.02775,0.0494652746725873,3.7207998386164
1.027875,0.048695848674527,3.72151406241481
1.028,0.0478994044938288,3.72222828627211
1.028125,0.0470763842338099,3.72294251016842
1.02825,0.0462272447515379,3.72365673408122
1.028375,0.0453524574042242,3.72437095798154
1.0285,0.0444525077875679,3.72508518182827
1.028625,0.043527895466195,3.72579940555981
1.02875,0.0425791336963427,3.72651362908154
1.028875,0.0416067491409425,3.72722785224722
1.029,0.0406112815772611,3.7279420748315
1.029125,0.0395932835972598,3.72865629648997
1.02925,0.0385533203008409,3.72937051670215
1.029375,0.0374919689821491,3.73008473469169
1.0295,0.0364098188091039,3.73079894931706
1.029625,0.0353074704963396,3.73151315892512
1.02975,0.0341855359717355,3.73222736115934
1.029875,0.0330446380367206,3.73294155271539
1.03,0.0318854100205416,3.7336557290384
1.030125,0.0307084954286865,3.7343698839603
1.03025,0.0295145475856586,3.73508400928224
1.030375,0.0283042292722992,3.73579809431626
1.0305,0.0270782123578602,3.73651212541184
1.030625,0.0258371774270316,3.73722608550517
1.03075,0.0245818134021302,3.7379399537403
1.030875,0.0233128171606589,3.73865370522124
1.031,0.0220308931484505,3.739367310964
1.031125,0.0207367529886089,3.74008073812419
1.03125,0.0194311150864654,3.74079395057299
1.031375,0.018114704230771,3.74150690987834
1.0315,0.0167882511913426,3.74221957671873
1.031625,0.0154524923133905,3.74293191271599
1.03175,0.0141081691087492,3.74364388262424
1.031875,0.01275602784424,3.74435545676007
1.032,0.0113968191273942,3.74506661351052
1.032125,0.010031297489765,3.74577734171872
1.03225,0.00866022096806199,3.74648764272965
1.032375,0.00728435068333847,3.74719753188401
1.0325,0.00590445041846686,3.74790703927977
1.032625,0.0045212861941357,3.74861620967455
1.03275,0.00313562584360408,3.74932510147191
1.032875,0.00174823858644962,3.75003378481373
1.033,0.00035989460154635,3.75074233887857
1.033125,-0.0010286354004902,3.7514508485556
1.03325,-0.00241658060515348,3.75215940071813
1.033375,-0.00380317052195443,3.75286808035561
1.0335,-0.00518763541215044,3.75357696683539
1.033625,-0.00656920671605737,3.75428613055504
1.03375,-0.00794711747970728,3.75499563021262
1.033875,-0.00932060278061527,3.75570551086888
1.034,-0.0106889001524187,3.75641580290589
1.034125,-0.0120512500081535,3.75712652190817
1.03425,-0.0134068960619322,3.75783766941203
1.034375,-0.0147550857487896,3.7585492343971
1.0345,-0.0160950706424635,3.75926119533848
1.034625,-0.0174261068708781,3.75997352260508
1.03475,-0.0187474555290994,3.76068618098302
1.034875,-0.0200583830895331,3.76139913212046
1.035,-0.021358161809139,3.76211233672771
1.035125,-0.0226460701334327,3.7628257564161
1.03525,-0.0239213930970535,3.76353935511291
1.035375,-0.0251834227206739,3.76425310003962
1.0355,-0.0264314584040322,3.76496696228217
1.035625,-0.0276648073148673,3.76568091701029
1.03575,-0.0288827847735436,3.76639494341906
1.035875,-0.0300847146331486,3.76710902447028
1.036,-0.0312699296548547,3.76782314650644
1.036125,-0.0324377718783367,3.76853729879963
1.03625,-0.0335875929870369,3.76925147308431
1.036375,-0.0347187546680792,3.76996566310867
1.0365,-0.0358306289666281,3.77067986422713
1.036625,-0.036922598634499,3.77139407304571
1.03675,-0.0379940574728242,3.77210828712477
1.036875,-0.0390444106685866,3.7728225047378
1.037,-0.0400730751248311,3.77353672468114
1.037125,-0.0410794797843741,3.77425094612766
1.03725,-0.042063065946828,3.77496516851653
1.037375,-0.0430232875787672,3.7756793914718
1.0375,-0.0439596116168617,3.77639361474346
1.037625,-0.0448715182638115,3.77710783816529
1.03775,-0.045758501276916,3.7778220616253
1.037875,-0.0466200682491195,3.77853628504522
1.038,-0.0474557408823757,3.7792505083664
1.038125,-0.0482650552531804,3.7799647315401
1.03825,-0.0490475620701246,3.78067895452088
1.038375,-0.0498028269233242,3.78139317726195
1.0385,-0.0505304305255895,3.78210739971187
1.038625,-0.0512299689451992,3.78282162181226
1.03875,-0.0519010538301502,3.78353584349596
1.038875,-0.0525433126237588,3.78425006468502
1.039,-0.0531563887714933,3.78496428528782
1.039125,-0.0537399419189236,3.78567850519506
1.03925,-0.0542936481006772,3.78639272427486
1.039375,-0.0548171999202978,3.78710694236722
1.0395,-0.0553103067209053,3.78782115927807
1.039625,-0.0557726947465635,3.78853537477238
1.03975,-0.0562041072942656,3.78924958856614
1.039875,-0.056604304856453,3.78996380031678
1.04,-0.0569730652539883,3.79067800961175
1.040125,-0.0573101837595085,3.79139221595478
1.04025,-0.0576154732110907,3.79210641874955
1.040375,-0.0578887641161663,3.79282061728009
1.0405,-0.0581299047456259,3.7935348106874
1.040625,-0.0583387612180641,3.79424899794161
1.04075,-0.0585152175741156,3.7949631778087
1.040875,-0.058659175840842,3.79567734881106
1.041,-0.0587705560861347,3.79639150918049
1.041125,-0.0588492964631016,3.79710565680285
1.04125,-0.0588953532444145,3.79781978915265
1.041375,-0.0589087008465976,3.79853390321661
1.0415,-0.0588893318442437,3.79924799540494
1.041625,-0.0588372569741502,3.79996206144932
1.04175,-0.0587525051293722,3.80067609628747
1.041875,-0.0586351233431968,3.80139009393329
1.042,-0.0584851767630471,3.80210404732933
1.042125,-0.0583027486143294,3.80281794817568
1.04225,-0.058087940154246,3.80353178674617
1.042375,-0.0578408706155965,3.80424555173254
1.0425,-0.0575616771406011,3.80495923014994
1.042625,-0.0572505147047806,3.80567280732601
1.04275,-0.0569075560309379,3.80638626703183
1.042875,-0.0565329914932855,3.80709959186564
1.043,-0.0561270290117749,3.80781276405902
1.043125,-0.0556898939366859,3.80852576695474
1.04325,-0.0552218289235385,3.80923858751665
1.043375,-0.054723093798399,3.80995122037879
1.0435,-0.0541939654136532,3.81066367412026
1.043625,-0.0536347374943277,3.8113759806322
1.04375,-0.0530457204750448,3.81208820849686
1.043875,-0.0524272413277006,3.81280048072332
1.044,-0.0517796433799627,3.81351299413464
1.044125,-0.0511032861246883,3.81422602627487
1.04425,-0.0503985450203675,3.81493988161785
1.044375,-0.0496658112827045,3.81565465587362
1.0445,-0.0489054916674499,3.81636962879067
1.044625,-0.0481180082446068,3.81708225665661
1.04475,-0.0473037981641349,3.81778736703417
1.044875,-0.0464633134132829,3.81847770920422
1.045,-0.0455970205656842,3.81914624715876
1.045125,-0.0447054005223548,3.81978887979027
1.04525,-0.0437889482447372,3.82040570341822
1.045375,-0.0428481724799388,3.82100013826002
1.0455,-0.0418835954783171,3.82157692646385
1.045625,-0.0408957527035685,3.82214046169524
1.04575,-0.0398851925354813,3.82269403337329
1.045875,-0.0388524759655193,3.8232397464482
1.046,-0.0377981762854022,3.82377871479276
1.046125,-0.0367228787688596,3.82431128658734
1.04625,-0.0356271803467308,3.82483721895528
1.046375,-0.0345116892755953,3.82535580220168
1.0465,-0.0333770248001134,3.82586596665027
1.046625,-0.0322238168092688,3.82636641326442
1.04675,-0.0310527054867002,3.82685580020453
1.046875,-0.029864340955319,3.82733298807942
1.047,-0.0286593829164077,3.82779729987481
1.047125,-0.0274385002834019,3.82824871083882
1.04725,-0.0262023708105576,3.82868788630037
1.047375,-0.0249516807167098,3.8291160469699
1.0475,-0.0236871243043328,3.82953472456706
1.047625,-0.022409403574112,3.82994551132413
1.04775,-0.021119227835242,3.83034988041345
1.047875,-0.019817313311667,3.83074909714822
1.048,-0.0185043827444829,3.83114420020393
1.048125,-0.0171811649907202,3.83153602170763
1.04825,-0.0158483946187325,3.83192522220383
1.048375,-0.0145068115004133,3.83231232700284
1.0485,-0.0131571604004685,3.83269775807035
1.048625,-0.0118001905629728,3.83308185982909
1.04875,-0.0104366552954387,3.83346491914327
1.048875,-0.00906731155062941,3.83384718042428
1.049,-0.0076929195063482,3.8342288568975
1.049125,-0.00631424214343685,3.8346101389519
1.04925,-0.00493204482221773,3.8349912003141
1.049375,-0.00354709485761467,3.83537220261392
1.0495,-0.00216016109318845,3.83575329876186
1.049625,-0.000772013474323421,3.83613463544329
1.04975,0.000616577379197956,3.8365163549477
1.049875,0.00200484060099515,3.8368985964869
1.05,0.00339200550602686,3.83728149711126
1.050125,0.00477730201842793,3.83766519230133
1.05025,0.00615996109900842,3.83804981629308
1.050375,0.00753921517217746,3.83843550218485
1.0505,0.00891429855205487,3.83882238187351
1.050625,0.0102844478675341,3.83921058587457
1.05075,0.0116489024860605,3.83960024309808
1.050875,0.0130069049358894,3.83999148067756
1.051,0.01435770132659,3.84038442398626
1.051125,0.0157005417675614,3.84077919702223
1.05125,0.0170346807843283,3.84117592340458
1.051375,0.0183593777323858,3.84157472829774
1.0515,0.0196738972083628,3.84197574167113
1.051625,0.0209775094582762,3.84237910340965
1.05175,0.0222694907826494,3.84278497091633
1.051875,0.0235491239382701,3.84319352998538
1.052,0.0248156985363634,3.84360500985106
1.052125,0.0260685114369612,3.8440197033741
1.05225,0.0273068671392471,3.84443799317619
1.052375,0.0285300781676609,3.8448603838867
1.0525,0.0297374654535479,3.84528753900248
1.052625,0.0309283587121424,3.84572031737668
1.05275,0.0321020968146742,3.84615979821477
1.052875,0.0332580281553932,3.8466072748653
1.053,0.0343955110133069,3.84706419026863
1.053125,0.0355139139084317,3.84753199021001
1.05325,0.0366126159523585,3.84801189689993
1.053375,0.037691007192939,3.84850465457638
1.0535,0.0387484889529013,3.84901034057395
1.053625,0.0397844741622063,3.84952832612495
1.05375,0.0407983876839607,3.85005740653075
1.053875,0.0417896666337062,3.85059604910779
1.054,0.0427577606919062,3.85114267728506
1.054125,0.0437021324094582,3.85169592593936
1.05425,0.0446222575060616,3.85225484413965
1.054375,0.0455176251612743,3.85281906181974
1.0545,0.0463877382980983,3.85338895925624
1.054625,0.0472321138589356,3.85396587200416
1.05475,0.0480502830737617,3.85455231402767
1.054875,0.0488417917203677,3.85515208407781
1.055,0.0496062003765261,3.8557699501058
1.055125,0.0503430846639415,3.85641057044892
1.05525,0.0510520354838492,3.85707677191391
1.055375,0.0517326592441324,3.85776819213814
1.0555,0.0523845780778308,3.85848145925432
1.055625,0.0530074300529194,3.85921174783185
1.05575,0.0536008693732423,3.85995428998999
1.055875,0.0541645665704882,3.86070485102386
1.056,0.0546982086871016,3.86145937783748
1.056125,0.0552014994500295,3.86221367888216
1.05625,0.0556741594352048,3.8629638355615
1.056375,0.0561159262226768,3.86370719836886
1.0565,0.0565265545423022,3.86444303398396
1.056625,0.0569058164099158,3.86517220712525
1.05675,0.0572535012539045,3.86589629211103
1.056875,0.0575694160321158,3.86661683696121
1.057,0.0578533853390346,3.86733504801867
1.057125,0.0581052515031696,3.86805176411901
1.05725,0.0583248746745946,3.86876753665361
1.057375,0.0585121329025968,3.86948271846577
1.0575,0.0586669222033879,3.87019753243466
1.057625,0.0587891566178421,3.87091211834626
1.05775,0.0588787682592272,3.87162656343854
1.057875,0.0589357073509031,3.87234092192394
1.058,0.0589599422539675,3.87305522735597
1.058125,0.0589514594848309,3.87376950042
1.05825,0.0589102637227154,3.87448375381913
1.058375,0.0588363778070679,3.87519799532479
1.0585,0.0587298427248943,3.87591222967325
1.058625,0.0585907175880173,3.87662645973962
1.05875,0.058419079600274,3.87734068726187
1.058875,0.0582150240146683,3.87805491328583
1.059,0.0579786640805052,3.87876913843779
1.059125,0.0577101309805332,3.87948336309064
1.05925,0.0574095737581316,3.88019758746478
1.059375,0.0570771592345829,3.88091181168918
1.0595,0.0567130719164759,3.88162603583824
1.059625,0.0563175138932899,3.88234025995404
1.05975,0.0558907047252199,3.88305448405962
1.059875,0.0554328813213007,3.88376870816699
1.06,0.0549442978079019,3.88448293228183
1.060125,0.0544252253876636,3.88519715640624
1.06025,0.0538759521889527,3.88591138054036
1.060375,0.053296783105923,3.88662560468324
1.0605,0.0526880396292677,3.88733982883315
1.060625,0.0520500596677586,3.8880540529877
1.06075,0.0513831973606707,3.8887682771435
1.060875,0.0506878228811968,3.88948250129544
1.061,0.0499643222309599,3.89019672543538
1.061125,0.0492130970257403,3.89091094954982
1.06125,0.0484345642725326,3.89162517361602
1.061375,0.0476291561380599,3.89233939759547
1.0615,0.0467973197088706,3.89305362142326
1.061625,0.045939516743154,3.89376784499078
1.06175,0.0450562234144096,3.89448206811807
1.061875,0.0441479300471144,3.89519629051031
1.062,0.0432151408445347,3.89591051169055
1.062125,0.0422583736088317,3.8966247308975
1.06225,0.041278159453619,3.89733894693368
1.062375,0.0402750425091297,3.89805315794484
1.0625,0.039249579620157,3.89876736110698
1.062625,0.0382023400369365,3.8994815521921
1.06275,0.037133905099142,3.900195724977
1.062875,0.0360448679131688,3.9009098704511
1.063,0.0349358330228856,3.90162397577354
1.063125,0.0338074160740359,3.90233802293096
1.06325,0.032660243472477,3.90305198705854
1.063375,0.0314949520364448,3.90376583440941
1.0635,0.0303121886430383,3.90447951999407
1.063625,0.0291126098691195,3.90519298496474
1.06375,0.0278968816268292,3.90590615389257
1.063875,0.0266656787939187,3.90661893217363
1.064,0.0254196848391057,3.9073312038958
1.064125,0.02415959144266,3.90804283058487
1.06425,0.02288609811243,3.90875365130284
1.064375,0.0215999117955246,3.90946348456536
1.0645,0.020301746485864,3.91017213245896
1.064625,0.018992322827819,3.91087938716226
1.06475,0.0176723677161579,3.91158503982151
1.064875,0.0163426138925231,3.91228889142239
1.065,0.0150037995386617,3.91299076497741
1.065125,0.0136566678666364,3.91369051807126
1.06525,0.0123019667062425,3.91438805464478
1.065375,0.0109404480898624,3.91508333490334
1.0655,0.0095728678349855,3.91577638242036
1.065625,0.00819998512462792,3.91646728783147
1.06575,0.00682256208588262,3.91715620890643
1.065875,0.00544136336683526,3.91784336715636
1.066,0.00405715571208036,3.91852904141533
1.066125,0.00267070753707315,3.91921355899208
1.06625,0.00128278850155371,3.9198972850213
1.066375,-0.00010583091771994,3.92058061058835
1.0665,-0.0014943798546926,3.92126394010165
1.066625,-0.00288208748194899,3.92194767829083
1.06675,-0.00426818343862972,3.92263221715319
1.066875,-0.00565189825808849,3.92331792317492
1.067,-0.00703246379505315,3.92400512521878
1.067125,-0.0084091136520535,3.92469410357624
1.06725,-0.00978108360487908,3.92538508079317
1.067375,-0.0111476120268307,3.92607821494424
1.0675,-0.0125079403115305,3.92677359600254
1.067625,-0.0138613132940551,3.92747124579175
1.06775,-0.0152069796701591,3.92817112171289
1.067875,-0.0165441924133552,3.92887312404216
1.068,-0.0178722091896199,3.92957710617479
1.068125,-0.0191902927694948,3.93028288683388
1.06825,-0.0204977114373541,3.93099026305705
1.068375,-0.0217937393976114,3.93169902276121
1.0685,-0.0230776571776403,3.93240895586101
1.068625,-0.0243487520271857,3.93311986322587
1.06875,-0.0256063183140424,3.93383156312674
1.068875,-0.0268496579157836,3.93454389516903
1.069,-0.0280780806073198,3.93525672197733
1.069125,-0.0292909044440743,3.93596992906477
1.06925,-0.030487456140562,3.93668342338555
1.069375,-0.0316670714441611,3.93739713105544
1.0695,-0.0328290955038713,3.93811099465834
1.069625,-0.0339728832338523,3.93882497046586
1.06975,-0.0350977996715415,3.93953902579892
1.069875,-0.0362032203301528,3.94025313667025
1.07,-0.0372885315453595,3.94096728577236
1.070125,-0.0383531308159693,3.94168146082247
1.07025,-0.0393964271384032,3.94239565324242
1.070375,-0.0404178413347909,3.94310985713383
1.0705,-0.0414168063745023,3.94382406850178
1.070625,-0.0423927676889352,3.94453828467984
1.07075,-0.0433451834793852,3.94525250391328
1.070875,-0.0442735250178271,3.94596672506297
1.071,-0.0451772769404395,3.94668094739894
1.071125,-0.0460559375337121,3.94739517045911
1.07125,-0.0469090190129736,3.94810939395422
1.071375,-0.0477360477931886,3.94882361770497
1.0715,-0.0485365647518715,3.94953784160099
1.071625,-0.0493101254839718,3.95025206557452
1.07175,-0.0500563005485891,3.95096628958367
1.071875,-0.0507746757073815,3.95168051360193
1.072,-0.0514648521545344,3.95239473761162
1.072125,-0.0521264467381625,3.9531089615998
1.07225,-0.052759092173021,3.95382318555576
1.072375,-0.0533624372444099,3.95453740946937
1.0725,-0.0539361470031561,3.95525163333
1.072625,-0.0544799029515667,3.95596585712563
1.07275,-0.0549934032202488,3.95668008084218
1.072875,-0.055476362735699,3.95739430446281
1.073,-0.0559285133785688,3.95810852796717
1.073125,-0.056349604132518,3.95882275133056
1.07325,-0.0567394012235738,3.95953697452293
1.073375,-0.0570976882499181,3.96025119750771
1.0735,-0.0574242663020308,3.96096542024041
1.073625,-0.0577189540731224,3.96167964266692
1.07375,-0.0579815879597953,3.96239386472155
1.073875,-0.0582120221528764,3.96310808632467
1.074,-0.0584101287183722,3.96382230738004
1.074125,-0.0585757976685007,3.96453652777171
1.07425,-0.0587089370227601,3.96525074736075
1.074375,-0.0588094728590017,3.96596496598171
1.0745,-0.0588773493544777,3.96667918343939
1.074625,-0.0589125288168408,3.96739339950639
1.07475,-0.0589149917050801,3.96810761392263
1.074875,-0.0588847366403791,3.96882182639881
1.075,-0.0588217804068925,3.96953603662688
1.075125,-0.0587261579424388,3.97025024430296
1.07525,-0.0585979223191162,3.9709644491715
1.075375,-0.0584371447138505,3.97167865110733
1.0755,-0.0582439143688931,3.97239285026447
1.075625,-0.0580183385422894,3.97310704733656
1.07575,-0.0577605424483467,3.97382124400115
1.075875,-0.0574706691881329,3.97453544366791
1.076,-0.057148879670047,3.97524965272841
1.076125,-0.0567953525205021,3.97596388262808
1.07625,-0.056410283984774,3.9766781532778
1.076375,-0.0559938878180679,3.97739249863618
1.0765,-0.0555463951668652,3.97810697579252
1.076625,-0.055068054440615,3.97882167966431
1.07675,-0.0545591311738425,3.97953676661822
1.076875,-0.0540199078787511,3.98025249194699
1.077,-0.053450683888398,3.98096926744947
1.077125,-0.0528517751905335,3.98168774252896
1.07725,-0.0522235142521932,3.9824088923399
1.077375,-0.0515662498351427,3.98313403211201
1.0775,-0.0508803468022755,3.98386455689758
1.077625,-0.0501661859150732,3.98460116860057
1.07775,-0.0494241636222394,3.98534273714025
1.077875,-0.0486546918396246,3.98608563841316
1.078,-0.0478581977215651,3.98682426666615
1.078125,-0.0470351234237615,3.98755219961852
1.07825,-0.0461859258578301,3.98826313977706
1.078375,-0.0453110764376623,3.98895176272246
1.0785,-0.0444110608177324,3.98961493496531
1.078625,-0.0434863786235006,3.99025274932477
1.07875,-0.04253754317406,3.99086831883226
1.078875,-0.0415650811971807,3.99146633798947
1.079,-0.0405695325369108,3.99205147845686
1.079125,-0.0395514498538962,3.99262743945679
1.07925,-0.0385113983185838,3.99319669326472
1.079375,-0.0374499552974817,3.99376059892423
1.0795,-0.0363677100326472,3.99431961040129
1.079625,-0.0352652633145828,3.99487346081752
1.07975,-0.0341432271487208,3.99542131034034
1.079875,-0.0330022244156822,3.99596189219556
1.08,-0.0318428885254975,3.99649369820112
1.080125,-0.0306658630659822,3.99701522232843
1.08025,-0.029471801445463,3.99752523900333
1.080375,-0.0282613665300506,3.99802305402968
1.0805,-0.0270352302756626,3.99850865251999
1.080625,-0.0257940733550002,3.99898269209428
1.08075,-0.0245385847796857,3.99944634822919
1.080875,-0.0232694615177698,3.99990107998287
1.081,-0.0219874081068229,4.00034840337284
1.081125,-0.0206931362628228,4.000789729677
1.08125,-0.0193873644850583,4.00122628106391
1.081375,-0.0180708176572664,4.00165906693784
1.0815,-0.0167442266452244,4.00208889657302
1.081625,-0.0154083278910223,4.00251640801074
1.08175,-0.0140638630042381,4.00294210072762
1.081875,-0.0127115783502449,4.00336636579897
1.082,-0.011352224635877,4.00378951118877
1.082125,-0.00998655649268671,4.00421178184302
1.08225,-0.00861533205802086,4.00463337515018
1.082375,-0.00723931255415188,4.00505445260482
1.0825,-0.00585926186569565,4.00547514850048
1.082625,-0.00447594611555116,4.00589557636086
1.08275,-0.00309013323959749,4.00631583367972
1.082875,-0.00170259256038399,4.00673600541207
1.083,-0.000314094360050476,4.00715616655489
1.083125,0.00107459054728549,4.00757638407401
1.08325,0.00246269124343697,4.00799671837335
1.083375,0.0038494371341139,4.00841722445797
1.0835,0.00523405837670991,4.00883795291118
1.083625,0.00661578630767201,4.00925895078449
1.08375,0.00799385386921598,4.00968026248611
1.083875,0.00936749603515056,4.01010193074737
1.084,0.0107359502355741,4.01052399774639
1.084125,0.012098456780208,4.01094650647491
1.08425,0.0134542592801312,4.0113695024479
1.084375,0.0148026050676833,4.011793035878
1.0845,0.0161427456143007,4.01221716447009
1.084625,0.0174739369460564,4.01264195703826
1.08475,0.0187954400566709,4.01306749821126
1.084875,0.020106521317766,4.01349389457533
1.085,0.0214064528861329,4.01392128270565
1.085125,0.0226945131077889,4.01434983965083
1.08525,0.0239699869185996,4.01477979653344
1.085375,0.0252321662412413,4.01521145594959
1.0855,0.026480350378286,4.0156452136569
1.085625,0.02771384640119,4.01608158437596
1.08575,0.028931969534969,4.01652122997417
1.085875,0.0301340435383476,4.01696498531377
1.086,0.0313194010791718,4.01741387230988
1.086125,0.0324873841048753,4.01786908709341
1.08625,0.0336373442077951,4.01833194205413
1.086375,0.0347686429851325,4.01880375047
1.0865,0.0358806523933612,4.01928566195237
1.086625,0.0369727550968832,4.01977848695591
1.08675,0.0380443448107419,4.02028256757946
1.086875,0.0390948266372003,4.02079773975856
1.087,0.0401236173959972,4.02132339440154
1.087125,0.0411301459481003,4.02185861043457
1.08725,0.0421138535127729,4.02240232317427
1.087375,0.0430741939777821,4.02295350717815
1.0875,0.0440106342025733,4.02351137473316
1.087625,0.044922654314244,4.02407559884253
1.08775,0.0458097479961523,4.02464656364624
1.087875,0.0466714227690001,4.02522563138438
1.088,0.0475072002642352,4.02581537011387
1.088125,0.0483166164896188,4.02641957436037
1.08825,0.049099222086814,4.02704276998403
1.088375,0.0498545825808494,4.02768895756091
1.0885,0.0505822786213206,4.02835992292772
1.088625,0.0512819062151964,4.02905422713436
1.08875,0.0519530769510984,4.0297678085677
1.088875,0.0525954182149323,4.03049572495534
1.089,0.0532085733967477,4.03123370298705
1.089125,0.0537922020887154,4.03197878764211
1.08925,0.0543459802741091,4.0327292365546
1.089375,0.0548696005071884,4.03348399416631
1.0895,0.0553627720838823,4.03424193675157
1.089625,0.0558252212031794,4.03500110303742
1.08975,0.0562566911191344,4.03575840619311
1.089875,0.0566569422834062,4.03651035754007
1.09,0.0570257524782499,4.03725451616404
1.090125,0.0573629169398876,4.03799043052379
1.09025,0.0576682484721896,4.0387193053937
1.090375,0.0579415775506036,4.03944298083909
1.0905,0.0581827524162734,4.04016314596861
1.090625,0.0583916391602959,4.04088105584229
1.09075,0.0585681217980677,4.04159755192188
1.090875,0.058712102333683,4.04231317169058
1.091,0.0588235008143432,4.04302825119288
1.091125,0.0589022553747522,4.04374299860625
1.09125,0.0589483222714692,4.04445754233806
1.091375,0.0589616759072017,4.04517196138289
1.0915,0.0589423088450254,4.04588630423314
1.091625,0.0588902318125219,4.04660060059778
1.09175,0.058805473695833,4.04731486864377
1.091875,0.0586880815236343,4.0480291194607
1.092,0.058538120441037,4.04874335980707
1.092125,0.058355673673433,4.04945759379589
1.09225,0.0581408424803028,4.05017182392695
1.092375,0.0578937460990112,4.05088605171804
1.0925,0.057614521678624,4.05160027809011
1.092625,0.0573033242037801,4.05231450360192
1.09275,0.0569603264086629,4.05302872859241
1.092875,0.056585718681118,4.0537429532672
1.093,0.056179708956971,4.05445717775098
1.093125,0.0557425226046027,4.05517140211931
1.09325,0.055274402299848,4.05588562641792
1.093375,0.0547756078912857,4.05659985067435
1.0935,0.0542464162559956,4.057314074905
1.093625,0.0536871211458618,4.05802829911929
1.09375,0.0530980330245088,4.05874252332205
1.093875,0.0524794788949593,4.0594567475146
1.094,0.0518318021181107,4.06017097169494
1.094125,0.0511553622221308,4.06088519585688
1.09425,0.0504505347028781,4.06159941998802
1.094375,0.0497177108154575,4.0623136440657
1.0945,0.0489572973570278,4.06302786805013
1.094625,0.0481697164409803,4.06374209187266
1.09475,0.047355405262616,4.06445631541628
1.094875,0.0465148158564484,4.06517053848377
1.095,0.04564841484527,4.06588476074629
1.095125,0.0447566831811186,4.06659898166138
1.09525,0.0438401158782905,4.06731320034431
1.095375,0.042899221738545,4.06802741536885
1.0955,0.0419345230686568,4.0687416244641
1.095625,0.0409465553904697,4.0694558240609
1.09575,0.0399358671436145,4.07017000862653
1.095875,0.0389030193810555,4.07088416970969
1.096,0.037848585457635,4.07159829460326
1.096125,0.0367731507117875,4.07231236452489
1.09625,0.0356773121406025,4.0730263522153
1.096375,0.0345616780684135,4.07374021886174
1.0965,0.0334268678091001,4.07445391026651
1.096625,0.0322735113222877,4.07516735220849
1.09675,0.0311022488636387,4.07588044501529
1.096875,0.0299137306294264,4.07659305750119
1.097,0.0287086163955914,4.07730502063847
1.097125,0.0274875751514789,4.07801612159487
1.09725,0.0262512847284618,4.07872609905252
1.097375,0.0250004314236546,4.07943464097428
1.0975,0.0237357096189276,4.08014138612777
1.097625,0.0224578213954328,4.08084593062189
1.09775,0.0211674761438552,4.08154784035583
1.097875,0.0198653901706067,4.08224666957377
1.098,0.0185522863001796,4.08294198470356
1.098125,0.0172288934738827,4.08363339152236
1.09825,0.0158959463451802,4.0843205627473
1.098375,0.0145541848718607,4.0850032627328
1.0985,0.01320435390526,4.08568136627379
1.098625,0.0118472027767683,4.08635486952105
1.09875,0.0104834848818496,4.08702389240994
1.098875,0.00911395726180433,4.08768867337281
1.099,0.00773938018350889,4.0883495580966
1.099125,0.00636051671736331,4.08900698453501
1.09925,0.00497813231368295,4.0896614663151
1.099375,0.00359299437776865,4.09031357624482
1.0995,0.00220587184389132,4.09096393101986
1.099625,0.00081753474842762,4.09161317760651
1.09975,-0.000571246197616446,4.09226198124451
1.099875,-0.00195970003645664,4.09291101461876
1.1,-0.0033470559915188,4.09356094750364
1.100125,-0.00473254389532679,4.09421243608548
1.10025,-0.0061153946170525,4.09486611121476
1.100375,-0.00749484048949056,4.09552256503611
1.1005,-0.00887011573522079,4.09618233579724
1.100625,-0.0102404568917218,4.09684589114721
1.10075,-0.0116051032351994,4.09751361086286
1.100875,-0.0129632972028955,4.0981857706007
1.101,-0.0143142848136418,4.09886252880321
1.101125,-0.0156573160864252,4.09954391909256
1.10125,-0.016991645456734,4.1002298501784
1.101375,-0.0183165321904509,4.10092011441985
1.1015,-0.0196312407950659,4.10161440483933
1.101625,-0.0209350414279792,4.10231233891284
1.10175,-0.0222272103016674,4.10301348627915
1.101875,-0.0235070300854889,4.10371739696803
1.102,-0.0247737903039054,4.10442362696651
1.102125,-0.026026787730897,4.10513175878548
1.10225,-0.0272653267803542,4.1058414158415
1.102375,-0.0284887198922276,4.10655227059156
1.1025,-0.0296962879142239,4.1072640472054
1.102625,-0.0308873604788324,4.10797652003226
1.10275,-0.0320612763754771,4.10868950924402
1.102875,-0.0332173839175842,4.10940287491331
1.103,-0.0343550413043632,4.1101165105291
1.103125,-0.0354736169770997,4.11083033665747
1.10325,-0.0365724899697634,4.11154429518419
1.103375,-0.0376510502537352,4.1122583443583
1.1035,-0.0387086990764626,4.11297245470035
1.103625,-0.0397448492938562,4.11368660573907
1.10375,-0.0407589256962415,4.11440078348501
1.103875,-0.0417503653276853,4.11511497852533
1.104,-0.0427186177985206,4.115829184621
1.104125,-0.0436631455908948,4.11654339769638
1.10425,-0.044583424357173,4.11725761512623
1.104375,-0.0454789432110296,4.1179718352423
1.1045,-0.0463492050110676,4.11868605699803
1.104625,-0.0471937266368074,4.11940027974479
1.10475,-0.0480120392568924,4.12011450308489
1.104875,-0.048803688589362,4.12082872677687
1.105,-0.0495682351538481,4.12154295067528
1.105125,-0.0503052545155542,4.12225717469314
1.10525,-0.0510143375208833,4.12297139877864
1.105375,-0.0516950905245814,4.12368562290105
1.1055,-0.052347135608273,4.12439984704201
1.105625,-0.0529701107902652,4.12511407119043
1.10575,-0.0535636702265054,4.12582829533929
1.105875,-0.0541274844025802,4.12654251948383
1.106,-0.0546612403166493,4.12725674362045
1.106125,-0.0551646416532123,4.12797096774594
1.10625,-0.0556374089476133,4.12868519185715
1.106375,-0.05607927974119,4.12939941595063
1.1065,-0.0564900087269823,4.13011364002245
1.106625,-0.0568693678859203,4.13082786406795
1.10675,-0.0572171466134141,4.13154208808169
1.106875,-0.0575331518362769,4.13225631205716
1.107,-0.0578172081199153,4.1329705359868
1.107125,-0.058069157765728,4.13368475986183
1.10725,-0.0582888608986591,4.1343989836724
1.107375,-0.0584761955448555,4.13511320740784
1.1075,-0.0586310576993887,4.13582743105749
1.107625,-0.0587533613839991,4.13654165461226
1.10775,-0.0588430386948352,4.13725587806761
1.107875,-0.0589000398401573,4.13797010142901
1.108,-0.0589243331679876,4.13868432472153
1.108125,-0.0589159051836895,4.13939854800653
1.10825,-0.0588747605574675,4.14011277141018
1.108375,-0.0588009221217828,4.14082699517186
1.1085,-0.0586944308586867,4.14154121972584
1.108625,-0.058555345877078,4.14225544583899
1.10875,-0.0583837443798977,4.14296967484135
1.108875,-0.0581797216212791,4.1436839090107
1.109,-0.0579433908536765,4.14439815221128
1.109125,-0.0576748832650032,4.14511241095104
1.10925,-0.0573743479058112,4.14582669612663
1.109375,-0.0570419516065569,4.14654102589431
1.1095,-0.056677878884994,4.14725543037922
1.109625,-0.0562823318437494,4.14796995937796
1.10975,-0.0558555300581358,4.14868469492149
1.109875,-0.0553977104542652,4.14939977169359
1.11,-0.0549091271775295,4.15011540998656
1.110125,-0.0543900514515229,4.15083196792434
1.11025,-0.0538407714274826,4.15155002011767
1.110375,-0.0532615920243326,4.15227046057427
1.1105,-0.0526528347594191,4.15299458644391
1.110625,-0.0520148375700313,4.15372401786624
1.11075,-0.0513479546258066,4.15446020429693
1.110875,-0.0506525561321248,4.15520345288848
1.111,-0.0499290281245999,4.15595209428752
1.111125,-0.0491777722547842,4.15670271730164
1.11125,-0.0483992055672026,4.15745132578688
1.111375,-0.0475937602678423,4.15819416965655
1.1115,-0.0467618834842251,4.15892760372669
1.111625,-0.0459040370171967,4.15964753183726
1.11175,-0.0450206970845692,4.1603493516516
1.111875,-0.0441123540567613,4.16102890180505
1.112,-0.0431795121845803,4.16168403141323
1.112125,-0.0422226893192998,4.1623155883739
1.11225,-0.0412424166251864,4.1629269593033
1.112375,-0.0402392382846353,4.1635226087513
1.1125,-0.0392137111960801,4.16410669854257
1.112625,-0.0381664046648422,4.16468236545785
1.11275,-0.0370979000870929,4.1652515751908
1.112875,-0.0360087906271036,4.16581525627396
1.113,-0.0348996808879621,4.1663735078492
1.113125,-0.0337711865759395,4.166925806639
1.11325,-0.0326239341586926,4.16747120942526
1.113375,-0.0314585605174923,4.16800855942469
1.1135,-0.0302757125936708,4.16853669062463
1.113625,-0.0290760470294838,4.16905461530685
1.11375,-0.027860229803587,4.16956168149782
1.113875,-0.0266289358613304,4.17005768336622
1.114,-0.0253828487400734,4.17054290193783
1.114125,-0.0241226601897307,4.171018063013
1.11425,-0.0228490697887588,4.17148422304709
1.114375,-0.0215627845557964,4.17194261698639
1.1145,-0.0202645185571742,4.17239451056469
1.114625,-0.0189549925105123,4.17284108893137
1.11475,-0.0176349333846245,4.17328339273681
1.114875,-0.0163050739959531,4.1737222954642
1.115,-0.0149661526017561,4.17415850827397
1.115125,-0.0136189124902749,4.17459259908698
1.11525,-0.0122641015681081,4.17502501651933
1.115375,-0.0109024719450218,4.17545611332525
1.1155,-0.00953477951642618,4.17588616692656
1.115625,-0.00816178354375017,4.17631539632694
1.11575,-0.00678424623294784,4.17674397556347
1.115875,-0.00540293231136943,4.17717204418812
1.116,-0.00401860860323276,4.17759971534784
1.116125,-0.00263204360393036,4.17802708199
1.11625,-0.00124400705340865,4.17845422163777
1.116375,0.00014473049114394,4.17888120009399
1.1165,0.00153339808306275,4.17930807435583
1.116625,0.00292122481418904,4.17973489496159
1.11675,0.00430744024283094,4.1801617079445
1.116875,0.00569127482146566,4.18058855653483
1.117,0.00707196032394552,4.18101548272901
1.117125,0.00844873027197052,4.18144252883218
1.11725,0.00982082036059091,4.18186973907578
1.117375,0.0111874688825033,4.18229716141688
1.1175,0.0125479171509052,4.18272484963856
1.117625,0.0139014099206724,4.18315286589363
1.11775,0.0152471958076264,4.18358128386804
1.117875,0.0165845277056586,4.18401019278703
1.118,0.0179126632014796,4.1844397025475
1.118125,0.0192308649867632,4.18486995033316
1.11825,0.0205384012674576,4.18530110914694
1.118375,0.0218345461700346,4.18573339875756
1.1185,0.0231185801444523,4.18616709955654
1.118625,0.0243897903636087,4.18660256966132
1.11875,0.0256474711190616,4.1870402651009
1.118875,0.0268909242127982,4.18748076179671
1.119,0.0281194593448349,4.18792477593522
1.119125,0.029332394496433,4.18837317598141
1.11925,0.0305290563087169,4.1888269754678
1.119375,0.0317087804564857,4.1892872929689
1.1195,0.0328709120170095,4.18975526881781
1.119625,0.0340148058336061,4.19023194201515
1.11975,0.0351398268737972,4.19071811420111
1.119875,0.0362453505818431,4.19121424648478
1.12,0.0373307632254624,4.19172042882572
1.120125,0.0383954622365434,4.19223642712094
1.12025,0.0394388565456573,4.19276177738863
1.120375,0.0404603669101888,4.193295890826
1.1205,0.0414594262359006,4.19383815541901
1.120625,0.0424354798917554,4.1943880422782
1.12075,0.0433879860178172,4.19494523827475
1.120875,0.0443164158260647,4.19550983378996
1.121,0.0452202538939475,4.19608258018136
1.121125,0.0460989984505223,4.19666518084709
1.12125,0.0469521616550115,4.19726049258662
1.121375,0.0477792698676279,4.19787239638458
1.1215,0.0485798639125168,4.19850503789383
1.121625,0.049353499332668,4.19916139320935
1.12175,0.0500997466366573,4.19984180289295
1.121875,0.0508181915370802,4.20054358458631
1.122,0.0515084351805449,4.20126212740407
1.122125,0.0521700943690979,4.20199257618735
1.12225,0.0528028017729585,4.20273099740403
1.122375,0.0534062061344441,4.20347474183682
1.1225,0.0539799724629738,4.20422231433727
1.122625,0.0545237822210413,4.20497306892321
1.12275,0.0550373335010542,4.20572683703094
1.122875,0.0555203411929415,4.20648343827533
1.123,0.0559725371424359,4.20724203245645
1.123125,0.056393670299944,4.20800054118247
1.12325,0.0567835068599205,4.20875574210659
1.123375,0.0571418303906695,4.20950442756355
1.1235,0.0574684419545018,4.21024490389129
1.123625,0.0577631602181796,4.2109774967127
1.12375,0.058025821553589,4.21170381244211
1.123875,0.0582562801285837,4.21242570675761
1.124,0.0584544079879489,4.2131447025709
1.124125,0.058620095124442,4.21386186767245
1.12425,0.058753249539869,4.21457789636302
1.124375,0.0588537972961633,4.21529322500876
1.1245,0.0589216825564395,4.21600812397503
1.124625,0.0589568676159975,4.21672275978222
1.12475,0.0589593329232615,4.21743723469576
1.124875,0.058929077090641,4.21815161139777
1.125,0.0588661168953086,4.21886592824216
1.125125,0.0587704872698937,4.21958020865787
1.12525,0.0586422412830972,4.22029446693363
1.125375,0.0584814501102387,4.22100871177053
1.1255,0.0582882029937513,4.22172294845939
1.125625,0.0580626071936471,4.22243718021298
1.12575,0.0578047879279802,4.22315140897965
1.125875,0.0575148883033409,4.22386563593963
1.126,0.0571930692354181,4.22457986180725
1.126125,0.0568395093596768,4.22529408701463
1.12625,0.0564544049321972,4.22600831182302
1.126375,0.0560379697207327,4.2267225363903
1.1265,0.0555904348860458,4.22743676081175
1.126625,0.0551120488535893,4.2281509851448
1.12675,0.054603077175602,4.22886520942388
1.126875,0.0540638023836979,4.22957943366937
1.127,0.053494523832028,4.23029365789277
1.127125,0.0528955575311046,4.23100788209961
1.12725,0.0522672359723776,4.23172210629064
1.127375,0.0516099079436628,4.23243633046171
1.1275,0.0509239383355225,4.23315055460218
1.127625,0.0502097079387067,4.23386477869136
1.12775,0.0494676132327682,4.23457900269195
1.127875,0.0486980661659673,4.23529322653883
1.128,0.04790149392659,4.23600745012002
1.128125,0.0470783387058044,4.23672167324536
1.12825,0.04622905745219,4.23743589559545
1.128375,0.0453541216180733,4.23815011663951
1.1285,0.0444540168978121,4.23886433550509
1.128625,0.0435292429581733,4.23957855077414
1.12875,0.0425803131609543,4.24029276016856
1.128875,0.0416077542780009,4.24100696007282
1.129,0.0406121061987814,4.24172114482106
1.129125,0.0395939216306784,4.24243530565208
1.12925,0.0385537657921641,4.24314942920742
1.129375,0.0374922160990307,4.24386349542035
1.1295,0.0364098618438493,4.24457747462409
1.129625,0.0353073038688355,4.2452913237106
1.12975,0.034185154232303,4.24600498120868
1.129875,0.0330440358688906,4.24671836122927
1.13,0.0318845822437516,4.24743134634877
1.130125,0.0307074370008965,4.24814377966369
1.13025,0.0295132536058853,4.24885545645896
1.130375,0.0283026949830675,4.24956611622054
1.1305,0.0270764331475706,4.25027543610732
1.130625,0.0258351488322417,4.2509830274198
1.13075,0.0245795311097503,4.25168843691444
1.130875,0.0233102770100602,4.25239115481877
1.131,0.022028091133484,4.25309063092763
1.131125,0.0207336852595356,4.25378629911771
1.13125,0.0194277779517965,4.25447760908158
1.131375,0.0181110941590153,4.25516406236294
1.1315,0.0167843648126639,4.25584524837959
1.131625,0.0154483264211707,4.2565208755905
1.13175,0.0141037206610588,4.25719079360564
1.131875,0.0127512939652142,4.25785500373356
1.132,0.0113917971085142,4.25851365768064
1.132125,0.0100259847910447,4.25916704616406
1.13225,0.00865461521913823,4.25981558053028
1.132375,0.00727844968446568,4.26045977088361
1.1325,0.00589825214141506,4.26110020385661
1.132625,0.00451478878299169,4.26173752231109
1.13275,0.00312882761547565,4.2623724082735
1.132875,0.00174113803207239,4.2630055695147
1.133,0.000352490385793276,4.26363772949504
1.133125,-0.0010363444381969,4.26426961992845
1.13325,-0.00242459545052796,4.26490197493926
1.133375,-0.00381149198563037,4.2655355256452
1.1335,-0.00519626412956176,4.26617099396222
1.133625,-0.00657814314741626,4.2668090844827
1.13375,-0.00795636191007951,4.26745047344559
1.133875,-0.00933015532009242,4.2680957941383
1.134,-0.0106987607363872,4.2687456185951
1.134125,-0.0120614183976598,4.26940043621404
1.13425,-0.0134173718441444,4.27006063086876
1.134375,-0.0147658683375541,4.27072645910058
1.1345,-0.0161061592789572,4.27139803277066
1.134625,-0.0174375006243548,4.27207530977673
1.13475,-0.0187591532977301,4.27275809578579
1.134875,-0.0200703836013402,4.27344605832976
1.135,-0.0213704636230222,4.27413875235927
1.135125,-0.0226586716402875,4.27483565409775
1.13525,-0.0239342925209803,4.27553619851247
1.135375,-0.025196618120278,4.27623981539111
1.1355,-0.0264449476738121,4.27694595987555
1.135625,-0.0276785881866923,4.27765413493269
1.13575,-0.0288968548182185,4.27836390504005
1.135875,-0.0300990712620645,4.27907490183735
1.136,-0.0312845701217261,4.27978682339888
1.136125,-0.0324526932810211,4.2804994291085
1.13625,-0.0336027922694394,4.28121253201191
1.136375,-0.0347342286221372,4.28192599016648
1.1365,-0.0358463742343777,4.28263969807111
1.136625,-0.0369386117102198,4.28335357884535
1.13675,-0.0380103347052631,4.28406757749561
1.136875,-0.0390609482632569,4.28478165537005
1.137,-0.0400898691463877,4.28549578575451
1.137125,-0.0410965261590616,4.28620995048003
1.13725,-0.0420803604650019,4.28692413737876
1.137375,-0.0430408258974845,4.28763833842152
1.1375,-0.043977389262542,4.28835254838409
1.137625,-0.0448895306349643,4.28906676391195
1.13775,-0.0457767436469345,4.28978098287732
1.137875,-0.0466385357691384,4.29049520394561
1.138,-0.0474744285841915,4.29120942628834
1.138125,-0.0482839580522322,4.29192364939617
1.13825,-0.0490666747685342,4.29263787295891
1.138375,-0.0498221442129928,4.29335209678946
1.1385,-0.0505499469913505,4.29406632077601
1.138625,-0.0512496790680236,4.29478054485237
1.13875,-0.0519209519904044,4.29549476897969
1.138875,-0.0525633931045115,4.29620899313534
1.139,-0.0531766457618703,4.2969232173062
1.139125,-0.0537603695175086,4.29763744148462
1.13925,-0.0543142403189565,4.29835166566611
1.139375,-0.0548379506861462,4.29906588984791
1.1395,-0.0553312098821128,4.29978011402822
1.139625,-0.0557937440743989,4.30049433820573
1.13975,-0.0562252964870767,4.30120856237933
1.139875,-0.0566256275432997,4.30192278654803
1.14,-0.0569945149983078,4.30263701071085
1.140125,-0.0573317540628099,4.30335123486685
1.14025,-0.0576371575166772,4.30406545901522
1.140375,-0.0579105558128821,4.30477968315549
1.1405,-0.0581517971716273,4.30549390728787
1.140625,-0.0583607476646107,4.30620813141399
1.14075,-0.0585372912893806,4.30692235553802
1.140875,-0.0586813300337399,4.30763657966881
1.141,-0.0587927839301628,4.30835080382335
1.141125,-0.0588715911001942,4.30906502803276
1.14125,-0.0589177077888077,4.30977925235238
1.141375,-0.0589311083887017,4.31049347687875
1.1415,-0.0589117854545222,4.31120770177801
1.141625,-0.0588597497070017,4.31192192733338
1.14175,-0.0587750300270149,4.3126361540243
1.141875,-0.058657673439552,4.31335038265827
1.142,-0.0585077450876196,4.31406461458973
1.142125,-0.0583253281960841,4.31477885208267
1.14225,-0.0581105240254765,4.31549309890921
1.142375,-0.0578634518157856,4.31620736133545
1.1425,-0.057584248720269,4.31692164974041
1.142625,-0.0572730697293209,4.31763598126744
1.14275,-0.0569300875844371,4.31835038415507
1.142875,-0.0565554926823256,4.31906490479388
1.143,-0.0561494929692165,4.31977961919912
1.143125,-0.0557123138254291,4.32049465161153
1.14325,-0.0552441979402608,4.32121020448861
1.143375,-0.0547454051772666,4.32192660612741
1.1435,-0.0542162124300053,4.32264438308697
1.143625,-0.0536569134683308,4.32336435795936
1.14375,-0.0530678187753152,4.32408774027273
1.143875,-0.0524492553748934,4.32481609162547
1.144,-0.0518015666503252,4.32555093841863
1.144125,-0.0511251121535755,4.32629292069954
1.14425,-0.0504202674057192,4.3270409619226
1.144375,-0.0496874236884801,4.32779237960704
1.1445,-0.0489269878270208,4.32854400432202
1.144625,-0.0481393819641037,4.3292931772666
1.14475,-0.0473250433257487,4.33003780542005
1.144875,-0.046484423978517,4.33077573349367
1.145,-0.0456179905785567,4.33150406045613
1.145125,-0.0447262241125494,4.33221885430079
1.14525,-0.0438096196307,4.33291558453998
1.145375,-0.0428686859719206,4.33359036753992
1.1455,-0.0419039454813587,4.33424148110181
1.145625,-0.0409159337204283,4.33487007022526
1.14575,-0.039905199169503,4.33547950070727
1.145875,-0.038872302923438,4.33607395423981
1.146,-0.037817818380089,4.33665721311241
1.146125,-0.0367423309220007,4.33723205893471
1.14625,-0.0356464375914429,4.33780017500439
1.146375,-0.0345307467589726,4.33836229802118
1.1465,-0.0333958777857084,4.33891844875029
1.146625,-0.0322424606795022,4.33946816923058
1.14675,-0.0310711357452015,4.34001073745996
1.146875,-0.0298825532291949,4.34054534233957
1.147,-0.0286773729584382,4.34107121572013
1.147125,-0.0274562639741622,4.34158773307466
1.14725,-0.0262199041604654,4.34209449358443
1.147375,-0.0249689798679967,4.34259138104561
1.1475,-0.0237041855329389,4.34307859948689
1.147625,-0.0224262232915028,4.34355667141033
1.14775,-0.0211358025901465,4.34402638896657
1.147875,-0.019833639791737,4.34448872449974
1.148,-0.0185204577778716,4.344944724523
1.148125,-0.0171969855475802,4.34539541498808
1.14825,-0.0158639578126323,4.34584173522641
1.148375,-0.014522114589671,4.34628450365638
1.1485,-0.0131722007894038,4.34672440887485
1.148625,-0.0118149658030748,4.34716201680808
1.14875,-0.0104511630864502,4.34759778581188
1.148875,-0.00908154974154692,4.34803208422431
1.149,-0.00770688609633751,4.3484652072858
1.149125,-0.0063279352826633,4.3488973920279
1.14925,-0.00494546281259136,4.34932882972658
1.149375,-0.00356023615344976,4.3497596760219
1.1495,-0.00217302430177737,4.35019005901806
1.149625,-0.000784597356424474,4.35062008573409
1.14975,0.00060427390895863,4.3510498472591
1.149875,0.0019928184738078,4.35147942292186
1.15,0.00338026549866841,4.35190888373672
1.150125,0.0047658447531184,4.35233829534463
1.15025,0.00614878704335323,4.35276772063551
1.150375,0.00752832463919564,4.35319722221588
1.1505,0.00890369170029298,4.35362686487387
1.150625,0.0102741247012656,4.35405671819341
1.15075,0.0116388628555701,4.35448685947837
1.150875,0.0129971485378426,4.35491737716781
1.151,0.0143482277044869,4.35534837495426
1.151125,0.0156913503122748,4.35577997685596
1.15125,0.0170257707347252,4.3562123335393
1.151375,0.0183507481760321,4.35664563022597
1.1515,0.0196655470823108,4.35708009653003
1.151625,0.0209694375499337,4.35751601850503
1.15175,0.0222616957307306,4.35795375295682
1.151875,0.0235416042338268,4.35839374355411
1.152,0.0248084525238964,4.35883653724396
1.152125,0.026061537315611,4.3592827977452
1.15225,0.0273001629640625,4.35973331040656
1.152375,0.0285236418509454,4.36018897002146
1.1525,0.0297312947662832,4.36065074199114
1.152625,0.0309224512854867,4.36111959058828
1.15275,0.0320964501415362,4.36159637894903
1.152875,0.0332526395920787,4.3620817626019
1.153,0.0343903777812393,4.36257611244904
1.153125,0.0355090330959432,4.36307949991627
1.15325,0.0366079845165522,4.36359175118999
1.153375,0.0376866219616199,4.3641125441689
1.1535,0.0387443466265758,4.36464150726116
1.153625,0.0397805713161483,4.36517829560107
1.15375,0.0407947207703434,4.36572265180605
1.153875,0.0417862319837981,4.36627447793915
1.154,0.04275455451833,4.36683394682297
1.154125,0.0436991508085116,4.36740167705767
1.15425,0.0446194964600976,4.36797897596399
1.154375,0.0455150805411407,4.36856808567385
1.1545,0.0463854058656347,4.36917224972415
1.154625,0.0472299892695256,4.36979531686308
1.15475,0.0480483618789398,4.37044068657124
1.154875,0.0488400693704784,4.37110987053554
1.155,0.0496046722234349,4.37180156014323
1.155125,0.0503417459637948,4.37251200043573
1.15525,0.0510508813998823,4.37323640540765
1.155375,0.0517316848495238,4.3739703578371
1.1555,0.052383778358601,4.37471051648052
1.155625,0.0530067999108731,4.37545469726527
1.15575,0.0536004036289509,4.37620166951757
1.155875,0.0541642599663124,4.37695090345986
1.156,0.0546980558902517,4.37770233618879
1.156125,0.0552014950556614,4.378456104828
1.15625,0.0556742979695502,4.3792121410375
1.156375,0.0561162021462059,4.37996959426696
1.1565,0.056526962252917,4.38072635465557
1.156625,0.0569063502461717,4.38147929269858
1.15675,0.0572541554982592,4.38222550418047
1.156875,0.0575701849142033,4.38296369794049
1.157,0.0578542630389619,4.38369447695239
1.157125,0.0581062321548351,4.38441950396574
1.15725,0.0583259523690256,4.38514054565765
1.157375,0.0585133016913047,4.38585899891039
1.1575,0.0586681761017392,4.38657582506146
1.157625,0.0587904896084429,4.38729164359688
1.15775,0.0588801742953193,4.38800684226974
1.157875,0.0589371803597708,4.38872166087761
1.158,0.0589614761403512,4.38943624696656
1.158125,0.0589530481343484,4.39015069108042
1.15825,0.0589119010052858,4.39086504867207
1.158375,0.0588380575803389,4.39157935363841
1.1585,0.0587315588376692,4.3922936266591
1.158625,0.0585924638836813,4.39300788032493
1.15875,0.0584208499202159,4.39372212228612
1.158875,0.0582168122016981,4.39443635718139
1.159,0.0579804639822639,4.39515058781763
1.159125,0.0577119364528932,4.39586481588985
1.15925,0.0574113786685873,4.39657904241968
1.159375,0.0570789574656272,4.39729326802202
1.1595,0.0567148573689629,4.39800749306661
1.159625,0.0563192804897809,4.39872171777566
1.15975,0.0558924464133109,4.39943594228266
1.159875,0.0554345920769301,4.40015016666777
1.16,0.0549459716386362,4.40086439097905
1.160125,0.054426856335959,4.40157861524515
1.16025,0.0538775343353921,4.40229283948286
1.160375,0.0532983105724248,4.40300706370143
1.1605,0.0526895065822665,4.4037212879049
1.160625,0.0520514603213549,4.40443551209289
1.16075,0.051384525979748,4.40514973626019
1.160875,0.050689073784505,4.40586396039488
1.161,0.0499654897941634,4.40657818447438
1.161125,0.0492141756844281,4.40729240845843
1.16125,0.0484355485251902,4.40800663227707
1.161375,0.0476300405489999,4.40872085581041
1.1615,0.0467980989111226,4.40943507885553
1.161625,0.0459401854413095,4.41014930107259
1.16175,0.0450567763874231,4.41086352189855
1.161875,0.0441483621510574,4.41157774041087
1.162,0.0432154470153019,4.41229195511501
1.162125,0.0422585488647978,4.41300616361807
1.16225,0.041278198898245,4.41372036213533
1.162375,0.0402749413335168,4.41443454475607
1.1625,0.0392493331055474,4.41514870237089
1.162625,0.0382019435571597,4.4158628211345
1.16275,0.0371333541230044,4.41657688030941
1.162875,0.0360441580067871,4.41729084931327
1.163,0.0349349598519611,4.41800468378658
1.163125,0.0338063754060699,4.4187183205301
1.16325,0.0326590311789252,4.41943167125039
1.163375,0.0314935640948102,4.42014461520952
1.1635,0.0303106211389013,4.42085699110209
1.163625,0.0291108589981044,4.42156858875929
1.16375,0.0278949436965056,4.42227914157845
1.163875,0.0266635502256379,4.42298832087825
1.164,0.02541736216977,4.4236957336662
1.164125,0.0241570713264248,4.4244009254995
1.16425,0.0228833773223377,4.42510339005682
1.164375,0.0215969872250696,4.42580258652424
1.1645,0.0202986151504878,4.42649796483592
1.164625,0.018988981866335,4.42718899730812
1.16475,0.017668814392105,4.42787521360916
1.164875,0.0163388455954477,4.4285562348251
1.165,0.0149998137853276,4.42923180208911
1.165125,0.0136524623021612,4.42990179605501
1.16525,0.0122975391051615,4.43056624521366
1.165375,0.0109357963571184,4.43122532313615
1.1655,0.00956799000684426,4.43187933654488
1.165625,0.00819487936951942,4.43252870721258
1.16575,0.00681722670516716,4.43317395094541
1.165875,0.00543579679549459,4.43381565647954
1.166,0.00405135651933333,4.43445446630701
1.166125,0.00266467442691577,4.43509106053557
1.16625,0.00127652031322352,4.43572614407329
1.166375,-0.000112335209355453,4.43636043680437
1.1665,-0.00150112113882347,4.43699466599733
1.166625,-0.00288906651158623,4.43762955993253
1.16675,-0.00427540083044475,4.43826584161347
1.166875,-0.00565935449232846,4.43890422141074
1.167,-0.00704015921553209,4.4395453875781
1.167125,-0.00841704846621913,4.44018999380023
1.16725,-0.00978925788395513,4.44083864332301
1.167375,-0.0111560257060345,4.44149186981658
1.1675,-0.0125165931903656,4.44215011593207
1.167625,-0.0138702050366786,4.44281371146039
1.16775,-0.0152161098058233,4.44348285390043
1.167875,-0.0165535603369232,4.44415759480214
1.168,-0.0178818141621551,4.44483783513796
1.168125,-0.019200133918923,4.44552333195956
1.16825,-0.0205077877591984,4.44621371678406
1.168375,-0.0218040497557993,4.44690852395014
1.1685,-0.0230882003053823,4.44760722525683
1.168625,-0.024359526527924,4.44830926616524
1.16875,-0.025617322662471,4.44901409898619
1.168875,-0.0268608904589369,4.44972120962634
1.169,-0.0280895395657303,4.45043013613422
1.169125,-0.0293025879129986,4.45114047892771
1.16925,-0.0304993620912732,4.45185190380598
1.169375,-0.0316791977253085,4.45256413950365
1.1695,-0.0328414398429047,4.453276971689
1.169625,-0.0339854432385112,4.45399023509957
1.16975,-0.0351105728314082,4.45470380512573
1.169875,-0.0362162040182675,4.45541758973385
1.17,-0.0373017230198974,4.4561315222508
1.170125,-0.0383665272219783,4.45684555524674
1.17025,-0.0394100255096008,4.45755965555816
1.170375,-0.0404316385954198,4.45827380037388
1.1705,-0.0414307993412428,4.4589879742458
1.170625,-0.042406953072874,4.45970216686461
1.17075,-0.0433595578880393,4.46041637144412
1.170875,-0.0442880849572205,4.46113058357363
1.171,-0.0451920188172334,4.46184480042005
1.171125,-0.0460708576573852,4.46255902018357
1.17125,-0.046924113598053,4.46327324173292
1.171375,-0.0477513129615285,4.46398746436442
1.1715,-0.0485519965349796,4.46470168764496
1.171625,-0.049325719825381,4.46541591131076
1.17175,-0.0500720533062739,4.46613013520291
1.171875,-0.0507905826562171,4.46684435922666
1.172,-0.0514809089887975,4.46755858332611
1.172125,-0.0521426490740714,4.46827280746862
1.17225,-0.0527754355513156,4.46898703163528
1.172375,-0.0533789171329672,4.46970125581523
1.1725,-0.0539527587996423,4.47041548000227
1.172625,-0.0544966419861226,4.47112970419285
1.17275,-0.0550102647582082,4.47184392838495
1.172875,-0.0554933419803373,4.47255815257736
1.173,-0.0559456054738816,4.47327237676935
1.173125,-0.0563668041660266,4.47398660096049
1.17325,-0.0567567042291574,4.47470082515051
1.173375,-0.0571150892106699,4.47541504933932
1.1735,-0.0574417601531374,4.47612927352711
1.173625,-0.0577365357047642,4.47684349771445
1.17375,-0.0579992522200662,4.47755772190262
1.173875,-0.0582297638507216,4.47827194609414
1.174,-0.0584279426265424,4.47898617029366
1.174125,-0.0585936785265203,4.47970039450944
1.17425,-0.0587268795399086,4.48041461875593
1.174375,-0.0588274717173065,4.48112884305801
1.1745,-0.0588953992117157,4.48184306745821
1.174625,-0.0589306243095489,4.48255729202865
1.17475,-0.0589331274515705,4.48327151689107
1.174875,-0.0589029072437605,4.48398574225019
1.175,-0.0588399804580928,4.48469996844905
1.175125,-0.0587443820232298,4.4854141960612
1.17525,-0.058616165005137,4.48612842604337
1.175375,-0.0584554005776294,4.48684265998809
1.1755,-0.0582621779828648,4.48755690054021
1.175625,-0.058036604481807,4.48827115208192
1.17575,-0.0577788052946865,4.48898542185603
1.175875,-0.0574889235314904,4.48969972180249
1.176,-0.0571671201125216,4.49041407155205
1.176125,-0.0568135736790704,4.49112850329236
1.17625,-0.0564284804942491,4.49184306965709
1.176375,-0.056012054334043,4.49255785648482
1.1765,-0.0555645263686404,4.49327300338401
1.176625,-0.0550861450341052,4.49398873662793
1.17675,-0.0545771758944656,4.49470542065189
1.176875,-0.0540379014942939,4.49542363398635
1.177,-0.0534686212018592,4.49614426406883
1.177125,-0.0528696510429414,4.49686857184965
1.17725,-0.0522413235253974,4.49759808275287
1.177375,-0.0515839874545777,4.49833409403065
1.1775,-0.0508980077396952,4.49907682852365
1.177625,-0.0501837651912545,4.49982487834067
1.17775,-0.0494416563096532,4.50057566967572
1.177875,-0.0486720930650736,4.50132660285735
1.178,-0.0478755026687863,4.50207577052989
1.178125,-0.0470523273359926,4.50282182741132
1.17825,-0.0462030240403373,4.50356340640678
1.178375,-0.0453280642602298,4.50429852726541
1.1785,-0.0444279337171109,4.50502420946937
1.178625,-0.0435031321058145,4.50573645464253
1.17875,-0.0425541728171713,4.50643082922454
1.178875,-0.0415815826530087,4.50710369777154
1.179,-0.0405859015337068,4.50775356919944
1.179125,-0.0395676821984708,4.50838162403143
1.17925,-0.0385274898984874,4.5089910444121
1.179375,-0.0374659020831355,4.50958572449848
1.1795,-0.0363835080794244,4.5101691781215
1.179625,-0.0352809087648388,4.51074399793493
1.17975,-0.0341587162337716,4.51131177229211
1.179875,-0.0330175534577293,4.51187324091038
1.18,-0.0318580539394991,4.51242853069005
1.180125,-0.0306808613614695,4.51297738810114
1.18025,-0.0294866292283005,4.51351936665526
1.180375,-0.0282760205041395,4.51405395669413
1.1805,-0.0270497072445871,4.51458066871555
1.180625,-0.0258083702236154,4.51509908909456
1.18075,-0.0245526985556455,4.51560892244711
1.180875,-0.0232833893129962,4.5161100308586
1.181,-0.0220011471389137,4.51660247270025
1.181125,-0.0207066838563989,4.51708653019086
1.18125,-0.0194007180730483,4.51756270830469
1.181375,-0.0180839747821291,4.51803169689349
1.1815,-0.0167571849601088,4.51849430479981
1.181625,-0.0154210851608628,4.51895138539924
1.18175,-0.0140764171067871,4.51940377195733
1.181875,-0.0127239272770395,4.51985223276806
1.182,-0.0113643664931421,4.52029744721824
1.182125,-0.0099984895021717,4.52073999859939
1.18225,-0.00862705455777142,4.52118037790055
1.182375,-0.00725082299921555,4.5216189934977
1.1825,-0.00587055882876116,4.52205618314087
1.182625,-0.00448702828752143,4.52249222607091
1.18275,-0.00310099943009594,4.52292735416046
1.182875,-0.00171324169819408,4.52336176165047
1.183,-0.000324525493488335,4.52379561343671
1.183125,0.00106437825006542,4.52422905205147
1.18325,0.00245269849420331,4.52466220356573
1.183375,0.00383966452438679,4.52509518265818
1.1835,0.00522450637765642,4.52552809709286
1.183625,0.00660645527006854,4.52596105183421
1.18375,0.00798474402347742,4.52639415301681
1.183875,0.00935860749142626,4.52682751198149
1.184,0.0107272829839103,4.52726124959113
1.184125,0.0120900106907764,4.52769550104758
1.18425,0.013446034103524,4.52813042144231
1.184375,0.0147946004352734,4.52856619227955
1.1845,0.016134961038668,4.52900302919689
1.184625,0.0174663718214788,4.52944119104687
1.18475,0.0187880936596799,4.52988099034751
1.184875,0.0200993928077667,4.53032280478658
1.185,0.0213995413060879,4.53076708887384
1.185125,0.0226878173849656,4.53121438387046
1.18525,0.0239635058653795,4.53166532274665
1.185375,0.0252258985559925,4.53212062531824
1.1855,0.0264742946462969,4.53258107757123
1.185625,0.0277080010956635,4.53304748986971
1.18575,0.0289263330180777,4.5335206330411
1.185875,0.0301286140623483,4.53400116010663
1.186,0.0313141767875788,4.53448953238112
1.186125,0.0324823630336919,4.53498597527568
1.18625,0.0336325242868023,4.535490483897
1.186375,0.0347640220392346,4.53600288022902
1.1865,0.0358762281439864,4.53652290165015
1.186625,0.0369685251634393,4.53705028938185
1.18675,0.0380403067121262,4.53758485383517
1.186875,0.0390909777933615,4.53812651714739
1.187,0.0401199551295504,4.53867535541425
1.187125,0.0411266674859919,4.53923166953415
1.18725,0.0421105559879962,4.53979610675427
1.187375,0.0430710744311414,4.54036984274027
1.1875,0.0440076895844957,4.5409547964698
1.187625,0.0449198814866383,4.54155375948064
1.18775,0.0458071437343135,4.54217020849572
1.187875,0.046668983763558,4.54280756745517
1.188,0.0475049231231465,4.54346797727519
1.188125,0.0483144977402016,4.5441511828583
1.18825,0.0490972581778225,4.54485437943477
1.188375,0.049852769884589,4.54557320589984
1.1885,0.0505806134358013,4.5463031341316
1.188625,0.0512803847663229,4.54704041693696
1.18875,0.0519516953948966,4.54778238774941
1.188875,0.0525941726398101,4.54852735829345
1.189,0.0532074598257894,4.54927439092599
1.189125,0.0537912164820074,4.55002308755414
1.18925,0.0543451185310968,4.55077342001852
1.189375,0.0548688584690621,4.55152555290138
1.1895,0.055362145535991,4.55227956442279
1.189625,0.0558247058774708,4.55303499152593
1.18975,0.05625628269662,4.55379032195321
1.189875,0.0566566363966505,4.55454291825439
1.19,0.0570255447138813,4.55528987251361
1.190125,0.0573628028411301,4.55602940087804
1.19025,0.057668223541414,4.5567615441913
1.190375,0.0579416372518967,4.55748765950412
1.1905,0.0581828921780233,4.55820946183306
1.190625,0.0583918543777924,4.55892841154104
1.19075,0.0585684078361164,4.55964555108046
1.190875,0.0587124545292308,4.56036156424569
1.191,0.0588239144791152,4.56107688268312
1.191125,0.0589027257978968,4.56179177448063
1.19125,0.0589488447222113,4.56250640500992
1.191375,0.0589622456375019,4.56322087593341
1.1915,0.0589429210922437,4.56393524959382
1.191625,0.0588908818020844,4.56464956413087
1.19175,0.0588061566439005,4.56536384281909
1.191875,0.0586887926397708,4.56607809982422
1.192,0.0585388549308771,4.56679234374481
1.192125,0.0583564267413462,4.56750657978614
1.19225,0.0581416093320537,4.56822081109126
1.192375,0.0578945219444139,4.56893503955349
1.1925,0.0576153017341892,4.56964926631086
1.192625,0.0573041036953538,4.57036349204626
1.19275,0.0569611005740546,4.57107771716893
1.192875,0.0565864827727178,4.57179194192401
1.193,0.0561804582443531,4.57250616645834
1.193125,0.055743252377115,4.57322039085989
1.19325,0.0552751078691859,4.57393461518137
1.193375,0.0547762845940482,4.5746488394543
1.1935,0.0542470594562233,4.57536306369741
1.193625,0.0536877262375548,4.57607728792159
1.19375,0.0530985954341231,4.5767915121327
1.193875,0.0524799940838805,4.57750573633297
1.194,0.0518322655851042,4.57821996052145
1.194125,0.0511557695057661,4.5789341846935
1.19425,0.0504508813839268,4.57964840883912
1.194375,0.0497179925192632,4.58036263293973
1.1945,0.0489575097558468,4.58107685696249
1.194625,0.0481698552562927,4.58179108085054
1.19475,0.0473554662674037,4.58250530450679
1.194875,0.0465147948774418,4.58321952776743
1.195,0.0456483077651594,4.58393375035894
1.195125,0.0447564859407316,4.58464797182963
1.19525,0.0438398244787319,4.58536219144176
1.195375,0.0428988322433005,4.58607640800414
1.1955,0.0419340316056569,4.58679061961616
1.195625,0.040945958154115,4.58750482328226
1.19575,0.0399351603967599,4.58821901434102
1.195875,0.0389021994569529,4.5889331856342
1.196,0.0378476487618329,4.58964732632045
1.196125,0.0367720937239876,4.59036142021681
1.19625,0.0356761314164711,4.59107544353351
1.196375,0.0345603702413479,4.59178936186087
1.1965,0.0334254295919479,4.59250312628251
1.196625,0.03227193950902,4.59321666854538
1.19675,0.0311005403309736,4.59392989533139
1.196875,0.029911882338405,4.59464268185295
1.197,0.0287066253931032,4.59535486522312
1.197125,0.0274854385717371,4.59606623830204
1.19725,0.0262489997944273,4.59677654495082
1.197375,0.0249979954484082,4.5974854777965
1.1975,0.0237331200069895,4.59819267969526
1.197625,0.0224550756440292,4.59889775002466
1.19775,0.0211645718441308,4.59960025664606
1.197875,0.0198623250087831,4.60029975377001
1.198,0.0185490580586587,4.6009958050384
1.198125,0.0172255000322944,4.60168801006545
1.19825,0.0158923856813749,4.60237603174496
1.198375,0.0145504550628448,4.60305962115296
1.1985,0.0132004531280752,4.60373863706796
1.198625,0.0118431293093134,4.60441305799146
1.19875,0.0104792371036447,4.60508298584399
1.198875,0.00910953365469791,4.60574864186124
1.199,0.00773477933232617,4.60641035626611
1.199125,0.00635573731049656,4.60706855383939
1.19925,0.00497317314362324,4.60772373753728
1.199375,0.00358785434157885,4.6083764719341
1.1995,0.00220054994362023,4.60902736768855
1.199625,0.000812030091465113,4.60967706760947
1.19975,-0.000576934398243378,4.61032623434769
1.199875,-0.00196557246184696,4.6109755393234
1.2,-0.00335311321671967,4.61162565223016
1.200125,-0.00473878638921496,4.61227723033798
1.20025,-0.00612182274227476,4.61293090684491
1.200375,-0.0075014545024633,4.61358727770317
1.2005,-0.00887691578618837,4.61424688667876
1.200625,-0.0102474430248737,4.61491020889094
1.20075,-0.0116122753888462,4.61557763368922
1.200875,-0.0129706552097027,4.61624944837634
1.201,-0.0143218284009224,4.61692582483042
1.201125,-0.0156650448764899,4.61760681132172
1.20125,-0.0169995589672987,4.61829233157642
1.201375,-0.018324629835102,4.61898219232609
1.2015,-0.0196395218837821,4.61967609929849
1.201625,-0.0209435051677097,4.62037368015156
1.20175,-0.0222358557969663,4.62107451164028
1.201875,-0.0235158563392055,4.62177814769051
1.202,-0.0247827962179291,4.6224841451861
1.202125,-0.0260359721069569,4.62319208504451
1.20225,-0.0272746883208731,4.62390158726978
1.202375,-0.0284982572012291,4.62461231979198
1.2025,-0.0297059994982922,4.62532400177547
1.202625,-0.0308972447481252,4.62603640259073
1.20275,-0.0320713316447892,4.62674933780889
1.202875,-0.0332276084074622,4.62746266348519
1.203,-0.0343654331422704,4.6281762697588
1.203125,-0.035484174198631,4.62889007450893
1.20325,-0.0365832105199078,4.62960401753581
1.203375,-0.0376619319881871,4.6303180555131
1.2035,-0.0387197397629797,4.63103215779595
1.203625,-0.0397560466136639,4.63174630306274
1.20375,-0.0407702772454821,4.63246047670647
1.203875,-0.0417618686189126,4.63317466886407
1.204,-0.0427302702622372,4.63388887296489
1.204125,-0.0436749445771323,4.63460308468638
1.20425,-0.0445953671371141,4.63531730121834
1.204375,-0.0454910269786706,4.63603152075448
1.2045,-0.0463614268849206,4.63674574214668
1.204625,-0.0472060836616416,4.63745996467329
1.20475,-0.0480245284055122,4.63817418788581
1.204875,-0.0488163067644226,4.63888841150865
1.205,-0.0495809791897057,4.63960263537436
1.205125,-0.0503181211801516,4.64031685938234
1.20525,-0.051027323517668,4.6410310834728
1.205375,-0.0517081924944561,4.64174530761058
1.2055,-0.0523603501315773,4.64245953177522
1.205625,-0.052983434388787,4.64317375595492
1.20575,-0.0535770993655211,4.64388798014293
1.205875,-0.0541410154929222,4.64460220433544
1.206,-0.0546748697168002,4.64531642853028
1.206125,-0.055178365671424,4.64603065272624
1.20625,-0.0556512238440498,4.64674487692264
1.206375,-0.056093181730093,4.64745910111912
1.2065,-0.0565039939788586,4.64817332531552
1.206625,-0.0568834325297487,4.64888754951185
1.20675,-0.0572312867388716,4.6496017737083
1.206875,-0.0575473634959823,4.65031599790533
1.207,-0.0578314873316893,4.65103022210387
1.207125,-0.0580835005148686,4.65174444630556
1.20725,-0.0583032631402299,4.6524586705133
1.207375,-0.058490653205988,4.65317289473213
1.2075,-0.0586455666815938,4.65388711897062
1.207625,-0.0587679175654904,4.65460134324334
1.20775,-0.0588576379328596,4.65531556757488
1.207875,-0.0589146779733332,4.65602979200665
1.208,-0.0589390060186494,4.6567440166081
1.208125,-0.0589306085602361,4.65745824149544
1.20825,-0.0588894902567148,4.65817246686283
1.208375,-0.0588156739313179,4.65888669303398
1.2085,-0.0587092005592224,4.65960092054786
1.208625,-0.0585701292448075,4.6603151503003
1.20875,-0.0583985371888469,4.66102938377754
1.208875,-0.0581945196456557,4.66174362344016
1.209,-0.0579581898702148,4.6624578733526
1.209125,-0.0576896790553029,4.66317214021194
1.20925,-0.0573891362586694,4.66388643502368
1.209375,-0.0570567283202912,4.66460077582278
1.2095,-0.0566926397697567,4.66531519207766
1.209625,-0.0562970727238303,4.66602973179795
1.20975,-0.0558702467742529,4.66674447297475
1.209875,-0.055412398865842,4.66745954193194
1.21,-0.054923783164958,4.66817514255272
1.210125,-0.0544046709184103,4.66889160191098
1.21025,-0.0538553503028809,4.66960943768736
1.210375,-0.0532761262649504,4.67032944370903
1.2105,-0.0526673203518135,4.67105275422187
1.210625,-0.0520292705327791,4.67178076714102
1.21075,-0.051362331011654,4.6725147396957
1.210875,-0.0506668720301139,4.6732550501183
1.211,-0.0499432796621712,4.67400064897068
1.211125,-0.0491919555998534,4.67474938134107
1.21125,-0.0484133169302121,4.67549897829199
1.211375,-0.0476077959037842,4.67624776922075
1.2115,-0.0467758396946362,4.67699466706375
1.211625,-0.0459179101521239,4.67773872461241
1.21175,-0.0450344835445045,4.67847864196152
1.211875,-0.0441260502945447,4.67921237506435
1.212,-0.0431931147072706,4.67993690326285
1.212125,-0.0422361946900117,4.68064829555322
1.21225,-0.0412558214648926,4.68134229352033
1.212375,-0.0402525392739341,4.6820154428351
1.2125,-0.0392269050769258,4.68266628862313
1.212625,-0.0381794882422383,4.68329583761155
1.21275,-0.0371108702307477,4.68390697120516
1.212875,-0.0360216442730462,4.68450329713293
1.213,-0.0349124150401192,4.68508814590672
1.213125,-0.0337837983076709,4.68566404603442
1.21325,-0.0326364206142859,4.68623262257082
1.213375,-0.0314709189136152,4.68679473187199
1.2135,-0.0302879402207805,4.68735067992183
1.213625,-0.0290881412531929,4.68790043462359
1.21375,-0.0278721880659855,4.68844378884913
1.213875,-0.0266407556822621,4.68898046607304
1.214,-0.0253945277183673,4.68951018223612
1.214125,-0.0241341960043863,4.69003268089877
1.21425,-0.0228604602000844,4.69054775528613
1.214375,-0.0215740274065006,4.69105526993764
1.2145,-0.0202756117734092,4.69155518987261
1.214625,-0.0189659341028693,4.69204761342028
1.21475,-0.0176457214490804,4.69253279530836
1.214875,-0.0163157067147677,4.69301114742243
1.215,-0.0149766282443203,4.6934832140981
1.215125,-0.0136292294139086,4.69394962914442
1.21525,-0.0122742582188081,4.69441106685608
1.215375,-0.0109124668581588,4.69486819806058
1.2155,-0.0095446113173914,4.69532165754278
1.215625,-0.00817145094855033,4.69577202431462
1.21575,-0.00679374804874903,4.69621981299392
1.215875,-0.00541226743698938,4.69666547325972
1.216,-0.00402777602958135,4.69710939436911
1.216125,-0.00264104241439822,4.69755191235322
1.21625,-0.00125283642420377,4.69799331827117
1.216375,0.000136071290711764,4.69843386655473
1.2165,0.00152490969034955,4.69887378295346
1.216625,0.00291290777303656,4.69931327190303
1.21675,0.00429929500343871,4.69975252332885
1.216875,0.00568330174031525,4.70019171900394
1.217,0.00706415966377686,4.70063103863528
1.217125,0.00844110220181033,4.7010706658769
1.21725,0.00981336495583297,4.70151079447295
1.217375,0.0111801861250406,4.70195163471998
1.2175,0.0125408069293135,4.70239342040169
1.217625,0.0138944720304454,4.70283641627398
1.21775,0.015240429951462,4.70328092604043
1.217875,0.0165779334937963,4.70372730052017
1.218,0.0179062401520878,4.70417594532822
1.218125,0.0192246125263781,4.70462732682547
1.21825,0.0205323187314709,4.70508197435738
1.218375,0.0218286328032312,4.70554047600753
1.2185,0.0231128351015979,4.70600346457186
1.218625,0.0243842127100851,4.70647159081822
1.21875,0.0256420598315512,4.70694548311628
1.218875,0.0268856781800161,4.70742569670889
1.219,0.0281143773683087,4.70791266164545
1.219125,0.0293274752913288,4.70840664333501
1.21925,0.0305242985047126,4.7089077302101
1.219375,0.0317041825986892,4.70941585667135
1.2195,0.0328664725669227,4.70993085773291
1.219625,0.0340105231701332,4.71045254018314
1.21975,0.0351356992942966,4.71098075022111
1.219875,0.0362413763032234,4.71151542310655
1.22,0.0373269403853202,4.71205661485588
1.220125,0.0383917888943432,4.71260453211458
1.22025,0.0394353306839525,4.7131595839392
1.220375,0.0404569864358832,4.71372247486374
1.2205,0.0414561889815495,4.71429434757104
1.220625,0.0424323836169048,4.71487695905861
1.22075,0.0433850284103824,4.71547281125976
1.220875,0.0443135945037446,4.71608506048481
1.221,0.045217566405676,4.71671699003734
1.221125,0.0460964422779548,4.71737100506378
1.22125,0.0469497342140462,4.71804754216779
1.221375,0.0477769685099604,4.71874462210479
1.2215,0.0485776859272277,4.71945845012069
1.221625,0.049351441947842,4.72018464030708
1.22175,0.0500978070210332,4.72091926730245
1.221875,0.0508163668017307,4.7216593484347
1.222,0.0515067223805854,4.72240286278426
1.222125,0.0521684905054228,4.72314856661367
1.22225,0.0528013037940044,4.72389578353389
1.222375,0.0534048109379791,4.7246442374793
1.2225,0.0539786768979114,4.72539392475552
1.222625,0.0545225830892778,4.72614497617039
1.22275,0.0550362275593287,4.7268974280998
1.222875,0.0555193251547179,4.72765083783919
1.223,0.0559716076798051,4.72840384389077
1.223125,0.0563928240455454,4.7291540914459
1.22325,0.0567827404088815,4.72989897997346
1.223375,0.0571411403025632,4.73063691457339
1.2235,0.0574678247553196,4.73136795385645
1.223625,0.0577626124023194,4.73209336018525
1.22375,0.058025339585857,4.73281472715245
1.223875,0.0582558604462087,4.73353341525834
1.224,0.0584540470026086,4.73425039881033
1.224125,0.0586197892242992,4.73496631898923
1.22425,0.058752995091617,4.73568158180623
1.224375,0.0588535906470799,4.73639644016138
1.2245,0.0589215200364475,4.7371110504663
1.224625,0.058956745539731,4.73782550909053
1.22475,0.0589592475921367,4.73853987523577
1.224875,0.058929024794931,4.73925418516498
1.225,0.0588660939162198,4.73996846102217
1.225125,0.0587704898816437,4.74068271628656
1.22525,0.0586422657549928,4.74139695913687
1.225375,0.0584814927087523,4.74211119452041
1.2255,0.0582882599845956,4.74282542542136
1.225625,0.0580626748438456,4.74353965363516
1.22575,0.0578048625079339,4.74425388023977
1.225875,0.0575149660888882,4.7449681058812
1.226,0.0571931465098893,4.74568233094608
1.226125,0.0568395824159392,4.74639655566564
1.22625,0.0564544700746917,4.74711078017818
1.226375,0.0560380232675002,4.74782500456641
1.2265,0.0555904731707422,4.74853922887987
1.226625,0.0551120682274881,4.74925345314819
1.22675,0.0546030740095831,4.7499676773891
1.226875,0.0540637730702222,4.7506819016131
1.227,0.0534944647870962,4.75139612582625
1.227125,0.0528954651961989,4.7521103500317
1.22725,0.0522671068163865,4.7528245742305
1.227375,0.0516097384647862,4.75353879842168
1.2275,0.0509237250631572,4.75425302260189
1.227625,0.0502094474353117,4.75496724676421
1.22775,0.0494673020957074,4.75568147089596
1.227875,0.0486977010293297,4.75639569497487
1.228,0.0479010714629859,4.75710991896251
1.228125,0.0470778556281375,4.75782414279352
1.22825,0.0462285105154031,4.75853836635795
1.228375,0.0453535076208677,4.75925258947284
1.2285,0.0444533326843398,4.75996681183704
1.228625,0.0435284854197003,4.76068103296034
1.22875,0.0425794792374951,4.76139525205404
1.228875,0.0416068409599226,4.76210946786418
1.229,0.0406111105283773,4.76282367842169
1.229125,0.039592840703709,4.76353788067394
1.22925,0.0385525967593666,4.76425206995106
1.229375,0.0374909561675946,4.76496623920718
1.2295,0.0364085082788579,4.765680377964
1.229625,0.035305853994673,4.76639447087256
1.22975,0.0341836054340254,4.7671084958052
1.229875,0.0330423855935613,4.76782242139686
1.23,0.0318828280017391,4.76853620398376
1.230125,0.0307055763671354,4.76924978394702
1.23025,0.0295112842210989,4.76996308157043
1.230375,0.0283006145549513,4.7706759926617
1.2305,0.0270742394519365,4.77138838434742
1.230625,0.025832839714123,4.77210009160276
1.23075,0.0245771044844652,4.77281091518799
1.230875,0.023307730864235,4.77352062171192
1.231,0.022025423526035,4.77422894651402
1.231125,0.0207308943226083,4.77493559993012
1.23125,0.0194248618916629,4.7756402772462
1.231375,0.0181080512569288,4.77634267222837
1.2315,0.0167811934256701,4.77704249357432
1.231625,0.0154450249828755,4.77773948306434
1.23175,0.0141002876823521,4.77843343374556
1.231875,0.0127477280349496,4.77912420630282
1.232,0.0113880968941443,4.77981174192988
1.232125,0.0100221490392111,4.78049607049252
1.23225,0.0086506427562172,4.78117731344996
1.232375,0.0072743394170681,4.78185568170035
1.2325,0.00589400305684115,4.78253146907942
1.232625,0.00451039994964007,4.78320504256585
1.23275,0.00312429818320669,4.7838768303144
1.232875,0.00173646723252568,4.78454730849474
1.233,0.000347677532659151,4.78521698764535
1.233125,-0.00104129994895182,4.78588639894667
1.23325,-0.00242969414048128,4.78655608055049
1.233375,-0.00381673429377055,4.7872265639242
1.2335,-0.00520165041220072,4.78789836010809
1.233625,-0.00658367367814802,4.78857194585012
1.23375,-0.00796203687978482,4.78924774976853
1.233875,-0.0093359748369892,4.7899261389697
1.234,-0.0107047248261267,4.79060740686441
1.234125,-0.0120675270034686,4.7912917632044
1.23425,-0.0134236248270113,4.79197932750735
1.234375,-0.0147722654764631,4.79267012696416
1.2345,-0.0161127002711646,4.793364099577
1.234625,-0.0174441850857118,4.79406110268217
1.23475,-0.0187659807630497,4.79476092627619
1.234875,-0.0200773535248083,4.7954633098597
1.235,-0.0213775753786525,4.79616796102317
1.235125,-0.0226659245224206,4.79687457384483
1.23525,-0.0239416857448253,4.79758284537646
1.235375,-0.0252041508224975,4.79829248897377
1.2355,-0.0264526189131492,4.79900324384008
1.235625,-0.0276863969446404,4.7997148807422
1.23575,-0.0289047999997316,4.80042720431561
1.235875,-0.0301071516963098,4.80114005265153
1.236,-0.031292784562876,4.80185329495677
1.236125,-0.0324610404090866,4.80256682803992
1.23625,-0.0336112706911418,4.80328057225631
1.236375,-0.0347428368718198,4.8039944673883
1.2365,-0.0358551107749552,4.80470846878201
1.236625,-0.0369474749341664,4.80542254392709
1.23675,-0.0380193229356368,4.8061366695619
1.236875,-0.0390700597547608,4.80685082931298
1.237,-0.0400991020864677,4.80756501183152
1.237125,-0.0411058786690387,4.8082792093639
1.23725,-0.0420898306012391,4.80899341668366
1.237375,-0.0430504116525881,4.80970763031211
1.2375,-0.0439870885665951,4.81042184796171
1.237625,-0.0448993413567936,4.81113606814581
1.23775,-0.0457866635954081,4.81185028990961
1.237875,-0.0466485626944945,4.812564512647
1.238,-0.0474845601793973,4.81327873597782
1.238125,-0.0482941919543721,4.81399295966636
1.23825,-0.0490770085602258,4.81470718356824
1.238375,-0.0498325754238312,4.81542140759599
1.2385,-0.0505604730993789,4.81613563169724
1.238625,-0.0512602975012297,4.81684985584097
1.23875,-0.0519316601282419,4.817564080009
1.238875,-0.0525741882794455,4.81827830419079
1.239,-0.0531875252609464,4.81899252838026
1.239125,-0.0537713305839434,4.81970675257397
1.23925,-0.0543252801537498,4.82042097676997
1.239375,-0.0548490664497141,4.82113520096717
1.2395,-0.0553423986959392,4.82184942516497
1.239625,-0.0558050030227068,4.82256364936304
1.23975,-0.0562366226185156,4.82327787356123
1.239875,-0.0566370178726507,4.82399209775951
1.24,-0.0570059665082037,4.82470632195799
1.240125,-0.0573432637054703,4.82542054615691
1.24025,-0.0576487222156566,4.82613477035675
1.240375,-0.0579221724648316,4.82684899455837
1.2405,-0.0581634626480667,4.82756321876326
1.240625,-0.0583724588137121,4.82827744297396
1.24075,-0.0585490449377617,4.82899166719478
1.240875,-0.0586931229882649,4.82970589143298
1.241,-0.0588046129797521,4.83042011570073
1.241125,-0.0588834530176397,4.83113434001844
1.24125,-0.0589295993325943,4.8318485644202
1.241375,-0.0589430263048329,4.83256278896288
1.2415,-0.0589237264783493,4.83327701374124
1.241625,-0.0588717105650558,4.83399123891301
1.24175,-0.0587870074388398,4.83470546474035
1.241875,-0.0586696641195379,4.83541969165855
1.242,-0.0585197457468364,4.83613392038916
1.242125,-0.0583373355441125,4.83684815212607
1.24225,-0.0581225347722372,4.83756238884063
1.242375,-0.0578754626733641,4.83827663378019
1.2425,-0.0575962564047368,4.83899089228025
1.242625,-0.05728507096255,4.83970517308234
1.24275,-0.0569420790959086,4.84041949046536
1.242875,-0.0565674712109306,4.84113386767975
1.243,-0.0561614552650481,4.84184834246323
1.243125,-0.0557242566515649,4.84256297587327
1.24325,-0.0552561180745352,4.84327786638678
1.243375,-0.0547572994140314,4.84399317228953
1.2435,-0.0542280775818776,4.84470914674733
1.243625,-0.0536687463679278,4.84542619067997
1.24375,-0.0530796162769747,4.84614492455968
1.243875,-0.0524610143563786,4.84686625979162
1.244,-0.0518132840145137,4.84759139488202
1.244125,-0.0511367848301316,4.84832158586278
1.24425,-0.0504318923527469,4.8490575899557
1.244375,-0.0496989978941587,4.84979905101889
1.2445,-0.0489385083112199,4.85054445395479
1.244625,-0.0481508457799778,4.85129182668803
1.24475,-0.0473364475613103,4.85203951770882
1.244875,-0.0464957657581876,4.85278642733148
1.245,-0.0456292670646948,4.85353175718099
1.245125,-0.0447374325069538,4.85427461754722
1.24525,-0.0438207571760897,4.8550136750033
1.245375,-0.0428797499533881,4.85574687300008
1.2455,-0.0419149332277976,4.85647126367896
1.245625,-0.0409268426059339,4.8571830870221
1.24575,-0.0399160266147452,4.85787829279933
1.245875,-0.0388830463970057,4.85855353588291
1.246,-0.0378284753998053,4.85920724590374
1.246125,-0.0367528990562089,4.85984009809498
1.24625,-0.0356569144602614,4.86045457441123
1.246375,-0.034541130035519,4.86105397568152
1.2465,-0.0334061651972919,4.86164148972964
1.246625,-0.0322526500087838,4.86221965304608
1.24675,-0.0310812248313215,4.86279020278478
1.246875,-0.0298925399688663,4.86335416801403
1.247,-0.0286872553070068,4.86391205653603
1.247125,-0.027466039946632,4.8644640454644
1.24725,-0.0262295718324887,4.86501013018423
1.247375,-0.0249785373768292,4.86555022162647
1.2475,-0.0237136310783586,4.86608420241848
1.247625,-0.0224355551366922,4.86661195621129
1.24775,-0.0211450190625388,4.86713338158271
1.247875,-0.0198427392838242,4.86764840139935
1.248,-0.0185294387479754,4.86815697701222
1.248125,-0.0172058465205851,4.86865913002219
1.24825,-0.0158726973806801,4.86915496627616
1.248375,-0.0145307314128171,4.86964469301835
1.2485,-0.0131806935962341,4.87012862227675
1.248625,-0.0118233333912836,4.87060715904367
1.24875,-0.010459404323379,4.87108077798148
1.248875,-0.0090896635646834,4.8715499949747
1.249,-0.00771487151377453,4.87201533960877
1.249125,-0.00633579137351801,4.87247733268337
1.24925,-0.00495318872738414,4.87293647051939
1.249375,-0.00356783111444285,4.87339321598442
1.2495,-0.00218048760327304,4.87384799513053
1.249625,-0.000791928365022732,4.87430119799488
1.24975,0.00059707575414294,4.87475318220146
1.249875,0.0019857536609685,4.87520427828428
1.25,0.00337333444317217,4.87565479597246
1.250125,0.0047590477974095,4.87610503095592
1.25025,0.006142124456899,4.87655527185721
1.250375,0.00752179661847245,4.87700580726625
1.2505,0.00889729836881273,4.87745693275693
1.250625,0.0102678661096426,4.87790895779989
1.25075,0.0116327389816284,4.87836221241572
1.250875,0.0129911592867632,4.87881705327043
1.251,0.0143423729089953,4.8792738686953
1.251125,0.0156856297328681,4.87973308181909
1.25125,0.017020184059939,4.88019515066276
1.251375,0.0183452950227467,4.88066056374978
1.2515,0.0196602269960967,4.88112982969385
1.251625,0.0209642500054361,4.88160345959227
1.25175,0.0222566401320919,4.88208194215766
1.251875,0.0235366799151481,4.88256571350739
1.252,0.0248036587497368,4.88305512614384
1.252125,0.0260568732815243,4.88355042404024
1.25225,0.0272956277971713,4.88405173155235
1.252375,0.0285192346105524,4.88455906193408
1.2525,0.0297270144445181,4.88507234646912
1.252625,0.0309182968079904,4.88559147915326
1.25275,0.0320924203681791,4.88611636706575
1.252875,0.0332487333177157,4.88664697555939
1.253,0.034386593736498,4.88718336156588
1.253125,0.0355053699480474,4.88772569710008
1.25325,0.0366044408701781,4.88827429495182
1.253375,0.0376831963597863,4.88882965376382
1.2535,0.0387410375515658,4.88939253698218
1.253625,0.039777377190464,4.88996409144327
1.25375,0.040791639957691,4.89054599258588
1.253875,0.0417832627901044,4.8911405569134
1.254,0.042751695192789,4.89175068648858
1.254125,0.0436963995446603,4.89237946561935
1.25425,0.0446168513969206,4.89302933923235
1.254375,0.0455125397642039,4.89370112938149
1.2545,0.0463829674082448,4.89439347335439
1.254625,0.0472276511139183,4.8951031387456
1.25475,0.0480461219574927,4.89582602951695
1.254875,0.0488379255669499,4.8965582244842
1.255,0.0496026223742276,4.89729657320401
1.255125,0.0503397878592427,4.89803882812848
1.25525,0.0510490127855617,4.89878352013081
1.255375,0.0517299034275856,4.89952976386709
1.2555,0.0523820817891255,4.9002770860015
1.255625,0.0530051858132448,4.90102529845992
1.25575,0.0535988695832541,4.90177439791101
1.255875,0.0541628035147453,4.90252444352197
1.256,0.0546966745385594,4.90327534429372
1.256125,0.0552001862745858,4.90402651794762
1.25625,0.0556730591962973,4.90477655327838
1.256375,0.0561150307859285,4.90552327534191
1.2565,0.0565258556802125,4.90626453233893
1.256625,0.056905305806594,4.90699925449317
1.25675,0.0572531705098442,4.90772781910144
1.256875,0.0575692566690061,4.90845151037892
1.257,0.0578533888046064,4.90917176719372
1.257125,0.0581054091760735,4.90988976319898
1.25725,0.0583251778693082,4.91060632291105
1.257375,0.0585125728743581,4.91132198545746
1.2575,0.0586674901531531,4.91203709211347
1.257625,0.0587898436972631,4.9127518559205
1.25775,0.058879565575648,4.91346640902179
1.257875,0.0589366059723711,4.91418083306344
1.258,0.0589609332142569,4.9148951783221
1.258125,0.0589525337884765,4.91560947565116
1.25825,0.0589114123500521,4.91632374391656
1.258375,0.0588375917192755,4.91703799461222
1.2585,0.058731112869042,4.91775223471582
1.258625,0.0585920349021078,4.91846646844912
1.25875,0.0584204350182826,4.91918069835876
1.258875,0.058216408471575,4.91989492597685
1.259,0.0579800685173165,4.92060915222309
1.259125,0.0577115463492915,4.92132337764861
1.25925,0.0574109910269091,4.92203760258319
1.259375,0.057078569392457,4.922751827224
1.2595,0.0567144659784837,4.92346605168885
1.259625,0.0563188829053594,4.92418027604818
1.25975,0.0558920397690741,4.92489450034412
1.259875,0.0554341735193334,4.9256087246019
1.26,0.0549455383280215,4.92632294883662
1.260125,0.0544264054481024,4.9270371730573
1.26025,0.0538770630630397,4.92775139726928
1.260375,0.0532978161268168,4.92846562147561
1.2605,0.0526889861946477,4.92917984567784
1.260625,0.0520509112444716,4.92989406987635
1.26075,0.05138394548933,4.93060829407045
1.260875,0.0506884591807321,4.931322518258
1.261,0.0499648384031157,4.93203674243479
1.261125,0.049213484859519,4.93275096659315
1.26125,0.0484348156485817,4.93346519071969
1.261375,0.0476292630329996,4.93417941479138
1.2615,0.0467972741995607,4.93489363876922
1.261625,0.0459393110108963,4.93560786258778
1.26175,0.0450558497490855,4.93632208613857
1.261875,0.0441473808512541,4.93703630924365
1.262,0.0432144086373158,4.93775053161437
1.262125,0.0422574510300067,4.93846475278801
1.26225,0.0412770392673678,4.93917897203168
1.262375,0.0402737176078359,4.93989318819888
1.2625,0.0392480430281063,4.94060739951922
1.262625,0.0382005849139353,4.94132160329512
1.26275,0.0371319247440532,4.94203579547291
1.262875,0.0360426557673647,4.94274997004836
1.263,0.0349333826736146,4.94346411826095
1.263125,0.033804721257703,4.94417822752879
1.26325,0.0326572980778343,4.94489228007991
1.263375,0.0314917501076922,4.94560625125062
1.2635,0.030308724382832,4.94632010745094
1.263625,0.0291088776414872,4.94703380384594
1.26375,0.02789287595999,4.9477472818723
1.263875,0.0266613943830069,4.94846046679572
1.264,0.0254151165487971,4.94917326560252
1.264125,0.0241547343096986,4.94988556558477
1.26425,0.0228809473480554,4.95059723400849
1.264375,0.0215944627877975,4.9513081192429
1.2645,0.0202959948018895,4.95201805367363
1.264625,0.0189862642158664,4.95272685861729
1.26475,0.0176659981076761,4.95343435128887
1.264875,0.0163359294040506,4.95414035364209
1.265,0.0149967964736305,4.95484470263101
1.265125,0.0136493427170685,4.95554726117642
1.26525,0.0122943161543393,4.95624792892622
1.265375,0.0109324690094849,4.95694665182868
1.2655,0.00956455729302616,4.95764342961608
1.265625,0.00819134038227227,4.9583383205113
1.26575,0.00681358059976122,4.95903144277308
1.265875,0.00543204279006491,4.9597229730227
1.266,0.00404749389519443,4.96041314157982
1.266125,0.00266070252884071,4.96110222523676
1.26625,0.00127243854968715,4.96179053800298
1.266375,-0.000116527365968871,4.9624784203684
1.2665,-0.00150542415204859,4.96316622759656
1.266625,-0.00289348078074078,4.96385431750372
1.26675,-0.0042799266905295,4.96454303813968
1.266875,-0.00566399221396311,4.96523271578151
1.267,-0.00704490900492697,4.96592364368397
1.267125,-0.00842191046518264,4.96661607208833
1.26725,-0.0097942321699369,4.9673102000438
1.267375,-0.0111611122922042,4.96800616960732
1.2675,-0.0125217920257271,4.96870406291981
1.267625,-0.0138755160062198,4.96940390249015
1.26775,-0.0152215327307007,4.97010565475285
1.267875,-0.0165590949746821,4.9708092366374
1.268,-0.0178874602069843,4.97151452455553
1.268125,-0.0192058910019441,4.97222136494738
1.26825,-0.0205136554487897,4.97292958538813
1.268375,-0.021810027557954,4.97363900527086
1.2685,-0.0230942876641002,4.97434944523879
1.268625,-0.0243657228256375,4.97506073479672
1.26875,-0.0256236272205037,4.97577271782748
1.268875,-0.0268673025379958,4.97648525601503
1.269,-0.0280960583664305,4.97719823039042
1.269125,-0.02930921257642,4.9779115413508
1.26925,-0.03050609169955,4.97862510755662
1.269375,-0.0316860313022495,4.97933886410324
1.2695,-0.0328483763546451,4.98005276031213
1.269625,-0.033992481594195,4.98076675741412
1.26975,-0.0351177118839013,4.98148082631942
1.269875,-0.0362234425649004,4.98219494559788
1.27,-0.037309059803237,4.98290909973408
1.270125,-0.0383739609306295,4.98362327767765
1.27025,-0.0394175547790355,4.98433747167872
1.270375,-0.0404392620088345,4.98505167638006
1.2705,-0.0414385154304433,4.98576588812817
1.270625,-0.0424147603191873,4.98648010446329
1.27075,-0.043367454723251,4.98719432374985
1.270875,-0.0442960697645389,4.98790854491357
1.271,-0.045200089932278,4.98862276725743
1.271125,-0.0460790133691999,4.98933699033475
1.27125,-0.0469323521501435,4.99005121386271
1.271375,-0.047759632552923,4.99076543766447
1.2715,-0.0485603953213115,4.99147966163074
1.271625,-0.0493341959199946,4.9921938856948
1.27175,-0.0500806047813508,4.99290810981636
1.271875,-0.0507992075439237,4.99362233397141
1.272,-0.0514896052824521,4.99433655814573
1.272125,-0.0521514147293314,4.99505078233105
1.27225,-0.0527842684873824,4.99576500652258
1.272375,-0.0533878152338098,4.99647923071755
1.2725,-0.0539617199152381,4.99719345491443
1.272625,-0.0545056639337141,4.99790767911232
1.27275,-0.0550193453235763,4.99862190331074
1.272875,-0.0555024789190891,4.99933612750942
1.273,-0.0559547965127527,5.00005035170824
1.273125,-0.0563760470041972,5.00076457590714
1.27325,-0.0567659965395806,5.00147880010616
1.273375,-0.0571244286414129,5.00219302430539
1.2735,-0.0574511443287333,5.00290724850505
1.273625,-0.0577459622275746,5.00362147270554
1.27375,-0.0580087186716534,5.00433569690754
1.273875,-0.0582392677932301,5.00504992111222
1.274,-0.0584374816040882,5.00576414532152
1.274125,-0.0586032500665876,5.00647836953875
1.27425,-0.0587364811547536,5.0071925937694
1.274375,-0.0588371009053663,5.00790681802265
1.2745,-0.058905053459023,5.00862104231377
1.274625,-0.0589403010911499,5.00933526666815
1.27475,-0.0589428242329476,5.01004949112803
1.274875,-0.0589126214822563,5.01076371576348
1.275,-0.0588497096043367,5.01147794069078
1.275125,-0.0587541235225655,5.01219216610271
1.27525,-0.0586259162990505,5.01290639231843
1.275375,-0.0584651591051758,5.01362061986559
1.2755,-0.0582719411820943,5.0143348496149
1.275625,-0.0580463697911888,5.015049083
1.27575,-0.0577885701545296,5.01576332237569
1.275875,-0.0574986853853608,5.01647757159916
1.276,-0.0571768764086548,5.01719183696944
1.276125,-0.0568233218717792,5.0179061287399
1.27625,-0.056438218045325,5.01862046354355
1.276375,-0.0560217787141507,5.01933486826711
1.2765,-0.0555742350587052,5.02004938621836
1.276625,-0.0550958355266918,5.02076408691359
1.27675,-0.054586845695148,5.02147908155209
1.276875,-0.0540475481230152,5.02219454729215
1.277,-0.0534782421942815,5.02291076452064
1.277125,-0.052879243951784,5.02362817073833
1.27725,-0.052250885921763,5.02434742659559
1.277375,-0.0515935169292661,5.02506946070241
1.2775,-0.0509075019045037,5.02579540026077
1.277625,-0.0501932216802637,5.0265262564427
1.27775,-0.0494510727804991,5.02726238537787
1.277875,-0.048681467200203,5.02800311769177
1.278,-0.0478848321766968,5.02874700190879
1.278125,-0.0470616099524557,5.02949247474101
1.27825,-0.0462122575296042,5.03023832980231
1.278375,-0.0453372464162189,5.03098372644575
1.2785,-0.0444370623645767,5.03172793635027
1.278625,-0.0435122051014975,5.03247005173223
1.27875,-0.0425631880509273,5.03320872860328
1.278875,-0.0415905380489186,5.03394196932495
1.279,-0.0405947950511644,5.03466698364078
1.279125,-0.0395765118332498,5.03538025075098
1.27925,-0.0385362536837855,5.03607795057139
1.279375,-0.0374745980905961,5.03675680571021
1.2795,-0.0363921344201352,5.0374150359274
1.279625,-0.0352894635903068,5.03805287143124
1.27975,-0.0341671977368732,5.03867229867676
1.279875,-0.033025959873636,5.03927625597239
1.28,-0.0318663835465784,5.03986777707707
1.280125,-0.0306891124821599,5.04044942733234
1.28025,-0.0294948002299598,5.04102308957805
1.280375,-0.0282841097998678,5.04158999353693
1.2805,-0.0270577132940218,5.04215085990833
1.280625,-0.0258162915336995,5.04270606718669
1.28075,-0.0245605336813683,5.04325579149534
1.280875,-0.0232911368581053,5.04380010333562
1.281,-0.0220088057565994,5.04433902620994
1.281125,-0.0207142522499494,5.0448725685975
1.28125,-0.0194081949964762,5.04540073891688
1.281375,-0.0180913590407684,5.04592355151364
1.2815,-0.0167644754111821,5.04644103139393
1.281625,-0.0154282807140195,5.04695322303507
1.28175,-0.0140835167246103,5.0474602039475
1.281875,-0.0127309299755238,5.04796209960109
1.282,-0.0113712713421401,5.04845909496941
1.282125,-0.0100052956258099,5.04895143920347
1.28225,-0.00863376113483559,5.04943944245475
1.282375,-0.00725742926350467,5.0499234662028
1.2825,-0.00587706406941045,5.0504039097808
1.282625,-0.004493431849294,5.05088119600377
1.28275,-0.00310730071364299,5.05135575821683
1.282875,-0.00171944016028372,5.0518280301643
1.283,-0.00033062064720277,5.05229843920619
1.283125,0.00105838683516426,5.05276740276974
1.28325,0.00244681119193977,5.05323532755618
1.283375,0.00383388165186919,5.05370261087092
1.2835,0.00521882819520632,5.05416964342848
1.283625,0.00660088198118166,5.05463681302422
1.28375,0.00797927577481622,5.05510450851099
1.283875,0.00935324437284395,5.05557312353783
1.284,0.0107220250285063,5.05604305948924
1.284125,0.0120848578749834,5.05651472701218
1.28425,0.0134409863472258,5.05698854546133
1.284375,0.0147896576019545,5.05746493957823
1.2845,0.0161301229355937,5.05794433282056
1.284625,0.0174616381999064,5.0584271370632
1.28475,0.0187834642151005,5.05891373898026
1.284875,0.0200948671801773,5.05940448429986
1.285,0.0213951190802941,5.05989966218114
1.285125,0.0226834980909142,5.06039949289641
1.28525,0.0239592889785206,5.0609041223734
1.285375,0.0252217834976718,5.06141362655131
1.2855,0.0264702807841765,5.06192802678896
1.285625,0.0277040877441723,5.06244731505812
1.28575,0.0289225194388903,5.06297148513331
1.285875,0.0301248994648919,5.06350056447033
1.286,0.0313105603295687,5.06403464192929
1.286125,0.0324788438216942,5.0645738895651
1.28625,0.0336291013768245,5.06511858203545
1.286375,0.0347606944373422,5.0656691227158
1.2865,0.035872994806947,5.0662260881395
1.286625,0.0369653849993923,5.06679030017789
1.28675,0.0380372585812782,5.06736292870507
1.286875,0.0390880205087074,5.0679456118302
1.287,0.0401170874576189,5.06854054385754
1.287125,0.0411238881476153,5.06915042275775
1.28725,0.0421078636591047,5.06977811344994
1.287375,0.0430684677435802,5.07042596159545
1.2875,0.0440051671268654,5.07109493997501
1.287625,0.0449174418051574,5.07178408469818
1.28775,0.045804785333703,5.07249064048674
1.287875,0.0466667051079475,5.07321086216486
1.288,0.0475027226370006,5.0739409662543
1.288125,0.048312373809267,5.07467776709278
1.28825,0.0490952091500949,5.07541889192778
1.288375,0.0498507940712986,5.07616271881687
1.2885,0.0505787091124172,5.07690820990277
1.288625,0.0512785501735756,5.07765474372601
1.28875,0.0519499287398175,5.07840198433589
1.288875,0.0525924720967878,5.0791497857992
1.289,0.0532058235376425,5.07989810727887
1.289125,0.0537896425610722,5.08064689409616
1.28925,0.0543436050603305,5.08139587243317
1.289375,0.0548674035031595,5.08214426005455
1.2895,0.0553607471025155,5.08289057411271
1.289625,0.055823361977998,5.08363289332237
1.28975,0.0562549913078936,5.08436967183311
1.289875,0.0566553954717496,5.08510049998178
1.29,0.057024352183399,5.08582611028264
1.290125,0.0573616566143622,5.08654777312351
1.29025,0.0576671215075573,5.08726672113304
1.290375,0.0579405772812559,5.08798390039724
1.2905,0.0581818721232269,5.08869995848068
1.290625,0.0583908720750152,5.08941531512466
1.29075,0.0585674611063094,5.09013023587675
1.290875,0.0587115411793572,5.09084488695285
1.291,0.0588230323033916,5.09155937182535
1.291125,0.0589018725790394,5.09227375465217
1.29125,0.0589480182326859,5.09298807506334
1.291375,0.0589614436407776,5.09370235744141
1.2915,0.0589421413440487,5.09441661672676
1.291625,0.0588901220516644,5.09513086203702
1.29175,0.0588054146352778,5.0958450989148
1.291875,0.058688066113004,5.09655933071736
1.292,0.058538141623321,5.09727355947175
1.292125,0.0583557243889107,5.09798778639845
1.29225,0.0581409156704608,5.09870201223059
1.292375,0.0578938347104528,5.09941623740775
1.2925,0.0576146186669685,5.10013046219311
1.292625,0.0573034225375498,5.10084468674409
1.29275,0.0569604190731554,5.10155891115476
1.292875,0.0565857986822624,5.10227313548135
1.293,0.056179769325165,5.10298735975748
1.293125,0.0557425563985292,5.10370158400327
1.29325,0.0552744026102689,5.10441580823077
1.293375,0.0547755678448107,5.10513003244721
1.2935,0.0542463290188238,5.10584425665689
1.293625,0.053686979927495,5.10655848086236
1.29375,0.0530978310814332,5.10727270506507
1.293875,0.0524792095342945,5.10798692926572
1.294,0.0518314587012239,5.10870115346443
1.294125,0.051154938168214,5.10941537766075
1.29425,0.0504500234924865,5.11012960185344
1.294375,0.0497171059940073,5.11084382604014
1.2945,0.0489565925382514,5.11155805021657
1.294625,0.0481689053103377,5.11227227437526
1.29475,0.0473544815806588,5.11298649850349
1.294875,0.0465137734621373,5.11370072257973
1.295,0.0456472476592415,5.114414946568
1.295125,0.0447553852089011,5.11512917040885
1.29525,0.0438386812134663,5.11584339400511
1.295375,0.0428976445658589,5.11655761719976
1.2955,0.0419327976670671,5.117271839742
1.295625,0.0409446761361417,5.11798606123612
1.29575,0.0399338285128549,5.11870028106557
1.295875,0.0389008159531851,5.11941449828211
1.296,0.037846211917799,5.12012871144691
1.296125,0.0367706018537026,5.1208429184069
1.29625,0.0356745828692373,5.12155711598657
1.296375,0.0345587634026037,5.12227129957242
1.2965,0.0334237628840943,5.12298546256633
1.296625,0.0322702113922251,5.1236995956862
1.29675,0.0310987493039549,5.12441368609948
1.296875,0.0299100269391888,5.12512771638972
1.297,0.0287047041997606,5.12584166337987
1.297125,0.0274834502030967,5.12655549686942
1.29725,0.0262469429107635,5.12726917838239
1.297375,0.0249958687521059,5.12798266006696
1.2975,0.0237309222431836,5.12869588392373
1.297625,0.0224528056012194,5.12940878155919
1.29775,0.0211622283547715,5.13012127465677
1.297875,0.019859906949847,5.13083327633098
1.298,0.0185465643521757,5.13154469348193
1.298125,0.017222929645864,5.13225543019814
1.29825,0.015889737628652,5.13296539216002
1.298375,0.0145477284039997,5.13367449187888
1.2985,0.0131976469702266,5.13438265447886
1.298625,0.0118402428069346,5.13508982361418
1.29875,0.0104762694589429,5.13579596703643
1.298875,0.00910648411796611,5.136501081306
1.299,0.00773164720226787,5.13720519518548
1.299125,0.00635252193452306,5.13790837135539
1.29925,0.00496987391812329,5.13861070623684
1.299375,0.00358447071216063,5.13931232786734
1.2995,0.00219708140532563,5.14001339193199
1.299625,0.000808476188956169,5.14071407618535
1.29975,-0.000580574070525908,5.14141457359951
1.299875,-0.00196929825955292,5.14211508464231
1.3,-0.00335692544548676,5.14281580912897
1.300125,-0.0047426853045939,5.14351693810883
1.30025,-0.00612580854968241,5.14421864624817
1.300375,-0.00750552735716358,5.14492108515105
1.3005,-0.00888107579330115,5.14562437801725
1.300625,-0.0102516902394114,5.14632861596347
1.30075,-0.0116166098157781,5.14703385622676
1.300875,-0.012975076804047,5.14774012232954
1.301,-0.0143263370678655,5.14844740612444
1.301125,-0.0156696404715336,5.1491556714737
1.30125,-0.0170042412964343,5.14986485917666
1.301375,-0.0183293986550113,5.15057489266327
1.3015,-0.0196443769020662,5.1512856839371
1.301625,-0.0209484460431436,5.15199713928231
1.30175,-0.022240882139781,5.15270916433573
1.301875,-0.0235209677113957,5.15342166824858
1.302,-0.0247879921335875,5.1541345667985
1.302125,-0.0260412520326347,5.1548477844396
1.30225,-0.0272800516759654,5.15556125537962
1.302375,-0.0285037033583866,5.15627492384097
1.3025,-0.0297115277838573,5.15698874369584
1.302625,-0.0309028544425936,5.15770267766978
1.30275,-0.0320770219832954,5.15841669629063
1.302875,-0.0332333785802901,5.15913077672926
1.303,-0.0343712822953869,5.15984490164328
1.303125,-0.0354901014342438,5.16055905809951
1.30325,-0.0365892148970462,5.16127323662022
1.303375,-0.0376680125233056,5.1619874303735
1.3035,-0.0387258954305845,5.1627016345103
1.303625,-0.0397622763469606,5.1634158456385
1.30375,-0.0407765799370461,5.16413006141748
1.303875,-0.04176824312138,5.16484428025336
1.304,-0.042736715389017,5.16555850107458
1.304125,-0.0436814591031391,5.16627272316992
1.30425,-0.0446019497995201,5.16698694607326
1.304375,-0.0454976764776781,5.16770116948301
1.3045,-0.0463681418845527,5.16841539320644
1.304625,-0.0472128627905518,5.16912961712196
1.30475,-0.0480313702578123,5.16984384115379
1.304875,-0.0488232099005279,5.17055806525528
1.305,-0.0495879421371976,5.17127228939804
1.305125,-0.0503251424346564,5.17198651356498
1.30525,-0.0510344015437521,5.17270073774596
1.305375,-0.0517153257265366,5.17341496193499
1.3055,-0.0523675369748477,5.1741291861286
1.305625,-0.0529906732201574,5.17484341032479
1.30575,-0.0535843885345719,5.17555763452239
1.305875,-0.054148353322872,5.17627185872078
1.306,-0.0546822545054857,5.17698608291957
1.306125,-0.0551857956922926,5.17770030711857
1.30625,-0.0556586973471636,5.17841453131768
1.306375,-0.0561006969431442,5.17912875551684
1.3065,-0.056511549108195,5.17984297971606
1.306625,-0.0568910257614095,5.18055720391535
1.30675,-0.0572389162396323,5.18127142811483
1.306875,-0.0575550274144083,5.18198565231463
1.307,-0.057839183799198,5.18269987651507
1.307125,-0.0580912276467984,5.18341410071663
1.30725,-0.0583110190369166,5.18412832492014
1.307375,-0.058498435953847,5.18484254912702
1.3075,-0.058653374354209,5.18555677333961
1.307625,-0.0587757482247071,5.18627099756179
1.30775,-0.058865489629882,5.18698522180004
1.307875,-0.0589225487498267,5.18769944606507
1.308,-0.0589468939078447,5.18841367037465
1.308125,-0.0589385115880374,5.18912789475817
1.30825,-0.0588974064428085,5.18984211926428
1.308375,-0.0588236012902838,5.19055634397345
1.3085,-0.0587171371016455,5.19127056901867
1.308625,-0.0585780729783891,5.19198479461947
1.30875,-0.0584064861195162,5.19269902113771
1.308875,-0.0582024717786798,5.19341324916869
1.309,-0.0579661432113071,5.19412747968955
1.309125,-0.0576976316117292,5.19484171430003
1.30925,-0.057397086040351,5.19555595561154
1.309375,-0.0570646733409044,5.19627020787316
1.3095,-0.0567005780478286,5.19698447797442
1.309625,-0.056305002283829,5.19769877704444
1.30975,-0.0558781656476732,5.19841312299068
1.309875,-0.0554203050922849,5.19912754451312
1.31,-0.0549316747932035,5.19984208742861
1.310125,-0.0544125460074831,5.20055682460257
1.31025,-0.0538632069231087,5.20127187147826
1.310375,-0.0532839624990139,5.20198741010769
1.3105,-0.0526751342957872,5.2027037252522
1.310625,-0.0520370602971632,5.2034212543489
1.31075,-0.051370094722396,5.20414064236878
1.310875,-0.0506746078296201,5.20486276110043
1.311,-0.0499509857103068,5.20558860188016
1.311125,-0.0491996300749315,5.20631895331288
1.31125,-0.0484209580299697,5.20705396532766
1.311375,-0.0476154018463467,5.20779297047676
1.3115,-0.0467834087194684,5.20853479316948
1.311625,-0.045925440520967,5.20927824841095
1.31175,-0.0450419735422993,5.21002239957818
1.311875,-0.0441334982303402,5.21076650747573
1.312,-0.0432005189151178,5.21150984042271
1.312125,-0.0422435535298412,5.2122514694893
1.31225,-0.0412631333233768,5.21299007640842
1.312375,-0.0402598025653327,5.21372377635118
1.3125,-0.0392341182439142,5.2144499942443
1.312625,-0.0381866497567194,5.21516549729514
1.31275,-0.0371179785946452,5.21586672367028
1.312875,-0.0360286980190801,5.21655046267822
1.313,-0.0349194127325626,5.21721468895331
1.313125,-0.0337907385430885,5.21785911756579
1.31325,-0.0326433020222523,5.21848514643289
1.313375,-0.0314777401574141,5.21909526093464
1.3135,-0.0302946999980838,5.21969227721388
1.313625,-0.0290948382967195,5.22027876094789
1.31375,-0.0278788211441391,5.2208567390938
1.313875,-0.0266473235997486,5.22142765269712
1.314,-0.0254010293167906,5.22199244568022
1.314125,-0.0241406301628221,5.22255170091385
1.31425,-0.022866825835633,5.22310576916828
1.314375,-0.0215803234748169,5.22365486710253
1.3145,-0.0202818372692107,5.22419914173147
1.314625,-0.0189720880604211,5.22473870882941
1.31475,-0.0176518029426578,5.22527367370811
1.314875,-0.0163217148590956,5.22580414083382
1.315,-0.0149825621949893,5.22633021770687
1.315125,-0.0136350883677673,5.22685201772332
1.31525,-0.0122800414143326,5.22736966495629
1.315375,-0.0109181735757977,5.22788330130805
1.3155,-0.00955024087988695,5.22839309457212
1.315625,-0.00817700272123619,5.22889924530509
1.31575,-0.00679922143982301,5.22940199086913
1.315875,-0.00541766189776236,5.2299016059865
1.316,-0.00403309105470173,5.23039840010547
1.316125,-0.00264627754205187,5.23089271250088
1.31625,-0.00125799123628951,5.23138490624885
1.316375,0.000130997168431254,5.23187536210373
1.3165,0.00151991658812146,5.23236447300673
1.316625,0.00290799597701628,5.23285263960196
1.31675,0.00429446475561283,5.23334026681426
1.316875,0.00567855323844921,5.23382776129636
1.317,0.00705949306138715,5.23431552938921
1.317125,0.00843651760816136,5.23480397515082
1.31725,0.00980886243595848,5.23529349798726
1.317375,0.0111757656997895,5.23578448946233
1.3175,0.0125364685754201,5.2362773289785
1.317625,0.0138902156806243,5.23677237822302
1.31775,0.0152362554945267,5.2372699745686
1.317875,0.0165738407748021,5.23777042399508
1.318,0.0179022289724992,5.23827399450848
1.318125,0.0192206826442592,5.23878091138111
1.31825,0.0205284698617002,5.23929135569071
1.318375,0.0218248646177397,5.2398054674687
1.3185,0.0231091472296305,5.24032335420549
1.318625,0.0243806047384854,5.2408451045539
1.31875,0.025638531305069,5.24137080601738
1.318875,0.0268822286016379,5.2419005645528
1.319,0.0281110061996104,5.24243452380615
1.319125,0.0293241819528515,5.24297288258797
1.31925,0.0305210823763594,5.24351591140019
1.319375,0.0317010430201445,5.24406397191983
1.3195,0.0328634088380928,5.24461754601941
1.319625,0.0340075345516082,5.24517728161634
1.31975,0.0351327850078333,5.24574406070105
1.319875,0.0362385355322484,5.24631908934306
1.32,0.037324172275454,5.24690399523168
1.320125,0.0383890925539437,5.24750088739151
1.32025,0.0394327051846785,5.24811228879873
1.320375,0.0404544308132769,5.24874083101035
1.3205,0.0414537022356383,5.24938866618048
1.320625,0.0424299647128216,5.2500567426337
1.32075,0.0433826762790035,5.25074430315021
1.320875,0.0443113080423464,5.25144895342909
1.321,0.0452153444786081,5.25216730148415
1.321125,0.046094283717331,5.25289578873293
1.32125,0.0469476378204514,5.2536313058593
1.321375,0.0477749330531741,5.25437145162117
1.3215,0.0485757101469627,5.25511452287088
1.321625,0.0493495245544991,5.25585938139097
1.32175,0.0500959466964703,5.25660529942656
1.321875,0.0508145622000464,5.25735182957159
1.322,0.0515049721289162,5.25809870800907
1.322125,0.0521667932047545,5.25884578005068
1.32225,0.0527996580199957,5.2595929227494
1.322375,0.0534032152417984,5.26033992748176
1.3225,0.0539771298070847,5.26108631445458
1.322625,0.0545210831085492,5.26183113056644
1.32275,0.0550347731715312,5.26257294233725
1.322875,0.055517914821655,5.26331026637118
1.323,0.0559702398431422,5.26404227839433
1.323125,0.0563914971277108,5.26476918225026
1.32325,0.0567814528139768,5.26549192947521
1.323375,0.0571398904172813,5.26621167111974
1.3235,0.0574666109498714,5.2669293923323
1.323625,0.0577614330313675,5.26764580813129
1.32375,0.0580241929894564,5.268361396882
1.323875,0.0582547449507539,5.26907646671109
1.324,0.0584529609217864,5.26979121278979
1.324125,0.0586187308600466,5.2705057577733
1.32425,0.0587519627350844,5.27122017837121
1.324375,0.0588525825795979,5.2719345223567
1.3245,0.0589205345304973,5.27264881935399
1.324625,0.0589557808599184,5.27336308765073
1.32475,0.0589583019961684,5.27407733848493
1.324875,0.0589280965345926,5.27479157873188
1.325,0.0588651812383557,5.27550581258015
1.325125,0.0587695910291378,5.27622004257171
1.32525,0.0586413789677493,5.27693427024399
1.325375,0.0584806162246766,5.27764849652407
1.3255,0.0582873920405742,5.27836272196963
1.325625,0.0580618136767251,5.27907694691543
1.32575,0.0578040063554978,5.27979117156211
1.325875,0.0575141131908319,5.2805053960298
1.326,0.0571922951087914,5.28121962039035
1.326125,0.05683873075823,5.28193384468671
1.32625,0.0564536164116176,5.28264806894457
1.326375,0.0560371658560837,5.28336229317931
1.3265,0.0555896102747368,5.28407651740012
1.326625,0.0551111981183272,5.28479074161254
1.32675,0.0546021949673242,5.28550496581986
1.326875,0.054062883384483,5.28621919002406
1.327,0.0534935627579846,5.28693341422632
1.327125,0.0528945491352353,5.28764763842727
1.32725,0.0522661750474177,5.28836186262723
1.327375,0.051608789324891,5.28907608682622
1.3275,0.0509227569035432,5.28979031102397
1.327625,0.0502084586222021,5.29050453521981
1.32775,0.049466291011218,5.29121875941249
1.327875,0.0486966660723357,5.29193298359973
1.328,0.0479000110499773,5.29264720777761
1.328125,0.0470767681940637,5.29336143193945
1.32825,0.0462273945145053,5.29407565607398
1.328375,0.045352361527499,5.29478988016246
1.3285,0.0444521549937727,5.29550410417403
1.328625,0.0435272746489214,5.29621832805839
1.32875,0.0425782339259857,5.29693255173461
1.328875,0.0416055596704259,5.29764677507389
1.329,0.0406097918476508,5.29836099787385
1.329125,0.0395914832432626,5.2990752198204
1.32925,0.0385511991561851,5.29978944043251
1.329375,0.0374895170848453,5.30050365898337
1.3295,0.0364070264065821,5.30121787439013
1.329625,0.0353043280504607,5.3019320850628
1.32975,0.0341820341636749,5.30264628870174
1.329875,0.0330407677717202,5.30336048203285
1.33,0.0318811624325296,5.30407466047086
1.330125,0.030703861884761,5.30478881770421
1.33025,0.0295095196904338,5.30550294520255
1.330375,0.0282987988721117,5.30621703165819
1.3305,0.0270723715448334,5.30693106238918
1.330625,0.0258309185429962,5.30764501874991
1.33075,0.0245751290423988,5.30835887761569
1.330875,0.023305700177653,5.30907261102401
1.331,0.0220233366551782,5.30978618606521
1.331125,0.0207287503619913,5.31049956511431
1.33125,0.0194226599705109,5.31121270648358
1.331375,0.018105790539595,5.31192556555164
1.3315,0.0167788731120323,5.3126380963919
1.331625,0.0154426443087124,5.31335025388103
1.33175,0.0140978459196989,5.314061996217
1.331875,0.0127452244924335,5.31477328771994
1.332,0.0113855309172977,5.31548410173399
1.332125,0.0100195200107653,5.31619442340428
1.33225,0.00864795009637358,5.31690425208065
1.332375,0.0072715825837492,5.31761360310394
1.3325,0.00589118154591943,5.31832250876548
1.332625,0.00450751329514565,5.31903101829054
1.33275,0.00312134595751341,5.31973919677699
1.332875,0.00173344904651563,5.32044712310913
1.333,0.000344593035865467,5.32115488695511
1.333125,-0.00104445106822384,5.32186258503449
1.33325,-0.00243291215505479,5.3225703169037
1.333375,-0.00382001943751949,5.32327818054715
1.3335,-0.00520500287999393,5.32398626807774
1.333625,-0.00658709362581508,5.32469466184186
1.33375,-0.00796552442410358,5.32540343119084
1.333875,-0.00933953005569499,5.32611263012543
1.334,-0.0107083477579433,5.32682229594558
1.334125,-0.0120712176481604,5.32753244895135
1.33425,-0.0134273831454576,5.3282430931503
1.334375,-0.0147760913907531,5.32895421784222
1.3345,-0.0161165936647146,5.32966579988467
1.334625,-0.0174481458034026,5.33037780639898
1.33475,-0.018770008611386,5.33109019766289
1.334875,-0.0200814482720984,5.33180292995029
1.335,-0.0213817367552097,5.3325159581182
1.335125,-0.022670152220784,5.33322923779596
1.33525,-0.0239459794200026,5.33394272709348
1.335375,-0.0252085100922271,5.33465638780458
1.3355,-0.0264570433581828,5.33537018613073
1.335625,-0.0276908861090457,5.3360840929867
1.33575,-0.0289093533912149,5.33679808397029
1.335875,-0.0301117687865575,5.33751213908568
1.336,-0.0312974647879162,5.33822624230643
1.336125,-0.0324657831696694,5.33894038105309
1.33625,-0.0336160753531386,5.33965454564508
1.336375,-0.0347477027666409,5.34036872877077
1.3365,-0.0358600371999862,5.34108292500445
1.336625,-0.0369524611532223,5.34179713038613
1.33675,-0.0380243681794338,5.34251134207032
1.336875,-0.0390751632214061,5.3432255580422
1.337,-0.040104262941966,5.34393977689505
1.337125,-0.0411110960478153,5.34465399765989
1.33725,-0.0420951036066804,5.34536821967817
1.337375,-0.0430557393575974,5.34608244250816
1.3375,-0.0439924700141649,5.34679666585742
1.337625,-0.0449047755605931,5.34751088953491
1.33775,-0.0457921495403858,5.34822511341739
1.337875,-0.046654099337496,5.34893933742642
1.338,-0.0474901464497969,5.34965356151267
1.338125,-0.0482998267547192,5.35036778564553
1.33825,-0.0490826907669041,5.35108200980619
1.338375,-0.0498383038877323,5.35179623398328
1.3385,-0.0505662466465874,5.35251045816996
1.338625,-0.0512661149337221,5.35322468236219
1.33875,-0.0519375202245965,5.35393890655759
1.338875,-0.0525800897955647,5.35465313075479
1.339,-0.0531934669307898,5.35536735495299
1.339125,-0.0537773111202716,5.35608157915174
1.33925,-0.0543312982488794,5.35679580335078
1.339375,-0.0548551207762814,5.35751002754998
1.3395,-0.0553484879076742,5.35822425174925
1.339625,-0.0558111257552159,5.35893847594855
1.33975,-0.0562427774900733,5.35965270014788
1.339875,-0.0566432034849988,5.36036692434723
1.34,-0.0570121814473589,5.36108114854664
1.340125,-0.0573495065425381,5.36179537274616
1.34025,-0.0576549915076528,5.36250959694592
1.340375,-0.0579284667555096,5.36322382114612
1.3405,-0.0581697804687509,5.36393804534708
1.340625,-0.0583787986841362,5.36465226954939
1.34075,-0.0585554053669122,5.365366493754
1.340875,-0.0586995024752293,5.36608071796248
1.341,-0.0588110100145698,5.36679494217747
1.341125,-0.058889866082158,5.36750916640332
1.34125,-0.0589360269013256,5.36822339064721
1.341375,-0.0589494668458161,5.36893761492098
1.3415,-0.0589301784540117,5.3696518392442
1.341625,-0.0588781724330772,5.37036606364912
1.34175,-0.0587934776530176,5.37108028818888
1.341875,-0.0586761411306527,5.37179451295107
1.342,-0.0585262280035174,5.37250873807973
1.342125,-0.0583438214937029,5.37322296381151
1.34225,-0.0581290228616583,5.37393719053434
1.342375,-0.0578819513499783,5.37465141888272
1.3425,-0.0576027441172083,5.37536564989153
1.342625,-0.0572915561617038,5.37607988524342
1.34275,-0.0569485602355864,5.3767941276648
1.342875,-0.0565739467488431,5.37750838155644
1.343,-0.056167923663624,5.37822265399284
1.343125,-0.0557307163787957,5.37893695629745
1.34325,-0.0552625676048149,5.37965130651393
1.343375,-0.0547637372289915,5.38036573326541
1.3435,-0.0542345021712163,5.38108028175966
1.343625,-0.0536751562302334,5.38179502310311
1.34375,-0.0530860099205422,5.38251006868104
1.343875,-0.0524673903000196,5.38322559209014
1.344,-0.051819640788359,5.38394186140617
1.344125,-0.0511431209764256,5.38465928214406
1.34425,-0.0504382064266348,5.38537844003463
1.344375,-0.0497052884644637,5.38610010423596
1.3445,-0.0489447739612122,5.38682511558537
1.344625,-0.0481570851081344,5.38755411116818
1.34475,-0.0473426591820641,5.38828720707393
1.344875,-0.046501948302667,5.38902391758273
1.345,-0.0456354191814519,5.3897634010728
1.345125,-0.0447435528626827,5.39050477818096
1.34525,-0.0438268444563319,5.39124727412118
1.345375,-0.0428858028632275,5.39199018146943
1.3455,-0.0419209504925429,5.39273274485598
1.345625,-0.0409328229717878,5.39347402617704
1.34575,-0.0399219688494618,5.39421276088713
1.345875,-0.0388889492905343,5.39494721173018
1.346,-0.0378343377649205,5.39567505540212
1.346125,-0.0367587197291271,5.39639338342057
1.34625,-0.0356626923012429,5.39709892938596
1.346375,-0.034546863929456,5.39778858696705
1.3465,-0.0334118540542816,5.39846010946815
1.346625,-0.0322582927646863,5.39911267869498
1.34675,-0.0310868204483023,5.3997470288721
1.346875,-0.0298980874359235,5.40036507928596
1.347,-0.0286927536404823,5.40096931640967
1.347125,-0.0274714881907066,5.40156222538546
1.34725,-0.0262349690596607,5.40214593541081
1.347375,-0.0249838826883765,5.40272208754882
1.3475,-0.0237189236047841,5.40329185468112
1.347625,-0.022440794038152,5.40385603492204
1.34775,-0.0211502035292529,5.40441516165438
1.347875,-0.0198478685364704,5.40496959902567
1.348,-0.018534512038065,5.40551961195133
1.348125,-0.0172108631308213,5.40606541203051
1.34825,-0.0158776566252976,5.40660718546683
1.348375,-0.0145356326379047,5.4071451088759
1.3485,-0.0131855361800379,5.40767935739022
1.348625,-0.0118281167444928,5.40821010850581
1.34875,-0.0104641278893926,5.40873754439981
1.348875,-0.00909432681985819,5.40926185444658
1.349,-0.00771947396765465,5.40978323848389
1.349125,-0.00634033256904556,5.4103019104705
1.34925,-0.00495766824109084,5.41081810177874
1.349375,-0.00357224855662275,5.41133206342428
1.3495,-0.00218484261813615,5.41184406683875
1.349625,-0.000796220630829578,5.41235440313306
1.34975,0.000592846524965896,5.41286338105337
1.349875,0.00198158772173261,5.41337132395581
1.35,0.00336923201284954,5.41387856613356
1.350125,0.00475500906057508,5.41438544876432
1.35025,0.00613814956369192,5.41489231565289
1.350375,0.00751788568457647,5.41539950886221
1.3505,0.00889345147545587,5.41590736428321
1.350625,0.0102640833036159,5.41641620720293
1.35075,0.0116290202753235,5.41692634799359
1.350875,0.0129875046582296,5.4174380781535
1.351,0.0143387823020155,5.41795166706173
1.351125,0.0156821030570527,5.41846735992841
1.35125,0.0170167211908397,5.41898537748831
1.351375,0.0183418958019887,5.41950591795219
1.3515,0.019656891231529,5.42002916156741
1.351625,0.0209609774713006,5.42055527784621
1.35175,0.0222534305692111,5.42108443514588
1.351875,0.0235335330311303,5.42161681194354
1.352,0.0248005742191998,5.4221526090166
1.352125,0.026053850746337,5.42269206203337
1.35225,0.0272926668667128,5.42323545493777
1.352375,0.0285163348619886,5.42378313592815
1.3525,0.0297241754230961,5.42433553937405
1.352625,0.0309155180273493,5.42489321801913
1.35275,0.0320897013106785,5.42545688969755
1.352875,0.0332460734347804,5.42602750094404
1.353,0.0343839924489796,5.42660630429873
1.353125,0.0355028266466017,5.42719493221343
1.35325,0.036601954915659,5.42779542451673
1.353375,0.0376807670836553,5.42841013561896
1.3535,0.0387386642563172,5.42904144094197
1.353625,0.0397750591500648,5.42969122454871
1.35375,0.0407893764180367,5.43036027862257
1.353875,0.0417810529694886,5.43104789804251
1.354,0.0427495382823882,5.43175193591315
1.354125,0.043694294709032,5.43246932593648
1.35425,0.0446147977745165,5.43319678544258
1.354375,0.045510536467895,5.43393136960952
1.3545,0.0463810135258611,5.43467073642223
1.354625,0.0472257457088005,5.43541317159123
1.35475,0.0480442640690568,5.43615748788911
1.354875,0.0488361142112642,5.43690288981601
1.355,0.049600856544601,5.4376488504818
1.355125,0.0503380665268252,5.43839501542667
1.35525,0.0510473348999553,5.43914113054739
1.355375,0.0517282679174668,5.43988698131151
1.3555,0.0523804875628777,5.44063232227756
1.355625,0.053003631759601,5.44137677330946
1.35575,0.0535973545719491,5.44211968548421
1.355875,0.0541613263971774,5.44286006718481
1.356,0.0546952341484611,5.44359675357337
1.356125,0.0551987814287027,5.44432887747648
1.35625,0.0556716886950755,5.44505631466652
1.356375,0.0561136934142097,5.44577968395974
1.3565,0.0565245502079361,5.44649995835605
1.356625,0.0569040309895066,5.44721807792706
1.35675,0.0572519250902154,5.44793477297804
1.356875,0.0575680393763506,5.44865055135903
1.357,0.0578521983564115,5.44936574768561
1.357125,0.0581042442785322,5.45008057709712
1.35725,0.0583240372180573,5.45079517639322
1.357375,0.0585114551552205,5.45150963203751
1.3575,0.0586663940428839,5.45222399842337
1.357625,0.0587887678643001,5.45293830961017
1.35775,0.0588785086808648,5.45365258682035
1.357875,0.0589355666698332,5.45436684321083
1.358,0.0589599101519799,5.45508108689725
1.358125,0.0589515256091868,5.45579532286129
1.35825,0.0589104176919486,5.45650955414711
1.358375,0.0588366092167925,5.45722378260718
1.3585,0.0587301411536128,5.45793800936468
1.358625,0.0585910726029288,5.45865223509845
1.35875,0.0584194807630764,5.45936646021764
1.358875,0.0582154608873541,5.46008068496833
1.359,0.0579791262311447,5.46079490949823
1.359125,0.057710607989045,5.4615091338959
1.35925,0.0574100552220347,5.46222335821438
1.359375,0.0570776347747287,5.46293758248541
1.3595,0.0567135311827565,5.46365180672799
1.359625,0.0563179465703195,5.46436603095349
1.35975,0.0558911005379862,5.46508025516871
1.359875,0.0554332300407838,5.46579447937774
1.36,0.0549445892566567,5.46650870358303
1.360125,0.0544254494453631,5.46722292778604
1.36025,0.0538760987978898,5.46793715198767
1.360375,0.0532968422764667,5.46865137618841
1.3605,0.0526880014452715,5.46936560038856
1.360625,0.0520499142919182,5.47007982458824
1.36075,0.0513829350398278,5.47079404878745
1.360875,0.050687433951586,5.47150827298604
1.361,0.049963797123397,5.47222249718367
1.361125,0.0492124262707476,5.47293672137969
1.36125,0.0484337385053998,5.47365094557293
1.361375,0.0476281661038371,5.47436516976143
1.3615,0.0467961562672914,5.4750793939418
1.361625,0.0459381708734855,5.47579361810838
1.36175,0.0450546862202274,5.47650784225179
1.361875,0.0441461927609994,5.4772220663566
1.362,0.0432131948326894,5.4779362903978
1.362125,0.0422562103756142,5.47865051433529
1.36225,0.0412757706459918,5.4793647381055
1.362375,0.0402724199210206,5.48007896160891
1.3625,0.0392467151967312,5.48079318469177
1.362625,0.0381992258787761,5.48150740711956
1.36275,0.0371305334663316,5.48222162853951
1.362875,0.0360412312292852,5.48293584842836
1.363,0.0349319238788895,5.48365006602129
1.363125,0.0338032272320629,5.48436428021728
1.36325,0.0326557678695274,5.48507848945617
1.363375,0.0314901827879686,5.48579269156337
1.3635,0.0303071190464152,5.48650688355981
1.363625,0.0291072334070314,5.48722106143799
1.36375,0.0278911919705232,5.48793521990987
1.363875,0.02665966980636,5.48864935213932
1.364,0.0254133505780179,5.48936344948067
1.364125,0.0241529261634517,5.49007750125365
1.36425,0.0228790962710066,5.4907914945933
1.364375,0.0215925680509832,5.49150541441742
1.3645,0.020294055703071,5.49221924355316
1.364625,0.0189842800798685,5.49293296305806
1.36475,0.01766396828671,5.49364655275902
1.364875,0.0163338532780213,5.49435999201735
1.365,0.014994673450428,5.49507326070837
1.365125,0.0136471722328432,5.49578634038151
1.36525,0.0122920976737607,5.49649921554223
1.365375,0.0109302020259845,5.49721187497285
1.3655,0.00956224132902397,5.49792431298991
1.365625,0.00818897498938647,5.49863653052398
1.36575,0.00681116535900138,5.49934853590844
1.365875,0.0054295773120087,5.50006034527724
1.366,0.00404497782014738,5.50077198249906
1.366125,0.00265813552697933,5.50148347861273
1.36625,0.0012698203211852,5.50219487077313
1.366375,-0.000119197090831059,5.50290620076283
1.3665,-0.00150814561279162,5.50361751316621
1.366625,-0.00289625418661061,5.50432885333629
1.36675,-0.00428275222043888,5.50504026530485
1.366875,-0.00566687001644985,5.50575178979214
1.367,-0.00704783919812916,5.50646346246285
1.367125,-0.00842489313683083,5.50717531255058
1.36725,-0.00979726737736309,5.50788736193727
1.367375,-0.0111642000623677,5.50859962473042
1.3675,-0.0125249323552571,5.50931210733495
1.367625,-0.0138787088614749,5.51002480897293
1.36775,-0.015224778047845,5.51073772256898
1.367875,-0.0165623926597776,5.51145083589499
1.368,-0.0178908101361003,5.51216413285693
1.368125,-0.0192092930212828,5.51287759480955
1.36825,-0.0205171093748281,5.51359120179897
1.368375,-0.0218135331776021,5.51430493365578
1.3685,-0.0230978447348752,5.51501877088832
1.368625,-0.024369331075854,5.51573269535243
1.36875,-0.0256272863494799,5.51644669069863
1.368875,-0.0268710122162752,5.51716074261593
1.369,-0.0280998182360192,5.51787483890441
1.369125,-0.0293130222510393,5.51858896941468
1.36925,-0.0305099507649045,5.51930312589356
1.369375,-0.0316899393163099,5.52001730177191
1.3695,-0.0328523328479458,5.52073149192538
1.369625,-0.033996486070147,5.52144569243183
1.36975,-0.0351217638191187,5.52215990034244
1.369875,-0.0362275414095417,5.52287411347711
1.37,-0.0373132049813603,5.52358833024941
1.370125,-0.0383781518405614,5.52430254952218
1.37025,-0.0394217907937537,5.52501677049195
1.370375,-0.0404435424763636,5.52573099259895
1.3705,-0.0414428396742642,5.5264452154585
1.370625,-0.0424191276386584,5.52715943880984
1.37075,-0.0433718643940431,5.5278736624786
1.370875,-0.0443005210390819,5.52858788634972
1.371,-0.0452045820402195,5.5293021103483
1.371125,-0.0460835455178761,5.53001633442619
1.37125,-0.0469369235250609,5.53073055855288
1.371375,-0.0477642423182519,5.53144478270923
1.3715,-0.0485650426203902,5.53215900688343
1.371625,-0.049338879875844,5.53287323106824
1.37175,-0.0500853244971996,5.53358745525929
1.371875,-0.0508039621037436,5.53430167945398
1.372,-0.0514943937515025,5.53501590365076
1.372125,-0.0521562361547133,5.53573012784874
1.37225,-0.0527891218986016,5.53644435204739
1.372375,-0.0533926996433492,5.5371585762464
1.3725,-0.0539666343191373,5.53787280044562
1.372625,-0.0545106073121581,5.53858702464494
1.37275,-0.055024316641491,5.53930124884432
1.372875,-0.0555074771267452,5.54001547304371
1.373,-0.0559598205463753,5.54072969724311
1.373125,-0.0563810957865832,5.54144392144251
1.37325,-0.0567710689807219,5.54215814564193
1.373375,-0.0571295236391252,5.54287236984138
1.3735,-0.0574562607692911,5.5435865940409
1.373625,-0.0577510989863512,5.54430081824057
1.37375,-0.0580138746137654,5.54501504244052
1.373875,-0.058244441774187,5.54572926664097
1.374,-0.0584426724704453,5.54644349084229
1.374125,-0.0586084566566038,5.5471577150451
1.37425,-0.0587417022990513,5.54787193925044
1.374375,-0.0588423354275951,5.54858616346
1.3745,-0.0589103001765257,5.5493003876766
1.374625,-0.0589455588156311,5.55001461190486
1.37475,-0.0589480917711435,5.5507288361524
1.374875,-0.0589178976366069,5.55144306043174
1.375,-0.0588549931736585,5.55215728476347
1.375125,-0.058759413302725,5.55287150918138
1.37525,-0.058631211083638,5.55358573374093
1.375375,-0.0584704576861798,5.55429995853302
1.3755,-0.0582772423505748,5.55501418370635
1.375625,-0.0580516723379505,5.55572840950374
1.37575,-0.057793872870793,5.55644263632065
1.375875,-0.0575039870634329,5.55715686479925
1.376,-0.0571821758425976,5.55787109597882
1.376125,-0.0568286178580755,5.55858533153501
1.37625,-0.0564435093835421,5.55929957415823
1.376375,-0.0560270642076013,5.56001382814875
1.3765,-0.055579513515104,5.56072810034699
1.376625,-0.05510110575881,5.56144240157911
1.37675,-0.0545921065214623,5.56215674889066
1.376875,-0.0540527983683531,5.5628711689815
1.377,-0.053483480690462,5.56358570346771
1.377125,-0.0528844695382528,5.56430041692005
1.37725,-0.0522560974462226,5.56501540909574
1.377375,-0.0515987132483,5.56573083332718
1.3775,-0.0509126818841944,5.56644692312808
1.377625,-0.0501983841968048,5.56716402675142
1.37775,-0.0494562167207998,5.56788263990744
1.377875,-0.0486865914624861,5.5686034049255
1.378,-0.0478899356710895,5.56932702204303
1.378125,-0.0470666916015719,5.57005404875872
1.37825,-0.0462173162691197,5.57078468435438
1.378375,-0.0453422811954373,5.57151871228286
1.3785,-0.0444420721469879,5.57225562889785
1.378625,-0.043517188865326,5.57299480808356
1.37875,-0.0425681447896723,5.57373558517746
1.378875,-0.041595466771884,5.57447725987314
1.379,-0.0405996947839794,5.57521905187768
1.379125,-0.0395813816183792,5.57596002506946
1.37925,-0.03854109258103,5.57669898460892
1.379375,-0.0374794051775819,5.57743435808345
1.3795,-0.0363969087927926,5.57816409220334
1.379625,-0.0352942043633381,5.57888562675666
1.37975,-0.0341719040442091,5.57959603177112
1.379875,-0.0330306308688805,5.5802923726325
1.38,-0.0318710184034422,5.58097226102604
1.380125,-0.0306937103948812,5.58163439224591
1.38025,-0.0294993604137139,5.58227880622584
1.380375,-0.0282886314911634,5.58290674644116
1.3805,-0.0270621957510853,5.58352022218072
1.380625,-0.0258207340368461,5.58412150242126
1.38075,-0.0245649355333606,5.58471272409639
1.380875,-0.0232954973844987,5.5852956794555
1.381,-0.0220131243060737,5.58587175718894
1.381125,-0.0207185281946276,5.58644197887037
1.38125,-0.0194124277322295,5.58700707696124
1.381375,-0.0180955479875072,5.5875675784228
1.3815,-0.0167686200131336,5.5881238754602
1.381625,-0.0154323804399908,5.58867627766913
1.38175,-0.0140875710682375,5.58922504713293
1.381875,-0.0127349384555073,5.58977042066091
1.382,-0.0113752335024649,5.59031262323003
1.382125,-0.010009211035952,5.59085187570574
1.38225,-0.00863762938995352,5.59138839907189
1.382375,-0.00726124998461662,5.59192241679013
1.3825,-0.00588083690355664,5.59245415635869
1.382625,-0.00449715646968429,5.59298385060656
1.38275,-0.00311097681978981,5.59351173883093
1.382875,-0.00172306747812003,5.5940380676385
1.383,-0.000334198929185251,5.59456309128374
1.383125,0.00105485780996696,5.59508707134861
1.38325,0.00244333161777375,5.5956102757115
1.383375,0.00383045169623683,5.59613297685666
1.3835,0.0052154479988229,5.5966554496558
1.383625,0.00659755165794684,5.59717796880732
1.38375,0.00797599541180043,5.59770080615256
1.383875,0.00935001403028971,5.59822422811205
1.384,0.0107188447398445,5.5987484935029
1.384125,0.012081727646864,5.59927385201099
1.38425,0.0134379061595643,5.59980054359074
1.384375,0.0147866274079919,5.60032879904117
1.3845,0.0161271426619719,5.60085884194931
1.384625,0.0174587077467582,5.60139089209984
1.38475,0.018780583456154,5.60192517033757
1.384875,0.0200920359628746,5.60246190477578
1.385,0.0213923372259245,5.6030013382317
1.385125,0.0226807653947616,5.60354373692346
1.38525,0.0239566052100255,5.60408940084522
1.385375,0.0252191484006062,5.60463867685264
1.3855,0.0264676940768342,5.60519197622545
1.385625,0.0277015491195717,5.60574979911096
1.38575,0.0289200285649913,5.60631276851649
1.385875,0.0301224559848269,5.60688167599458
1.386,0.0313081638618856,5.60745753880809
1.386125,0.0324764939606141,5.60804166189919
1.38625,0.0336267976925109,5.60863568455213
1.386375,0.0347584364761844,5.60924157130415
1.3865,0.0358707820918553,5.60986148865936
1.386625,0.0369632170301059,5.61049751634603
1.38675,0.0380351348346854,5.61115120220266
1.386875,0.0390859404391779,5.61182308327192
1.387,0.040115050497348,5.61251239333157
1.387125,0.0411218937069794,5.6132171425298
1.38725,0.0421059111270289,5.61393455690954
1.387375,0.0430665564879164,5.6146616580348
1.3875,0.0440032964947819,5.61539573191908
1.387625,0.0449156111235389,5.61613457073202
1.38775,0.0458029939095614,5.61687651416564
1.387875,0.0466649522288425,5.61762037578427
1.388,0.047501007571471,5.6183653291424
1.388125,0.048310695807271,5.6191107965462
1.38825,0.0490935674434604,5.61985635724933
1.388375,0.0498491878741824,5.62060167707092
1.3885,0.0505771376217735,5.62134645428516
1.388625,0.0512770125696325,5.62209037249395
1.38875,0.0519484241865627,5.62283304854526
1.388875,0.052590999742462,5.62357396956545
1.389,0.0532043825152401,5.62431244657368
1.389125,0.0537882319888509,5.6250476733397
1.38925,0.0543422240423264,5.62577897588243
1.389375,0.0548660511297106,5.6265061478978
1.3895,0.0553594224507909,5.62722957455235
1.389625,0.0558220641125336,5.62795002446586
1.38975,0.0562537192811341,5.62866832837532
1.389875,0.056654148324596,5.62938517753352
1.39,0.0570231289457615,5.63010107340033
1.390125,0.0573604563057179,5.63081635519887
1.39025,0.057665943137513,5.63153124498224
1.390375,0.0579394198501154,5.63224588597554
1.3905,0.0581807346225619,5.63296036987934
1.390625,0.0583897534882404,5.63367475510131
1.39075,0.0585663604092609,5.63438907865811
1.390875,0.0587104573408739,5.63510336388488
1.391,0.0588219642858998,5.63581762540965
1.391125,0.0589008193391394,5.63653187234999
1.39125,0.058946978721741,5.63724611035717
1.391375,0.0589604168055046,5.63796034291536
1.3915,0.0589411261271103,5.63867457216209
1.391625,0.0588891173922626,5.63938879940287
1.39175,0.0588044194697477,5.64010302543186
1.391875,0.0586870793754088,5.64081725073052
1.392,0.0585371622460466,5.64153147558983
1.392125,0.0583547513032602,5.64224570018521
1.39225,0.0581399478072486,5.64295992462222
1.392375,0.057892871000598,5.64367414896425
1.3925,0.0576136580420866,5.64438837324935
1.392625,0.0573024639305435,5.64510259750032
1.39275,0.0569594614188036,5.64581682173081
1.392875,0.0565848409178062,5.646531045949
1.393,0.0561788103908921,5.64724527015981
1.393125,0.0557415952383556,5.64795949436616
1.39325,0.0552734381723166,5.64867371856983
1.393375,0.0547745990819827,5.64938794277187
1.3935,0.0542453548893755,5.65010216697293
1.393625,0.0536859993956009,5.65081639117337
1.39375,0.0530968431177497,5.65153061537343
1.393875,0.0524782131165182,5.65224483957323
1.394,0.0518304528146444,5.65295906377281
1.394125,0.0511539218062621,5.65367328797217
1.39425,0.0504489956572763,5.65438751217123
1.394375,0.0497160656968729,5.65510173636981
1.3945,0.048955538800277,5.6558159605676
1.394625,0.0481678371628819,5.65653018476402
1.39475,0.0473533980658717,5.6572444089581
1.394875,0.0465126736334711,5.65795863314819
1.395,0.0456461305819533,5.65867285733152
1.395125,0.0447542499605487,5.65938708150353
1.39525,0.0438375268843963,5.66010130565677
1.395375,0.0428964702596864,5.66081552977915
1.3955,0.0419316025011471,5.66152975385141
1.395625,0.0409434592420329,5.66224397784312
1.39575,0.0399325890367732,5.66295820170685
1.395875,0.0388995530564497,5.66367242536959
1.396,0.0378449247772684,5.66438664872053
1.396125,0.0367692896622012,5.66510087159365
1.39625,0.0356732448359728,5.66581509374387
1.396375,0.0345573987535741,5.66652931481462
1.3965,0.0334223708624852,5.66724353429504
1.396625,0.0322687912587964,5.66795775146476
1.39675,0.0310973003374177,5.66867196532469
1.396875,0.0299085484365706,5.66938617451298
1.397,0.0287031954767605,5.67010037720685
1.397125,0.0274819105944293,5.67081457101314
1.39725,0.0262453717704917,5.67152875285339
1.397375,0.0249942654539619,5.6722429188532
1.3975,0.0237292861808793,5.67295706424923
1.397625,0.0224511361887441,5.67367118333113
1.39775,0.0211605250266786,5.67438526943721
1.397875,0.0198581691615283,5.67509931502265
1.398,0.0185447915801238,5.67581331181556
1.398125,0.0172211213879224,5.67652725107024
1.39825,0.0158878934042533,5.67724112391929
1.398375,0.0145458477543907,5.67795492181675
1.3985,0.0131957294586814,5.67866863705499
1.398625,0.011838288018955,5.67938226332728
1.39875,0.0104742770024458,5.68009579629873
1.398875,0.00910445362345855,5.68080923413996
1.399,0.00772957832300898,5.68152257797376
1.399125,0.00635041434667308,5.68223583218576
1.39925,0.0049677273208797,5.68294900455652
1.399375,0.00358228482788118,5.68366210618542
1.3995,0.00219485597963836,5.68437515119343
1.399625,0.000806210990856248,5.68508815621269
1.39975,-0.000582879248592422,5.68580113969142
1.399875,-0.00197164360161852,5.68651412106163
1.4,-0.00335931111200508,5.68722711983152
1.400125,-0.00474511143239552,5.68794015467241
1.40025,-0.00612827525194379,5.68865324257097
1.400375,-0.00750803472338925,5.68936639811006
1.4005,-0.00888362388931898,5.69007963292882
1.400625,-0.0102542791073811,5.69079295539349
1.40075,-0.0116192394742126,5.69150637049015
1.400875,-0.0129777472478473,5.69221987992957
1.401,-0.0143290482683682,5.6929334824361
1.401125,-0.0156723923765716,5.69364717417912
1.40125,-0.0170070338304102,5.69436094929737
1.401375,-0.0183322317189841,5.69507480046493
1.4015,-0.0196472503738501,5.69578871945123
1.401625,-0.0209513597774203,5.69650269763571
1.40175,-0.0222438359682239,5.69721672644826
1.401875,-0.0235239614428071,5.69793079771873
1.402,-0.024791025554048,5.69864490392964
1.402125,-0.0260443249056652,5.69935903837567
1.40225,-0.0272831637427006,5.70007319524063
1.402375,-0.0285068543377615,5.70078736960673
1.4025,-0.0297147173728054,5.70150155741284
1.402625,-0.0309060823162561,5.70221575537834
1.40275,-0.0320802877952436,5.70292996090722
1.402875,-0.0332366819627577,5.70364417198462
1.403,-0.0343746228595153,5.70435838707496
1.403125,-0.0354934787703371,5.70507260502791
1.40325,-0.0365926285748386,5.70578682499556
1.403375,-0.0376714620922389,5.70650104636251
1.4035,-0.0387293804200963,5.70721526868874
1.403625,-0.039765796266784,5.70792949166412
1.40375,-0.0407801342775184,5.70864371507315
1.403875,-0.0417718313537626,5.70935793876819
1.404,-0.042740336965825,5.71007216264949
1.404125,-0.0436851134584803,5.71078638665057
1.40425,-0.0446056363494443,5.71150061072773
1.404375,-0.0455013946205348,5.71221483485265
1.4045,-0.0463718910013591,5.71292905900717
1.404625,-0.0472166422453688,5.71364328317983
1.40475,-0.0480351793981297,5.71435750736349
1.404875,-0.0488270480576574,5.71507173155374
1.405,-0.0495918086266752,5.7157859557479
1.405125,-0.0503290365566517,5.71650017994435
1.40525,-0.0510383225834857,5.71721440414212
1.405375,-0.0517192729547054,5.71792862834066
1.4055,-0.052371509648057,5.71864285253962
1.405625,-0.0529946705813598,5.71935707673883
1.40575,-0.0535884098135141,5.72007130093817
1.405875,-0.0541523977365464,5.72078552513757
1.406,-0.0546863212585895,5.72149974933701
1.406125,-0.0551898839776924,5.72221397353646
1.40625,-0.055662806346366,5.72292819773591
1.406375,-0.0561048258267712,5.72364242193536
1.4065,-0.0565156970364651,5.72435664613481
1.406625,-0.0568951918846234,5.72507087033425
1.40675,-0.0572430996986633,5.72578509453372
1.406875,-0.0575592273411971,5.72649931873322
1.407,-0.0578433993172511,5.72721354293282
1.407125,-0.0580954578716909,5.72792776713258
1.40725,-0.0583152630767979,5.72864199133264
1.407375,-0.05850269290995,5.72935621553325
1.4075,-0.0586576433213619,5.73007043973479
1.407625,-0.0587800282918479,5.73078466393789
1.40775,-0.0588697798805759,5.73149888814364
1.407875,-0.0589268482627841,5.73221311235378
1.408,-0.0589512017574426,5.7329273365712
1.408125,-0.0589428268448408,5.73364156080064
1.40825,-0.0589017281740939,5.73435578504983
1.408375,-0.0588279285605631,5.7350700093315
1.4085,-0.0587214689731903,5.73578423366641
1.408625,-0.0585824085117561,5.7364984580885
1.40875,-0.0584108243740714,5.73721268265317
1.408875,-0.0582068118131232,5.73792690745061
1.409,-0.0579704840841965,5.73864113262739
1.409125,-0.0577019723820028,5.73935535842106
1.40925,-0.0574014257678498,5.74006958521531
1.409375,-0.0570690110868921,5.74078381362764
1.4095,-0.0567049128755099,5.74149804464776
1.409625,-0.0563093332588664,5.74221227985453
1.40975,-0.0558824918387009,5.74292652175408
1.409875,-0.0554246255714204,5.74364077430275
1.41,-0.0549359886365561,5.74435504371014
1.410125,-0.0544168522956595,5.74506933966344
1.41025,-0.0538675047417151,5.74578367718135
1.410375,-0.053288250939154,5.74649807940582
1.4105,-0.0526794124545566,5.74721258178963
1.410625,-0.0520413272781397,5.74792723836691
1.41075,-0.0513743496361248,5.74864213112952
1.410875,-0.0506788497940949,5.74935738393476
1.411,-0.0499552138514453,5.75007318247265
1.411125,-0.0492038435270459,5.75078980026405
1.41125,-0.0484251559362317,5.75150762432051
1.411375,-0.0476195833592468,5.75222716008957
1.4115,-0.0467875730012686,5.75294898218105
1.411625,-0.0459295867441479,5.75367361669534
1.41175,-0.0450461008900005,5.75440140567077
1.411875,-0.0441376058967939,5.75513243343572
1.412,-0.043204606106075,5.75586652786075
1.412125,-0.0422476194629918,5.7566032964186
1.41225,-0.0412671772287612,5.75734217417541
1.412375,-0.0402638236857463,5.75808246946649
1.4125,-0.0392381158353042,5.75882338396149
1.412625,-0.0381906230885731,5.75956399037802
1.41275,-0.0371219269503704,5.76030316800916
1.412875,-0.036032620696377,5.7610395107715
1.413,-0.0349233090437872,5.76177123611522
1.413125,-0.0337946078156068,5.76249614078881
1.41325,-0.0326471435987858,5.76321166625165
1.413375,-0.0314815533963763,5.76391513079359
1.4135,-0.030298484273907,5.76460412798885
1.413625,-0.0290985930001723,5.76527698492213
1.41375,-0.0278825456826343,5.76593309191637
1.413875,-0.0266510173976412,5.76657295222272
1.414,-0.0254046918156655,5.76719794758948
1.414125,-0.0241442608217727,5.76780995186527
1.41425,-0.0228704241315285,5.76841095397851
1.414375,-0.0215838889025597,5.76900279074415
1.4145,-0.0202853693419834,5.76958701122798
1.414625,-0.0189755863099228,5.77016484526187
1.41475,-0.0176552669193295,5.77073723443852
1.414875,-0.0163251441323352,5.77130488994239
1.415,-0.0149859563533552,5.77186835387333
1.415125,-0.0136384470191715,5.7724280520421
1.41525,-0.0122833641862221,5.77298433424313
1.415375,-0.0109214601153254,5.77353750260629
1.4155,-0.00955349085407098,5.77408783050621
1.415625,-0.00818021581710756,5.77463557470885
1.41575,-0.00680239736456255,5.77518098293397
1.415875,-0.0054208003788258,5.77572429841434
1.416,-0.00403619183993344,5.77626576255189
1.416125,-0.00264934039978708,5.77680561641061
1.41625,-0.00126101595544492,5.77734410150993
1.416375,0.000128010778278391,5.77788146017821
1.4165,0.00151696869666589,5.77841793559386
1.416625,0.00290508673316892,5.77895377157786
1.41675,0.00429159428745658,5.77948921219111
1.416875,0.00567572165320632,5.7800245012106
1.417,0.00705670044539837,5.78055988159229
1.417125,0.00843376402687658,5.78109559506029
1.41725,0.00980614793393899,5.78163188198404
1.417375,0.0111730903007219,5.78216898171297
1.4175,0.0125338322821417,5.78270713353166
1.417625,0.01388761847516,5.78324657838155
1.41775,0.0152336973381375,5.78378756147605
1.417875,0.0165713216080449,5.78433033593109
1.418,0.0178997487152978,5.78487516756465
1.418125,0.0192182411959872,5.78542234111487
1.41825,0.0205260671012743,5.78597216830786
1.418375,0.0218225004037251,5.78652499847983
1.4185,0.0231068214003565,5.78708123279699
1.418625,0.0243783171121724,5.78764134345585
1.41875,0.0256362816799668,5.78820589945827
1.418875,0.0268800167561742,5.78877560036586
1.419,0.0281088318925504,5.78935131823178
1.419125,0.0293220449234677,5.78993414451739
1.41925,0.0305189823446124,5.79052543167779
1.419375,0.0316989796868738,5.79112680749626
1.4195,0.032861381885218,5.7917401268344
1.419625,0.0340055436423405,5.79236731960058
1.41975,0.0351308297868964,5.79301011173071
1.419875,0.0362366156261098,5.79366965132636
1.42,0.0373222872925659,5.7943461526277
1.420125,0.0383872420849931,5.79503872047674
1.42025,0.0394308888028472,5.79574546780763
1.420375,0.0404526480745103,5.79646389091682
1.4205,0.0414519526789234,5.79719133354298
1.420625,0.0424282478604737,5.79792536070238
1.42075,0.0433809916369622,5.79866395858409
1.420875,0.0443096551004794,5.79940557709525
1.421,0.0452137227110239,5.80014907608319
1.421125,0.0460926925826993,5.80089363241189
1.42125,0.0469460767623317,5.80163864346662
1.421375,0.0477734015003522,5.80238364319306
1.4215,0.0485742075137946,5.8031282351996
1.421625,0.049348050241262,5.8038720425546
1.42175,0.0500945000897214,5.80461467277906
1.421875,0.050813142672988,5.80535569655019
1.422,0.0515035790417678,5.80609463893304
1.422125,0.0521654259051314,5.80683098662607
1.42225,0.052798315843294,5.80756423151465
1.422375,0.0534018975115857,5.80829398572742
1.4225,0.053975835835497,5.80902015451346
1.422625,0.0545198121966931,5.80974303828692
1.42275,0.0550335246098919,5.81046324140876
1.422875,0.0555166878905086,5.81118145645207
1.423,0.055969033812974,5.81189829068387
1.423125,0.0563903112596373,5.81261420201212
1.42325,0.0567802863601726,5.8133295087436
1.423375,0.05713874262141,5.81404442350648
1.4235,0.0574654810475205,5.81475908580659
1.423625,0.0577603202504868,5.81547358639671
1.42375,0.0580230965508,5.81618798398639
1.423875,0.0582536640683253,5.81690231635523
1.424,0.0584518948032865,5.81761660767413
1.424125,0.0586176787073244,5.81833087331078
1.42425,0.0587509237445898,5.81904512297254
1.424375,0.0588515559428371,5.81975936275168
1.4245,0.05891951943449,5.82047359644781
1.424625,0.0589547764876563,5.82118782641678
1.42475,0.0589573075270755,5.82190205411136
1.424875,0.0589271111449862,5.82261628042302
1.425,0.0588642041019086,5.82333050589642
1.425125,0.058768621317341,5.82404473086303
1.42525,0.058640415850375,5.82475895552394
1.425375,0.0584796588702411,5.82547318000074
1.4255,0.0582864396168012,5.82618740436685
1.425625,0.058060865351008,5.82690162866644
1.42575,0.0578030612953616,5.82761585292609
1.425875,0.0575131705643938,5.82833007716178
1.426,0.0571913540852208,5.82904430138307
1.426125,0.0568377905082068,5.82975852559572
1.42625,0.0564526761077886,5.83047274980318
1.426375,0.0560362246735171,5.8311869740075
1.4265,0.0555886673913749,5.83190119820994
1.426625,0.0551102527154362,5.83261542241124
1.42675,0.0546012462299415,5.83332964661185
1.426875,0.0540619305018615,5.83404387081203
1.427,0.0534926049240341,5.83475809501196
1.427125,0.0528935855489601,5.83547231921172
1.42725,0.0522652049133507,5.83618654341137
1.427375,0.0516078118535242,5.83690076761092
1.4275,0.0509217713117535,5.83761499181037
1.427625,0.0502074641336734,5.83832921600967
1.42775,0.0494652868568582,5.83904344020875
1.427875,0.0486956514906895,5.83975766440744
1.428,0.0478989852876334,5.84047188860547
1.428125,0.047075730506057,5.84118611280238
1.42825,0.0462263441647137,5.84190033699737
1.428375,0.0453512977890347,5.84261456118913
1.4285,0.0444510771493674,5.84332878537549
1.428625,0.0435261819913055,5.84404300955293
1.42875,0.0425771257582612,5.84475723371577
1.428875,0.041604435306433,5.84547145785496
1.429,0.0406086506123279,5.84618568195628
1.429125,0.0395903244729992,5.84689990599768
1.42925,0.0385500221991681,5.84761412994533
1.429375,0.0374883213013974,5.84832835374812
1.4295,0.0364058111694936,5.84904257732983
1.429625,0.0353030927453135,5.84975680057845
1.42975,0.0341807781891586,5.8504710233318
1.429875,0.0330394905399406,5.85118524535867
1.43,0.031879863369309,5.85189946633462
1.430125,0.0307025404299305,5.852613685812
1.43025,0.029508175298117,5.85332790318377
1.430375,0.0282974310110003,5.85404211764175
1.4305,0.0270709796984542,5.85475632813048
1.430625,0.0258295022099689,5.85547053329952
1.43075,0.0245736877366852,5.85618473145842
1.430875,0.0233042334287978,5.85689892054008
1.431,0.0220218440085396,5.85761309808
1.431125,0.0207272313789634,5.85832726121942
1.43125,0.0194211142287363,5.8590414067404
1.431375,0.0181042176331678,5.85975553113917
1.4315,0.0167772726516922,5.86046963074168
1.431625,0.0154410159220287,5.8611837018611
1.43175,0.0140961892512453,5.86189774099324
1.431875,0.0127435392039523,5.86261174504062
1.432,0.0113838166878553,5.86332571155229
1.432125,0.0100177765368966,5.86403963896205
1.43225,0.00864617709221769,5.8647535268054
1.432375,0.00726977978117398,5.86546737589415
1.4325,0.00588934869463671,5.86618118842869
1.432625,0.00450565016281602,5.86689496803117
1.43275,0.00311945232984098,5.86760871968886
1.432875,0.00173152472733252,5.86832244960416
1.433,0.000342637847206141,5.86903616495716
1.433125,-0.00104643728605847,5.86974987359475
1.43325,-0.00243492954344355,5.87046358366879
1.433375,-0.00382206811947735,5.87117730325054
1.4335,-0.00520708296013868,5.87189103995189
1.433625,-0.0065892051903443,5.87260480058285
1.43375,-0.00796766754078185,5.87331859087072
1.433875,-0.00934170477385133,5.87403241526031
1.434,-0.0107105541084788,5.87474627680548
1.434125,-0.0120734556435664,5.8754601771538
1.43425,-0.0134296527798432,5.87617411661722
1.434375,-0.014778392639884,5.87688809431471
1.4345,-0.0161189264860608,5.87760210836769
1.434625,-0.0174505101361973,5.87831615612706
1.43475,-0.0187724043766935,5.87903023441047
1.434875,-0.0200838753728929,5.87974433973102
1.435,-0.0213841950764629,5.88045846850233
1.435125,-0.0226726416295638,5.8811726172098
1.43525,-0.0239484997655803,5.8818867825426
1.435375,-0.0252110612061949,5.88260096148549
1.4355,-0.0264596250545812,5.88331515137308
1.435625,-0.0276934981844998,5.88402934991185
1.43575,-0.0289119956250799,5.88474355517624
1.435875,-0.0301144409410746,5.8854577655862
1.436,-0.0313001666083766,5.88617197987242
1.436125,-0.0324685143845877,5.88688619703542
1.43625,-0.0336188356744356,5.88760041630272
1.436375,-0.034750491889835,5.88831463708778
1.4365,-0.035862854804393,5.88902885895256
1.436625,-0.0369553069021637,5.88974308157513
1.43675,-0.0380272417204551,5.89045730472249
1.436875,-0.0390780641865015,5.89117152822848
1.437,-0.0401071909478119,5.89188575197634
1.437125,-0.041114050696013,5.89259997588523
1.43725,-0.0420980844840047,5.89331419989993
1.437375,-0.0430587460362548,5.89402842398328
1.4375,-0.0439955020520584,5.89474264811063
1.437625,-0.0449078325015944,5.8954568722658
1.43775,-0.0457952309146156,5.89617109643838
1.437875,-0.0466572046616101,5.89688532062172
1.438,-0.0474932752272808,5.89759954481161
1.438125,-0.0483029784761877,5.89831376900548
1.43825,-0.0490858649104093,5.89902799320171
1.438375,-0.0498414999190763,5.89974221739933
1.4385,-0.0505694640196426,5.90045644159778
1.438625,-0.0512693530907564,5.90117066579669
1.43875,-0.0519407785966052,5.90188488999587
1.438875,-0.0525833678026075,5.90259911419521
1.439,-0.0531967639823334,5.90331333839463
1.439125,-0.0537806266155377,5.90402756259408
1.43925,-0.0543346315771972,5.90474178679356
1.439375,-0.0548584713174454,5.90545601099305
1.4395,-0.0553518550323068,5.90617023519254
1.439625,-0.0558145088251338,5.90688445939202
1.43975,-0.0562461758586584,5.9075986835915
1.439875,-0.0566466164975733,5.90831290779097
1.44,-0.0570156084415636,5.90902713199044
1.440125,-0.057352946848715,5.90974135618991
1.44025,-0.0576584444492304,5.9104555803894
1.440375,-0.0579319316493914,5.91116980458894
1.4405,-0.0581732566257073,5.91188402878858
1.440625,-0.0583822854091986,5.91259825298839
1.44075,-0.0585589019597694,5.91331247718852
1.440875,-0.0587030082306264,5.91402670138921
1.441,-0.0588145242227095,5.91474092559084
1.441125,-0.0588933880291026,5.91545514979406
1.44125,-0.0589395558694018,5.91616937399994
1.441375,-0.0589530021140198,5.91688359821022
1.4415,-0.0589337192984151,5.91759782242776
1.441625,-0.0588817181272361,5.91831204665721
1.44175,-0.0587970274683793,5.9190262709062
1.441875,-0.0586796943369647,5.9197404951871
1.442,-0.0585297838692359,5.92045471952009
1.442125,-0.0583473792864013,5.92116894393787
1.44225,-0.0581325818484357,5.92188316849343
1.442375,-0.0578855107978672,5.92259739327241
1.4425,-0.0576063032935819,5.92331161841274
1.442625,-0.0572951143346819,5.92402584413577
1.44275,-0.0569521166744403,5.92474007079535
1.442875,-0.0565775007243994,5.92545429895435
1.443,-0.0561714744486664,5.92616852950356
1.443125,-0.0557342632484652,5.92688276384453
1.44325,-0.0552661098370077,5.92759700416853
1.443375,-0.0547672741047549,5.92831125387809
1.4435,-0.054238032975142,5.92902551821805
1.443625,-0.0536786802508481,5.92973980521081
1.44375,-0.0530895264506949,5.93045412702995
1.443875,-0.0524708986372668,5.93116850200245
1.444,-0.0518231402353454,5.93188295751414
1.444125,-0.051146610841262,5.93259753422758
1.44425,-0.0504416860232719,5.93331229223674
1.444375,-0.0497087571130622,5.93402732009232
1.4445,-0.0489482309885088,5.93474274789886
1.444625,-0.048160529847803,5.93545876528517
1.44475,-0.047346090975073,5.93617564244564
1.444875,-0.0465053664976311,5.93689374602106
1.445,-0.0456388231349804,5.937613534286
1.445125,-0.044746941939721,5.93833551899832
1.44525,-0.0438302180304988,5.9390601954828
1.445375,-0.0428891603171469,5.93978794544319
1.4455,-0.0419242912181696,5.94051892343609
1.445625,-0.040936146370728,5.9412529790429
1.44575,-0.0399252743332869,5.94198966717307
1.445875,-0.0388922362810893,5.94272832540018
1.446,-0.0378376056946259,5.94346815059426
1.446125,-0.0367619680412743,5.94420822821148
1.44625,-0.0356659204502829,5.94494750698458
1.446375,-0.0345500713812817,5.94568473522645
1.4465,-0.0334150402865029,5.94641838530392
1.446625,-0.0322614572668985,5.94714660132155
1.44675,-0.0310899627223468,5.9478672143428
1.446875,-0.0299012069961421,5.94857786988352
1.447,-0.0286958500139633,5.94927628615982
1.447125,-0.0274745609175236,5.94996060048667
1.44725,-0.026238017693104,5.95062969242561
1.447375,-0.0249869067951765,5.95128335426706
1.4475,-0.0237219227653267,5.95192224393107
1.447625,-0.0224437678466863,5.95254765915988
1.44775,-0.0211531515940909,5.95316123800561
1.447875,-0.0198507904801782,5.95376468717773
1.448,-0.0185374074976458,5.95435959364994
1.448125,-0.0172137317578902,5.95494732731175
1.44825,-0.0158804980862479,5.9555290148347
1.448375,-0.0145384466140658,5.95610555739858
1.4485,-0.0131883223678243,5.95667766887581
1.448625,-0.011830874855545,5.9572459187047
1.44875,-0.0104668576507085,5.95781077079338
1.448875,-0.00909702797391663,5.95837261494259
1.449,-0.00772214627252949,5.95893179038223
1.449125,-0.00634297579851112,5.95948860251681
1.44925,-0.00496028218471842,5.96004333442992
1.449375,-0.00357483301986821,5.96059625460403
1.4495,-0.00218739742241852,5.96114762202013
1.449625,-0.000798745613600636,5.96169768949722
1.44975,0.000590351510161013,5.96224670588264
1.449875,0.00197912280520389,5.96279491752246
1.45,0.00336679730871957,5.96334256931375
1.450125,0.00475260466674567,5.96388990555886
1.45025,0.00613577556181968,5.96443717079185
1.450375,0.0075155421400575,5.96498461072259
1.4505,0.0088911384374195,5.96553247343589
1.450625,0.0102618008049274,5.96608101098568
1.45075,0.011626768332596,5.96663048153794
1.450875,0.0129852832718445,5.96718115224021
1.451,0.0143365914561528,5.96773330303843
1.451125,0.0156799427197289,5.96828723172932
1.45125,0.0170145913139561,5.96884326063813
1.451375,0.0183397963213873,5.96940174544935
1.4515,0.0196548220670577,5.96996308688458
1.451625,0.0209589385268875,5.97052774608433
1.45175,0.0222514217329467,5.9710962646272
1.451875,0.0235315541753592,5.97166928992471
1.452,0.0247986252006203,5.97224760590205
1.452125,0.0260519314061092,5.97283216681312
1.45225,0.0272907770305758,5.97342412799203
1.452375,0.0285144743403851,5.97402486085784
1.4525,0.0297223440113061,5.97463593145969
1.452625,0.0309137155056313,5.97525901608658
1.45275,0.0320879274444192,5.97589573170644
1.452875,0.033244327974652,5.97654738258184
1.453,0.0343822751311055,5.9772146694862
1.453125,0.0355011371927292,5.97789745661813
1.45325,0.0366002930333406,5.97859470382486
1.453375,0.0376791324664365,5.97930461580149
1.4535,0.0387370565839325,5.98002495742216
1.453625,0.0397734780886407,5.98075341006704
1.45375,0.0407878216203018,5.98148785099547
1.453875,0.0417795240749909,5.98222650378547
1.454,0.0427480349177192,5.98296797239317
1.454125,0.0436928164880577,5.9837112007718
1.45425,0.0446133442986146,5.98445539877751
1.454375,0.0455091073261991,5.98519996137906
1.4545,0.0463796082955113,5.9859443948784
1.454625,0.0472243639551994,5.98668825567507
1.45475,0.0480429053461323,5.987431104236
1.454875,0.0488347780617379,5.98817247795318
1.455,0.0495995425002624,5.98891188912649
1.455125,0.0503367741088112,5.98964885417678
1.45525,0.0510460636190354,5.99038295192212
1.455375,0.0517270172743334,5.99111389322909
1.4555,0.0523792570484411,5.99184157838457
1.455625,0.0530024208552901,5.99256613259909
1.45575,0.0535961627500158,5.99328790878698
1.455875,0.0541601531210064,5.99400742528285
1.456,0.0546940788728833,5.99472524454663
1.456125,0.0551976436003135,5.99544186317011
1.45625,0.0556705677525563,5.99615766357573
1.456375,0.0561125887886536,5.9968729174953
1.4565,0.0565234613231774,5.99758781023334
1.456625,0.0569029572624533,5.9983024658401
1.45675,0.0572508659311851,5.99901696666725
1.456875,0.0575669941894093,5.9997313670908
1.457,0.0578511665397156,6.00044570281912
1.457125,0.0581032252246727,6.00115999715271
1.45725,0.0583230303144066,6.00187426518716
1.457375,0.0585104597842815,6.00258851662824
1.4575,0.0586654095826411,6.00330275766852
1.457625,0.0587877936885728,6.00401699222952
1.45775,0.0588775441596612,6.00473122277691
1.457875,0.058934611169707,6.00544545085076
1.458,0.0589589630363873,6.00615967740716
1.458125,0.0589505862388449,6.00687390303641
1.45825,0.0589094854251946,6.00758812810118
1.458375,0.0588356834099435,6.00830235282331
1.4585,0.0587292211613265,6.00901657733801
1.458625,0.0585901577785633,6.0097308017274
1.45875,0.0584185704590516,6.0104450260412
1.458875,0.0582145544555114,6.01115925030949
1.459,0.0579782230231078,6.01187347455039
1.459125,0.0577097073565787,6.01258769877482
1.45925,0.0574091565174042,6.01330192298935
1.459375,0.0570767373510573,6.01401614719792
1.4595,0.0567126343943821,6.01473037140292
1.459625,0.0563170497731502,6.01544459560575
1.45975,0.0558902030898539,6.01615881980729
1.459875,0.0554323313017965,6.01687304400804
1.46,0.0549436885895483,6.01758726820832
1.460125,0.0544245462158418,6.01830149240831
1.46025,0.0538751923749836,6.01901571660812
1.460375,0.0532959320328667,6.01972994080782
1.4605,0.0526870867576728,6.02044416500746
1.460625,0.052048994541357,6.02115838920705
1.46075,0.0513820096120166,6.02187261340659
1.460875,0.0506865022372448,6.02258683760609
1.461,0.0499628585185816,6.02330106180551
1.461125,0.0492114801771736,6.02401528600484
1.46125,0.048432784330764,6.02472951020398
1.461375,0.0476272032621337,6.0254437344028
1.4615,0.0467951841791252,6.0261579586011
1.461625,0.0459371889663804,6.02687218279849
1.46175,0.0450536939289299,6.02758640699437
1.461875,0.0441451895277787,6.02830063118772
1.462,0.0432121801076319,6.02901485537691
1.462125,0.0422551836169136,6.02972907955931
1.46225,0.0412747313202335,6.03044330373075
1.462375,0.0402713675034619,6.03115752788473
1.4625,0.0392456491715752,6.03187175201116
1.462625,0.0381981457394407,6.03258597609466
1.46275,0.0371294387157127,6.03330020011211
1.462875,0.0360401213800144,6.03401442402916
1.463,0.0349307984535852,6.03472864779558
1.463125,0.0338020857635765,6.03544287133899
1.46325,0.0326546099011822,6.03615709455673
1.463375,0.0314890078737935,6.03687131730546
1.4635,0.0303059267513712,6.03758553938843
1.463625,0.0291060233072321,6.03829976054029
1.46375,0.0278899636534483,6.03901398040966
1.463875,0.0266584228710628,6.0397281985402
1.464,0.025412084635325,6.04044241435132
1.464125,0.0241516408361567,6.04115662712043
1.46425,0.0228777911940564,6.04187083596905
1.464375,0.021591242871657,6.04258503985614
1.4645,0.0202927100811527,6.04329923758166
1.464625,0.0189829136878112,6.04401342780398
1.46475,0.0176625808097939,6.04472760907341
1.464875,0.0163324444145032,6.04544177988348
1.465,0.0149932429116843,6.04615593873947
1.465125,0.0136457197435049,6.04687008424218
1.46525,0.0122906229718408,6.04758421518255
1.465375,0.0109287048629978,6.04829833064118
1.4655,0.00956072147009906,6.04901243008516
1.465625,0.00818743221337015,6.04972651345376
1.46575,0.00680959945855518,6.05044058122415
1.465875,0.00542798809369748,6.05115463444927
1.466,0.00404336510452019,6.05186867476162
1.466125,0.00265649914864227,6.05258270433917
1.46625,0.0012681601288664,6.05329672583331
1.466375,-0.00012088123422447,6.05401074226204
1.4665,-0.00150985383012443,6.05472475687549
1.466625,-0.00289798658647851,6.05543877300351
1.46675,-0.00428450889713537,6.05615279389729
1.466875,-0.00566865104994118,6.05686682257739
1.467,-0.00704964465403726,6.05758086170016
1.467125,-0.00842672306642419,6.05829491345225
1.46725,-0.00979912181755567,6.05900897947989
1.467375,-0.0111660790357258,6.05972306085647
1.4675,-0.0125268358700141,6.06043715808749
1.467625,-0.0138806369115539,6.0611512711493
1.46775,-0.0152267306128895,6.06186539955483
1.467875,-0.0165643697051902,6.06257954243827
1.468,-0.0178928116130886,6.06329369864969
1.468125,-0.0192113188669136,6.06400786685133
1.46825,-0.0205191595120894,6.06472204560816
1.468375,-0.0218156075154723,6.06543623346727
1.4685,-0.0230999431684005,6.06615042902262
1.468625,-0.024371453486233,6.06686463096358
1.46875,-0.025629432604156,6.06757883810726
1.468875,-0.0268731821690359,6.06829304941634
1.469,-0.0281020117271037,6.06900726400448
1.469125,-0.0293152391072527,6.06972148113226
1.46925,-0.0305121907997393,6.07043570019628
1.469375,-0.0316922023300748,6.07114992071423
1.4695,-0.032854618627902,6.07186414230794
1.469625,-0.0339987943906504,6.07257836468625
1.46975,-0.0351240944417701,6.0732925876288
1.469875,-0.036229894083343,6.07400681097155
1.47,-0.0373155794428781,6.07472103459431
1.470125,-0.0383805478140963,6.07543525841032
1.47025,-0.0394242079915171,6.07614948235794
1.470375,-0.0404459805986601,6.07686370639401
1.4705,-0.0414452984096804,6.07757793048873
1.470625,-0.0424216066642584,6.07829215462186
1.47075,-0.0433743633755692,6.0790063787798
1.470875,-0.0443030396311616,6.07972060295359
1.471,-0.0452071198865787,6.08043482713736
1.471125,-0.0460861022515569,6.08114905132736
1.47125,-0.046939498768646,6.08186327552118
1.471375,-0.0477668356840937,6.08257749971733
1.4715,-0.0485676537108455,6.08329172391488
1.471625,-0.0493415082835135,6.08400594811327
1.47175,-0.0500879698051728,6.08472017231214
1.471875,-0.0508066238858478,6.0854343965113
1.472,-0.0514970715725571,6.08614862071063
1.472125,-0.0521589295707888,6.08686284491005
1.47225,-0.0527918304572821,6.08757706910951
1.472375,-0.0533954228839998,6.08829129330901
1.4725,-0.0539693717731752,6.08900551750852
1.472625,-0.0545133585033281,6.08971974170803
1.47275,-0.0550270810861442,6.09043396590754
1.472875,-0.0555102543341214,6.09114819010705
1.473,-0.0559626100188891,6.09186241430655
1.473125,-0.056383897020113,6.09257663850604
1.47325,-0.056773881464902,6.09329086270553
1.473375,-0.0571323468576413,6.09400508690501
1.4735,-0.057459094200178,6.0947193111045
1.473625,-0.057753942102293,6.09543353530399
1.47375,-0.058016726882399,6.09614775950349
1.473875,-0.0582473026584065,6.09686198370305
1.474,-0.0584455414287098,6.09757620790271
1.474125,-0.0586113331432458,6.09829043210255
1.47425,-0.0587445857645879,6.0990046563027
1.474375,-0.0588452253190401,6.09971888050341
1.4745,-0.0589131959377034,6.10043310470504
1.474625,-0.058948459887491,6.10114732890823
1.47475,-0.0589509975920763,6.10186155311401
1.474875,-0.0589208076427606,6.10257577732406
1.475,-0.0588579067992564,6.1032900015411
1.475125,-0.0587623299803831,6.10400422576958
1.47525,-0.0586341302446833,6.1047184500167
1.475375,-0.0584733787609681,6.1054326742941
1.4755,-0.0582801647688093,6.10614689862058
1.475625,-0.0580545955289993,6.10686112302637
1.47575,-0.057796796264007,6.10757534756
1.475875,-0.0575069100884623,6.10828957229904
1.476,-0.0571850979297083,6.10900379736699
1.476125,-0.0568315384384643,6.10971802295954
1.47625,-0.0564464278896506,6.11043224938499
1.476375,-0.0560299800734288,6.11114647712617
1.4765,-0.0555824261765193,6.11186070693389
1.476625,-0.0551040146538604,6.1125749399668
1.47675,-0.0545950110906822,6.11328917799762
1.476875,-0.0540556980550698,6.11400342371348
1.477,-0.0534863749410993,6.11471768114589
1.477125,-0.0528873578026331,6.11543195627666
1.47725,-0.0522589791778657,6.11614625787672
1.477375,-0.0516015879047198,6.11686059864947
1.4775,-0.0509155489271926,6.11757499677298
1.477625,-0.0502012430927618,6.11828947798455
1.47775,-0.0494590669409622,6.11900407846679
1.477875,-0.0486894324832519,6.11971884905277
1.478,-0.0478927669742884,6.12043386177675
1.478125,-0.0470695126747433,6.12114922061843
1.47825,-0.0462201266057866,6.12186507918613
1.478375,-0.0453450802953763,6.12258166800521
1.4785,-0.0444448595164954,6.12329933047037
1.478625,-0.0435199640174801,6.12401855453273
1.47875,-0.0425709072445905,6.12473996225444
1.478875,-0.0415982160569766,6.12546420264453
1.479,-0.0406024304341983,6.12619174971144
1.479125,-0.0395841031764621,6.12692272030723
1.47925,-0.0385437995977398,6.12765683113709
1.479375,-0.0374820972119412,6.12839348653219
1.4795,-0.0363995854123131,6.12913190040368
1.479625,-0.0352968651442451,6.12987117571196
1.47975,-0.0341745485716603,6.13061032073339
1.479875,-0.0330332587371804,6.13134821627574
1.48,-0.0318736292162493,6.13208355948639
1.480125,-0.0306963037654118,6.13281481293396
1.48025,-0.0295019359649382,6.13354019046704
1.480375,-0.0282911888559972,6.13425771199442
1.4805,-0.0270647345725752,6.13496534887066
1.480625,-0.025823253968349,6.13566125183896
1.48075,-0.0245674362387168,6.13634400981899
1.480875,-0.0232979785381992,6.13701285606181
1.481,-0.0220155855934213,6.13766774802224
1.481125,-0.0207209693118914,6.13830929976489
1.48125,-0.0194148483867932,6.13893860591083
1.481375,-0.018097947898011,6.13955702635703
1.4815,-0.0167709989096095,6.14016599300614
1.481625,-0.0154347380639915,6.14076687138622
1.48175,-0.0140899071729585,6.1413608824345
1.481875,-0.0127372528059022,6.14194907323601
1.482,-0.0113775258753543,6.14253232018844
1.482125,-0.0100114812201254,6.14311134958354
1.48225,-0.00863987718626432,6.14368676474816
1.482375,-0.00726347520607053,6.14425907313799
1.4825,-0.00588303937539291,6.14482871008107
1.482625,-0.00449933602945013,6.1453960580397
1.48275,-0.00311313331740781,6.14596146148542
1.482875,-0.00172520077594863,6.1465252380438
1.483,-0.000336308902072159,6.14708768672715
1.483125,0.00105277127463837,6.14764909403086
1.48325,0.00244126862004505,6.14820973854849
1.483375,0.00382841232354224,6.14876989463046
1.4835,0.005213432325964,6.14932983550166
1.483625,0.00659555974707437,6.14988983617384
1.48375,0.0079740273124031,6.15045017643927
1.483875,0.00934806977919012,6.15101114421036
1.484,0.010716924361202,6.15157303947373
1.484125,0.0120798311521847,6.15213617915337
1.48425,0.0134360335477179,6.1527009032259
1.484375,0.0147847786652356,6.15326758249484
1.4845,0.0161253177619814,6.15383662849938
1.484625,0.0174569066506652,6.15440850607388
1.48475,0.0187788061125911,6.15498374902612
1.484875,0.0200902823080268,6.15556297914211
1.485,0.0213906071835873,6.15614692805089
1.485125,0.0226790588764064,6.15673646009967
1.48525,0.023954922114871,6.15733259196722
1.485375,0.0252174886156972,6.15793650112094
1.4855,0.0264660574771263,6.15854951084497
1.485625,0.0276999355680233,6.1591730361543
1.48575,0.0289184379126615,6.15980847600023
1.485875,0.0301208880709798,6.16045704753518
1.486,0.0313066185141015,6.16111958073387
1.486125,0.0324749709949062,6.16179632159059
1.48625,0.033625296913449,6.1624868127271
1.486375,0.0347569576770243,6.16318990935063
1.4865,0.0358693250546737,6.16390393936428
1.486625,0.0369617815259427,6.16462695475973
1.48675,0.0380337206236902,6.16535698914808
1.486875,0.0390845472707634,6.16609225152401
1.487,0.0401136781103484,6.16683122891114
1.487125,0.0411205418298152,6.16757270822709
1.48725,0.042104579477876,6.16831574475311
1.487375,0.0430652447748816,6.1690596041511
1.4875,0.044002004416083,6.16980369689041
1.487625,0.0449143383676904,6.1705475157211
1.48775,0.0458017401555648,6.17129058182015
1.487875,0.0466637171463822,6.17203240423615
1.488,0.0474997908211138,6.17277245987016
1.488125,0.0483094970406718,6.17351020557691
1.48825,0.0490923863035713,6.17424513452127
1.488375,0.0498480239954665,6.17497687512752
1.4885,0.0505759906304234,6.17570529633344
1.488625,0.0512758820837925,6.17643055168602
1.48875,0.0519473098165556,6.17715302338605
1.488875,0.0525899010910189,6.1778732097641
1.489,0.0532032991777351,6.17859162588442
1.489125,0.0537871635535386,6.1793087375845
1.48925,0.0543411700905832,6.18002492450788
1.489375,0.0548650112362794,6.18074047168752
1.4895,0.055358396184029,6.18145558201154
1.489625,0.0558210510346636,6.18217039604844
1.48975,0.0562527189484979,6.18288501017017
1.489875,0.0566531602879113,6.18359949018765
1.49,0.057022152750381,6.18431388088513
1.490125,0.0573594914918916,6.18502821257426
1.49025,0.0576649892406518,6.18574250561864
1.490375,0.0579384764010578,6.18645677357761
1.4905,0.0581798011478421,6.18717102539353
1.490625,0.0583888295103586,6.18788526690664
1.49075,0.0585654454469554,6.18859950189506
1.490875,0.0587095509093947,6.18931373278088
1.491,0.0588210658972833,6.19002796110383
1.491125,0.0588999285024848,6.1907421878352
1.49125,0.0589460949434878,6.19145641358335
1.491375,0.0589595395897106,6.19217063872695
1.4915,0.0589402549757312,6.19288486350036
1.491625,0.058888251805431,6.1935990880479
1.49175,0.0588035589460542,6.19431331245806
1.491875,0.0586862234121819,6.19502753678486
1.492,0.0585363103396339,6.19574176106121
1.492125,0.0583539029493089,6.19645598530706
1.49225,0.0581391025009861,6.19717020953452
1.492375,0.0578920282371125,6.19788443375089
1.4925,0.0576128173166068,6.19859865796057
1.492625,0.0573016247387178,6.19931288216623
1.49275,0.0569586232569788,6.20002710636946
1.492875,0.0565840032833051,6.20074133057124
1.493,0.0561779727822901,6.20145555477213
1.493125,0.0557407571557559,6.20216977897249
1.49325,0.0552725991176242,6.20288400317253
1.493375,0.054773758559177,6.20359822737238
1.4935,0.0542445124047811,6.20431245157211
1.493625,0.0536851544581566,6.20502667577176
1.49375,0.0530959952392753,6.20574089997138
1.493875,0.0524773618119798,6.20645512417096
1.494,0.0518295976024171,6.20716934837052
1.494125,0.05115306220839,6.20788357257006
1.49425,0.0504481311997306,6.20859779676959
1.494375,0.0497151959098068,6.20931202096908
1.4945,0.0489546632182786,6.21002624516852
1.494625,0.0481669553252229,6.21074046936788
1.49475,0.0473525095167543,6.21145469356709
1.494875,0.0465117779222707,6.21216891776605
1.495,0.0456452272634588,6.21288314196459
1.495125,0.0447533385951987,6.21359736616244
1.49525,0.0438366070385118,6.21431159035911
1.495375,0.0428955415056998,6.21502581455387
1.4955,0.0419306644178281,6.21574003874551
1.495625,0.0409425114147091,6.21645426293216
1.49575,0.0399316310575479,6.21716848711085
1.495875,0.0388985845244148,6.21788271127704
1.496,0.0378439452987135,6.21859693542386
1.496125,0.0367682988508178,6.21931115954097
1.49625,0.0356722423130545,6.22002538361311
1.496375,0.0345563841482118,6.22073960761807
1.4965,0.0334213438117582,6.22145383152401
1.496625,0.032267751407958,6.22216805528599
1.49675,0.0310962473400762,6.22288227884157
1.496875,0.0299074819548657,6.22359650210554
1.497,0.028702115181534,6.22431072496356
1.497125,0.0274808161653911,6.2250249472651
1.49725,0.0262442628963804,6.22573916881577
1.497375,0.0249931418327004,6.2264533893697
1.4975,0.0237281475197242,6.22716760862271
1.497625,0.0224499822044308,6.22788182620729
1.49775,0.0211593554455596,6.22859604169066
1.497875,0.0198569837197073,6.22931025457736
1.498,0.018543590023583,6.23002446431747
1.498125,0.0172199034726444,6.23073867032165
1.49825,0.0158866588963376,6.23145287198346
1.498375,0.014544596430164,6.23216706870851
1.4985,0.0131944611048019,6.23288125994965
1.498625,0.0118370024325114,6.23359544524604
1.49875,0.0104729739910496,6.23430962426355
1.498875,0.0091031330053308,6.23502379683317
1.499,0.00772823992706082,6.23573796298397
1.499125,0.00634905801258022,6.23645212296702
1.49925,0.00496635289915081,6.23716627726722
1.499375,0.00358089217992014,6.23788042660073
1.4995,0.00219344497780033,6.23859457189696
1.499625,0.0008047815184976,6.23930871426539
1.49975,-0.000584327297070401,6.24002285494901
1.499875,-0.00197311032073212,6.24073699526761
1.5,-0.00336079658515689,6.24145113655518
1.500125,-0.00474661573184933,6.24216528009637
1.50025,-0.00612979843880576,6.24287942706696
1.500375,-0.00750957684759529,6.24359357848309
1.5005,-0.00888518498962834,6.24430773516263
1.500625,-0.0102558592113761,6.24502189770129
1.50075,-0.0116208385983049,6.24573606646401
1.500875,-0.0129793653972897,6.24645024159122
1.501,-0.0143306854372733,6.24716442301787
1.501125,-0.0156740485479361,6.2478786105024
1.50125,-0.0170087089761456,6.24859280366223
1.501375,-0.0183339257999535,6.24930700201222
1.5015,-0.0196489633399108,6.25002120500281
1.501625,-0.0209530915674725,6.25073541205516
1.50175,-0.0222455865102657,6.25144962259133
1.501875,-0.0235257306539953,6.25216383605829
1.502,-0.0247928133407643,6.25287805194545
1.502125,-0.0260461311635889,6.25359226979579
1.50225,-0.027284988356887,6.25430648921143
1.502375,-0.0285086971827257,6.25502070985461
1.5025,-0.029716578312612,6.25573493144516
1.502625,-0.0309079612046147,6.25644915375558
1.50275,-0.0320821844756093,6.25716337660486
1.502875,-0.0332385962684379,6.2578775998516
1.503,-0.0343765546137813,6.25859182338733
1.503125,-0.0354954277865415,6.25930604713023
1.50325,-0.0365945946565373,6.26002027101958
1.503375,-0.037673445033319,6.26073449501103
1.5035,-0.0387313800049091,6.26144871907271
1.503625,-0.0397678122702824,6.26216294318202
1.50375,-0.0407821664653999,6.26287716732323
1.503875,-0.0417738794826169,6.26359139148551
1.504,-0.0427424007832863,6.26430561566153
1.504125,-0.0436871927033846,6.26501983984639
1.50425,-0.0446077307519908,6.26573406403688
1.504375,-0.0455035039024524,6.2664482882309
1.5045,-0.0463740148760766,6.26716251242711
1.504625,-0.0472187804181897,6.26787673662467
1.50475,-0.0480373315664116,6.26859096082304
1.504875,-0.0488292139109949,6.2693051850219
1.505,-0.0495939878470866,6.27001940922104
1.505125,-0.0503312288187703,6.27073363342036
1.50525,-0.0510405275547543,6.27144785761977
1.505375,-0.0517214902955746,6.27216208181924
1.5055,-0.0523737390121867,6.27287630601874
1.505625,-0.0529969116158247,6.27359053021826
1.50575,-0.0535906621590118,6.27430475441778
1.505875,-0.0541546610276093,6.27501897861731
1.506,-0.054688595123799,6.27573320281684
1.506125,-0.0551921680398966,6.27644742701636
1.50625,-0.0556651002228999,6.27716165121588
1.506375,-0.0561071291296795,6.27787587541539
1.5065,-0.0565180093727278,6.2785900996149
1.506625,-0.0568975128563834,6.2793043238144
1.50675,-0.0572454289034567,6.2800185480139
1.506875,-0.057561564372185,6.28073277221339
1.507,-0.0578457437634542,6.28144699641288
1.507125,-0.058097809318225,6.28216122061238
1.50725,-0.0583176211051122,6.2828754448119
1.507375,-0.0585050570980661,6.28358966901147
1.5075,-0.0586600132441146,6.28430389321114
1.507625,-0.0587824035211275,6.28501811741098
1.50775,-0.0588721599855711,6.28573234161112
1.507875,-0.0589292328102268,6.2864465658118
1.508,-0.0589535903118528,6.28716079001336
1.508125,-0.0589452189687726,6.28787501421639
1.50825,-0.0589041234283823,6.28858923842187
1.508375,-0.0588303265045711,6.28930346263134
1.5085,-0.0587238691650562,6.29001768684735
1.508625,-0.0585848105086412,6.29073191107396
1.50875,-0.0584132277324079,6.29144613531771
1.508875,-0.0582092160888618,6.29216035958911
1.509,-0.0579728888330541,6.2928745839049
1.509125,-0.0577043771597094,6.29358880829171
1.50925,-0.0574038301303953,6.29430303279174
1.509375,-0.0570714145907723,6.29501725747142
1.5095,-0.0567073150779721,6.29573148243481
1.509625,-0.0563117337181536,6.29644570784374
1.50975,-0.0558848901142956,6.29715993394793
1.509875,-0.0554270212242865,6.29787416112936
1.51,-0.0549383812293802,6.29858838996626
1.510125,-0.0544192413930906,6.29930262132399
1.51025,-0.0538698899106025,6.30001685648035
1.510375,-0.0532906317487837,6.30073109729341
1.5105,-0.0526817884768863,6.30144534641676
1.510625,-0.0520436980880311,6.30215960756073
1.51075,-0.0513767148115747,6.30287388578343
1.510875,-0.0506812089164631,6.30358818777311
1.511,-0.0499575665056815,6.30430252205308
1.511125,-0.0492061893019129,6.30501689901947
1.51125,-0.0484274944245271,6.30573133076093
1.511375,-0.0476219141580213,6.30644583084427
1.5115,-0.046789895712042,6.30716041499574
1.511625,-0.0459319009731221,6.30787510546642
1.51175,-0.0450484062482692,6.30858994554472
1.511875,-0.0441399020005496,6.30930503539538
1.512,-0.043206892576813,6.31002059966061
1.512125,-0.0422498959277098,6.31073707569181
1.51225,-0.0412694433201567,6.31145516006227
1.512375,-0.0402660790424099,6.31217571530767
1.5125,-0.0392403601019092,6.31289951584355
1.512625,-0.0381928559160615,6.31362697447614
1.51275,-0.0371241479961352,6.31435802604887
1.512875,-0.0360348296244404,6.31509219607767
1.513,-0.0349255055249748,6.3158287502163
1.513125,-0.0337967915277177,6.31656681994567
1.51325,-0.0326493142267587,6.31730546306984
1.513375,-0.0314837106324512,6.3180436655414
1.5135,-0.0303006278177823,6.31878030865144
1.513625,-0.0291007225591579,6.31951412736053
1.51375,-0.0278846609718,6.32024368396047
1.513875,-0.0266531181399605,6.32096737961709
1.514,-0.0254067777421547,6.32168352158989
1.514125,-0.0241463316716254,6.32239045110968
1.51425,-0.0228724796522453,6.32308671479098
1.514375,-0.0215859288500728,6.32377123869163
1.5145,-0.0202873934807768,6.32444345369735
1.514625,-0.0189775944131469,6.32510333453426
1.51475,-0.0176572587689114,6.32575134681695
1.514875,-0.0163271195190831,6.32638832805399
1.515,-0.0149879150770583,6.32701534311066
1.515125,-0.0136403888886948,6.32763355004759
1.51525,-0.0122852890195954,6.32824409730326
1.515375,-0.0109233677398275,6.32884805793978
1.5155,-0.00955538110630831,6.32944639656264
1.515625,-0.00818208854308797,6.33003996021544
1.51575,-0.00680425241976321,6.33062948430281
1.515875,-0.00542263762825603,6.33121560633438
1.516,-0.00403801115819203,6.33179888253336
1.516125,-0.00265114167111421,6.33237980434839
1.51625,-0.00126279907376862,6.33295881338505
1.516375,0.000126245909301197,6.33353631423724
1.5165,0.00151522216361388,6.33411268525898
1.516625,0.00290335861282629,6.33468828760023
1.51675,0.00428988464678849,6.33526347294646
1.516875,0.00567403054933982,6.33583859042687
1.517,0.00705502792560878,6.3364139931435
1.517125,0.00843211012857942,6.33699004474981
1.51725,0.00980451268468737,6.33756712648577
1.517375,0.0111714737182094,6.3381456450579
1.5175,0.0125322343742106,6.33872604172466
1.517625,0.0138860392398151,6.33930880288499
1.51775,0.0152321367635654,6.33989447232513
1.517875,0.0165697796726385,6.34048366498196
1.518,0.0178982253876864,6.34107708152535
1.518125,0.0192167364350717,6.34167552211601
1.51825,0.0205245808562681,6.34227989624282
1.518375,0.0218210326141997,6.34289122358504
1.5185,0.0231053719962932,6.34351061868122
1.518625,0.0243768860140186,6.34413925068592
1.51875,0.0256348687986974,6.34477827027534
1.518875,0.0268786219933588,6.34542870096561
1.519,0.0281074551404248,6.34609130323455
1.519125,0.0293206860650109,6.3467664355004
1.51925,0.0305176412536287,6.3474539497375
1.519375,0.0316976562280795,6.34815316080409
1.5195,0.0328600759143331,6.3488629099832
1.519625,0.0340042550061852,6.34958170993509
1.51975,0.0351295583234925,6.35030792854933
1.519875,0.0362353611647867,6.35103996071319
1.52,0.037321049654071,6.35177635163789
1.520125,0.0383860210816072,6.35251585989652
1.52025,0.0394296842385039,6.35325746803297
1.520375,0.0404514597449201,6.35400035736401
1.5205,0.0414507803717022,6.35474386341002
1.520625,0.0424270913552755,6.35548742410678
1.52075,0.0433798507056154,6.35623052852618
1.520875,0.0443085295071281,6.35697267145488
1.521,0.0452126122122727,6.35771331982055
1.521125,0.0460915969277619,6.35845190075312
1.52125,0.0469449956931837,6.35918782641499
1.521375,0.0477723347518873,6.3599205715043
1.5215,0.0485731548139845,6.36064980261642
1.521625,0.0493470113113202,6.36137551376972
1.52175,0.0500934746442697,6.3620980737578
1.521875,0.050812130420227,6.36281811584509
1.522,0.0515025796836506,6.36353632727939
1.522125,0.0521644391375399,6.36425328295231
1.52225,0.0527973413562189,6.36496939409246
1.522375,0.0534009349893089,6.36568493319551
1.5225,0.0539748849567773,6.36640007763272
1.522625,0.0545188726349541,6.36711494506849
1.52275,0.0550325960334129,6.36782961623961
1.522875,0.0555157699626181,6.36854414823646
1.523,0.0559681261922449,6.3692585821247
1.523125,0.0563894136000852,6.36997294755029
1.52325,0.0567793983114556,6.37068726578386
1.523375,0.0571378638290312,6.3714015519081
1.5235,0.0574646111530316,6.37211581646535
1.523625,0.0577594588916943,6.37283006671421
1.52375,0.0580222433619726,6.37354430757911
1.523875,0.0582528186804031,6.37425854235472
1.524,0.0584510568440914,6.37497277321711
1.524125,0.0586168478017722,6.37568700158668
1.52425,0.0587500995149034,6.3764012283808
1.524375,0.0588507380087605,6.37711545418625
1.5245,0.0589187074135036,6.3778296793752
1.524625,0.058953969995193,6.37854390418185
1.52475,0.0589565061767373,6.37925812875262
1.524875,0.0589263145487618,6.37997235317846
1.525,0.0588634118703914,6.38068657751561
1.525125,0.0587678330599468,6.38140080179864
1.52525,0.0586396311755609,6.38211502604876
1.525375,0.0584788773857243,6.38282925027889
1.5255,0.058285660929777,6.38354347449693
1.525625,0.0580600890683689,6.38425769870764
1.52575,0.057802287023915,6.38497192291392
1.525875,0.0575123979110806,6.38568614711754
1.526,0.0571905826573321,6.38640037131954
1.526125,0.0568370199136009,6.38711459552057
1.52625,0.0564519059551075,6.38782881972102
1.526375,0.0560354545724013,6.38854304392111
1.5265,0.0555878969526776,6.38925726812098
1.526625,0.055109481551437,6.38997149232073
1.52675,0.054600473954558,6.3906857165204
1.526875,0.0540611567308603,6.39139994072002
1.527,0.0534918292752399,6.39211416491961
1.527125,0.0528928076424635,6.39282838911918
1.52725,0.0522644243717144,6.39354261331874
1.527375,0.0516070283019873,6.3942568375183
1.5275,0.0509209843784342,6.39497106171784
1.527625,0.0502066734497691,6.39568528591738
1.52775,0.0494644920568445,6.3963995101169
1.527875,0.0486948522125158,6.3971137343164
1.528,0.0478981811729174,6.39782795851586
1.528125,0.0470749212002759,6.39854218271526
1.52825,0.0462255293173936,6.39925640691453
1.528375,0.0453504770539367,6.39997063111362
1.5285,0.0444502501846716,6.40068485531238
1.528625,0.043525348459792,6.40139907951061
1.52875,0.0425762853274879,6.40211330370797
1.528875,0.0416035876489111,6.40282752790391
1.529,0.0406077954056934,6.4035417520976
1.529125,0.0395894614001824,6.4042559762877
1.52925,0.0385491509485585,6.4049702004722
1.529375,0.0374874415670066,6.40568442464803
1.5295,0.0364049226511137,6.40639864881065
1.529625,0.0353021951486727,6.40711287295334
1.52975,0.0341798712260728,6.40782709706639
1.529875,0.0330385739284617,6.40854132113595
1.53,0.0318789368338689,6.40925554514255
1.530125,0.0307016037014821,6.4099697690593
1.53025,0.0295072281142706,6.41068399284972
1.530375,0.0282964731161565,6.41139821646508
1.5305,0.0270700108439322,6.41211243984164
1.530625,0.0258285221541317,6.41282666289755
1.53075,0.0245726962450598,6.41354088552991
1.530875,0.0233032302741915,6.4142551076122
1.531,0.0220208289711521,6.41496932899255
1.531125,0.0207262042464945,6.41568354949333
1.53125,0.0194200747964892,6.41639776891257
1.531375,0.0181031657041484,6.4171119870279
1.5315,0.0167762080367032,6.41782620360307
1.531625,0.0154399384397598,6.41854041839747
1.53175,0.0140950987283586,6.41925463117841
1.531875,0.0127424354751632,6.41996884173556
1.532,0.0113826995960087,6.42068304989689
1.532125,0.0100166459330388,6.42139725554469
1.53225,0.00864503283566301,6.42211145863064
1.532375,0.00726862173956708,6.42282565918811
1.5325,0.00588817674401008,6.42353985734062
1.532625,0.00450446418764273,6.42425405330509
1.53275,0.00311825222308259,6.4249682473892
1.532875,0.00173031039048224,6.42568243998249
1.533,0.00034140919032719,6.4263966315416
1.533125,-0.00104768034429937,6.42711082257044
1.53325,-0.00243618707574749,6.42782501359678
1.533375,-0.00382334018988938,6.42853920514703
1.5335,-0.00520836962402885,6.42925339772121
1.533625,-0.00659050649439347,6.4299675917701
1.53375,-0.00796898352297241,6.4306817876763
1.533875,-0.00934303546346274,6.43139598574046
1.534,-0.010711899526088,6.43211018617355
1.534125,-0.0120748158010528,6.43282438909515
1.53425,-0.013431027680399,6.43353859453748
1.534375,-0.0147797822780288,6.43425280245423
1.5345,-0.0161203308476613,6.43496701273289
1.534625,-0.0174519291984915,6.43568122520933
1.53475,-0.01877383810832,6.43639543968309
1.534875,-0.0200853237339244,6.4371096559323
1.535,-0.0213856580184451,6.43782387372704
1.535125,-0.0226741190955582,6.43853809284065
1.53525,-0.0239499916902122,6.4392523130585
1.535375,-0.0252125675157056,6.43996653418413
1.5355,-0.026461145666885,6.44068075604309
1.535625,-0.0276950330092454,6.4413949784845
1.53575,-0.0289135445637163,6.442109201381
1.535875,-0.0301160038869215,6.44282342462753
1.536,-0.0313017434466989,6.44353764813916
1.536125,-0.0324701049926747,6.44425187184858
1.53625,-0.0336204399216842,6.44496609570341
1.536375,-0.0347521096378371,6.44568031966361
1.5365,-0.0358644859070277,6.44639454369909
1.536625,-0.0369569512056923,6.44710876778758
1.53675,-0.0380288990636215,6.44782299191291
1.536875,-0.0390797344006358,6.44853721606346
1.537,-0.0401088738569383,6.44925144023107
1.537125,-0.0411157461169611,6.44996566441004
1.53725,-0.0420997922265251,6.45067988859649
1.537375,-0.0430604659031381,6.4513941127878
1.5375,-0.0439972338392577,6.45210833698223
1.537625,-0.044909575998352,6.45282256117863
1.53775,-0.0457969859035922,6.45353678537627
1.537875,-0.0466589709190186,6.45425100957466
1.538,-0.0474950525230221,6.45496523377353
1.538125,-0.0483047665739911,6.45567945797267
1.53825,-0.0490876635679748,6.45639368217198
1.538375,-0.0498433088882209,6.4571079063714
1.5385,-0.0505712830464492,6.45782213057086
1.538625,-0.0512711819157256,6.45853635477037
1.53875,-0.05194261695481,6.45925057896989
1.538875,-0.0525852154238508,6.45996480316942
1.539,-0.0531986205913077,6.46067902736895
1.539125,-0.0537824919319879,6.46139325156849
1.53925,-0.0543365053160855,6.46210747576802
1.539375,-0.0548603531891188,6.46282169996756
1.5395,-0.0553537447426664,6.46353592416709
1.539625,-0.0558164060758067,6.46425014836662
1.53975,-0.0562480803471715,6.46496437256614
1.539875,-0.0566485279175288,6.46567859676566
1.54,-0.0570175264828167,6.46639282096517
1.540125,-0.0573548711975534,6.46710704516468
1.54025,-0.0576603747885549,6.46782126936418
1.540375,-0.0579338676588988,6.46853549356368
1.5405,-0.0581751979820739,6.46924971776317
1.540625,-0.0583842317862656,6.46996394196268
1.54075,-0.0585608530287296,6.4706781661622
1.540875,-0.0587049636602117,6.47139239036178
1.541,-0.0588164836793792,6.47210661456144
1.541125,-0.0588953511772334,6.47282083876126
1.54125,-0.0589415223714778,6.47353506296137
1.541375,-0.0589549716308237,6.47424928716197
1.5415,-0.0589356914892197,6.47496351136338
1.541625,-0.0588836926499963,6.47567773556614
1.54175,-0.0587990039799249,6.47639195977112
1.541875,-0.0586816724931925,6.47710618397972
1.542,-0.0585317633253032,6.47782040819417
1.542125,-0.0583493596969185,6.47853463241805
1.54225,-0.0581345628676592,6.47924885665701
1.542375,-0.057887492079892,6.47996308092002
1.5425,-0.0576082844925342,6.48067730522116
1.542625,-0.0572970951049112,6.48139152958243
1.54275,-0.0569540966707106,6.48210575403801
1.542875,-0.0565794796020805,6.48281997864052
1.543,-0.0561734518639242,6.48353420347025
1.543125,-0.0557362388584509,6.48424842864838
1.54325,-0.0552680833000467,6.48496265435551
1.543375,-0.0547692450805341,6.48567688085655
1.5435,-0.0542400011248964,6.48639110853304
1.543625,-0.053680645237546,6.48710533792182
1.54375,-0.0530914879392221,6.48781956975607
1.543875,-0.0524728562946086,6.48853380499791
1.544,-0.0518250937307683,6.48924804483891
1.544125,-0.0511485598464927,6.48996229062368
1.54425,-0.0504436302126752,6.49067654361629
1.544375,-0.0497106961638167,6.49139080447609
1.5445,-0.0489501645807812,6.49210507223873
1.544625,-0.0481624576649201,6.49281934252385
1.54475,-0.0473480127036918,6.49353360467494
1.544875,-0.0465072818279063,6.49424783775894
1.545,-0.0456407317607303,6.49496200626897
1.545125,-0.0447488435585904,6.49567605893614
1.54525,-0.0438321123441203,6.49638993955408
1.545375,-0.0428910470312986,6.49710362663924
1.5455,-0.0419261700429311,6.49781722071095
1.545625,-0.0409380170206334,6.49853107319491
1.54575,-0.0399271365274751,6.49924588627212
1.545875,-0.0388940897434513,6.49996265900803
1.546,-0.0378394501539493,6.50068242460029
1.546125,-0.0367638032313849,6.50140590953166
1.54625,-0.0356677461101832,6.50213332878428
1.546375,-0.0345518872552862,6.50286440026191
1.5465,-0.03341684612437,6.50359849441625
1.546625,-0.0322632528239597,6.50433479575652
1.54675,-0.0310917477596322,6.50507240833237
1.546875,-0.0299029812805022,6.50581039646109
1.547,-0.0286976133181881,6.5065477799354
1.547125,-0.0274763130204576,6.50728350802656
1.54725,-0.0262397583797577,6.50801643346868
1.547375,-0.0249886358568344,6.50874530361771
1.5475,-0.0237236399996517,6.50946878197576
1.547625,-0.0224454730578202,6.51018550723942
1.54775,-0.0211548445927511,6.51089418722133
1.547875,-0.0198524710837505,6.51159371248
1.548,-0.018539075530274,6.51228326412179
1.548125,-0.0172153870505605,6.51296238830398
1.54825,-0.0158821404768709,6.51363101922338
1.548375,-0.0145400759475528,6.51428944880881
1.5485,-0.0131899384961615,6.51493825662947
1.548625,-0.0118324776378617,6.5155782211059
1.54875,-0.0104684469533427,6.51621023191917
1.548875,-0.00909860367047576,6.51683521693662
1.549,-0.00772370824394708,6.51745408934021
1.549125,-0.00634452393309951,6.51806771477322
1.54925,-0.00496181637821714,6.51867689505739
1.549375,-0.00357635317548815,6.51928236396463
1.5495,-0.0021889034508819,6.51988479081597
1.549625,-0.000800237433176756,6.52048478857832
1.54975,0.000588873973624342,6.52108292414429
1.549875,0.00197765961825311,6.52167972936487
1.55,0.00336534853027245,6.52227571207475
1.550125,0.00475117034807261,6.52287136680753
1.55025,0.00613435574652934,6.52346718518067
1.550375,0.00751413686408671,6.52406366607826
1.5505,0.00888974772902736,6.52466132580362
1.550625,0.0102604246846937,6.52526070832769
1.55075,0.0116254068134241,6.52586239561743
1.550875,0.012983936358968,6.52646701776837
1.551,0.0143352591471468,6.52707526225077
1.551125,0.0156786250045256,6.52768788097179
1.55125,0.0170132881748641,6.52830569304304
1.551375,0.0183385077331156,6.52892958018583
1.5515,0.0196535479967438,6.5295604708142
1.551625,0.0209576789341293,6.5301993084541
1.55175,0.0222501765698388,6.53084700099647
1.551875,0.0235303233865333,6.53150435018967
1.552,0.0247974087232895,6.53217196627033
1.552125,0.0260507291701166,6.5328501800957
1.55225,0.0272895889584468,6.53353897204032
1.552375,0.0285133003473838,6.5342379390243
1.5525,0.0297211840054957,6.53494631462625
1.552625,0.0309125693879382,6.53566304261489
1.55275,0.0320867951087011,6.53638688742981
1.552875,0.0332432093077697,6.53711655468217
1.553,0.0343811700129983,6.53785079545009
1.553125,0.0355000454964946,6.53858847786781
1.55325,0.0365992146253166,6.53932862179323
1.553375,0.0376780672062888,6.54007040155675
1.5535,0.038736004324744,6.54081312592029
1.553625,0.0397724386770052,6.54155620442462
1.55375,0.040786794896421,6.54229910743484
1.553875,0.0417785098727747,6.54304132537281
1.554,0.0427470330648893,6.54378233224413
1.554125,0.0436918268062544,6.54452156054757
1.55425,0.0446123666035069,6.54525839926814
1.554375,0.0455081414275979,6.54599223222314
1.5545,0.0463786539974853,6.54672253395609
1.554625,0.0472234210561944,6.54744902098347
1.55475,0.0480419736390935,6.54817180611698
1.554875,0.0488338573342342,6.54889144733895
1.555,0.0495986325346144,6.54960880339774
1.555125,0.0503358746822214,6.5503247528198
1.55525,0.051045174503721,6.55103996162155
1.555375,0.0517261382376616,6.55175482100404
1.5555,0.0523783878530673,6.55246951406207
1.555625,0.0530015612592974,6.55318411067776
1.55575,0.0535953125070582,6.55389863428042
1.555875,0.054159311980453,6.55461309471046
1.556,0.054693246579965,6.55532750005351
1.556125,0.055196819896272,6.55604185916154
1.55625,0.0556697523747946,6.55675618118381
1.556375,0.0561117814708887,6.55747047465778
1.5565,0.0565226617955944,6.55818474691133
1.556625,0.0569021652518617,6.55889900384844
1.55675,0.057250081161176,6.55961325000125
1.556875,0.0575662163805146,6.5603274887193
1.557,0.0578503954095684,6.56104172240375
1.557125,0.0581024604881692,6.5617559527332
1.55725,0.0583222716838688,6.56247018085673
1.557375,0.0585097069696214,6.56318440754704
1.5575,0.0586646622915261,6.56389863331585
1.557625,0.0587870516265911,6.56461285849759
1.55775,0.0588768070304894,6.56532708330831
1.557875,0.0589338786752771,6.56604130788623
1.558,0.0589582348770555,6.56675553231899
1.558125,0.0589498621135603,6.56746975666171
1.55825,0.0589087650316683,6.56818398094887
1.558375,0.0588349664448185,6.56889820520188
1.5585,0.0587285073203477,6.56961242943396
1.558625,0.0585894467567475,6.57032665365328
1.55875,0.0584178619508578,6.57104087786481
1.558875,0.0582138481550109,6.57175510207162
1.559,0.0579775186241545,6.57246932627557
1.559125,0.0577090045529789,6.57318355047777
1.55925,0.0574084550030862,6.57389777467893
1.559375,0.0570760368202408,6.57461199887945
1.5595,0.0567119345417466,6.57532622307958
1.559625,0.0563163502940037,6.57604044727948
1.55975,0.0558895036803,6.57675467147925
1.559875,0.0554316316589013,6.57746889567892
1.56,0.0549429884115063,6.57818311987855
1.560125,0.0544238452021411,6.57889734407815
1.56025,0.0538744902265696,6.57961156827772
1.560375,0.053295228452305,6.58032579247729
1.5605,0.0526863814493107,6.58104001667685
1.560625,0.0520482872114845,6.5817542408764
1.56075,0.0513812999690245,6.58246846507595
1.560875,0.0506857899917827,6.5831826892755
1.561,0.0499621433837138,6.58389691347505
1.561125,0.0492107618685335,6.58461113767458
1.56125,0.0484320625667064,6.58532536187411
1.561375,0.0476264777638861,6.58603958607362
1.5615,0.0467944546709365,6.5867538102731
1.561625,0.0459364551756676,6.58746803447252
1.56175,0.0450529555864236,6.58818225867186
1.561875,0.0441444463676657,6.58889648287105
1.562,0.0432114318676958,6.58961070707
1.562125,0.0422544300386732,6.59032493126856
1.56225,0.0412739721490793,6.59103915546648
1.562375,0.0402706024887891,6.59175337966338
1.5625,0.0392448780669154,6.59246760385869
1.562625,0.0381973683025904,6.59318182805151
1.56275,0.0371286547088595,6.59389605224049
1.562875,0.0360393305698602,6.59461027642364
1.563,0.0349300006114668,6.59532450059804
1.563125,0.0338012806655838,6.59603872475948
1.56325,0.032653797328273,6.59675294890199
1.563375,0.0314881876119054,6.59746717301722
1.5635,0.030305098591531,6.59818139709371
1.563625,0.0291051870456618,6.59889562111595
1.56375,0.0278891190916682,6.59960984506342
1.563875,0.0266575698159911,6.60032406890937
1.564,0.0254112228993749,6.60103829261968
1.564125,0.0241507702373295,6.60175251615172
1.56425,0.0228769115560318,6.6024667394534
1.564375,0.0215903540238804,6.60318096246263
1.5645,0.0202918118589179,6.60389518510729
1.564625,0.0189820059323414,6.60460940730597
1.56475,0.0176616633683175,6.6053236289698
1.564875,0.0163315171403279,6.60603785000521
1.565,0.0149923056642662,6.60675207031796
1.565125,0.0136447723885148,6.60746628981823
1.56525,0.0122896653812269,6.60818050842643
1.565375,0.0109277369150445,6.6088947260796
1.5655,0.00955974304948254,6.60960894273774
1.565625,0.00818644321120997,6.61032315838948
1.56575,0.00680859977246233,6.61103737305673
1.565875,0.00542697762781877,6.61175158679744
1.566,0.00404234376957889,6.61246579970638
1.566125,0.00265546686197505,6.6131800119134
1.56625,0.0012671168144565,6.6138942235793
1.566375,-0.00012193564571777,6.61460843488942
1.5665,-0.00151091940134014,6.61532264604533
1.566625,-0.002899063373332,6.61603685725538
1.56675,-0.00428559694880022,6.61675106872465
1.566875,-0.0056697504088348,6.61746528064529
1.567,-0.00705075535581027,6.61817949318786
1.567125,-0.00842784513995362,6.61889370649441
1.56725,-0.00980025528494184,6.6196079206737
1.567375,-0.011167223912293,6.62032213579883
1.5675,-0.0125279921643152,6.62103635190722
1.567625,-0.0138818046253784,6.62175056900278
1.56775,-0.0152279097412756,6.6224647870598
1.567875,-0.0165655602364402,6.62317900602808
1.568,-0.0178940135287884,6.62389322583885
1.568125,-0.019212532141956,6.62460744641071
1.56825,-0.0205203841147004,6.62532166765537
1.568375,-0.0218168434072418,6.62603588948268
1.5685,-0.023101190304316,6.62675011180481
1.568625,-0.0243727118147176,6.62746433453935
1.56875,-0.025630702067109,6.62817855761153
1.568875,-0.0268744627018781,6.62889278095536
1.569,-0.0281033032588251,6.62960700451415
1.569125,-0.0293165415604644,6.63032122824032
1.56925,-0.0305135040907288,6.63103545209476
1.569375,-0.0316935263688641,6.63174967604603
1.5695,-0.0328559533183099,6.63246390006928
1.569625,-0.0340001396303575,6.63317812414528
1.56975,-0.0351254501223874,6.63389234825935
1.569875,-0.0362312600904834,6.63460657240052
1.57,-0.0373169556562317,6.6353207965607
1.570125,-0.0383819341075083,6.63603502073404
1.57025,-0.0394256042330687,6.63674924491636
1.570375,-0.0404473866507532,6.63746346910471
1.5705,-0.0414467141291245,6.63817769329708
1.570625,-0.0424230319023607,6.63889191749207
1.57075,-0.0433757979782278,6.63960614168877
1.570875,-0.0443044834389613,6.64032036588655
1.571,-0.0452085727348895,6.64103459008502
1.571125,-0.0460875639706354,6.64174881428391
1.57125,-0.0469409691837394,6.64246303848307
1.571375,-0.0477683146155463,6.64317726268238
1.5715,-0.0485691409742078,6.64389148688179
1.571625,-0.0493430036896538,6.64460571108126
1.57175,-0.0500894731603908,6.64531993528077
1.571875,-0.0508081349919912,6.64603415948029
1.572,-0.05149859022714,6.64674838367982
1.572125,-0.0521604555671121,6.64746260787936
1.57225,-0.0527933635845566,6.6481768320789
1.572375,-0.0533969629274708,6.64889105627844
1.5725,-0.0539709185142495,6.64960528047799
1.572625,-0.0545149117197023,6.65031950467753
1.57275,-0.0550286405519357,6.65103372887707
1.572875,-0.05551181982,6.6517479530766
1.573,-0.0559641812922115,6.65246217727614
1.573125,-0.0563854738450578,6.65317640147567
1.57325,-0.056775463602607,6.65389062567519
1.573375,-0.0571339340663418,6.65460484987471
1.5735,-0.0574606862353464,6.65531907407423
1.573625,-0.0577555387167802,6.65603329827374
1.57375,-0.0580183278265762,6.65674752247324
1.573875,-0.0582489076803089,6.65746174667274
1.574,-0.0584471502741807,6.65817597087224
1.574125,-0.0586129455560821,6.65889019507175
1.57425,-0.0587462014866861,6.65960441927128
1.574375,-0.0588468440905433,6.66031864347084
1.5745,-0.058914817497149,6.66103286767049
1.574625,-0.0589500839719589,6.66174709187028
1.57475,-0.0589526239373376,6.66246131607033
1.574875,-0.0589224359834271,6.6631755402708
1.575,-0.0588595368689299,6.663889764472
1.575125,-0.0587639615118055,6.66460398867438
1.57525,-0.0586357629698865,6.66531821287869
1.575375,-0.0584750124114244,6.66603243708612
1.5755,-0.0582817990755813,6.66674666129853
1.575625,-0.0580562302228904,6.66746088551886
1.57575,-0.057798431075711,6.66817510975168
1.575875,-0.0575085447487138,6.66888933400408
1.576,-0.0571867321694316,6.66960355828692
1.576125,-0.0568331719889229,6.67031778261669
1.57625,-0.0564480604825956,6.67103200701814
1.576375,-0.0560316114412473,6.67174623152786
1.5765,-0.0555840560523815,6.67246045619899
1.576625,-0.0551056427718667,6.67317468110698
1.57675,-0.0545966371860088,6.67388890635572
1.576875,-0.054057321864114,6.67460313208247
1.577,-0.053487996201624,6.67531735845752
1.577125,-0.052888976253909,6.67603158567081
1.57725,-0.0522605945608143,6.67674581389029
1.577375,-0.0516031999620536,6.67746004316446
1.5775,-0.050917157403555,6.67817427322117
1.577625,-0.0502028477348651,6.67888850308113
1.57775,-0.0494606674977247,6.67960273035394
1.577875,-0.0486910287059328,6.68031695000944
1.578,-0.0478943586166222,6.68103115231752
1.578125,-0.0470710994930715,6.68174531954076
1.57825,-0.0462217083591886,6.68245942091148
1.578375,-0.0453466567457978,6.68317340563177
1.5785,-0.0444464304288753,6.6838871946219
1.578625,-0.0435215291598757,6.68460067461996
1.57875,-0.0425724663883003,6.68531370457338
1.578875,-0.0415997689766615,6.68602615388813
1.579,-0.0406039769080006,6.68673799665822
1.579125,-0.0395856429861218,6.68744946356105
1.57925,-0.0385453325287096,6.68816118658719
1.579375,-0.0374836230534985,6.68887420370156
1.5795,-0.0364011039576703,6.68958973262627
1.579625,-0.0352983761906567,6.69030880181891
1.57975,-0.0341760519205283,6.69103195824543
1.579875,-0.0330347541941566,6.69175919449312
1.58,-0.0318751165913359,6.69249006106534
1.580125,-0.0306977828730583,6.69322384218146
1.58025,-0.0295034066241366,6.69395970112291
1.580375,-0.0282926508903739,6.69469676303853
1.5805,-0.0270661878104805,6.69543414345782
1.580625,-0.0258246982429435,6.69617094393183
1.58075,-0.0245688713880555,6.6969062351925
1.580875,-0.023299404405312,6.6976390433334
1.581,-0.0220170020263912,6.69836834978555
1.581125,-0.0207223761639295,6.69909311151622
1.58125,-0.0194162455163106,6.69981230301477
1.581375,-0.0180993351686881,6.70052497587191
1.5815,-0.0167723761904617,6.70123032604074
1.581625,-0.0154361052294321,6.70192775524173
1.58175,-0.0140912641028587,6.70261691339977
1.581875,-0.0127385993856476,6.70329771381219
1.582,-0.0113788619958983,6.70397032006392
1.582125,-0.0100128067780396,6.70463511047519
1.58225,-0.00864119208378563,6.70529262969726
1.582375,-0.00726477935114485,6.70594353736607
1.5825,-0.00588433268171584,6.70658856147175
1.582625,-0.00450061841650431,6.70722846087044
1.58275,-0.00311440471049692,6.70786399841612
1.582875,-0.00172646110622818,6.70849592413965
1.583,-0.000337558106576956,6.7091249668195
1.583125,0.0010515332529701,6.70975183195223
1.58325,0.00244004183235082,6.71037720424588
1.583375,0.0038271968150178,6.71100175307566
1.5835,0.00521222813584918,6.71162613968901
1.583625,0.00659436690864221,6.71225102522796
1.58375,0.00797284585295235,6.71287707880468
1.583875,0.00934689972004105,6.71350498490138
1.584,0.0107157657176955,6.71413544926781
1.584125,0.0120786839336849,6.71476920226923
1.58425,0.0134348977576176,6.71540699832833
1.584375,0.0147836543009657,6.71604960977782
1.5845,0.0161242048150231,6.71669781322763
1.584625,0.0174558051065656,6.71735236666518
1.58475,0.018777715950982,6.71801397622745
1.584875,0.020089203502647,6.71868325318472
1.585,0.021389539702308,6.71936066425073
1.585125,0.0226780026812595,6.72004648154575
1.58525,0.0239538771620813,6.72074074140954
1.585375,0.0252164548557169,6.72144322228159
1.5855,0.0264650348546732,6.72215344964759
1.585625,0.027698924022122,6.72287073038094
1.58575,0.0289174373766877,6.72359421134493
1.585875,0.0301198984727073,6.72432295086602
1.586,0.0313056397757529,6.72505598926185
1.586125,0.032474003033206,6.72579240663212
1.58625,0.0336243396396798,6.72653136105174
1.586375,0.034756010997086,6.72727210569301
1.5865,0.0358683888691456,6.72801398737252
1.586625,0.0369608557301481,6.72875643094167
1.58675,0.0380328051077646,6.72949891422974
1.586875,0.0390836419197243,6.73024093781365
1.587,0.0401127828041688,6.73098199372573
1.587125,0.0411196564434993,6.73172153824198
1.58725,0.0421037038815374,6.7324589768684
1.587375,0.0430643788338245,6.73319367464991
1.5875,0.0440011479908857,6.73392500986518
1.587625,0.044913491314291,6.73465248694728
1.58775,0.0458009023253497,6.73537590179322
1.587875,0.0466628883862766,6.73609550050394
1.588,0.0474989709736752,6.73681201788781
1.588125,0.0483086859441847,6.73752650530501
1.58825,0.0490915837921449,6.73824000510227
1.588375,0.0498472298991345,6.73895327215737
1.5885,0.0505752047752452,6.73966669430173
1.588625,0.0512751042919573,6.74038038231663
1.58875,0.0519465399064876,6.74109430608071
1.588875,0.0525891388774852,6.74180839349231
1.589,0.0532025444719549,6.74252257788505
1.589125,0.0537864161632941,6.74323681184879
1.58925,0.0543404298203329,6.74395106627941
1.589375,0.054864277887272,6.74466532531214
1.5895,0.0553576695544196,6.74537958141908
1.589625,0.0558203309196314,6.74609383181475
1.58975,0.0562520051403647,6.7468080761452
1.589875,0.0566524525762622,6.74752231513095
1.59,0.0570214509221859,6.74823654983478
1.590125,0.0573587953316278,6.74895078130599
1.59025,0.0576642985304281,6.74966501043573
1.590375,0.0579377909207395,6.75037923792111
1.5905,0.0581791206751772,6.75109346427925
1.590625,0.0583881538211045,6.75180768987961
1.59075,0.058564774315007,6.7525219149787
1.590875,0.0587088841069129,6.75323613975067
1.591,0.0588204031948246,6.75395036431162
1.591125,0.0588992696691309,6.75466458873779
1.59125,0.0589454397469766,6.75537881307859
1.591375,0.0589588877965672,6.75609303736572
1.5915,0.058939606351399,6.75680726161934
1.591625,0.0588876061144043,6.75752148585213
1.59175,0.0588029159520098,6.75823571007205
1.591875,0.0586855828781117,6.75894993428405
1.592,0.0585356720279771,6.75966415849119
1.592125,0.058353266622085,6.76037838269536
1.59225,0.0581384679199271,6.76109260689771
1.592375,0.0578913951637954,6.76180683109896
1.5925,0.057612185512586,6.76252105529954
1.592625,0.0573009939656571,6.76323527949971
1.59275,0.0569579932767829,6.76394950369963
1.592875,0.0565833738582515,6.76466372789941
1.593,0.0561773436751593,6.7653779520991
1.593125,0.0557401281299623,6.76609217629873
1.59325,0.0552719699373458,6.76680640049833
1.593375,0.0547731289894845,6.76752062469791
1.5935,0.054243882211766,6.76823484889747
1.593625,0.0536845234090592,6.76894907309703
1.59375,0.0530953631026112,6.76966329729659
1.593875,0.0524767283576657,6.77037752149614
1.594,0.0518289626018953,6.77109174569569
1.594125,0.0511524254347525,6.77180596989524
1.59425,0.0504474924278414,6.77252019409479
1.594375,0.0497145549164232,6.77323441829434
1.5945,0.048954019782171,6.77394864249388
1.594625,0.0481663092272939,6.77466286669342
1.59475,0.0473518605401559,6.77537709089296
1.594875,0.0465111258525199,6.77609131509247
1.595,0.045644571888552,6.77680553929197
1.595125,0.0447526797057245,6.77751976349142
1.59525,0.0438359444277617,6.77823398769081
1.595375,0.0428948749697782,6.77894821189009
1.5955,0.0419299937557591,6.77966243608919
1.595625,0.0409418364285427,6.78037666028801
1.59575,0.0399309515524641,6.78109088448638
1.595875,0.038897900308825,6.78180510868404
1.596,0.0378432561843608,6.7825193328806
1.596125,0.0367676046528749,6.78323355707548
1.59625,0.0356715428502196,6.78394778126781
1.596375,0.0345556792428022,6.78466200545632
1.5965,0.0334206332898017,6.78537622963922
1.596625,0.0322670350992824,6.78609045381394
1.59675,0.0310955250783966,6.78680467797694
1.596875,0.0299067535778685,6.78751890212336
1.597,0.02870138053096,6.78823312624669
1.597125,0.0274800750871149,6.78894735033835
1.59725,0.0262435152404884,6.78966157438721
1.597375,0.0249923874535652,6.79037579837917
1.5975,0.0237273862760775,6.79109002229674
1.597625,0.0224492139594334,6.79180424611868
1.59775,0.0211585800668687,6.79251846981983
1.597875,0.0198562010795411,6.79323269337119
1.598,0.0185427999987829,6.79394691674031
1.598125,0.0172191059447346,6.79466113989202
1.59825,0.0158858537515814,6.7953753627897
1.598375,0.0145437835596181,6.79608958539688
1.5985,0.0131936404043676,6.79680380767932
1.598625,0.0118361738029828,6.7975180296074
1.59875,0.0104721373381595,6.79823225115856
1.598875,0.00910228823979343,6.79894647231977
1.599,0.00772738696461159,6.79966069308971
1.599125,0.00634819677401308,6.80037491348038
1.59925,0.00496548331035236,6.80108913351803
1.599375,0.00358001417190103,6.80180335324323
1.5995,0.00219255848672364,6.80251757270992
1.599625,0.00080388648570441,6.80323179198357
1.59975,-0.00058523092503843,6.80394601113846
1.599875,-0.00197402259211305,6.80466023025425
1.6,-0.00336171754295174,6.80537444941222
1.600125,-0.00474754541380827,6.80608866869137
1.60025,-0.00613073687741727,6.80680288816468
1.600375,-0.00751052407007815,6.8075171078959
1.6005,-0.00888614101792668,6.80823132793711
1.600625,-0.0102568240621573,6.80894554832703
1.60075,-0.0116218122829605,6.80965976909041
1.600875,-0.0129803479219391,6.81037399023827
1.601,-0.0143316768027706,6.8110882117689
1.601125,-0.0156750487498795,6.81180243366956
1.60125,-0.01700971800489,6.8125166559186
1.601375,-0.0183349436406261,6.81323087848774
1.6015,-0.019649989972429,6.81394510134444
1.601625,-0.0209541269665653,6.81465932445399
1.60175,-0.0222466306454975,6.81537354778144
1.601875,-0.0235267834897927,6.8160877712931
1.602,-0.0247938748364458,6.81680199495763
1.602125,-0.026047201273397,6.8175162187468
1.60225,-0.0272860670300234,6.81823044263588
1.602375,-0.0285097843633893,6.81894466660372
1.6025,-0.0297176739400392,6.81965889063265
1.602625,-0.0309090652131227,6.82037311470825
1.60275,-0.0320832967946421,6.82108733881894
1.602875,-0.0332397168226146,6.82180156295562
1.603,-0.034377683322947,6.82251578711127
1.603125,-0.0354965645658213,6.82323001128057
1.60325,-0.0365957394163922,6.82394423545953
1.603375,-0.0376745976796047,6.82465845964526
1.6035,-0.0387325404389366,6.82537268383564
1.603625,-0.0397689803888819,6.82608690802918
1.60375,-0.0407833421609866,6.82680113222485
1.603875,-0.0417750626432589,6.82751535642191
1.604,-0.0427435912927752,6.82822958061989
1.604125,-0.0436883904413081,6.82894380481847
1.60425,-0.0446089355938077,6.82965802901741
1.604375,-0.0455047157195693,6.83037225321659
1.6045,-0.0463752335359275,6.83108647741592
1.604625,-0.0472200057843169,6.83180070161534
1.60475,-0.0480385634985487,6.83251492581481
1.604875,-0.0488304522651523,6.83322915001431
1.605,-0.0495952324756382,6.83394337421384
1.605125,-0.0503324795705428,6.83465759841337
1.60525,-0.0510417842751175,6.83537182261291
1.605375,-0.0517227528265341,6.83608604681246
1.6055,-0.0523750071924778,6.836800271012
1.605625,-0.0529981852810085,6.83751449521155
1.60575,-0.0535919411415722,6.83822871941109
1.605875,-0.0541559451570521,6.83894294361064
1.606,-0.0546898842267521,6.83965716781018
1.606125,-0.0551934619402121,6.84037139200972
1.60625,-0.0556663987417566,6.84108561620926
1.606375,-0.0561084320856878,6.8417998404088
1.6065,-0.0565193165820351,6.84251406460833
1.606625,-0.056898824132781,6.84322828880787
1.60675,-0.0572467440584875,6.84394251300739
1.606875,-0.0575628832152527,6.84465673720692
1.607,-0.0578470661019328,6.84537096140643
1.607125,-0.0580991349575702,6.84608518560595
1.60725,-0.0583189498489726,6.84679940980545
1.607375,-0.0585063887483961,6.84751363400496
1.6075,-0.0586613476012872,6.84822785820446
1.607625,-0.0587837403840485,6.84894208240396
1.60775,-0.0588734991517934,6.84965630660348
1.607875,-0.0589305740760655,6.85037053080304
1.608,-0.0589549334725007,6.85108475500266
1.608125,-0.0589465638184161,6.8517989792024
1.60825,-0.0589054697603175,6.85251320340236
1.608375,-0.0588316741113204,6.85322742760268
1.6085,-0.0587252178384852,6.8539416518036
1.608625,-0.0585861600400752,6.85465587600549
1.60875,-0.0584145779127491,6.85537010020897
1.608875,-0.0582105667087062,6.85608432441494
1.609,-0.0579742396828084,6.85679854862486
1.609125,-0.0577057280297079,6.8575127728409
1.60925,-0.0574051808110163,6.85822699706637
1.609375,-0.0570727648725548,6.8589412213062
1.6095,-0.0567086647517315,6.85965544556757
1.609625,-0.0563130825750976,6.86036966986076
1.60975,-0.0558862379461394,6.86108389420004
1.609875,-0.0554283678233678,6.8617981186044
1.61,-0.0549397263887731,6.8625123430976
1.610125,-0.0544205849067192,6.86322656770626
1.61025,-0.0538712315733541,6.86394079245368
1.610375,-0.0532919713566206,6.86465501734495
1.6105,-0.0526831258269574,6.86536924233533
1.610625,-0.0520450329787821,6.86608346726757
1.61075,-0.051378047042858,6.86679769175384
1.610875,-0.0506825382896463,6.86751191496108
1.611,-0.0499588928237545,6.86822613523205
1.611125,-0.049207512369595,6.8689403494335
1.61125,-0.0484288140483717,6.86965455186114
1.611375,-0.0476232301465202,6.87036873244384
1.6115,-0.0467912078757283,6.87108287387374
1.611625,-0.0459332091246713,6.87179694716188
1.61175,-0.0450497102025996,6.87251090504521
1.611875,-0.0441412015749209,6.87322467285308
1.612,-0.0432081875909232,6.87393813739809
1.612125,-0.0422511862037912,6.87465113728777
1.61225,-0.0412707286830697,6.87536346437338
1.612375,-0.0402673593197355,6.87607489606256
1.6125,-0.0392416351240397,6.87678528492621
1.612625,-0.0381941255162895,6.87749471551676
1.61275,-0.0371254120107409,6.87820367919595
1.612875,-0.0360360878927769,6.87891314369988
1.613,-0.0349267578895516,6.87962440122713
1.613125,-0.0337980378342824,6.88033872264183
1.61325,-0.0326505543243769,6.88105700412846
1.613375,-0.0314849443735838,6.88177958936817
1.6135,-0.0303018550583614,6.88250630275197
1.613625,-0.0291019431586604,6.88323660384587
1.61375,-0.0278858747933191,6.88396975578441
1.613875,-0.0266543250502748,6.88470494811045
1.614,-0.0254079776117958,6.88544136315672
1.614125,-0.0241475243749426,6.88617819957236
1.61425,-0.0228736650674683,6.88691467186534
1.614375,-0.0215871068593724,6.88765000164647
1.6145,-0.0202885639703228,6.88838341131085
1.614625,-0.0189787572731642,6.88911412652652
1.61475,-0.0176584138937332,6.88984139029826
1.614875,-0.0163282668072024,6.89056448818917
1.615,-0.0149890544311763,6.8912827814262
1.615125,-0.0136415202157671,6.89199574243846
1.61525,-0.012286412230876,6.89270298645819
1.615375,-0.0109244827509104,6.89340429353694
1.6155,-0.0095564878371659,6.89409961752936
1.615625,-0.00818318691810778,6.89478908153294
1.61575,-0.00680534236778165,6.89547296196352
1.615875,-0.00542371908258973,6.89615166513688
1.616,-0.00403908405666662,6.89682570066772
1.616125,-0.00265220595609058,6.89749565541458
1.61625,-0.0012638546921666,6.89816217055962
1.616375,0.000125199005981773,6.89882592316776
1.6165,0.00151418401927461,6.89948761251559
1.616625,0.0029023292667543,6.90014795073474
1.61675,0.00428886413364307,6.90080765686434
1.616875,0.00567301889914166,6.90146745317887
1.617,0.00705402516373186,6.90212806256504
1.617125,0.00843111627574536,6.90279020569685
1.61725,0.00980352775696251,6.90345459676975
1.617375,0.0111704977270044,6.90412193660549
1.6175,0.0125312673262826,6.90479290207139
1.617625,0.0138850811372725,6.90546813104262
1.61775,0.0152311876038753,6.9061482026609
1.617875,0.0165688394486363,6.90683361347079
1.618,0.0178972940875886,6.90752475113561
1.618125,0.0192158140424907,6.90822186869064
1.61825,0.0205236673502298,6.90892506334715
1.618375,0.0218201279691634,6.90963426424252
1.6185,0.0231044761821742,6.91034923280487
1.618625,0.024375998996213,6.91106957743439
1.61875,0.0256339905381101,6.91179478137808
1.618875,0.0268777524464327,6.91252423983823
1.619,0.0281065942591735,6.91325730047201
1.619125,0.0293198337970535,6.91399330110386
1.61925,0.0305167975422265,6.91473159963278
1.619375,0.0316968210121758,6.91547159316599
1.6195,0.0328592491285948,6.91621272556684
1.619625,0.0340034365810467,6.91695448428141
1.61975,0.0351287481852023,6.91769638830139
1.619875,0.0362345592354557,6.91843796959512
1.62,0.0373202558517233,6.9191787507127
1.620125,0.0383852353202331,6.91991822212284
1.62025,0.0394289064281148,6.92065582480953
1.620375,0.040450689791606,6.92139094723534
1.6205,0.0414500181776904,6.92212295061307
1.620625,0.0424263368189923,6.92285123973236
1.62075,0.0433791037217491,6.9235753908835
1.620875,0.0443077899666945,6.92429532202717
1.621,0.0452118800026817,6.92501143931399
1.621125,0.046090871932887,6.92572464907162
1.62125,0.0469442777934326,6.92643615740456
1.621375,0.0477716238242746,6.92714712224153
1.6215,0.0485724507322059,6.92785835663638
1.621625,0.0493463139458287,6.92857024066498
1.62175,0.0500927838623534,6.92928282312986
1.621875,0.0508114460860881,6.92999598483251
1.622,0.0515019016584867,6.93070956362306
1.622125,0.0521637672796261,6.93142341679935
1.62225,0.0527966755209919,6.9321374392221
1.622375,0.0534002750294521,6.93285156072608
1.6225,0.0539742307223075,6.93356573743083
1.622625,0.0545182239733095,6.93427994322939
1.62275,0.0550319527895425,6.93499416327622
1.622875,0.0555151319790717,6.93570838952652
1.623,0.0559674933092652,6.93642261787305
1.623125,0.0563887856557003,6.93713684639222
1.62325,0.0567787751415728,6.93785107431178
1.623375,0.0571372452675317,6.93856530142676
1.6235,0.0574639970318664,6.93927952778336
1.623625,0.0577588490409807,6.93999375351716
1.62375,0.0580216376100916,6.9407079787768
1.623875,0.0582522168540977,6.94142220369261
1.624,0.0584504587685656,6.94213642836755
1.624125,0.0586162533007906,6.94285065287804
1.62425,0.0587495084108912,6.9435648772785
1.624375,0.0588501501229047,6.94427910160655
1.6245,0.058918122565854,6.94499332588757
1.624625,0.058953388004764,6.94570755013839
1.62475,0.05895592686161,6.94642177437
1.624875,0.0589257377261866,6.94713599858948
1.625,0.0588628373568903,6.94785022280136
1.625125,0.0587672606714168,6.94856444700851
1.62525,0.0586390607273768,6.94927867121273
1.625375,0.0584783086928418,6.94999289541513
1.6255,0.0582850938068363,6.95070711961643
1.625625,0.0580595233297974,6.95142134381704
1.62575,0.0578017224840309,6.95213556801723
1.625875,0.0575118343841952,6.95284979221717
1.626,0.0571900199578534,6.95356401641696
1.626125,0.0568364578561357,6.95427824061665
1.62625,0.0564513443545636,6.95499246481628
1.626375,0.0560348932440895,6.95570668901588
1.6265,0.0555873357124133,6.95642091321546
1.626625,0.055108920215641,6.95713513741503
1.62675,0.0545999123403571,6.95784936161459
1.626875,0.0540605946561871,6.95856358581415
1.627,0.0534912665589321,6.9592778100137
1.627125,0.0528922441043626,6.95999203421325
1.62725,0.0522638598327634,6.96070625841281
1.627375,0.0516064625843279,6.96142048261236
1.6275,0.0509204173055026,6.96213470681191
1.627625,0.0502061048463917,6.96284893101146
1.62775,0.0494639217493322,6.96356315521101
1.627875,0.0486942800287572,6.96427737941055
1.628,0.0478976069424712,6.9649916036101
1.628125,0.0470743447544621,6.96570582780964
1.62825,0.0462249504893834,6.96642005200918
1.628375,0.0453498956788416,6.9671342762087
1.6285,0.0444496660996309,6.96784850040821
1.628625,0.043524761504059,6.96856272460769
1.62875,0.0425756953425152,6.96927694880712
1.628875,0.0416029944784339,6.96999117300647
1.629,0.0406071988958119,6.97070539720569
1.629125,0.0395888613994423,6.97141962140472
1.62925,0.0385485473080306,6.97213384560344
1.629375,0.037486834140364,6.97284806980167
1.6295,0.0364043112947083,6.97356229399917
1.629625,0.0353015797216094,6.97427651819556
1.62975,0.0341792515902824,6.9749907423903
1.629875,0.0330379499487718,6.97570496658263
1.63,0.0318783083780736,6.97641919077145
1.630125,0.0307009706404092,6.97713341495528
1.63025,0.0295065903218477,6.97784763913207
1.630375,0.0282958304694745,6.9785618632991
1.6305,0.0270693632233078,6.97927608745282
1.630625,0.0258278694431672,6.97999031158864
1.63075,0.0245720383307016,6.98070453570079
1.630875,0.0233025670467859,6.98141875978214
1.631,0.0220201603245001,6.98213298382411
1.631125,0.0207255300779036,6.9828472078166
1.63125,0.019419395006824,6.98356143174807
1.631375,0.0181024801978781,6.98427565560568
1.6315,0.0167755167219482,6.98498987937569
1.631625,0.0154392412283355,6.9857041030439
1.63175,0.014094395535817,6.98641832659637
1.631875,0.0127417262208328,6.98713255002023
1.632,0.0113819842030319,6.98784677330462
1.632125,0.010015924328407,6.98856099644165
1.63225,0.00864430495024993,6.98927521942735
1.632375,0.00726788750815953,6.98998944226244
1.6325,0.00588743610533663,6.99070366495291
1.632625,0.00450371708440011,6.99141788751034
1.63275,0.00311749860195986,6.99213210995178
1.632875,0.00172955020218268,6.99284633229933
1.633,0.000340642389587941,6.99356055457929
1.633125,-0.00104845379868997,6.99427477682108
1.63325,-0.00243696722093479,6.99498899905583
1.633375,-0.00382412705893967,6.9957032213149
1.6335,-0.0052091632459188,6.99641744362837
1.633625,-0.00659130689400195,6.99713166602366
1.63375,-0.00796979072107453,6.99784588852432
1.633875,-0.0093438494767262,6.9985601111492
1.634,-0.0107127203670717,6.99927433391187
1.634125,-0.0120756434782079,6.99998855682049
1.63425,-0.013431862198072,7.00070277987799
1.634375,-0.0147806236364669,7.00141700308254
1.6345,-0.0161211790430203,7.00213122642824
1.634625,-0.0174527842228458,7.00284544990599
1.63475,-0.0187746999496745,7.00355967350437
1.634875,-0.0200861923762296,7.00427389721051
1.635,-0.0213865334416131,7.00498812101095
1.635125,-0.0226750012754819,7.00570234489226
1.63525,-0.0239508805987864,7.00641656884164
1.635375,-0.0252134631208502,7.00713079284727
1.6355,-0.0264620479325706,7.00784501689858
1.635625,-0.0276959418955205,7.00855924098636
1.63575,-0.0289144600267373,7.00927346510279
1.635875,-0.0301169258789843,7.00998768924135
1.636,-0.031302671916273,7.01070191339675
1.636125,-0.0324710398844389,7.01141613756477
1.63625,-0.0336213811765646,7.0121303617421
1.636375,-0.0347530571930472,7.01284458592619
1.6365,-0.0358654396961101,7.01355881011513
1.636625,-0.0369579111585631,7.01427303430749
1.63675,-0.0380298651066156,7.01498725850223
1.636875,-0.0390807064565549,7.0157014826986
1.637,-0.0401098518451006,7.01641570689608
1.637125,-0.0411167299532525,7.01712993109429
1.63725,-0.0421007818234528,7.01784415529299
1.637375,-0.0430614611698852,7.01855837949201
1.6375,-0.0439982346817404,7.01927260369123
1.637625,-0.0449105823192778,7.01998682789057
1.63775,-0.0457979976025202,7.02070105209
1.637875,-0.0466599878924211,7.02141527628948
1.638,-0.0474960746643482,7.02212950048898
1.638125,-0.0483057937737314,7.02284372468851
1.63825,-0.0490886957137281,7.02355794888804
1.638375,-0.0498443458647621,7.02427217308758
1.6385,-0.0505723247357983,7.02498639728713
1.638625,-0.0512722281972191,7.02570062148667
1.63875,-0.0519436677051724,7.02641484568622
1.638875,-0.0525862705172685,7.02712906988577
1.639,-0.0531996798995034,7.02784329408532
1.639125,-0.0537835553242967,7.02855751828486
1.63925,-0.0543375726595321,7.02927174248441
1.639375,-0.0548614243484955,7.02998596668396
1.6395,-0.0553548195806126,7.0307001908835
1.639625,-0.0558174844528893,7.03141441508304
1.63975,-0.0562491621219661,7.03212863928258
1.639875,-0.0566496129467024,7.03284286348212
1.64,-0.0570186146212107,7.03355708768166
1.640125,-0.0573559622982675,7.03427131188119
1.64025,-0.0576614687030326,7.03498553608072
1.640375,-0.0579349642370125,7.03569976028024
1.6405,-0.0581762970722114,7.03641398447976
1.640625,-0.0583853332354175,7.03712820867928
1.64075,-0.0585619566825765,7.03784243287878
1.640875,-0.0587060693632126,7.03855665707829
1.641,-0.0588175912748602,7.03927088127779
1.641125,-0.0588964605074771,7.03998510547729
1.64125,-0.0589426332778124,7.0406993296768
1.641375,-0.0589560839537135,7.04141355387634
1.6415,-0.058936805068355,7.04212777807592
1.641625,-0.0588848073243842,7.0428420022756
1.64175,-0.0588001195879797,7.04355622647545
1.641875,-0.0586827888728271,7.04427045067558
1.642,-0.0585328803140196,7.04498467487616
1.642125,-0.0583504771318991,7.04569889907748
1.64225,-0.0581356805858578,7.04641312327997
1.642375,-0.0578886099181251,7.04712734748425
1.6425,-0.0576094022875715,7.04784157169127
1.642625,-0.0572982126935666,7.04855579590239
1.64275,-0.0569552138899329,7.0492700201195
1.642875,-0.0565805962890436,7.04998424434515
1.643,-0.056174567856117,7.05069846858254
1.643125,-0.0557373539937675,7.05141269283526
1.64325,-0.0552691974168752,7.0521269171065
1.643375,-0.0547703580178457,7.05284114139684
1.6435,-0.0542411127223339,7.05355536569974
1.643625,-0.0536817553355115,7.05426958999222
1.64375,-0.0530925963789642,7.05498381421697
1.643875,-0.0524739629183092,7.05569803824911
1.644,-0.0518261983816285,7.05641226183602
1.644125,-0.0511496623688178,7.057126484491
1.64425,-0.0504447304519594,7.05784070530909
1.644375,-0.0497117939668269,7.05855492265391
1.6445,-0.0489512597956394,7.05926913363412
1.644625,-0.0481635501411853,7.05998333324314
1.64475,-0.0473491022924411,7.06069751296935
1.644875,-0.0465083683818148,7.06141165859205
1.645,-0.0456418151341499,7.06212574675888
1.645125,-0.0447499236076276,7.06283973980896
1.64525,-0.043833188926713,7.06355357822335
1.645375,-0.0428921200072914,7.06426717023421
1.6455,-0.04192723927415,7.06498037896847
1.645625,-0.0409390823709584,7.0656930100183
1.64575,-0.0399281978629125,7.06640480799519
1.645875,-0.0388951469322039,7.06711547996116
1.646,-0.0378405030664857,7.06782477161085
1.646125,-0.0367648517405071,7.06853261270731
1.64625,-0.0356687900910932,7.06923930231478
1.646375,-0.0345529265856505,7.06994563409456
1.6465,-0.0334178806843835,7.070652838728
1.646625,-0.032264282496407,7.07136231280492
1.64675,-0.0310927724299485,7.0720752562435
1.646875,-0.0299040008368318,7.0727924026861
1.647,-0.0286986276514414,7.07351394333992
1.647125,-0.0274773220243666,7.07423961481943
1.64725,-0.0262407619509301,7.07496885725335
1.647375,-0.0249896338948056,7.07570096310395
1.6475,-0.023724632406935,7.07643518088214
1.647625,-0.0224464597399557,7.07717077195021
1.64775,-0.0211558254583524,7.07790703348128
1.647875,-0.0198534460445501,7.078643302601
1.648,-0.0185400445011661,7.07937895342648
1.648125,-0.017216349949643,7.08011339451481
1.64825,-0.0158830972254845,7.0808460706997
1.648375,-0.0145410264703192,7.08157647063928
1.6485,-0.0131908827210187,7.08230413946001
1.648625,-0.0118334154960984,7.08302869454384
1.64875,-0.0104693783796299,7.08374984177057
1.648875,-0.00909952860289722,7.08446738943504
1.649,-0.00772462662402715,7.08518125757339
1.649125,-0.00634543570582939,7.08589148138332
1.64925,-0.00496272149207903,7.08659820853297
1.649375,-0.0035772515824775,7.08730169112488
1.6495,-0.0021897951065276,7.08800227370851
1.649625,-0.000801122296559327,7.08870037894424
1.64975,0.000587995939856493,7.08939649236989
1.649875,0.00197678844786951,7.09009114733709
1.65,0.00336448425344837,7.09078491071142
1.650125,0.00475031299137889,7.09147836948108
1.65025,0.00613350533292424,7.09217211806658
1.650375,0.00751329341290975,7.0928667459043
1.6505,0.00888891125599522,7.09356282480257
1.650625,0.0102595952018982,7.09426089564312
1.65075,0.0116245843293318,7.09496145422118
1.650875,0.0129831208784226,7.09566493637046
1.651,0.0143344506713727,7.09637170297308
1.651125,0.015677823531134,7.09708202593875
1.65125,0.0170124936978608,7.09779607664313
1.651375,0.0183377202429111,7.09851391850052
1.6515,0.019652767480165,7.09923550518007
1.651625,0.0209569053744333,7.0999606853931
1.65175,0.0222494099467291,7.10068921424226
1.651875,0.0235295636761769,7.10142077002746
1.652,0.0247966558983371,7.10215497443296
1.652125,0.0260499831997241,7.10289141343892
1.65225,0.0272888498082985,7.1036296562482
1.652375,0.0285125679797181,7.10436926995922
1.6525,0.029720458379132,7.10510982847239
1.652625,0.0309118504583063,7.10585091496359
1.65275,0.0320860828278719,7.10659211802371
1.652875,0.033242503624488,7.10733302219826
1.653,0.0343804708727171,7.10807319427198
1.653125,0.0354993528414116,7.10881216748985
1.65325,0.0365985283944121,7.10954942737664
1.653375,0.0376773873353652,7.11028440533193
1.6535,0.0387353307464674,7.1110164898594
1.653625,0.0397717713209485,7.11174506915965
1.65375,0.0407861336891083,7.1124696193361
1.653875,0.041777854737728,7.11318984229588
1.654,0.0427463839226758,7.11390582806645
1.654125,0.0436911835745366,7.114618170603
1.65425,0.0446117291970929,7.11532793790064
1.654375,0.0455075097584941,7.1160364436115
1.6545,0.0463780279749505,7.11674489758764
1.654625,0.0472228005867948,7.11745412015368
1.65475,0.0480413586267592,7.11816446149082
1.654875,0.048833247680318,7.11887591014719
1.655,0.0495980281379503,7.11958826923143
1.655125,0.0503352754391858,7.12030129714956
1.65525,0.0510445803082944,7.12101478146305
1.655375,0.0517255489814918,7.12172856177584
1.6555,0.0523778034255334,7.12244252701045
1.655625,0.0530009815475759,7.12315660433329
1.65575,0.0535947373961888,7.12387074778133
1.655875,0.0541587413534065,7.12458492920855
1.656,0.054692680317712,7.12529913182995
1.656125,0.0551962578778523,7.12601334589004
1.65625,0.0556691944773879,7.1267275658704
1.656375,0.0561112275698858,7.12744178874343
1.6565,0.0565221117646699,7.1281560129084
1.656625,0.0569016189630465,7.12887023755896
1.65675,0.0572495384849317,7.12958446231653
1.656875,0.0575656771858079,7.13029868702336
1.657,0.0578498595639465,7.1310129116294
1.657125,0.0581019278578355,7.13172713613256
1.65725,0.0583217421337597,7.13244136054883
1.657375,0.0585091803634834,7.13315558489819
1.6575,0.0586641384919933,7.13386980919885
1.657625,0.0587865304952633,7.13458403346537
1.65775,0.0588762884280108,7.13529825770863
1.657875,0.058933362461415,7.13601248193635
1.658,0.0589577209107796,7.13672670615388
1.658125,0.0589493502531223,7.1374409303648
1.65825,0.0589082551346817,7.13815515457149
1.658375,0.0588344583683385,7.1388693787755
1.6585,0.0587280009209513,7.13958360297781
1.658625,0.0585889418906141,7.14029782717907
1.65875,0.0584173584738491,7.14101205137967
1.658875,0.0582133459227516,7.14172627557986
1.659,0.0579770174921124,7.1424404997798
1.659125,0.0577085043765453,7.14315472397959
1.65925,0.0574079556376562,7.14386894817928
1.659375,0.0570755381212931,7.14458317237892
1.6595,0.0567114363649235,7.14529739657852
1.659625,0.0563158524951904,7.1460116207781
1.65975,0.0558890061157043,7.14672584497767
1.659875,0.0554311341851323,7.14744006917723
1.66,0.0549424908856531,7.14815429337679
1.660125,0.054423347481851,7.14886851757634
1.66025,0.0538739921701257,7.14958274177589
1.660375,0.0532947299187036,7.15029696597544
1.6605,0.0526858822983381,7.15101119017499
1.660625,0.0520477873037927,7.15172541437455
1.66075,0.051380799166207,7.1524396385741
1.660875,0.0506852881564495,7.15315386277365
1.661,0.049961640379565,7.1538680869732
1.661125,0.0492102575604331,7.15458231117275
1.66125,0.0484315568207549,7.1552965353723
1.661375,0.047625970447492,7.15601075957185
1.6615,0.0467939456528873,7.15672498377139
1.661625,0.0459359443262001,7.15743920797094
1.66175,0.0450524427772928,7.15815343217048
1.661875,0.0441439314722127,7.15886765637001
1.662,0.0432109147609153,7.15958188056953
1.662125,0.0422539105972792,7.16029610476902
1.66225,0.0412734502515703,7.16101032896849
1.662375,0.040270078015512,7.16172455316789
1.6625,0.0392443509001281,7.16243877736721
1.662625,0.0381968383265235,7.1631530015664
1.66275,0.0371281218097763,7.16386722576537
1.662875,0.0360387946361163,7.16458144996403
1.663,0.0349294615335678,7.16529567416221
1.663125,0.0338007383362415,7.16600989835968
1.66325,0.0326532516424609,7.16672412255612
1.663375,0.0314876384669125,7.16743834675107
1.6635,0.0303045458870143,7.16815257094391
1.663625,0.0291046306836972,7.16886679513378
1.66375,0.0278885589768003,7.16958101931957
1.663875,0.0266570058552811,7.1702952434998
1.664,0.0254106550024476,7.1710094676726
1.664125,0.0241501983164183,7.17172369183563
1.66425,0.0228763355260222,7.17243791598602
1.664375,0.0215897738023521,7.17315214012031
1.6645,0.0202912273661856,7.17386636423451
1.664625,0.0189814170914933,7.17458058832405
1.66475,0.017661070105253,7.17529481238391
1.664875,0.0163309193837928,7.17600903640877
1.665,0.0149917033458872,7.17672326039319
1.665125,0.0136441654428315,7.17743748433191
1.66525,0.0122890537457226,7.17815170822016
1.665375,0.0109271205301754,7.17886593205402
1.6655,0.0095591218587047,7.17958015583081
1.665625,0.00818581716100509,7.18029437954945
1.66575,0.00680796881236156,7.1810086032107
1.665875,0.00542634171042482,7.18172282681739
1.666,0.00404170285058642,7.1824370503745
1.666125,0.00265482090018926,7.18315127388909
1.66625,0.00126646577181,7.18386549737008
1.666375,-0.000122591804149836,7.18457972082792
1.6665,-0.00151158070732681,7.18529394427412
1.666625,-0.00289972985547493,7.18600816772071
1.66675,-0.00428626863252391,7.18672239117965
1.666875,-0.0056704273163786,7.18743661466228
1.667,-0.0070514375062222,7.18815083817878
1.667125,-0.0084285325490859,7.18886506173774
1.66725,-0.00980094796544828,7.18957928534589
1.667375,-0.0111679218736281,7.19029350900791
1.6675,-0.0125286954127351,7.19100773272639
1.667625,-0.0138825131639436,7.19172195650198
1.66775,-0.0152286235698551,7.19243618033355
1.667875,-0.0165662793517181,7.19315040421848
1.668,-0.0178947379242718,7.19386462815304
1.668125,-0.0192132618079845,7.19457885213267
1.66825,-0.0205211190384577,7.19529307615236
1.668375,-0.0218175835727688,7.19600730020694
1.6685,-0.0231019356925259,7.19672152429129
1.668625,-0.024373462403412,7.19743574840061
1.66875,-0.0256314578309969,7.19814997253045
1.668875,-0.0268752236125953,7.19886419667691
1.669,-0.0281040692849561,7.19957842083657
1.669125,-0.0293173126675657,7.20029264500656
1.66925,-0.0305142802413535,7.20100686918451
1.669375,-0.0316943075225892,7.20172109336848
1.6695,-0.0328567394317635,7.20243531755695
1.669625,-0.0340009306572493,7.20314954174872
1.66975,-0.0351262460135394,7.20386376594288
1.669875,-0.0362320607938635,7.20457799013875
1.67,-0.0373177611169871,7.20529221433581
1.670125,-0.0383827442680021,7.2060064385337
1.67025,-0.0394264190329171,7.20672066273216
1.670375,-0.0404482060268639,7.20743488693101
1.6705,-0.0414475380157373,7.2081491111301
1.670625,-0.042423860231089,7.20886333532936
1.67075,-0.0433766306781016,7.20957755952873
1.670875,-0.0443053204364716,7.21029178372817
1.671,-0.0452094139540338,7.21100600792766
1.671125,-0.046088409332965,7.21172023212716
1.67125,-0.0469418186084073,7.21243445632669
1.671375,-0.047769168019357,7.21314868052623
1.6715,-0.0485699982716676,7.21386290472577
1.671625,-0.049343864793023,7.21457712892531
1.67175,-0.0500903379797366,7.21529135312486
1.671875,-0.050809003435242,7.21600557732441
1.672,-0.0514994622001402,7.21671980152396
1.672125,-0.0521613309736787,7.21743402572351
1.67225,-0.0527942423265367,7.21814824992306
1.672375,-0.0533978449047993,7.21886247412261
1.6725,-0.0539718036250087,7.21957669832215
1.672625,-0.0545157998601822,7.2202909225217
1.67275,-0.0550295316166944,7.22100514672125
1.672875,-0.0555127137019264,7.2217193709208
1.673,-0.0559650778825872,7.22243359512034
1.673125,-0.0563863730336211,7.22314781931988
1.67325,-0.056776365277617,7.22386204351943
1.673375,-0.0571348381146429,7.22457626771897
1.6735,-0.0574615925424344,7.2252904919185
1.673625,-0.0577564471668681,7.22600471611803
1.67375,-0.0580192383026612,7.22671894031756
1.673875,-0.0582498200642395,7.22743316451709
1.674,-0.0584480644467246,7.22814738871661
1.674125,-0.0586138613969946,7.22886161291612
1.67425,-0.0587471188747788,7.22957583711563
1.674375,-0.0588477629037533,7.23029006131513
1.6745,-0.0589157376126081,7.23100428551463
1.674625,-0.0589510052660635,7.23171850971412
1.67475,-0.0589535462858191,7.23243273391362
1.674875,-0.0589233592614218,7.23314695811314
1.675,-0.0588604609510497,7.23386118231268
1.675125,-0.0587648862722085,7.23457540651229
1.67525,-0.058636688282348,7.23528963071201
1.675375,-0.0584759381494074,7.23600385491191
1.6755,-0.0582827251123077,7.23671807911211
1.675625,-0.0580571564314118,7.23743230331278
1.67575,-0.0577993573289797,7.23814652751415
1.675875,-0.0575094709196533,7.23886075171654
1.676,-0.0571876581310076,7.23957497592036
1.676125,-0.0568340976142136,7.24028920012606
1.67625,-0.0564489856448622,7.24100342433406
1.676375,-0.0560325360140039,7.24171764854438
1.6765,-0.0555849799094651,7.24243187275609
1.676625,-0.0551065657875065,7.24314609696596
1.67675,-0.0545975592348956,7.24386032116591
1.676875,-0.054058242821469,7.24457454533816
1.677,-0.0534889159432668,7.24528876944637
1.677125,-0.0528898946563259,7.24600299341958
1.67725,-0.0522615115012254,7.2467172171238
1.677375,-0.0516041153184799,7.24743144031278
1.6775,-0.0509180710548844,7.24814566254354
1.677625,-0.0502037595609185,7.24885988303403
1.67775,-0.0494615773793206,7.24957410042622
1.677875,-0.0486919365249521,7.25028831239733
1.678,-0.0478952642560715,7.2510025150304
1.678125,-0.0470720028371463,7.25171670180941
1.67825,-0.0462226092933353,7.25243086203853
1.678375,-0.0453475551567749,7.25314497839533
1.6785,-0.0444473262048143,7.25385902321408
1.678625,-0.0435224221903403,7.25457295297086
1.67875,-0.0425733565643453,7.25528670036019
1.678875,-0.0416006561908907,7.25600016346635
1.679,-0.0406048610546231,7.25671319221842
1.679125,-0.0395865239610086,7.25742557436595
1.67925,-0.0385462102294476,7.25813702785224
1.679375,-0.0374844973794448,7.25884721440113
1.6795,-0.0364019748100044,7.25955579729139
1.679625,-0.0352992434724324,7.26026256324298
1.67975,-0.034176915536724,7.260967597381
1.679875,-0.0330356140517244,7.26167144204031
1.68,-0.0318759725992497,7.26237512958049
1.680125,-0.0306986349423608,7.26308002003515
1.68025,-0.0295042546679848,7.26378749198569
1.680375,-0.0282934948240834,7.26449863056357
1.6805,-0.0270670275515686,7.26521404458476
1.680625,-0.025825533711171,7.26593385061605
1.68075,-0.024569702505467,7.26665777469312
1.680875,-0.0233002310962753,7.26738529505186
1.681,-0.0220178242176347,7.26811576981742
1.681125,-0.0207231937845788,7.26884852665244
1.68125,-0.0194170584979233,7.26958291469998
1.681375,-0.0181001434452875,7.27031832902573
1.6815,-0.0167731796985688,7.271054218873
1.681625,-0.0154369039080963,7.27179008851224
1.68175,-0.0140920578936871,7.27252549628051
1.681875,-0.0127393882328326,7.27326005473975
1.682,-0.0113796458462439,7.27399343297346
1.682125,-0.0100135855809862,7.2747253608021
1.68225,-0.00864196579143322,7.27545563399066
1.682375,-0.00726554791827478,7.27618411923411
1.6825,-0.005885096065811,7.27691075774467
1.682625,-0.00450137657776779,7.27763556653393
1.68275,-0.00311515761186914,7.27835863687535
1.682875,-0.00172720871340247,7.27908012984272
1.683,-0.000338300388013554,7.27980026916037
1.683125,0.0010507963260316,7.28051933182075
1.68325,0.00243931028588054,7.28123763701546
1.683375,0.00382647067218632,7.28195553391181
1.6835,0.00521150741701974,7.28267338873321
1.683625,0.00659365163136452,7.28339157151641
1.68375,0.00797213603195804,7.28411044286098
1.683875,0.00934619536724058,7.28483034098108
1.684,0.0107150668421767,7.28555156941938
1.684125,0.0120779905417131,7.28627438587283
1.68425,0.0134342098526373,7.28699899267653
1.684375,0.0147829718836038,7.2877255295479
1.6845,0.0161235278830936,7.2884540691634
1.684625,0.017455133655076,7.28918461598675
1.68475,0.0187770499721412,7.28991710848541
1.684875,0.0200885429858747,7.29065142449098
1.685,0.0213888846342457,7.29138738904521
1.685125,0.022677353045783,7.2921247837133
1.68525,0.0239532329403143,7.29286335611761
1.685375,0.0252158160260471,7.29360282839565
1.6855,0.0264644013927688,7.29434290341715
1.685625,0.0276982959009503,7.29508326787105
1.68575,0.0289168145665348,7.29582359170626
1.685875,0.0301192809412001,7.29656352385232
1.686,0.031305027487881,7.29730268468615
1.686125,0.0324733959513465,7.29804065645612
1.68625,0.0336237377236229,7.29877697402611
1.686375,0.0347554142040616,7.29951112011311
1.6865,0.0358677971538521,7.30024253181826
1.686625,0.0369602690447821,7.30097062833918
1.68675,0.0380322234020515,7.30169487163734
1.686875,0.0390830651409512,7.30241486854916
1.687,0.0401122108972179,7.30313050828711
1.687125,0.0411190893508828,7.30384209978361
1.68725,0.0421031415434338,7.30455043870147
1.687375,0.0430638211881159,7.30525672661324
1.6875,0.0440005949731964,7.30596232190741
1.687625,0.0449129428580275,7.30666841089253
1.68775,0.0458003583617413,7.30737575922043
1.687875,0.0466623488444179,7.30808465461037
1.688,0.0474984357805687,7.30879502063988
1.688125,0.0483081550247857,7.30950659344341
1.68825,0.0490910570694063,7.31021906609083
1.688375,0.0498467072940534,7.31093216765317
1.6885,0.0505746862069102,7.31164568949469
1.688625,0.0512745896775967,7.3123594832408
1.68875,0.0519460291615188,7.31307344855497
1.688875,0.0525886319155647,7.31378751988455
1.689,0.0532020412050295,7.31450165549516
1.689125,0.0537859165016527,7.31521582937718
1.68925,0.0543399336726591,7.31593002562793
1.689375,0.0548637851606978,7.31664423470044
1.6895,0.0553571801545796,7.31735845096744
1.689625,0.0558198447507178,7.31807267117483
1.68975,0.0562515221051831,7.31878689347912
1.689875,0.0566519725762877,7.31950111685966
1.69,0.0570209738576202,7.32021534076615
1.690125,0.0573583211014567,7.32092956491139
1.69025,0.0576638270324802,7.32164378915168
1.690375,0.0579373220517441,7.32235801341932
1.6905,0.0581786543308238,7.32307223768539
1.690625,0.0583876898961029,7.32378646193978
1.69075,0.0585643127031467,7.32450068618082
1.690875,0.0587084247011238,7.32521491041017
1.691,0.058819945887238,7.32592913463037
1.691125,0.0588988143511408,7.32664335884386
1.69125,0.0589449863093007,7.32735758305265
1.691375,0.058958436129309,7.32807180725821
1.6915,0.0589391563441097,7.32878603146163
1.691625,0.0588871576561448,7.32950025566365
1.69175,0.0588024689314131,7.33021447986475
1.691875,0.0586851371834454,7.33092870406528
1.692,0.0585352275472059,7.33164292826543
1.692125,0.058352823242933,7.33235715246536
1.69225,0.0581380255299406,7.33307137666513
1.692375,0.0578909536504056,7.33378560086483
1.6925,0.0576117447631711,7.33449982506446
1.692625,0.057300553867605,7.33521404926406
1.69275,0.0569575537175535,7.33592827346364
1.692875,0.0565829347254387,7.33664249766321
1.693,0.0561769048565531,7.33735672186277
1.693125,0.0557396895136103,7.33807094606233
1.69325,0.055271531411615,7.33878517026188
1.693375,0.054772690443122,7.33949939446143
1.6935,0.0542434435339605,7.34021361866098
1.693625,0.0536840844895007,7.34092784286053
1.69375,0.0530949238315518,7.34164206706008
1.693875,0.0524762886259787,7.34235629125964
1.694,0.051828522301135,7.34307051545919
1.694125,0.0511519844572124,7.34378473965874
1.69425,0.0504470506666127,7.34449896385829
1.694375,0.0497141122654523,7.34521318805784
1.6945,0.0489535761363168,7.34592741225739
1.694625,0.048165864482384,7.34664163645694
1.69475,0.0473514145930425,7.34735586065649
1.694875,0.0465106786011351,7.34807008485604
1.695,0.045644123231962,7.34878430905559
1.695125,0.0447522295441834,7.34949853325513
1.69525,0.0438354926627648,7.35021275745468
1.695375,0.0428944215041134,7.35092698165421
1.6955,0.041929538493559,7.35164120585374
1.695625,0.0409413792753348,7.35235543005325
1.69575,0.0399304924152202,7.35306965425274
1.695875,0.0388974390960105,7.35378387845219
1.696,0.0378427928059821,7.35449810265158
1.696125,0.0367671390205264,7.35521232685088
1.69625,0.0356710748771296,7.35592655105005
1.696375,0.0345552088438779,7.35664077524901
1.6965,0.0334201603816731,7.35735499944767
1.696625,0.0322665596003451,7.35806922364589
1.69675,0.0310950469088535,7.35878344784349
1.696875,0.0299062726597709,7.35949767204019
1.697,0.0287008967882468,7.36021189623566
1.697125,0.0274795884456515,7.36092612042943
1.69725,0.0262430256281037,7.3616403446209
1.697375,0.0249918948000881,7.36235456880931
1.6975,0.0237268905133718,7.36306879299372
1.697625,0.0224487150214316,7.36378301717298
1.69775,0.0211580778896047,7.36449724134573
1.697875,0.0198556956011817,7.36521146551038
1.698,0.0185422911596577,7.36592568966515
1.698125,0.017218593687365,7.36663991380809
1.69825,0.0158853380207085,7.36735413793718
1.698375,0.0145432643022287,7.36806836205035
1.6985,0.0131931175697195,7.36878258614563
1.698625,0.0118356473426284,7.36949681022129
1.69875,0.0104716072059682,7.37021103427594
1.698875,0.00910175439197277,7.37092525830872
1.699,0.00772684935972727,7.37163948231937
1.699125,0.00634765537300708,7.37235370630838
1.69925,0.00496493807656014,7.37306793027704
1.699375,0.0035794650710672,7.37378215422744
1.6995,0.00219200548701636,7.37449637816247
1.699625,0.000803329557728328,7.37521060208568
1.69975,-0.00058579180823055,7.37592482600116
1.699875,-0.00197458745501011,7.37663904991338
1.7,-0.00336228640757548,7.37735327382693
1.700125,-0.00474811829970579,7.37806749774631
1.70025,-0.00613131380165497,7.37878172167575
1.700375,-0.00751110504723705,7.37949594561898
1.7005,-0.00888672606009911,7.3802101695791
1.700625,-0.010257413178945,7.38092439355848
1.70075,-0.0116224054814741,7.38163861755869
1.700875,-0.012980945206799,7.38235284158053
1.701,-0.014332278176109,7.38306706562406
1.701125,-0.0156756542113444,7.3837812896887
1.70125,-0.01701032755165,7.38449551377333
1.701375,-0.0183355572673764,7.38520973787644
1.7015,-0.0196506076713997,7.38592396199625
1.701625,-0.0209547487275301,7.38663818613082
1.70175,-0.0222472564557842,7.38735241027818
1.701875,-0.0235274133342949,7.38806663443641
1.702,-0.024794508697636,7.38878085860371
1.702125,-0.026047839131341,7.38949508277844
1.70225,-0.027286708862396,7.39020930695916
1.702375,-0.0285104301454913,7.39092353114462
1.7025,-0.0297183236448154,7.39163775533376
1.702625,-0.0309097188111821,7.39235197952574
1.70275,-0.032083954254278,7.39306620371985
1.702875,-0.0332403781098271,7.39378042791554
1.703,-0.0343783484014662,7.3944946521124
1.703125,-0.0354972333971315,7.39520887631009
1.70325,-0.0365964119597581,7.39592310050838
1.703375,-0.0376752738920978,7.39663732470708
1.7035,-0.0387332202754636,7.39735154890606
1.703625,-0.0397696638022137,7.39806577310524
1.70375,-0.0407840291017887,7.39877999730456
1.703875,-0.0417757530601228,7.39949422150395
1.704,-0.042744285132251,7.40020844570341
1.704125,-0.0436890876479379,7.4009226699029
1.70425,-0.0446096361101605,7.40163689410241
1.704375,-0.0455054194862767,7.40235111830194
1.7045,-0.0463759404917199,7.40306534250148
1.704625,-0.0472207158660617,7.40377956670102
1.70475,-0.0480392766412888,7.40449379090057
1.704875,-0.0488311684021455,7.40520801510012
1.705,-0.0495959515383979,7.40592223929966
1.705125,-0.0503332014888792,7.40663646349921
1.70525,-0.05104250897718,7.40735068769876
1.705375,-0.0517234802388543,7.40806491189831
1.7055,-0.0523757372400134,7.40877913609786
1.705625,-0.052998917887188,7.40949336029741
1.70575,-0.0535926762283404,7.41020758449696
1.705875,-0.0541566826449162,7.41092180869651
1.706,-0.0546906240348288,7.41163603289606
1.706125,-0.055194203986275,7.41235025709561
1.70625,-0.0556671429422844,7.41306448129516
1.706375,-0.0561091783559135,7.4137787054947
1.7065,-0.0565200648359951,7.41449292969425
1.706625,-0.0568995742833654,7.41520715389379
1.70675,-0.0572474960174904,7.41592137809334
1.706875,-0.0575636368934236,7.41663560229288
1.707,-0.0578478214090281,7.41734982649241
1.707125,-0.0580998918024052,7.41806405069195
1.70725,-0.0583197081394739,7.41877827489148
1.707375,-0.0585071483916544,7.419492499091
1.7075,-0.0586621085036109,7.42020672329052
1.707625,-0.0587845024510167,7.42092094749004
1.70775,-0.0588742622883103,7.42163517168955
1.707875,-0.0589313381864141,7.42234939588905
1.708,-0.0589556984603974,7.42306362008854
1.708125,-0.0589473295870652,7.42377784428802
1.70825,-0.058906236212466,7.42449206848751
1.708375,-0.058832441149313,7.42520629268699
1.7085,-0.058725985364319,7.42592051688649
1.708625,-0.0585869279554554,7.42663474108601
1.70875,-0.0584153461191437,7.42734896528558
1.708875,-0.0582113351074014,7.42806318948524
1.709,-0.0579750081749638,7.42877741368501
1.709125,-0.0577064965164116,7.42949163788496
1.70925,-0.0574059491933403,7.43020586208512
1.709375,-0.0570735330516095,7.43092008628548
1.7095,-0.056709432628721,7.43163431048588
1.709625,-0.0563138500513745,7.43234853468585
1.70975,-0.0558870049232592,7.43306275888428
1.709875,-0.0554291342031429,7.43377698307868
1.71,-0.0549404920733276,7.434491207264
1.710125,-0.0544213497985423,7.43520543143027
1.71025,-0.0538719955753535,7.43591965555854
1.710375,-0.053292734372176,7.43663387961354
1.7105,-0.0526838877599731,7.437348103531
1.710625,-0.0520457937337397,7.43806232719582
1.71075,-0.0513788065248681,7.43877655040487
1.710875,-0.0506832964045002,7.43949077280475
1.711,-0.0499596494779754,7.44020499378838
1.711125,-0.0492082674704884,7.44091921232561
1.71125,-0.0484295675040757,7.44163342668879
1.711375,-0.0476239818660548,7.44234763401344
1.7115,-0.0467919577690444,7.4430618296036
1.711625,-0.045933957102699,7.44377600584757
1.71175,-0.045050456177296,7.44449015054838
1.711875,-0.044141945459317,7.44520424439225
1.712,-0.0432089292991704,7.44591825717669
1.712125,-0.0422519256512066,7.44663214231068
1.71225,-0.0412714657861815,7.44734582902575
1.712375,-0.0402680939963267,7.44805921181569
1.7125,-0.0392423672931916,7.44877213713889
1.712625,-0.0381948550984245,7.44948438895653
1.71275,-0.0371261389276639,7.4501956781794
1.712875,-0.0360368120677164,7.45090564728627
1.713,-0.0349274792471997,7.45161390870486
1.713125,-0.0337987563008341,7.45232013678905
1.71325,-0.032651269827568,7.4530242157169
1.713375,-0.0314856568427284,7.45372640382261
1.7135,-0.0303025644243883,7.454427431328
1.713625,-0.0291026493541485,7.45512845072575
1.71375,-0.0278865777525317,7.45583082917375
1.713875,-0.0266550247091933,7.45653586355734
1.714,-0.0254086739081517,7.4572445368278
1.714125,-0.0241482172482492,7.45795739582732
1.71425,-0.022874354459051,7.4586745582641
1.714375,-0.0215877927123979,7.45939580407802
1.7145,-0.0202892462298272,7.46012069490582
1.714625,-0.0189794358860803,7.4608486818306
1.71475,-0.0176590888089165,7.46157918438482
1.714875,-0.0163289379754555,7.46231164003481
1.715,-0.0149897218052734,7.46304553081755
1.715125,-0.0136421837504762,7.46378039517712
1.71525,-0.0122870718829805,7.46451583161097
1.715375,-0.0109251384792291,7.46525149858297
1.7155,-0.00955713960257274,7.46598711324619
1.715625,-0.00818383468354927,7.46672245012365
1.71575,-0.00680598609829391,7.46745734000551
1.715875,-0.00542435874531407,7.46819166883135
1.716,-0.00403971962086392,7.46892537612592
1.716125,-0.00265283739315449,7.4696584525495
1.71625,-0.00126448197563554,7.47039093623261
1.716375,0.000124575900413843,7.47112290772658
1.7165,0.00151356511374862,7.4718544835716
1.716625,0.00290171458123772,7.47258580863216
1.71675,0.00428825368592279,7.47331704746352
1.716875,0.00567241270481809,7.4740483750497
1.717,0.00705342323621423,7.47477996730005
1.717125,0.0084305186262483,7.4755119917144
1.71725,0.0098029343945038,7.47624459863151
1.717375,0.0111699086584039,7.47697791346035
1.7175,0.0125306825561626,7.47771203025359
1.717625,0.0138845006680592,7.47844700690859
1.71775,0.015230611435801,7.47918286216826
1.717875,0.0165682675797438,7.47991957444155
1.718,0.0178967265137361,7.48065708228389
1.718125,0.0192152507573579,7.48139528619082
1.71825,0.0205231083453255,7.48213405119196
1.718375,0.0218195732338342,7.48287320961533
1.7185,0.0231039257036141,7.48361256334636
1.718625,0.0243754527594749,7.48435188494624
1.71875,0.0256334485261174,7.48509091712897
1.718875,0.0268772146399929,7.48582937033765
1.719,0.0281060606369929,7.48656691853656
1.719125,0.0293193043357523,7.48730319390996
1.71925,0.0305162722163561,7.48803778203434
1.719375,0.0316962997942363,7.48877022039976
1.7195,0.0328587319890541,7.4895000049736
1.719625,0.0340029234883607,7.49022661164179
1.71975,0.0351282391058357,7.49094954095973
1.719875,0.0362340541339045,7.49166839358807
1.72,0.037319754690538,7.49238297653857
1.720125,0.0383847380600428,7.49309342353483
1.72025,0.0394284130276529,7.49380028818416
1.720375,0.040450200207736,7.49450455003181
1.7205,0.0414495323654337,7.49520748584834
1.720625,0.0424258547315561,7.49591041713518
1.72075,0.043378625310556,7.49661442458807
1.720875,0.0443073151814122,7.49732015616922
1.721,0.0452114087912544,7.49802780337919
1.721125,0.0460904042415674,7.49873721853121
1.72125,0.0469438135668146,7.49944808160192
1.721375,0.0477711630053269,7.5001600368736
1.7215,0.0485719932623069,7.50087276997188
1.721625,0.0493458597648017,7.5015860349394
1.72175,0.0500923329085025,7.5022996529915
1.721875,0.0508109982962357,7.50301350018192
1.722,0.0515014569680107,7.50372749333049
1.722125,0.0521633256224987,7.50444157794547
1.72225,0.0527962368298183,7.50515571901732
1.722375,0.0533998392355105,7.50586989443107
1.7225,0.0539737977555899,7.50658409043346
1.722625,0.0545177937625624,7.50729829859864
1.72275,0.0550315252623087,7.50801251384042
1.722875,0.0555147070617327,7.50872673313401
1.723,0.0559670709270842,7.50944095470788
1.723125,0.0563883657328654,7.51015517754086
1.72325,0.056778357601241,7.51086940105421
1.723375,0.0571368300318734,7.51158362492589
1.7235,0.0574635840221102,7.51229784898035
1.723625,0.0577584381774587,7.51301207312414
1.72375,0.0580212288122854,7.51372629730895
1.723875,0.0582518100406842,7.51444052151071
1.724,0.0584500538574636,7.51515474571804
1.724125,0.0586158502092077,7.51586896992599
1.72425,0.058749107055371,7.51658319413271
1.724375,0.0588497504193739,7.51729741833778
1.7245,0.0589177244296702,7.51801164254133
1.724625,0.0589529913507638,7.51872586674365
1.72475,0.0589555316041569,7.51944009094508
1.724875,0.0589253437792191,7.52015431514587
1.725,0.0588624446339706,7.52086853934622
1.725125,0.0587668690857792,7.52158276354629
1.72525,0.0586386701919763,7.52229698774617
1.725375,0.0584779191204029,7.52301121194592
1.7255,0.0582847051099014,7.5237254361456
1.725625,0.0580591354207758,7.52443966034523
1.72575,0.0578013352752474,7.52515388454483
1.725875,0.057511447787939,7.52586810874441
1.726,0.0571896338864262,7.52658233294397
1.726125,0.0568360722219007,7.52729655714353
1.72625,0.0564509590699934,7.52801078134309
1.726375,0.0560345082218149,7.52872500554264
1.7265,0.0555869508652707,7.52943922974219
1.726625,0.0551085354567207,7.53015345394174
1.72675,0.0545995275830507,7.5308676781413
1.726875,0.0540602098142349,7.53158190234085
1.727,0.0534908815464702,7.5322961265404
1.727125,0.0528918588359694,7.53301035073995
1.72725,0.0522634742235065,7.5337245749395
1.727375,0.0516060765498098,7.53443879913905
1.7275,0.0509200307619064,7.5351530233386
1.727625,0.0502057177105268,7.53586724753815
1.72775,0.0494635339386783,7.5365814717377
1.727875,0.0486938914615097,7.53729569593725
1.728,0.0478972175375843,7.5380099201368
1.728125,0.0470739544316926,7.53872414433635
1.72825,0.0462245591693336,7.53943836853591
1.728375,0.0453495032830015,7.54015259273546
1.7285,0.0444492725504198,7.540866816935
1.728625,0.0435243667248671,7.54158104113455
1.72875,0.0425752992577438,7.5422952653341
1.728875,0.0416025970135354,7.54300948953364
1.729,0.0406067999773291,7.54372371373317
1.729125,0.0395884609550471,7.5444379379327
1.72925,0.0385481452665615,7.5451521621322
1.729375,0.0374864304318636,7.54586638633169
1.7295,0.0364039058504597,7.54658061053113
1.729625,0.0353011724741718,7.54729483473051
1.72975,0.0341788424735258,7.54800905892981
1.729875,0.0330375388979115,7.54872328312898
1.73,0.0318778953297032,7.54943750732797
1.730125,0.0307005555325332,7.5501517315267
1.73025,0.0295061730939129,7.55086595572505
1.730375,0.0282954110624011,7.55158017992289
1.7305,0.0270689415795191,7.55229440412004
1.730625,0.0258274455066186,7.55300862831623
1.73075,0.0245716120469087,7.55372285251119
1.730875,0.0233021383628518,7.55443707670451
1.731,0.0220197291891414,7.55515130089576
1.731125,0.0207250964414759,7.55586552508439
1.73125,0.0194189588213462,7.55657974926979
1.731375,0.0181020414170557,7.55729397345126
1.7315,0.016775075301196,7.55800819762807
1.731625,0.0154387971247985,7.55872242179944
1.73175,0.0140939487083913,7.5594366459646
1.731875,0.0127412766301847,7.56015087012283
1.732,0.0113815318116163,7.56086509427351
1.732125,0.0100154691004849,7.56157931841615
1.73225,0.00864384685190473,7.56229354255049
1.732375,0.0072674265073122,7.5630077666765
1.7325,0.00588697217176003,7.56372199079445
1.732625,0.00450325018973214,7.56443621490489
1.73275,0.00311702871971559,7.5651504390087
1.732875,0.00172907730776542,7.56586466310703
1.733,0.000340166460299193,7.56657888720129
1.733125,-0.00104893278364155,7.56729311129305
1.73325,-0.00243744928042557,7.56800733538403
1.733375,-0.00382461220992428,7.56872155947595
1.7335,-0.00520965150342443,7.56943578357051
1.733625,-0.00659179827112374,7.57015000766924
1.73375,-0.00797028522897203,7.5708642317735
1.733875,-0.00934434712462098,7.57157845588441
1.734,-0.0107132211622459,7.57229268000276
1.734125,-0.0120761474260039,7.57300690412908
1.73425,-0.0134323693018935,7.5737211282636
1.734375,-0.0147811338977803,7.57443535240628
1.7345,-0.016121692461358,7.57514957655684
1.734625,-0.0174533007958099,7.57586380071482
1.73475,-0.0187752196729424,7.57657802487961
1.734875,-0.0200867152435594,7.57729224905053
1.735,-0.0213870594448513,7.57800647322683
1.735125,-0.0226755304045714,7.57872069740778
1.73525,-0.0239514128417758,7.57943492159266
1.735375,-0.025213998463904,7.58014914578081
1.7355,-0.0264625863599807,7.58086336997162
1.735625,-0.0276964833897182,7.58157759416456
1.73575,-0.0289150045683071,7.58229181835918
1.735875,-0.0301174734466779,7.58300604255511
1.736,-0.0313032224870247,7.58372026675203
1.736125,-0.032471593433382,7.58443449094971
1.73625,-0.0336219376770487,7.58514871514793
1.736375,-0.0347536166166561,7.58586293934656
1.7365,-0.0358660020126814,7.58657716354548
1.736625,-0.036958476336208,7.5872913877446
1.73675,-0.0380304331117402,7.58800561194386
1.736875,-0.0390812772538819,7.58871983614322
1.737,-0.0401104253976923,7.58943406034265
1.737125,-0.0411173062225343,7.59014828454212
1.73725,-0.042101360769238,7.59086250874162
1.737375,-0.0430620427504004,7.59157673294114
1.7375,-0.0439988188536515,7.59229095714067
1.737625,-0.0449111690377172,7.59300518134021
1.73775,-0.0457985868211149,7.59371940553975
1.737875,-0.0466605795633209,7.5944336297393
1.738,-0.0474966687382556,7.59514785393885
1.738125,-0.0483063901999315,7.5958620781384
1.73825,-0.0490892944401193,7.59657630233795
1.738375,-0.049844946837888,7.5972905265375
1.7385,-0.0505729279008799,7.59800475073705
1.738625,-0.0512728334981878,7.5987189749366
1.73875,-0.0519442750847037,7.59943319913615
1.738875,-0.0525868799168159,7.6001474233357
1.739,-0.0532002912593337,7.60086164753525
1.739125,-0.0537841685835253,7.6015758717348
1.73925,-0.0543381877561587,7.60229009593435
1.739375,-0.0548620412194413,7.6030043201339
1.7395,-0.0553554381617569,7.60371854433345
1.739625,-0.0558181046791074,7.604432768533
1.73975,-0.0562497839271674,7.60514699273254
1.739875,-0.0566502362638687,7.60586121693209
1.74,-0.0570192393824356,7.60657544113164
1.740125,-0.0573565884347955,7.60728966533118
1.74025,-0.0576620961452991,7.60800388953072
1.740375,-0.0579355929146839,7.60871811373026
1.7405,-0.0581769269142259,7.6094323379298
1.740625,-0.0583859641700256,7.61014656212933
1.74075,-0.0585625886373825,7.61086078632886
1.740875,-0.0587067022652159,7.61157501052839
1.741,-0.0588182250504973,7.61228923472791
1.741125,-0.058897095082663,7.61300345892742
1.74125,-0.0589432685779834,7.61371768312693
1.741375,-0.0589567199038691,7.61443190732643
1.7415,-0.0589374415931007,7.61514613152591
1.741625,-0.058885444347974,7.61586035572539
1.74175,-0.0588007570343589,7.61657457992485
1.741875,-0.0586834266656752,7.6172888041243
1.742,-0.0585335183767931,7.61800302832374
1.742125,-0.0583511153878748,7.61871725252317
1.74225,-0.0581363189581756,7.61943147672259
1.742375,-0.0578892483298308,7.62014570092197
1.7425,-0.0576100406616599,7.6208599251213
1.742625,-0.0572988509530246,7.6215741493205
1.74275,-0.0569558519577821,7.62228837351939
1.742875,-0.0565812340883831,7.62300259771762
1.743,-0.0561752053101661,7.62371682191449
1.743125,-0.0557379910259079,7.62443104610862
1.74325,-0.0552698339506936,7.62514527029738
1.743375,-0.0547709939771758,7.62585949447585
1.7435,-0.0542417480312982,7.62657371863506
1.743625,-0.053682389918563,7.62728794275873
1.74375,-0.0530932301609277,7.62800216681786
1.743875,-0.0524745958244227,7.62871639076133
1.744,-0.0518268303375835,7.62943061450008
1.744125,-0.0511502933008003,7.63014483788062
1.74425,-0.0504453602866897,7.63085906064121
1.744375,-0.0497124226315993,7.63157328233998
1.7445,-0.0489518872183617,7.63228750223852
1.744625,-0.0481641762504177,7.63300171911511
1.74475,-0.0473497270174347,7.63371593096841
1.744875,-0.0465089916525498,7.63443013455284
1.745,-0.0456424368813728,7.63514432465832
1.745125,-0.0447505437628886,7.63585849300792
1.74525,-0.0438338074224023,7.63657262659301
1.745375,-0.0428927367766757,7.63728670519612
1.7455,-0.0419278542514073,7.63800069776677
1.745625,-0.0409396954912136,7.63871455722668
1.74575,-0.0399288090622711,7.63942821321926
1.745875,-0.038895756147786,7.64014156237045
1.746,-0.0378411102364592,7.64085445599047
1.746125,-0.0367654568041199,7.64156668622007
1.74625,-0.035669392988705,7.64227797406487
1.746375,-0.0345535272587641,7.64298796719264
1.7465,-0.0334184790756749,7.64369626121384
1.746625,-0.0322648785497554,7.64440246143233
1.74675,-0.031093366090465,7.64510629438844
1.746875,-0.0299045920508879,7.6458077528753
1.747,-0.0286992163666962,7.64650722219168
1.747125,-0.0274779081897939,7.64720551780804
1.74725,-0.0262413455168439,7.64790379271412
1.747375,-0.0249902148128856,7.64860333652604
1.7475,-0.0237252106302507,7.6493053419063
1.747625,-0.02244703522299,7.65001072044171
1.74775,-0.0211563981570246,7.6507200141686
1.747875,-0.0198540159162373,7.65143340169024
1.748,-0.0185406115047245,7.65215076689296
1.748125,-0.0172169140454278,7.65287179168509
1.74825,-0.0158836583753696,7.65359604408156
1.748375,-0.0145415846377151,7.65432304740042
1.7485,-0.0131914378708904,7.65505232764685
1.748625,-0.0118339675949819,7.65578344224272
1.74875,-0.0104699273956479,7.65651599521363
1.748875,-0.00910007450577388,7.65724964362058
1.749,-0.00772516938510209,7.65798409884346
1.749125,-0.00634597529807062,7.65871912507388
1.74925,-0.00496325789009499,7.65945453637348
1.749375,-0.00357778476252818,7.6601901929678
1.7495,-0.0021903250465347,7.66092599703414
1.749625,-0.00080164897611553,7.66166188803538
1.74975,0.000587472539479267,7.66239783758155
1.749875,0.00197626834371274,7.66313384381296
1.75,0.00336396746086055,7.66386992535125
1.750125,0.00474979952401007,7.66460611492915
1.75025,0.00613299520272154,7.66534245286863
1.750375,0.00751278663011383,7.66607898061821
1.7505,0.00888840782913768,7.66681573457822
1.750625,0.0102590951377999,7.6675527404351
1.75075,0.0116240876331024,7.66829000819091
1.750875,0.0129826275534604,7.66902752801507
1.751,0.0143339607193663,7.66976526696459
1.751125,0.0156773369520642,7.67050316652523
1.75125,0.0170120104900039,7.67124114082821
1.751375,0.0183372404028426,7.67197907531001
1.7515,0.019652291002765,7.67271682552111
1.751625,0.0209564322528922,7.6734542157714
1.75175,0.0222489401725543,7.67419103734423
1.751875,0.0235290972392009,7.6749270461419
1.752,0.024796192786726,7.67566195987442
1.752125,0.0260495233999869,7.67639545531604
1.75225,0.0272883933052981,7.6771271667886
1.752375,0.0285121147566824,7.67785668794299
1.7525,0.0297200084176663,7.67858358010701
1.752625,0.030911403738406,7.67930739178904
1.75275,0.0320856393279371,7.6800276948418
1.752875,0.0332420633213379,7.68074414213608
1.753,0.0343800337416061,7.68145654748581
1.753125,0.0354989188560456,7.68216497905427
1.75325,0.0365980975269659,7.68286984266927
1.753375,0.0376769595565007,7.68357191689407
1.7535,0.0387349060253527,7.68427229967027
1.753625,0.0397713496252776,7.68497225001181
1.75375,0.0407857149851219,7.68567295704958
1.753875,0.0417774389902343,7.68637531709794
1.754,0.0427459710950732,7.68707980771182
1.754125,0.043690773628836,7.68778649904925
1.75425,0.044611322093942,7.68849517028704
1.754375,0.0455071054572009,7.68920545814092
1.7545,0.0463776264335086,7.68991697662879
1.754625,0.0472224017619091,7.69062938557599
1.75475,0.0480409624738724,7.69134241551832
1.754875,0.0488328541536369,7.69205586683729
1.755,0.0495976371904742,7.69276959806815
1.755125,0.0503348870227341,7.69348351201511
1.75525,0.0510441943735359,7.69419754342679
1.755375,0.051725165477974,7.69491164930729
1.7555,0.0523774223017122,7.69562580177804
1.755625,0.0530006027508464,7.6963399830253
1.75575,0.0535943608729162,7.69705418182277
1.755875,0.0541583670489579,7.6977683911895
1.756,0.0546923081764882,7.69848260684101
1.756125,0.0551958878433204,7.69919682618178
1.75625,0.0556688264921145,7.69991104765979
1.756375,0.0561108615755704,7.70062527035907
1.7565,0.0565217477021783,7.70133949374623
1.756625,0.0569012567724457,7.70205371751486
1.75675,0.0572491781055241,7.70276794149145
1.756875,0.0575653185561665,7.70348216557923
1.757,0.05784950262195,7.70419638972511
1.757125,0.0581015725407044,7.70491061390049
1.75725,0.0583213883780917,7.7056248380903
1.757375,0.05850882810529,7.7063390622868
1.7575,0.058663787666736,7.70705328648613
1.757625,0.0587861810378908,7.70776751068647
1.75775,0.0588759402729953,7.70848173488703
1.757875,0.0589330155427898,7.70919595908748
1.758,0.0589573751621764,7.70991018328773
1.758125,0.0589490056078082,7.7106244074878
1.75825,0.0589079115255973,7.71133863168771
1.758375,0.0588341157281354,7.7120528558875
1.7585,0.0587276591820298,7.71276708008721
1.758625,0.0585886009851613,7.71348130428686
1.75875,0.0584170183338765,7.71419552848647
1.758875,0.0582130064801334,7.71490975268606
1.759,0.057976678678623,7.71562397688564
1.759125,0.0577081661238976,7.7163382010852
1.75925,0.0574076178775393,7.71705242528476
1.759375,0.0570752007854102,7.71776664948432
1.7595,0.0567110993850295,7.71848087368387
1.759625,0.0563155158031298,7.71919509788342
1.75975,0.0558886696434485,7.71990932208297
1.759875,0.0554307978648172,7.72062354628252
1.76,0.0549421546496161,7.72133777048207
1.760125,0.0544230112626682,7.72205199468162
1.76025,0.0538736559006487,7.72276621888117
1.760375,0.0532943935320962,7.72348044308073
1.7605,0.0526855457281124,7.72419466728028
1.760625,0.0520474504838456,7.72490889147983
1.76075,0.0513804620308559,7.72562311567938
1.760875,0.0506849506404677,7.72633733987893
1.761,0.049961302418217,7.72705156407848
1.761125,0.0492099190895097,7.72776578827803
1.76125,0.0484312177766072,7.72848001247758
1.761375,0.0476256307670662,7.72919423667713
1.7615,0.046793605273758,7.72990846087668
1.761625,0.0459356031866038,7.73062268507623
1.76175,0.0450521008161606,7.73133690927578
1.761875,0.0441435886292033,7.73205113347533
1.762,0.0432105709764464,7.73276535767488
1.762125,0.0422535658125594,7.73347958187443
1.76225,0.0412731044086299,7.73419380607398
1.762375,0.0402697310572338,7.73490803027352
1.7625,0.039244002770277,7.73562225447306
1.762625,0.0381964889697761,7.7363364786726
1.76275,0.0371277711717502,7.73705070287212
1.762875,0.0360384426633975,7.73776492707162
1.763,0.0349291081737391,7.7384791512711
1.763125,0.0338003835379096,7.73919337547055
1.76325,0.0326528953552824,7.73990759966994
1.763375,0.0314872806416203,7.74062182386925
1.7635,0.0303041864754425,7.74133604806846
1.763625,0.0291042696388056,7.74205027226751
1.76375,0.0278881962526985,7.74276449646635
1.763875,0.0266566414072516,7.74347872066491
1.764,0.0254102887869683,7.74419294486308
1.764125,0.0241498302911842,7.74490716906075
1.76425,0.0228759656499668,7.74562139325776
1.764375,0.0215894020356672,7.74633561745395
1.7645,0.0202908536703416,7.74704984164909
1.764625,0.0189810414292576,7.74776406584295
1.76475,0.0176606924407082,7.74847829003527
1.764875,0.0163305396823542,7.74919251422576
1.765,0.0149913215743192,7.74990673841414
1.765125,0.0136437815692636,7.75062096260012
1.76525,0.0122886677396644,7.75133518678344
1.765375,0.0109267323625306,7.75204941096389
1.7655,0.0095587315017847,7.75276363514129
1.765625,0.0081854245885417,7.75347785931558
1.76575,0.00680757399951865,7.75419208348676
1.765875,0.00542594463380938,7.75490630765498
1.766,0.00404130348825871,7.75562053182046
1.766125,0.00265441923167219,7.75633475598357
1.76625,0.00126606177809763,7.75704898014476
1.766375,-0.000122998140584621,7.75776320430457
1.7665,-0.00151198940252542,7.75847742846362
1.766625,-0.00290014092398705,7.75919165262254
1.76675,-0.00428668208740235,7.75990587678199
1.766875,-0.00567084316917495,7.76062010094257
1.767,-0.0070518557669833,7.76133432510487
1.767125,-0.00842895322635121,7.76204854926935
1.76725,-0.00980137106624807,7.7627627734364
1.767375,-0.0111683474034825,7.7634769976063
1.7675,-0.0125291233756539,7.76419122177922
1.767625,-0.0138829435624268,7.76490544595522
1.76775,-0.0152290564048949,7.76561967013425
1.767875,-0.0165667146228009,7.76633389431619
1.768,-0.0178951756293814,7.76704811850086
1.768125,-0.0192137019436063,7.76776234268802
1.76825,-0.0205215615995836,7.76847656687739
1.768375,-0.0218180285529025,7.76919079106872
1.7685,-0.0231023830836897,7.76990501526171
1.768625,-0.0243739121961542,7.77061923945611
1.76875,-0.0256319100143995,7.77133346365167
1.768875,-0.0268756781742832,7.77204768784818
1.769,-0.0281045262111067,7.77276191204544
1.769125,-0.0293177719429194,7.77347613624329
1.76925,-0.0305147418492249,7.77419036044159
1.769375,-0.0316947714448791,7.77490458464024
1.7695,-0.0328572056489719,7.77561880883916
1.769625,-0.0340013991484885,7.77633303303826
1.76975,-0.0351267167565488,7.7770472572375
1.769875,-0.0362325337650241,7.77776148143683
1.77,-0.0373182362913377,7.77847570563624
1.770125,-0.0383832216192553,7.7791899298357
1.77025,-0.0394268985334768,7.77990415403518
1.770375,-0.0404486876478432,7.78061837823469
1.7705,-0.0414480217269766,7.78133260243422
1.770625,-0.0424243460011756,7.78204682663375
1.77075,-0.0433771184743895,7.78276105083329
1.770875,-0.0443058102251018,7.78347527503284
1.771,-0.0452099056999557,7.78418949923239
1.771125,-0.046088902999958,7.78490372343193
1.77125,-0.0469423141591032,7.78561794763148
1.771375,-0.047769665415263,7.78633217183104
1.7715,-0.04857049747319,7.78704639603059
1.771625,-0.0493443657594909,7.78776062023014
1.77175,-0.050090840669427,7.78847484442969
1.771875,-0.0508095078054046,7.78918906862924
1.772,-0.0514999682070236,7.78990329282879
1.772125,-0.0521618385725563,7.79061751702834
1.77225,-0.0527947514717333,7.79133174122789
1.772375,-0.0533983555497187,7.79204596542744
1.7725,-0.0539723157221612,7.79276018962699
1.772625,-0.0545163133612125,7.79347441382654
1.77275,-0.0550300464724104,7.79418863802609
1.772875,-0.055513229862328,7.79490286222564
1.773,-0.0559655952968957,7.79561708642519
1.773125,-0.0563868916503088,7.79633131062474
1.77325,-0.0567768850444373,7.79704553482429
1.773375,-0.057135358978661,7.79775975902383
1.7735,-0.0574621144500575,7.79847398322338
1.773625,-0.057756970063877,7.79918820742292
1.77375,-0.0580197621342412,7.79990243162246
1.773875,-0.0582503447750123,7.800616655822
1.774,-0.0584485899807801,7.80133088002154
1.774125,-0.0586143876979228,7.80204510422107
1.77425,-0.0587476458857023,7.8027593284206
1.774375,-0.0588482905673597,7.80347355262013
1.7745,-0.0589162658711828,7.80418777681965
1.774625,-0.0589515340615227,7.80490200101916
1.77475,-0.0589540755597422,7.80561622521866
1.774875,-0.0589238889550853,7.80633044941816
1.775,-0.0588609910054598,7.80704467361763
1.775125,-0.0587654166281348,7.8077588978171
1.77525,-0.0586372188803566,7.80847312201654
1.775375,-0.0584764689298946,7.80918734621596
1.7755,-0.0582832560155333,7.80990157041534
1.775625,-0.0580576873975326,7.81061579461467
1.77575,-0.0577998882980831,7.81133001881392
1.775875,-0.0575100018317904,7.81204424301302
1.776,-0.057188188926227,7.81275846721189
1.776125,-0.0568346282325946,7.8134726914103
1.77625,-0.056449516026548,7.81418691560791
1.776375,-0.0560330660992348,7.81490113980402
1.7765,-0.0555855096386116,7.81561536399738
1.776625,-0.0551070951011022,7.81632958818575
1.77675,-0.0545980880736699,7.81704381236509
1.776875,-0.0540587711263797,7.81775803652825
1.777,-0.0534894436555325,7.81847226066267
1.777125,-0.0528904217174584,7.81918648474645
1.77725,-0.0522620378530615,7.81990070874182
1.777375,-0.051604640903213,7.82061493258409
1.7775,-0.0509185958150963,7.82132915616355
1.777625,-0.0502042834396103,7.82204337929564
1.77775,-0.0494621003199439,7.82275760167266
1.777875,-0.0486924584714394,7.82347182278607
1.778,-0.0478957851528665,7.82418604180299
1.778125,-0.0470725226292341,7.82490025737163
1.77825,-0.0462231279262714,7.82561446731841
1.778375,-0.0453480725767152,7.8263286681814
1.7785,-0.0444478423585432,7.82704285450046
1.778625,-0.0435229370252996,7.82775701775047
1.77875,-0.042573870028662,7.82847114475978
1.778875,-0.0416011682334046,7.82918521539975
1.779,-0.0406053716249142,7.82989919926531
1.779125,-0.039587033009423,7.83061305099822
1.77925,-0.0385467177071247,7.83132670385929
1.779375,-0.0374850032383422,7.83204006118868
1.7795,-0.0364024790029236,7.83275298563416
1.779625,-0.0352997459530431,7.83346528672677
1.77975,-0.0341774162595885,7.83417670896036
1.779875,-0.0330361129723213,7.83488692544423
1.78,-0.0318764696739968,7.83559554635885
1.780125,-0.0306991301286374,7.83630215495821
1.78025,-0.0295047479241541,7.83700638197533
1.780375,-0.0282939861095134,7.83770801627088
1.7805,-0.0270675168266531,7.83840712567628
1.780625,-0.0258260209373497,7.83910414044912
1.78075,-0.024570187645245,7.83979985323225
1.780875,-0.0233007141132418,7.84049532133277
1.781,-0.0220183050764816,7.84119170080257
1.781125,-0.0207236724511179,7.84189006816439
1.78125,-0.0194175349391037,7.84259128179975
1.781375,-0.0181006176292115,7.84329591024339
1.7815,-0.0167736515945077,7.84400422666253
1.781625,-0.0154373734865054,7.84471625044665
1.78175,-0.0140925251262197,7.84543181155763
1.781875,-0.0127398530923539,7.84615061756016
1.782,-0.0113801083068436,7.84687231127106
1.782125,-0.0100140456179908,7.84759651432507
1.78225,-0.00864242338141736,7.84832285678219
1.782375,-0.00726600303907218,7.84905099520673
1.7825,-0.0058855486965243,7.84978062222634
1.782625,-0.00450182669877793,7.85051147026358
1.78275,-0.00311560520484392,7.85124331150227
1.782875,-0.00172765376130438,7.85197595552068
1.783,-0.000338742875106905,7.85270924551978
1.783125,0.0010503564141743,7.85344305372237
1.78325,0.00243887296237298,7.85417727629644
1.783375,0.00382603594882342,7.85491182802942
1.7835,0.00521107530427356,7.85564663691436
1.783625,0.00659322213838082,7.85638163877742
1.78375,0.00797170916655357,7.8571167720589
1.783875,0.00934577113590119,7.85785197284347
1.784,0.0107146452500562,7.85858717021334
1.784125,0.0120775715926326,7.85932228196774
1.78425,0.0134337935490857,7.8600572107161
1.784375,0.0147825582267388,7.8607918403158
1.7845,0.0161231168727434,7.86152603259842
1.784625,0.0174547252897418,7.86225962432242
1.78475,0.0187766442490005,7.86299242432362
1.784875,0.0200881399007852,7.86372421092634
1.785,0.0213884841817499,7.86445472985451
1.785125,0.0226769552191138,7.86518369317161
1.78525,0.023952837731401,7.86591078020973
1.785375,0.0252154234255221,7.86663564203122
1.7855,0.0264640113899754,7.86735791166555
1.785625,0.0276979084839508,7.86807722302757
1.78575,0.0289164297221195,7.86879324169947
1.785875,0.0301188986548967,7.86950570999874
1.786,0.0313046477439652,7.87021450603684
1.786125,0.0324730187328529,7.87091971094684
1.78625,0.0336233630123564,7.8716216702356
1.786375,0.0347550419806102,7.872321026696
1.7865,0.0358674273975993,7.87301869893022
1.786625,0.0369599017339207,7.87371578812165
1.78675,0.0380318585135982,7.87441341946345
1.786875,0.039082702650761,7.8751125568977
1.787,0.0401118507799997,7.87581385225263
1.787125,0.0411187315802155,7.87651758240452
1.78725,0.0421027860917832,7.87722368846439
1.787375,0.0430634680268516,7.87793188431813
1.7875,0.0440002440726099,7.8786417803902
1.787625,0.0449125941873504,7.87935298063257
1.78775,0.0458000118891646,7.88006513804821
1.787875,0.0466620045371111,7.88077797507998
1.788,0.0474980936047002,7.88149128259486
1.788125,0.048307814945543,7.8822049093336
1.78825,0.0490907190510174,7.88291874906237
1.788375,0.0498463712998081,7.88363272882277
1.7885,0.0505743521991821,7.88434679941533
1.788625,0.051274257617866,7.88506092818238
1.78875,0.051945699010395,7.88577509375498
1.788875,0.0525883036328101,7.88648928233758
1.789,0.0532017147495828,7.88720348513797
1.789125,0.0537855918316535,7.88791769662245
1.78925,0.0543396107454724,7.88863191335063
1.789375,0.0548634639329391,7.88934613320919
1.7895,0.0553568605821402,7.89006035491536
1.789625,0.0558195267887904,7.89077457769964
1.78975,0.056251205708288,7.89148880110575
1.789875,0.0566516576982993,7.89220302486631
1.79,0.0570206604517937,7.89291724882643
1.790125,0.0573580091204549,7.89363147289747
1.79025,0.0576635164284008,7.89434569702931
1.790375,0.0579370127761474,7.89505992119397
1.7905,0.0581783463347604,7.89577414537603
1.790625,0.0583873831301416,7.89648836956713
1.79075,0.0585640071174031,7.89720259376281
1.790875,0.0587081202452884,7.89791681796073
1.791,0.0588196425106048,7.89863104215971
1.791125,0.0588985120026361,7.89934526635914
1.79125,0.0589446849375122,7.90005949055875
1.791375,0.0589581356825147,7.9007737147584
1.7915,0.0589388567703072,7.90148793895805
1.791625,0.0588868589030806,7.90220216315768
1.79175,0.0588021709466116,7.90291638735729
1.791875,0.0586848399142388,7.90363061155688
1.792,0.0585349309407634,7.90434483575646
1.792125,0.0583525272462904,7.90505905995603
1.79225,0.05813773009003,7.90577328415559
1.792375,0.0578906587140846,7.90648750835514
1.7925,0.0576114502772526,7.9072017325547
1.792625,0.0573002597788867,7.90791595675425
1.79275,0.0569572599728471,7.9086301809538
1.792875,0.0565826412715994,7.90934440515335
1.793,0.0561766116405092,7.9100586293529
1.793125,0.0557393964823919,7.91077285355246
1.79325,0.0552712385123834,7.91148707775201
1.793375,0.0547723976231988,7.91220130195156
1.7935,0.054243150740856,7.91291552615111
1.793625,0.0536837916709431,7.91362975035066
1.79375,0.0530946309355152,7.91434397455021
1.793875,0.0524759956007118,7.91505819874976
1.794,0.051828229095189,7.91577242294931
1.794125,0.0511516910194688,7.91648664714886
1.79425,0.0504467569463111,7.91720087134841
1.794375,0.0497138182122179,7.91791509554796
1.7945,0.0489532817001873,7.91862931974751
1.794625,0.0481655696138365,7.91934354394707
1.79475,0.0473511192430202,7.92005776814662
1.794875,0.0465103827210733,7.92077199234617
1.795,0.0456438267738143,7.92148621654572
1.795125,0.044751932460447,7.92220044074527
1.79525,0.0438351949065061,7.92291466494482
1.795375,0.0428941230289926,7.92362888914437
1.7955,0.0419292392538547,7.92434311334392
1.795625,0.040941079225968,7.92505733754347
1.79575,0.0399301915117783,7.92577156174302
1.795875,0.0388971372947703,7.92648578594257
1.796,0.0378424900639328,7.92720001014211
1.796125,0.0367668352953919,7.92791423434165
1.79625,0.0356707701273908,7.92862845854118
1.796375,0.034554903028794,7.9293426827407
1.7965,0.0334198534613025,7.93005690694021
1.796625,0.0322662515355664,7.93077113113969
1.79675,0.0310947376613852,7.93148535533915
1.796875,0.0299059621921911,7.93219957953855
1.797,0.0287005850640123,7.9329138037379
1.797125,0.0274792754291162,7.93362802793716
1.79725,0.0262427112845368,7.9343422521363
1.797375,0.0249915790956914,7.93505647633529
1.7975,0.0237265734152969,7.93577070053408
1.797625,0.0224483964977958,7.93648492473261
1.79775,0.0211577579095071,7.9371991489308
1.797875,0.0198553741347183,7.93791337312859
1.798,0.0185419681779361,7.93862759732587
1.798125,0.0172182691625186,7.93934182152256
1.79825,0.0158850119259095,7.94005604571853
1.798375,0.0145429366117014,7.9407702699137
1.7985,0.0131927882587523,7.94148449410794
1.798625,0.0118353163875853,7.94219871830118
1.79875,0.0104712745843004,7.94291294249333
1.798875,0.00910142008222853,7.94362716668434
1.799,0.00772651334156165,7.94434139087419
1.799125,0.00634731762719132,7.94505561506291
1.79925,0.00496459858499004,7.94576983925054
1.799375,0.00357912381677098,7.94648406343719
1.7995,0.00219166245416188,7.94719828762301
1.799625,0.000802984731629633,7.94791251180816
1.79975,-0.000586138441107296,7.94862673599286
1.799875,-0.00197493590704137,7.94934096017734
1.8,-0.00336263668997572,7.95005518436184
1.800125,-0.00474847042252353,7.9507694085466
1.80025,-0.00613166777376946,7.95148363273183
1.800375,-0.00751146087635563,7.95219785691776
1.8005,-0.00888708375275522,7.95291208110453
1.800625,-0.0102577727404968,7.95362630529229
1.80075,-0.0116227669161038,7.95434052948113
1.800875,-0.0129813085175129,7.9550547536711
1.801,-0.014332643364738,7.95576897786221
1.801125,-0.0156760212785453,7.95648320205443
1.80125,-0.0170106964969073,7.95719742624772
1.801375,-0.0183359280890053,7.957911650442
1.8015,-0.0196509803665486,7.95862587463718
1.801625,-0.0209551232921852,7.95934009883316
1.80175,-0.0222476328847733,7.96005432302983
1.801875,-0.023527791621293,7.9607685472271
1.802,-0.0247948888351709,7.96148277142486
1.802125,-0.0260482211107996,7.96219699562304
1.80225,-0.0272870926740314,7.96291121982154
1.802375,-0.0285108157784302,7.96362544402031
1.8025,-0.0297187110870669,7.96433966821928
1.802625,-0.0309101080496456,7.96505389241841
1.80275,-0.0320843452747534,7.96576811661765
1.802875,-0.0332407708970245,7.96648234081699
1.803,-0.0343787429390165,7.96719656501639
1.803125,-0.0354976296675977,7.96791078921584
1.80325,-0.0365968099446469,7.96862501341532
1.803375,-0.037675673571872,7.96933923761482
1.8035,-0.0387336216295552,7.97005346181434
1.803625,-0.0397700668090367,7.97076768601387
1.80375,-0.0407844337387535,7.97148191021341
1.803875,-0.0417761593036508,7.97219613441295
1.804,-0.0427446929577893,7.9729103586125
1.804125,-0.0436894970299751,7.97362458281205
1.80425,-0.0446100470222423,7.97433880701159
1.804375,-0.0455058319010229,7.97505303121114
1.8045,-0.0463763543808411,7.9757672554107
1.804625,-0.047221131200377,7.97648147961025
1.80475,-0.0480396933907433,7.9771957038098
1.804875,-0.0488315865358292,7.97790992800935
1.805,-0.0495963710245643,7.9786241522089
1.805125,-0.0503336222949644,7.97933837640845
1.80525,-0.0510429310698226,7.980052600608
1.805375,-0.0517239035839153,7.98076682480755
1.8055,-0.052376161802597,7.9814810490071
1.805625,-0.0529993436316619,7.98219527320665
1.80575,-0.0535931031183575,7.9829094974062
1.805875,-0.054157110643436,7.98362372160575
1.806,-0.0546910531041393,7.9843379458053
1.806125,-0.0551946340880149,7.98505217000485
1.80625,-0.0556675740374658,7.9857663942044
1.806375,-0.0561096104049447,7.98648061840395
1.8065,-0.0565204977987038,7.9871948426035
1.806625,-0.0569000081190219,7.98790906680305
1.80675,-0.0572479306848319,7.9886232910026
1.806875,-0.0575640723506776,7.98933751520214
1.807,-0.0578482576139368,7.99005173940169
1.807125,-0.0581003287122498,7.99076596360123
1.80725,-0.0583201457110996,7.99148018780078
1.807375,-0.0585075865814948,7.99219441200032
1.8075,-0.0586625472677131,7.99290863619985
1.807625,-0.0587849417450667,7.99362286039939
1.80775,-0.0588747020676581,7.99433708459892
1.807875,-0.0589317784060995,7.99505130879844
1.808,-0.0589561390751749,7.99576553299796
1.808125,-0.0589477705514305,7.99647975719747
1.80825,-0.0589066774806814,7.99719398139697
1.808375,-0.0588328826754331,7.99790820559646
1.8085,-0.0587264271022173,7.99862242979593
1.808625,-0.0585873698588495,7.99933665399538
1.80875,-0.0584157881416218,8.0000508781948
1.808875,-0.0582117772024483,8.00076510239418
1.809,-0.057975450295987,8.0014793265935
1.809125,-0.0577069386167672,8.00219355079272
1.80925,-0.0574063912263591,8.0029077749918
1.809375,-0.0570739749706231,8.00362199919062
1.8095,-0.0567098743870878,8.00433622338902
1.809625,-0.0563142916025054,8.00505044758667
1.80975,-0.0558874462206434,8.00576467178301
1.809875,-0.055429575200374,8.00647889597706
1.81,-0.0549409327241287,8.00719312016706
1.810125,-0.0544217900567917,8.00790734434998
1.81025,-0.0538724353951103,8.00862156852053
1.810375,-0.0532931737077052,8.00933579266958
1.8105,-0.0526843265657703,8.01005001678151
1.810625,-0.0520462319645565,8.0107642408297
1.81075,-0.0513792441357364,8.0114784647692
1.810875,-0.0506837333507569,8.01219268852457
1.811,-0.0499600857152866,8.0129069119703
1.811125,-0.0492087029548735,8.01362113489901
1.81125,-0.0484300021919311,8.014335356971
1.811375,-0.0476244157141776,8.01504957763436
1.8115,-0.0467923907346555,8.015763796
1.811625,-0.0459343891434664,8.01647801064832
1.81175,-0.0450508872513571,8.01719221933322
1.811875,-0.0441423755253013,8.01790641853422
1.812,-0.0432093583162216,8.01862060278688
1.812125,-0.0422523535790043,8.01933476369461
1.81225,-0.0412718925849625,8.02004888849028
1.812375,-0.0402685196269064,8.02076295797338
1.8125,-0.0392427917169845,8.02147694360039
1.812625,-0.0381952782774645,8.02219080345855
1.81275,-0.0371265608246245,8.02290447682245
1.812875,-0.03603723264593,8.02361787701608
1.813,-0.0349278984706771,8.02433088245595
1.813125,-0.0337991741342829,8.02504332618077
1.81325,-0.0326516862364112,8.02575498512266
1.813375,-0.0314860717931223,8.02646557213477
1.8135,-0.0303029778832399,8.02717473644098
1.813625,-0.0291030612891324,8.02788208095945
1.81375,-0.027886988132107,8.02858720555566
1.813875,-0.0266554335026193,8.02928978013696
1.814,-0.0254090810855039,8.02998963864344
1.814125,-0.0241486227804342,8.03068686854395
1.81425,-0.0228747583178211,8.03138186143992
1.814375,-0.0215881948703654,8.03207529896392
1.8145,-0.0202896466604782,8.03276807248358
1.814625,-0.0189798345637874,8.03346116062143
1.81475,-0.0176594857089518,8.03415550066856
1.814875,-0.0163293330740028,8.03485188529324
1.815,-0.0149901150794393,8.03555090136654
1.815125,-0.0136425751783016,8.03625291223532
1.81525,-0.0122874614434507,8.03695807409361
1.815375,-0.0109255261522842,8.03766637281523
1.8155,-0.00955752536911673,8.03837766844595
1.815625,-0.00818421852545899,8.03909173810828
1.81575,-0.00680636799842736,8.03980831215632
1.815875,-0.00542473868751814,8.04052710172308
1.816,-0.00404009758998158,8.04124781790608
1.816125,-0.0026532133750314,8.0419701838701
1.81625,-0.0012648559571261,8.04269394144928
1.816375,0.00012420393144103,8.04341885373382
1.8165,0.00151319516840583,8.04414470486447
1.816625,0.00290134666961379,8.04487129796817
1.81675,0.00428788781707935,8.04559845191397
1.816875,0.00567204888678641,8.04632599736956
1.817,0.00705306147599261,8.04705377249373
1.817125,0.00843015892980005,8.04778161849889
1.81725,0.00980257676675578,8.0485093752495
1.817375,0.0111695531032457,8.04923687701991
1.8175,0.0125303290764462,8.04996394851534
1.817625,0.0138841492655992,8.05069040126423
1.81775,0.0152302621113758,8.05141603052479
1.817875,0.0165679203330966,8.05214061292335
1.818,0.0178963813435772,8.0528639051691
1.818125,0.0192149076613671,8.05358564437938
1.81825,0.0205227673201552,8.05430555080681
1.818375,0.0218192342751135,8.05502333406794
1.8185,0.0231035888059528,8.05573870428
1.818625,0.0243751179164681,8.0564513896955
1.81875,0.0256331157303512,8.05716116226731
1.818875,0.0268768838830503,8.05786787175218
1.819,0.02810573190946,8.05857148709203
1.819125,0.0293189776272258,8.05927214065252
1.81925,0.0305159475154503,8.05997016668385
1.819375,0.0316959770885916,8.0606661212365
1.8195,0.0328584112653455,8.06136076896171
1.819625,0.0340026047323066,8.06205502562848
1.81975,0.0351279223022081,8.06274985583855
1.819875,0.0362337392665387,8.06344614222225
1.82,0.0373194417423434,8.06414455907976
1.820125,0.0383844270130142,8.06484548940383
1.82025,0.0394281038628818,8.06554901127698
1.820375,0.0404498929054229,8.06625495162614
1.8205,0.0414492269049008,8.0669629790886
1.820625,0.0424255510912599,8.06767269941616
1.82075,0.0433783234681012,8.06838372757411
1.820875,0.0443070151135655,8.06909572858002
1.821,0.0452111104739591,8.06980843227267
1.821125,0.0460901076499578,8.07052163184126
1.82125,0.0469435186752315,8.07123517474579
1.821375,0.0477708697873331,8.07194895154096
1.8215,0.0485717016907036,8.07266288538389
1.821625,0.0493455698116443,8.07337692328395
1.82175,0.0500920445451182,8.07409102926945
1.821875,0.0508107114932399,8.07480517926927
1.822,0.0515011716953252,8.075519357391
1.822125,0.0521630418493691,8.07623355327608
1.82225,0.0527959545248327,8.07694776025629
1.822375,0.0533995583666179,8.07766197409071
1.8225,0.0539735182901189,8.07837619211389
1.822625,0.0545175156672407,8.07909041266983
1.82275,0.0550312485032825,8.07980463474129
1.822875,0.0555144316045865,8.08051885771028
1.823,0.0559667967368606,8.08123308120539
1.823125,0.0563880927740859,8.08194730500581
1.82325,0.0567780858379263,8.08266152898158
1.823375,0.0571365594275643,8.08337575305706
1.8235,0.0574633145398885,8.08408997718861
1.823625,0.0577581697799687,8.08480420135138
1.82375,0.0580209614617551,8.0855184255313
1.823875,0.0582515436989473,8.08623264972055
1.824,0.0584497884859809,8.0869468739148
1.824125,0.0586155857690895,8.08766109811168
1.82425,0.0587488435073989,8.08837532230992
1.824375,0.0588494877240234,8.08908954650886
1.8245,0.058917462547133,8.08980377070814
1.824625,0.0589527302409702,8.09051799490758
1.82475,0.0589552712267986,8.0912322191071
1.824875,0.0589250840937721,8.09194644330664
1.825,0.0588621855997175,8.0926606675062
1.825125,0.0587666106618325,8.09337489170576
1.82525,0.0586384123373013,8.09408911590531
1.825375,0.0584776617938403,8.09480334010486
1.8255,0.0582844482701907,8.09551756430442
1.825625,0.0580588790265781,8.09623178850397
1.82575,0.0578010792851684,8.09694601270352
1.825875,0.0575111921605521,8.09766023690307
1.826,0.0571893785802954,8.09837446110262
1.826125,0.0568358171956034,8.09908868530217
1.82625,0.0564507042821436,8.09980290950172
1.826375,0.0560342536310855,8.10051713370127
1.8265,0.0555866964304168,8.10123135790082
1.826625,0.0551082811366019,8.10194558210037
1.82675,0.0545992733366536,8.10265980629992
1.826875,0.0540599556006958,8.10337403049947
1.827,0.0534906273250973,8.10408825469902
1.827125,0.052891604566265,8.10480247889858
1.82725,0.0522632198651888,8.10551670309813
1.827375,0.0516058220628349,8.10623092729768
1.8275,0.0509197761064904,8.10694515149723
1.827625,0.0502054628471665,8.10765937569678
1.82775,0.0494632788281733,8.10837359989633
1.827875,0.0486936360649828,8.10908782409589
1.828,0.047896961816503,8.10980204829544
1.828125,0.0470736983478895,8.11051627249499
1.82825,0.0462243026850266,8.11123049669454
1.828375,0.0453492463608142,8.11194472089409
1.8285,0.0444490151534015,8.11265894509364
1.828625,0.0435241088165121,8.1133731692932
1.82875,0.042575040802011,8.11408739349275
1.828875,0.0416023379748673,8.1148016176923
1.829,0.0406065403206705,8.11551584189185
1.829125,0.0395882006458634,8.1162300660914
1.82925,0.038547884270857,8.11694429029095
1.829375,0.0374861687161994,8.1176585144905
1.8295,0.0364036433819707,8.11837273869004
1.829625,0.0353009092205841,8.11908696288959
1.82975,0.0341785784031735,8.11980118708913
1.829875,0.0330372739797526,8.12051541128866
1.83,0.0318776295333362,8.12122963548818
1.830125,0.030700288828212,8.12194385968769
1.83025,0.0295059054525627,8.12265808388718
1.830375,0.0282951424556327,8.12337230808665
1.8305,0.0270686719796435,8.12408653228608
1.830625,0.025827174886661,8.12480075648547
1.83075,0.0245713403806217,8.12551498068479
1.830875,0.0233018656247291,8.12622920488404
1.831,0.02201945535443,8.12694342908318
1.831125,0.0207248214861886,8.12765765328219
1.83125,0.0194186827222733,8.12837187748104
1.831375,0.0181017641517765,8.1290861016797
1.8315,0.0167747968480893,8.12980032587812
1.831625,0.0154385174630536,8.13051455007628
1.83175,0.0140936678180174,8.13122877427412
1.831875,0.0127409944920207,8.13194299847162
1.832,0.0113812484073398,8.13265722266873
1.832125,0.0100151844126205,8.13337144686544
1.83225,0.00864356086383233,8.13408567106173
1.832375,0.00726713920327438,8.1347998952576
1.8325,0.00588668353686914,8.13551411945305
1.832625,0.00450296020997687,8.13622834364811
1.83275,0.00311673738196703,8.13694256784282
1.832875,0.00172878459978261,8.13765679203725
1.833,0.000339872370734198,8.13837101623145
1.833125,-0.00104922826523912,8.1390852404255
1.83325,-0.00243774616360449,8.1397994646195
1.833375,-0.00382491050332818,8.14051368881353
1.8335,-0.00520995121478876,8.14122791300768
1.833625,-0.00659209940727326,8.14194213720203
1.83375,-0.00797058779581881,8.14265636139664
1.833875,-0.00934465112716285,8.14337058559159
1.834,-0.0107135266045655,8.14408480978691
1.834125,-0.0120764543112683,8.14479903398263
1.83425,-0.0134326776323539,8.14551325817877
1.834375,-0.0147814436747729,8.14622748237533
1.8345,-0.016122003685305,8.14694170657229
1.834625,-0.017453613466221,8.14765593076964
1.83475,-0.0187755337884167,8.14837015496735
1.834875,-0.020087030801788,8.14908437916537
1.835,-0.0213873764426206,8.14979860336368
1.835125,-0.0226758488377664,8.15051282756224
1.83525,-0.0239517327053841,8.151227051761
1.835375,-0.0252143197520207,8.15194127595994
1.8355,-0.0264629090658128,8.15265550015902
1.835625,-0.0276968075055908,8.15336972435822
1.83575,-0.0289153300856689,8.1540839485575
1.835875,-0.0301178003561076,8.15479817275686
1.836,-0.0313035507782383,8.15551239695627
1.836125,-0.0324719230952399,8.15622662115572
1.83625,-0.0336222686975636,8.1569408453552
1.836375,-0.0347539489830015,8.1576550695547
1.8365,-0.0358663357112001,8.15836929375422
1.836625,-0.0369588113524213,8.15908351795374
1.83675,-0.0380307694303577,8.15979774215328
1.836875,-0.0390816148588115,8.16051196635282
1.837,-0.0401107642720506,8.16122619055237
1.837125,-0.0411176463486578,8.16194041475191
1.83725,-0.0421017021286939,8.16265463895146
1.837375,-0.0430623853239989,8.16336886315101
1.8375,-0.0439991626214577,8.16408308735056
1.837625,-0.0449115139790635,8.16479731155011
1.83775,-0.0457989329146139,8.16551153574966
1.837875,-0.046660926786879,8.16622575994921
1.838,-0.0474970170690863,8.16693998414877
1.838125,-0.0483067396145694,8.16765420834832
1.83825,-0.0490896449144347,8.16836843254787
1.838375,-0.0498452983471015,8.16908265674742
1.8385,-0.0505732804195774,8.16979688094697
1.838625,-0.0512731870003358,8.17051110514652
1.83875,-0.0519446295436649,8.17122532934608
1.838875,-0.0525872353053653,8.17193955354563
1.839,-0.0532006475496749,8.17265377774518
1.839125,-0.053784525747307,8.17336800194473
1.83925,-0.0543385457644915,8.17408222614428
1.839375,-0.0548624000429148,8.17479645034383
1.8395,-0.0553557977704572,8.17551067454338
1.839625,-0.0558184650426344,8.17622489874293
1.83975,-0.0562501450146528,8.17693912294248
1.839875,-0.0566505980439941,8.17765334714203
1.84,-0.0570196018234507,8.17836757134158
1.840125,-0.0573569515045369,8.17908179554113
1.84025,-0.0576624598112083,8.17979601974067
1.840375,-0.0579359571438268,8.18051024394022
1.8405,-0.0581772916733116,8.18122446813977
1.840625,-0.0583863294254256,8.18193869233931
1.84075,-0.0585629543551499,8.18265291653885
1.840875,-0.0587070684111051,8.18336714073839
1.841,-0.0588185915899836,8.18408136493793
1.841125,-0.0588974619809622,8.18479558913747
1.84125,-0.0589436358000718,8.18550981333699
1.841375,-0.0589570874145034,8.18622403753652
1.8415,-0.0589378093568379,8.18693826173603
1.841625,-0.0588858123291915,8.18765248593554
1.84175,-0.058801125197275,8.18836671013504
1.841875,-0.0586837949743688,8.18908093433452
1.842,-0.0585338867952243,8.18979515853398
1.842125,-0.0583514838799051,8.19050938273341
1.84225,-0.058136687487588,8.19122360693281
1.842375,-0.0578896168603504,8.19193783113215
1.8425,-0.0576104091569741,8.19265205533141
1.842625,-0.0572992193768032,8.19336627953053
1.84275,-0.0569562202736977,8.19408050372943
1.842875,-0.0565816022601312,8.19479472792798
1.843,-0.0561755733014855,8.19550895212593
1.843125,-0.0557383588006005,8.19622317632284
1.84325,-0.0552702014726445,8.196937400518
1.843375,-0.0547713612103735,8.19765162471012
1.8435,-0.054242114939854,8.19836584889703
1.843625,-0.053682756466731,8.19908007307501
1.84375,-0.0530935963131245,8.19979429723772
1.843875,-0.0524749615452466,8.2005085213744
1.844,-0.0518271955918342,8.20122274546697
1.844125,-0.0511506580534979,8.20193696948516
1.84425,-0.0504457245030937,8.20265119337867
1.844375,-0.0497127862772277,8.20336541706441
1.8445,-0.0489522502590095,8.20407964040624
1.844625,-0.0481645386521757,8.20479386318267
1.84475,-0.0473500887467073,8.20550808503624
1.844875,-0.0465093526760735,8.20622230539477
1.845,-0.0456427971662341,8.20693652335012
1.845125,-0.0447509032765416,8.20765073747367
1.84525,-0.043834166132686,8.20836494553858
1.845375,-0.0428930946518313,8.20907914410672
1.8455,-0.0419282112600951,8.20979332792209
1.845625,-0.0409400516025296,8.21050748903169
1.84575,-0.0399291642457636,8.21122161552954
1.845875,-0.0388961103734715,8.21193568978937
1.846,-0.0378414634748382,8.21264968601904
1.846125,-0.0367658090261925,8.21336356694002
1.84625,-0.035669744165986,8.21407727937807
1.846375,-0.0345538773632982,8.21479074856999
1.8465,-0.0334188280800509,8.21550387108757
1.846625,-0.0322652264271207,8.21621650653336
1.84675,-0.0310937128145394,8.21692846870048
1.846875,-0.0299049375959771,8.21763951787133
1.847,-0.0286995607077052,8.21834935744783
1.847125,-0.0274782513022398,8.21905763991028
1.84725,-0.0262416873768682,8.21976398822727
1.847375,-0.0249905553972666,8.22046803749963
1.8475,-0.0237255499164152,8.22116949610243
1.847625,-0.0224473731890245,8.2218682162862
1.84775,-0.0211567347816863,8.22256425525172
1.847875,-0.0198543511789649,8.22325790549013
1.848,-0.0185409453856481,8.22394968124601
1.848125,-0.0172172465253792,8.22464026296234
1.84825,-0.0158839894358908,8.22533041523025
1.848375,-0.0145419142610683,8.22602089949761
1.8485,-0.0131917660400657,8.22671239990107
1.848625,-0.0118342942937059,8.22740547285231
1.84875,-0.0104702526083914,8.22810052281495
1.848875,-0.00910039821775879,8.22879780071798
1.849,-0.00772549158230876,8.2294974184193
1.849125,-0.00634629596724395,8.23019937212706
1.84925,-0.00496357701875054,8.23090356879159
1.849375,-0.00357810233895765,8.2316098512738
1.8495,-0.00219064105981106,8.23231801989238
1.849625,-0.000801963416097677,8.23302784938212
1.84975,0.00058715968214229,8.23373910125102
1.849875,0.00197595707757798,8.23445153205542
1.85,0.00336365779368782,8.23516489833635
1.850125,0.00474949146275909,8.23587895899417
1.85025,0.00613268875354948,8.2365934758165
1.850375,0.00751248179837336,8.23730821277778
1.8505,0.00888810461937545,8.23802293463545
1.850625,0.0102587935537555,8.2387374052774
1.85075,0.0116237876777075,8.2394513862376
1.850875,0.0129823292288391,8.24016463579514
1.851,0.0143336640268347,8.24087690910823
1.851125,0.0156770418921318,8.24158795990236
1.85125,0.0170117170623742,8.24229754432216
1.851375,0.0183369486064152,8.24300542764183
1.8515,0.0196520008356372,8.2437113945636
1.851625,0.0209561437123618,8.24441526374243
1.85175,0.0222486532551226,8.24511690684775
1.851875,0.0235288119405756,8.24581627178329
1.852,0.0247959091018256,8.24651340852416
1.852125,0.0260492413229446,8.24720849438599
1.85225,0.0272881128294664,8.24790185361322
1.852375,0.0285118358746384,8.24859396448152
1.8525,0.029719731121217,8.2492854465261
1.852625,0.0309111280185945,8.24997702213409
1.85275,0.0320853651750486,8.25066945150362
1.852875,0.0332417907249068,8.2513634478872
1.853,0.0343797626904228,8.25205958919692
1.853125,0.0354986493381642,8.25275824815267
1.85325,0.0365978295297123,8.25345956110112
1.853375,0.0376766930664806,8.25416344369045
1.8535,0.0387346410284607,8.25486964482182
1.853625,0.0397710861067059,8.25557781815452
1.85375,0.04078545292937,8.25628758921121
1.853875,0.0417771783811189,8.25699860417568
1.854,0.0427457119157381,8.2577105570219
1.854125,0.0436905158617631,8.25842319892105
1.85425,0.0446110657209615,8.25913633639326
1.854375,0.0455068504595033,8.25984982392236
1.8545,0.0463773727916558,8.26056355484986
1.854625,0.0472221494558464,8.26127745261482
1.85475,0.0480407114829406,8.26199146322895
1.854875,0.0488326044565852,8.26270554921781
1.855,0.0495973887654726,8.26341968494413
1.855125,0.050334639847387,8.26413385310652
1.85525,0.0510439484248949,8.26484804218052
1.855375,0.0517249207325519,8.26556224458587
1.8555,0.0523771787354974,8.26627645539733
1.855625,0.0530003603393164,8.26699067145272
1.85575,0.0535941195910526,8.26770489074531
1.855875,0.0541581268712608,8.26841911201598
1.856,0.0546920690769916,8.26913333448336
1.856125,0.0551956497956071,8.26984755766772
1.85625,0.0556685894693316,8.27056178127759
1.856375,0.0561106255504448,8.27127600513765
1.8565,0.0565215126470329,8.27199022914347
1.856625,0.0569010226592151,8.27270445323345
1.85675,0.0572489449057711,8.27341867737158
1.856875,0.0575650862410983,8.27413290153703
1.857,0.057849271162435,8.27484712571783
1.857125,0.0581013419072885,8.27556134990717
1.85725,0.0583211585410158,8.27627557410122
1.857375,0.0585085990345064,8.27698979829784
1.8575,0.0586635593319261,8.27770402249585
1.857625,0.0587859534084818,8.2784182466946
1.85775,0.0588757133181779,8.27913247089375
1.857875,0.0589327892315358,8.27984669509309
1.858,0.0589571494632559,8.28056091929254
1.858125,0.0589487804898074,8.28127514349204
1.85825,0.0589076869569364,8.28198936769157
1.858375,0.058833891677086,8.28270359189111
1.8585,0.058727435616733,8.28341781609065
1.858625,0.0585883778736453,8.2841320402902
1.85875,0.0584167956440747,8.28484626448975
1.858875,0.0582127841799022,8.2855604886893
1.859,0.0579764567357599,8.28627471288885
1.859125,0.0577079445061588,8.2869889370884
1.85925,0.0574073965526577,8.28770316128795
1.859375,0.0570749797211132,8.2884173854875
1.8595,0.0567108785490573,8.28913160968705
1.859625,0.0563152951632527,8.2898458338866
1.85975,0.0558884491674848,8.29056005808615
1.859875,0.0554305775206509,8.2912742822857
1.86,0.0549419344052146,8.29198850648525
1.860125,0.0544227910860998,8.2927027306848
1.86025,0.0538734357601,8.29341695488435
1.860375,0.0532941733958896,8.29413117908391
1.8605,0.0526853255647233,8.29484540328346
1.860625,0.0520472302619194,8.29555962748301
1.86075,0.0513802417192251,8.29627385168256
1.860875,0.0506847302081688,8.29698807588211
1.861,0.0499610818345074,8.29770230008166
1.861125,0.0492096983238839,8.29841652428122
1.86125,0.0484309967988135,8.29913074848077
1.861375,0.0476254095471227,8.29984497268032
1.8615,0.046793383781969,8.30055919687987
1.861625,0.0459353813935754,8.30127342107942
1.86175,0.0450518786928165,8.30198764527897
1.861875,0.0441433661468001,8.30270186947853
1.862,0.0432103481065891,8.30341609367808
1.862125,0.0422533425272164,8.30413031787763
1.86225,0.0412728806801475,8.30484454207718
1.862375,0.0402695068583512,8.30555876627673
1.8625,0.0392437780741402,8.30627299047628
1.862625,0.0381962637499525,8.30698721467583
1.86275,0.0371275454022417,8.30770143887538
1.862875,0.0360382163186549,8.30841566307493
1.863,0.0349288812286745,8.30912988727448
1.863125,0.03380015596791,8.30984411147403
1.86325,0.0326526671362222,8.31055833567357
1.863375,0.0314870517498736,8.31127255987311
1.8635,0.0303039568878954,8.31198678407265
1.863625,0.029104039332868,8.31270100827217
1.86375,0.0278879652063153,8.31341523247169
1.863875,0.0266564095989142,8.31412945667119
1.864,0.0254100561957252,8.31484368087068
1.864125,0.0241495968966518,8.31555790507014
1.86425,0.0228757314323393,8.31627212926957
1.864375,0.0215891669757266,8.31698635346896
1.8645,0.0202906177494672,8.3177005776683
1.864625,0.0189808046294349,8.31841480186757
1.86475,0.0176604547445381,8.31912902606677
1.864875,0.0163303010730612,8.31984325026589
1.865,0.0149910820357595,8.3205574744649
1.865125,0.0136435410859328,8.32127169866379
1.86525,0.0122884262967048,8.32198592286255
1.865375,0.0109264899457383,8.32270014706117
1.8655,0.00955848809761624,8.32341437125964
1.865625,0.00818518018412,8.32412859545796
1.86575,0.00680732858263907,8.32484281965612
1.865875,0.0054256981929451,8.32555704385414
1.866,0.00404105601256581,8.32627126805201
1.866125,0.0026541707109943,8.32698549224977
1.86625,0.00126581220297025,8.32769971644742
1.866375,-0.000123248778930245,8.328413940645
1.8665,-0.00151224111215879,8.32912816484254
1.866625,-0.00290039371227533,8.32984238904007
1.86675,-0.00428693596100762,8.33055661323761
1.866875,-0.0056710981340519,8.33127083743521
1.867,-0.00705211182837733,8.33198506163289
1.867125,-0.0084292103887969,8.33269928583067
1.86725,-0.00980162933356803,8.33341351002858
1.867375,-0.0111686067787867,8.33412773422662
1.8675,-0.0125293838613392,8.33484195842482
1.867625,-0.0138832051601772,8.33555618262317
1.86775,-0.0152293191156819,8.33627040682167
1.867875,-0.0165669784468844,8.33698463102032
1.868,-0.0178954405663109,8.33769885521911
1.868125,-0.0192139679922226,8.33841307941802
1.86825,-0.0205218287580205,8.33912730361704
1.868375,-0.0218182968185898,8.33984152781617
1.8685,-0.0231026524533557,8.34055575201538
1.868625,-0.0243741826658287,8.34126997621466
1.86875,-0.0256321815794176,8.34198420041401
1.868875,-0.0268759508292893,8.3426984246134
1.869,-0.0281047999500587,8.34341264881283
1.869125,-0.0293180467590934,8.34412687301229
1.86925,-0.0305150177352203,8.34484109721178
1.869375,-0.0316950483926238,8.34555532141128
1.8695,-0.0328574836497285,8.3462695456108
1.869625,-0.0340016781928603,8.34698376981033
1.86975,-0.0351269968344861,8.34769799400986
1.869875,-0.0362328148658312,8.34841221820941
1.87,-0.0373185184036803,8.34912644240895
1.870125,-0.0383835047311676,8.3498406666085
1.87025,-0.0394271826323698,8.35055489080804
1.870375,-0.0404489727205125,8.35126911500759
1.8705,-0.0414483077596115,8.35198333920714
1.870625,-0.0424246329793673,8.35269756340669
1.87075,-0.0433774063831407,8.35341178760625
1.870875,-0.0443060990488361,8.3541260118058
1.871,-0.0452101954225272,8.35484023600535
1.871125,-0.0460891936046617,8.3555544602049
1.87125,-0.0469426056286851,8.35626868440445
1.871375,-0.0477699577319306,8.356982908604
1.8715,-0.0485707906186238,8.35769713280356
1.871625,-0.0493446597148551,8.35841135700311
1.87175,-0.0500911354153811,8.35912558120266
1.871875,-0.0508098033221153,8.35983980540221
1.872,-0.0515002644741766,8.36055402960176
1.872125,-0.0521621355693685,8.36126825380131
1.87225,-0.0527950491769654,8.36198247800087
1.872375,-0.0533986539416878,8.36269670220042
1.8725,-0.0539726147787537,8.36341092639997
1.872625,-0.0545166130598972,8.36412515059952
1.87275,-0.0550303467902521,8.36483937479907
1.872875,-0.0555135307760005,8.36555359899862
1.873,-0.0559658967826961,8.36626782319817
1.873125,-0.0563871936841711,8.36698204739772
1.87325,-0.0567771876019465,8.36769627159727
1.873375,-0.0571356620350674,8.36841049579682
1.8735,-0.0574624179802912,8.36912471999637
1.873625,-0.0577572740425622,8.36983894419592
1.87375,-0.0580200665357111,8.37055316839547
1.873875,-0.0582506495733238,8.37126739259501
1.874,-0.058448895149729,8.37198161679456
1.874125,-0.0586146932110587,8.3726958409941
1.87425,-0.0587479517163437,8.37341006519364
1.874375,-0.0588485966886096,8.37412428939318
1.8745,-0.0589165722559437,8.37483851359272
1.874625,-0.0589518406825122,8.37555273779225
1.87475,-0.0589543823895087,8.37626696199178
1.874875,-0.0589241959660234,8.3769811861913
1.875,-0.0588612981698261,8.37769541039082
1.875125,-0.0587657239180634,8.37840963459032
1.87525,-0.058637526267875,8.37912385878981
1.875375,-0.0584767763869394,8.37983808298929
1.8755,-0.0582835635139661,8.38055230718874
1.875625,-0.0580579949091556,8.38126653138816
1.87575,-0.057800195794655,8.38198075558753
1.875875,-0.0575103092850423,8.38269497978683
1.876,-0.0571884963078781,8.38340920398603
1.876125,-0.0568349355143678,8.38412342818505
1.87625,-0.056449823180186,8.38483765238379
1.876375,-0.0560333730965155,8.38555187658208
1.8765,-0.0555858164513638,8.3862661007796
1.876625,-0.0551074017012211,8.38698032497584
1.87675,-0.0545983944331329,8.38769454916991
1.876875,-0.0540590772172617,8.38840877336032
1.877,-0.053489749450021,8.38912299754452
1.877125,-0.0528907271878691,8.38983722171825
1.87725,-0.0522623429718533,8.39055144587432
1.877375,-0.0516049456430032,8.39126567000078
1.8775,-0.0509189001486754,8.39197989407776
1.877625,-0.0502045873399569,8.39269411807247
1.87775,-0.0494624037602394,8.39340834193116
1.877875,-0.0486927614250825,8.39412256556631
1.878,-0.0478960875934876,8.39483678883636
1.878125,-0.0470728245307094,8.39555101151421
1.87825,-0.0462234292627375,8.39626523323828
1.878375,-0.0453483733225823,8.39697945343776
1.8785,-0.0444481424885094,8.39769367121928
1.878625,-0.0435232365143641,8.39840788519727
1.87875,-0.0425741688521388,8.39912209324297
1.878875,-0.0416014663669351,8.39983629211756
1.879,-0.0406056690444807,8.40055047694329
1.879125,-0.0395873296913613,8.40126464045102
1.87925,-0.0385470136281364,8.40197877192595
1.879375,-0.0374852983755072,8.4026928557529
1.8795,-0.036402773333712,8.40340686944385
1.879625,-0.0353000394553273,8.40412078101313
1.87975,-0.0341777089116544,8.40483454556061
1.879875,-0.0330364047528799,8.40554810093938
1.88,-0.0318767605621951,8.40626136244729
1.880125,-0.0306994201040693,8.40697421662843
1.88025,-0.0295050369668709,8.40768651456232
1.880375,-0.0282942742000341,8.40839806553119
1.8805,-0.0270678039459743,8.4091086327433
1.880625,-0.0258263070669553,8.40981793378274
1.88075,-0.0245704727671157,8.41052564930391
1.880875,-0.0233009982098641,8.41123144345155
1.881,-0.0220185881308569,8.41193499763748
1.881125,-0.0207239544467706,8.41263605522018
1.88125,-0.0194178158600897,8.41333446930333
1.881375,-0.0181008974601259,8.41403024187026
1.8815,-0.0167739303204927,8.41472354263039
1.881625,-0.0154376510932572,8.41541470112974
1.88175,-0.0140928015999958,8.41610417366655
1.881875,-0.0127401284199792,8.41679249348011
1.882,-0.0113803824757174,8.41748021570756
1.882125,-0.0100143186160923,8.41816786745173
1.88225,-0.00864269519731141,8.41885590963883
1.882375,-0.00726627366191448,8.41954471320439
1.8825,-0.00588581811606653,8.42023454887174
1.882625,-0.00450209490537226,8.420925587845
1.88275,-0.00311587218944734,8.42161791001509
1.882875,-0.00172791951548261,8.42231151641404
1.883,-0.000339007391037973,8.4230063432682
1.883125,0.00105009314369677,8.42370227578575
1.88325,0.0024386109439369,8.42439916056528
1.883375,0.0038257751883957,8.425096816127
1.8835,0.00521081580719787,8.42579504151387
1.883625,0.00659296390937577,8.42649362320312
1.88375,0.00797145220971123,8.4271923407414
1.883875,0.00934551545468589,8.4278909716082
1.884,0.0107143908473037,8.42858929585071
1.884125,0.0120773184705499,8.42928710104082
1.88425,0.0134335417092506,8.42998418808526
1.884375,0.0147823076701001,8.43068037836941
1.8845,0.016122867599622,8.43137552261244
1.884625,0.0174544772998312,8.43206951162695
1.88475,0.0187763975413683,8.43276228887124
1.884875,0.0200878944738746,8.43345386422255
1.885,0.0213882400333817,8.43414432776936
1.885125,0.0226767123464887,8.43483386165339
1.88525,0.0239525961311026,8.43552274719726
1.885375,0.0252151830935193,8.43621136395308
1.8855,0.0264637723216263,8.43690017723825
1.885625,0.027697670674006,8.43758971161185
1.88575,0.0289161931647263,8.438280509971
1.885875,0.0301186633436032,8.43897308158041
1.886,0.0313044136717252,8.43966784675255
1.886125,0.0324727858920307,8.44036508943332
1.88625,0.0336231313947322,8.44106492935983
1.886375,0.0347548115773855,8.44176732123001
1.8865,0.0358671981994031,8.44247208038733
1.886625,0.0369596737308156,8.44317892645453
1.88675,0.0380316316950867,8.44388753217849
1.886875,0.0390824770057926,8.44459756603742
1.887,0.040111626296978,8.44530872217185
1.887125,0.0411185082470054,8.44602073668226
1.88725,0.0421025638957188,8.44673339293046
1.887375,0.043063246954744,8.44744651968988
1.8875,0.0440000241107555,8.44815998557712
1.887625,0.0449123753215395,8.44887369216672
1.88775,0.04579979410469,8.44958756719335
1.887875,0.0466617878187773,8.45030155852427
1.888,0.0474978779368325,8.45101562914412
1.888125,0.0483076003119974,8.4517297531564
1.88825,0.0490905054351899,8.45244391269487
1.888375,0.0498461586846451,8.45315809559736
1.8885,0.0505741405671905,8.4538722936911
1.888625,0.0512740469511236,8.45458650155268
1.88875,0.0519454892905614,8.45530071562698
1.888875,0.0525880948411372,8.45601493361112
1.889,0.0532015068669265,8.45672915403058
1.889125,0.0537853848384844,8.45744337595183
1.88925,0.0543394046218879,8.45815759879024
1.889375,0.0548632586586745,8.45887182218351
1.8895,0.0553566561365808,8.45958604590943
1.889625,0.0558193231509838,8.46030026983301
1.88975,0.056251002856956,8.46101449387304
1.889875,0.0566514556118503,8.4617287179811
1.89,0.0570204591083351,8.46244294212859
1.890125,0.0573578084978061,8.46315716629873
1.89025,0.0576633165041057,8.46387139048181
1.890375,0.0579368135274874,8.46458561467219
1.8905,0.0581781477387674,8.46529983886668
1.890625,0.0583871851636113,8.46601406306347
1.89075,0.0585638097569079,8.46672828726151
1.890875,0.0587079234671912,8.46744251146024
1.891,0.0588194462910723,8.46815673565936
1.891125,0.0588983163176522,8.46887095985868
1.89125,0.0589444897628916,8.4695851840581
1.891375,0.0589579409939168,8.47029940825759
1.8915,0.0589386625432498,8.4710136324571
1.891625,0.0588866651129533,8.47172785665663
1.89175,0.0588019775686903,8.47244208085617
1.891875,0.0586846469236989,8.47315630505572
1.892,0.0585347383126943,8.47387052925526
1.892125,0.058352334955709,8.47458475345481
1.89225,0.0581375381118947,8.47529897765436
1.892375,0.0578904670233094,8.47601320185391
1.8925,0.0576112588487211,8.47672742605346
1.892625,0.0573000685874657,8.47744165025301
1.89275,0.0569570689934008,8.47815587445256
1.892875,0.0565824504790032,8.47887009865211
1.893,0.0561764210096636,8.47958432285166
1.893125,0.0557392059882363,8.48029854705121
1.89325,0.0552710481299099,8.48101277125076
1.893375,0.0547722073274658,8.48172699545031
1.8935,0.0542429605070021,8.48244121964986
1.893625,0.0536836014742003,8.48315544384942
1.89375,0.0530944407512229,8.48386966804897
1.893875,0.0524758054043298,8.48458389224852
1.894,0.051828038862311,8.48529811644807
1.894125,0.0511515007258357,8.48601234064762
1.89425,0.0504465665678241,8.48672656484717
1.894375,0.0497136277249514,8.48744078904673
1.8945,0.0489530910804018,8.48815501324628
1.894625,0.0481653788379916,8.48886923744583
1.89475,0.0473509282877868,8.48958346164538
1.894875,0.0465101915633467,8.49029768584493
1.895,0.0456436353907259,8.49101191004448
1.895125,0.0447517408293771,8.49172613424404
1.89525,0.0438350030050952,8.49244035844359
1.895375,0.042893930835154,8.49315458264314
1.8955,0.0419290467457857,8.49386880684269
1.895625,0.0409408863821617,8.49458303104224
1.89575,0.0399299983110347,8.49529725524179
1.895875,0.0388969437162075,8.49601147944135
1.896,0.037842296086998,8.4967257036409
1.896125,0.0367666408998722,8.49743992784045
1.89625,0.0356705752934235,8.49815415204
1.896375,0.0345547077368769,8.49886837623955
1.8965,0.0334196576923043,8.4995826004391
1.896625,0.0322660552707363,8.50029682463865
1.89675,0.0310945408823626,8.50101104883819
1.896875,0.0299057648810151,8.50172527303774
1.897,0.0287003872031307,8.50243949723728
1.897125,0.0274790770013946,8.50315372143682
1.89725,0.0262425122732669,8.50386794563635
1.897375,0.0249913794846,8.50458216983587
1.8975,0.0237263731885534,8.50529639403539
1.897625,0.0224481956400207,8.50601061823489
1.89775,0.0211575564057794,8.50672484243438
1.897875,0.0198551719705826,8.50743906663385
1.898,0.0185417653394102,8.50815329083329
1.898125,0.0172180656360999,8.50886751503271
1.89825,0.0158848076985817,8.50958173923209
1.898375,0.0145427316709407,8.51029596343143
1.8985,0.0131925825925335,8.51101018763073
1.898625,0.0118351099843875,8.51172441182998
1.89875,0.0104710674331121,8.51243863602918
1.898875,0.00910121217255309,8.51315286022833
1.899,0.00772630466342187,8.51386708442742
1.899125,0.00634710817113405,8.51458130862645
1.89925,0.00496438834209035,8.51529553282543
1.899375,0.00357891277863611,8.51600975702436
1.8995,0.00219145061293479,8.51672398122325
1.899625,0.000802772079992359,8.51743820542211
1.89975,-0.000586351909930665,8.51815242962094
1.899875,-0.00197515019928199,8.51886665381976
1.9,-0.00336285181131762,8.51958087801858
1.900125,-0.00474868637810153,8.52029510221741
1.90025,-0.00613188456816738,8.52100932641626
1.900375,-0.00751167851360486,8.52172355061514
1.9005,-0.00888730223633354,8.52243777481407
1.900625,-0.0102579920733276,8.52315199901304
1.90075,-0.0116229871005554,8.52386622321206
1.900875,-0.0129815295553985,8.52458044741114
1.901,-0.0143328652573157,8.52529467161027
1.901125,-0.0156762440265184,8.52600889580946
1.90125,-0.0170109201004252,8.5267231200087
1.901375,-0.0183361525476642,8.52743734420798
1.9015,-0.0196512056793932,8.52815156840732
1.901625,-0.0209553494577099,8.52886579260669
1.90175,-0.0222478599009245,8.5295800168061
1.901875,-0.023528019485471,8.53029424100553
1.902,-0.0247951175442325,8.53100846520499
1.902125,-0.0260484506610611,8.53172268940448
1.90225,-0.0272873230612715,8.53243691360397
1.902375,-0.0285110469978935,8.53315113780348
1.9025,-0.0297189431334674,8.53386536200301
1.902625,-0.0309103409171709,8.53457958620254
1.90275,-0.0320845789570689,8.53529381040207
1.902875,-0.0332410053872779,8.53600803460161
1.903,-0.0343789782298426,8.53672225880116
1.903125,-0.0354978657511235,8.5374364830007
1.90325,-0.0365970468124971,8.53815070720025
1.903375,-0.0376759112151745,8.5388649313998
1.9035,-0.0387338600389467,8.53957915559935
1.903625,-0.0397703059746697,8.5402933797989
1.90375,-0.0407846736503019,8.54100760399845
1.903875,-0.0417763999503169,8.541721828198
1.904,-0.0427449343283107,8.54243605239755
1.904125,-0.0436897391126319,8.54315027659711
1.90425,-0.0446102898048645,8.54386450079666
1.904375,-0.0455060753709978,8.54457872499621
1.9045,-0.0463765985251216,8.54529294919576
1.904625,-0.0472213760054893,8.54600717339531
1.90475,-0.0480399388427955,8.54672139759486
1.904875,-0.0488318326205196,8.54743562179442
1.905,-0.0495966177271905,8.54814984599397
1.905125,-0.0503338696004318,8.54886407019352
1.90525,-0.051043178962654,8.54957829439307
1.905375,-0.0517241520482598,8.55029251859262
1.9055,-0.0523764108222397,8.55100674279217
1.905625,-0.052999593190034,8.55172096699173
1.90575,-0.0535933531985457,8.55243519119128
1.905875,-0.0541573612281927,8.55314941539083
1.906,-0.054691304175893,8.55386363959038
1.906125,-0.0551948856288805,8.55457786378993
1.90625,-0.0556678260292551,8.55529208798948
1.906375,-0.0561098628291771,8.55600631218903
1.9065,-0.0565207506366173,8.55672053638858
1.906625,-0.056900261351584,8.55743476058813
1.90675,-0.0572481842927506,8.55814898478768
1.906875,-0.0575643263144126,8.55886320898723
1.907,-0.0578485119137112,8.55957743318678
1.907125,-0.0581005833280612,8.56029165738633
1.90725,-0.0583204006227318,8.56100588158588
1.907375,-0.0585078417685294,8.56172010578542
1.9075,-0.0586628027095414,8.56243432998497
1.907625,-0.0587851974209014,8.56314855418451
1.90775,-0.0588749579565452,8.56386277838405
1.907875,-0.0589320344869302,8.56457700258359
1.908,-0.058956395326698,8.56529122678313
1.908125,-0.058948026952264,8.56600545098266
1.90825,-0.0589069340093252,8.56671967518218
1.908375,-0.0588331393102807,8.56743389938171
1.9085,-0.0587266838215682,8.56814812358122
1.908625,-0.0585876266409216,8.56886234778072
1.90875,-0.0584160449645636,8.56957657198021
1.908875,-0.0582120340443511,8.57029079617968
1.909,-0.0579757071348972,8.57100502037912
1.909125,-0.0577071954306987,8.57171924457852
1.90925,-0.0574066479933057,8.57243346877787
1.909375,-0.0570742316685705,8.57314769297713
1.9095,-0.0567101309940262,8.57386191717626
1.909625,-0.0563145480964413,8.57457614137519
1.90975,-0.0558877025796124,8.57529036557378
1.909875,-0.0554298314024524,8.57600458977183
1.91,-0.0549411887474461,8.57671881396897
1.910125,-0.0544220458795428,8.57743303816462
1.91025,-0.053872690995567,8.57814726235776
1.910375,-0.0532934290642283,8.57886148654671
1.9105,-0.0526845816568221,8.57957571072867
1.910625,-0.0520464867687116,8.58028993489896
1.91075,-0.0513794986316943,8.58100415904982
1.910875,-0.0506839875173531,8.58171838316849
1.911,-0.0499603395315043,8.58243260723404
1.911125,-0.049208956399855,8.58314683121231
1.91125,-0.0484302552449892,8.58386105504804
1.911375,-0.0476246683548067,8.58457527865232
1.9115,-0.0467926429425426,8.58528950188322
1.911625,-0.0459346408985023,8.58600372451588
1.91175,-0.0450511385336471,8.58671794619702
1.911875,-0.0441426263151758,8.58743216637635
1.912,-0.0432096085942465,8.58814638420429
1.912125,-0.0422526033259919,8.58886059838159
1.91225,-0.0412721417819812,8.58957480694044
1.912375,-0.0402687682552909,8.59028900693061
1.9125,-0.0392430397583458,8.59100319397509
1.912625,-0.0381955257136998,8.59171736165038
1.91275,-0.0371268076379262,8.59243150063532
1.912875,-0.0360374788187956,8.59314559756109
1.913,-0.0349281439859182,8.59385963348474
1.913125,-0.0337994189750341,8.59457358190217
1.91325,-0.032651930386139,8.59528740621772
1.913375,-0.0314863152356335,8.59600105660373
1.9135,-0.0303032206026904,8.5967144662261
1.913625,-0.0291033032700351,8.59742754689762
1.91375,-0.0278872293593396,8.59814018437668
1.913875,-0.0266556739614323,8.59885223378341
1.914,-0.0254093207615282,8.59956351598092
1.914125,-0.0241488616596881,8.60027381624467
1.91425,-0.0228749963867177,8.60098288699988
1.914375,-0.0215884321157192,8.60169045658427
1.9145,-0.0202898830695118,8.60239624551027
1.914625,-0.0189800701241379,8.60309999024857
1.91475,-0.0176597204086769,8.60380147221793
1.914875,-0.0163295669015866,8.6045005471646
1.915,-0.014990348023798,8.6051971686395
1.915125,-0.0136428072287888,8.60589139983542
1.91525,-0.0122876925898629,8.60658341071302
1.915375,-0.0109257563848651,8.60727346108785
1.9155,-0.00955775467856224,8.60796187362473
1.915625,-0.0081844469029215,8.60864900234162
1.91575,-0.0068065954355198,8.60933520204971
1.915875,-0.00542496517631784,8.6100208027119
1.916,-0.00404032312303384,8.61070609081535
1.916125,-0.00265343794535276,8.61139129817245
1.91625,-0.00126507955820742,8.61207659740538
1.916375,0.000123981305631807,8.61276210276764
1.9165,0.00151297352342121,8.6134478748017
1.916625,0.0029011260105245,8.61413392746618
1.91675,0.00428766814847234,8.61482023665024
1.916875,0.00567183021276323,8.61550674931895
1.917,0.00705284380016795,8.61619339283788
1.917125,0.00842994225530063,8.61688008426915
1.91725,0.00980236109621947,8.61756673960039
1.917375,0.0111693384388209,8.61825328295654
1.9175,0.0125301154197917,8.618939655852
1.917625,0.0138839366178838,8.61962582646806
1.91775,0.0152300504732788,8.62031179878708
1.917875,0.0165677097048082,8.62099762118508
1.918,0.0178961717247993,8.62168339379077
1.918125,0.0192146990513143,8.62236927359114
1.91825,0.0205225597175562,8.62305547596342
1.918375,0.0218190276782125,8.62374227113679
1.9185,0.0231033832125114,8.62442997417578
1.918625,0.0243749133237675,8.62511892759266
1.91875,0.0256329121351945,8.62580947677228
1.918875,0.026876681281765,8.62650194002903
1.919,0.0281055302979012,8.62719657704394
1.919125,0.0293187770007789,8.62789356103093
1.91925,0.0305157478690348,8.62859296040427
1.919375,0.0316957784166646,8.62929473429732
1.9195,0.0328582135619053,8.62999874309424
1.919625,0.0340024079908974,8.63070477125145
1.91975,0.0351277265159239,8.63141255672414
1.919875,0.0362335444280283,8.63212182048118
1.92,0.0373192478438151,8.63283229095563
1.920125,0.0383842340462407,8.63354372084746
1.92025,0.0394279118192058,8.63425589618489
1.920375,0.0404497017757627,8.6349686391331
1.9205,0.0414490366797558,8.63568180658286
1.920625,0.0424253617607171,8.63639528637885
1.92075,0.0433781350218408,8.6371089925678
1.920875,0.0443068275408678,8.63782286054755
1.921,0.0452109237637108,8.63853684260437
1.921125,0.0460899217906594,8.63925090406008
1.92125,0.0469433336550037,8.63996502008807
1.921375,0.0477706855939246,8.64067917316813
1.9215,0.0485715183114981,8.64139335110573
1.921625,0.0493453872336686,8.64210754552591
1.92175,0.0500918627550495,8.64282175075114
1.921875,0.0508105304774143,8.64353596298093
1.922,0.0515009914397455,8.6442501797024
1.922125,0.0521628623397135,8.64496439927388
1.92225,0.0527957757464627,8.64567862063524
1.922375,0.0533993803045877,8.64639284310958
1.9225,0.0539733409291838,8.6471070662694
1.922625,0.0545173389918661,8.6478212898475
1.92275,0.0550310724976529,8.64853551367857
1.922875,0.0555142562526152,8.64924973766132
1.923,0.0559666220221987,8.64996396173427
1.923125,0.0563879186801319,8.65067818586043
1.92325,0.0567779123478358,8.65139241001773
1.923375,0.0571363865242595,8.65210663419313
1.9235,0.0574631422060685,8.65282085837896
1.923625,0.0577579979981192,8.65353508257077
1.92375,0.0580207902141585,8.65424930676598
1.923875,0.0582513729676926,8.65496353096311
1.924,0.0584496182529747,8.65567775516132
1.924125,0.0586154160160654,8.65639197936012
1.92425,0.0587486742159286,8.65710620355927
1.924375,0.0588493188755269,8.65782042775859
1.9245,0.0589172941228891,8.65853465195802
1.924625,0.0589525622221273,8.6592488761575
1.92475,0.0589551035943853,8.65996310035701
1.924875,0.0589249168287076,8.66067732455654
1.925,0.0588620186828228,8.66139154875608
1.925125,0.0587664440738409,8.66210577295562
1.92525,0.0586382460588691,8.66281999715517
1.925375,0.0584774958055581,8.66353422135472
1.9255,0.0582842825525937,8.66424844555427
1.925625,0.0580587135601574,8.66496266975382
1.92575,0.0578009140503815,8.66567689395337
1.925875,0.0575110271378339,8.66639111815292
1.926,0.0571892137500691,8.66710534235247
1.926125,0.0568356525382913,8.66781956655202
1.92625,0.0564505397781779,8.66853379075157
1.926375,0.0560340892609191,8.66924801495112
1.9265,0.0555865321745341,8.66996223915067
1.926625,0.0551081169755294,8.67067646335022
1.92675,0.0545991092509708,8.67139068754977
1.926875,0.0540597915710456,8.67210491174932
1.927,0.0534904633321965,8.67281913594888
1.927125,0.0528914405909151,8.67353336014843
1.92725,0.0522630558882864,8.67424758434798
1.927375,0.0516056580653819,8.67496180854753
1.9275,0.0509196120696044,8.67567603274708
1.927625,0.0502052987520909,8.67639025694663
1.92775,0.0494631146562877,8.67710448114619
1.927875,0.0486934717978127,8.67781870534574
1.928,0.0478967974357299,8.67853292954529
1.928125,0.0470735338353607,8.67924715374484
1.92825,0.0462241380227649,8.67996137794439
1.928375,0.0453490815310276,8.68067560214394
1.9285,0.0444488501384925,8.6813898263435
1.928625,0.0435239435990872,8.68210405054305
1.92875,0.0425748753648897,8.6828182747426
1.928875,0.0416021723010915,8.68353249894215
1.929,0.0406063743935133,8.6842467231417
1.929125,0.0395880344488378,8.68496094734125
1.92925,0.0385477177877248,8.68567517154081
1.929375,0.0374860019309793,8.68638939574036
1.9295,0.036403476278947,8.68710361993991
1.929625,0.0353007417843148,8.68781784413946
1.92975,0.0341784106184981,8.68853206833901
1.929875,0.0330371058318004,8.68924629253856
1.93,0.0318774610075333,8.68996051673811
1.930125,0.0307001199102895,8.69067474093766
1.93025,0.0295057361285634,8.69138896513721
1.930375,0.0282949727119184,8.69210318933676
1.9305,0.0270685018029022,8.69281741353631
1.930625,0.0258270042639132,8.69353163773585
1.93075,0.0245711692992274,8.69424586193539
1.930875,0.0233016940723937,8.69496008613493
1.931,0.0220192833192106,8.69567431033446
1.931125,0.0207246489564999,8.69638853453399
1.93125,0.0194185096868934,8.69710275873351
1.931375,0.0181015905998524,8.69781698293302
1.9315,0.016774622769142,8.69853120713251
1.931625,0.0154383428469834,8.699245431332
1.93175,0.0140934926551086,8.69995965553147
1.931875,0.0127408187729462,8.70067387973093
1.932,0.0113810721231656,8.70138810393037
1.932125,0.01001500755481,8.70210232812978
1.93225,0.00864338342424988,8.70281655232918
1.932375,0.00726696117418939,8.70353077652856
1.9325,0.00588650491095939,8.70424500072792
1.932625,0.00450278098033179,8.70495922492726
1.93275,0.00311655754209073,8.70567344912659
1.932875,0.00172860414359665,8.7063876733259
1.933,0.000339691292580135,8.7071018975252
1.933125,-0.0010494099705974,8.70781612172449
1.93325,-0.00243792850097873,8.70853034592378
1.933375,-0.0038250934771039,8.70924457012307
1.9335,-0.00521013482892367,8.70995879432236
1.933625,-0.00659228366529593,8.71067301852166
1.93375,-0.0079707727008275,8.71138724272098
1.933875,-0.00934483668182472,8.71210146692031
1.934,-0.0107137128111159,8.71281569111966
1.934125,-0.0120766411715105,8.71352991531903
1.93425,-0.0134328651476587,8.71424413951841
1.934375,-0.0147816318460791,8.71495836371782
1.9345,-0.0161221925131193,8.71567258791724
1.934625,-0.0174538029506189,8.71638681211669
1.93475,-0.0187757239290432,8.71710103631615
1.934875,-0.0200872215978586,8.71781526051563
1.935,-0.0213875678929225,8.71852948471512
1.935125,-0.0226760409406603,8.71924370891462
1.93525,-0.0239519254588058,8.71995793311413
1.935375,-0.0252145131534829,8.72067215731365
1.9355,-0.0264631031124076,8.72138638151318
1.935625,-0.027697002193992,8.72210060571272
1.93575,-0.0289155254121346,8.72281482991226
1.935875,-0.0301179963164833,8.7235290541118
1.936,-0.0313037473679598,8.72424327831134
1.936125,-0.0324721203093368,8.72495750251089
1.93625,-0.0336224665306627,8.72567172671044
1.936375,-0.0347541474293308,8.72638595090998
1.9365,-0.0358665347645926,8.72710017510953
1.936625,-0.0369590110063193,8.72781439930908
1.93675,-0.0380309696778171,8.72852862350863
1.936875,-0.0390818156925066,8.72924284770819
1.937,-0.0401109656842788,8.72995707190774
1.937125,-0.0411178483313444,8.73067129610729
1.93725,-0.0421019046733979,8.73138552030684
1.937375,-0.0430625884219177,8.73209974450639
1.9375,-0.0439993662634332,8.73281396870594
1.937625,-0.0449117181555877,8.7335281929055
1.93775,-0.0457991376158351,8.73424241710505
1.937875,-0.0466611320026075,8.7349566413046
1.938,-0.047497222788801,8.73567086550415
1.938125,-0.0483069458274244,8.7363850897037
1.93825,-0.0490898516092658,8.73709931390325
1.938375,-0.049845505512433,8.73781353810281
1.9385,-0.0505734880436292,8.73852776230236
1.938625,-0.0512733950710303,8.73924198650191
1.93875,-0.0519448380486349,8.73995621070146
1.938875,-0.0525874442319607,8.74067043490101
1.939,-0.0532008568849708,8.74138465910056
1.939125,-0.0537847354781111,8.74209888330012
1.93925,-0.0543387558773522,8.74281310749967
1.939375,-0.054862610524129,8.74352733169922
1.9395,-0.0553560086060786,8.74424155589877
1.939625,-0.0558186762184815,8.74495578009832
1.93975,-0.0562503565163174,8.74567000429787
1.939875,-0.0566508098568499,8.74638422849742
1.94,-0.0570198139326615,8.74709845269697
1.940125,-0.0573571638950654,8.74781267689652
1.94025,-0.0576626724678252,8.74852690109607
1.940375,-0.057936170051119,8.74924112529562
1.9405,-0.0581775048156916,8.74995534949517
1.940625,-0.0583865427871405,8.75066957369472
1.94075,-0.0585631679202903,8.75138379789427
1.940875,-0.0587072821636144,8.75209802209381
1.941,-0.0588188055136669,8.75281224629336
1.941125,-0.0588976760594962,8.7535264704929
1.94125,-0.0589438500170136,8.75424069469244
1.941375,-0.0589573017532999,8.75495491889198
1.9415,-0.0589380238008356,8.75566914309151
1.941625,-0.0588860268616457,8.75638336729105
1.94175,-0.0588013398013592,8.75709759149057
1.941875,-0.0586840096331845,8.75781181569009
1.942,-0.0585341014918104,8.7585260398896
1.942125,-0.0583516985972474,8.7592402640891
1.94225,-0.058136902208629,8.75995448828858
1.942375,-0.0578898315679985,8.76066871248804
1.9425,-0.0576106238341136,8.76138293668747
1.942625,-0.0572994340063035,8.76209716088685
1.94275,-0.0569564348384231,8.76281138508618
1.942875,-0.0565818167429506,8.7635256092854
1.943,-0.0561757876852816,8.76423983348448
1.943125,-0.0557385730682794,8.76495405768331
1.94325,-0.0552704156071453,8.76566828188177
1.943375,-0.0547715751946776,8.76638250607961
1.9435,-0.0542423287569945,8.76709673027643
1.943625,-0.0536829700998023,8.76781095447158
1.94375,-0.0530938097452912,8.76852517866397
1.943875,-0.0524751747597531,8.76923940285177
1.944,-0.0518274085720137,8.76995362703202
1.944125,-0.0511508707827815,8.77066785119977
1.94425,-0.0504459369650195,8.77138207534697
1.944375,-0.0497129984554498,8.77209629946046
1.9445,-0.0489524621373069,8.77281052351893
1.944625,-0.0481647502144608,8.77352474748801
1.94475,-0.0473502999770352,8.77423897131272
1.944875,-0.0465095635586501,8.77495319490566
1.945,-0.0456430076854249,8.77566741812904
1.945125,-0.0447511134168798,8.77638164076729
1.94525,-0.0438343758788811,8.7770958624861
1.945375,-0.0428933039887773,8.77781008277165
1.9455,-0.0419284201728785,8.77852430084151
1.945625,-0.0409402600764371,8.77923851551583
1.94575,-0.0399293722662902,8.77995272503346
1.945875,-0.0388963179263282,8.78066692679292
1.946,-0.0378416705459595,8.78138111699311
1.946125,-0.0367660156017437,8.78209529014224
1.94625,-0.0356699502323708,8.78280943839764
1.946375,-0.0345540829071654,8.78352355069333
1.9465,-0.0334190330883017,8.78423761160853
1.946625,-0.0322654308869154,8.78495159992957
1.94675,-0.0310939167133042,8.78566548686332
1.946875,-0.0299051409214105,8.78637923387525
1.947,-0.0286997634477843,8.78709279015522
1.947125,-0.0274784534452265,8.78780608976611
1.94725,-0.0262418889113155,8.78851904861359
1.947375,-0.024990756312024,8.789231561499
1.9475,-0.0237257502006347,8.78994349968502
1.947625,-0.022447572832166,8.79065470960612
1.94775,-0.0211569337735228,8.79136501355141
1.947875,-0.0198545495095877,8.79207421325139
1.948,-0.0185411430454719,8.79278209718548
1.948125,-0.0172174435051464,8.7934884519662
1.94825,-0.0158841857266767,8.79419307731257
1.948375,-0.0145421098542847,8.79489580304681
1.9485,-0.0131919609274658,8.79559650558834
1.948625,-0.0118344884673879,8.79629512100754
1.94875,-0.0104704460608022,8.79699165212017
1.948875,-0.0091005909416979,8.79768616829116
1.949,-0.00772568357093129,8.79837879817514
1.949125,-0.00634648721406404,8.79906971701348
1.94925,-0.00496376751764419,8.79975913092387
1.949375,-0.00357829208416555,8.80044726073568
1.9495,-0.00219083004594112,8.80113432748446
1.949625,-0.000802151638127347,8.80182054095348
1.94975,0.000586972228863871,8.80250609190023
1.949875,0.00197577039732807,8.80319114799627
1.95,0.00336347189036835,8.80387585310459
1.950125,0.00474930633989517,8.80456032930777
1.95025,0.00613250441428813,8.80524468103446
1.950375,0.00751229824548242,8.80592900065189
1.9505,0.00888792185524271,8.80661337494867
1.950625,0.010258611580388,8.80729789198525
1.95075,0.0116236064967314,8.80798264781747
1.950875,0.0129821488414988,8.80866775259019
1.951,0.0143334844339936,8.80935333545771
1.951125,0.0156768630942718,8.8100395477304
1.95125,0.0170115390595967,8.81072656360499
1.951375,0.0183367713984414,8.81141457785242
1.9515,0.0196518244218089,8.81210379996982
1.951625,0.0209559680916425,8.81279444460704
1.95175,0.0222484784260988,8.81348671858832
1.951875,0.0235286379014584,8.81418080554285
1.952,0.0247957358504519,8.81487684992018
1.952125,0.0260490688567794,8.81557494277718
1.95225,0.0272879411456046,8.81627511190168
1.952375,0.0285116649698073,8.81697731835982
1.9525,0.0297195609917785,8.81768146040001
1.952625,0.0309109586605479,8.81838738409864
1.95275,0.0320851965840336,8.81909489869594
1.952875,0.0332416228962062,8.81980379374999
1.953,0.0343795956189663,8.8205138552765
1.953125,0.0354984830185311,8.82122487880827
1.95325,0.0365976639561357,8.82193667840773
1.953375,0.0376765282328511,8.82264909166872
1.9535,0.0387344769283302,8.82336198139453
1.953625,0.0397709227332919,8.82407523489534
1.95375,0.04078529027556,8.82478876181612
1.953875,0.0417770164394748,8.82550249122769
1.954,0.0427455506785011,8.82621636849918
1.954125,0.0436903553208582,8.82693035228106
1.95425,0.0446109058680029,8.82764441178252
1.954375,0.0455066912857995,8.82835852442695
1.9545,0.0463772142882148,8.82907267390383
1.954625,0.0472219916133815,8.82978684859672
1.95475,0.0480405542918757,8.83050104034625
1.954875,0.0488324479070609,8.831215243498
1.955,0.0495972328473521,8.83192945418471
1.955125,0.050334484550262,8.83264366979509
1.95525,0.0510437937380922,8.83335788858778
1.955375,0.0517247666451395,8.83407210941556
1.9555,0.0523770252362911,8.83478633153145
1.955625,0.0530002074168865,8.83550055445462
1.95575,0.0535939672337305,8.83621477787887
1.955875,0.0541579750671461,8.83692900161132
1.956,0.0546919178139589,8.83764322553164
1.956125,0.0551954990613131,8.83835744956553
1.95625,0.0556684392512225,8.83907167366751
1.956375,0.0561104758357636,8.83978589780999
1.9565,0.0565213634228266,8.84050012197639
1.956625,0.0569008739123424,8.84121434615679
1.95675,0.05724879662291,8.84192857034536
1.956875,0.0575649384087537,8.84264279453864
1.957,0.0578491237669464,8.84335701873464
1.957125,0.0581011949348382,8.84407124293218
1.95725,0.0583210119776364,8.8447854671306
1.957375,0.0585084528660891,8.84549969132952
1.9575,0.0586634135442284,8.84621391552871
1.957625,0.0587858079871361,8.84692813972807
1.95775,0.0588755682486994,8.8476423639275
1.957875,0.0589326444993305,8.84835658812699
1.958,0.0589570050536291,8.84907081232651
1.958125,0.0589486363879722,8.84978503652604
1.95825,0.0589075431480216,8.85049926072557
1.958375,0.0588337481461448,8.85121348492512
1.9585,0.0587272923487512,8.85192770912466
1.958625,0.0585882348535499,8.85264193332421
1.95875,0.0584166528567422,8.85335615752376
1.958875,0.058212641610167,8.85407038172331
1.959,0.0579763143684228,8.85478460592286
1.959125,0.0577078023259955,8.85549883012241
1.95925,0.0574072545444273,8.85621305432196
1.959375,0.0570748378695667,8.85692727852151
1.9595,0.0567107368389456,8.85764150272106
1.959625,0.0563151535793354,8.85835572692061
1.95975,0.0558883076945388,8.85906995112016
1.959875,0.0554304361434781,8.85978417531971
1.96,0.0549417931086511,8.86049839951927
1.960125,0.0544226498550234,8.86121262371882
1.96025,0.053873294579439,8.86192684791837
1.960375,0.0532940322506308,8.86264107211792
1.9605,0.0526851844399202,8.86335529631747
1.960625,0.0520470891427005,8.86406952051702
1.96075,0.0513801005908017,8.86478374471658
1.960875,0.0506845890558432,8.86549796891613
1.961,0.0499609406436808,8.86621219311568
1.961125,0.0492095570800642,8.86692641731523
1.96125,0.0484308554876233,8.86764064151478
1.961375,0.0476252681543067,8.86835486571433
1.9615,0.046793242293402,8.86906908991389
1.961625,0.0459352397952696,8.86978331411344
1.96175,0.045051736970929,8.87049753831299
1.961875,0.0441432242876404,8.87121176251254
1.962,0.0432102060966262,8.87192598671209
1.962125,0.0422532003530861,8.87264021091164
1.96225,0.0412727383286595,8.8733544351112
1.962375,0.0402693643164957,8.87406865931075
1.9625,0.0392436353290954,8.8747828835103
1.962625,0.0381961207890905,8.87549710770985
1.96275,0.0371274022131359,8.8762113319094
1.962875,0.0360380728890859,8.87692555610895
1.963,0.0349287375466368,8.87763978030851
1.963125,0.0338000120216179,8.87835400450806
1.96325,0.0326525229141162,8.87906822870761
1.963375,0.0314869072406263,8.87978245290716
1.9635,0.0303038120804171,8.88049667710671
1.963625,0.0291038942163125,8.88121090130626
1.96375,0.0278878197700855,8.88192512550581
1.963875,0.0266562638326675,8.88263934970536
1.964,0.0254099100893785,8.88335357390491
1.964125,0.0241494504403866,8.88406779810446
1.96425,0.0228755846166068,8.884782022304
1.964375,0.0215890197912526,8.88549624650355
1.9645,0.020290470187256,8.88621047070309
1.964625,0.0189806566807745,8.88692469490263
1.96475,0.0176603064010041,8.88763891910216
1.964875,0.0163301523265209,8.8883531433017
1.965,0.0149909328783759,8.88906736750122
1.965125,0.0136433915101684,8.88978159170074
1.96525,0.012288276295325,8.89049581590026
1.965375,0.010926339511815,8.89121004009977
1.9655,0.00955833722453101,8.89192426429927
1.965625,0.00818502886556708,8.89263848849877
1.96575,0.00680717681262832,8.89335271269825
1.965875,0.00542554596580465,8.89406693689773
1.966,0.00404090332294459,8.89478116109721
1.966125,0.00265401755386438,8.89549538529668
1.96625,0.00126565857362897,8.89620960949614
1.966375,-0.000123402884858293,8.8969238336956
1.9665,-0.00151239569872001,8.89763805789506
1.966625,-0.0029005487831855,8.89835228209452
1.96675,-0.0042870915196505,8.89906650629398
1.966875,-0.00567125418347802,8.89978073049344
1.967,-0.00705226837130296,8.9004949546929
1.967125,-0.00842936742760317,8.90120917889237
1.96725,-0.00980178687030032,8.90192340309185
1.967375,-0.0111687648151541,8.90263762729133
1.9675,-0.0125295423987144,8.90335185149081
1.967625,-0.0138833641995961,8.90406607569031
1.96775,-0.0152294786578441,8.90478029988981
1.967875,-0.016567138492153,8.90549452408932
1.968,-0.0178956011147133,8.90620874828883
1.968125,-0.019214129043451,8.90692297248836
1.96825,-0.020521990311433,8.90763719668788
1.968375,-0.0218184588732111,8.90835142088741
1.9685,-0.0231028150078782,8.90906564508695
1.968625,-0.0243743457186145,8.90977986928649
1.96875,-0.0256323451284994,8.91049409348603
1.968875,-0.0268761148723724,8.91120831768557
1.969,-0.0281049644845229,8.91192254188512
1.969125,-0.0293182117819952,8.91263676608467
1.96925,-0.030515183243295,8.91335099028421
1.969375,-0.0316952143822883,8.91406521448376
1.9695,-0.0328576501170833,8.91477943868331
1.969625,-0.0340018451336929,8.91549366288286
1.96975,-0.0351271642442735,8.91620788708241
1.969875,-0.0362329827397435,8.91692211128197
1.97,-0.0373186867365834,8.91763633548152
1.970125,-0.0383836735176272,8.91835055968107
1.97025,-0.0394273518666546,8.91906478388062
1.970375,-0.0404491423965983,8.91977900808017
1.9705,-0.0414484778711849,8.92049323227972
1.970625,-0.0424248035198299,8.92120745647928
1.97075,-0.0433775773456132,8.92192168067883
1.970875,-0.0443062704261628,8.92263590487838
1.971,-0.0452103672072804,8.92335012907793
1.971125,-0.0460893657891465,8.92406435327748
1.97125,-0.0469427782049442,8.92477857747703
1.971375,-0.0477701306917491,8.92549280167659
1.9715,-0.0485709639535343,8.92620702587614
1.971625,-0.049344833416143,8.92692125007569
1.97175,-0.05009130947409,8.92763547427524
1.971875,-0.0508099777290522,8.92834969847479
1.972,-0.0515004392199176,8.92906392267435
1.972125,-0.0521623106442646,8.9297781468739
1.97225,-0.0527952245711481,8.93049237107345
1.972375,-0.0533988296450752,8.931206595273
1.9725,-0.0539727907810565,8.93192081947255
1.972625,-0.0545167893506248,8.9326350436721
1.97275,-0.0550305233587186,8.93334926787166
1.972875,-0.0555137076113315,8.93406349207121
1.973,-0.0559660738738347,8.93477771627076
1.973125,-0.0563873710198846,8.93549194047031
1.97325,-0.056777365170833,8.93620616466986
1.973375,-0.0571358398255624,8.93692038886941
1.9735,-0.0574625959806744,8.93763461306896
1.973625,-0.0577574522409642,8.93834883726851
1.97375,-0.0580202449201205,8.93906306146806
1.973875,-0.0582508281315943,8.93977728566761
1.974,-0.0584490738695858,8.94049150986716
1.974125,-0.0586148720801061,8.94120573406671
1.97425,-0.0587481307220722,8.94191995826625
1.974375,-0.0588487758184029,8.9426341824658
1.9745,-0.058916751497086,8.94334840666534
1.974625,-0.0589520200221956,8.94406263086489
1.97475,-0.0589545618148405,8.94477685506443
1.974875,-0.058924375464033,8.94549107926396
1.975,-0.058861477727473,8.9462053034635
1.975125,-0.0587659035222442,8.94691952766303
1.97525,-0.0586377059054309,8.94763375186255
1.975375,-0.0584769560446637,8.94834797606207
1.9755,-0.0582837431786117,8.94906220026157
1.975625,-0.0580581745674423,8.94977642446107
1.97575,-0.057800375433277,8.95049064866054
1.975875,-0.0575104888906758,8.95120487285999
1.976,-0.0571886758671886,8.95191909705941
1.976125,-0.0568351150140176,8.95263332125878
1.97625,-0.0564500026068415,8.95334754545808
1.976375,-0.056033552436855,8.95406176965727
1.9765,-0.0555859956920843,8.95477599385629
1.976625,-0.0551075808290465,8.95549021805505
1.97675,-0.0545985734348205,8.95620444225339
1.976875,-0.0540592560796099,8.95691866645106
1.977,-0.0534899281598769,8.95763289064762
1.977125,-0.052890905732135,8.95834711484239
1.97725,-0.0522625213374946,8.95906133903421
1.977375,-0.051605123817055,8.95977556322121
1.9775,-0.0509190781182501,8.96048978740031
1.977625,-0.0502047650922507,8.96120401156648
1.97775,-0.0494625812825397,8.9619182357116
1.977875,-0.0486929387047746,8.96263245982255
1.978,-0.0478962646180616,8.96334668387827
1.978125,-0.0470730012877671,8.96406090784522
1.97825,-0.0462236057399987,8.96477513167035
1.978375,-0.0453485495078921,8.96548935527033
1.9785,-0.044448318369844,8.96620357851537
1.978625,-0.0435234120798377,8.96691780120504
1.97875,-0.0425743440900099,8.96763202303254
1.978875,-0.0416016412656128,8.96834624353269
1.979,-0.0406058435925307,8.96906046200699
1.979125,-0.0395875038775121,8.96977467741724
1.97925,-0.0385471874412853,8.97048888823648
1.979375,-0.0374854718047261,8.9712030922433
1.9795,-0.0364029463682534,8.97191728624227
1.979625,-0.0353002120846295,8.97263146569011
1.97975,-0.0341778811253476,8.97334562420443
1.979875,-0.033036576540791,8.97405975292989
1.98,-0.0318769319143536,8.97477383973654
1.980125,-0.0306995910107123,8.97548786822773
1.98025,-0.0295052074184477,8.97620181654198
1.980375,-0.0282944441872119,8.9769156559461
1.9805,-0.0270679734596424,8.97762934923823
1.980625,-0.0258264760982301,8.97834284901143
1.98075,-0.0245706413073451,8.97905609587378
1.980875,-0.0233011662506319,8.97976901677985
1.981,-0.022018755663987,8.98048152370057
1.981125,-0.0207241214643313,8.98119351293554
1.98125,-0.0194179823543976,8.98190486543969
1.981375,-0.0181010634237496,8.98261544856599
1.9815,-0.0167740957462565,8.98332511958153
1.981625,-0.0154378159742449,8.98403373115625
1.98175,-0.0140929659295537,8.9847411387353
1.981875,-0.0127402921917198,8.9854472093155
1.982,-0.011380545683522,8.98615183074341
1.982125,-0.010014481254114,8.98685492036739
1.98225,-0.00864285725997825,8.98755643183118
1.982375,-0.00726643514393169,8.98825635904453
1.9825,-0.00588597901241909,8.98895473685351
1.982625,-0.00450225521132718,8.98965163852214
1.98275,-0.0031160319005558,8.99034717065929
1.982875,-0.00172807862758192,8.99104146655577
1.983,-0.000339165900253391,8.99173467898776
1.983125,0.00104993524095043,8.99242697342386
1.98325,0.00243845365095374,8.99311852231989
1.983375,0.00382561850817747,8.99380950088227
1.9835,0.00521065974245279,8.99450008439252
1.983625,0.00659280846251757,8.99519044695073
1.98375,0.0079712973828583,8.99588076132606
1.983875,0.00934536124966064,8.99657119949413
1.984,0.0107142372656321,8.99726193338385
1.984125,0.0120771655134611,8.99795313534161
1.98425,0.0134333893776767,8.99864497784476
1.984375,0.0147821559646766,8.99933763206404
1.9845,0.0161227165206872,9.00003126499444
1.984625,0.0174543268474273,9.00072603505526
1.98475,0.0187762477152413,9.00142208630472
1.984875,0.0200877452734754,9.00211954170482
1.985,0.0213880914578668,9.00281849616642
1.985125,0.022676564394721,9.00351901033251
1.98525,0.0239524488016527,9.00422110613712
1.985375,0.0252150363846669,9.00492476503953
1.9855,0.0264636262313615,9.00562992946394
1.985625,0.027697525200031,9.00633650743647
1.98575,0.0289160483044571,9.00704437983873
1.985875,0.0301185190941717,9.00775340925464
1.986,0.0313042700299812,9.00846344919711
1.986125,0.0324726428545441,9.00917435259657
1.98625,0.0336229889577954,9.00988597874755
1.986375,0.0347546697370161,9.01059819831713
1.9865,0.0358670569513464,9.01131089639443
1.986625,0.0369595330705475,9.01202397382623
1.98675,0.0380314916178167,9.01273734721836
1.986875,0.0390823375064669,9.01345094800893
1.987,0.0401114873702827,9.01416472097769
1.987125,0.0411183698873702,9.01487862248214
1.98725,0.0421024260973201,9.01559261863233
1.987375,0.043063109711509,9.01630668354568
1.9875,0.0439998874163656,9.01702079776645
1.987625,0.0449122391694345,9.01773494689154
1.98775,0.0457996584880721,9.0184491204149
1.987875,0.0466616527306152,9.01916331078248
1.988,0.0474977433698659,9.01987751263836
1.988125,0.0483074662587411,9.02059172223672
1.98825,0.0490903718879388,9.02130593699261
1.988375,0.0498460256354783,9.02202015514527
1.9885,0.0505740080079766,9.02273437551043
1.988625,0.0512739148735252,9.02344859730138
1.98875,0.0519453576860402,9.02416282000164
1.988875,0.0525879637009592,9.02487704327608
1.989,0.0532013761821669,9.02559126690961
1.989125,0.0537852546000332,9.02630549076563
1.98925,0.0543392748204549,9.0270197147583
1.989375,0.0548631292847951,9.02773393883419
1.9895,0.0553565271806215,9.02844816296035
1.989625,0.0558191946031476,9.02916238711664
1.98975,0.0562508747072882,9.02987661129086
1.989875,0.0566513278502444,9.03059083547566
1.99,0.0570203317245387,9.03130505966668
1.990125,0.0573576814814265,9.03201928386131
1.99025,0.0576631898446162,9.03273350805805
1.990375,0.0579366872142332,9.033447732256
1.9905,0.058178021760972,9.03416195645463
1.990625,0.0583870595103822,9.03487618065367
1.99075,0.0585636844172433,9.03559040485292
1.990875,0.0587077984299858,9.0363046290523
1.991,0.058819321545124,9.03701885325176
1.991125,0.0588981918516685,9.03773307745126
1.99125,0.0589443655654956,9.03844730165077
1.991375,0.0589578170536541,9.03916152585031
1.9915,0.0589385388485945,9.03987575004984
1.991625,0.0588865416523149,9.04058997424939
1.99175,0.0588018543304199,9.04130419844893
1.991875,0.0586845238960962,9.04201842264848
1.992,0.0585346154840135,9.04273264684803
1.992125,0.0583522123141658,9.04344687104758
1.99225,0.058137415645673,9.04416109524713
1.992375,0.0578903447205675,9.04487531944668
1.9925,0.0576111366975984,9.04558954364623
1.992625,0.0572999465760894,9.04630376784578
1.99275,0.0569569471098925,9.04701799204533
1.992875,0.0565823287114854,9.04773221624488
1.993,0.056176299346266,9.04844644044443
1.993125,0.0557390844171028,9.04916066464398
1.99325,0.0552709266392048,9.04987488884354
1.993375,0.0547720859053804,9.05058911304309
1.9935,0.054242839141761,9.05130333724264
1.993625,0.0536834801540683,9.05201756144219
1.99375,0.0530943194645109,9.05273178564174
1.993875,0.0524756841394013,9.05344600984129
1.994,0.0518279176075886,9.05416023404085
1.994125,0.0511513794698073,9.0548744582404
1.99425,0.050446445299049,9.05558868243995
1.994375,0.0497135064320665,9.0563029066395
1.9945,0.0489529697521279,9.05701713083905
1.994625,0.0481652574631393,9.05773135503861
1.99475,0.0473508068552628,9.05844557923816
1.994875,0.0465100700621591,9.05915980343771
1.995,0.0456435138099908,9.05987402763726
1.995125,0.044751619158324,9.06058825183681
1.99525,0.0438348812330728,9.06130247603636
1.995375,0.0428938089516359,9.06201670023592
1.9955,0.0419289247403759,9.06273092443547
1.995625,0.0409407642446002,9.06344514863502
1.99575,0.0399298760312027,9.06415937283457
1.995875,0.0388968212841331,9.06487359703412
1.996,0.037842173492861,9.06558782123367
1.996125,0.0367665181340094,9.06630204543323
1.99625,0.0356704523463337,9.06701626963278
1.996375,0.0345545845992261,9.06773049383233
1.9965,0.0334195343549303,9.06844471803188
1.996625,0.0322659317246532,9.06915894223143
1.99675,0.0310944171187658,9.06987316643098
1.996875,0.0299056408912857,9.07058739063054
1.997,0.0287002629788399,9.07130161483009
1.997125,0.0274789525343078,9.07201583902964
1.99725,0.0262423875553483,9.07273006322919
1.997375,0.0249912545080161,9.07344428742874
1.9975,0.0237262479456775,9.07415851162829
1.997625,0.0224480701234363,9.07487273582784
1.99775,0.021157430608284,9.07558696002739
1.997875,0.0198550458851914,9.07630118422693
1.998,0.0185416389593594,9.07701540842648
1.998125,0.0172179389548499,9.07772963262603
1.99825,0.0158846807098206,9.07844385682557
1.998375,0.0145426043685871,9.07915808102511
1.9985,0.0131924549707394,9.07987230522465
1.998625,0.0118349820375412,9.08058652942419
1.99875,0.0104709391558407,9.08130075362373
1.998875,0.00910108355972516,9.08201497782326
1.999,0.00772617571014973,9.08272920202279
1.999125,0.00634697887277594,9.08344342622232
1.99925,0.0049642586942526,9.08415765042185
1.999375,0.00357878277717502,9.08487187462137
1.9995,0.00219132025395847,9.08558609882089
1.999625,0.000802641359862376,9.08630032302041
1.99975,-0.000586482994597794,9.08701454721993
1.999875,-0.00197528165161341,9.08772877141945
2,-0.00336298363418292,9.08844299561897
